STATION,NAME,LATITUDE,LONGITUDE,ELEVATION,DATE,TMAX,TMAX_ATTRIBUTES,TMIN,TMIN_ATTRIBUTES
USC00111550,"CHICAGO NORTHERLY ISLAND, IL US",41.8558,-87.6094,177.7,2017-01-01,5,",,7",-4.4,",,7"
USC00111550,"CHICAGO NORTHERLY ISLAND, IL US",41.8558,-87.6094,177.7,2017-01-02,3.3,",,7",-1.1,",,7"
USC00111550,"CHICAGO NORTHERLY ISLAND, IL US",41.8558,-87.6094,177.7,2017-01-03,4.4,",,7",-5.6,",,7"
USC00111550,"CHICAGO NORTHERLY ISLAND, IL US",41.8558,-87.6094,177.7,2017-01-04,-5.6,",,7",-12.2,",,7"
USC00111550,"CHICAGO NORTHERLY ISLAND, IL US",41.8558,-87.6094,177.7,2017-01-05,-10,",,7",-14.4,",,7"
USC00111550,"CHICAGO NORTHERLY ISLAND, IL US",41.8558,-87.6094,177.7,2017-01-06,-11.7,",,7",-16.7,",,7"
USC00111550,"CHICAGO NORTHERLY ISLAND, IL US",41.8558,-87.6094,177.7,2017-01-07,-7.2,",,7",-15.6,",,7"
USC00111550,"CHICAGO NORTHERLY ISLAND, IL US",41.8558,-87.6094,177.7,2017-01-08,-7.2,",,7",-14.4,",,7"
USC00111550,"CHICAGO NORTHERLY ISLAND, IL US",41.8558,-87.6094,177.7,2017-01-09,0.6,",,7",-7.2,",,7"
USC00111550,"CHICAGO NORTHERLY ISLAND, IL US",41.8558,-87.6094,177.7,2017-01-10,11.1,",,7",-2.8,",,7"
USC00111550,"CHICAGO NORTHERLY ISLAND, IL US",41.8558,-87.6094,177.7,2017-01-11,7.8,",,7",-2.8,",,7"
USC00111550,"CHICAGO NORTHERLY ISLAND, IL US",41.8558,-87.6094,177.7,2017-01-12,-1.7,",,7",-5.6,",,7"
USC00111550,"CHICAGO NORTHERLY ISLAND, IL US",41.8558,-87.6094,177.7,2017-01-13,-2.2,",,7",-7.2,",,7"
USC00111550,"CHICAGO NORTHERLY ISLAND, IL US",41.8558,-87.6094,177.7,2017-01-14,0.6,",,7",-2.2,",,7"
USC00111550,"CHICAGO NORTHERLY ISLAND, IL US",41.8558,-87.6094,177.7,2017-01-15,1.1,",,7",-3.9,",,7"
USC00111550,"CHICAGO NORTHERLY ISLAND, IL US",41.8558,-87.6094,177.7,2017-01-16,2.8,",,7",-0.6,",,7"
USC00111550,"CHICAGO NORTHERLY ISLAND, IL US",41.8558,-87.6094,177.7,2017-01-17,6.1,",,7",1.7,",,7"
USC00111550,"CHICAGO NORTHERLY ISLAND, IL US",41.8558,-87.6094,177.7,2017-01-18,3.9,",,7",1.1,",,7"
USC00111550,"CHICAGO NORTHERLY ISLAND, IL US",41.8558,-87.6094,177.7,2017-01-19,2.2,",,7",1.1,",,7"
USC00111550,"CHICAGO NORTHERLY ISLAND, IL US",41.8558,-87.6094,177.7,2017-01-20,3.9,",,7",1.7,",,7"
USC00111550,"CHICAGO NORTHERLY ISLAND, IL US",41.8558,-87.6094,177.7,2017-01-21,15,",,7",2.8,",,7"
USC00111550,"CHICAGO NORTHERLY ISLAND, IL US",41.8558,-87.6094,177.7,2017-01-22,5,",,7",1.7,",,7"
USC00111550,"CHICAGO NORTHERLY ISLAND, IL US",41.8558,-87.6094,177.7,2017-01-23,5.6,",,7",2.2,",,7"
USC00111550,"CHICAGO NORTHERLY ISLAND, IL US",41.8558,-87.6094,177.7,2017-01-24,3.9,",,7",1.1,",,7"
USC00111550,"CHICAGO NORTHERLY ISLAND, IL US",41.8558,-87.6094,177.7,2017-01-25,6.1,",,7",1.1,",,7"
USC00111550,"CHICAGO NORTHERLY ISLAND, IL US",41.8558,-87.6094,177.7,2017-01-26,1.7,",,7",-0.6,",,7"
USC00111550,"CHICAGO NORTHERLY ISLAND, IL US",41.8558,-87.6094,177.7,2017-01-27,0,",,7",-3.9,",,7"
USC00111550,"CHICAGO NORTHERLY ISLAND, IL US",41.8558,-87.6094,177.7,2017-01-28,-1.1,",,7",-3.9,",,7"
USC00111550,"CHICAGO NORTHERLY ISLAND, IL US",41.8558,-87.6094,177.7,2017-01-29,-2.2,",,7",-5,",,7"
USC00111550,"CHICAGO NORTHERLY ISLAND, IL US",41.8558,-87.6094,177.7,2017-01-30,3.3,",,7",-7.8,",,7"
USC00111550,"CHICAGO NORTHERLY ISLAND, IL US",41.8558,-87.6094,177.7,2017-01-31,5,",,7",2.2,",,7"
USC00111550,"CHICAGO NORTHERLY ISLAND, IL US",41.8558,-87.6094,177.7,2017-02-01,3.3,",,7",-4.4,",,7"
USC00111550,"CHICAGO NORTHERLY ISLAND, IL US",41.8558,-87.6094,177.7,2017-02-02,-4.4,",,7",-8.9,",,7"
USC00111550,"CHICAGO NORTHERLY ISLAND, IL US",41.8558,-87.6094,177.7,2017-02-03,-1.7,",,7",-8.9,",,7"
USC00111550,"CHICAGO NORTHERLY ISLAND, IL US",41.8558,-87.6094,177.7,2017-02-04,1.1,",,7",-7.8,",,7"
USC00111550,"CHICAGO NORTHERLY ISLAND, IL US",41.8558,-87.6094,177.7,2017-02-05,3.9,",,7",-1.1,",,7"
USC00111550,"CHICAGO NORTHERLY ISLAND, IL US",41.8558,-87.6094,177.7,2017-02-06,12.8,",,7",-1.7,",,7"
USC00111550,"CHICAGO NORTHERLY ISLAND, IL US",41.8558,-87.6094,177.7,2017-02-07,11.1,",,7",1.1,",,7"
USC00111550,"CHICAGO NORTHERLY ISLAND, IL US",41.8558,-87.6094,177.7,2017-02-08,1.1,",,7",-6.7,",,7"
USC00111550,"CHICAGO NORTHERLY ISLAND, IL US",41.8558,-87.6094,177.7,2017-02-09,-3.3,",,7",-10,",,7"
USC00111550,"CHICAGO NORTHERLY ISLAND, IL US",41.8558,-87.6094,177.7,2017-02-10,7.2,",,7",-7.8,",,7"
USC00111550,"CHICAGO NORTHERLY ISLAND, IL US",41.8558,-87.6094,177.7,2017-02-11,8.9,",,7",2.2,",,7"
USC00111550,"CHICAGO NORTHERLY ISLAND, IL US",41.8558,-87.6094,177.7,2017-02-12,7.8,",,7",1.1,",,7"
USC00111550,"CHICAGO NORTHERLY ISLAND, IL US",41.8558,-87.6094,177.7,2017-02-13,6.7,",,7",-0.6,",,7"
USC00111550,"CHICAGO NORTHERLY ISLAND, IL US",41.8558,-87.6094,177.7,2017-02-14,10,",,7",1.1,",,7"
USC00111550,"CHICAGO NORTHERLY ISLAND, IL US",41.8558,-87.6094,177.7,2017-02-15,1.7,",,7",-1.7,",,7"
USC00111550,"CHICAGO NORTHERLY ISLAND, IL US",41.8558,-87.6094,177.7,2017-02-16,4.4,",,7",-1.1,",,7"
USC00111550,"CHICAGO NORTHERLY ISLAND, IL US",41.8558,-87.6094,177.7,2017-02-17,18.9,",,7",-0.6,",,7"
USC00111550,"CHICAGO NORTHERLY ISLAND, IL US",41.8558,-87.6094,177.7,2017-02-18,18.3,",,7",5.6,",,7"
USC00111550,"CHICAGO NORTHERLY ISLAND, IL US",41.8558,-87.6094,177.7,2017-02-19,13.3,",,7",3.9,",,7"
USC00111550,"CHICAGO NORTHERLY ISLAND, IL US",41.8558,-87.6094,177.7,2017-02-20,15,",,7",3.3,",,7"
USC00111550,"CHICAGO NORTHERLY ISLAND, IL US",41.8558,-87.6094,177.7,2017-02-21,17.8,",,7",6.1,",,7"
USC00111550,"CHICAGO NORTHERLY ISLAND, IL US",41.8558,-87.6094,177.7,2017-02-22,18.9,",,7",11.7,",,7"
USC00111550,"CHICAGO NORTHERLY ISLAND, IL US",41.8558,-87.6094,177.7,2017-02-23,15,",,7",2.8,",,7"
USC00111550,"CHICAGO NORTHERLY ISLAND, IL US",41.8558,-87.6094,177.7,2017-02-24,6.1,",,7",0.6,",,7"
USC00111550,"CHICAGO NORTHERLY ISLAND, IL US",41.8558,-87.6094,177.7,2017-02-25,1.1,",,7",-5,",,7"
USC00111550,"CHICAGO NORTHERLY ISLAND, IL US",41.8558,-87.6094,177.7,2017-02-26,8.9,",,7",-3.9,",,7"
USC00111550,"CHICAGO NORTHERLY ISLAND, IL US",41.8558,-87.6094,177.7,2017-02-27,8.3,",,7",1.1,",,7"
USC00111550,"CHICAGO NORTHERLY ISLAND, IL US",41.8558,-87.6094,177.7,2017-02-28,14.4,",,7",4.4,",,7"
USC00111550,"CHICAGO NORTHERLY ISLAND, IL US",41.8558,-87.6094,177.7,2017-03-01,11.7,",,7",0,",,7"
USC00111550,"CHICAGO NORTHERLY ISLAND, IL US",41.8558,-87.6094,177.7,2017-03-02,1.1,",,7",-2.2,",,7"
USC00111550,"CHICAGO NORTHERLY ISLAND, IL US",41.8558,-87.6094,177.7,2017-03-03,0,",,7",-5.6,",,7"
USC00111550,"CHICAGO NORTHERLY ISLAND, IL US",41.8558,-87.6094,177.7,2017-03-04,2.8,",,7",-2.8,",,7"
USC00111550,"CHICAGO NORTHERLY ISLAND, IL US",41.8558,-87.6094,177.7,2017-03-05,15.6,",,7",0.6,",,7"
USC00111550,"CHICAGO NORTHERLY ISLAND, IL US",41.8558,-87.6094,177.7,2017-03-06,17.2,",,7",10.6,",,7"
USC00111550,"CHICAGO NORTHERLY ISLAND, IL US",41.8558,-87.6094,177.7,2017-03-07,17.8,",,7",7.2,",,7"
USC00111550,"CHICAGO NORTHERLY ISLAND, IL US",41.8558,-87.6094,177.7,2017-03-08,10.6,",,7",5,",,7"
USC00111550,"CHICAGO NORTHERLY ISLAND, IL US",41.8558,-87.6094,177.7,2017-03-09,5.6,",,7",1.1,",,7"
USC00111550,"CHICAGO NORTHERLY ISLAND, IL US",41.8558,-87.6094,177.7,2017-03-10,2.8,",,7",-5,",,7"
USC00111550,"CHICAGO NORTHERLY ISLAND, IL US",41.8558,-87.6094,177.7,2017-03-11,-3.3,",,7",-7.2,",,7"
USC00111550,"CHICAGO NORTHERLY ISLAND, IL US",41.8558,-87.6094,177.7,2017-03-12,-0.6,",,7",-5,",,7"
USC00111550,"CHICAGO NORTHERLY ISLAND, IL US",41.8558,-87.6094,177.7,2017-03-13,-1.1,",,7",-3.3,",,7"
USC00111550,"CHICAGO NORTHERLY ISLAND, IL US",41.8558,-87.6094,177.7,2017-03-14,-2.2,",,7",-6.1,",,7"
USC00111550,"CHICAGO NORTHERLY ISLAND, IL US",41.8558,-87.6094,177.7,2017-03-15,0.6,",,7",-6.7,",,7"
USC00111550,"CHICAGO NORTHERLY ISLAND, IL US",41.8558,-87.6094,177.7,2017-03-16,5,",,7",-4.4,",,7"
USC00111550,"CHICAGO NORTHERLY ISLAND, IL US",41.8558,-87.6094,177.7,2017-03-17,8.9,",,7",1.1,",,7"
USC00111550,"CHICAGO NORTHERLY ISLAND, IL US",41.8558,-87.6094,177.7,2017-03-18,6.7,",,7",3.3,",,7"
USC00111550,"CHICAGO NORTHERLY ISLAND, IL US",41.8558,-87.6094,177.7,2017-03-19,9.4,",,7",1.1,",,7"
USC00111550,"CHICAGO NORTHERLY ISLAND, IL US",41.8558,-87.6094,177.7,2017-03-20,10,",,7",3.3,",,7"
USC00111550,"CHICAGO NORTHERLY ISLAND, IL US",41.8558,-87.6094,177.7,2017-03-21,9.4,",,7",0,",,7"
USC00111550,"CHICAGO NORTHERLY ISLAND, IL US",41.8558,-87.6094,177.7,2017-03-22,0.6,",,7",-2.2,",,7"
USC00111550,"CHICAGO NORTHERLY ISLAND, IL US",41.8558,-87.6094,177.7,2017-03-23,10,",,7",0,",,7"
USC00111550,"CHICAGO NORTHERLY ISLAND, IL US",41.8558,-87.6094,177.7,2017-03-24,26.1,",,7",3.3,",,7"
USC00111550,"CHICAGO NORTHERLY ISLAND, IL US",41.8558,-87.6094,177.7,2017-03-25,7.2,",,7",3.3,",,7"
USC00111550,"CHICAGO NORTHERLY ISLAND, IL US",41.8558,-87.6094,177.7,2017-03-26,15.6,",,7",5.6,",,7"
USC00111550,"CHICAGO NORTHERLY ISLAND, IL US",41.8558,-87.6094,177.7,2017-03-27,10.6,",,7",3.9,",,7"
USC00111550,"CHICAGO NORTHERLY ISLAND, IL US",41.8558,-87.6094,177.7,2017-03-28,5.6,",,7",1.1,",,7"
USC00111550,"CHICAGO NORTHERLY ISLAND, IL US",41.8558,-87.6094,177.7,2017-03-29,6.1,",,7",0.6,",,7"
USC00111550,"CHICAGO NORTHERLY ISLAND, IL US",41.8558,-87.6094,177.7,2017-03-30,5.6,",,7",3.3,",,7"
USC00111550,"CHICAGO NORTHERLY ISLAND, IL US",41.8558,-87.6094,177.7,2017-03-31,4.4,",,7",2.2,",,7"
USC00111550,"CHICAGO NORTHERLY ISLAND, IL US",41.8558,-87.6094,177.7,2017-04-01,8.9,",,7",2.8,",,7"
USC00111550,"CHICAGO NORTHERLY ISLAND, IL US",41.8558,-87.6094,177.7,2017-04-02,10,",,7",5,",,7"
USC00111550,"CHICAGO NORTHERLY ISLAND, IL US",41.8558,-87.6094,177.7,2017-04-03,7.8,",,7",5,",,7"
USC00111550,"CHICAGO NORTHERLY ISLAND, IL US",41.8558,-87.6094,177.7,2017-04-04,8.9,",,7",5,",,7"
USC00111550,"CHICAGO NORTHERLY ISLAND, IL US",41.8558,-87.6094,177.7,2017-04-05,5.6,",,7",3.3,",,7"
USC00111550,"CHICAGO NORTHERLY ISLAND, IL US",41.8558,-87.6094,177.7,2017-04-06,6.7,",,7",2.8,",,7"
USC00111550,"CHICAGO NORTHERLY ISLAND, IL US",41.8558,-87.6094,177.7,2017-04-07,8.9,",,7",3.9,",,7"
USC00111550,"CHICAGO NORTHERLY ISLAND, IL US",41.8558,-87.6094,177.7,2017-04-08,18.9,",,7",5.6,",,7"
USC00111550,"CHICAGO NORTHERLY ISLAND, IL US",41.8558,-87.6094,177.7,2017-04-09,23.9,",,7",14.4,",,7"
USC00111550,"CHICAGO NORTHERLY ISLAND, IL US",41.8558,-87.6094,177.7,2017-04-10,24.4,",,7",3.9,",,7"
USC00111550,"CHICAGO NORTHERLY ISLAND, IL US",41.8558,-87.6094,177.7,2017-04-11,12.2,",,7",3.9,",,7"
USC00111550,"CHICAGO NORTHERLY ISLAND, IL US",41.8558,-87.6094,177.7,2017-04-12,9.4,",,7",6.1,",,7"
USC00111550,"CHICAGO NORTHERLY ISLAND, IL US",41.8558,-87.6094,177.7,2017-04-13,10.6,",,7",5.6,",,7"
USC00111550,"CHICAGO NORTHERLY ISLAND, IL US",41.8558,-87.6094,177.7,2017-04-14,18.3,",,7",6.1,",,7"
USC00111550,"CHICAGO NORTHERLY ISLAND, IL US",41.8558,-87.6094,177.7,2017-04-15,26.7,",,7",11.1,",,7"
USC00111550,"CHICAGO NORTHERLY ISLAND, IL US",41.8558,-87.6094,177.7,2017-04-16,22.2,",,7",15,",,7"
USC00111550,"CHICAGO NORTHERLY ISLAND, IL US",41.8558,-87.6094,177.7,2017-04-17,17.2,",,7",6.1,",,7"
USC00111550,"CHICAGO NORTHERLY ISLAND, IL US",41.8558,-87.6094,177.7,2017-04-18,24.4,",,7",6.1,",,7"
USC00111550,"CHICAGO NORTHERLY ISLAND, IL US",41.8558,-87.6094,177.7,2017-04-19,20.6,",,7",6.1,",,7"
USC00111550,"CHICAGO NORTHERLY ISLAND, IL US",41.8558,-87.6094,177.7,2017-04-20,22.8,",,7",7.8,",,7"
USC00111550,"CHICAGO NORTHERLY ISLAND, IL US",41.8558,-87.6094,177.7,2017-04-21,10.6,",,7",6.7,",,7"
USC00111550,"CHICAGO NORTHERLY ISLAND, IL US",41.8558,-87.6094,177.7,2017-04-22,10.6,",,7",6.1,",,7"
USC00111550,"CHICAGO NORTHERLY ISLAND, IL US",41.8558,-87.6094,177.7,2017-04-23,15.6,",,7",6.1,",,7"
USC00111550,"CHICAGO NORTHERLY ISLAND, IL US",41.8558,-87.6094,177.7,2017-04-24,16.1,",,7",5,",,7"
USC00111550,"CHICAGO NORTHERLY ISLAND, IL US",41.8558,-87.6094,177.7,2017-04-25,20,",,7",10.6,",,7"
USC00111550,"CHICAGO NORTHERLY ISLAND, IL US",41.8558,-87.6094,177.7,2017-04-26,24.4,",,7",12.8,",,7"
USC00111550,"CHICAGO NORTHERLY ISLAND, IL US",41.8558,-87.6094,177.7,2017-04-27,15.6,",,7",6.7,",,7"
USC00111550,"CHICAGO NORTHERLY ISLAND, IL US",41.8558,-87.6094,177.7,2017-04-28,10,",,7",6.7,",,7"
USC00111550,"CHICAGO NORTHERLY ISLAND, IL US",41.8558,-87.6094,177.7,2017-04-29,7.2,",,7",4.4,",,7"
USC00111550,"CHICAGO NORTHERLY ISLAND, IL US",41.8558,-87.6094,177.7,2017-04-30,11.7,",,7",5.6,",,7"
USC00111550,"CHICAGO NORTHERLY ISLAND, IL US",41.8558,-87.6094,177.7,2017-05-01,13.3,",,7",7.2,",,7"
USC00111550,"CHICAGO NORTHERLY ISLAND, IL US",41.8558,-87.6094,177.7,2017-05-02,10,",,7",5,",,7"
USC00111550,"CHICAGO NORTHERLY ISLAND, IL US",41.8558,-87.6094,177.7,2017-05-03,10.6,",,7",6.1,",,7"
USC00111550,"CHICAGO NORTHERLY ISLAND, IL US",41.8558,-87.6094,177.7,2017-05-04,9.4,",,7",7.2,",,7"
USC00111550,"CHICAGO NORTHERLY ISLAND, IL US",41.8558,-87.6094,177.7,2017-05-05,10.6,",,7",5,",,7"
USC00111550,"CHICAGO NORTHERLY ISLAND, IL US",41.8558,-87.6094,177.7,2017-05-06,10.6,",,7",6.1,",,7"
USC00111550,"CHICAGO NORTHERLY ISLAND, IL US",41.8558,-87.6094,177.7,2017-05-07,9.4,",,7",5,",,7"
USC00111550,"CHICAGO NORTHERLY ISLAND, IL US",41.8558,-87.6094,177.7,2017-05-08,7.8,",,7",4.4,",,7"
USC00111550,"CHICAGO NORTHERLY ISLAND, IL US",41.8558,-87.6094,177.7,2017-05-09,10,",,7",5.6,",,7"
USC00111550,"CHICAGO NORTHERLY ISLAND, IL US",41.8558,-87.6094,177.7,2017-05-10,13.3,",,7",8.3,",,7"
USC00111550,"CHICAGO NORTHERLY ISLAND, IL US",41.8558,-87.6094,177.7,2017-05-11,13.9,",,7",7.8,",,7"
USC00111550,"CHICAGO NORTHERLY ISLAND, IL US",41.8558,-87.6094,177.7,2017-05-12,13.9,",,7",9.4,",,7"
USC00111550,"CHICAGO NORTHERLY ISLAND, IL US",41.8558,-87.6094,177.7,2017-05-13,25.6,",,7",10.6,",,7"
USC00111550,"CHICAGO NORTHERLY ISLAND, IL US",41.8558,-87.6094,177.7,2017-05-14,13.9,",,7",8.9,",,7"
USC00111550,"CHICAGO NORTHERLY ISLAND, IL US",41.8558,-87.6094,177.7,2017-05-15,20.6,",,7",8.9,",,7"
USC00111550,"CHICAGO NORTHERLY ISLAND, IL US",41.8558,-87.6094,177.7,2017-05-16,30,",,7",14.4,",,7"
USC00111550,"CHICAGO NORTHERLY ISLAND, IL US",41.8558,-87.6094,177.7,2017-05-17,28.3,",,7",17.8,",,7"
USC00111550,"CHICAGO NORTHERLY ISLAND, IL US",41.8558,-87.6094,177.7,2017-05-18,25.6,",,7",8.3,",,7"
USC00111550,"CHICAGO NORTHERLY ISLAND, IL US",41.8558,-87.6094,177.7,2017-05-19,10,",,7",5.6,",,7"
USC00111550,"CHICAGO NORTHERLY ISLAND, IL US",41.8558,-87.6094,177.7,2017-05-20,15,",,7",8.9,",,7"
USC00111550,"CHICAGO NORTHERLY ISLAND, IL US",41.8558,-87.6094,177.7,2017-05-21,18.9,",,7",11.1,",,7"
USC00111550,"CHICAGO NORTHERLY ISLAND, IL US",41.8558,-87.6094,177.7,2017-05-22,23.3,",,7",10,",,7"
USC00111550,"CHICAGO NORTHERLY ISLAND, IL US",41.8558,-87.6094,177.7,2017-05-23,16.7,",,7",12.2,",,7"
USC00111550,"CHICAGO NORTHERLY ISLAND, IL US",41.8558,-87.6094,177.7,2017-05-24,12.8,",,7",9.4,",,7"
USC00111550,"CHICAGO NORTHERLY ISLAND, IL US",41.8558,-87.6094,177.7,2017-05-25,16.7,",,7",11.1,",,7"
USC00111550,"CHICAGO NORTHERLY ISLAND, IL US",41.8558,-87.6094,177.7,2017-05-26,16.1,",,7",12.2,",,7"
USC00111550,"CHICAGO NORTHERLY ISLAND, IL US",41.8558,-87.6094,177.7,2017-05-27,16.1,",,7",11.1,",,7"
USC00111550,"CHICAGO NORTHERLY ISLAND, IL US",41.8558,-87.6094,177.7,2017-05-28,22.8,",,7",12.8,",,7"
USC00111550,"CHICAGO NORTHERLY ISLAND, IL US",41.8558,-87.6094,177.7,2017-05-29,24.4,",,7",14.4,",,7"
USC00111550,"CHICAGO NORTHERLY ISLAND, IL US",41.8558,-87.6094,177.7,2017-05-30,22.8,",,7",13.3,",,7"
USC00111550,"CHICAGO NORTHERLY ISLAND, IL US",41.8558,-87.6094,177.7,2017-05-31,22.2,",,7",14.4,",,7"
USC00111550,"CHICAGO NORTHERLY ISLAND, IL US",41.8558,-87.6094,177.7,2017-06-01,18.3,",,7",13.3,",,7"
USC00111550,"CHICAGO NORTHERLY ISLAND, IL US",41.8558,-87.6094,177.7,2017-06-02,24.4,",,7",13.9,",,7"
USC00111550,"CHICAGO NORTHERLY ISLAND, IL US",41.8558,-87.6094,177.7,2017-06-03,28.3,",,7",16.7,",,7"
USC00111550,"CHICAGO NORTHERLY ISLAND, IL US",41.8558,-87.6094,177.7,2017-06-04,31.7,",,7",17.8,",,7"
USC00111550,"CHICAGO NORTHERLY ISLAND, IL US",41.8558,-87.6094,177.7,2017-06-05,22.2,",,7",13.3,",,7"
USC00111550,"CHICAGO NORTHERLY ISLAND, IL US",41.8558,-87.6094,177.7,2017-06-06,18.9,",,7",12.8,",,7"
USC00111550,"CHICAGO NORTHERLY ISLAND, IL US",41.8558,-87.6094,177.7,2017-06-07,20,",,7",12.8,",,7"
USC00111550,"CHICAGO NORTHERLY ISLAND, IL US",41.8558,-87.6094,177.7,2017-06-08,22.8,",,7",13.9,",,7"
USC00111550,"CHICAGO NORTHERLY ISLAND, IL US",41.8558,-87.6094,177.7,2017-06-09,28.3,",,7",15.6,",,7"
USC00111550,"CHICAGO NORTHERLY ISLAND, IL US",41.8558,-87.6094,177.7,2017-06-10,31.7,",,7",15.6,",,7"
USC00111550,"CHICAGO NORTHERLY ISLAND, IL US",41.8558,-87.6094,177.7,2017-06-11,33.3,",,7",22.2,",,7"
USC00111550,"CHICAGO NORTHERLY ISLAND, IL US",41.8558,-87.6094,177.7,2017-06-12,33.9,",,7",18.3,",,7"
USC00111550,"CHICAGO NORTHERLY ISLAND, IL US",41.8558,-87.6094,177.7,2017-06-13,23.9,",,7",17.8,",,7"
USC00111550,"CHICAGO NORTHERLY ISLAND, IL US",41.8558,-87.6094,177.7,2017-06-14,31.1,",,7",18.3,",,7"
USC00111550,"CHICAGO NORTHERLY ISLAND, IL US",41.8558,-87.6094,177.7,2017-06-15,28.9,",,7",20.6,",,7"
USC00111550,"CHICAGO NORTHERLY ISLAND, IL US",41.8558,-87.6094,177.7,2017-06-16,30,",,7",18.9,",,7"
USC00111550,"CHICAGO NORTHERLY ISLAND, IL US",41.8558,-87.6094,177.7,2017-06-17,30,",,7",18.3,",,7"
USC00111550,"CHICAGO NORTHERLY ISLAND, IL US",41.8558,-87.6094,177.7,2017-06-18,25.6,",,7",21.1,",,7"
USC00111550,"CHICAGO NORTHERLY ISLAND, IL US",41.8558,-87.6094,177.7,2017-06-19,25,",,7",17.2,",,7"
USC00111550,"CHICAGO NORTHERLY ISLAND, IL US",41.8558,-87.6094,177.7,2017-06-20,25.6,",,7",15,",,7"
USC00111550,"CHICAGO NORTHERLY ISLAND, IL US",41.8558,-87.6094,177.7,2017-06-21,21.7,",,7",14.4,",,7"
USC00111550,"CHICAGO NORTHERLY ISLAND, IL US",41.8558,-87.6094,177.7,2017-06-22,30.6,",,7",18.3,",,7"
USC00111550,"CHICAGO NORTHERLY ISLAND, IL US",41.8558,-87.6094,177.7,2017-06-23,26.1,",,7",17.2,",,7"
USC00111550,"CHICAGO NORTHERLY ISLAND, IL US",41.8558,-87.6094,177.7,2017-06-24,23.3,",,7",17.8,",,7"
USC00111550,"CHICAGO NORTHERLY ISLAND, IL US",41.8558,-87.6094,177.7,2017-06-25,21.7,",,7",14.4,",,7"
USC00111550,"CHICAGO NORTHERLY ISLAND, IL US",41.8558,-87.6094,177.7,2017-06-26,22.2,",,7",14.4,",,7"
USC00111550,"CHICAGO NORTHERLY ISLAND, IL US",41.8558,-87.6094,177.7,2017-06-27,21.1,",,7",13.9,",,7"
USC00111550,"CHICAGO NORTHERLY ISLAND, IL US",41.8558,-87.6094,177.7,2017-06-28,27.2,",,7",16.7,",,7"
USC00111550,"CHICAGO NORTHERLY ISLAND, IL US",41.8558,-87.6094,177.7,2017-06-29,27.8,",,7",17.8,",,7"
USC00111550,"CHICAGO NORTHERLY ISLAND, IL US",41.8558,-87.6094,177.7,2017-06-30,25,",,7",19.4,",,7"
USC00111550,"CHICAGO NORTHERLY ISLAND, IL US",41.8558,-87.6094,177.7,2017-07-01,27.8,",,7",20,",,7"
USC00111550,"CHICAGO NORTHERLY ISLAND, IL US",41.8558,-87.6094,177.7,2017-07-02,31.1,",,7",18.9,",,7"
USC00111550,"CHICAGO NORTHERLY ISLAND, IL US",41.8558,-87.6094,177.7,2017-07-03,23.3,",,7",18.3,",,7"
USC00111550,"CHICAGO NORTHERLY ISLAND, IL US",41.8558,-87.6094,177.7,2017-07-04,25,",,7",18.3,",,7"
USC00111550,"CHICAGO NORTHERLY ISLAND, IL US",41.8558,-87.6094,177.7,2017-07-05,25.6,",,7",19.4,",,7"
USC00111550,"CHICAGO NORTHERLY ISLAND, IL US",41.8558,-87.6094,177.7,2017-07-06,31.1,",,7",23.3,",,7"
USC00111550,"CHICAGO NORTHERLY ISLAND, IL US",41.8558,-87.6094,177.7,2017-07-07,28.9,",,7",18.9,",,7"
USC00111550,"CHICAGO NORTHERLY ISLAND, IL US",41.8558,-87.6094,177.7,2017-07-08,22.8,",,7",17.8,",,7"
USC00111550,"CHICAGO NORTHERLY ISLAND, IL US",41.8558,-87.6094,177.7,2017-07-09,29.4,",,7",18.9,",,7"
USC00111550,"CHICAGO NORTHERLY ISLAND, IL US",41.8558,-87.6094,177.7,2017-07-10,28.3,",,7",19.4,",,7"
USC00111550,"CHICAGO NORTHERLY ISLAND, IL US",41.8558,-87.6094,177.7,2017-07-11,26.7,",,7",21.1,",,7"
USC00111550,"CHICAGO NORTHERLY ISLAND, IL US",41.8558,-87.6094,177.7,2017-07-12,26.1,",,7",20,",,7"
USC00111550,"CHICAGO NORTHERLY ISLAND, IL US",41.8558,-87.6094,177.7,2017-07-13,28.3,",,7",23.3,",,7"
USC00111550,"CHICAGO NORTHERLY ISLAND, IL US",41.8558,-87.6094,177.7,2017-07-14,23.3,",,7",18.3,",,7"
USC00111550,"CHICAGO NORTHERLY ISLAND, IL US",41.8558,-87.6094,177.7,2017-07-15,27.2,",,7",17.8,",,7"
USC00111550,"CHICAGO NORTHERLY ISLAND, IL US",41.8558,-87.6094,177.7,2017-07-16,25,",,7",17.8,",,7"
USC00111550,"CHICAGO NORTHERLY ISLAND, IL US",41.8558,-87.6094,177.7,2017-07-17,22.2,",,7",17.2,",,7"
USC00111550,"CHICAGO NORTHERLY ISLAND, IL US",41.8558,-87.6094,177.7,2017-07-18,27.8,",,7",17.8,",,7"
USC00111550,"CHICAGO NORTHERLY ISLAND, IL US",41.8558,-87.6094,177.7,2017-07-19,27.2,",,7",20.6,",,7"
USC00111550,"CHICAGO NORTHERLY ISLAND, IL US",41.8558,-87.6094,177.7,2017-07-20,30.6,",,7",20,",,7"
USC00111550,"CHICAGO NORTHERLY ISLAND, IL US",41.8558,-87.6094,177.7,2017-07-21,27.2,",,7",22.2,",,7"
USC00111550,"CHICAGO NORTHERLY ISLAND, IL US",41.8558,-87.6094,177.7,2017-07-22,25.6,",,7",21.7,",,7"
USC00111550,"CHICAGO NORTHERLY ISLAND, IL US",41.8558,-87.6094,177.7,2017-07-23,28.9,",,7",20.6,",,7"
USC00111550,"CHICAGO NORTHERLY ISLAND, IL US",41.8558,-87.6094,177.7,2017-07-24,22.2,",,7",19.4,",,7"
USC00111550,"CHICAGO NORTHERLY ISLAND, IL US",41.8558,-87.6094,177.7,2017-07-25,25,",,7",19.4,",,7"
USC00111550,"CHICAGO NORTHERLY ISLAND, IL US",41.8558,-87.6094,177.7,2017-07-26,29.4,",,7",20,",,7"
USC00111550,"CHICAGO NORTHERLY ISLAND, IL US",41.8558,-87.6094,177.7,2017-07-27,25.6,",,7",21.1,",,7"
USC00111550,"CHICAGO NORTHERLY ISLAND, IL US",41.8558,-87.6094,177.7,2017-07-28,23.9,",,7",21.1,",,7"
USC00111550,"CHICAGO NORTHERLY ISLAND, IL US",41.8558,-87.6094,177.7,2017-07-29,24.4,",,7",18.9,",,7"
USC00111550,"CHICAGO NORTHERLY ISLAND, IL US",41.8558,-87.6094,177.7,2017-07-30,25.6,",,7",20,",,7"
USC00111550,"CHICAGO NORTHERLY ISLAND, IL US",41.8558,-87.6094,177.7,2017-07-31,26.7,",,7",20.6,",,7"
USC00111550,"CHICAGO NORTHERLY ISLAND, IL US",41.8558,-87.6094,177.7,2017-08-01,26.1,",,7",20.6,",,7"
USC00111550,"CHICAGO NORTHERLY ISLAND, IL US",41.8558,-87.6094,177.7,2017-08-02,27.8,",,7",21.1,",,7"
USC00111550,"CHICAGO NORTHERLY ISLAND, IL US",41.8558,-87.6094,177.7,2017-08-03,28.9,",,7",18.3,",,7"
USC00111550,"CHICAGO NORTHERLY ISLAND, IL US",41.8558,-87.6094,177.7,2017-08-04,19.4,",,7",13.9,",,7"
USC00111550,"CHICAGO NORTHERLY ISLAND, IL US",41.8558,-87.6094,177.7,2017-08-05,25.6,",,7",16.1,",,7"
USC00111550,"CHICAGO NORTHERLY ISLAND, IL US",41.8558,-87.6094,177.7,2017-08-06,25.6,",,7",19.4,",,7"
USC00111550,"CHICAGO NORTHERLY ISLAND, IL US",41.8558,-87.6094,177.7,2017-08-07,23.3,",,7",18.3,",,7"
USC00111550,"CHICAGO NORTHERLY ISLAND, IL US",41.8558,-87.6094,177.7,2017-08-08,25.6,",,7",17.8,",,7"
USC00111550,"CHICAGO NORTHERLY ISLAND, IL US",41.8558,-87.6094,177.7,2017-08-09,25.6,",,7",20.6,",,7"
USC00111550,"CHICAGO NORTHERLY ISLAND, IL US",41.8558,-87.6094,177.7,2017-08-10,28.3,",,7",20,",,7"
USC00111550,"CHICAGO NORTHERLY ISLAND, IL US",41.8558,-87.6094,177.7,2017-08-11,25.6,",,7",20,",,7"
USC00111550,"CHICAGO NORTHERLY ISLAND, IL US",41.8558,-87.6094,177.7,2017-08-12,23.3,",,7",18.3,",,7"
USC00111550,"CHICAGO NORTHERLY ISLAND, IL US",41.8558,-87.6094,177.7,2017-08-13,23.3,",,7",18.3,",,7"
USC00111550,"CHICAGO NORTHERLY ISLAND, IL US",41.8558,-87.6094,177.7,2017-08-14,25.6,",,7",19.4,",,7"
USC00111550,"CHICAGO NORTHERLY ISLAND, IL US",41.8558,-87.6094,177.7,2017-08-15,26.1,",,7",21.1,",,7"
USC00111550,"CHICAGO NORTHERLY ISLAND, IL US",41.8558,-87.6094,177.7,2017-08-16,26.7,",,7",21.1,",,7"
USC00111550,"CHICAGO NORTHERLY ISLAND, IL US",41.8558,-87.6094,177.7,2017-08-17,27.8,",,7",22.2,",,7"
USC00111550,"CHICAGO NORTHERLY ISLAND, IL US",41.8558,-87.6094,177.7,2017-08-18,28.3,",,7",20,",,7"
USC00111550,"CHICAGO NORTHERLY ISLAND, IL US",41.8558,-87.6094,177.7,2017-08-19,25,",,7",19.4,",,7"
USC00111550,"CHICAGO NORTHERLY ISLAND, IL US",41.8558,-87.6094,177.7,2017-08-20,28.9,",,7",20,",,7"
USC00111550,"CHICAGO NORTHERLY ISLAND, IL US",41.8558,-87.6094,177.7,2017-08-21,28.9,",,7",21.7,",,7"
USC00111550,"CHICAGO NORTHERLY ISLAND, IL US",41.8558,-87.6094,177.7,2017-08-22,27.2,",,7",20,",,7"
USC00111550,"CHICAGO NORTHERLY ISLAND, IL US",41.8558,-87.6094,177.7,2017-08-23,23.3,",,7",17.2,",,7"
USC00111550,"CHICAGO NORTHERLY ISLAND, IL US",41.8558,-87.6094,177.7,2017-08-24,22.8,",,7",16.7,",,7"
USC00111550,"CHICAGO NORTHERLY ISLAND, IL US",41.8558,-87.6094,177.7,2017-08-25,21.1,",,7",15,",,7"
USC00111550,"CHICAGO NORTHERLY ISLAND, IL US",41.8558,-87.6094,177.7,2017-08-26,22.8,",,7",16.7,",,7"
USC00111550,"CHICAGO NORTHERLY ISLAND, IL US",41.8558,-87.6094,177.7,2017-08-27,25,",,7",17.2,",,7"
USC00111550,"CHICAGO NORTHERLY ISLAND, IL US",41.8558,-87.6094,177.7,2017-08-28,24.4,",,7",17.8,",,7"
USC00111550,"CHICAGO NORTHERLY ISLAND, IL US",41.8558,-87.6094,177.7,2017-08-29,23.3,",,7",18.3,",,7"
USC00111550,"CHICAGO NORTHERLY ISLAND, IL US",41.8558,-87.6094,177.7,2017-08-30,24.4,",,7",17.8,",,7"
USC00111550,"CHICAGO NORTHERLY ISLAND, IL US",41.8558,-87.6094,177.7,2017-08-31,21.7,",,7",18.3,",,7"
USC00111550,"CHICAGO NORTHERLY ISLAND, IL US",41.8558,-87.6094,177.7,2017-09-01,19.4,",,7",14.4,",,7"
USC00111550,"CHICAGO NORTHERLY ISLAND, IL US",41.8558,-87.6094,177.7,2017-09-02,21.7,",,7",15.6,",,7"
USC00111550,"CHICAGO NORTHERLY ISLAND, IL US",41.8558,-87.6094,177.7,2017-09-03,27.2,",,7",15.6,",,7"
USC00111550,"CHICAGO NORTHERLY ISLAND, IL US",41.8558,-87.6094,177.7,2017-09-04,27.8,",,7",18.9,",,7"
USC00111550,"CHICAGO NORTHERLY ISLAND, IL US",41.8558,-87.6094,177.7,2017-09-05,20.6,",,7",13.9,",,7"
USC00111550,"CHICAGO NORTHERLY ISLAND, IL US",41.8558,-87.6094,177.7,2017-09-06,18.9,",,7",11.1,",,7"
USC00111550,"CHICAGO NORTHERLY ISLAND, IL US",41.8558,-87.6094,177.7,2017-09-07,21.1,",,7",12.8,",,7"
USC00111550,"CHICAGO NORTHERLY ISLAND, IL US",41.8558,-87.6094,177.7,2017-09-08,18.9,",,7",16.1,",,7"
USC00111550,"CHICAGO NORTHERLY ISLAND, IL US",41.8558,-87.6094,177.7,2017-09-09,19.4,",,7",15,",,7"
USC00111550,"CHICAGO NORTHERLY ISLAND, IL US",41.8558,-87.6094,177.7,2017-09-10,19.4,",,7",12.2,",,7"
USC00111550,"CHICAGO NORTHERLY ISLAND, IL US",41.8558,-87.6094,177.7,2017-09-11,20.6,",,7",13.9,",,7"
USC00111550,"CHICAGO NORTHERLY ISLAND, IL US",41.8558,-87.6094,177.7,2017-09-12,22.8,",,7",17.2,",,7"
USC00111550,"CHICAGO NORTHERLY ISLAND, IL US",41.8558,-87.6094,177.7,2017-09-13,21.7,",,7",17.2,",,7"
USC00111550,"CHICAGO NORTHERLY ISLAND, IL US",41.8558,-87.6094,177.7,2017-09-14,23.3,",,7",16.1,",,7"
USC00111550,"CHICAGO NORTHERLY ISLAND, IL US",41.8558,-87.6094,177.7,2017-09-15,25.6,",,7",18.3,",,7"
USC00111550,"CHICAGO NORTHERLY ISLAND, IL US",41.8558,-87.6094,177.7,2017-09-16,30.6,",,7",19.4,",,7"
USC00111550,"CHICAGO NORTHERLY ISLAND, IL US",41.8558,-87.6094,177.7,2017-09-17,28.3,",,7",18.3,",,7"
USC00111550,"CHICAGO NORTHERLY ISLAND, IL US",41.8558,-87.6094,177.7,2017-09-18,21.7,",,7",17.8,",,7"
USC00111550,"CHICAGO NORTHERLY ISLAND, IL US",41.8558,-87.6094,177.7,2017-09-19,22.8,",,7",18.3,",,7"
USC00111550,"CHICAGO NORTHERLY ISLAND, IL US",41.8558,-87.6094,177.7,2017-09-20,32.8,",,7",18.9,",,7"
USC00111550,"CHICAGO NORTHERLY ISLAND, IL US",41.8558,-87.6094,177.7,2017-09-21,32.2,",,7",22.2,",,7"
USC00111550,"CHICAGO NORTHERLY ISLAND, IL US",41.8558,-87.6094,177.7,2017-09-22,32.2,",,7",22.2,",,7"
USC00111550,"CHICAGO NORTHERLY ISLAND, IL US",41.8558,-87.6094,177.7,2017-09-23,27.8,",,7",21.7,",,7"
USC00111550,"CHICAGO NORTHERLY ISLAND, IL US",41.8558,-87.6094,177.7,2017-09-24,27.8,",,7",20.6,",,7"
USC00111550,"CHICAGO NORTHERLY ISLAND, IL US",41.8558,-87.6094,177.7,2017-09-25,27.2,",,7",20.6,",,7"
USC00111550,"CHICAGO NORTHERLY ISLAND, IL US",41.8558,-87.6094,177.7,2017-09-26,32.2,",,7",22.2,",,7"
USC00111550,"CHICAGO NORTHERLY ISLAND, IL US",41.8558,-87.6094,177.7,2017-09-27,22.8,",,7",15,",,7"
USC00111550,"CHICAGO NORTHERLY ISLAND, IL US",41.8558,-87.6094,177.7,2017-09-28,20,",,7",14.4,",,7"
USC00111550,"CHICAGO NORTHERLY ISLAND, IL US",41.8558,-87.6094,177.7,2017-09-29,20,",,7",16.1,",,7"
USC00111550,"CHICAGO NORTHERLY ISLAND, IL US",41.8558,-87.6094,177.7,2017-09-30,17.2,",,7",14.4,",,7"
USC00111550,"CHICAGO NORTHERLY ISLAND, IL US",41.8558,-87.6094,177.7,2017-10-01,21.1,",,7",11.7,",,7"
USC00111550,"CHICAGO NORTHERLY ISLAND, IL US",41.8558,-87.6094,177.7,2017-10-02,28.3,",,7",16.1,",,7"
USC00111550,"CHICAGO NORTHERLY ISLAND, IL US",41.8558,-87.6094,177.7,2017-10-03,25,",,7",19.4,",,7"
USC00111550,"CHICAGO NORTHERLY ISLAND, IL US",41.8558,-87.6094,177.7,2017-10-04,22.2,",,7",17.2,",,7"
USC00111550,"CHICAGO NORTHERLY ISLAND, IL US",41.8558,-87.6094,177.7,2017-10-05,20.6,",,7",15,",,7"
USC00111550,"CHICAGO NORTHERLY ISLAND, IL US",41.8558,-87.6094,177.7,2017-10-06,20.6,",,7",16.1,",,7"
USC00111550,"CHICAGO NORTHERLY ISLAND, IL US",41.8558,-87.6094,177.7,2017-10-07,26.7,",,7",16.1,",,7"
USC00111550,"CHICAGO NORTHERLY ISLAND, IL US",41.8558,-87.6094,177.7,2017-10-08,22.8,",,7",13.9,",,7"
USC00111550,"CHICAGO NORTHERLY ISLAND, IL US",41.8558,-87.6094,177.7,2017-10-09,23.9,",,7",15,",,7"
USC00111550,"CHICAGO NORTHERLY ISLAND, IL US",41.8558,-87.6094,177.7,2017-10-10,17.2,",,7",14.4,",,7"
USC00111550,"CHICAGO NORTHERLY ISLAND, IL US",41.8558,-87.6094,177.7,2017-10-11,16.7,",,7",13.9,",,7"
USC00111550,"CHICAGO NORTHERLY ISLAND, IL US",41.8558,-87.6094,177.7,2017-10-12,15.6,",,7",13.3,",,7"
USC00111550,"CHICAGO NORTHERLY ISLAND, IL US",41.8558,-87.6094,177.7,2017-10-13,23.3,",,7",12.2,",,7"
USC00111550,"CHICAGO NORTHERLY ISLAND, IL US",41.8558,-87.6094,177.7,2017-10-14,17.8,",,7",15.6,",,7"
USC00111550,"CHICAGO NORTHERLY ISLAND, IL US",41.8558,-87.6094,177.7,2017-10-15,19.4,",,7",9.4,",,7"
USC00111550,"CHICAGO NORTHERLY ISLAND, IL US",41.8558,-87.6094,177.7,2017-10-16,17.2,",,7",7.8,",,7"
USC00111550,"CHICAGO NORTHERLY ISLAND, IL US",41.8558,-87.6094,177.7,2017-10-17,21.1,",,7",10,",,7"
USC00111550,"CHICAGO NORTHERLY ISLAND, IL US",41.8558,-87.6094,177.7,2017-10-18,21.1,",,7",10.6,",,7"
USC00111550,"CHICAGO NORTHERLY ISLAND, IL US",41.8558,-87.6094,177.7,2017-10-19,17.8,",,7",12.8,",,7"
USC00111550,"CHICAGO NORTHERLY ISLAND, IL US",41.8558,-87.6094,177.7,2017-10-20,26.1,",,7",14.4,",,7"
USC00111550,"CHICAGO NORTHERLY ISLAND, IL US",41.8558,-87.6094,177.7,2017-10-21,25,",,7",17.2,",,7"
USC00111550,"CHICAGO NORTHERLY ISLAND, IL US",41.8558,-87.6094,177.7,2017-10-22,21.7,",,7",11.1,",,7"
USC00111550,"CHICAGO NORTHERLY ISLAND, IL US",41.8558,-87.6094,177.7,2017-10-23,12.2,",,7",10,",,7"
USC00111550,"CHICAGO NORTHERLY ISLAND, IL US",41.8558,-87.6094,177.7,2017-10-24,10.6,",,7",6.1,",,7"
USC00111550,"CHICAGO NORTHERLY ISLAND, IL US",41.8558,-87.6094,177.7,2017-10-25,12.2,",,7",3.9,",,7"
USC00111550,"CHICAGO NORTHERLY ISLAND, IL US",41.8558,-87.6094,177.7,2017-10-26,15.6,",,7",5,",,7"
USC00111550,"CHICAGO NORTHERLY ISLAND, IL US",41.8558,-87.6094,177.7,2017-10-27,12.8,",,7",3.3,",,7"
USC00111550,"CHICAGO NORTHERLY ISLAND, IL US",41.8558,-87.6094,177.7,2017-10-28,5,",,7",2.8,",,7"
USC00111550,"CHICAGO NORTHERLY ISLAND, IL US",41.8558,-87.6094,177.7,2017-10-29,7.8,",,7",2.2,",,7"
USC00111550,"CHICAGO NORTHERLY ISLAND, IL US",41.8558,-87.6094,177.7,2017-10-30,9.4,",,7",3.3,",,7"
USC00111550,"CHICAGO NORTHERLY ISLAND, IL US",41.8558,-87.6094,177.7,2017-10-31,4.4,",,7",1.7,",,7"
USC00111550,"CHICAGO NORTHERLY ISLAND, IL US",41.8558,-87.6094,177.7,2017-11-01,7.2,",,7",2.8,",,7"
USC00111550,"CHICAGO NORTHERLY ISLAND, IL US",41.8558,-87.6094,177.7,2017-11-02,10.6,",,7",7.2,",,7"
USC00111550,"CHICAGO NORTHERLY ISLAND, IL US",41.8558,-87.6094,177.7,2017-11-03,9.4,",,7",5,",,7"
USC00111550,"CHICAGO NORTHERLY ISLAND, IL US",41.8558,-87.6094,177.7,2017-11-04,11.1,",,7",6.1,",,7"
USC00111550,"CHICAGO NORTHERLY ISLAND, IL US",41.8558,-87.6094,177.7,2017-11-05,11.1,",,7",7.2,",,7"
USC00111550,"CHICAGO NORTHERLY ISLAND, IL US",41.8558,-87.6094,177.7,2017-11-06,7.2,",,7",1.7,",,7"
USC00111550,"CHICAGO NORTHERLY ISLAND, IL US",41.8558,-87.6094,177.7,2017-11-07,8.3,",,7",3.9,",,7"
USC00111550,"CHICAGO NORTHERLY ISLAND, IL US",41.8558,-87.6094,177.7,2017-11-08,8.3,",,7",2.2,",,7"
USC00111550,"CHICAGO NORTHERLY ISLAND, IL US",41.8558,-87.6094,177.7,2017-11-09,7.8,",,7",-4.4,",,7"
USC00111550,"CHICAGO NORTHERLY ISLAND, IL US",41.8558,-87.6094,177.7,2017-11-10,0,",,7",-5.6,",,7"
USC00111550,"CHICAGO NORTHERLY ISLAND, IL US",41.8558,-87.6094,177.7,2017-11-11,3.9,",,7",-3.3,",,7"
USC00111550,"CHICAGO NORTHERLY ISLAND, IL US",41.8558,-87.6094,177.7,2017-11-12,5.6,",,7",3.3,",,7"
USC00111550,"CHICAGO NORTHERLY ISLAND, IL US",41.8558,-87.6094,177.7,2017-11-13,5.6,",,7",1.7,",,7"
USC00111550,"CHICAGO NORTHERLY ISLAND, IL US",41.8558,-87.6094,177.7,2017-11-14,9.4,",,7",1.1,",,7"
USC00111550,"CHICAGO NORTHERLY ISLAND, IL US",41.8558,-87.6094,177.7,2017-11-15,10.6,",,7",1.7,",,7"
USC00111550,"CHICAGO NORTHERLY ISLAND, IL US",41.8558,-87.6094,177.7,2017-11-16,3.9,",,7",1.1,",,7"
USC00111550,"CHICAGO NORTHERLY ISLAND, IL US",41.8558,-87.6094,177.7,2017-11-17,8.3,",,7",1.7,",,7"
USC00111550,"CHICAGO NORTHERLY ISLAND, IL US",41.8558,-87.6094,177.7,2017-11-18,8.3,",,7",2.2,",,7"
USC00111550,"CHICAGO NORTHERLY ISLAND, IL US",41.8558,-87.6094,177.7,2017-11-19,3.9,",,7",-1.1,",,7"
USC00111550,"CHICAGO NORTHERLY ISLAND, IL US",41.8558,-87.6094,177.7,2017-11-20,11.7,",,7",0,",,7"
USC00111550,"CHICAGO NORTHERLY ISLAND, IL US",41.8558,-87.6094,177.7,2017-11-21,7.2,",,7",-1.7,",,7"
USC00111550,"CHICAGO NORTHERLY ISLAND, IL US",41.8558,-87.6094,177.7,2017-11-22,2.2,",,7",-3.3,",,7"
USC00111550,"CHICAGO NORTHERLY ISLAND, IL US",41.8558,-87.6094,177.7,2017-11-23,8.3,",,7",0,",,7"
USC00111550,"CHICAGO NORTHERLY ISLAND, IL US",41.8558,-87.6094,177.7,2017-11-24,15.6,",,7",2.8,",,7"
USC00111550,"CHICAGO NORTHERLY ISLAND, IL US",41.8558,-87.6094,177.7,2017-11-25,11.7,",,7",3.9,",,7"
USC00111550,"CHICAGO NORTHERLY ISLAND, IL US",41.8558,-87.6094,177.7,2017-11-26,9.4,",,7",0,",,7"
USC00111550,"CHICAGO NORTHERLY ISLAND, IL US",41.8558,-87.6094,177.7,2017-11-27,13.9,",,7",3.9,",,7"
USC00111550,"CHICAGO NORTHERLY ISLAND, IL US",41.8558,-87.6094,177.7,2017-11-28,16.1,",,7",8.3,",,7"
USC00111550,"CHICAGO NORTHERLY ISLAND, IL US",41.8558,-87.6094,177.7,2017-11-29,8.3,",,7",3.3,",,7"
USC00111550,"CHICAGO NORTHERLY ISLAND, IL US",41.8558,-87.6094,177.7,2017-11-30,11.7,",,7",6.1,",,7"
USC00111550,"CHICAGO NORTHERLY ISLAND, IL US",41.8558,-87.6094,177.7,2017-12-01,11.7,",,7",3.3,",,7"
USC00111550,"CHICAGO NORTHERLY ISLAND, IL US",41.8558,-87.6094,177.7,2017-12-02,12.2,",,7",3.9,",,7"
USC00111550,"CHICAGO NORTHERLY ISLAND, IL US",41.8558,-87.6094,177.7,2017-12-03,13.9,",,7",3.9,",,7"
USC00111550,"CHICAGO NORTHERLY ISLAND, IL US",41.8558,-87.6094,177.7,2017-12-04,17.8,",,7",8.3,",,7"
USC00111550,"CHICAGO NORTHERLY ISLAND, IL US",41.8558,-87.6094,177.7,2017-12-05,8.3,",,7",-1.7,",,7"
USC00111550,"CHICAGO NORTHERLY ISLAND, IL US",41.8558,-87.6094,177.7,2017-12-06,1.7,",,7",-2.8,",,7"
USC00111550,"CHICAGO NORTHERLY ISLAND, IL US",41.8558,-87.6094,177.7,2017-12-07,-1.7,",,7",-6.7,",,7"
USC00111550,"CHICAGO NORTHERLY ISLAND, IL US",41.8558,-87.6094,177.7,2017-12-08,2.8,",,7",-7.2,",,7"
USC00111550,"CHICAGO NORTHERLY ISLAND, IL US",41.8558,-87.6094,177.7,2017-12-09,-0.6,",,7",-5,",,7"
USC00111550,"CHICAGO NORTHERLY ISLAND, IL US",41.8558,-87.6094,177.7,2017-12-10,1.1,",,7",-6.1,",,7"
USC00111550,"CHICAGO NORTHERLY ISLAND, IL US",41.8558,-87.6094,177.7,2017-12-11,3.9,",,7",-2.8,",,7"
USC00111550,"CHICAGO NORTHERLY ISLAND, IL US",41.8558,-87.6094,177.7,2017-12-12,0,",,7",-7.2,",,7"
USC00111550,"CHICAGO NORTHERLY ISLAND, IL US",41.8558,-87.6094,177.7,2017-12-13,2.8,",,7",-5.6,",,7"
USC00111550,"CHICAGO NORTHERLY ISLAND, IL US",41.8558,-87.6094,177.7,2017-12-14,-0.6,",,7",-6.7,",,7"
USC00111550,"CHICAGO NORTHERLY ISLAND, IL US",41.8558,-87.6094,177.7,2017-12-15,3.3,",,7",-5,",,7"
USC00111550,"CHICAGO NORTHERLY ISLAND, IL US",41.8558,-87.6094,177.7,2017-12-16,8.3,",,7",1.1,",,7"
USC00111550,"CHICAGO NORTHERLY ISLAND, IL US",41.8558,-87.6094,177.7,2017-12-17,7.2,",,7",1.1,",,7"
USC00111550,"CHICAGO NORTHERLY ISLAND, IL US",41.8558,-87.6094,177.7,2017-12-18,7.2,",,7",5.6,",,7"
USC00111550,"CHICAGO NORTHERLY ISLAND, IL US",41.8558,-87.6094,177.7,2017-12-19,10,",,7",2.8,",,7"
USC00111550,"CHICAGO NORTHERLY ISLAND, IL US",41.8558,-87.6094,177.7,2017-12-20,3.3,",,7",-1.1,",,7"
USC00111550,"CHICAGO NORTHERLY ISLAND, IL US",41.8558,-87.6094,177.7,2017-12-21,3.3,",,7",0.6,",,7"
USC00111550,"CHICAGO NORTHERLY ISLAND, IL US",41.8558,-87.6094,177.7,2017-12-22,3.9,",,7",0.6,",,7"
USC00111550,"CHICAGO NORTHERLY ISLAND, IL US",41.8558,-87.6094,177.7,2017-12-23,1.1,",,7",-5.6,",,7"
USC00111550,"CHICAGO NORTHERLY ISLAND, IL US",41.8558,-87.6094,177.7,2017-12-24,-3.3,",,7",-6.7,",,7"
USC00111550,"CHICAGO NORTHERLY ISLAND, IL US",41.8558,-87.6094,177.7,2017-12-25,-5.6,",,7",-14.4,",,7"
USC00111550,"CHICAGO NORTHERLY ISLAND, IL US",41.8558,-87.6094,177.7,2017-12-26,-13.9,",,7",-17.8,",,7"
USC00111550,"CHICAGO NORTHERLY ISLAND, IL US",41.8558,-87.6094,177.7,2017-12-27,-12.2,",,7",-17.8,",,7"
USC00111550,"CHICAGO NORTHERLY ISLAND, IL US",41.8558,-87.6094,177.7,2017-12-28,-10,",,7",-15,",,7"
USC00111550,"CHICAGO NORTHERLY ISLAND, IL US",41.8558,-87.6094,177.7,2017-12-29,-9.4,",,7",-11.7,",,7"
USC00111550,"CHICAGO NORTHERLY ISLAND, IL US",41.8558,-87.6094,177.7,2017-12-30,-9.4,",,7",-16.7,",,7"
USC00111550,"CHICAGO NORTHERLY ISLAND, IL US",41.8558,-87.6094,177.7,2017-12-31,-9.4,",,7",-16.7,",,7"
USW00094846,"CHICAGO OHARE INTERNATIONAL AIRPORT, IL US",41.96017,-87.93164,204.8,2017-01-01,4.4,",,W",-8.2,",,W"
USW00094846,"CHICAGO OHARE INTERNATIONAL AIRPORT, IL US",41.96017,-87.93164,204.8,2017-01-02,4.4,",,W",-3.8,",,W"
USW00094846,"CHICAGO OHARE INTERNATIONAL AIRPORT, IL US",41.96017,-87.93164,204.8,2017-01-03,3.9,",,W",-7.1,",,W"
USW00094846,"CHICAGO OHARE INTERNATIONAL AIRPORT, IL US",41.96017,-87.93164,204.8,2017-01-04,-7.1,",,W",-13.8,",,W"
USW00094846,"CHICAGO OHARE INTERNATIONAL AIRPORT, IL US",41.96017,-87.93164,204.8,2017-01-05,-10.5,",,W",-16,",,W"
USW00094846,"CHICAGO OHARE INTERNATIONAL AIRPORT, IL US",41.96017,-87.93164,204.8,2017-01-06,-12.7,",,W",-17.7,",,W"
USW00094846,"CHICAGO OHARE INTERNATIONAL AIRPORT, IL US",41.96017,-87.93164,204.8,2017-01-07,-7.7,",,W",-17.7,",,W"
USW00094846,"CHICAGO OHARE INTERNATIONAL AIRPORT, IL US",41.96017,-87.93164,204.8,2017-01-08,-7.1,",,W",-16.6,",,W"
USW00094846,"CHICAGO OHARE INTERNATIONAL AIRPORT, IL US",41.96017,-87.93164,204.8,2017-01-09,0.6,",,W",-7.1,",,W"
USW00094846,"CHICAGO OHARE INTERNATIONAL AIRPORT, IL US",41.96017,-87.93164,204.8,2017-01-10,10.6,",,W",-3.8,",,W"
USW00094846,"CHICAGO OHARE INTERNATIONAL AIRPORT, IL US",41.96017,-87.93164,204.8,2017-01-11,6.1,",,W",-3.8,",,W"
USW00094846,"CHICAGO OHARE INTERNATIONAL AIRPORT, IL US",41.96017,-87.93164,204.8,2017-01-12,-2.1,",,W",-7.1,",,W"
USW00094846,"CHICAGO OHARE INTERNATIONAL AIRPORT, IL US",41.96017,-87.93164,204.8,2017-01-13,-2.7,",,W",-8.8,",,W"
USW00094846,"CHICAGO OHARE INTERNATIONAL AIRPORT, IL US",41.96017,-87.93164,204.8,2017-01-14,1.7,",,W",-6,",,W"
USW00094846,"CHICAGO OHARE INTERNATIONAL AIRPORT, IL US",41.96017,-87.93164,204.8,2017-01-15,2.2,",,W",-6.6,",,W"
USW00094846,"CHICAGO OHARE INTERNATIONAL AIRPORT, IL US",41.96017,-87.93164,204.8,2017-01-16,2.8,",,W",-1,",,W"
USW00094846,"CHICAGO OHARE INTERNATIONAL AIRPORT, IL US",41.96017,-87.93164,204.8,2017-01-17,3.9,",,W",1.7,",,W"
USW00094846,"CHICAGO OHARE INTERNATIONAL AIRPORT, IL US",41.96017,-87.93164,204.8,2017-01-18,2.2,",,W",-1,",,W"
USW00094846,"CHICAGO OHARE INTERNATIONAL AIRPORT, IL US",41.96017,-87.93164,204.8,2017-01-19,5.6,",,W",-1,",,W"
USW00094846,"CHICAGO OHARE INTERNATIONAL AIRPORT, IL US",41.96017,-87.93164,204.8,2017-01-20,6.1,",,W",3.3,",,W"
USW00094846,"CHICAGO OHARE INTERNATIONAL AIRPORT, IL US",41.96017,-87.93164,204.8,2017-01-21,15,",,W",4.4,",,W"
USW00094846,"CHICAGO OHARE INTERNATIONAL AIRPORT, IL US",41.96017,-87.93164,204.8,2017-01-22,7.8,",,W",3.3,",,W"
USW00094846,"CHICAGO OHARE INTERNATIONAL AIRPORT, IL US",41.96017,-87.93164,204.8,2017-01-23,5.6,",,W",2.2,",,W"
USW00094846,"CHICAGO OHARE INTERNATIONAL AIRPORT, IL US",41.96017,-87.93164,204.8,2017-01-24,3.3,",,W",1.1,",,W"
USW00094846,"CHICAGO OHARE INTERNATIONAL AIRPORT, IL US",41.96017,-87.93164,204.8,2017-01-25,5.6,",,W",1.1,",,W"
USW00094846,"CHICAGO OHARE INTERNATIONAL AIRPORT, IL US",41.96017,-87.93164,204.8,2017-01-26,1.1,",,W",-1,",,W"
USW00094846,"CHICAGO OHARE INTERNATIONAL AIRPORT, IL US",41.96017,-87.93164,204.8,2017-01-27,-0.5,",,W",-4.3,",,W"
USW00094846,"CHICAGO OHARE INTERNATIONAL AIRPORT, IL US",41.96017,-87.93164,204.8,2017-01-28,-1.6,",,W",-4.3,",,W"
USW00094846,"CHICAGO OHARE INTERNATIONAL AIRPORT, IL US",41.96017,-87.93164,204.8,2017-01-29,-2.1,",,W",-6,",,W"
USW00094846,"CHICAGO OHARE INTERNATIONAL AIRPORT, IL US",41.96017,-87.93164,204.8,2017-01-30,2.8,",,W",-9.3,",,W"
USW00094846,"CHICAGO OHARE INTERNATIONAL AIRPORT, IL US",41.96017,-87.93164,204.8,2017-01-31,3.9,",,W",1.7,",,W"
USW00094846,"CHICAGO OHARE INTERNATIONAL AIRPORT, IL US",41.96017,-87.93164,204.8,2017-02-01,3.3,",,W",-6,",,W"
USW00094846,"CHICAGO OHARE INTERNATIONAL AIRPORT, IL US",41.96017,-87.93164,204.8,2017-02-02,-4.3,",,W",-9.9,",,W"
USW00094846,"CHICAGO OHARE INTERNATIONAL AIRPORT, IL US",41.96017,-87.93164,204.8,2017-02-03,-2.1,",,W",-9.9,",,W"
USW00094846,"CHICAGO OHARE INTERNATIONAL AIRPORT, IL US",41.96017,-87.93164,204.8,2017-02-04,0.6,",,W",-12.1,",,W"
USW00094846,"CHICAGO OHARE INTERNATIONAL AIRPORT, IL US",41.96017,-87.93164,204.8,2017-02-05,3.3,",,W",-4.3,",,W"
USW00094846,"CHICAGO OHARE INTERNATIONAL AIRPORT, IL US",41.96017,-87.93164,204.8,2017-02-06,12.8,",,W",-6,",,W"
USW00094846,"CHICAGO OHARE INTERNATIONAL AIRPORT, IL US",41.96017,-87.93164,204.8,2017-02-07,10,",,W",0,",,W"
USW00094846,"CHICAGO OHARE INTERNATIONAL AIRPORT, IL US",41.96017,-87.93164,204.8,2017-02-08,0,",,W",-7.1,",,W"
USW00094846,"CHICAGO OHARE INTERNATIONAL AIRPORT, IL US",41.96017,-87.93164,204.8,2017-02-09,-3.8,",,W",-10.5,",,W"
USW00094846,"CHICAGO OHARE INTERNATIONAL AIRPORT, IL US",41.96017,-87.93164,204.8,2017-02-10,5,",,W",-7.7,",,W"
USW00094846,"CHICAGO OHARE INTERNATIONAL AIRPORT, IL US",41.96017,-87.93164,204.8,2017-02-11,9.4,",,W",1.1,",,W"
USW00094846,"CHICAGO OHARE INTERNATIONAL AIRPORT, IL US",41.96017,-87.93164,204.8,2017-02-12,8.3,",,W",-0.5,",,W"
USW00094846,"CHICAGO OHARE INTERNATIONAL AIRPORT, IL US",41.96017,-87.93164,204.8,2017-02-13,6.7,",,W",-3.8,",,W"
USW00094846,"CHICAGO OHARE INTERNATIONAL AIRPORT, IL US",41.96017,-87.93164,204.8,2017-02-14,10,",,W",-0.5,",,W"
USW00094846,"CHICAGO OHARE INTERNATIONAL AIRPORT, IL US",41.96017,-87.93164,204.8,2017-02-15,1.7,",,W",-3.2,",,W"
USW00094846,"CHICAGO OHARE INTERNATIONAL AIRPORT, IL US",41.96017,-87.93164,204.8,2017-02-16,5,",,W",-1,",,W"
USW00094846,"CHICAGO OHARE INTERNATIONAL AIRPORT, IL US",41.96017,-87.93164,204.8,2017-02-17,19.4,",,W",-2.7,",,W"
USW00094846,"CHICAGO OHARE INTERNATIONAL AIRPORT, IL US",41.96017,-87.93164,204.8,2017-02-18,21.1,",,W",4.4,",,W"
USW00094846,"CHICAGO OHARE INTERNATIONAL AIRPORT, IL US",41.96017,-87.93164,204.8,2017-02-19,20.6,",,W",1.7,",,W"
USW00094846,"CHICAGO OHARE INTERNATIONAL AIRPORT, IL US",41.96017,-87.93164,204.8,2017-02-20,21.1,",,W",5,",,W"
USW00094846,"CHICAGO OHARE INTERNATIONAL AIRPORT, IL US",41.96017,-87.93164,204.8,2017-02-21,18.9,",,W",9.4,",,W"
USW00094846,"CHICAGO OHARE INTERNATIONAL AIRPORT, IL US",41.96017,-87.93164,204.8,2017-02-22,20,",,W",10,",,W"
USW00094846,"CHICAGO OHARE INTERNATIONAL AIRPORT, IL US",41.96017,-87.93164,204.8,2017-02-23,15,",,W",3.3,",,W"
USW00094846,"CHICAGO OHARE INTERNATIONAL AIRPORT, IL US",41.96017,-87.93164,204.8,2017-02-24,4.4,",,W",0.6,",,W"
USW00094846,"CHICAGO OHARE INTERNATIONAL AIRPORT, IL US",41.96017,-87.93164,204.8,2017-02-25,0.6,",,W",-4.9,",,W"
USW00094846,"CHICAGO OHARE INTERNATIONAL AIRPORT, IL US",41.96017,-87.93164,204.8,2017-02-26,9.4,",,W",-6,",,W"
USW00094846,"CHICAGO OHARE INTERNATIONAL AIRPORT, IL US",41.96017,-87.93164,204.8,2017-02-27,12.2,",,W",-2.7,",,W"
USW00094846,"CHICAGO OHARE INTERNATIONAL AIRPORT, IL US",41.96017,-87.93164,204.8,2017-02-28,15.6,",,W",8.3,",,W"
USW00094846,"CHICAGO OHARE INTERNATIONAL AIRPORT, IL US",41.96017,-87.93164,204.8,2017-03-01,12.2,",,W",0,",,W"
USW00094846,"CHICAGO OHARE INTERNATIONAL AIRPORT, IL US",41.96017,-87.93164,204.8,2017-03-02,1.7,",,W",-2.7,",,W"
USW00094846,"CHICAGO OHARE INTERNATIONAL AIRPORT, IL US",41.96017,-87.93164,204.8,2017-03-03,0.6,",,W",-6,",,W"
USW00094846,"CHICAGO OHARE INTERNATIONAL AIRPORT, IL US",41.96017,-87.93164,204.8,2017-03-04,5.6,",,W",-2.1,",,W"
USW00094846,"CHICAGO OHARE INTERNATIONAL AIRPORT, IL US",41.96017,-87.93164,204.8,2017-03-05,15.6,",,W",0,",,W"
USW00094846,"CHICAGO OHARE INTERNATIONAL AIRPORT, IL US",41.96017,-87.93164,204.8,2017-03-06,18.3,",,W",11.1,",,W"
USW00094846,"CHICAGO OHARE INTERNATIONAL AIRPORT, IL US",41.96017,-87.93164,204.8,2017-03-07,18.3,",,W",6.7,",,W"
USW00094846,"CHICAGO OHARE INTERNATIONAL AIRPORT, IL US",41.96017,-87.93164,204.8,2017-03-08,11.7,",,W",4.4,",,W"
USW00094846,"CHICAGO OHARE INTERNATIONAL AIRPORT, IL US",41.96017,-87.93164,204.8,2017-03-09,5.6,",,W",-1.6,",,W"
USW00094846,"CHICAGO OHARE INTERNATIONAL AIRPORT, IL US",41.96017,-87.93164,204.8,2017-03-10,2.2,",,W",-4.9,",,W"
USW00094846,"CHICAGO OHARE INTERNATIONAL AIRPORT, IL US",41.96017,-87.93164,204.8,2017-03-11,0,",,W",-7.7,",,W"
USW00094846,"CHICAGO OHARE INTERNATIONAL AIRPORT, IL US",41.96017,-87.93164,204.8,2017-03-12,2.2,",,W",-7.7,",,W"
USW00094846,"CHICAGO OHARE INTERNATIONAL AIRPORT, IL US",41.96017,-87.93164,204.8,2017-03-13,-0.5,",,W",-2.7,",,W"
USW00094846,"CHICAGO OHARE INTERNATIONAL AIRPORT, IL US",41.96017,-87.93164,204.8,2017-03-14,-2.1,",,W",-7.1,",,W"
USW00094846,"CHICAGO OHARE INTERNATIONAL AIRPORT, IL US",41.96017,-87.93164,204.8,2017-03-15,0.6,",,W",-8.8,",,W"
USW00094846,"CHICAGO OHARE INTERNATIONAL AIRPORT, IL US",41.96017,-87.93164,204.8,2017-03-16,5.6,",,W",-7.7,",,W"
USW00094846,"CHICAGO OHARE INTERNATIONAL AIRPORT, IL US",41.96017,-87.93164,204.8,2017-03-17,10,",,W",2.2,",,W"
USW00094846,"CHICAGO OHARE INTERNATIONAL AIRPORT, IL US",41.96017,-87.93164,204.8,2017-03-18,7.2,",,W",0,",,W"
USW00094846,"CHICAGO OHARE INTERNATIONAL AIRPORT, IL US",41.96017,-87.93164,204.8,2017-03-19,11.7,",,W",-1.6,",,W"
USW00094846,"CHICAGO OHARE INTERNATIONAL AIRPORT, IL US",41.96017,-87.93164,204.8,2017-03-20,12.2,",,W",2.8,",,W"
USW00094846,"CHICAGO OHARE INTERNATIONAL AIRPORT, IL US",41.96017,-87.93164,204.8,2017-03-21,12.2,",,W",0.6,",,W"
USW00094846,"CHICAGO OHARE INTERNATIONAL AIRPORT, IL US",41.96017,-87.93164,204.8,2017-03-22,2.8,",,W",-2.1,",,W"
USW00094846,"CHICAGO OHARE INTERNATIONAL AIRPORT, IL US",41.96017,-87.93164,204.8,2017-03-23,10,",,W",-1.6,",,W"
USW00094846,"CHICAGO OHARE INTERNATIONAL AIRPORT, IL US",41.96017,-87.93164,204.8,2017-03-24,27.8,",,W",5.6,",,W"
USW00094846,"CHICAGO OHARE INTERNATIONAL AIRPORT, IL US",41.96017,-87.93164,204.8,2017-03-25,8.3,",,W",5,",,W"
USW00094846,"CHICAGO OHARE INTERNATIONAL AIRPORT, IL US",41.96017,-87.93164,204.8,2017-03-26,16.7,",,W",8.3,",,W"
USW00094846,"CHICAGO OHARE INTERNATIONAL AIRPORT, IL US",41.96017,-87.93164,204.8,2017-03-27,11.1,",,W",5.6,",,W"
USW00094846,"CHICAGO OHARE INTERNATIONAL AIRPORT, IL US",41.96017,-87.93164,204.8,2017-03-28,10,",,W",2.2,",,W"
USW00094846,"CHICAGO OHARE INTERNATIONAL AIRPORT, IL US",41.96017,-87.93164,204.8,2017-03-29,9.4,",,W",1.7,",,W"
USW00094846,"CHICAGO OHARE INTERNATIONAL AIRPORT, IL US",41.96017,-87.93164,204.8,2017-03-30,7.2,",,W",3.9,",,W"
USW00094846,"CHICAGO OHARE INTERNATIONAL AIRPORT, IL US",41.96017,-87.93164,204.8,2017-03-31,6.7,",,W",2.2,",,W"
USW00094846,"CHICAGO OHARE INTERNATIONAL AIRPORT, IL US",41.96017,-87.93164,204.8,2017-04-01,15,",,W",1.1,",,W"
USW00094846,"CHICAGO OHARE INTERNATIONAL AIRPORT, IL US",41.96017,-87.93164,204.8,2017-04-02,16.1,",,W",5.6,",,W"
USW00094846,"CHICAGO OHARE INTERNATIONAL AIRPORT, IL US",41.96017,-87.93164,204.8,2017-04-03,12.2,",,W",7.8,",,W"
USW00094846,"CHICAGO OHARE INTERNATIONAL AIRPORT, IL US",41.96017,-87.93164,204.8,2017-04-04,13.3,",,W",6.1,",,W"
USW00094846,"CHICAGO OHARE INTERNATIONAL AIRPORT, IL US",41.96017,-87.93164,204.8,2017-04-05,8.3,",,W",4.4,",,W"
USW00094846,"CHICAGO OHARE INTERNATIONAL AIRPORT, IL US",41.96017,-87.93164,204.8,2017-04-06,10.6,",,W",3.3,",,W"
USW00094846,"CHICAGO OHARE INTERNATIONAL AIRPORT, IL US",41.96017,-87.93164,204.8,2017-04-07,12.2,",,W",2.8,",,W"
USW00094846,"CHICAGO OHARE INTERNATIONAL AIRPORT, IL US",41.96017,-87.93164,204.8,2017-04-08,20,",,W",2.8,",,W"
USW00094846,"CHICAGO OHARE INTERNATIONAL AIRPORT, IL US",41.96017,-87.93164,204.8,2017-04-09,25,",,W",13.9,",,W"
USW00094846,"CHICAGO OHARE INTERNATIONAL AIRPORT, IL US",41.96017,-87.93164,204.8,2017-04-10,25.6,",,W",5,",,W"
USW00094846,"CHICAGO OHARE INTERNATIONAL AIRPORT, IL US",41.96017,-87.93164,204.8,2017-04-11,12.2,",,W",5,",,W"
USW00094846,"CHICAGO OHARE INTERNATIONAL AIRPORT, IL US",41.96017,-87.93164,204.8,2017-04-12,15,",,W",3.3,",,W"
USW00094846,"CHICAGO OHARE INTERNATIONAL AIRPORT, IL US",41.96017,-87.93164,204.8,2017-04-13,15.6,",,W",6.7,",,W"
USW00094846,"CHICAGO OHARE INTERNATIONAL AIRPORT, IL US",41.96017,-87.93164,204.8,2017-04-14,18.9,",,W",8.3,",,W"
USW00094846,"CHICAGO OHARE INTERNATIONAL AIRPORT, IL US",41.96017,-87.93164,204.8,2017-04-15,27.8,",,W",16.1,",,W"
USW00094846,"CHICAGO OHARE INTERNATIONAL AIRPORT, IL US",41.96017,-87.93164,204.8,2017-04-16,22.8,",,W",11.1,",,W"
USW00094846,"CHICAGO OHARE INTERNATIONAL AIRPORT, IL US",41.96017,-87.93164,204.8,2017-04-17,20.6,",,W",6.7,",,W"
USW00094846,"CHICAGO OHARE INTERNATIONAL AIRPORT, IL US",41.96017,-87.93164,204.8,2017-04-18,24.4,",,W",5,",,W"
USW00094846,"CHICAGO OHARE INTERNATIONAL AIRPORT, IL US",41.96017,-87.93164,204.8,2017-04-19,21.1,",,W",7.2,",,W"
USW00094846,"CHICAGO OHARE INTERNATIONAL AIRPORT, IL US",41.96017,-87.93164,204.8,2017-04-20,22.8,",,W",8.9,",,W"
USW00094846,"CHICAGO OHARE INTERNATIONAL AIRPORT, IL US",41.96017,-87.93164,204.8,2017-04-21,11.7,",,W",6.7,",,W"
USW00094846,"CHICAGO OHARE INTERNATIONAL AIRPORT, IL US",41.96017,-87.93164,204.8,2017-04-22,15.6,",,W",3.3,",,W"
USW00094846,"CHICAGO OHARE INTERNATIONAL AIRPORT, IL US",41.96017,-87.93164,204.8,2017-04-23,22.2,",,W",2.8,",,W"
USW00094846,"CHICAGO OHARE INTERNATIONAL AIRPORT, IL US",41.96017,-87.93164,204.8,2017-04-24,22.8,",,W",4.4,",,W"
USW00094846,"CHICAGO OHARE INTERNATIONAL AIRPORT, IL US",41.96017,-87.93164,204.8,2017-04-25,26.1,",,W",11.1,",,W"
USW00094846,"CHICAGO OHARE INTERNATIONAL AIRPORT, IL US",41.96017,-87.93164,204.8,2017-04-26,23.3,",,W",15.6,",,W"
USW00094846,"CHICAGO OHARE INTERNATIONAL AIRPORT, IL US",41.96017,-87.93164,204.8,2017-04-27,16.7,",,W",5,",,W"
USW00094846,"CHICAGO OHARE INTERNATIONAL AIRPORT, IL US",41.96017,-87.93164,204.8,2017-04-28,15.6,",,W",4.4,",,W"
USW00094846,"CHICAGO OHARE INTERNATIONAL AIRPORT, IL US",41.96017,-87.93164,204.8,2017-04-29,7.8,",,W",4.4,",,W"
USW00094846,"CHICAGO OHARE INTERNATIONAL AIRPORT, IL US",41.96017,-87.93164,204.8,2017-04-30,8.3,",,W",5.6,",,W"
USW00094846,"CHICAGO OHARE INTERNATIONAL AIRPORT, IL US",41.96017,-87.93164,204.8,2017-05-01,13.9,",,W",7.2,",,W"
USW00094846,"CHICAGO OHARE INTERNATIONAL AIRPORT, IL US",41.96017,-87.93164,204.8,2017-05-02,10.6,",,W",5,",,W"
USW00094846,"CHICAGO OHARE INTERNATIONAL AIRPORT, IL US",41.96017,-87.93164,204.8,2017-05-03,13.3,",,W",1.7,",,W"
USW00094846,"CHICAGO OHARE INTERNATIONAL AIRPORT, IL US",41.96017,-87.93164,204.8,2017-05-04,12.2,",,W",6.1,",,W"
USW00094846,"CHICAGO OHARE INTERNATIONAL AIRPORT, IL US",41.96017,-87.93164,204.8,2017-05-05,16.1,",,W",5,",,W"
USW00094846,"CHICAGO OHARE INTERNATIONAL AIRPORT, IL US",41.96017,-87.93164,204.8,2017-05-06,14.4,",,W",6.7,",,W"
USW00094846,"CHICAGO OHARE INTERNATIONAL AIRPORT, IL US",41.96017,-87.93164,204.8,2017-05-07,15,",,W",2.2,",,W"
USW00094846,"CHICAGO OHARE INTERNATIONAL AIRPORT, IL US",41.96017,-87.93164,204.8,2017-05-08,13.9,",,W",1.1,",,W"
USW00094846,"CHICAGO OHARE INTERNATIONAL AIRPORT, IL US",41.96017,-87.93164,204.8,2017-05-09,16.1,",,W",5.6,",,W"
USW00094846,"CHICAGO OHARE INTERNATIONAL AIRPORT, IL US",41.96017,-87.93164,204.8,2017-05-10,19.4,",,W",6.7,",,W"
USW00094846,"CHICAGO OHARE INTERNATIONAL AIRPORT, IL US",41.96017,-87.93164,204.8,2017-05-11,18.3,",,W",9.4,",,W"
USW00094846,"CHICAGO OHARE INTERNATIONAL AIRPORT, IL US",41.96017,-87.93164,204.8,2017-05-12,22.8,",,W",7.2,",,W"
USW00094846,"CHICAGO OHARE INTERNATIONAL AIRPORT, IL US",41.96017,-87.93164,204.8,2017-05-13,27.8,",,W",8.3,",,W"
USW00094846,"CHICAGO OHARE INTERNATIONAL AIRPORT, IL US",41.96017,-87.93164,204.8,2017-05-14,21.7,",,W",10.6,",,W"
USW00094846,"CHICAGO OHARE INTERNATIONAL AIRPORT, IL US",41.96017,-87.93164,204.8,2017-05-15,27.8,",,W",10,",,W"
USW00094846,"CHICAGO OHARE INTERNATIONAL AIRPORT, IL US",41.96017,-87.93164,204.8,2017-05-16,30.6,",,W",16.1,",,W"
USW00094846,"CHICAGO OHARE INTERNATIONAL AIRPORT, IL US",41.96017,-87.93164,204.8,2017-05-17,28.9,",,W",16.7,",,W"
USW00094846,"CHICAGO OHARE INTERNATIONAL AIRPORT, IL US",41.96017,-87.93164,204.8,2017-05-18,25.6,",,W",8.9,",,W"
USW00094846,"CHICAGO OHARE INTERNATIONAL AIRPORT, IL US",41.96017,-87.93164,204.8,2017-05-19,10,",,W",6.1,",,W"
USW00094846,"CHICAGO OHARE INTERNATIONAL AIRPORT, IL US",41.96017,-87.93164,204.8,2017-05-20,17.8,",,W",8.9,",,W"
USW00094846,"CHICAGO OHARE INTERNATIONAL AIRPORT, IL US",41.96017,-87.93164,204.8,2017-05-21,18.3,",,W",10.6,",,W"
USW00094846,"CHICAGO OHARE INTERNATIONAL AIRPORT, IL US",41.96017,-87.93164,204.8,2017-05-22,22.8,",,W",8.9,",,W"
USW00094846,"CHICAGO OHARE INTERNATIONAL AIRPORT, IL US",41.96017,-87.93164,204.8,2017-05-23,16.7,",,W",12.8,",,W"
USW00094846,"CHICAGO OHARE INTERNATIONAL AIRPORT, IL US",41.96017,-87.93164,204.8,2017-05-24,16.7,",,W",11.7,",,W"
USW00094846,"CHICAGO OHARE INTERNATIONAL AIRPORT, IL US",41.96017,-87.93164,204.8,2017-05-25,20.6,",,W",11.1,",,W"
USW00094846,"CHICAGO OHARE INTERNATIONAL AIRPORT, IL US",41.96017,-87.93164,204.8,2017-05-26,21.7,",,W",11.1,",,W"
USW00094846,"CHICAGO OHARE INTERNATIONAL AIRPORT, IL US",41.96017,-87.93164,204.8,2017-05-27,25.6,",,W",11.1,",,W"
USW00094846,"CHICAGO OHARE INTERNATIONAL AIRPORT, IL US",41.96017,-87.93164,204.8,2017-05-28,25,",,W",13.3,",,W"
USW00094846,"CHICAGO OHARE INTERNATIONAL AIRPORT, IL US",41.96017,-87.93164,204.8,2017-05-29,25,",,W",12.8,",,W"
USW00094846,"CHICAGO OHARE INTERNATIONAL AIRPORT, IL US",41.96017,-87.93164,204.8,2017-05-30,23.3,",,W",12.2,",,W"
USW00094846,"CHICAGO OHARE INTERNATIONAL AIRPORT, IL US",41.96017,-87.93164,204.8,2017-05-31,23.3,",,W",11.1,",,W"
USW00094846,"CHICAGO OHARE INTERNATIONAL AIRPORT, IL US",41.96017,-87.93164,204.8,2017-06-01,27.2,",,W",10.6,",,W"
USW00094846,"CHICAGO OHARE INTERNATIONAL AIRPORT, IL US",41.96017,-87.93164,204.8,2017-06-02,30,",,W",11.7,",,W"
USW00094846,"CHICAGO OHARE INTERNATIONAL AIRPORT, IL US",41.96017,-87.93164,204.8,2017-06-03,28.9,",,W",13.9,",,W"
USW00094846,"CHICAGO OHARE INTERNATIONAL AIRPORT, IL US",41.96017,-87.93164,204.8,2017-06-04,33.3,",,W",18.9,",,W"
USW00094846,"CHICAGO OHARE INTERNATIONAL AIRPORT, IL US",41.96017,-87.93164,204.8,2017-06-05,23.9,",,W",15,",,W"
USW00094846,"CHICAGO OHARE INTERNATIONAL AIRPORT, IL US",41.96017,-87.93164,204.8,2017-06-06,24.4,",,W",12.2,",,W"
USW00094846,"CHICAGO OHARE INTERNATIONAL AIRPORT, IL US",41.96017,-87.93164,204.8,2017-06-07,25,",,W",13.3,",,W"
USW00094846,"CHICAGO OHARE INTERNATIONAL AIRPORT, IL US",41.96017,-87.93164,204.8,2017-06-08,28.3,",,W",11.7,",,W"
USW00094846,"CHICAGO OHARE INTERNATIONAL AIRPORT, IL US",41.96017,-87.93164,204.8,2017-06-09,30.6,",,W",18.3,",,W"
USW00094846,"CHICAGO OHARE INTERNATIONAL AIRPORT, IL US",41.96017,-87.93164,204.8,2017-06-10,32.2,",,W",17.8,",,W"
USW00094846,"CHICAGO OHARE INTERNATIONAL AIRPORT, IL US",41.96017,-87.93164,204.8,2017-06-11,33.9,",,W",22.8,",,W"
USW00094846,"CHICAGO OHARE INTERNATIONAL AIRPORT, IL US",41.96017,-87.93164,204.8,2017-06-12,35,",,W",22.8,",,W"
USW00094846,"CHICAGO OHARE INTERNATIONAL AIRPORT, IL US",41.96017,-87.93164,204.8,2017-06-13,31.1,",,W",20,",,W"
USW00094846,"CHICAGO OHARE INTERNATIONAL AIRPORT, IL US",41.96017,-87.93164,204.8,2017-06-14,33.3,",,W",20,",,W"
USW00094846,"CHICAGO OHARE INTERNATIONAL AIRPORT, IL US",41.96017,-87.93164,204.8,2017-06-15,32.8,",,W",20,",,W"
USW00094846,"CHICAGO OHARE INTERNATIONAL AIRPORT, IL US",41.96017,-87.93164,204.8,2017-06-16,30,",,W",19.4,",,W"
USW00094846,"CHICAGO OHARE INTERNATIONAL AIRPORT, IL US",41.96017,-87.93164,204.8,2017-06-17,30.6,",,W",20.6,",,W"
USW00094846,"CHICAGO OHARE INTERNATIONAL AIRPORT, IL US",41.96017,-87.93164,204.8,2017-06-18,26.1,",,W",20.6,",,W"
USW00094846,"CHICAGO OHARE INTERNATIONAL AIRPORT, IL US",41.96017,-87.93164,204.8,2017-06-19,26.7,",,W",16.7,",,W"
USW00094846,"CHICAGO OHARE INTERNATIONAL AIRPORT, IL US",41.96017,-87.93164,204.8,2017-06-20,26.7,",,W",14.4,",,W"
USW00094846,"CHICAGO OHARE INTERNATIONAL AIRPORT, IL US",41.96017,-87.93164,204.8,2017-06-21,26.7,",,W",12.8,",,W"
USW00094846,"CHICAGO OHARE INTERNATIONAL AIRPORT, IL US",41.96017,-87.93164,204.8,2017-06-22,31.1,",,W",20,",,W"
USW00094846,"CHICAGO OHARE INTERNATIONAL AIRPORT, IL US",41.96017,-87.93164,204.8,2017-06-23,28.3,",,W",18.9,",,W"
USW00094846,"CHICAGO OHARE INTERNATIONAL AIRPORT, IL US",41.96017,-87.93164,204.8,2017-06-24,23.9,",,W",15,",,W"
USW00094846,"CHICAGO OHARE INTERNATIONAL AIRPORT, IL US",41.96017,-87.93164,204.8,2017-06-25,22.2,",,W",12.2,",,W"
USW00094846,"CHICAGO OHARE INTERNATIONAL AIRPORT, IL US",41.96017,-87.93164,204.8,2017-06-26,23.9,",,W",12.2,",,W"
USW00094846,"CHICAGO OHARE INTERNATIONAL AIRPORT, IL US",41.96017,-87.93164,204.8,2017-06-27,25.6,",,W",10,",,W"
USW00094846,"CHICAGO OHARE INTERNATIONAL AIRPORT, IL US",41.96017,-87.93164,204.8,2017-06-28,26.7,",,W",14.4,",,W"
USW00094846,"CHICAGO OHARE INTERNATIONAL AIRPORT, IL US",41.96017,-87.93164,204.8,2017-06-29,27.2,",,W",18.9,",,W"
USW00094846,"CHICAGO OHARE INTERNATIONAL AIRPORT, IL US",41.96017,-87.93164,204.8,2017-06-30,28.9,",,W",17.8,",,W"
USW00094846,"CHICAGO OHARE INTERNATIONAL AIRPORT, IL US",41.96017,-87.93164,204.8,2017-07-01,27.8,",,W",18.9,",,W"
USW00094846,"CHICAGO OHARE INTERNATIONAL AIRPORT, IL US",41.96017,-87.93164,204.8,2017-07-02,31.7,",,W",16.7,",,W"
USW00094846,"CHICAGO OHARE INTERNATIONAL AIRPORT, IL US",41.96017,-87.93164,204.8,2017-07-03,26.7,",,W",18.9,",,W"
USW00094846,"CHICAGO OHARE INTERNATIONAL AIRPORT, IL US",41.96017,-87.93164,204.8,2017-07-04,28.3,",,W",17.8,",,W"
USW00094846,"CHICAGO OHARE INTERNATIONAL AIRPORT, IL US",41.96017,-87.93164,204.8,2017-07-05,31.7,",,W",18.3,",,W"
USW00094846,"CHICAGO OHARE INTERNATIONAL AIRPORT, IL US",41.96017,-87.93164,204.8,2017-07-06,33.9,",,W",20.6,",,W"
USW00094846,"CHICAGO OHARE INTERNATIONAL AIRPORT, IL US",41.96017,-87.93164,204.8,2017-07-07,31.7,",,W",17.2,",,W"
USW00094846,"CHICAGO OHARE INTERNATIONAL AIRPORT, IL US",41.96017,-87.93164,204.8,2017-07-08,26.7,",,W",16.7,",,W"
USW00094846,"CHICAGO OHARE INTERNATIONAL AIRPORT, IL US",41.96017,-87.93164,204.8,2017-07-09,30,",,W",17.2,",,W"
USW00094846,"CHICAGO OHARE INTERNATIONAL AIRPORT, IL US",41.96017,-87.93164,204.8,2017-07-10,28.9,",,W",19.4,",,W"
USW00094846,"CHICAGO OHARE INTERNATIONAL AIRPORT, IL US",41.96017,-87.93164,204.8,2017-07-11,29.4,",,W",21.1,",,W"
USW00094846,"CHICAGO OHARE INTERNATIONAL AIRPORT, IL US",41.96017,-87.93164,204.8,2017-07-12,27.2,",,W",20,",,W"
USW00094846,"CHICAGO OHARE INTERNATIONAL AIRPORT, IL US",41.96017,-87.93164,204.8,2017-07-13,28.3,",,W",22.2,",,W"
USW00094846,"CHICAGO OHARE INTERNATIONAL AIRPORT, IL US",41.96017,-87.93164,204.8,2017-07-14,22.8,",,W",17.2,",,W"
USW00094846,"CHICAGO OHARE INTERNATIONAL AIRPORT, IL US",41.96017,-87.93164,204.8,2017-07-15,27.2,",,W",15.6,",,W"
USW00094846,"CHICAGO OHARE INTERNATIONAL AIRPORT, IL US",41.96017,-87.93164,204.8,2017-07-16,25.6,",,W",15.6,",,W"
USW00094846,"CHICAGO OHARE INTERNATIONAL AIRPORT, IL US",41.96017,-87.93164,204.8,2017-07-17,26.1,",,W",13.3,",,W"
USW00094846,"CHICAGO OHARE INTERNATIONAL AIRPORT, IL US",41.96017,-87.93164,204.8,2017-07-18,31.7,",,W",15.6,",,W"
USW00094846,"CHICAGO OHARE INTERNATIONAL AIRPORT, IL US",41.96017,-87.93164,204.8,2017-07-19,31.1,",,W",21.1,",,W"
USW00094846,"CHICAGO OHARE INTERNATIONAL AIRPORT, IL US",41.96017,-87.93164,204.8,2017-07-20,31.1,",,W",20.6,",,W"
USW00094846,"CHICAGO OHARE INTERNATIONAL AIRPORT, IL US",41.96017,-87.93164,204.8,2017-07-21,31.7,",,W",22.2,",,W"
USW00094846,"CHICAGO OHARE INTERNATIONAL AIRPORT, IL US",41.96017,-87.93164,204.8,2017-07-22,31.1,",,W",22.2,",,W"
USW00094846,"CHICAGO OHARE INTERNATIONAL AIRPORT, IL US",41.96017,-87.93164,204.8,2017-07-23,32.2,",,W",21.1,",,W"
USW00094846,"CHICAGO OHARE INTERNATIONAL AIRPORT, IL US",41.96017,-87.93164,204.8,2017-07-24,23.3,",,W",18.9,",,W"
USW00094846,"CHICAGO OHARE INTERNATIONAL AIRPORT, IL US",41.96017,-87.93164,204.8,2017-07-25,27.8,",,W",16.1,",,W"
USW00094846,"CHICAGO OHARE INTERNATIONAL AIRPORT, IL US",41.96017,-87.93164,204.8,2017-07-26,29.4,",,W",18.3,",,W"
USW00094846,"CHICAGO OHARE INTERNATIONAL AIRPORT, IL US",41.96017,-87.93164,204.8,2017-07-27,27.8,",,W",21.1,",,W"
USW00094846,"CHICAGO OHARE INTERNATIONAL AIRPORT, IL US",41.96017,-87.93164,204.8,2017-07-28,26.1,",,W",19.4,",,W"
USW00094846,"CHICAGO OHARE INTERNATIONAL AIRPORT, IL US",41.96017,-87.93164,204.8,2017-07-29,26.1,",,W",17.8,",,W"
USW00094846,"CHICAGO OHARE INTERNATIONAL AIRPORT, IL US",41.96017,-87.93164,204.8,2017-07-30,28.9,",,W",16.7,",,W"
USW00094846,"CHICAGO OHARE INTERNATIONAL AIRPORT, IL US",41.96017,-87.93164,204.8,2017-07-31,30,",,W",18.3,",,W"
USW00094846,"CHICAGO OHARE INTERNATIONAL AIRPORT, IL US",41.96017,-87.93164,204.8,2017-08-01,30,",,W",19.4,",,W"
USW00094846,"CHICAGO OHARE INTERNATIONAL AIRPORT, IL US",41.96017,-87.93164,204.8,2017-08-02,30.6,",,W",18.9,",,W"
USW00094846,"CHICAGO OHARE INTERNATIONAL AIRPORT, IL US",41.96017,-87.93164,204.8,2017-08-03,28.9,",,W",16.1,",,W"
USW00094846,"CHICAGO OHARE INTERNATIONAL AIRPORT, IL US",41.96017,-87.93164,204.8,2017-08-04,20,",,W",13.3,",,W"
USW00094846,"CHICAGO OHARE INTERNATIONAL AIRPORT, IL US",41.96017,-87.93164,204.8,2017-08-05,26.7,",,W",15.6,",,W"
USW00094846,"CHICAGO OHARE INTERNATIONAL AIRPORT, IL US",41.96017,-87.93164,204.8,2017-08-06,25,",,W",17.2,",,W"
USW00094846,"CHICAGO OHARE INTERNATIONAL AIRPORT, IL US",41.96017,-87.93164,204.8,2017-08-07,24.4,",,W",16.1,",,W"
USW00094846,"CHICAGO OHARE INTERNATIONAL AIRPORT, IL US",41.96017,-87.93164,204.8,2017-08-08,28.9,",,W",14.4,",,W"
USW00094846,"CHICAGO OHARE INTERNATIONAL AIRPORT, IL US",41.96017,-87.93164,204.8,2017-08-09,28.3,",,W",16.1,",,W"
USW00094846,"CHICAGO OHARE INTERNATIONAL AIRPORT, IL US",41.96017,-87.93164,204.8,2017-08-10,28.9,",,W",16.7,",,W"
USW00094846,"CHICAGO OHARE INTERNATIONAL AIRPORT, IL US",41.96017,-87.93164,204.8,2017-08-11,25.6,",,W",18.3,",,W"
USW00094846,"CHICAGO OHARE INTERNATIONAL AIRPORT, IL US",41.96017,-87.93164,204.8,2017-08-12,25,",,W",15.6,",,W"
USW00094846,"CHICAGO OHARE INTERNATIONAL AIRPORT, IL US",41.96017,-87.93164,204.8,2017-08-13,26.7,",,W",13.9,",,W"
USW00094846,"CHICAGO OHARE INTERNATIONAL AIRPORT, IL US",41.96017,-87.93164,204.8,2017-08-14,28.3,",,W",16.7,",,W"
USW00094846,"CHICAGO OHARE INTERNATIONAL AIRPORT, IL US",41.96017,-87.93164,204.8,2017-08-15,28.9,",,W",20,",,W"
USW00094846,"CHICAGO OHARE INTERNATIONAL AIRPORT, IL US",41.96017,-87.93164,204.8,2017-08-16,31.1,",,W",19.4,",,W"
USW00094846,"CHICAGO OHARE INTERNATIONAL AIRPORT, IL US",41.96017,-87.93164,204.8,2017-08-17,27.8,",,W",22.2,",,W"
USW00094846,"CHICAGO OHARE INTERNATIONAL AIRPORT, IL US",41.96017,-87.93164,204.8,2017-08-18,27.8,",,W",19.4,",,W"
USW00094846,"CHICAGO OHARE INTERNATIONAL AIRPORT, IL US",41.96017,-87.93164,204.8,2017-08-19,30,",,W",17.2,",,W"
USW00094846,"CHICAGO OHARE INTERNATIONAL AIRPORT, IL US",41.96017,-87.93164,204.8,2017-08-20,32.2,",,W",17.2,",,W"
USW00094846,"CHICAGO OHARE INTERNATIONAL AIRPORT, IL US",41.96017,-87.93164,204.8,2017-08-21,30.6,",,W",21.7,",,W"
USW00094846,"CHICAGO OHARE INTERNATIONAL AIRPORT, IL US",41.96017,-87.93164,204.8,2017-08-22,27.8,",,W",17.8,",,W"
USW00094846,"CHICAGO OHARE INTERNATIONAL AIRPORT, IL US",41.96017,-87.93164,204.8,2017-08-23,26.1,",,W",15.6,",,W"
USW00094846,"CHICAGO OHARE INTERNATIONAL AIRPORT, IL US",41.96017,-87.93164,204.8,2017-08-24,23.9,",,W",13.3,",,W"
USW00094846,"CHICAGO OHARE INTERNATIONAL AIRPORT, IL US",41.96017,-87.93164,204.8,2017-08-25,23.3,",,W",11.1,",,W"
USW00094846,"CHICAGO OHARE INTERNATIONAL AIRPORT, IL US",41.96017,-87.93164,204.8,2017-08-26,25.6,",,W",13.3,",,W"
USW00094846,"CHICAGO OHARE INTERNATIONAL AIRPORT, IL US",41.96017,-87.93164,204.8,2017-08-27,25.6,",,W",16.7,",,W"
USW00094846,"CHICAGO OHARE INTERNATIONAL AIRPORT, IL US",41.96017,-87.93164,204.8,2017-08-28,26.7,",,W",17.8,",,W"
USW00094846,"CHICAGO OHARE INTERNATIONAL AIRPORT, IL US",41.96017,-87.93164,204.8,2017-08-29,24.4,",,W",16.1,",,W"
USW00094846,"CHICAGO OHARE INTERNATIONAL AIRPORT, IL US",41.96017,-87.93164,204.8,2017-08-30,27.8,",,W",15.6,",,W"
USW00094846,"CHICAGO OHARE INTERNATIONAL AIRPORT, IL US",41.96017,-87.93164,204.8,2017-08-31,22.8,",,W",17.8,",,W"
USW00094846,"CHICAGO OHARE INTERNATIONAL AIRPORT, IL US",41.96017,-87.93164,204.8,2017-09-01,20.6,",,W",10,",,W"
USW00094846,"CHICAGO OHARE INTERNATIONAL AIRPORT, IL US",41.96017,-87.93164,204.8,2017-09-02,23.9,",,W",10,",,W"
USW00094846,"CHICAGO OHARE INTERNATIONAL AIRPORT, IL US",41.96017,-87.93164,204.8,2017-09-03,28.9,",,W",13.9,",,W"
USW00094846,"CHICAGO OHARE INTERNATIONAL AIRPORT, IL US",41.96017,-87.93164,204.8,2017-09-04,27.8,",,W",16.7,",,W"
USW00094846,"CHICAGO OHARE INTERNATIONAL AIRPORT, IL US",41.96017,-87.93164,204.8,2017-09-05,21.1,",,W",12.2,",,W"
USW00094846,"CHICAGO OHARE INTERNATIONAL AIRPORT, IL US",41.96017,-87.93164,204.8,2017-09-06,19.4,",,W",9.4,",,W"
USW00094846,"CHICAGO OHARE INTERNATIONAL AIRPORT, IL US",41.96017,-87.93164,204.8,2017-09-07,21.7,",,W",11.1,",,W"
USW00094846,"CHICAGO OHARE INTERNATIONAL AIRPORT, IL US",41.96017,-87.93164,204.8,2017-09-08,20.6,",,W",14.4,",,W"
USW00094846,"CHICAGO OHARE INTERNATIONAL AIRPORT, IL US",41.96017,-87.93164,204.8,2017-09-09,22.2,",,W",12.2,",,W"
USW00094846,"CHICAGO OHARE INTERNATIONAL AIRPORT, IL US",41.96017,-87.93164,204.8,2017-09-10,21.1,",,W",10,",,W"
USW00094846,"CHICAGO OHARE INTERNATIONAL AIRPORT, IL US",41.96017,-87.93164,204.8,2017-09-11,23.9,",,W",11.1,",,W"
USW00094846,"CHICAGO OHARE INTERNATIONAL AIRPORT, IL US",41.96017,-87.93164,204.8,2017-09-12,25,",,W",12.2,",,W"
USW00094846,"CHICAGO OHARE INTERNATIONAL AIRPORT, IL US",41.96017,-87.93164,204.8,2017-09-13,25,",,W",14.4,",,W"
USW00094846,"CHICAGO OHARE INTERNATIONAL AIRPORT, IL US",41.96017,-87.93164,204.8,2017-09-14,27.2,",,W",15,",,W"
USW00094846,"CHICAGO OHARE INTERNATIONAL AIRPORT, IL US",41.96017,-87.93164,204.8,2017-09-15,30.6,",,W",16.7,",,W"
USW00094846,"CHICAGO OHARE INTERNATIONAL AIRPORT, IL US",41.96017,-87.93164,204.8,2017-09-16,31.1,",,W",18.3,",,W"
USW00094846,"CHICAGO OHARE INTERNATIONAL AIRPORT, IL US",41.96017,-87.93164,204.8,2017-09-17,30,",,W",17.2,",,W"
USW00094846,"CHICAGO OHARE INTERNATIONAL AIRPORT, IL US",41.96017,-87.93164,204.8,2017-09-18,25,",,W",14.4,",,W"
USW00094846,"CHICAGO OHARE INTERNATIONAL AIRPORT, IL US",41.96017,-87.93164,204.8,2017-09-19,26.1,",,W",17.8,",,W"
USW00094846,"CHICAGO OHARE INTERNATIONAL AIRPORT, IL US",41.96017,-87.93164,204.8,2017-09-20,33.3,",,W",16.7,",,W"
USW00094846,"CHICAGO OHARE INTERNATIONAL AIRPORT, IL US",41.96017,-87.93164,204.8,2017-09-21,34.4,",,W",22.2,",,W"
USW00094846,"CHICAGO OHARE INTERNATIONAL AIRPORT, IL US",41.96017,-87.93164,204.8,2017-09-22,34.4,",,W",21.7,",,W"
USW00094846,"CHICAGO OHARE INTERNATIONAL AIRPORT, IL US",41.96017,-87.93164,204.8,2017-09-23,35,",,W",22.2,",,W"
USW00094846,"CHICAGO OHARE INTERNATIONAL AIRPORT, IL US",41.96017,-87.93164,204.8,2017-09-24,33.9,",,W",21.1,",,W"
USW00094846,"CHICAGO OHARE INTERNATIONAL AIRPORT, IL US",41.96017,-87.93164,204.8,2017-09-25,33.3,",,W",19.4,",,W"
USW00094846,"CHICAGO OHARE INTERNATIONAL AIRPORT, IL US",41.96017,-87.93164,204.8,2017-09-26,33.3,",,W",21.1,",,W"
USW00094846,"CHICAGO OHARE INTERNATIONAL AIRPORT, IL US",41.96017,-87.93164,204.8,2017-09-27,22.2,",,W",13.3,",,W"
USW00094846,"CHICAGO OHARE INTERNATIONAL AIRPORT, IL US",41.96017,-87.93164,204.8,2017-09-28,23.3,",,W",11.7,",,W"
USW00094846,"CHICAGO OHARE INTERNATIONAL AIRPORT, IL US",41.96017,-87.93164,204.8,2017-09-29,21.1,",,W",13.3,",,W"
USW00094846,"CHICAGO OHARE INTERNATIONAL AIRPORT, IL US",41.96017,-87.93164,204.8,2017-09-30,20,",,W",11.7,",,W"
USW00094846,"CHICAGO OHARE INTERNATIONAL AIRPORT, IL US",41.96017,-87.93164,204.8,2017-10-01,22.2,",,W",8.9,",,W"
USW00094846,"CHICAGO OHARE INTERNATIONAL AIRPORT, IL US",41.96017,-87.93164,204.8,2017-10-02,28.3,",,W",14.4,",,W"
USW00094846,"CHICAGO OHARE INTERNATIONAL AIRPORT, IL US",41.96017,-87.93164,204.8,2017-10-03,25.6,",,W",19.4,",,W"
USW00094846,"CHICAGO OHARE INTERNATIONAL AIRPORT, IL US",41.96017,-87.93164,204.8,2017-10-04,24.4,",,W",14.4,",,W"
USW00094846,"CHICAGO OHARE INTERNATIONAL AIRPORT, IL US",41.96017,-87.93164,204.8,2017-10-05,25,",,W",12.2,",,W"
USW00094846,"CHICAGO OHARE INTERNATIONAL AIRPORT, IL US",41.96017,-87.93164,204.8,2017-10-06,20.6,",,W",15.6,",,W"
USW00094846,"CHICAGO OHARE INTERNATIONAL AIRPORT, IL US",41.96017,-87.93164,204.8,2017-10-07,26.1,",,W",15.6,",,W"
USW00094846,"CHICAGO OHARE INTERNATIONAL AIRPORT, IL US",41.96017,-87.93164,204.8,2017-10-08,25.6,",,W",12.2,",,W"
USW00094846,"CHICAGO OHARE INTERNATIONAL AIRPORT, IL US",41.96017,-87.93164,204.8,2017-10-09,27.2,",,W",11.1,",,W"
USW00094846,"CHICAGO OHARE INTERNATIONAL AIRPORT, IL US",41.96017,-87.93164,204.8,2017-10-10,17.2,",,W",14.4,",,W"
USW00094846,"CHICAGO OHARE INTERNATIONAL AIRPORT, IL US",41.96017,-87.93164,204.8,2017-10-11,16.7,",,W",13.3,",,W"
USW00094846,"CHICAGO OHARE INTERNATIONAL AIRPORT, IL US",41.96017,-87.93164,204.8,2017-10-12,15.6,",,W",13.3,",,W"
USW00094846,"CHICAGO OHARE INTERNATIONAL AIRPORT, IL US",41.96017,-87.93164,204.8,2017-10-13,22.8,",,W",12.8,",,W"
USW00094846,"CHICAGO OHARE INTERNATIONAL AIRPORT, IL US",41.96017,-87.93164,204.8,2017-10-14,18.9,",,W",16.7,",,W"
USW00094846,"CHICAGO OHARE INTERNATIONAL AIRPORT, IL US",41.96017,-87.93164,204.8,2017-10-15,20,",,W",8.3,",,W"
USW00094846,"CHICAGO OHARE INTERNATIONAL AIRPORT, IL US",41.96017,-87.93164,204.8,2017-10-16,17.2,",,W",6.1,",,W"
USW00094846,"CHICAGO OHARE INTERNATIONAL AIRPORT, IL US",41.96017,-87.93164,204.8,2017-10-17,21.1,",,W",9.4,",,W"
USW00094846,"CHICAGO OHARE INTERNATIONAL AIRPORT, IL US",41.96017,-87.93164,204.8,2017-10-18,21.7,",,W",8.3,",,W"
USW00094846,"CHICAGO OHARE INTERNATIONAL AIRPORT, IL US",41.96017,-87.93164,204.8,2017-10-19,21.1,",,W",10.6,",,W"
USW00094846,"CHICAGO OHARE INTERNATIONAL AIRPORT, IL US",41.96017,-87.93164,204.8,2017-10-20,25.6,",,W",10.6,",,W"
USW00094846,"CHICAGO OHARE INTERNATIONAL AIRPORT, IL US",41.96017,-87.93164,204.8,2017-10-21,25,",,W",15.6,",,W"
USW00094846,"CHICAGO OHARE INTERNATIONAL AIRPORT, IL US",41.96017,-87.93164,204.8,2017-10-22,21.1,",,W",10.6,",,W"
USW00094846,"CHICAGO OHARE INTERNATIONAL AIRPORT, IL US",41.96017,-87.93164,204.8,2017-10-23,12.2,",,W",10,",,W"
USW00094846,"CHICAGO OHARE INTERNATIONAL AIRPORT, IL US",41.96017,-87.93164,204.8,2017-10-24,10,",,W",5.6,",,W"
USW00094846,"CHICAGO OHARE INTERNATIONAL AIRPORT, IL US",41.96017,-87.93164,204.8,2017-10-25,11.7,",,W",3.3,",,W"
USW00094846,"CHICAGO OHARE INTERNATIONAL AIRPORT, IL US",41.96017,-87.93164,204.8,2017-10-26,15.6,",,W",2.2,",,W"
USW00094846,"CHICAGO OHARE INTERNATIONAL AIRPORT, IL US",41.96017,-87.93164,204.8,2017-10-27,11.1,",,W",3.3,",,W"
USW00094846,"CHICAGO OHARE INTERNATIONAL AIRPORT, IL US",41.96017,-87.93164,204.8,2017-10-28,4.4,",,W",2.2,",,W"
USW00094846,"CHICAGO OHARE INTERNATIONAL AIRPORT, IL US",41.96017,-87.93164,204.8,2017-10-29,7.8,",,W",0.6,",,W"
USW00094846,"CHICAGO OHARE INTERNATIONAL AIRPORT, IL US",41.96017,-87.93164,204.8,2017-10-30,10,",,W",2.8,",,W"
USW00094846,"CHICAGO OHARE INTERNATIONAL AIRPORT, IL US",41.96017,-87.93164,204.8,2017-10-31,4.4,",,W",1.1,",,W"
USW00094846,"CHICAGO OHARE INTERNATIONAL AIRPORT, IL US",41.96017,-87.93164,204.8,2017-11-01,6.7,",,W",2.2,",,W"
USW00094846,"CHICAGO OHARE INTERNATIONAL AIRPORT, IL US",41.96017,-87.93164,204.8,2017-11-02,10.6,",,W",6.7,",,W"
USW00094846,"CHICAGO OHARE INTERNATIONAL AIRPORT, IL US",41.96017,-87.93164,204.8,2017-11-03,8.9,",,W",3.3,",,W"
USW00094846,"CHICAGO OHARE INTERNATIONAL AIRPORT, IL US",41.96017,-87.93164,204.8,2017-11-04,10,",,W",5.6,",,W"
USW00094846,"CHICAGO OHARE INTERNATIONAL AIRPORT, IL US",41.96017,-87.93164,204.8,2017-11-05,11.1,",,W",5.6,",,W"
USW00094846,"CHICAGO OHARE INTERNATIONAL AIRPORT, IL US",41.96017,-87.93164,204.8,2017-11-06,6.1,",,W",0,",,W"
USW00094846,"CHICAGO OHARE INTERNATIONAL AIRPORT, IL US",41.96017,-87.93164,204.8,2017-11-07,7.2,",,W",0,",,W"
USW00094846,"CHICAGO OHARE INTERNATIONAL AIRPORT, IL US",41.96017,-87.93164,204.8,2017-11-08,7.8,",,W",-1.6,",,W"
USW00094846,"CHICAGO OHARE INTERNATIONAL AIRPORT, IL US",41.96017,-87.93164,204.8,2017-11-09,7.8,",,W",-6,",,W"
USW00094846,"CHICAGO OHARE INTERNATIONAL AIRPORT, IL US",41.96017,-87.93164,204.8,2017-11-10,-1,",,W",-7.7,",,W"
USW00094846,"CHICAGO OHARE INTERNATIONAL AIRPORT, IL US",41.96017,-87.93164,204.8,2017-11-11,3.3,",,W",-3.2,",,W"
USW00094846,"CHICAGO OHARE INTERNATIONAL AIRPORT, IL US",41.96017,-87.93164,204.8,2017-11-12,4.4,",,W",2.2,",,W"
USW00094846,"CHICAGO OHARE INTERNATIONAL AIRPORT, IL US",41.96017,-87.93164,204.8,2017-11-13,4.4,",,W",-0.5,",,W"
USW00094846,"CHICAGO OHARE INTERNATIONAL AIRPORT, IL US",41.96017,-87.93164,204.8,2017-11-14,9.4,",,W",-1,",,W"
USW00094846,"CHICAGO OHARE INTERNATIONAL AIRPORT, IL US",41.96017,-87.93164,204.8,2017-11-15,11.1,",,W",1.7,",,W"
USW00094846,"CHICAGO OHARE INTERNATIONAL AIRPORT, IL US",41.96017,-87.93164,204.8,2017-11-16,3.3,",,W",0.6,",,W"
USW00094846,"CHICAGO OHARE INTERNATIONAL AIRPORT, IL US",41.96017,-87.93164,204.8,2017-11-17,8.9,",,W",1.7,",,W"
USW00094846,"CHICAGO OHARE INTERNATIONAL AIRPORT, IL US",41.96017,-87.93164,204.8,2017-11-18,8.9,",,W",1.7,",,W"
USW00094846,"CHICAGO OHARE INTERNATIONAL AIRPORT, IL US",41.96017,-87.93164,204.8,2017-11-19,2.8,",,W",-1,",,W"
USW00094846,"CHICAGO OHARE INTERNATIONAL AIRPORT, IL US",41.96017,-87.93164,204.8,2017-11-20,11.1,",,W",-1,",,W"
USW00094846,"CHICAGO OHARE INTERNATIONAL AIRPORT, IL US",41.96017,-87.93164,204.8,2017-11-21,6.7,",,W",-2.7,",,W"
USW00094846,"CHICAGO OHARE INTERNATIONAL AIRPORT, IL US",41.96017,-87.93164,204.8,2017-11-22,1.7,",,W",-5.5,",,W"
USW00094846,"CHICAGO OHARE INTERNATIONAL AIRPORT, IL US",41.96017,-87.93164,204.8,2017-11-23,7.8,",,W",0,",,W"
USW00094846,"CHICAGO OHARE INTERNATIONAL AIRPORT, IL US",41.96017,-87.93164,204.8,2017-11-24,17.2,",,W",0,",,W"
USW00094846,"CHICAGO OHARE INTERNATIONAL AIRPORT, IL US",41.96017,-87.93164,204.8,2017-11-25,12.8,",,W",0,",,W"
USW00094846,"CHICAGO OHARE INTERNATIONAL AIRPORT, IL US",41.96017,-87.93164,204.8,2017-11-26,9.4,",,W",-2.7,",,W"
USW00094846,"CHICAGO OHARE INTERNATIONAL AIRPORT, IL US",41.96017,-87.93164,204.8,2017-11-27,13.9,",,W",-0.5,",,W"
USW00094846,"CHICAGO OHARE INTERNATIONAL AIRPORT, IL US",41.96017,-87.93164,204.8,2017-11-28,16.1,",,W",6.1,",,W"
USW00094846,"CHICAGO OHARE INTERNATIONAL AIRPORT, IL US",41.96017,-87.93164,204.8,2017-11-29,8.3,",,W",1.1,",,W"
USW00094846,"CHICAGO OHARE INTERNATIONAL AIRPORT, IL US",41.96017,-87.93164,204.8,2017-11-30,12.2,",,W",3.9,",,W"
USW00094846,"CHICAGO OHARE INTERNATIONAL AIRPORT, IL US",41.96017,-87.93164,204.8,2017-12-01,11.7,",,W",-2.1,",,W"
USW00094846,"CHICAGO OHARE INTERNATIONAL AIRPORT, IL US",41.96017,-87.93164,204.8,2017-12-02,12.2,",,W",0.6,",,W"
USW00094846,"CHICAGO OHARE INTERNATIONAL AIRPORT, IL US",41.96017,-87.93164,204.8,2017-12-03,14.4,",,W",-1.6,",,W"
USW00094846,"CHICAGO OHARE INTERNATIONAL AIRPORT, IL US",41.96017,-87.93164,204.8,2017-12-04,18.3,",,W",6.7,",,W"
USW00094846,"CHICAGO OHARE INTERNATIONAL AIRPORT, IL US",41.96017,-87.93164,204.8,2017-12-05,6.7,",,W",-2.7,",,W"
USW00094846,"CHICAGO OHARE INTERNATIONAL AIRPORT, IL US",41.96017,-87.93164,204.8,2017-12-06,1.7,",,W",-3.2,",,W"
USW00094846,"CHICAGO OHARE INTERNATIONAL AIRPORT, IL US",41.96017,-87.93164,204.8,2017-12-07,-1.6,",,W",-7.1,",,W"
USW00094846,"CHICAGO OHARE INTERNATIONAL AIRPORT, IL US",41.96017,-87.93164,204.8,2017-12-08,2.8,",,W",-7.7,",,W"
USW00094846,"CHICAGO OHARE INTERNATIONAL AIRPORT, IL US",41.96017,-87.93164,204.8,2017-12-09,0,",,W",-6.6,",,W"
USW00094846,"CHICAGO OHARE INTERNATIONAL AIRPORT, IL US",41.96017,-87.93164,204.8,2017-12-10,1.7,",,W",-6.6,",,W"
USW00094846,"CHICAGO OHARE INTERNATIONAL AIRPORT, IL US",41.96017,-87.93164,204.8,2017-12-11,3.9,",,W",-4.9,",,W"
USW00094846,"CHICAGO OHARE INTERNATIONAL AIRPORT, IL US",41.96017,-87.93164,204.8,2017-12-12,-0.5,",,W",-8.2,",,W"
USW00094846,"CHICAGO OHARE INTERNATIONAL AIRPORT, IL US",41.96017,-87.93164,204.8,2017-12-13,3.3,",,W",-5.5,",,W"
USW00094846,"CHICAGO OHARE INTERNATIONAL AIRPORT, IL US",41.96017,-87.93164,204.8,2017-12-14,-2.7,",,W",-8.8,",,W"
USW00094846,"CHICAGO OHARE INTERNATIONAL AIRPORT, IL US",41.96017,-87.93164,204.8,2017-12-15,2.8,",,W",-6,",,W"
USW00094846,"CHICAGO OHARE INTERNATIONAL AIRPORT, IL US",41.96017,-87.93164,204.8,2017-12-16,7.8,",,W",-2.7,",,W"
USW00094846,"CHICAGO OHARE INTERNATIONAL AIRPORT, IL US",41.96017,-87.93164,204.8,2017-12-17,5.6,",,W",-1.6,",,W"
USW00094846,"CHICAGO OHARE INTERNATIONAL AIRPORT, IL US",41.96017,-87.93164,204.8,2017-12-18,7.8,",,W",3.9,",,W"
USW00094846,"CHICAGO OHARE INTERNATIONAL AIRPORT, IL US",41.96017,-87.93164,204.8,2017-12-19,10,",,W",1.7,",,W"
USW00094846,"CHICAGO OHARE INTERNATIONAL AIRPORT, IL US",41.96017,-87.93164,204.8,2017-12-20,2.8,",,W",-2.7,",,W"
USW00094846,"CHICAGO OHARE INTERNATIONAL AIRPORT, IL US",41.96017,-87.93164,204.8,2017-12-21,4.4,",,W",0,",,W"
USW00094846,"CHICAGO OHARE INTERNATIONAL AIRPORT, IL US",41.96017,-87.93164,204.8,2017-12-22,3.9,",,W",0.6,",,W"
USW00094846,"CHICAGO OHARE INTERNATIONAL AIRPORT, IL US",41.96017,-87.93164,204.8,2017-12-23,0.6,",,W",-7.1,",,W"
USW00094846,"CHICAGO OHARE INTERNATIONAL AIRPORT, IL US",41.96017,-87.93164,204.8,2017-12-24,-5.5,",,W",-7.7,",,W"
USW00094846,"CHICAGO OHARE INTERNATIONAL AIRPORT, IL US",41.96017,-87.93164,204.8,2017-12-25,-6,",,W",-16.6,",,W"
USW00094846,"CHICAGO OHARE INTERNATIONAL AIRPORT, IL US",41.96017,-87.93164,204.8,2017-12-26,-14.9,",,W",-19.3,",,W"
USW00094846,"CHICAGO OHARE INTERNATIONAL AIRPORT, IL US",41.96017,-87.93164,204.8,2017-12-27,-13.8,",,W",-19.9,",,W"
USW00094846,"CHICAGO OHARE INTERNATIONAL AIRPORT, IL US",41.96017,-87.93164,204.8,2017-12-28,-9.3,",,W",-17.7,",,W"
USW00094846,"CHICAGO OHARE INTERNATIONAL AIRPORT, IL US",41.96017,-87.93164,204.8,2017-12-29,-9.3,",,W",-12.7,",,W"
USW00094846,"CHICAGO OHARE INTERNATIONAL AIRPORT, IL US",41.96017,-87.93164,204.8,2017-12-30,-9.3,",,W",-18.2,",,W"
USW00094846,"CHICAGO OHARE INTERNATIONAL AIRPORT, IL US",41.96017,-87.93164,204.8,2017-12-31,-10.5,",,W",-18.2,",,W"
USW00014819,"CHICAGO MIDWAY AIRPORT, IL US",41.78412,-87.75514,185.8,2017-01-01,5,",,W",-5.5,",,W"
USW00014819,"CHICAGO MIDWAY AIRPORT, IL US",41.78412,-87.75514,185.8,2017-01-02,5,",,W",-0.5,",,W"
USW00014819,"CHICAGO MIDWAY AIRPORT, IL US",41.78412,-87.75514,185.8,2017-01-03,5.6,",,W",-6,",,W"
USW00014819,"CHICAGO MIDWAY AIRPORT, IL US",41.78412,-87.75514,185.8,2017-01-04,-6,",,W",-12.1,",,W"
USW00014819,"CHICAGO MIDWAY AIRPORT, IL US",41.78412,-87.75514,185.8,2017-01-05,-9.3,",,W",-14.9,",,W"
USW00014819,"CHICAGO MIDWAY AIRPORT, IL US",41.78412,-87.75514,185.8,2017-01-06,-12.1,",,W",-17.1,",,W"
USW00014819,"CHICAGO MIDWAY AIRPORT, IL US",41.78412,-87.75514,185.8,2017-01-07,-7.1,",,W",-16.6,",,W"
USW00014819,"CHICAGO MIDWAY AIRPORT, IL US",41.78412,-87.75514,185.8,2017-01-08,-6.6,",,W",-15.5,",,W"
USW00014819,"CHICAGO MIDWAY AIRPORT, IL US",41.78412,-87.75514,185.8,2017-01-09,1.7,",,W",-7.1,",,W"
USW00014819,"CHICAGO MIDWAY AIRPORT, IL US",41.78412,-87.75514,185.8,2017-01-10,11.1,",,W",-2.7,",,W"
USW00014819,"CHICAGO MIDWAY AIRPORT, IL US",41.78412,-87.75514,185.8,2017-01-11,7.2,",,W",-2.7,",,W"
USW00014819,"CHICAGO MIDWAY AIRPORT, IL US",41.78412,-87.75514,185.8,2017-01-12,-0.5,",,W",-5.5,",,W"
USW00014819,"CHICAGO MIDWAY AIRPORT, IL US",41.78412,-87.75514,185.8,2017-01-13,-1.6,",,W",-7.7,",,W"
USW00014819,"CHICAGO MIDWAY AIRPORT, IL US",41.78412,-87.75514,185.8,2017-01-14,1.7,",,W",-3.8,",,W"
USW00014819,"CHICAGO MIDWAY AIRPORT, IL US",41.78412,-87.75514,185.8,2017-01-15,1.7,",,W",-5.5,",,W"
USW00014819,"CHICAGO MIDWAY AIRPORT, IL US",41.78412,-87.75514,185.8,2017-01-16,3.9,",,W",0.6,",,W"
USW00014819,"CHICAGO MIDWAY AIRPORT, IL US",41.78412,-87.75514,185.8,2017-01-17,32.2,",G,W",0.6,",,W"
USW00014819,"CHICAGO MIDWAY AIRPORT, IL US",41.78412,-87.75514,185.8,2017-01-18,2.2,",,W",0,",,W"
USW00014819,"CHICAGO MIDWAY AIRPORT, IL US",41.78412,-87.75514,185.8,2017-01-19,5.6,",,W",0,",,W"
USW00014819,"CHICAGO MIDWAY AIRPORT, IL US",41.78412,-87.75514,185.8,2017-01-20,8.3,",,W",2.8,",,W"
USW00014819,"CHICAGO MIDWAY AIRPORT, IL US",41.78412,-87.75514,185.8,2017-01-21,15.6,",,W",4.4,",,W"
USW00014819,"CHICAGO MIDWAY AIRPORT, IL US",41.78412,-87.75514,185.8,2017-01-22,7.8,",,W",4.4,",,W"
USW00014819,"CHICAGO MIDWAY AIRPORT, IL US",41.78412,-87.75514,185.8,2017-01-23,6.1,",,W",3.9,",,W"
USW00014819,"CHICAGO MIDWAY AIRPORT, IL US",41.78412,-87.75514,185.8,2017-01-24,3.9,",,W",2.2,",,W"
USW00014819,"CHICAGO MIDWAY AIRPORT, IL US",41.78412,-87.75514,185.8,2017-01-25,6.7,",,W",1.7,",,W"
USW00014819,"CHICAGO MIDWAY AIRPORT, IL US",41.78412,-87.75514,185.8,2017-01-26,1.7,",,W",0,",,W"
USW00014819,"CHICAGO MIDWAY AIRPORT, IL US",41.78412,-87.75514,185.8,2017-01-27,0,",,W",-3.8,",,W"
USW00014819,"CHICAGO MIDWAY AIRPORT, IL US",41.78412,-87.75514,185.8,2017-01-28,-1,",,W",-3.2,",,W"
USW00014819,"CHICAGO MIDWAY AIRPORT, IL US",41.78412,-87.75514,185.8,2017-01-29,-1.6,",,W",-4.9,",,W"
USW00014819,"CHICAGO MIDWAY AIRPORT, IL US",41.78412,-87.75514,185.8,2017-01-30,3.9,",,W",-8.2,",,W"
USW00014819,"CHICAGO MIDWAY AIRPORT, IL US",41.78412,-87.75514,185.8,2017-01-31,6.1,",,W",2.2,",,W"
USW00014819,"CHICAGO MIDWAY AIRPORT, IL US",41.78412,-87.75514,185.8,2017-02-01,3.9,",,W",-4.9,",,W"
USW00014819,"CHICAGO MIDWAY AIRPORT, IL US",41.78412,-87.75514,185.8,2017-02-02,-3.8,",,W",-9.3,",,W"
USW00014819,"CHICAGO MIDWAY AIRPORT, IL US",41.78412,-87.75514,185.8,2017-02-03,-1.6,",,W",-9.3,",,W"
USW00014819,"CHICAGO MIDWAY AIRPORT, IL US",41.78412,-87.75514,185.8,2017-02-04,1.1,",,W",-8.8,",,W"
USW00014819,"CHICAGO MIDWAY AIRPORT, IL US",41.78412,-87.75514,185.8,2017-02-05,5,",,W",-1.6,",,W"
USW00014819,"CHICAGO MIDWAY AIRPORT, IL US",41.78412,-87.75514,185.8,2017-02-06,12.8,",,W",-2.7,",,W"
USW00014819,"CHICAGO MIDWAY AIRPORT, IL US",41.78412,-87.75514,185.8,2017-02-07,11.7,",,W",1.1,",,W"
USW00014819,"CHICAGO MIDWAY AIRPORT, IL US",41.78412,-87.75514,185.8,2017-02-08,1.1,",,W",-6.6,",,W"
USW00014819,"CHICAGO MIDWAY AIRPORT, IL US",41.78412,-87.75514,185.8,2017-02-09,-3.8,",,W",-9.9,",,W"
USW00014819,"CHICAGO MIDWAY AIRPORT, IL US",41.78412,-87.75514,185.8,2017-02-10,6.7,",,W",-7.7,",,W"
USW00014819,"CHICAGO MIDWAY AIRPORT, IL US",41.78412,-87.75514,185.8,2017-02-11,11.1,",,W",3.3,",,W"
USW00014819,"CHICAGO MIDWAY AIRPORT, IL US",41.78412,-87.75514,185.8,2017-02-12,9.4,",,W",0,",,W"
USW00014819,"CHICAGO MIDWAY AIRPORT, IL US",41.78412,-87.75514,185.8,2017-02-13,7.2,",,W",-2.7,",,W"
USW00014819,"CHICAGO MIDWAY AIRPORT, IL US",41.78412,-87.75514,185.8,2017-02-14,10.6,",,W",1.1,",,W"
USW00014819,"CHICAGO MIDWAY AIRPORT, IL US",41.78412,-87.75514,185.8,2017-02-15,2.2,",,W",-2.1,",,W"
USW00014819,"CHICAGO MIDWAY AIRPORT, IL US",41.78412,-87.75514,185.8,2017-02-16,5.6,",,W",-0.5,",,W"
USW00014819,"CHICAGO MIDWAY AIRPORT, IL US",41.78412,-87.75514,185.8,2017-02-17,19.4,",,W",0,",,W"
USW00014819,"CHICAGO MIDWAY AIRPORT, IL US",41.78412,-87.75514,185.8,2017-02-18,21.1,",,W",7.2,",,W"
USW00014819,"CHICAGO MIDWAY AIRPORT, IL US",41.78412,-87.75514,185.8,2017-02-19,19.4,",,W",3.3,",,W"
USW00014819,"CHICAGO MIDWAY AIRPORT, IL US",41.78412,-87.75514,185.8,2017-02-20,20.6,",,W",7.8,",,W"
USW00014819,"CHICAGO MIDWAY AIRPORT, IL US",41.78412,-87.75514,185.8,2017-02-21,18.3,",,W",11.7,",,W"
USW00014819,"CHICAGO MIDWAY AIRPORT, IL US",41.78412,-87.75514,185.8,2017-02-22,19.4,",,W",11.1,",,W"
USW00014819,"CHICAGO MIDWAY AIRPORT, IL US",41.78412,-87.75514,185.8,2017-02-23,15,",,W",3.3,",,W"
USW00014819,"CHICAGO MIDWAY AIRPORT, IL US",41.78412,-87.75514,185.8,2017-02-24,6.7,",,W",0.6,",,W"
USW00014819,"CHICAGO MIDWAY AIRPORT, IL US",41.78412,-87.75514,185.8,2017-02-25,0.6,",,W",-4.9,",,W"
USW00014819,"CHICAGO MIDWAY AIRPORT, IL US",41.78412,-87.75514,185.8,2017-02-26,9.4,",,W",-4.3,",,W"
USW00014819,"CHICAGO MIDWAY AIRPORT, IL US",41.78412,-87.75514,185.8,2017-02-27,12.2,",,W",0.6,",,W"
USW00014819,"CHICAGO MIDWAY AIRPORT, IL US",41.78412,-87.75514,185.8,2017-02-28,15,",,W",8.3,",,W"
USW00014819,"CHICAGO MIDWAY AIRPORT, IL US",41.78412,-87.75514,185.8,2017-03-01,12.2,",,W",0,",,W"
USW00014819,"CHICAGO MIDWAY AIRPORT, IL US",41.78412,-87.75514,185.8,2017-03-02,2.2,",,W",-2.7,",,W"
USW00014819,"CHICAGO MIDWAY AIRPORT, IL US",41.78412,-87.75514,185.8,2017-03-03,0.6,",,W",-6,",,W"
USW00014819,"CHICAGO MIDWAY AIRPORT, IL US",41.78412,-87.75514,185.8,2017-03-04,5.6,",,W",-1.6,",,W"
USW00014819,"CHICAGO MIDWAY AIRPORT, IL US",41.78412,-87.75514,185.8,2017-03-05,16.1,",,W",0.6,",,W"
USW00014819,"CHICAGO MIDWAY AIRPORT, IL US",41.78412,-87.75514,185.8,2017-03-06,17.8,",,W",11.1,",,W"
USW00014819,"CHICAGO MIDWAY AIRPORT, IL US",41.78412,-87.75514,185.8,2017-03-07,17.8,",,W",6.7,",,W"
USW00014819,"CHICAGO MIDWAY AIRPORT, IL US",41.78412,-87.75514,185.8,2017-03-08,11.1,",,W",4.4,",,W"
USW00014819,"CHICAGO MIDWAY AIRPORT, IL US",41.78412,-87.75514,185.8,2017-03-09,5,",,W",1.1,",,W"
USW00014819,"CHICAGO MIDWAY AIRPORT, IL US",41.78412,-87.75514,185.8,2017-03-10,2.8,",,W",-4.9,",,W"
USW00014819,"CHICAGO MIDWAY AIRPORT, IL US",41.78412,-87.75514,185.8,2017-03-11,-1,",,W",-7.7,",,W"
USW00014819,"CHICAGO MIDWAY AIRPORT, IL US",41.78412,-87.75514,185.8,2017-03-12,2.2,",,W",-6.6,",,W"
USW00014819,"CHICAGO MIDWAY AIRPORT, IL US",41.78412,-87.75514,185.8,2017-03-13,-0.6,",,Z",-3.2,",,W"
USW00014819,"CHICAGO MIDWAY AIRPORT, IL US",41.78412,-87.75514,185.8,2017-03-14,-1.6,",,W",-6.6,",,W"
USW00014819,"CHICAGO MIDWAY AIRPORT, IL US",41.78412,-87.75514,185.8,2017-03-15,0.6,",,W",-8.2,",,W"
USW00014819,"CHICAGO MIDWAY AIRPORT, IL US",41.78412,-87.75514,185.8,2017-03-16,5.6,",,W",-7.1,",,W"
USW00014819,"CHICAGO MIDWAY AIRPORT, IL US",41.78412,-87.75514,185.8,2017-03-17,10,",,W",1.7,",,W"
USW00014819,"CHICAGO MIDWAY AIRPORT, IL US",41.78412,-87.75514,185.8,2017-03-18,7.2,",,W",2.2,",,W"
USW00014819,"CHICAGO MIDWAY AIRPORT, IL US",41.78412,-87.75514,185.8,2017-03-19,11.7,",,W",-0.5,",,W"
USW00014819,"CHICAGO MIDWAY AIRPORT, IL US",41.78412,-87.75514,185.8,2017-03-20,12.2,",,W",5,",,W"
USW00014819,"CHICAGO MIDWAY AIRPORT, IL US",41.78412,-87.75514,185.8,2017-03-21,12.8,",,W",0.6,",,W"
USW00014819,"CHICAGO MIDWAY AIRPORT, IL US",41.78412,-87.75514,185.8,2017-03-22,1.7,",,W",-1.6,",,W"
USW00014819,"CHICAGO MIDWAY AIRPORT, IL US",41.78412,-87.75514,185.8,2017-03-23,10.6,",,W",0,",,W"
USW00014819,"CHICAGO MIDWAY AIRPORT, IL US",41.78412,-87.75514,185.8,2017-03-24,27.8,",,W",5,",,W"
USW00014819,"CHICAGO MIDWAY AIRPORT, IL US",41.78412,-87.75514,185.8,2017-03-25,9.4,",,W",4.4,",,W"
USW00014819,"CHICAGO MIDWAY AIRPORT, IL US",41.78412,-87.75514,185.8,2017-03-26,16.7,",,W",8.9,",,W"
USW00014819,"CHICAGO MIDWAY AIRPORT, IL US",41.78412,-87.75514,185.8,2017-03-27,10.6,",,W",5.6,",,W"
USW00014819,"CHICAGO MIDWAY AIRPORT, IL US",41.78412,-87.75514,185.8,2017-03-28,8.3,",,W",2.8,",,W"
USW00014819,"CHICAGO MIDWAY AIRPORT, IL US",41.78412,-87.75514,185.8,2017-03-29,9.4,",,W",2.2,",,W"
USW00014819,"CHICAGO MIDWAY AIRPORT, IL US",41.78412,-87.75514,185.8,2017-03-30,7.8,",,W",3.9,",,W"
USW00014819,"CHICAGO MIDWAY AIRPORT, IL US",41.78412,-87.75514,185.8,2017-03-31,5,",,W",2.8,",,W"
USW00014819,"CHICAGO MIDWAY AIRPORT, IL US",41.78412,-87.75514,185.8,2017-04-01,13.3,",,W",0.6,",,W"
USW00014819,"CHICAGO MIDWAY AIRPORT, IL US",41.78412,-87.75514,185.8,2017-04-02,15.6,",,W",5.6,",,W"
USW00014819,"CHICAGO MIDWAY AIRPORT, IL US",41.78412,-87.75514,185.8,2017-04-03,11.1,",,W",7.8,",,W"
USW00014819,"CHICAGO MIDWAY AIRPORT, IL US",41.78412,-87.75514,185.8,2017-04-04,13.3,",,W",7.8,",,W"
USW00014819,"CHICAGO MIDWAY AIRPORT, IL US",41.78412,-87.75514,185.8,2017-04-05,8.9,",,W",3.9,",,W"
USW00014819,"CHICAGO MIDWAY AIRPORT, IL US",41.78412,-87.75514,185.8,2017-04-06,11.1,",,W",3.3,",,W"
USW00014819,"CHICAGO MIDWAY AIRPORT, IL US",41.78412,-87.75514,185.8,2017-04-07,12.2,",,W",2.8,",,W"
USW00014819,"CHICAGO MIDWAY AIRPORT, IL US",41.78412,-87.75514,185.8,2017-04-08,19.4,",,W",4.4,",,W"
USW00014819,"CHICAGO MIDWAY AIRPORT, IL US",41.78412,-87.75514,185.8,2017-04-09,25,",,W",13.9,",,W"
USW00014819,"CHICAGO MIDWAY AIRPORT, IL US",41.78412,-87.75514,185.8,2017-04-10,25.6,",,W",5.6,",,W"
USW00014819,"CHICAGO MIDWAY AIRPORT, IL US",41.78412,-87.75514,185.8,2017-04-11,12.8,",,W",5.6,",,W"
USW00014819,"CHICAGO MIDWAY AIRPORT, IL US",41.78412,-87.75514,185.8,2017-04-12,13.9,",,W",3.9,",,W"
USW00014819,"CHICAGO MIDWAY AIRPORT, IL US",41.78412,-87.75514,185.8,2017-04-13,16.7,",,W",7.2,",,W"
USW00014819,"CHICAGO MIDWAY AIRPORT, IL US",41.78412,-87.75514,185.8,2017-04-14,20.6,",,W",7.8,",,W"
USW00014819,"CHICAGO MIDWAY AIRPORT, IL US",41.78412,-87.75514,185.8,2017-04-15,27.8,",,W",17.2,",,W"
USW00014819,"CHICAGO MIDWAY AIRPORT, IL US",41.78412,-87.75514,185.8,2017-04-16,23.3,",,W",13.9,",,W"
USW00014819,"CHICAGO MIDWAY AIRPORT, IL US",41.78412,-87.75514,185.8,2017-04-17,20.6,",,W",7.2,",,W"
USW00014819,"CHICAGO MIDWAY AIRPORT, IL US",41.78412,-87.75514,185.8,2017-04-18,25,",,W",6.7,",,W"
USW00014819,"CHICAGO MIDWAY AIRPORT, IL US",41.78412,-87.75514,185.8,2017-04-19,21.1,",,W",7.8,",,W"
USW00014819,"CHICAGO MIDWAY AIRPORT, IL US",41.78412,-87.75514,185.8,2017-04-20,23.9,",,W",10,",,W"
USW00014819,"CHICAGO MIDWAY AIRPORT, IL US",41.78412,-87.75514,185.8,2017-04-21,11.1,",,W",7.2,",,W"
USW00014819,"CHICAGO MIDWAY AIRPORT, IL US",41.78412,-87.75514,185.8,2017-04-22,14.4,",,W",6.7,",,W"
USW00014819,"CHICAGO MIDWAY AIRPORT, IL US",41.78412,-87.75514,185.8,2017-04-23,20.6,",,W",3.9,",,W"
USW00014819,"CHICAGO MIDWAY AIRPORT, IL US",41.78412,-87.75514,185.8,2017-04-24,22.2,",,W",5.6,",,W"
USW00014819,"CHICAGO MIDWAY AIRPORT, IL US",41.78412,-87.75514,185.8,2017-04-25,26.7,",,W",13.9,",,W"
USW00014819,"CHICAGO MIDWAY AIRPORT, IL US",41.78412,-87.75514,185.8,2017-04-26,25,",,W",16.1,",,W"
USW00014819,"CHICAGO MIDWAY AIRPORT, IL US",41.78412,-87.75514,185.8,2017-04-27,16.1,",,W",6.1,",,W"
USW00014819,"CHICAGO MIDWAY AIRPORT, IL US",41.78412,-87.75514,185.8,2017-04-28,15,",,W",5.6,",,W"
USW00014819,"CHICAGO MIDWAY AIRPORT, IL US",41.78412,-87.75514,185.8,2017-04-29,8.3,",,W",5,",,W"
USW00014819,"CHICAGO MIDWAY AIRPORT, IL US",41.78412,-87.75514,185.8,2017-04-30,11.1,",,W",6.7,",,W"
USW00014819,"CHICAGO MIDWAY AIRPORT, IL US",41.78412,-87.75514,185.8,2017-05-01,14.4,",,W",7.2,",,W"
USW00014819,"CHICAGO MIDWAY AIRPORT, IL US",41.78412,-87.75514,185.8,2017-05-02,10.6,",,W",5.6,",,W"
USW00014819,"CHICAGO MIDWAY AIRPORT, IL US",41.78412,-87.75514,185.8,2017-05-03,13.3,",,W",3.3,",,W"
USW00014819,"CHICAGO MIDWAY AIRPORT, IL US",41.78412,-87.75514,185.8,2017-05-04,11.1,",,W",7.8,",,W"
USW00014819,"CHICAGO MIDWAY AIRPORT, IL US",41.78412,-87.75514,185.8,2017-05-05,14.4,",,W",6.1,",,W"
USW00014819,"CHICAGO MIDWAY AIRPORT, IL US",41.78412,-87.75514,185.8,2017-05-06,13.9,",,W",6.7,",,W"
USW00014819,"CHICAGO MIDWAY AIRPORT, IL US",41.78412,-87.75514,185.8,2017-05-07,14.4,",,W",3.3,",,W"
USW00014819,"CHICAGO MIDWAY AIRPORT, IL US",41.78412,-87.75514,185.8,2017-05-08,12.8,",,W",3.9,",,W"
USW00014819,"CHICAGO MIDWAY AIRPORT, IL US",41.78412,-87.75514,185.8,2017-05-09,15.6,",,W",6.1,",,W"
USW00014819,"CHICAGO MIDWAY AIRPORT, IL US",41.78412,-87.75514,185.8,2017-05-10,18.3,",,W",10,",,W"
USW00014819,"CHICAGO MIDWAY AIRPORT, IL US",41.78412,-87.75514,185.8,2017-05-11,17.2,",,W",9.4,",,W"
USW00014819,"CHICAGO MIDWAY AIRPORT, IL US",41.78412,-87.75514,185.8,2017-05-12,21.7,",,W",8.3,",,W"
USW00014819,"CHICAGO MIDWAY AIRPORT, IL US",41.78412,-87.75514,185.8,2017-05-13,27.2,",,W",8.9,",,W"
USW00014819,"CHICAGO MIDWAY AIRPORT, IL US",41.78412,-87.75514,185.8,2017-05-14,21.7,",,W",11.7,",,W"
USW00014819,"CHICAGO MIDWAY AIRPORT, IL US",41.78412,-87.75514,185.8,2017-05-15,29.4,",,W",10.6,",,W"
USW00014819,"CHICAGO MIDWAY AIRPORT, IL US",41.78412,-87.75514,185.8,2017-05-16,31.7,",,W",19.4,",,W"
USW00014819,"CHICAGO MIDWAY AIRPORT, IL US",41.78412,-87.75514,185.8,2017-05-17,30,",,W",18.3,",,W"
USW00014819,"CHICAGO MIDWAY AIRPORT, IL US",41.78412,-87.75514,185.8,2017-05-18,26.7,",,W",10,",,W"
USW00014819,"CHICAGO MIDWAY AIRPORT, IL US",41.78412,-87.75514,185.8,2017-05-19,10,",,W",6.7,",,W"
USW00014819,"CHICAGO MIDWAY AIRPORT, IL US",41.78412,-87.75514,185.8,2017-05-20,20,",,W",10,",,W"
USW00014819,"CHICAGO MIDWAY AIRPORT, IL US",41.78412,-87.75514,185.8,2017-05-21,18.9,",,W",11.1,",,W"
USW00014819,"CHICAGO MIDWAY AIRPORT, IL US",41.78412,-87.75514,185.8,2017-05-22,23.9,",,W",9.4,",,W"
USW00014819,"CHICAGO MIDWAY AIRPORT, IL US",41.78412,-87.75514,185.8,2017-05-23,18.3,",,W",13.9,",,W"
USW00014819,"CHICAGO MIDWAY AIRPORT, IL US",41.78412,-87.75514,185.8,2017-05-24,16.1,",,W",11.1,",,W"
USW00014819,"CHICAGO MIDWAY AIRPORT, IL US",41.78412,-87.75514,185.8,2017-05-25,21.1,",,W",12.2,",,W"
USW00014819,"CHICAGO MIDWAY AIRPORT, IL US",41.78412,-87.75514,185.8,2017-05-26,21.7,",,W",11.1,",,W"
USW00014819,"CHICAGO MIDWAY AIRPORT, IL US",41.78412,-87.75514,185.8,2017-05-27,23.9,",,W",13.3,",,W"
USW00014819,"CHICAGO MIDWAY AIRPORT, IL US",41.78412,-87.75514,185.8,2017-05-28,25,",,W",15,",,W"
USW00014819,"CHICAGO MIDWAY AIRPORT, IL US",41.78412,-87.75514,185.8,2017-05-29,25.6,",,W",16.1,",,W"
USW00014819,"CHICAGO MIDWAY AIRPORT, IL US",41.78412,-87.75514,185.8,2017-05-30,23.3,",,W",13.3,",,W"
USW00014819,"CHICAGO MIDWAY AIRPORT, IL US",41.78412,-87.75514,185.8,2017-05-31,23.3,",,W",12.2,",,W"
USW00014819,"CHICAGO MIDWAY AIRPORT, IL US",41.78412,-87.75514,185.8,2017-06-01,26.1,",,W",12.8,",,W"
USW00014819,"CHICAGO MIDWAY AIRPORT, IL US",41.78412,-87.75514,185.8,2017-06-02,29.4,",,W",14.4,",,W"
USW00014819,"CHICAGO MIDWAY AIRPORT, IL US",41.78412,-87.75514,185.8,2017-06-03,30,",,W",17.2,",,W"
USW00014819,"CHICAGO MIDWAY AIRPORT, IL US",41.78412,-87.75514,185.8,2017-06-04,32.8,",,W",21.1,",,W"
USW00014819,"CHICAGO MIDWAY AIRPORT, IL US",41.78412,-87.75514,185.8,2017-06-05,25.6,",,W",15,",,W"
USW00014819,"CHICAGO MIDWAY AIRPORT, IL US",41.78412,-87.75514,185.8,2017-06-06,23.9,",,Z",12.8,",,Z"
USW00014819,"CHICAGO MIDWAY AIRPORT, IL US",41.78412,-87.75514,185.8,2017-06-07,24.4,",,W",14.4,",,W"
USW00014819,"CHICAGO MIDWAY AIRPORT, IL US",41.78412,-87.75514,185.8,2017-06-08,28.3,",,W",13.9,",,W"
USW00014819,"CHICAGO MIDWAY AIRPORT, IL US",41.78412,-87.75514,185.8,2017-06-09,31.7,",,W",18.9,",,W"
USW00014819,"CHICAGO MIDWAY AIRPORT, IL US",41.78412,-87.75514,185.8,2017-06-10,32.8,",,W",20,",,W"
USW00014819,"CHICAGO MIDWAY AIRPORT, IL US",41.78412,-87.75514,185.8,2017-06-11,34.4,",,W",21.7,",,W"
USW00014819,"CHICAGO MIDWAY AIRPORT, IL US",41.78412,-87.75514,185.8,2017-06-12,35,",,W",23.3,",,W"
USW00014819,"CHICAGO MIDWAY AIRPORT, IL US",41.78412,-87.75514,185.8,2017-06-13,31.7,",,W",21.7,",,W"
USW00014819,"CHICAGO MIDWAY AIRPORT, IL US",41.78412,-87.75514,185.8,2017-06-14,32.2,",,W",20,",,W"
USW00014819,"CHICAGO MIDWAY AIRPORT, IL US",41.78412,-87.75514,185.8,2017-06-15,32.8,",,W",21.1,",,W"
USW00014819,"CHICAGO MIDWAY AIRPORT, IL US",41.78412,-87.75514,185.8,2017-06-16,30,",,W",19.4,",,W"
USW00014819,"CHICAGO MIDWAY AIRPORT, IL US",41.78412,-87.75514,185.8,2017-06-17,31.1,",,W",22.8,",,W"
USW00014819,"CHICAGO MIDWAY AIRPORT, IL US",41.78412,-87.75514,185.8,2017-06-18,26.7,",,W",21.1,",,W"
USW00014819,"CHICAGO MIDWAY AIRPORT, IL US",41.78412,-87.75514,185.8,2017-06-19,26.1,",,W",16.1,",,W"
USW00014819,"CHICAGO MIDWAY AIRPORT, IL US",41.78412,-87.75514,185.8,2017-06-20,26.7,",,W",15,",,W"
USW00014819,"CHICAGO MIDWAY AIRPORT, IL US",41.78412,-87.75514,185.8,2017-06-21,26.1,",,W",13.9,",,W"
USW00014819,"CHICAGO MIDWAY AIRPORT, IL US",41.78412,-87.75514,185.8,2017-06-22,31.7,",,W",23.3,",,W"
USW00014819,"CHICAGO MIDWAY AIRPORT, IL US",41.78412,-87.75514,185.8,2017-06-23,28.3,",,W",19.4,",,W"
USW00014819,"CHICAGO MIDWAY AIRPORT, IL US",41.78412,-87.75514,185.8,2017-06-24,23.9,",,W",16.7,",,W"
USW00014819,"CHICAGO MIDWAY AIRPORT, IL US",41.78412,-87.75514,185.8,2017-06-25,22.8,",,W",13.3,",,W"
USW00014819,"CHICAGO MIDWAY AIRPORT, IL US",41.78412,-87.75514,185.8,2017-06-26,23.3,",,W",12.8,",,W"
USW00014819,"CHICAGO MIDWAY AIRPORT, IL US",41.78412,-87.75514,185.8,2017-06-27,25,",,W",12.2,",,W"
USW00014819,"CHICAGO MIDWAY AIRPORT, IL US",41.78412,-87.75514,185.8,2017-06-28,28.3,",,W",17.2,",,W"
USW00014819,"CHICAGO MIDWAY AIRPORT, IL US",41.78412,-87.75514,185.8,2017-06-29,28.3,",,W",20,",,W"
USW00014819,"CHICAGO MIDWAY AIRPORT, IL US",41.78412,-87.75514,185.8,2017-06-30,28.3,",,W",19.4,",,W"
USW00014819,"CHICAGO MIDWAY AIRPORT, IL US",41.78412,-87.75514,185.8,2017-07-01,28.3,",,W",20,",,W"
USW00014819,"CHICAGO MIDWAY AIRPORT, IL US",41.78412,-87.75514,185.8,2017-07-02,31.7,",,W",16.7,",,W"
USW00014819,"CHICAGO MIDWAY AIRPORT, IL US",41.78412,-87.75514,185.8,2017-07-03,27.8,",,W",20.6,",,W"
USW00014819,"CHICAGO MIDWAY AIRPORT, IL US",41.78412,-87.75514,185.8,2017-07-04,28.9,",,W",20,",,W"
USW00014819,"CHICAGO MIDWAY AIRPORT, IL US",41.78412,-87.75514,185.8,2017-07-05,30.6,",,W",21.7,",,W"
USW00014819,"CHICAGO MIDWAY AIRPORT, IL US",41.78412,-87.75514,185.8,2017-07-06,33.3,",,W",22.2,",,W"
USW00014819,"CHICAGO MIDWAY AIRPORT, IL US",41.78412,-87.75514,185.8,2017-07-07,31.1,",,W",19.4,",,W"
USW00014819,"CHICAGO MIDWAY AIRPORT, IL US",41.78412,-87.75514,185.8,2017-07-08,25.6,",,W",17.8,",,W"
USW00014819,"CHICAGO MIDWAY AIRPORT, IL US",41.78412,-87.75514,185.8,2017-07-09,30.6,",,W",16.1,",,W"
USW00014819,"CHICAGO MIDWAY AIRPORT, IL US",41.78412,-87.75514,185.8,2017-07-10,29.4,",,W",20,",,W"
USW00014819,"CHICAGO MIDWAY AIRPORT, IL US",41.78412,-87.75514,185.8,2017-07-11,30,",,W",22.2,",,W"
USW00014819,"CHICAGO MIDWAY AIRPORT, IL US",41.78412,-87.75514,185.8,2017-07-12,26.7,",,W",20.6,",,W"
USW00014819,"CHICAGO MIDWAY AIRPORT, IL US",41.78412,-87.75514,185.8,2017-07-13,28.9,",,W",22.2,",,W"
USW00014819,"CHICAGO MIDWAY AIRPORT, IL US",41.78412,-87.75514,185.8,2017-07-14,23.9,",,W",17.8,",,W"
USW00014819,"CHICAGO MIDWAY AIRPORT, IL US",41.78412,-87.75514,185.8,2017-07-15,28.3,",,W",16.1,",,W"
USW00014819,"CHICAGO MIDWAY AIRPORT, IL US",41.78412,-87.75514,185.8,2017-07-16,27.2,",,W",18.3,",,W"
USW00014819,"CHICAGO MIDWAY AIRPORT, IL US",41.78412,-87.75514,185.8,2017-07-17,26.1,",,W",14.4,",,W"
USW00014819,"CHICAGO MIDWAY AIRPORT, IL US",41.78412,-87.75514,185.8,2017-07-18,32.2,",,W",7.2,",S,W"
USW00014819,"CHICAGO MIDWAY AIRPORT, IL US",41.78412,-87.75514,185.8,2017-07-19,31.7,",,W",21.7,",,W"
USW00014819,"CHICAGO MIDWAY AIRPORT, IL US",41.78412,-87.75514,185.8,2017-07-20,31.7,",,W",21.1,",,W"
USW00014819,"CHICAGO MIDWAY AIRPORT, IL US",41.78412,-87.75514,185.8,2017-07-21,31.7,",,W",22.8,",,W"
USW00014819,"CHICAGO MIDWAY AIRPORT, IL US",41.78412,-87.75514,185.8,2017-07-22,30.6,",,W",22.2,",,W"
USW00014819,"CHICAGO MIDWAY AIRPORT, IL US",41.78412,-87.75514,185.8,2017-07-23,32.8,",,W",21.7,",,W"
USW00014819,"CHICAGO MIDWAY AIRPORT, IL US",41.78412,-87.75514,185.8,2017-07-24,23.9,",,W",20,",,W"
USW00014819,"CHICAGO MIDWAY AIRPORT, IL US",41.78412,-87.75514,185.8,2017-07-25,27.8,",,W",18.9,",,W"
USW00014819,"CHICAGO MIDWAY AIRPORT, IL US",41.78412,-87.75514,185.8,2017-07-26,29.4,",,W",20,",,W"
USW00014819,"CHICAGO MIDWAY AIRPORT, IL US",41.78412,-87.75514,185.8,2017-07-27,27.8,",,W",22.2,",,W"
USW00014819,"CHICAGO MIDWAY AIRPORT, IL US",41.78412,-87.75514,185.8,2017-07-28,26.1,",,W",21.1,",,W"
USW00014819,"CHICAGO MIDWAY AIRPORT, IL US",41.78412,-87.75514,185.8,2017-07-29,25.6,",,W",18.3,",,W"
USW00014819,"CHICAGO MIDWAY AIRPORT, IL US",41.78412,-87.75514,185.8,2017-07-30,28.9,",,W",17.8,",,W"
USW00014819,"CHICAGO MIDWAY AIRPORT, IL US",41.78412,-87.75514,185.8,2017-07-31,30,",,W",20,",,W"
USW00014819,"CHICAGO MIDWAY AIRPORT, IL US",41.78412,-87.75514,185.8,2017-08-01,30,",,W",21.7,",,W"
USW00014819,"CHICAGO MIDWAY AIRPORT, IL US",41.78412,-87.75514,185.8,2017-08-02,30.6,",,W",20,",,W"
USW00014819,"CHICAGO MIDWAY AIRPORT, IL US",41.78412,-87.75514,185.8,2017-08-03,30,",,W",17.2,",,W"
USW00014819,"CHICAGO MIDWAY AIRPORT, IL US",41.78412,-87.75514,185.8,2017-08-04,20,",,W",13.3,",,W"
USW00014819,"CHICAGO MIDWAY AIRPORT, IL US",41.78412,-87.75514,185.8,2017-08-05,26.1,",,W",15,",,W"
USW00014819,"CHICAGO MIDWAY AIRPORT, IL US",41.78412,-87.75514,185.8,2017-08-06,25,",,W",18.9,",,W"
USW00014819,"CHICAGO MIDWAY AIRPORT, IL US",41.78412,-87.75514,185.8,2017-08-07,25,",,W",15.6,",,W"
USW00014819,"CHICAGO MIDWAY AIRPORT, IL US",41.78412,-87.75514,185.8,2017-08-08,28.9,",,W",15,",,W"
USW00014819,"CHICAGO MIDWAY AIRPORT, IL US",41.78412,-87.75514,185.8,2017-08-09,28.3,",,W",17.8,",,W"
USW00014819,"CHICAGO MIDWAY AIRPORT, IL US",41.78412,-87.75514,185.8,2017-08-10,29.4,",,W",18.3,",,W"
USW00014819,"CHICAGO MIDWAY AIRPORT, IL US",41.78412,-87.75514,185.8,2017-08-11,26.7,",,W",18.9,",,W"
USW00014819,"CHICAGO MIDWAY AIRPORT, IL US",41.78412,-87.75514,185.8,2017-08-12,24.4,",,W",16.1,",,W"
USW00014819,"CHICAGO MIDWAY AIRPORT, IL US",41.78412,-87.75514,185.8,2017-08-13,25,",,W",15,",,W"
USW00014819,"CHICAGO MIDWAY AIRPORT, IL US",41.78412,-87.75514,185.8,2017-08-14,28.9,",,W",18.3,",,W"
USW00014819,"CHICAGO MIDWAY AIRPORT, IL US",41.78412,-87.75514,185.8,2017-08-15,28.9,",,W",20,",,W"
USW00014819,"CHICAGO MIDWAY AIRPORT, IL US",41.78412,-87.75514,185.8,2017-08-17,28.9,",,W",22.8,",,W"
USW00014819,"CHICAGO MIDWAY AIRPORT, IL US",41.78412,-87.75514,185.8,2017-08-18,28.3,",,W",19.4,",,W"
USW00014819,"CHICAGO MIDWAY AIRPORT, IL US",41.78412,-87.75514,185.8,2017-08-19,27.8,",,W",17.8,",,W"
USW00014819,"CHICAGO MIDWAY AIRPORT, IL US",41.78412,-87.75514,185.8,2017-08-20,31.7,",,W",19.4,",,W"
USW00014819,"CHICAGO MIDWAY AIRPORT, IL US",41.78412,-87.75514,185.8,2017-08-21,30.6,",,W",22.2,",,W"
USW00014819,"CHICAGO MIDWAY AIRPORT, IL US",41.78412,-87.75514,185.8,2017-08-22,27.2,",,W",17.8,",,W"
USW00014819,"CHICAGO MIDWAY AIRPORT, IL US",41.78412,-87.75514,185.8,2017-08-23,25.6,",,W",15.6,",,W"
USW00014819,"CHICAGO MIDWAY AIRPORT, IL US",41.78412,-87.75514,185.8,2017-08-24,24.4,",,W",15,",,W"
USW00014819,"CHICAGO MIDWAY AIRPORT, IL US",41.78412,-87.75514,185.8,2017-08-25,22.8,",,W",11.7,",,W"
USW00014819,"CHICAGO MIDWAY AIRPORT, IL US",41.78412,-87.75514,185.8,2017-08-26,25.6,",,W",15,",,W"
USW00014819,"CHICAGO MIDWAY AIRPORT, IL US",41.78412,-87.75514,185.8,2017-08-27,26.1,",,W",17.8,",,W"
USW00014819,"CHICAGO MIDWAY AIRPORT, IL US",41.78412,-87.75514,185.8,2017-08-28,25.6,",,W",18.9,",,W"
USW00014819,"CHICAGO MIDWAY AIRPORT, IL US",41.78412,-87.75514,185.8,2017-08-29,24.4,",,W",17.2,",,W"
USW00014819,"CHICAGO MIDWAY AIRPORT, IL US",41.78412,-87.75514,185.8,2017-08-30,27.2,",,W",16.1,",,W"
USW00014819,"CHICAGO MIDWAY AIRPORT, IL US",41.78412,-87.75514,185.8,2017-08-31,23.3,",,W",18.9,",,W"
USW00014819,"CHICAGO MIDWAY AIRPORT, IL US",41.78412,-87.75514,185.8,2017-09-01,20.6,",,W",14.4,",,W"
USW00014819,"CHICAGO MIDWAY AIRPORT, IL US",41.78412,-87.75514,185.8,2017-09-02,23.3,",,W",10,",,W"
USW00014819,"CHICAGO MIDWAY AIRPORT, IL US",41.78412,-87.75514,185.8,2017-09-03,28.9,",,W",13.9,",,W"
USW00014819,"CHICAGO MIDWAY AIRPORT, IL US",41.78412,-87.75514,185.8,2017-09-04,28.9,",,W",18.3,",,W"
USW00014819,"CHICAGO MIDWAY AIRPORT, IL US",41.78412,-87.75514,185.8,2017-09-05,22.2,",,W",12.8,",,W"
USW00014819,"CHICAGO MIDWAY AIRPORT, IL US",41.78412,-87.75514,185.8,2017-09-06,19.4,",,W",10,",,W"
USW00014819,"CHICAGO MIDWAY AIRPORT, IL US",41.78412,-87.75514,185.8,2017-09-07,21.1,",,W",11.7,",,W"
USW00014819,"CHICAGO MIDWAY AIRPORT, IL US",41.78412,-87.75514,185.8,2017-09-08,22.2,",,W",15,",,W"
USW00014819,"CHICAGO MIDWAY AIRPORT, IL US",41.78412,-87.75514,185.8,2017-09-09,21.7,",,W",13.9,",,W"
USW00014819,"CHICAGO MIDWAY AIRPORT, IL US",41.78412,-87.75514,185.8,2017-09-10,21.1,",,W",11.7,",,W"
USW00014819,"CHICAGO MIDWAY AIRPORT, IL US",41.78412,-87.75514,185.8,2017-09-11,23.3,",,W",12.8,",,W"
USW00014819,"CHICAGO MIDWAY AIRPORT, IL US",41.78412,-87.75514,185.8,2017-09-12,27.2,",,W",14.4,",,W"
USW00014819,"CHICAGO MIDWAY AIRPORT, IL US",41.78412,-87.75514,185.8,2017-09-13,24.4,",,W",17.8,",,W"
USW00014819,"CHICAGO MIDWAY AIRPORT, IL US",41.78412,-87.75514,185.8,2017-09-14,26.7,",,W",15,",,W"
USW00014819,"CHICAGO MIDWAY AIRPORT, IL US",41.78412,-87.75514,185.8,2017-09-15,31.1,",,W",17.8,",,W"
USW00014819,"CHICAGO MIDWAY AIRPORT, IL US",41.78412,-87.75514,185.8,2017-09-16,31.1,",,W",19.4,",,W"
USW00014819,"CHICAGO MIDWAY AIRPORT, IL US",41.78412,-87.75514,185.8,2017-09-17,31.1,",,W",18.9,",,W"
USW00014819,"CHICAGO MIDWAY AIRPORT, IL US",41.78412,-87.75514,185.8,2017-09-18,24.4,",,W",15,",,W"
USW00014819,"CHICAGO MIDWAY AIRPORT, IL US",41.78412,-87.75514,185.8,2017-09-19,25.6,",,W",18.9,",,W"
USW00014819,"CHICAGO MIDWAY AIRPORT, IL US",41.78412,-87.75514,185.8,2017-09-20,33.3,",,W",18.9,",,W"
USW00014819,"CHICAGO MIDWAY AIRPORT, IL US",41.78412,-87.75514,185.8,2017-09-21,35,",,W",23.3,",,W"
USW00014819,"CHICAGO MIDWAY AIRPORT, IL US",41.78412,-87.75514,185.8,2017-09-22,35,",,W",23.9,",,W"
USW00014819,"CHICAGO MIDWAY AIRPORT, IL US",41.78412,-87.75514,185.8,2017-09-23,35,",,W",23.9,",,W"
USW00014819,"CHICAGO MIDWAY AIRPORT, IL US",41.78412,-87.75514,185.8,2017-09-24,33.3,",,W",22.8,",,W"
USW00014819,"CHICAGO MIDWAY AIRPORT, IL US",41.78412,-87.75514,185.8,2017-09-25,33.3,",,W",21.7,",,W"
USW00014819,"CHICAGO MIDWAY AIRPORT, IL US",41.78412,-87.75514,185.8,2017-09-26,33.9,",,W",22.2,",,W"
USW00014819,"CHICAGO MIDWAY AIRPORT, IL US",41.78412,-87.75514,185.8,2017-09-27,22.8,",,W",14.4,",,W"
USW00014819,"CHICAGO MIDWAY AIRPORT, IL US",41.78412,-87.75514,185.8,2017-09-28,22.8,",,W",12.2,",,W"
USW00014819,"CHICAGO MIDWAY AIRPORT, IL US",41.78412,-87.75514,185.8,2017-09-29,21.1,",,W",15.6,",,W"
USW00014819,"CHICAGO MIDWAY AIRPORT, IL US",41.78412,-87.75514,185.8,2017-09-30,18.9,",,W",13.9,",,W"
USW00014819,"CHICAGO MIDWAY AIRPORT, IL US",41.78412,-87.75514,185.8,2017-10-01,22.2,",,W",11.1,",,W"
USW00014819,"CHICAGO MIDWAY AIRPORT, IL US",41.78412,-87.75514,185.8,2017-10-02,28.3,",,W",16.7,",,W"
USW00014819,"CHICAGO MIDWAY AIRPORT, IL US",41.78412,-87.75514,185.8,2017-10-03,26.1,",,W",19.4,",,W"
USW00014819,"CHICAGO MIDWAY AIRPORT, IL US",41.78412,-87.75514,185.8,2017-10-04,22.2,",,W",16.7,",,W"
USW00014819,"CHICAGO MIDWAY AIRPORT, IL US",41.78412,-87.75514,185.8,2017-10-05,24.4,",,W",13.3,",,W"
USW00014819,"CHICAGO MIDWAY AIRPORT, IL US",41.78412,-87.75514,185.8,2017-10-06,22.2,",,W",16.7,",,W"
USW00014819,"CHICAGO MIDWAY AIRPORT, IL US",41.78412,-87.75514,185.8,2017-10-07,26.7,",,W",16.1,",,W"
USW00014819,"CHICAGO MIDWAY AIRPORT, IL US",41.78412,-87.75514,185.8,2017-10-08,26.7,",,W",13.3,",,W"
USW00014819,"CHICAGO MIDWAY AIRPORT, IL US",41.78412,-87.75514,185.8,2017-10-09,27.8,",,W",12.8,",,W"
USW00014819,"CHICAGO MIDWAY AIRPORT, IL US",41.78412,-87.75514,185.8,2017-10-10,23.3,",,W",15,",,W"
USW00014819,"CHICAGO MIDWAY AIRPORT, IL US",41.78412,-87.75514,185.8,2017-10-11,17.2,",,W",13.9,",,W"
USW00014819,"CHICAGO MIDWAY AIRPORT, IL US",41.78412,-87.75514,185.8,2017-10-12,15.6,",,W",13.9,",,W"
USW00014819,"CHICAGO MIDWAY AIRPORT, IL US",41.78412,-87.75514,185.8,2017-10-13,23.3,",,W",12.2,",,W"
USW00014819,"CHICAGO MIDWAY AIRPORT, IL US",41.78412,-87.75514,185.8,2017-10-14,20,",,W",16.7,",,W"
USW00014819,"CHICAGO MIDWAY AIRPORT, IL US",41.78412,-87.75514,185.8,2017-10-15,20,",,W",8.9,",,W"
USW00014819,"CHICAGO MIDWAY AIRPORT, IL US",41.78412,-87.75514,185.8,2017-10-16,17.2,",,W",6.1,",,W"
USW00014819,"CHICAGO MIDWAY AIRPORT, IL US",41.78412,-87.75514,185.8,2017-10-17,21.7,",,W",9.4,",,W"
USW00014819,"CHICAGO MIDWAY AIRPORT, IL US",41.78412,-87.75514,185.8,2017-10-18,21.7,",,W",10,",,W"
USW00014819,"CHICAGO MIDWAY AIRPORT, IL US",41.78412,-87.75514,185.8,2017-10-19,20.6,",,W",11.7,",,W"
USW00014819,"CHICAGO MIDWAY AIRPORT, IL US",41.78412,-87.75514,185.8,2017-10-20,26.7,",,W",12.2,",,W"
USW00014819,"CHICAGO MIDWAY AIRPORT, IL US",41.78412,-87.75514,185.8,2017-10-21,25.6,",,W",16.7,",,W"
USW00014819,"CHICAGO MIDWAY AIRPORT, IL US",41.78412,-87.75514,185.8,2017-10-22,22.2,",,W",11.1,",,W"
USW00014819,"CHICAGO MIDWAY AIRPORT, IL US",41.78412,-87.75514,185.8,2017-10-23,12.2,",,W",10,",,W"
USW00014819,"CHICAGO MIDWAY AIRPORT, IL US",41.78412,-87.75514,185.8,2017-10-24,10,",,W",5.6,",,W"
USW00014819,"CHICAGO MIDWAY AIRPORT, IL US",41.78412,-87.75514,185.8,2017-10-25,12.2,",,W",3.3,",,W"
USW00014819,"CHICAGO MIDWAY AIRPORT, IL US",41.78412,-87.75514,185.8,2017-10-26,16.1,",,W",3.9,",,W"
USW00014819,"CHICAGO MIDWAY AIRPORT, IL US",41.78412,-87.75514,185.8,2017-10-27,12.2,",,W",2.8,",,W"
USW00014819,"CHICAGO MIDWAY AIRPORT, IL US",41.78412,-87.75514,185.8,2017-10-28,4.4,",,W",2.2,",,W"
USW00014819,"CHICAGO MIDWAY AIRPORT, IL US",41.78412,-87.75514,185.8,2017-10-29,7.8,",,W",0.6,",,W"
USW00014819,"CHICAGO MIDWAY AIRPORT, IL US",41.78412,-87.75514,185.8,2017-10-30,10.6,",,W",3.3,",,W"
USW00014819,"CHICAGO MIDWAY AIRPORT, IL US",41.78412,-87.75514,185.8,2017-10-31,5,",,W",1.7,",,W"
USW00014819,"CHICAGO MIDWAY AIRPORT, IL US",41.78412,-87.75514,185.8,2017-11-01,7.2,",,W",2.8,",,W"
USW00014819,"CHICAGO MIDWAY AIRPORT, IL US",41.78412,-87.75514,185.8,2017-11-02,11.1,",,W",7.2,",,W"
USW00014819,"CHICAGO MIDWAY AIRPORT, IL US",41.78412,-87.75514,185.8,2017-11-03,10,",,W",4.4,",,W"
USW00014819,"CHICAGO MIDWAY AIRPORT, IL US",41.78412,-87.75514,185.8,2017-11-04,10.6,",,W",6.1,",,W"
USW00014819,"CHICAGO MIDWAY AIRPORT, IL US",41.78412,-87.75514,185.8,2017-11-05,11.7,",,W",6.7,",,W"
USW00014819,"CHICAGO MIDWAY AIRPORT, IL US",41.78412,-87.75514,185.8,2017-11-06,6.7,",,W",0.6,",,W"
USW00014819,"CHICAGO MIDWAY AIRPORT, IL US",41.78412,-87.75514,185.8,2017-11-07,8.9,",,W",0.6,",,W"
USW00014819,"CHICAGO MIDWAY AIRPORT, IL US",41.78412,-87.75514,185.8,2017-11-08,8.3,",,W",-1.6,",,W"
USW00014819,"CHICAGO MIDWAY AIRPORT, IL US",41.78412,-87.75514,185.8,2017-11-09,8.3,",,W",-5.5,",,W"
USW00014819,"CHICAGO MIDWAY AIRPORT, IL US",41.78412,-87.75514,185.8,2017-11-10,-0.5,",,W",-6.6,",,W"
USW00014819,"CHICAGO MIDWAY AIRPORT, IL US",41.78412,-87.75514,185.8,2017-11-11,3.9,",,W",-3.2,",,W"
USW00014819,"CHICAGO MIDWAY AIRPORT, IL US",41.78412,-87.75514,185.8,2017-11-12,5,",,W",3.3,",,W"
USW00014819,"CHICAGO MIDWAY AIRPORT, IL US",41.78412,-87.75514,185.8,2017-11-13,5.6,",,W",0,",,W"
USW00014819,"CHICAGO MIDWAY AIRPORT, IL US",41.78412,-87.75514,185.8,2017-11-14,10,",,W",0.6,",,W"
USW00014819,"CHICAGO MIDWAY AIRPORT, IL US",41.78412,-87.75514,185.8,2017-11-15,11.1,",,W",1.1,",,W"
USW00014819,"CHICAGO MIDWAY AIRPORT, IL US",41.78412,-87.75514,185.8,2017-11-16,3.9,",,W",0,",,W"
USW00014819,"CHICAGO MIDWAY AIRPORT, IL US",41.78412,-87.75514,185.8,2017-11-17,8.9,",,W",2.2,",,W"
USW00014819,"CHICAGO MIDWAY AIRPORT, IL US",41.78412,-87.75514,185.8,2017-11-18,8.9,",,W",2.2,",,W"
USW00014819,"CHICAGO MIDWAY AIRPORT, IL US",41.78412,-87.75514,185.8,2017-11-19,3.3,",,W",-1,",,W"
USW00014819,"CHICAGO MIDWAY AIRPORT, IL US",41.78412,-87.75514,185.8,2017-11-20,12.2,",,W",-0.5,",,W"
USW00014819,"CHICAGO MIDWAY AIRPORT, IL US",41.78412,-87.75514,185.8,2017-11-21,7.2,",,W",-2.1,",,W"
USW00014819,"CHICAGO MIDWAY AIRPORT, IL US",41.78412,-87.75514,185.8,2017-11-22,1.7,",,W",-4.9,",,W"
USW00014819,"CHICAGO MIDWAY AIRPORT, IL US",41.78412,-87.75514,185.8,2017-11-23,8.9,",,W",0,",,W"
USW00014819,"CHICAGO MIDWAY AIRPORT, IL US",41.78412,-87.75514,185.8,2017-11-24,16.7,",,W",1.1,",,W"
USW00014819,"CHICAGO MIDWAY AIRPORT, IL US",41.78412,-87.75514,185.8,2017-11-25,12.8,",,W",2.2,",,W"
USW00014819,"CHICAGO MIDWAY AIRPORT, IL US",41.78412,-87.75514,185.8,2017-11-26,9.4,",,W",-2.1,",,W"
USW00014819,"CHICAGO MIDWAY AIRPORT, IL US",41.78412,-87.75514,185.8,2017-11-27,13.9,",,W",2.2,",,W"
USW00014819,"CHICAGO MIDWAY AIRPORT, IL US",41.78412,-87.75514,185.8,2017-11-28,16.7,",,W",7.8,",,W"
USW00014819,"CHICAGO MIDWAY AIRPORT, IL US",41.78412,-87.75514,185.8,2017-11-29,8.9,",,W",1.7,",,W"
USW00014819,"CHICAGO MIDWAY AIRPORT, IL US",41.78412,-87.75514,185.8,2017-11-30,12.8,",,W",3.9,",,W"
USW00014819,"CHICAGO MIDWAY AIRPORT, IL US",41.78412,-87.75514,185.8,2017-12-01,11.7,",,W",-0.5,",,W"
USW00014819,"CHICAGO MIDWAY AIRPORT, IL US",41.78412,-87.75514,185.8,2017-12-02,12.2,",,W",1.7,",,W"
USW00014819,"CHICAGO MIDWAY AIRPORT, IL US",41.78412,-87.75514,185.8,2017-12-03,14.4,",,W",-0.5,",,W"
USW00014819,"CHICAGO MIDWAY AIRPORT, IL US",41.78412,-87.75514,185.8,2017-12-04,18.3,",,W",7.8,",,W"
USW00014819,"CHICAGO MIDWAY AIRPORT, IL US",41.78412,-87.75514,185.8,2017-12-05,7.8,",,W",-2.1,",,W"
USW00014819,"CHICAGO MIDWAY AIRPORT, IL US",41.78412,-87.75514,185.8,2017-12-06,2.2,",,W",-3.2,",,W"
USW00014819,"CHICAGO MIDWAY AIRPORT, IL US",41.78412,-87.75514,185.8,2017-12-07,-1.6,",,W",-7.1,",,W"
USW00014819,"CHICAGO MIDWAY AIRPORT, IL US",41.78412,-87.75514,185.8,2017-12-08,2.8,",,W",-7.7,",,W"
USW00014819,"CHICAGO MIDWAY AIRPORT, IL US",41.78412,-87.75514,185.8,2017-12-09,0,",,W",-6.6,",,W"
USW00014819,"CHICAGO MIDWAY AIRPORT, IL US",41.78412,-87.75514,185.8,2017-12-10,2.2,",,W",-6.6,",,W"
USW00014819,"CHICAGO MIDWAY AIRPORT, IL US",41.78412,-87.75514,185.8,2017-12-11,4.4,",,W",-3.2,",,W"
USW00014819,"CHICAGO MIDWAY AIRPORT, IL US",41.78412,-87.75514,185.8,2017-12-12,0,",,W",-7.7,",,W"
USW00014819,"CHICAGO MIDWAY AIRPORT, IL US",41.78412,-87.75514,185.8,2017-12-13,3.3,",,W",-5.5,",,W"
USW00014819,"CHICAGO MIDWAY AIRPORT, IL US",41.78412,-87.75514,185.8,2017-12-14,-1,",,W",-7.7,",,W"
USW00014819,"CHICAGO MIDWAY AIRPORT, IL US",41.78412,-87.75514,185.8,2017-12-15,3.3,",,W",-6,",,W"
USW00014819,"CHICAGO MIDWAY AIRPORT, IL US",41.78412,-87.75514,185.8,2017-12-16,8.9,",,W",1.1,",,W"
USW00014819,"CHICAGO MIDWAY AIRPORT, IL US",41.78412,-87.75514,185.8,2017-12-17,8.3,",,W",0,",,W"
USW00014819,"CHICAGO MIDWAY AIRPORT, IL US",41.78412,-87.75514,185.8,2017-12-18,7.2,",,W",5,",,W"
USW00014819,"CHICAGO MIDWAY AIRPORT, IL US",41.78412,-87.75514,185.8,2017-12-19,10.6,",,W",2.8,",,W"
USW00014819,"CHICAGO MIDWAY AIRPORT, IL US",41.78412,-87.75514,185.8,2017-12-20,2.8,",,W",-1,",,W"
USW00014819,"CHICAGO MIDWAY AIRPORT, IL US",41.78412,-87.75514,185.8,2017-12-21,5,",,W",1.1,",,W"
USW00014819,"CHICAGO MIDWAY AIRPORT, IL US",41.78412,-87.75514,185.8,2017-12-22,5,",,W",1.7,",,W"
USW00014819,"CHICAGO MIDWAY AIRPORT, IL US",41.78412,-87.75514,185.8,2017-12-23,1.7,",,W",-6,",,W"
USW00014819,"CHICAGO MIDWAY AIRPORT, IL US",41.78412,-87.75514,185.8,2017-12-24,-4.3,",,W",-7.1,",,W"
USW00014819,"CHICAGO MIDWAY AIRPORT, IL US",41.78412,-87.75514,185.8,2017-12-25,-5.5,",,W",-15.5,",,W"
USW00014819,"CHICAGO MIDWAY AIRPORT, IL US",41.78412,-87.75514,185.8,2017-12-26,-13.8,",,W",-18.2,",,W"
USW00014819,"CHICAGO MIDWAY AIRPORT, IL US",41.78412,-87.75514,185.8,2017-12-27,-13.2,",,W",-19.3,",,W"
USW00014819,"CHICAGO MIDWAY AIRPORT, IL US",41.78412,-87.75514,185.8,2017-12-28,-9.9,",,W",-16.6,",,W"
USW00014819,"CHICAGO MIDWAY AIRPORT, IL US",41.78412,-87.75514,185.8,2017-12-29,-8.8,",,W",-12.1,",,W"
USW00014819,"CHICAGO MIDWAY AIRPORT, IL US",41.78412,-87.75514,185.8,2017-12-30,-9.3,",,W",-17.7,",,W"
USW00014819,"CHICAGO MIDWAY AIRPORT, IL US",41.78412,-87.75514,185.8,2017-12-31,-9.3,",,W",-17.7,",,W"
USC00111550,"CHICAGO NORTHERLY ISLAND, IL US",41.8558,-87.6094,177.7,2018-01-01,-14.4,",,7",-20.6,",,7"
USC00111550,"CHICAGO NORTHERLY ISLAND, IL US",41.8558,-87.6094,177.7,2018-01-02,-13.3,",,7",-21.7,",,7"
USC00111550,"CHICAGO NORTHERLY ISLAND, IL US",41.8558,-87.6094,177.7,2018-01-03,-7.8,",,7",-13.3,",,7"
USC00111550,"CHICAGO NORTHERLY ISLAND, IL US",41.8558,-87.6094,177.7,2018-01-04,-10,",,7",-15.6,",,7"
USC00111550,"CHICAGO NORTHERLY ISLAND, IL US",41.8558,-87.6094,177.7,2018-01-05,-10.6,",,7",-16.1,",,7"
USC00111550,"CHICAGO NORTHERLY ISLAND, IL US",41.8558,-87.6094,177.7,2018-01-06,-7.2,",,7",-15.6,",,7"
USC00111550,"CHICAGO NORTHERLY ISLAND, IL US",41.8558,-87.6094,177.7,2018-01-07,0,",,7",-13.3,",,7"
USC00111550,"CHICAGO NORTHERLY ISLAND, IL US",41.8558,-87.6094,177.7,2018-01-08,2.8,",,7",-0.6,",,7"
USC00111550,"CHICAGO NORTHERLY ISLAND, IL US",41.8558,-87.6094,177.7,2018-01-09,1.7,",,7",-2.2,",,7"
USC00111550,"CHICAGO NORTHERLY ISLAND, IL US",41.8558,-87.6094,177.7,2018-01-10,13.3,",,7",-0.6,",,7"
USC00111550,"CHICAGO NORTHERLY ISLAND, IL US",41.8558,-87.6094,177.7,2018-01-11,15.6,",,7",-4.4,",,7"
USC00111550,"CHICAGO NORTHERLY ISLAND, IL US",41.8558,-87.6094,177.7,2018-01-12,-3.9,",,7",-8.3,",,7"
USC00111550,"CHICAGO NORTHERLY ISLAND, IL US",41.8558,-87.6094,177.7,2018-01-13,-8.3,",,7",-12.8,",,7"
USC00111550,"CHICAGO NORTHERLY ISLAND, IL US",41.8558,-87.6094,177.7,2018-01-14,-5.6,",,7",-12.2,",,7"
USC00111550,"CHICAGO NORTHERLY ISLAND, IL US",41.8558,-87.6094,177.7,2018-01-15,-4.4,",,7",-12.2,",,7"
USC00111550,"CHICAGO NORTHERLY ISLAND, IL US",41.8558,-87.6094,177.7,2018-01-16,-3.9,",,7",-13.9,",,7"
USC00111550,"CHICAGO NORTHERLY ISLAND, IL US",41.8558,-87.6094,177.7,2018-01-17,-5.6,",,7",-12.8,",,7"
USC00111550,"CHICAGO NORTHERLY ISLAND, IL US",41.8558,-87.6094,177.7,2018-01-18,0.6,",,7",-7.8,",,7"
USC00111550,"CHICAGO NORTHERLY ISLAND, IL US",41.8558,-87.6094,177.7,2018-01-19,4.4,",,7",-2.2,",,7"
USC00111550,"CHICAGO NORTHERLY ISLAND, IL US",41.8558,-87.6094,177.7,2018-01-20,7.8,",,7",1.1,",,7"
USC00111550,"CHICAGO NORTHERLY ISLAND, IL US",41.8558,-87.6094,177.7,2018-01-21,5,",,7",1.7,",,7"
USC00111550,"CHICAGO NORTHERLY ISLAND, IL US",41.8558,-87.6094,177.7,2018-01-22,11.7,",,7",2.2,",,7"
USC00111550,"CHICAGO NORTHERLY ISLAND, IL US",41.8558,-87.6094,177.7,2018-01-23,3.9,",,7",-2.2,",,7"
USC00111550,"CHICAGO NORTHERLY ISLAND, IL US",41.8558,-87.6094,177.7,2018-01-24,-1.1,",,7",-2.8,",,7"
USC00111550,"CHICAGO NORTHERLY ISLAND, IL US",41.8558,-87.6094,177.7,2018-01-25,7.2,",,7",-3.3,",,7"
USC00111550,"CHICAGO NORTHERLY ISLAND, IL US",41.8558,-87.6094,177.7,2018-01-26,11.1,",,7",3.3,",,7"
USC00111550,"CHICAGO NORTHERLY ISLAND, IL US",41.8558,-87.6094,177.7,2018-01-27,10.6,",,7",3.9,",,7"
USC00111550,"CHICAGO NORTHERLY ISLAND, IL US",41.8558,-87.6094,177.7,2018-01-28,4.4,",,7",-0.6,",,7"
USC00111550,"CHICAGO NORTHERLY ISLAND, IL US",41.8558,-87.6094,177.7,2018-01-29,-0.6,",,7",-6.7,",,7"
USC00111550,"CHICAGO NORTHERLY ISLAND, IL US",41.8558,-87.6094,177.7,2018-01-30,-0.6,",,7",-7.8,",,7"
USC00111550,"CHICAGO NORTHERLY ISLAND, IL US",41.8558,-87.6094,177.7,2018-01-31,5.6,",,7",-0.6,",,7"
USC00111550,"CHICAGO NORTHERLY ISLAND, IL US",41.8558,-87.6094,177.7,2018-02-01,2.8,",,7",-12.8,",,7"
USC00111550,"CHICAGO NORTHERLY ISLAND, IL US",41.8558,-87.6094,177.7,2018-02-02,-5.6,",,7",-14.4,",,7"
USC00111550,"CHICAGO NORTHERLY ISLAND, IL US",41.8558,-87.6094,177.7,2018-02-03,4.4,",,7",-5.6,",,7"
USC00111550,"CHICAGO NORTHERLY ISLAND, IL US",41.8558,-87.6094,177.7,2018-02-04,1.1,",,7",-12.8,",,7"
USC00111550,"CHICAGO NORTHERLY ISLAND, IL US",41.8558,-87.6094,177.7,2018-02-05,-10.6,",,7",-17.2,",,7"
USC00111550,"CHICAGO NORTHERLY ISLAND, IL US",41.8558,-87.6094,177.7,2018-02-06,-6.1,",,7",-12.8,",,7"
USC00111550,"CHICAGO NORTHERLY ISLAND, IL US",41.8558,-87.6094,177.7,2018-02-07,-5.6,",,7",-10.6,",,7"
USC00111550,"CHICAGO NORTHERLY ISLAND, IL US",41.8558,-87.6094,177.7,2018-02-08,-5.6,",,7",-11.7,",,7"
USC00111550,"CHICAGO NORTHERLY ISLAND, IL US",41.8558,-87.6094,177.7,2018-02-09,-2.8,",,7",-6.1,",,7"
USC00111550,"CHICAGO NORTHERLY ISLAND, IL US",41.8558,-87.6094,177.7,2018-02-10,-3.3,",,7",-7.8,",,7"
USC00111550,"CHICAGO NORTHERLY ISLAND, IL US",41.8558,-87.6094,177.7,2018-02-11,-4.4,",,7",-10.6,",,7"
USC00111550,"CHICAGO NORTHERLY ISLAND, IL US",41.8558,-87.6094,177.7,2018-02-12,-5,",,7",-10.6,",,7"
USC00111550,"CHICAGO NORTHERLY ISLAND, IL US",41.8558,-87.6094,177.7,2018-02-13,1.7,",,7",-7.8,",,7"
USC00111550,"CHICAGO NORTHERLY ISLAND, IL US",41.8558,-87.6094,177.7,2018-02-14,7.8,",,7",-1.1,",,7"
USC00111550,"CHICAGO NORTHERLY ISLAND, IL US",41.8558,-87.6094,177.7,2018-02-15,7.2,",,7",2.2,",,7"
USC00111550,"CHICAGO NORTHERLY ISLAND, IL US",41.8558,-87.6094,177.7,2018-02-16,2.2,",,7",-5,",,7"
USC00111550,"CHICAGO NORTHERLY ISLAND, IL US",41.8558,-87.6094,177.7,2018-02-17,1.7,",,7",-7.8,",,7"
USC00111550,"CHICAGO NORTHERLY ISLAND, IL US",41.8558,-87.6094,177.7,2018-02-18,5.6,",,7",-5,",,7"
USC00111550,"CHICAGO NORTHERLY ISLAND, IL US",41.8558,-87.6094,177.7,2018-02-19,15.6,",,7",2.2,",,7"
USC00111550,"CHICAGO NORTHERLY ISLAND, IL US",41.8558,-87.6094,177.7,2018-02-20,18.3,",,7",1.1,",,7"
USC00111550,"CHICAGO NORTHERLY ISLAND, IL US",41.8558,-87.6094,177.7,2018-02-21,1.1,",,7",-2.2,",,7"
USC00111550,"CHICAGO NORTHERLY ISLAND, IL US",41.8558,-87.6094,177.7,2018-02-22,2.8,",,7",-1.1,",,7"
USC00111550,"CHICAGO NORTHERLY ISLAND, IL US",41.8558,-87.6094,177.7,2018-02-23,6.7,",,7",1.7,",,7"
USC00111550,"CHICAGO NORTHERLY ISLAND, IL US",41.8558,-87.6094,177.7,2018-02-24,8.9,",,7",0.6,",,7"
USC00111550,"CHICAGO NORTHERLY ISLAND, IL US",41.8558,-87.6094,177.7,2018-02-25,10.6,",,7",1.1,",,7"
USC00111550,"CHICAGO NORTHERLY ISLAND, IL US",41.8558,-87.6094,177.7,2018-02-26,12.2,",,7",1.1,",,7"
USC00111550,"CHICAGO NORTHERLY ISLAND, IL US",41.8558,-87.6094,177.7,2018-02-27,16.1,",,7",6.1,",,7"
USC00111550,"CHICAGO NORTHERLY ISLAND, IL US",41.8558,-87.6094,177.7,2018-02-28,14.4,",,7",1.7,",,7"
USC00111550,"CHICAGO NORTHERLY ISLAND, IL US",41.8558,-87.6094,177.7,2018-03-01,3.3,",,7",1.1,",,7"
USC00111550,"CHICAGO NORTHERLY ISLAND, IL US",41.8558,-87.6094,177.7,2018-03-02,3.9,",,7",-0.6,",,7"
USC00111550,"CHICAGO NORTHERLY ISLAND, IL US",41.8558,-87.6094,177.7,2018-03-03,3.3,",,7",-0.6,",,7"
USC00111550,"CHICAGO NORTHERLY ISLAND, IL US",41.8558,-87.6094,177.7,2018-03-04,3.9,",,7",1.1,",,7"
USC00111550,"CHICAGO NORTHERLY ISLAND, IL US",41.8558,-87.6094,177.7,2018-03-05,3.3,",,7",0,",,7"
USC00111550,"CHICAGO NORTHERLY ISLAND, IL US",41.8558,-87.6094,177.7,2018-03-06,3.9,",,7",0,",,7"
USC00111550,"CHICAGO NORTHERLY ISLAND, IL US",41.8558,-87.6094,177.7,2018-03-07,0.6,",,7",-3.3,",,7"
USC00111550,"CHICAGO NORTHERLY ISLAND, IL US",41.8558,-87.6094,177.7,2018-03-08,1.1,",,7",-3.9,",,7"
USC00111550,"CHICAGO NORTHERLY ISLAND, IL US",41.8558,-87.6094,177.7,2018-03-09,1.7,",,7",-3.3,",,7"
USC00111550,"CHICAGO NORTHERLY ISLAND, IL US",41.8558,-87.6094,177.7,2018-03-10,2.8,",,7",-1.1,",,7"
USC00111550,"CHICAGO NORTHERLY ISLAND, IL US",41.8558,-87.6094,177.7,2018-03-11,3.3,",,7",-0.6,",,7"
USC00111550,"CHICAGO NORTHERLY ISLAND, IL US",41.8558,-87.6094,177.7,2018-03-12,6.1,",,7",0.6,",,7"
USC00111550,"CHICAGO NORTHERLY ISLAND, IL US",41.8558,-87.6094,177.7,2018-03-13,1.7,",,7",-3.3,",,7"
USC00111550,"CHICAGO NORTHERLY ISLAND, IL US",41.8558,-87.6094,177.7,2018-03-14,8.3,",,7",-3.9,",,7"
USC00111550,"CHICAGO NORTHERLY ISLAND, IL US",41.8558,-87.6094,177.7,2018-03-15,5.6,",,7",-1.1,",,7"
USC00111550,"CHICAGO NORTHERLY ISLAND, IL US",41.8558,-87.6094,177.7,2018-03-16,1.1,",,7",-2.2,",,7"
USC00111550,"CHICAGO NORTHERLY ISLAND, IL US",41.8558,-87.6094,177.7,2018-03-17,5.6,",,7",0.6,",,7"
USC00111550,"CHICAGO NORTHERLY ISLAND, IL US",41.8558,-87.6094,177.7,2018-03-18,12.2,",,7",0.6,",,7"
USC00111550,"CHICAGO NORTHERLY ISLAND, IL US",41.8558,-87.6094,177.7,2018-03-19,5.6,",,7",0.6,",,7"
USC00111550,"CHICAGO NORTHERLY ISLAND, IL US",41.8558,-87.6094,177.7,2018-03-20,1.7,",,7",-2.2,",,7"
USC00111550,"CHICAGO NORTHERLY ISLAND, IL US",41.8558,-87.6094,177.7,2018-03-21,2.2,",,7",-1.1,",,7"
USC00111550,"CHICAGO NORTHERLY ISLAND, IL US",41.8558,-87.6094,177.7,2018-03-22,3.3,",,7",-0.6,",,7"
USC00111550,"CHICAGO NORTHERLY ISLAND, IL US",41.8558,-87.6094,177.7,2018-03-23,3.3,",,7",0,",,7"
USC00111550,"CHICAGO NORTHERLY ISLAND, IL US",41.8558,-87.6094,177.7,2018-03-24,3.3,",,7",0.6,",,7"
USC00111550,"CHICAGO NORTHERLY ISLAND, IL US",41.8558,-87.6094,177.7,2018-03-25,3.3,",,7",-2.2,",,7"
USC00111550,"CHICAGO NORTHERLY ISLAND, IL US",41.8558,-87.6094,177.7,2018-03-26,8.9,",,7",0.6,",,7"
USC00111550,"CHICAGO NORTHERLY ISLAND, IL US",41.8558,-87.6094,177.7,2018-03-27,11.1,",,7",3.9,",,7"
USC00111550,"CHICAGO NORTHERLY ISLAND, IL US",41.8558,-87.6094,177.7,2018-03-28,5.6,",,7",2.8,",,7"
USC00111550,"CHICAGO NORTHERLY ISLAND, IL US",41.8558,-87.6094,177.7,2018-03-29,6.1,",,7",1.7,",,7"
USC00111550,"CHICAGO NORTHERLY ISLAND, IL US",41.8558,-87.6094,177.7,2018-03-30,6.7,",,7",1.1,",,7"
USC00111550,"CHICAGO NORTHERLY ISLAND, IL US",41.8558,-87.6094,177.7,2018-03-31,13.9,",,7",1.1,",,7"
USC00111550,"CHICAGO NORTHERLY ISLAND, IL US",41.8558,-87.6094,177.7,2018-04-01,1.1,",,7",-2.8,",,7"
USC00111550,"CHICAGO NORTHERLY ISLAND, IL US",41.8558,-87.6094,177.7,2018-04-02,3.9,",,7",-2.8,",,7"
USC00111550,"CHICAGO NORTHERLY ISLAND, IL US",41.8558,-87.6094,177.7,2018-04-03,3.9,",,7",1.7,",,7"
USC00111550,"CHICAGO NORTHERLY ISLAND, IL US",41.8558,-87.6094,177.7,2018-04-04,1.7,",,7",-2.8,",,7"
USC00111550,"CHICAGO NORTHERLY ISLAND, IL US",41.8558,-87.6094,177.7,2018-04-05,5,",,7",-2.8,",,7"
USC00111550,"CHICAGO NORTHERLY ISLAND, IL US",41.8558,-87.6094,177.7,2018-04-06,3.3,",,7",-2.2,",,7"
USC00111550,"CHICAGO NORTHERLY ISLAND, IL US",41.8558,-87.6094,177.7,2018-04-07,0,",,7",-5.6,",,7"
USC00111550,"CHICAGO NORTHERLY ISLAND, IL US",41.8558,-87.6094,177.7,2018-04-08,1.7,",,7",-2.2,",,7"
USC00111550,"CHICAGO NORTHERLY ISLAND, IL US",41.8558,-87.6094,177.7,2018-04-09,2.8,",,7",-1.1,",,7"
USC00111550,"CHICAGO NORTHERLY ISLAND, IL US",41.8558,-87.6094,177.7,2018-04-10,6.7,",,7",0,",,7"
USC00111550,"CHICAGO NORTHERLY ISLAND, IL US",41.8558,-87.6094,177.7,2018-04-11,17.8,",,7",3.9,",,7"
USC00111550,"CHICAGO NORTHERLY ISLAND, IL US",41.8558,-87.6094,177.7,2018-04-12,21.7,",,7",3.9,",,7"
USC00111550,"CHICAGO NORTHERLY ISLAND, IL US",41.8558,-87.6094,177.7,2018-04-13,7.2,",,7",3.3,",,7"
USC00111550,"CHICAGO NORTHERLY ISLAND, IL US",41.8558,-87.6094,177.7,2018-04-14,3.9,",,7",2.2,",,7"
USC00111550,"CHICAGO NORTHERLY ISLAND, IL US",41.8558,-87.6094,177.7,2018-04-15,2.8,",,7",-1.7,",,7"
USC00111550,"CHICAGO NORTHERLY ISLAND, IL US",41.8558,-87.6094,177.7,2018-04-16,1.7,",,7",-2.8,",,7"
USC00111550,"CHICAGO NORTHERLY ISLAND, IL US",41.8558,-87.6094,177.7,2018-04-17,3.9,",,7",-1.1,",,7"
USC00111550,"CHICAGO NORTHERLY ISLAND, IL US",41.8558,-87.6094,177.7,2018-04-18,2.2,",,7",0.6,",,7"
USC00111550,"CHICAGO NORTHERLY ISLAND, IL US",41.8558,-87.6094,177.7,2018-04-19,7.8,",,7",1.1,",,7"
USC00111550,"CHICAGO NORTHERLY ISLAND, IL US",41.8558,-87.6094,177.7,2018-04-20,7.8,",,7",3.9,",,7"
USC00111550,"CHICAGO NORTHERLY ISLAND, IL US",41.8558,-87.6094,177.7,2018-04-21,7.2,",,7",3.3,",,7"
USC00111550,"CHICAGO NORTHERLY ISLAND, IL US",41.8558,-87.6094,177.7,2018-04-22,10.6,",,7",4.4,",,7"
USC00111550,"CHICAGO NORTHERLY ISLAND, IL US",41.8558,-87.6094,177.7,2018-04-23,11.1,",,7",5,",,7"
USC00111550,"CHICAGO NORTHERLY ISLAND, IL US",41.8558,-87.6094,177.7,2018-04-24,12.8,",,7",6.1,",,7"
USC00111550,"CHICAGO NORTHERLY ISLAND, IL US",41.8558,-87.6094,177.7,2018-04-25,7.8,",,7",3.3,",,7"
USC00111550,"CHICAGO NORTHERLY ISLAND, IL US",41.8558,-87.6094,177.7,2018-04-26,13.3,",,7",3.9,",,7"
USC00111550,"CHICAGO NORTHERLY ISLAND, IL US",41.8558,-87.6094,177.7,2018-04-27,13.3,",,7",3.9,",,7"
USC00111550,"CHICAGO NORTHERLY ISLAND, IL US",41.8558,-87.6094,177.7,2018-04-28,7.2,",,7",2.8,",,7"
USC00111550,"CHICAGO NORTHERLY ISLAND, IL US",41.8558,-87.6094,177.7,2018-04-29,6.7,",,7",2.2,",,7"
USC00111550,"CHICAGO NORTHERLY ISLAND, IL US",41.8558,-87.6094,177.7,2018-04-30,25.6,",,7",6.1,",,7"
USC00111550,"CHICAGO NORTHERLY ISLAND, IL US",41.8558,-87.6094,177.7,2018-05-01,28.3,",,7",15,",,7"
USC00111550,"CHICAGO NORTHERLY ISLAND, IL US",41.8558,-87.6094,177.7,2018-05-02,30,",,7",11.7,",,7"
USC00111550,"CHICAGO NORTHERLY ISLAND, IL US",41.8558,-87.6094,177.7,2018-05-03,19.4,",,7",6.7,",,7"
USC00111550,"CHICAGO NORTHERLY ISLAND, IL US",41.8558,-87.6094,177.7,2018-05-04,22.8,",,7",14.4,",,7"
USC00111550,"CHICAGO NORTHERLY ISLAND, IL US",41.8558,-87.6094,177.7,2018-05-05,27.2,",,7",10.6,",,7"
USC00111550,"CHICAGO NORTHERLY ISLAND, IL US",41.8558,-87.6094,177.7,2018-05-06,15.6,",,7",8.9,",,7"
USC00111550,"CHICAGO NORTHERLY ISLAND, IL US",41.8558,-87.6094,177.7,2018-05-07,17.8,",,7",8.3,",,7"
USC00111550,"CHICAGO NORTHERLY ISLAND, IL US",41.8558,-87.6094,177.7,2018-05-08,24.4,",,7",14.4,",,7"
USC00111550,"CHICAGO NORTHERLY ISLAND, IL US",41.8558,-87.6094,177.7,2018-05-09,27.8,",,7",13.3,",,7"
USC00111550,"CHICAGO NORTHERLY ISLAND, IL US",41.8558,-87.6094,177.7,2018-05-10,18.3,",,7",7.8,",,7"
USC00111550,"CHICAGO NORTHERLY ISLAND, IL US",41.8558,-87.6094,177.7,2018-05-11,10.6,",,7",7.2,",,7"
USC00111550,"CHICAGO NORTHERLY ISLAND, IL US",41.8558,-87.6094,177.7,2018-05-12,8.9,",,7",6.1,",,7"
USC00111550,"CHICAGO NORTHERLY ISLAND, IL US",41.8558,-87.6094,177.7,2018-05-13,11.7,",,7",7.2,",,7"
USC00111550,"CHICAGO NORTHERLY ISLAND, IL US",41.8558,-87.6094,177.7,2018-05-14,28.3,",,7",8.9,",,7"
USC00111550,"CHICAGO NORTHERLY ISLAND, IL US",41.8558,-87.6094,177.7,2018-05-15,17.8,",,7",8.9,",,7"
USC00111550,"CHICAGO NORTHERLY ISLAND, IL US",41.8558,-87.6094,177.7,2018-05-16,19.4,",,7",9.4,",,7"
USC00111550,"CHICAGO NORTHERLY ISLAND, IL US",41.8558,-87.6094,177.7,2018-05-17,16.7,",,7",8.9,",,7"
USC00111550,"CHICAGO NORTHERLY ISLAND, IL US",41.8558,-87.6094,177.7,2018-05-18,12.8,",,7",10,",,7"
USC00111550,"CHICAGO NORTHERLY ISLAND, IL US",41.8558,-87.6094,177.7,2018-05-19,13.3,",,7",10.6,",,7"
USC00111550,"CHICAGO NORTHERLY ISLAND, IL US",41.8558,-87.6094,177.7,2018-05-20,10.6,",,7",6.1,",,7"
USC00111550,"CHICAGO NORTHERLY ISLAND, IL US",41.8558,-87.6094,177.7,2018-05-21,14.4,",,7",7.8,",,7"
USC00111550,"CHICAGO NORTHERLY ISLAND, IL US",41.8558,-87.6094,177.7,2018-05-22,12.2,",,7",8.9,",,7"
USC00111550,"CHICAGO NORTHERLY ISLAND, IL US",41.8558,-87.6094,177.7,2018-05-23,17.2,",,7",10.6,",,7"
USC00111550,"CHICAGO NORTHERLY ISLAND, IL US",41.8558,-87.6094,177.7,2018-05-24,21.7,",,7",12.8,",,7"
USC00111550,"CHICAGO NORTHERLY ISLAND, IL US",41.8558,-87.6094,177.7,2018-05-25,30.6,",,7",20,",,7"
USC00111550,"CHICAGO NORTHERLY ISLAND, IL US",41.8558,-87.6094,177.7,2018-05-31,31.1,",,7",19.4,",,7"
USC00111550,"CHICAGO NORTHERLY ISLAND, IL US",41.8558,-87.6094,177.7,2018-06-01,23.9,",,7",10.6,",,7"
USC00111550,"CHICAGO NORTHERLY ISLAND, IL US",41.8558,-87.6094,177.7,2018-06-02,17.2,",,7",10,",,7"
USC00111550,"CHICAGO NORTHERLY ISLAND, IL US",41.8558,-87.6094,177.7,2018-06-03,25,",,7",14.4,",,7"
USC00111550,"CHICAGO NORTHERLY ISLAND, IL US",41.8558,-87.6094,177.7,2018-06-04,26.1,",,7",15,",,7"
USC00111550,"CHICAGO NORTHERLY ISLAND, IL US",41.8558,-87.6094,177.7,2018-06-05,22.8,",,7",10,",,7"
USC00111550,"CHICAGO NORTHERLY ISLAND, IL US",41.8558,-87.6094,177.7,2018-06-06,20.6,",,7",10.6,",,7"
USC00111550,"CHICAGO NORTHERLY ISLAND, IL US",41.8558,-87.6094,177.7,2018-06-07,20.6,",,7",13.9,",,7"
USC00111550,"CHICAGO NORTHERLY ISLAND, IL US",41.8558,-87.6094,177.7,2018-06-08,17.8,",,7",12.8,",,7"
USC00111550,"CHICAGO NORTHERLY ISLAND, IL US",41.8558,-87.6094,177.7,2018-06-09,19.4,",,7",12.2,",,7"
USC00111550,"CHICAGO NORTHERLY ISLAND, IL US",41.8558,-87.6094,177.7,2018-06-10,19.4,",,7",13.9,",,7"
USC00111550,"CHICAGO NORTHERLY ISLAND, IL US",41.8558,-87.6094,177.7,2018-06-11,16.7,",,7",13.9,",,7"
USC00111550,"CHICAGO NORTHERLY ISLAND, IL US",41.8558,-87.6094,177.7,2018-06-12,20.6,",,7",15.6,",,7"
USC00111550,"CHICAGO NORTHERLY ISLAND, IL US",41.8558,-87.6094,177.7,2018-06-13,24.4,",,7",16.7,",,7"
USC00111550,"CHICAGO NORTHERLY ISLAND, IL US",41.8558,-87.6094,177.7,2018-06-14,23.9,",,7",16.7,",,7"
USC00111550,"CHICAGO NORTHERLY ISLAND, IL US",41.8558,-87.6094,177.7,2018-06-15,27.8,",,7",16.1,",,7"
USC00111550,"CHICAGO NORTHERLY ISLAND, IL US",41.8558,-87.6094,177.7,2018-06-16,28.9,",,7",18.3,",,7"
USC00111550,"CHICAGO NORTHERLY ISLAND, IL US",41.8558,-87.6094,177.7,2018-06-17,33.9,",,7",25.6,",,7"
USC00111550,"CHICAGO NORTHERLY ISLAND, IL US",41.8558,-87.6094,177.7,2018-06-18,33.9,",,7",16.7,",,7"
USC00111550,"CHICAGO NORTHERLY ISLAND, IL US",41.8558,-87.6094,177.7,2018-06-19,21.7,",,7",15.6,",,7"
USC00111550,"CHICAGO NORTHERLY ISLAND, IL US",41.8558,-87.6094,177.7,2018-06-20,21.7,",,7",16.1,",,7"
USC00111550,"CHICAGO NORTHERLY ISLAND, IL US",41.8558,-87.6094,177.7,2018-06-21,17.8,",,7",15,",,7"
USC00111550,"CHICAGO NORTHERLY ISLAND, IL US",41.8558,-87.6094,177.7,2018-06-22,17.2,",,7",15,",,7"
USC00111550,"CHICAGO NORTHERLY ISLAND, IL US",41.8558,-87.6094,177.7,2018-06-23,21.7,",,7",16.1,",,7"
USC00111550,"CHICAGO NORTHERLY ISLAND, IL US",41.8558,-87.6094,177.7,2018-06-24,22.8,",,7",15.6,",,7"
USC00111550,"CHICAGO NORTHERLY ISLAND, IL US",41.8558,-87.6094,177.7,2018-06-25,21.1,",,7",15.6,",,7"
USC00111550,"CHICAGO NORTHERLY ISLAND, IL US",41.8558,-87.6094,177.7,2018-06-26,26.1,",,7",17.2,",,7"
USC00111550,"CHICAGO NORTHERLY ISLAND, IL US",41.8558,-87.6094,177.7,2018-06-27,22.8,",,7",17.8,",,7"
USC00111550,"CHICAGO NORTHERLY ISLAND, IL US",41.8558,-87.6094,177.7,2018-06-28,26.1,",,7",18.3,",,7"
USC00111550,"CHICAGO NORTHERLY ISLAND, IL US",41.8558,-87.6094,177.7,2018-06-29,33.9,",,7",20.6,",,7"
USC00111550,"CHICAGO NORTHERLY ISLAND, IL US",41.8558,-87.6094,177.7,2018-06-30,33.3,",,7",25,",,7"
USC00111550,"CHICAGO NORTHERLY ISLAND, IL US",41.8558,-87.6094,177.7,2018-07-01,33.3,",,7",24.4,",,7"
USC00111550,"CHICAGO NORTHERLY ISLAND, IL US",41.8558,-87.6094,177.7,2018-07-02,24.4,",,7",17.8,",,7"
USC00111550,"CHICAGO NORTHERLY ISLAND, IL US",41.8558,-87.6094,177.7,2018-07-03,27.2,",,7",17.2,",,7"
USC00111550,"CHICAGO NORTHERLY ISLAND, IL US",41.8558,-87.6094,177.7,2018-07-04,32.2,",,7",20.6,",,7"
USC00111550,"CHICAGO NORTHERLY ISLAND, IL US",41.8558,-87.6094,177.7,2018-07-05,28.9,",,7",22.2,",,7"
USC00111550,"CHICAGO NORTHERLY ISLAND, IL US",41.8558,-87.6094,177.7,2018-07-06,23.9,",,7",17.8,",,7"
USC00111550,"CHICAGO NORTHERLY ISLAND, IL US",41.8558,-87.6094,177.7,2018-07-07,22.8,",,7",17.8,",,7"
USC00111550,"CHICAGO NORTHERLY ISLAND, IL US",41.8558,-87.6094,177.7,2018-07-08,25.6,",,7",17.2,",,7"
USC00111550,"CHICAGO NORTHERLY ISLAND, IL US",41.8558,-87.6094,177.7,2018-07-09,32.2,",,7",21.1,",,7"
USC00111550,"CHICAGO NORTHERLY ISLAND, IL US",41.8558,-87.6094,177.7,2018-07-10,27.2,",,7",20.6,",,7"
USC00111550,"CHICAGO NORTHERLY ISLAND, IL US",41.8558,-87.6094,177.7,2018-07-11,25.6,",,7",20.6,",,7"
USC00111550,"CHICAGO NORTHERLY ISLAND, IL US",41.8558,-87.6094,177.7,2018-07-12,30,",,7",20,",,7"
USC00111550,"CHICAGO NORTHERLY ISLAND, IL US",41.8558,-87.6094,177.7,2018-07-13,33.3,",,7",22.2,",,7"
USC00111550,"CHICAGO NORTHERLY ISLAND, IL US",41.8558,-87.6094,177.7,2018-07-14,26.7,",,7",21.7,",,7"
USC00111550,"CHICAGO NORTHERLY ISLAND, IL US",41.8558,-87.6094,177.7,2018-07-15,27.8,",,7",21.7,",,7"
USC00111550,"CHICAGO NORTHERLY ISLAND, IL US",41.8558,-87.6094,177.7,2018-07-16,29.4,",,7",22.2,",,7"
USC00111550,"CHICAGO NORTHERLY ISLAND, IL US",41.8558,-87.6094,177.7,2018-07-17,26.7,",,7",20,",,7"
USC00111550,"CHICAGO NORTHERLY ISLAND, IL US",41.8558,-87.6094,177.7,2018-07-18,23.9,",,7",20,",,7"
USC00111550,"CHICAGO NORTHERLY ISLAND, IL US",41.8558,-87.6094,177.7,2018-07-19,31.1,",,7",20.6,",,7"
USC00111550,"CHICAGO NORTHERLY ISLAND, IL US",41.8558,-87.6094,177.7,2018-07-20,25,",,7",20.6,",,7"
USC00111550,"CHICAGO NORTHERLY ISLAND, IL US",41.8558,-87.6094,177.7,2018-07-21,22.8,",,7",20,",,7"
USC00111550,"CHICAGO NORTHERLY ISLAND, IL US",41.8558,-87.6094,177.7,2018-07-22,23.3,",,7",20,",,7"
USC00111550,"CHICAGO NORTHERLY ISLAND, IL US",41.8558,-87.6094,177.7,2018-07-23,24.4,",,7",20,",,7"
USC00111550,"CHICAGO NORTHERLY ISLAND, IL US",41.8558,-87.6094,177.7,2018-07-24,25,",,7",20,",,7"
USC00111550,"CHICAGO NORTHERLY ISLAND, IL US",41.8558,-87.6094,177.7,2018-07-25,26.1,",,7",21.7,",,7"
USC00111550,"CHICAGO NORTHERLY ISLAND, IL US",41.8558,-87.6094,177.7,2018-07-26,27.2,",,7",20,",,7"
USC00111550,"CHICAGO NORTHERLY ISLAND, IL US",41.8558,-87.6094,177.7,2018-07-27,24.4,",,7",17.8,",,7"
USC00111550,"CHICAGO NORTHERLY ISLAND, IL US",41.8558,-87.6094,177.7,2018-07-28,23.9,",,7",18.9,",,7"
USC00111550,"CHICAGO NORTHERLY ISLAND, IL US",41.8558,-87.6094,177.7,2018-07-29,25,",,7",18.9,",,7"
USC00111550,"CHICAGO NORTHERLY ISLAND, IL US",41.8558,-87.6094,177.7,2018-07-30,25,",,7",18.3,",,7"
USC00111550,"CHICAGO NORTHERLY ISLAND, IL US",41.8558,-87.6094,177.7,2018-07-31,25,",,7",20,",,7"
USC00111550,"CHICAGO NORTHERLY ISLAND, IL US",41.8558,-87.6094,177.7,2018-08-01,30,",,7",19.4,",,7"
USC00111550,"CHICAGO NORTHERLY ISLAND, IL US",41.8558,-87.6094,177.7,2018-08-02,29.4,",,7",21.1,",,7"
USC00111550,"CHICAGO NORTHERLY ISLAND, IL US",41.8558,-87.6094,177.7,2018-08-03,25.6,",,7",20,",,7"
USC00111550,"CHICAGO NORTHERLY ISLAND, IL US",41.8558,-87.6094,177.7,2018-08-04,35.6,",,7",22.2,",,7"
USC00111550,"CHICAGO NORTHERLY ISLAND, IL US",41.8558,-87.6094,177.7,2018-08-05,33.9,",,7",25,",,7"
USC00111550,"CHICAGO NORTHERLY ISLAND, IL US",41.8558,-87.6094,177.7,2018-08-06,25.6,",,7",21.1,",,7"
USC00111550,"CHICAGO NORTHERLY ISLAND, IL US",41.8558,-87.6094,177.7,2018-08-07,26.1,",,7",20.6,",,7"
USC00111550,"CHICAGO NORTHERLY ISLAND, IL US",41.8558,-87.6094,177.7,2018-08-08,26.1,",,7",21.1,",,7"
USC00111550,"CHICAGO NORTHERLY ISLAND, IL US",41.8558,-87.6094,177.7,2018-08-09,32.2,",,7",20.6,",,7"
USC00111550,"CHICAGO NORTHERLY ISLAND, IL US",41.8558,-87.6094,177.7,2018-08-10,26.7,",,7",21.7,",,7"
USC00111550,"CHICAGO NORTHERLY ISLAND, IL US",41.8558,-87.6094,177.7,2018-08-11,27.2,",,7",22.2,",,7"
USC00111550,"CHICAGO NORTHERLY ISLAND, IL US",41.8558,-87.6094,177.7,2018-08-12,27.2,",,7",22.2,",,7"
USC00111550,"CHICAGO NORTHERLY ISLAND, IL US",41.8558,-87.6094,177.7,2018-08-13,27.8,",,7",21.1,",,7"
USC00111550,"CHICAGO NORTHERLY ISLAND, IL US",41.8558,-87.6094,177.7,2018-08-14,30,",,7",23.3,",,7"
USC00111550,"CHICAGO NORTHERLY ISLAND, IL US",41.8558,-87.6094,177.7,2018-08-15,28.3,",,7",21.7,",,7"
USC00111550,"CHICAGO NORTHERLY ISLAND, IL US",41.8558,-87.6094,177.7,2018-08-16,26.7,",,7",21.7,",,7"
USC00111550,"CHICAGO NORTHERLY ISLAND, IL US",41.8558,-87.6094,177.7,2018-08-17,25.6,",,7",20,",,7"
USC00111550,"CHICAGO NORTHERLY ISLAND, IL US",41.8558,-87.6094,177.7,2018-08-18,26.7,",,7",22.2,",,7"
USC00111550,"CHICAGO NORTHERLY ISLAND, IL US",41.8558,-87.6094,177.7,2018-08-19,27.2,",,7",21.7,",,7"
USC00111550,"CHICAGO NORTHERLY ISLAND, IL US",41.8558,-87.6094,177.7,2018-08-20,24.4,",,7",21.1,",,7"
USC00111550,"CHICAGO NORTHERLY ISLAND, IL US",41.8558,-87.6094,177.7,2018-08-21,24.4,",,7",20,",,7"
USC00111550,"CHICAGO NORTHERLY ISLAND, IL US",41.8558,-87.6094,177.7,2018-08-22,25.6,",,7",16.7,",,7"
USC00111550,"CHICAGO NORTHERLY ISLAND, IL US",41.8558,-87.6094,177.7,2018-08-23,26.7,",,7",17.8,",,7"
USC00111550,"CHICAGO NORTHERLY ISLAND, IL US",41.8558,-87.6094,177.7,2018-08-24,23.3,",,7",17.2,",,7"
USC00111550,"CHICAGO NORTHERLY ISLAND, IL US",41.8558,-87.6094,177.7,2018-08-25,30,",,7",18.3,",,7"
USC00111550,"CHICAGO NORTHERLY ISLAND, IL US",41.8558,-87.6094,177.7,2018-08-26,33.3,",,7",22.2,",,7"
USC00111550,"CHICAGO NORTHERLY ISLAND, IL US",41.8558,-87.6094,177.7,2018-08-27,33.9,",,7",25,",,7"
USC00111550,"CHICAGO NORTHERLY ISLAND, IL US",41.8558,-87.6094,177.7,2018-08-28,32.2,",,7",20,",,7"
USC00111550,"CHICAGO NORTHERLY ISLAND, IL US",41.8558,-87.6094,177.7,2018-08-29,23.9,",,7",18.3,",,7"
USC00111550,"CHICAGO NORTHERLY ISLAND, IL US",41.8558,-87.6094,177.7,2018-08-30,21.7,",,7",18.3,",,7"
USC00111550,"CHICAGO NORTHERLY ISLAND, IL US",41.8558,-87.6094,177.7,2018-08-31,26.7,",,7",17.2,",,7"
USC00111550,"CHICAGO NORTHERLY ISLAND, IL US",41.8558,-87.6094,177.7,2018-09-01,29.4,",,7",22.2,",,7"
USC00111550,"CHICAGO NORTHERLY ISLAND, IL US",41.8558,-87.6094,177.7,2018-09-02,32.2,",,7",21.1,",,7"
USC00111550,"CHICAGO NORTHERLY ISLAND, IL US",41.8558,-87.6094,177.7,2018-09-03,26.7,",,7",20.6,",,7"
USC00111550,"CHICAGO NORTHERLY ISLAND, IL US",41.8558,-87.6094,177.7,2018-09-04,33.3,",,7",22.2,",,7"
USC00111550,"CHICAGO NORTHERLY ISLAND, IL US",41.8558,-87.6094,177.7,2018-09-05,32.8,",,7",20,",,7"
USC00111550,"CHICAGO NORTHERLY ISLAND, IL US",41.8558,-87.6094,177.7,2018-09-06,21.1,",,7",18.9,",,7"
USC00111550,"CHICAGO NORTHERLY ISLAND, IL US",41.8558,-87.6094,177.7,2018-09-07,21.1,",,7",18.9,",,7"
USC00111550,"CHICAGO NORTHERLY ISLAND, IL US",41.8558,-87.6094,177.7,2018-09-08,19.4,",,7",16.7,",,7"
USC00111550,"CHICAGO NORTHERLY ISLAND, IL US",41.8558,-87.6094,177.7,2018-09-09,20,",,7",16.1,",,7"
USC00111550,"CHICAGO NORTHERLY ISLAND, IL US",41.8558,-87.6094,177.7,2018-09-10,21.1,",,7",16.7,",,7"
USC00111550,"CHICAGO NORTHERLY ISLAND, IL US",41.8558,-87.6094,177.7,2018-09-11,21.7,",,7",15.6,",,7"
USC00111550,"CHICAGO NORTHERLY ISLAND, IL US",41.8558,-87.6094,177.7,2018-09-12,22.8,",,7",16.1,",,7"
USC00111550,"CHICAGO NORTHERLY ISLAND, IL US",41.8558,-87.6094,177.7,2018-09-13,21.7,",,7",16.1,",,7"
USC00111550,"CHICAGO NORTHERLY ISLAND, IL US",41.8558,-87.6094,177.7,2018-09-14,29.4,",,7",16.1,",,7"
USC00111550,"CHICAGO NORTHERLY ISLAND, IL US",41.8558,-87.6094,177.7,2018-09-15,24.4,",,7",18.9,",,7"
USC00111550,"CHICAGO NORTHERLY ISLAND, IL US",41.8558,-87.6094,177.7,2018-09-16,26.1,",,7",20,",,7"
USC00111550,"CHICAGO NORTHERLY ISLAND, IL US",41.8558,-87.6094,177.7,2018-09-17,28.9,",,7",20.6,",,7"
USC00111550,"CHICAGO NORTHERLY ISLAND, IL US",41.8558,-87.6094,177.7,2018-09-18,25.6,",,7",19.4,",,7"
USC00111550,"CHICAGO NORTHERLY ISLAND, IL US",41.8558,-87.6094,177.7,2018-09-19,22.8,",,7",18.9,",,7"
USC00111550,"CHICAGO NORTHERLY ISLAND, IL US",41.8558,-87.6094,177.7,2018-09-20,33.3,",,7",20,",,7"
USC00111550,"CHICAGO NORTHERLY ISLAND, IL US",41.8558,-87.6094,177.7,2018-09-21,27.8,",,7",15,",,7"
USC00111550,"CHICAGO NORTHERLY ISLAND, IL US",41.8558,-87.6094,177.7,2018-09-22,16.1,",I,7",13.9,",,7"
USC00111550,"CHICAGO NORTHERLY ISLAND, IL US",41.8558,-87.6094,177.7,2018-09-23,19.4,",,7",12.2,",,7"
USC00111550,"CHICAGO NORTHERLY ISLAND, IL US",41.8558,-87.6094,177.7,2018-09-24,20.6,",,7",16.1,",,7"
USC00111550,"CHICAGO NORTHERLY ISLAND, IL US",41.8558,-87.6094,177.7,2018-09-25,28.3,",,7",17.8,",,7"
USC00111550,"CHICAGO NORTHERLY ISLAND, IL US",41.8558,-87.6094,177.7,2018-09-26,19.4,",,7",11.7,",,7"
USC00111550,"CHICAGO NORTHERLY ISLAND, IL US",41.8558,-87.6094,177.7,2018-09-27,20,",,7",12.2,",,7"
USC00111550,"CHICAGO NORTHERLY ISLAND, IL US",41.8558,-87.6094,177.7,2018-09-28,16.7,",,7",10,",,7"
USC00111550,"CHICAGO NORTHERLY ISLAND, IL US",41.8558,-87.6094,177.7,2018-09-29,15,",,7",8.3,",,7"
USC00111550,"CHICAGO NORTHERLY ISLAND, IL US",41.8558,-87.6094,177.7,2018-09-30,18.3,",,7",12.2,",,7"
USC00111550,"CHICAGO NORTHERLY ISLAND, IL US",41.8558,-87.6094,177.7,2018-10-01,23.9,",,7",13.3,",,7"
USC00111550,"CHICAGO NORTHERLY ISLAND, IL US",41.8558,-87.6094,177.7,2018-10-02,20,",,7",14.4,",,7"
USC00111550,"CHICAGO NORTHERLY ISLAND, IL US",41.8558,-87.6094,177.7,2018-10-03,30.6,",,7",15,",,7"
USC00111550,"CHICAGO NORTHERLY ISLAND, IL US",41.8558,-87.6094,177.7,2018-10-04,26.7,",,7",11.1,",,7"
USC00111550,"CHICAGO NORTHERLY ISLAND, IL US",41.8558,-87.6094,177.7,2018-10-05,18.3,",,7",12.2,",,7"
USC00111550,"CHICAGO NORTHERLY ISLAND, IL US",41.8558,-87.6094,177.7,2018-10-06,21.7,",,7",14.4,",,7"
USC00111550,"CHICAGO NORTHERLY ISLAND, IL US",41.8558,-87.6094,177.7,2018-10-07,17.8,",,7",13.9,",,7"
USC00111550,"CHICAGO NORTHERLY ISLAND, IL US",41.8558,-87.6094,177.7,2018-10-08,28.9,",,7",17.2,",,7"
USC00111550,"CHICAGO NORTHERLY ISLAND, IL US",41.8558,-87.6094,177.7,2018-10-09,29.4,",,7",21.7,",,7"
USC00111550,"CHICAGO NORTHERLY ISLAND, IL US",41.8558,-87.6094,177.7,2018-10-10,23.3,",,7",11.1,",,7"
USC00111550,"CHICAGO NORTHERLY ISLAND, IL US",41.8558,-87.6094,177.7,2018-10-11,11.1,",,7",5.6,",,7"
USC00111550,"CHICAGO NORTHERLY ISLAND, IL US",41.8558,-87.6094,177.7,2018-10-12,6.1,",,7",3.3,",,7"
USC00111550,"CHICAGO NORTHERLY ISLAND, IL US",41.8558,-87.6094,177.7,2018-10-13,11.7,",,7",2.2,",,7"
USC00111550,"CHICAGO NORTHERLY ISLAND, IL US",41.8558,-87.6094,177.7,2018-10-14,15,",,7",5.6,",,7"
USC00111550,"CHICAGO NORTHERLY ISLAND, IL US",41.8558,-87.6094,177.7,2018-10-15,9.4,",,7",3.9,",,7"
USC00111550,"CHICAGO NORTHERLY ISLAND, IL US",41.8558,-87.6094,177.7,2018-10-16,14.4,",,7",2.2,",,7"
USC00111550,"CHICAGO NORTHERLY ISLAND, IL US",41.8558,-87.6094,177.7,2018-10-17,11.1,",,7",6.1,",,7"
USC00111550,"CHICAGO NORTHERLY ISLAND, IL US",41.8558,-87.6094,177.7,2018-10-18,14.4,",,7",5,",,7"
USC00111550,"CHICAGO NORTHERLY ISLAND, IL US",41.8558,-87.6094,177.7,2018-10-19,12.2,",,7",8.3,",,7"
USC00111550,"CHICAGO NORTHERLY ISLAND, IL US",41.8558,-87.6094,177.7,2018-10-20,11.1,",,7",2.2,",,7"
USC00111550,"CHICAGO NORTHERLY ISLAND, IL US",41.8558,-87.6094,177.7,2018-10-21,10,",,7",0,",,7"
USC00111550,"CHICAGO NORTHERLY ISLAND, IL US",41.8558,-87.6094,177.7,2018-10-22,17.2,",,7",4.4,",,7"
USC00111550,"CHICAGO NORTHERLY ISLAND, IL US",41.8558,-87.6094,177.7,2018-10-23,11.7,",,7",6.7,",,7"
USC00111550,"CHICAGO NORTHERLY ISLAND, IL US",41.8558,-87.6094,177.7,2018-10-24,10.6,",,7",5.6,",,7"
USC00111550,"CHICAGO NORTHERLY ISLAND, IL US",41.8558,-87.6094,177.7,2018-10-25,10.6,",,7",5,",,7"
USC00111550,"CHICAGO NORTHERLY ISLAND, IL US",41.8558,-87.6094,177.7,2018-10-26,10.6,",,7",7.8,",,7"
USC00111550,"CHICAGO NORTHERLY ISLAND, IL US",41.8558,-87.6094,177.7,2018-10-27,11.7,",,7",7.2,",,7"
USC00111550,"CHICAGO NORTHERLY ISLAND, IL US",41.8558,-87.6094,177.7,2018-10-28,10.6,",,7",7.2,",,7"
USC00111550,"CHICAGO NORTHERLY ISLAND, IL US",41.8558,-87.6094,177.7,2018-10-29,11.7,",,7",5,",,7"
USC00111550,"CHICAGO NORTHERLY ISLAND, IL US",41.8558,-87.6094,177.7,2018-10-30,20,",,7",8.3,",,7"
USC00111550,"CHICAGO NORTHERLY ISLAND, IL US",41.8558,-87.6094,177.7,2018-10-31,11.7,",,7",9.4,",,7"
USC00111550,"CHICAGO NORTHERLY ISLAND, IL US",41.8558,-87.6094,177.7,2018-11-01,11.7,",,7",7.2,",,7"
USC00111550,"CHICAGO NORTHERLY ISLAND, IL US",41.8558,-87.6094,177.7,2018-11-02,8.3,",,7",3.3,",,7"
USC00111550,"CHICAGO NORTHERLY ISLAND, IL US",41.8558,-87.6094,177.7,2018-11-03,9.4,",,7",3.9,",,7"
USC00111550,"CHICAGO NORTHERLY ISLAND, IL US",41.8558,-87.6094,177.7,2018-11-04,10.6,",,7",7.8,",,7"
USC00111550,"CHICAGO NORTHERLY ISLAND, IL US",41.8558,-87.6094,177.7,2018-11-05,10.6,",,7",6.7,",,7"
USC00111550,"CHICAGO NORTHERLY ISLAND, IL US",41.8558,-87.6094,177.7,2018-11-06,10,",,7",3.3,",,7"
USC00111550,"CHICAGO NORTHERLY ISLAND, IL US",41.8558,-87.6094,177.7,2018-11-07,3.9,",,7",1.1,",,7"
USC00111550,"CHICAGO NORTHERLY ISLAND, IL US",41.8558,-87.6094,177.7,2018-11-08,5,",,7",0.6,",,7"
USC00111550,"CHICAGO NORTHERLY ISLAND, IL US",41.8558,-87.6094,177.7,2018-11-09,4.4,",,7",-6.1,",,7"
USC00111550,"CHICAGO NORTHERLY ISLAND, IL US",41.8558,-87.6094,177.7,2018-11-10,1.1,",,7",-6.1,",,7"
USC00111550,"CHICAGO NORTHERLY ISLAND, IL US",41.8558,-87.6094,177.7,2018-11-11,5.6,",,7",-1.7,",,7"
USC00111550,"CHICAGO NORTHERLY ISLAND, IL US",41.8558,-87.6094,177.7,2018-11-12,3.3,",,7",-3.3,",,7"
USC00111550,"CHICAGO NORTHERLY ISLAND, IL US",41.8558,-87.6094,177.7,2018-11-13,-1.1,",,7",-5.6,",,7"
USC00111550,"CHICAGO NORTHERLY ISLAND, IL US",41.8558,-87.6094,177.7,2018-11-14,2.2,",,7",-5.6,",,7"
USC00111550,"CHICAGO NORTHERLY ISLAND, IL US",41.8558,-87.6094,177.7,2018-11-15,1.7,",,7",-1.7,",,7"
USC00111550,"CHICAGO NORTHERLY ISLAND, IL US",41.8558,-87.6094,177.7,2018-11-16,5,",,7",-2.2,",,7"
USC00111550,"CHICAGO NORTHERLY ISLAND, IL US",41.8558,-87.6094,177.7,2018-11-17,2.8,",,7",0.6,",,7"
USC00111550,"CHICAGO NORTHERLY ISLAND, IL US",41.8558,-87.6094,177.7,2018-11-18,3.3,",,7",-2.2,",,7"
USC00111550,"CHICAGO NORTHERLY ISLAND, IL US",41.8558,-87.6094,177.7,2018-11-19,1.7,",,7",-3.9,",,7"
USC00111550,"CHICAGO NORTHERLY ISLAND, IL US",41.8558,-87.6094,177.7,2018-11-20,2.2,",,7",-1.7,",,7"
USC00111550,"CHICAGO NORTHERLY ISLAND, IL US",41.8558,-87.6094,177.7,2018-11-21,3.9,",,7",-0.6,",,7"
USC00111550,"CHICAGO NORTHERLY ISLAND, IL US",41.8558,-87.6094,177.7,2018-11-22,2.8,",,7",0,",,7"
USC00111550,"CHICAGO NORTHERLY ISLAND, IL US",41.8558,-87.6094,177.7,2018-11-23,10,",,7",1.1,",,7"
USC00111550,"CHICAGO NORTHERLY ISLAND, IL US",41.8558,-87.6094,177.7,2018-11-24,8.9,",,7",4.4,",,7"
USC00111550,"CHICAGO NORTHERLY ISLAND, IL US",41.8558,-87.6094,177.7,2018-11-25,5,",,7",1.1,",,7"
USC00111550,"CHICAGO NORTHERLY ISLAND, IL US",41.8558,-87.6094,177.7,2018-11-26,1.1,",,7",-3.9,",,7"
USC00111550,"CHICAGO NORTHERLY ISLAND, IL US",41.8558,-87.6094,177.7,2018-11-27,-3.3,",,7",-6.7,",,7"
USC00111550,"CHICAGO NORTHERLY ISLAND, IL US",41.8558,-87.6094,177.7,2018-11-28,-2.8,",,7",-6.7,",,7"
USC00111550,"CHICAGO NORTHERLY ISLAND, IL US",41.8558,-87.6094,177.7,2018-11-29,3.3,",,7",-3.3,",,7"
USC00111550,"CHICAGO NORTHERLY ISLAND, IL US",41.8558,-87.6094,177.7,2018-11-30,4.4,",,7",0,",,7"
USC00111550,"CHICAGO NORTHERLY ISLAND, IL US",41.8558,-87.6094,177.7,2018-12-01,6.7,",,7",1.1,",,7"
USC00111550,"CHICAGO NORTHERLY ISLAND, IL US",41.8558,-87.6094,177.7,2018-12-02,8.3,",,7",1.7,",,7"
USC00111550,"CHICAGO NORTHERLY ISLAND, IL US",41.8558,-87.6094,177.7,2018-12-03,2.2,",,7",-1.1,",,7"
USC00111550,"CHICAGO NORTHERLY ISLAND, IL US",41.8558,-87.6094,177.7,2018-12-04,0,",,7",-2.2,",,7"
USC00111550,"CHICAGO NORTHERLY ISLAND, IL US",41.8558,-87.6094,177.7,2018-12-05,0,",,7",-3.9,",,7"
USC00111550,"CHICAGO NORTHERLY ISLAND, IL US",41.8558,-87.6094,177.7,2018-12-06,0.6,",,7",-5.6,",,7"
USC00111550,"CHICAGO NORTHERLY ISLAND, IL US",41.8558,-87.6094,177.7,2018-12-07,-2.8,",,7",-7.2,",,7"
USC00111550,"CHICAGO NORTHERLY ISLAND, IL US",41.8558,-87.6094,177.7,2018-12-08,-1.7,",,7",-5.6,",,7"
USC00111550,"CHICAGO NORTHERLY ISLAND, IL US",41.8558,-87.6094,177.7,2018-12-09,0,",,7",-5,",,7"
USC00111550,"CHICAGO NORTHERLY ISLAND, IL US",41.8558,-87.6094,177.7,2018-12-10,1.1,",,7",-6.1,",,7"
USC00111550,"CHICAGO NORTHERLY ISLAND, IL US",41.8558,-87.6094,177.7,2018-12-11,4.4,",,7",-2.8,",,7"
USC00111550,"CHICAGO NORTHERLY ISLAND, IL US",41.8558,-87.6094,177.7,2018-12-12,5.6,",,7",0,",,7"
USC00111550,"CHICAGO NORTHERLY ISLAND, IL US",41.8558,-87.6094,177.7,2018-12-13,6.1,",,7",-2.2,",,7"
USC00111550,"CHICAGO NORTHERLY ISLAND, IL US",41.8558,-87.6094,177.7,2018-12-14,3.9,",,7",1.1,",,7"
USC00111550,"CHICAGO NORTHERLY ISLAND, IL US",41.8558,-87.6094,177.7,2018-12-15,6.1,",,7",0.6,",,7"
USC00111550,"CHICAGO NORTHERLY ISLAND, IL US",41.8558,-87.6094,177.7,2018-12-16,9.4,",,7",-0.6,",,7"
USC00111550,"CHICAGO NORTHERLY ISLAND, IL US",41.8558,-87.6094,177.7,2018-12-17,3.9,",,7",-0.6,",,7"
USC00111550,"CHICAGO NORTHERLY ISLAND, IL US",41.8558,-87.6094,177.7,2018-12-18,5.6,",,7",-2.2,",,7"
USC00111550,"CHICAGO NORTHERLY ISLAND, IL US",41.8558,-87.6094,177.7,2018-12-19,10,",,7",1.7,",,7"
USC00111550,"CHICAGO NORTHERLY ISLAND, IL US",41.8558,-87.6094,177.7,2018-12-20,8.3,",,7",3.3,",,7"
USC00111550,"CHICAGO NORTHERLY ISLAND, IL US",41.8558,-87.6094,177.7,2018-12-21,3.9,",,7",-1.1,",,7"
USC00111550,"CHICAGO NORTHERLY ISLAND, IL US",41.8558,-87.6094,177.7,2018-12-22,1.7,",,7",-1.7,",,7"
USC00111550,"CHICAGO NORTHERLY ISLAND, IL US",41.8558,-87.6094,177.7,2018-12-23,3.3,",,7",-1.1,",,7"
USC00111550,"CHICAGO NORTHERLY ISLAND, IL US",41.8558,-87.6094,177.7,2018-12-24,2.2,",,7",-3.3,",,7"
USC00111550,"CHICAGO NORTHERLY ISLAND, IL US",41.8558,-87.6094,177.7,2018-12-25,7.8,",,7",-0.6,",,7"
USC00111550,"CHICAGO NORTHERLY ISLAND, IL US",41.8558,-87.6094,177.7,2018-12-26,5,",,7",0,",,7"
USC00111550,"CHICAGO NORTHERLY ISLAND, IL US",41.8558,-87.6094,177.7,2018-12-27,11.7,",,7",2.8,",,7"
USC00111550,"CHICAGO NORTHERLY ISLAND, IL US",41.8558,-87.6094,177.7,2018-12-28,11.7,",,7",-1.1,",,7"
USC00111550,"CHICAGO NORTHERLY ISLAND, IL US",41.8558,-87.6094,177.7,2018-12-29,-0.6,",,7",-4.4,",,7"
USC00111550,"CHICAGO NORTHERLY ISLAND, IL US",41.8558,-87.6094,177.7,2018-12-30,2.8,",,7",-6.1,",,7"
USC00111550,"CHICAGO NORTHERLY ISLAND, IL US",41.8558,-87.6094,177.7,2018-12-31,3.9,",,7",1.1,",,7"
USW00094846,"CHICAGO OHARE INTERNATIONAL AIRPORT, IL US",41.96017,-87.93164,204.8,2018-01-01,-17.1,",,W",-22.7,",,W"
USW00094846,"CHICAGO OHARE INTERNATIONAL AIRPORT, IL US",41.96017,-87.93164,204.8,2018-01-02,-13.2,",,W",-22.7,",,W"
USW00094846,"CHICAGO OHARE INTERNATIONAL AIRPORT, IL US",41.96017,-87.93164,204.8,2018-01-03,-8.2,",,W",-14.3,",,W"
USW00094846,"CHICAGO OHARE INTERNATIONAL AIRPORT, IL US",41.96017,-87.93164,204.8,2018-01-04,-11,",,W",-17.7,",,W"
USW00094846,"CHICAGO OHARE INTERNATIONAL AIRPORT, IL US",41.96017,-87.93164,204.8,2018-01-05,-11.6,",,W",-18.2,",,W"
USW00094846,"CHICAGO OHARE INTERNATIONAL AIRPORT, IL US",41.96017,-87.93164,204.8,2018-01-06,-8.2,",,W",-18.8,",,W"
USW00094846,"CHICAGO OHARE INTERNATIONAL AIRPORT, IL US",41.96017,-87.93164,204.8,2018-01-07,0.6,",,W",-13.2,",,W"
USW00094846,"CHICAGO OHARE INTERNATIONAL AIRPORT, IL US",41.96017,-87.93164,204.8,2018-01-08,2.8,",,W",-0.5,",,W"
USW00094846,"CHICAGO OHARE INTERNATIONAL AIRPORT, IL US",41.96017,-87.93164,204.8,2018-01-09,2.2,",,W",-3.2,",,W"
USW00094846,"CHICAGO OHARE INTERNATIONAL AIRPORT, IL US",41.96017,-87.93164,204.8,2018-01-10,13.3,",,W",-1,",,W"
USW00094846,"CHICAGO OHARE INTERNATIONAL AIRPORT, IL US",41.96017,-87.93164,204.8,2018-01-11,15,",,W",-4.9,",,W"
USW00094846,"CHICAGO OHARE INTERNATIONAL AIRPORT, IL US",41.96017,-87.93164,204.8,2018-01-12,-4.9,",,W",-9.9,",,W"
USW00094846,"CHICAGO OHARE INTERNATIONAL AIRPORT, IL US",41.96017,-87.93164,204.8,2018-01-13,-8.8,",,W",-14.3,",,W"
USW00094846,"CHICAGO OHARE INTERNATIONAL AIRPORT, IL US",41.96017,-87.93164,204.8,2018-01-14,-6,",,W",-14.9,",,W"
USW00094846,"CHICAGO OHARE INTERNATIONAL AIRPORT, IL US",41.96017,-87.93164,204.8,2018-01-15,-4.3,",,W",-12.1,",,W"
USW00094846,"CHICAGO OHARE INTERNATIONAL AIRPORT, IL US",41.96017,-87.93164,204.8,2018-01-16,-3.2,",,W",-12.7,",,W"
USW00094846,"CHICAGO OHARE INTERNATIONAL AIRPORT, IL US",41.96017,-87.93164,204.8,2018-01-17,-6.6,",,W",-15.5,",,W"
USW00094846,"CHICAGO OHARE INTERNATIONAL AIRPORT, IL US",41.96017,-87.93164,204.8,2018-01-18,0,",,W",-8.8,",,W"
USW00094846,"CHICAGO OHARE INTERNATIONAL AIRPORT, IL US",41.96017,-87.93164,204.8,2018-01-19,4.4,",,W",-2.1,",,W"
USW00094846,"CHICAGO OHARE INTERNATIONAL AIRPORT, IL US",41.96017,-87.93164,204.8,2018-01-20,7.2,",,W",0,",,W"
USW00094846,"CHICAGO OHARE INTERNATIONAL AIRPORT, IL US",41.96017,-87.93164,204.8,2018-01-21,6.7,",,W",2.2,",,W"
USW00094846,"CHICAGO OHARE INTERNATIONAL AIRPORT, IL US",41.96017,-87.93164,204.8,2018-01-22,12.2,",,W",3.3,",,W"
USW00094846,"CHICAGO OHARE INTERNATIONAL AIRPORT, IL US",41.96017,-87.93164,204.8,2018-01-23,3.9,",,W",-2.1,",,W"
USW00094846,"CHICAGO OHARE INTERNATIONAL AIRPORT, IL US",41.96017,-87.93164,204.8,2018-01-24,-1,",,W",-2.7,",,W"
USW00094846,"CHICAGO OHARE INTERNATIONAL AIRPORT, IL US",41.96017,-87.93164,204.8,2018-01-25,6.1,",,W",-4.3,",,W"
USW00094846,"CHICAGO OHARE INTERNATIONAL AIRPORT, IL US",41.96017,-87.93164,204.8,2018-01-26,10.6,",,W",0.6,",,W"
USW00094846,"CHICAGO OHARE INTERNATIONAL AIRPORT, IL US",41.96017,-87.93164,204.8,2018-01-27,10,",,W",2.2,",,W"
USW00094846,"CHICAGO OHARE INTERNATIONAL AIRPORT, IL US",41.96017,-87.93164,204.8,2018-01-28,4.4,",,W",-2.1,",,W"
USW00094846,"CHICAGO OHARE INTERNATIONAL AIRPORT, IL US",41.96017,-87.93164,204.8,2018-01-29,-1,",,W",-8.2,",,W"
USW00094846,"CHICAGO OHARE INTERNATIONAL AIRPORT, IL US",41.96017,-87.93164,204.8,2018-01-30,-0.5,",,W",-9.3,",,W"
USW00094846,"CHICAGO OHARE INTERNATIONAL AIRPORT, IL US",41.96017,-87.93164,204.8,2018-01-31,5.6,",,W",-0.5,",,W"
USW00094846,"CHICAGO OHARE INTERNATIONAL AIRPORT, IL US",41.96017,-87.93164,204.8,2018-02-01,1.7,",,W",-13.2,",,W"
USW00094846,"CHICAGO OHARE INTERNATIONAL AIRPORT, IL US",41.96017,-87.93164,204.8,2018-02-02,-5.5,",,W",-14.9,",,W"
USW00094846,"CHICAGO OHARE INTERNATIONAL AIRPORT, IL US",41.96017,-87.93164,204.8,2018-02-03,5,",,W",-5.5,",,W"
USW00094846,"CHICAGO OHARE INTERNATIONAL AIRPORT, IL US",41.96017,-87.93164,204.8,2018-02-04,1.7,",,W",-15.5,",,W"
USW00094846,"CHICAGO OHARE INTERNATIONAL AIRPORT, IL US",41.96017,-87.93164,204.8,2018-02-05,-11,",,W",-19.3,",,W"
USW00094846,"CHICAGO OHARE INTERNATIONAL AIRPORT, IL US",41.96017,-87.93164,204.8,2018-02-06,-6,",,W",-16,",,W"
USW00094846,"CHICAGO OHARE INTERNATIONAL AIRPORT, IL US",41.96017,-87.93164,204.8,2018-02-07,-6.6,",,W",-13.2,",,W"
USW00094846,"CHICAGO OHARE INTERNATIONAL AIRPORT, IL US",41.96017,-87.93164,204.8,2018-02-08,-6,",,W",-13.8,",,W"
USW00094846,"CHICAGO OHARE INTERNATIONAL AIRPORT, IL US",41.96017,-87.93164,204.8,2018-02-09,-2.1,",,W",-7.7,",,W"
USW00094846,"CHICAGO OHARE INTERNATIONAL AIRPORT, IL US",41.96017,-87.93164,204.8,2018-02-10,-5.5,",,W",-9.9,",,W"
USW00094846,"CHICAGO OHARE INTERNATIONAL AIRPORT, IL US",41.96017,-87.93164,204.8,2018-02-11,-5.5,",,W",-11.6,",,W"
USW00094846,"CHICAGO OHARE INTERNATIONAL AIRPORT, IL US",41.96017,-87.93164,204.8,2018-02-12,-2.7,",,W",-15.5,",,W"
USW00094846,"CHICAGO OHARE INTERNATIONAL AIRPORT, IL US",41.96017,-87.93164,204.8,2018-02-13,1.7,",,W",-13.8,",,W"
USW00094846,"CHICAGO OHARE INTERNATIONAL AIRPORT, IL US",41.96017,-87.93164,204.8,2018-02-14,6.7,",,W",-4.3,",,W"
USW00094846,"CHICAGO OHARE INTERNATIONAL AIRPORT, IL US",41.96017,-87.93164,204.8,2018-02-15,8.9,",,W",3.3,",,W"
USW00094846,"CHICAGO OHARE INTERNATIONAL AIRPORT, IL US",41.96017,-87.93164,204.8,2018-02-16,2.8,",,W",-6.6,",,W"
USW00094846,"CHICAGO OHARE INTERNATIONAL AIRPORT, IL US",41.96017,-87.93164,204.8,2018-02-17,1.7,",,W",-8.2,",,W"
USW00094846,"CHICAGO OHARE INTERNATIONAL AIRPORT, IL US",41.96017,-87.93164,204.8,2018-02-18,5,",,W",-11,",,W"
USW00094846,"CHICAGO OHARE INTERNATIONAL AIRPORT, IL US",41.96017,-87.93164,204.8,2018-02-19,15.6,",,W",2.8,",,W"
USW00094846,"CHICAGO OHARE INTERNATIONAL AIRPORT, IL US",41.96017,-87.93164,204.8,2018-02-20,18.9,",,W",1.1,",,W"
USW00094846,"CHICAGO OHARE INTERNATIONAL AIRPORT, IL US",41.96017,-87.93164,204.8,2018-02-21,1.1,",,W",-2.7,",,W"
USW00094846,"CHICAGO OHARE INTERNATIONAL AIRPORT, IL US",41.96017,-87.93164,204.8,2018-02-22,4.4,",,W",-1.6,",,W"
USW00094846,"CHICAGO OHARE INTERNATIONAL AIRPORT, IL US",41.96017,-87.93164,204.8,2018-02-23,6.7,",,W",0.6,",,W"
USW00094846,"CHICAGO OHARE INTERNATIONAL AIRPORT, IL US",41.96017,-87.93164,204.8,2018-02-24,10,",,W",0.6,",,W"
USW00094846,"CHICAGO OHARE INTERNATIONAL AIRPORT, IL US",41.96017,-87.93164,204.8,2018-02-25,10,",,W",1.1,",,W"
USW00094846,"CHICAGO OHARE INTERNATIONAL AIRPORT, IL US",41.96017,-87.93164,204.8,2018-02-26,11.7,",,W",-2.1,",,W"
USW00094846,"CHICAGO OHARE INTERNATIONAL AIRPORT, IL US",41.96017,-87.93164,204.8,2018-02-27,16.7,",,W",3.9,",,W"
USW00094846,"CHICAGO OHARE INTERNATIONAL AIRPORT, IL US",41.96017,-87.93164,204.8,2018-02-28,15,",,W",2.8,",,W"
USW00094846,"CHICAGO OHARE INTERNATIONAL AIRPORT, IL US",41.96017,-87.93164,204.8,2018-03-01,7.8,",,W",1.1,",,W"
USW00094846,"CHICAGO OHARE INTERNATIONAL AIRPORT, IL US",41.96017,-87.93164,204.8,2018-03-02,8.9,",,W",-1,",,W"
USW00094846,"CHICAGO OHARE INTERNATIONAL AIRPORT, IL US",41.96017,-87.93164,204.8,2018-03-03,6.1,",,W",0.6,",,W"
USW00094846,"CHICAGO OHARE INTERNATIONAL AIRPORT, IL US",41.96017,-87.93164,204.8,2018-03-04,7.8,",,W",0,",,W"
USW00094846,"CHICAGO OHARE INTERNATIONAL AIRPORT, IL US",41.96017,-87.93164,204.8,2018-03-05,4.4,",,W",0.6,",,W"
USW00094846,"CHICAGO OHARE INTERNATIONAL AIRPORT, IL US",41.96017,-87.93164,204.8,2018-03-06,5,",,W",-0.5,",,W"
USW00094846,"CHICAGO OHARE INTERNATIONAL AIRPORT, IL US",41.96017,-87.93164,204.8,2018-03-07,1.1,",,W",-3.8,",,W"
USW00094846,"CHICAGO OHARE INTERNATIONAL AIRPORT, IL US",41.96017,-87.93164,204.8,2018-03-08,1.1,",,W",-4.3,",,W"
USW00094846,"CHICAGO OHARE INTERNATIONAL AIRPORT, IL US",41.96017,-87.93164,204.8,2018-03-09,5,",,W",-4.9,",,W"
USW00094846,"CHICAGO OHARE INTERNATIONAL AIRPORT, IL US",41.96017,-87.93164,204.8,2018-03-10,5,",,W",-4.9,",,W"
USW00094846,"CHICAGO OHARE INTERNATIONAL AIRPORT, IL US",41.96017,-87.93164,204.8,2018-03-11,4.4,",,W",-2.1,",,W"
USW00094846,"CHICAGO OHARE INTERNATIONAL AIRPORT, IL US",41.96017,-87.93164,204.8,2018-03-12,7.8,",,W",-1,",,W"
USW00094846,"CHICAGO OHARE INTERNATIONAL AIRPORT, IL US",41.96017,-87.93164,204.8,2018-03-13,1.7,",,W",-7.1,",,W"
USW00094846,"CHICAGO OHARE INTERNATIONAL AIRPORT, IL US",41.96017,-87.93164,204.8,2018-03-14,8.9,",,W",-5.5,",,W"
USW00094846,"CHICAGO OHARE INTERNATIONAL AIRPORT, IL US",41.96017,-87.93164,204.8,2018-03-15,10,",,W",-2.1,",,W"
USW00094846,"CHICAGO OHARE INTERNATIONAL AIRPORT, IL US",41.96017,-87.93164,204.8,2018-03-16,3.3,",,W",-1.6,",,W"
USW00094846,"CHICAGO OHARE INTERNATIONAL AIRPORT, IL US",41.96017,-87.93164,204.8,2018-03-17,7.8,",,W",-1,",,W"
USW00094846,"CHICAGO OHARE INTERNATIONAL AIRPORT, IL US",41.96017,-87.93164,204.8,2018-03-18,13.9,",,W",-2.7,",,W"
USW00094846,"CHICAGO OHARE INTERNATIONAL AIRPORT, IL US",41.96017,-87.93164,204.8,2018-03-19,7.8,",,W",0.6,",,W"
USW00094846,"CHICAGO OHARE INTERNATIONAL AIRPORT, IL US",41.96017,-87.93164,204.8,2018-03-20,2.8,",,W",-1.6,",,W"
USW00094846,"CHICAGO OHARE INTERNATIONAL AIRPORT, IL US",41.96017,-87.93164,204.8,2018-03-21,4.4,",,W",-3.8,",,W"
USW00094846,"CHICAGO OHARE INTERNATIONAL AIRPORT, IL US",41.96017,-87.93164,204.8,2018-03-22,10,",,W",-5.5,",,W"
USW00094846,"CHICAGO OHARE INTERNATIONAL AIRPORT, IL US",41.96017,-87.93164,204.8,2018-03-23,6.1,",,W",-3.8,",,W"
USW00094846,"CHICAGO OHARE INTERNATIONAL AIRPORT, IL US",41.96017,-87.93164,204.8,2018-03-24,4.4,",,W",0,",,W"
USW00094846,"CHICAGO OHARE INTERNATIONAL AIRPORT, IL US",41.96017,-87.93164,204.8,2018-03-25,5,",,W",-2.7,",,W"
USW00094846,"CHICAGO OHARE INTERNATIONAL AIRPORT, IL US",41.96017,-87.93164,204.8,2018-03-26,11.7,",,W",-0.5,",,W"
USW00094846,"CHICAGO OHARE INTERNATIONAL AIRPORT, IL US",41.96017,-87.93164,204.8,2018-03-27,10.6,",,W",3.9,",,W"
USW00094846,"CHICAGO OHARE INTERNATIONAL AIRPORT, IL US",41.96017,-87.93164,204.8,2018-03-28,12.2,",,W",3.9,",,W"
USW00094846,"CHICAGO OHARE INTERNATIONAL AIRPORT, IL US",41.96017,-87.93164,204.8,2018-03-29,10,",,W",1.7,",,W"
USW00094846,"CHICAGO OHARE INTERNATIONAL AIRPORT, IL US",41.96017,-87.93164,204.8,2018-03-30,9.4,",,W",0.6,",,W"
USW00094846,"CHICAGO OHARE INTERNATIONAL AIRPORT, IL US",41.96017,-87.93164,204.8,2018-03-31,14.4,",,W",0,",,W"
USW00094846,"CHICAGO OHARE INTERNATIONAL AIRPORT, IL US",41.96017,-87.93164,204.8,2018-04-01,1.7,",,W",-4.3,",,W"
USW00094846,"CHICAGO OHARE INTERNATIONAL AIRPORT, IL US",41.96017,-87.93164,204.8,2018-04-02,6.7,",,W",-6,",,W"
USW00094846,"CHICAGO OHARE INTERNATIONAL AIRPORT, IL US",41.96017,-87.93164,204.8,2018-04-03,4.4,",,W",1.1,",,W"
USW00094846,"CHICAGO OHARE INTERNATIONAL AIRPORT, IL US",41.96017,-87.93164,204.8,2018-04-04,1.7,",,W",-3.2,",,W"
USW00094846,"CHICAGO OHARE INTERNATIONAL AIRPORT, IL US",41.96017,-87.93164,204.8,2018-04-05,5.6,",,W",-4.9,",,W"
USW00094846,"CHICAGO OHARE INTERNATIONAL AIRPORT, IL US",41.96017,-87.93164,204.8,2018-04-06,3.3,",,W",-3.8,",,W"
USW00094846,"CHICAGO OHARE INTERNATIONAL AIRPORT, IL US",41.96017,-87.93164,204.8,2018-04-07,3.9,",,W",-6.6,",,W"
USW00094846,"CHICAGO OHARE INTERNATIONAL AIRPORT, IL US",41.96017,-87.93164,204.8,2018-04-08,3.9,",,W",-6,",,W"
USW00094846,"CHICAGO OHARE INTERNATIONAL AIRPORT, IL US",41.96017,-87.93164,204.8,2018-04-09,3.9,",,W",-1,",,W"
USW00094846,"CHICAGO OHARE INTERNATIONAL AIRPORT, IL US",41.96017,-87.93164,204.8,2018-04-10,7.8,",,W",-2.1,",,W"
USW00094846,"CHICAGO OHARE INTERNATIONAL AIRPORT, IL US",41.96017,-87.93164,204.8,2018-04-11,18.9,",,W",3.9,",,W"
USW00094846,"CHICAGO OHARE INTERNATIONAL AIRPORT, IL US",41.96017,-87.93164,204.8,2018-04-12,22.8,",,W",5.6,",,W"
USW00094846,"CHICAGO OHARE INTERNATIONAL AIRPORT, IL US",41.96017,-87.93164,204.8,2018-04-13,8.3,",,W",3.9,",,W"
USW00094846,"CHICAGO OHARE INTERNATIONAL AIRPORT, IL US",41.96017,-87.93164,204.8,2018-04-14,3.9,",,W",2.2,",,W"
USW00094846,"CHICAGO OHARE INTERNATIONAL AIRPORT, IL US",41.96017,-87.93164,204.8,2018-04-15,2.8,",,W",-2.1,",,W"
USW00094846,"CHICAGO OHARE INTERNATIONAL AIRPORT, IL US",41.96017,-87.93164,204.8,2018-04-16,1.7,",,W",-2.7,",,W"
USW00094846,"CHICAGO OHARE INTERNATIONAL AIRPORT, IL US",41.96017,-87.93164,204.8,2018-04-17,6.1,",,W",-1.6,",,W"
USW00094846,"CHICAGO OHARE INTERNATIONAL AIRPORT, IL US",41.96017,-87.93164,204.8,2018-04-18,2.8,",,W",-1,",,W"
USW00094846,"CHICAGO OHARE INTERNATIONAL AIRPORT, IL US",41.96017,-87.93164,204.8,2018-04-19,12.8,",,W",-0.5,",,W"
USW00094846,"CHICAGO OHARE INTERNATIONAL AIRPORT, IL US",41.96017,-87.93164,204.8,2018-04-20,16.1,",,W",-0.5,",,W"
USW00094846,"CHICAGO OHARE INTERNATIONAL AIRPORT, IL US",41.96017,-87.93164,204.8,2018-04-21,12.8,",,W",3.9,",,W"
USW00094846,"CHICAGO OHARE INTERNATIONAL AIRPORT, IL US",41.96017,-87.93164,204.8,2018-04-22,16.7,",,W",5.6,",,W"
USW00094846,"CHICAGO OHARE INTERNATIONAL AIRPORT, IL US",41.96017,-87.93164,204.8,2018-04-23,17.2,",,W",6.1,",,W"
USW00094846,"CHICAGO OHARE INTERNATIONAL AIRPORT, IL US",41.96017,-87.93164,204.8,2018-04-24,18.3,",,W",8.9,",,W"
USW00094846,"CHICAGO OHARE INTERNATIONAL AIRPORT, IL US",41.96017,-87.93164,204.8,2018-04-25,11.7,",,W",3.3,",,W"
USW00094846,"CHICAGO OHARE INTERNATIONAL AIRPORT, IL US",41.96017,-87.93164,204.8,2018-04-26,18.9,",,W",2.2,",,W"
USW00094846,"CHICAGO OHARE INTERNATIONAL AIRPORT, IL US",41.96017,-87.93164,204.8,2018-04-27,14.4,",,W",3.9,",,W"
USW00094846,"CHICAGO OHARE INTERNATIONAL AIRPORT, IL US",41.96017,-87.93164,204.8,2018-04-28,10,",,W",0.6,",,W"
USW00094846,"CHICAGO OHARE INTERNATIONAL AIRPORT, IL US",41.96017,-87.93164,204.8,2018-04-29,15,",,W",-0.5,",,W"
USW00094846,"CHICAGO OHARE INTERNATIONAL AIRPORT, IL US",41.96017,-87.93164,204.8,2018-04-30,26.7,",,W",4.4,",,W"
USW00094846,"CHICAGO OHARE INTERNATIONAL AIRPORT, IL US",41.96017,-87.93164,204.8,2018-05-01,30,",,W",15.6,",,W"
USW00094846,"CHICAGO OHARE INTERNATIONAL AIRPORT, IL US",41.96017,-87.93164,204.8,2018-05-02,30,",,W",17.2,",,W"
USW00094846,"CHICAGO OHARE INTERNATIONAL AIRPORT, IL US",41.96017,-87.93164,204.8,2018-05-03,21.1,",,W",12.2,",,W"
USW00094846,"CHICAGO OHARE INTERNATIONAL AIRPORT, IL US",41.96017,-87.93164,204.8,2018-05-04,23.3,",,W",16.1,",,W"
USW00094846,"CHICAGO OHARE INTERNATIONAL AIRPORT, IL US",41.96017,-87.93164,204.8,2018-05-05,27.8,",,W",13.9,",,W"
USW00094846,"CHICAGO OHARE INTERNATIONAL AIRPORT, IL US",41.96017,-87.93164,204.8,2018-05-06,20,",,W",10,",,W"
USW00094846,"CHICAGO OHARE INTERNATIONAL AIRPORT, IL US",41.96017,-87.93164,204.8,2018-05-07,23.9,",,W",7.8,",,W"
USW00094846,"CHICAGO OHARE INTERNATIONAL AIRPORT, IL US",41.96017,-87.93164,204.8,2018-05-08,27.2,",,W",13.9,",,W"
USW00094846,"CHICAGO OHARE INTERNATIONAL AIRPORT, IL US",41.96017,-87.93164,204.8,2018-05-09,27.2,",,W",13.9,",,W"
USW00094846,"CHICAGO OHARE INTERNATIONAL AIRPORT, IL US",41.96017,-87.93164,204.8,2018-05-10,22.8,",,W",10,",,W"
USW00094846,"CHICAGO OHARE INTERNATIONAL AIRPORT, IL US",41.96017,-87.93164,204.8,2018-05-11,11.1,",,W",7.2,",,W"
USW00094846,"CHICAGO OHARE INTERNATIONAL AIRPORT, IL US",41.96017,-87.93164,204.8,2018-05-12,10,",,W",6.7,",,W"
USW00094846,"CHICAGO OHARE INTERNATIONAL AIRPORT, IL US",41.96017,-87.93164,204.8,2018-05-13,19.4,",,W",7.2,",,W"
USW00094846,"CHICAGO OHARE INTERNATIONAL AIRPORT, IL US",41.96017,-87.93164,204.8,2018-05-14,28.3,",,W",11.7,",,W"
USW00094846,"CHICAGO OHARE INTERNATIONAL AIRPORT, IL US",41.96017,-87.93164,204.8,2018-05-15,21.7,",,W",10.6,",,W"
USW00094846,"CHICAGO OHARE INTERNATIONAL AIRPORT, IL US",41.96017,-87.93164,204.8,2018-05-16,26.1,",,W",8.3,",,W"
USW00094846,"CHICAGO OHARE INTERNATIONAL AIRPORT, IL US",41.96017,-87.93164,204.8,2018-05-17,20.6,",,W",11.1,",,W"
USW00094846,"CHICAGO OHARE INTERNATIONAL AIRPORT, IL US",41.96017,-87.93164,204.8,2018-05-18,18.3,",,W",11.1,",,W"
USW00094846,"CHICAGO OHARE INTERNATIONAL AIRPORT, IL US",41.96017,-87.93164,204.8,2018-05-19,20.6,",,W",12.2,",,W"
USW00094846,"CHICAGO OHARE INTERNATIONAL AIRPORT, IL US",41.96017,-87.93164,204.8,2018-05-20,12.8,",,W",6.7,",,W"
USW00094846,"CHICAGO OHARE INTERNATIONAL AIRPORT, IL US",41.96017,-87.93164,204.8,2018-05-21,17.8,",,W",9.4,",,W"
USW00094846,"CHICAGO OHARE INTERNATIONAL AIRPORT, IL US",41.96017,-87.93164,204.8,2018-05-22,19.4,",,W",12.2,",,W"
USW00094846,"CHICAGO OHARE INTERNATIONAL AIRPORT, IL US",41.96017,-87.93164,204.8,2018-05-23,26.7,",,W",11.1,",,W"
USW00094846,"CHICAGO OHARE INTERNATIONAL AIRPORT, IL US",41.96017,-87.93164,204.8,2018-05-24,30.6,",,W",14.4,",,W"
USW00094846,"CHICAGO OHARE INTERNATIONAL AIRPORT, IL US",41.96017,-87.93164,204.8,2018-05-25,31.7,",,W",19.4,",,W"
USW00094846,"CHICAGO OHARE INTERNATIONAL AIRPORT, IL US",41.96017,-87.93164,204.8,2018-05-26,32.2,",,W",21.1,",,W"
USW00094846,"CHICAGO OHARE INTERNATIONAL AIRPORT, IL US",41.96017,-87.93164,204.8,2018-05-27,36.1,",,W",21.1,",,W"
USW00094846,"CHICAGO OHARE INTERNATIONAL AIRPORT, IL US",41.96017,-87.93164,204.8,2018-05-28,35,",,W",21.1,",,W"
USW00094846,"CHICAGO OHARE INTERNATIONAL AIRPORT, IL US",41.96017,-87.93164,204.8,2018-05-29,30.6,",,W",18.9,",,W"
USW00094846,"CHICAGO OHARE INTERNATIONAL AIRPORT, IL US",41.96017,-87.93164,204.8,2018-05-30,30,",,W",19.4,",,W"
USW00094846,"CHICAGO OHARE INTERNATIONAL AIRPORT, IL US",41.96017,-87.93164,204.8,2018-05-31,31.7,",,W",20.6,",,W"
USW00094846,"CHICAGO OHARE INTERNATIONAL AIRPORT, IL US",41.96017,-87.93164,204.8,2018-06-01,24.4,",,W",11.7,",,W"
USW00094846,"CHICAGO OHARE INTERNATIONAL AIRPORT, IL US",41.96017,-87.93164,204.8,2018-06-02,21.1,",,W",11.1,",,W"
USW00094846,"CHICAGO OHARE INTERNATIONAL AIRPORT, IL US",41.96017,-87.93164,204.8,2018-06-03,25.6,",,W",15.6,",,W"
USW00094846,"CHICAGO OHARE INTERNATIONAL AIRPORT, IL US",41.96017,-87.93164,204.8,2018-06-04,26.7,",,W",12.8,",,W"
USW00094846,"CHICAGO OHARE INTERNATIONAL AIRPORT, IL US",41.96017,-87.93164,204.8,2018-06-05,22.2,",,W",12.2,",,W"
USW00094846,"CHICAGO OHARE INTERNATIONAL AIRPORT, IL US",41.96017,-87.93164,204.8,2018-06-06,26.1,",,W",8.9,",,W"
USW00094846,"CHICAGO OHARE INTERNATIONAL AIRPORT, IL US",41.96017,-87.93164,204.8,2018-06-07,27.2,",,W",15.6,",,W"
USW00094846,"CHICAGO OHARE INTERNATIONAL AIRPORT, IL US",41.96017,-87.93164,204.8,2018-06-08,22.8,",,W",15,",,W"
USW00094846,"CHICAGO OHARE INTERNATIONAL AIRPORT, IL US",41.96017,-87.93164,204.8,2018-06-09,27.8,",,W",13.9,",,W"
USW00094846,"CHICAGO OHARE INTERNATIONAL AIRPORT, IL US",41.96017,-87.93164,204.8,2018-06-10,21.7,",,W",15.6,",,W"
USW00094846,"CHICAGO OHARE INTERNATIONAL AIRPORT, IL US",41.96017,-87.93164,204.8,2018-06-11,21.1,",,W",16.1,",,W"
USW00094846,"CHICAGO OHARE INTERNATIONAL AIRPORT, IL US",41.96017,-87.93164,204.8,2018-06-12,26.7,",,W",16.7,",,W"
USW00094846,"CHICAGO OHARE INTERNATIONAL AIRPORT, IL US",41.96017,-87.93164,204.8,2018-06-13,27.2,",,W",17.8,",,W"
USW00094846,"CHICAGO OHARE INTERNATIONAL AIRPORT, IL US",41.96017,-87.93164,204.8,2018-06-14,27.2,",,W",17.8,",,W"
USW00094846,"CHICAGO OHARE INTERNATIONAL AIRPORT, IL US",41.96017,-87.93164,204.8,2018-06-15,31.7,",,W",17.8,",,W"
USW00094846,"CHICAGO OHARE INTERNATIONAL AIRPORT, IL US",41.96017,-87.93164,204.8,2018-06-16,33.3,",,W",20.6,",,W"
USW00094846,"CHICAGO OHARE INTERNATIONAL AIRPORT, IL US",41.96017,-87.93164,204.8,2018-06-17,33.9,",,W",25.6,",,W"
USW00094846,"CHICAGO OHARE INTERNATIONAL AIRPORT, IL US",41.96017,-87.93164,204.8,2018-06-18,35,",,W",18.9,",,W"
USW00094846,"CHICAGO OHARE INTERNATIONAL AIRPORT, IL US",41.96017,-87.93164,204.8,2018-06-19,27.2,",,W",17.2,",,W"
USW00094846,"CHICAGO OHARE INTERNATIONAL AIRPORT, IL US",41.96017,-87.93164,204.8,2018-06-20,25,",,W",18.3,",,W"
USW00094846,"CHICAGO OHARE INTERNATIONAL AIRPORT, IL US",41.96017,-87.93164,204.8,2018-06-21,19.4,",,W",16.7,",,W"
USW00094846,"CHICAGO OHARE INTERNATIONAL AIRPORT, IL US",41.96017,-87.93164,204.8,2018-06-22,17.8,",,W",15,",,W"
USW00094846,"CHICAGO OHARE INTERNATIONAL AIRPORT, IL US",41.96017,-87.93164,204.8,2018-06-23,27.2,",,W",16.7,",,W"
USW00094846,"CHICAGO OHARE INTERNATIONAL AIRPORT, IL US",41.96017,-87.93164,204.8,2018-06-24,26.7,",,W",17.8,",,W"
USW00094846,"CHICAGO OHARE INTERNATIONAL AIRPORT, IL US",41.96017,-87.93164,204.8,2018-06-25,25.6,",,W",16.1,",,W"
USW00094846,"CHICAGO OHARE INTERNATIONAL AIRPORT, IL US",41.96017,-87.93164,204.8,2018-06-26,28.9,",,W",18.9,",,W"
USW00094846,"CHICAGO OHARE INTERNATIONAL AIRPORT, IL US",41.96017,-87.93164,204.8,2018-06-27,26.7,",,W",20.6,",,W"
USW00094846,"CHICAGO OHARE INTERNATIONAL AIRPORT, IL US",41.96017,-87.93164,204.8,2018-06-28,31.1,",,W",20,",,W"
USW00094846,"CHICAGO OHARE INTERNATIONAL AIRPORT, IL US",41.96017,-87.93164,204.8,2018-06-29,35.6,",,W",22.8,",,W"
USW00094846,"CHICAGO OHARE INTERNATIONAL AIRPORT, IL US",41.96017,-87.93164,204.8,2018-06-30,34.4,",,W",26.7,",,W"
USW00094846,"CHICAGO OHARE INTERNATIONAL AIRPORT, IL US",41.96017,-87.93164,204.8,2018-07-01,34.4,",,W",24.4,",,W"
USW00094846,"CHICAGO OHARE INTERNATIONAL AIRPORT, IL US",41.96017,-87.93164,204.8,2018-07-02,29.4,",,W",20.6,",,W"
USW00094846,"CHICAGO OHARE INTERNATIONAL AIRPORT, IL US",41.96017,-87.93164,204.8,2018-07-03,31.7,",,W",17.2,",,W"
USW00094846,"CHICAGO OHARE INTERNATIONAL AIRPORT, IL US",41.96017,-87.93164,204.8,2018-07-04,33.9,",,W",24.4,",,W"
USW00094846,"CHICAGO OHARE INTERNATIONAL AIRPORT, IL US",41.96017,-87.93164,204.8,2018-07-05,33.3,",,W",23.3,",,W"
USW00094846,"CHICAGO OHARE INTERNATIONAL AIRPORT, IL US",41.96017,-87.93164,204.8,2018-07-06,23.9,",,W",17.8,",,W"
USW00094846,"CHICAGO OHARE INTERNATIONAL AIRPORT, IL US",41.96017,-87.93164,204.8,2018-07-07,27.8,",,W",15,",,W"
USW00094846,"CHICAGO OHARE INTERNATIONAL AIRPORT, IL US",41.96017,-87.93164,204.8,2018-07-08,31.1,",,W",17.2,",,W"
USW00094846,"CHICAGO OHARE INTERNATIONAL AIRPORT, IL US",41.96017,-87.93164,204.8,2018-07-09,32.8,",,W",19.4,",,W"
USW00094846,"CHICAGO OHARE INTERNATIONAL AIRPORT, IL US",41.96017,-87.93164,204.8,2018-07-10,30.6,",,W",21.7,",,W"
USW00094846,"CHICAGO OHARE INTERNATIONAL AIRPORT, IL US",41.96017,-87.93164,204.8,2018-07-11,30.6,",,W",19.4,",,W"
USW00094846,"CHICAGO OHARE INTERNATIONAL AIRPORT, IL US",41.96017,-87.93164,204.8,2018-07-12,30.6,",,W",21.1,",,W"
USW00094846,"CHICAGO OHARE INTERNATIONAL AIRPORT, IL US",41.96017,-87.93164,204.8,2018-07-13,35,",,W",22.2,",,W"
USW00094846,"CHICAGO OHARE INTERNATIONAL AIRPORT, IL US",41.96017,-87.93164,204.8,2018-07-14,27.8,",,W",22.2,",,W"
USW00094846,"CHICAGO OHARE INTERNATIONAL AIRPORT, IL US",41.96017,-87.93164,204.8,2018-07-15,32.8,",,W",22.2,",,W"
USW00094846,"CHICAGO OHARE INTERNATIONAL AIRPORT, IL US",41.96017,-87.93164,204.8,2018-07-16,33.9,",,W",22.2,",,W"
USW00094846,"CHICAGO OHARE INTERNATIONAL AIRPORT, IL US",41.96017,-87.93164,204.8,2018-07-17,27.2,",,W",20,",,W"
USW00094846,"CHICAGO OHARE INTERNATIONAL AIRPORT, IL US",41.96017,-87.93164,204.8,2018-07-18,26.7,",,W",17.2,",,W"
USW00094846,"CHICAGO OHARE INTERNATIONAL AIRPORT, IL US",41.96017,-87.93164,204.8,2018-07-19,30.6,",,W",19.4,",,W"
USW00094846,"CHICAGO OHARE INTERNATIONAL AIRPORT, IL US",41.96017,-87.93164,204.8,2018-07-20,25.6,",,W",21.1,",,W"
USW00094846,"CHICAGO OHARE INTERNATIONAL AIRPORT, IL US",41.96017,-87.93164,204.8,2018-07-21,26.1,",,W",20.6,",,W"
USW00094846,"CHICAGO OHARE INTERNATIONAL AIRPORT, IL US",41.96017,-87.93164,204.8,2018-07-22,24.4,",,W",19.4,",,W"
USW00094846,"CHICAGO OHARE INTERNATIONAL AIRPORT, IL US",41.96017,-87.93164,204.8,2018-07-23,27.8,",,W",18.3,",,W"
USW00094846,"CHICAGO OHARE INTERNATIONAL AIRPORT, IL US",41.96017,-87.93164,204.8,2018-07-24,31.1,",,W",18.9,",,W"
USW00094846,"CHICAGO OHARE INTERNATIONAL AIRPORT, IL US",41.96017,-87.93164,204.8,2018-07-25,32.2,",,W",19.4,",,W"
USW00094846,"CHICAGO OHARE INTERNATIONAL AIRPORT, IL US",41.96017,-87.93164,204.8,2018-07-26,27.2,",,W",18.9,",,W"
USW00094846,"CHICAGO OHARE INTERNATIONAL AIRPORT, IL US",41.96017,-87.93164,204.8,2018-07-27,26.1,",,W",16.7,",,W"
USW00094846,"CHICAGO OHARE INTERNATIONAL AIRPORT, IL US",41.96017,-87.93164,204.8,2018-07-28,27.8,",,W",16.1,",,W"
USW00094846,"CHICAGO OHARE INTERNATIONAL AIRPORT, IL US",41.96017,-87.93164,204.8,2018-07-29,28.3,",,W",16.7,",,W"
USW00094846,"CHICAGO OHARE INTERNATIONAL AIRPORT, IL US",41.96017,-87.93164,204.8,2018-07-30,27.8,",,W",16.7,",,W"
USW00094846,"CHICAGO OHARE INTERNATIONAL AIRPORT, IL US",41.96017,-87.93164,204.8,2018-07-31,26.7,",,W",18.9,",,W"
USW00094846,"CHICAGO OHARE INTERNATIONAL AIRPORT, IL US",41.96017,-87.93164,204.8,2018-08-01,29.4,",,W",17.2,",,W"
USW00094846,"CHICAGO OHARE INTERNATIONAL AIRPORT, IL US",41.96017,-87.93164,204.8,2018-08-02,29.4,",,W",21.1,",,W"
USW00094846,"CHICAGO OHARE INTERNATIONAL AIRPORT, IL US",41.96017,-87.93164,204.8,2018-08-03,31.7,",,W",19.4,",,W"
USW00094846,"CHICAGO OHARE INTERNATIONAL AIRPORT, IL US",41.96017,-87.93164,204.8,2018-08-04,36.1,",,W",21.7,",,W"
USW00094846,"CHICAGO OHARE INTERNATIONAL AIRPORT, IL US",41.96017,-87.93164,204.8,2018-08-05,34.4,",,W",23.9,",,W"
USW00094846,"CHICAGO OHARE INTERNATIONAL AIRPORT, IL US",41.96017,-87.93164,204.8,2018-08-06,27.2,",,W",20.6,",,W"
USW00094846,"CHICAGO OHARE INTERNATIONAL AIRPORT, IL US",41.96017,-87.93164,204.8,2018-08-07,28.3,",,W",20.6,",,W"
USW00094846,"CHICAGO OHARE INTERNATIONAL AIRPORT, IL US",41.96017,-87.93164,204.8,2018-08-08,29.4,",,W",20.6,",,W"
USW00094846,"CHICAGO OHARE INTERNATIONAL AIRPORT, IL US",41.96017,-87.93164,204.8,2018-08-09,31.7,",,W",20.6,",,W"
USW00094846,"CHICAGO OHARE INTERNATIONAL AIRPORT, IL US",41.96017,-87.93164,204.8,2018-08-10,28.3,",,W",21.1,",,W"
USW00094846,"CHICAGO OHARE INTERNATIONAL AIRPORT, IL US",41.96017,-87.93164,204.8,2018-08-11,31.1,",,W",20,",,W"
USW00094846,"CHICAGO OHARE INTERNATIONAL AIRPORT, IL US",41.96017,-87.93164,204.8,2018-08-12,30.6,",,W",21.1,",,W"
USW00094846,"CHICAGO OHARE INTERNATIONAL AIRPORT, IL US",41.96017,-87.93164,204.8,2018-08-13,31.7,",,W",18.9,",,W"
USW00094846,"CHICAGO OHARE INTERNATIONAL AIRPORT, IL US",41.96017,-87.93164,204.8,2018-08-14,30.6,",,W",21.7,",,W"
USW00094846,"CHICAGO OHARE INTERNATIONAL AIRPORT, IL US",41.96017,-87.93164,204.8,2018-08-15,29.4,",,W",22.8,",,W"
USW00094846,"CHICAGO OHARE INTERNATIONAL AIRPORT, IL US",41.96017,-87.93164,204.8,2018-08-16,30,",,W",20.6,",,W"
USW00094846,"CHICAGO OHARE INTERNATIONAL AIRPORT, IL US",41.96017,-87.93164,204.8,2018-08-17,29.4,",,W",20,",,W"
USW00094846,"CHICAGO OHARE INTERNATIONAL AIRPORT, IL US",41.96017,-87.93164,204.8,2018-08-18,26.7,",,W",21.1,",,W"
USW00094846,"CHICAGO OHARE INTERNATIONAL AIRPORT, IL US",41.96017,-87.93164,204.8,2018-08-19,30,",,W",20,",,W"
USW00094846,"CHICAGO OHARE INTERNATIONAL AIRPORT, IL US",41.96017,-87.93164,204.8,2018-08-20,26.1,",,W",20.6,",,W"
USW00094846,"CHICAGO OHARE INTERNATIONAL AIRPORT, IL US",41.96017,-87.93164,204.8,2018-08-21,25.6,",,W",18.9,",,W"
USW00094846,"CHICAGO OHARE INTERNATIONAL AIRPORT, IL US",41.96017,-87.93164,204.8,2018-08-22,26.1,",,W",14.4,",,W"
USW00094846,"CHICAGO OHARE INTERNATIONAL AIRPORT, IL US",41.96017,-87.93164,204.8,2018-08-23,26.7,",,W",15.6,",,W"
USW00094846,"CHICAGO OHARE INTERNATIONAL AIRPORT, IL US",41.96017,-87.93164,204.8,2018-08-24,22.2,",,W",17.2,",,W"
USW00094846,"CHICAGO OHARE INTERNATIONAL AIRPORT, IL US",41.96017,-87.93164,204.8,2018-08-25,30,",,W",18.9,",,W"
USW00094846,"CHICAGO OHARE INTERNATIONAL AIRPORT, IL US",41.96017,-87.93164,204.8,2018-08-26,33.9,",,W",22.2,",,W"
USW00094846,"CHICAGO OHARE INTERNATIONAL AIRPORT, IL US",41.96017,-87.93164,204.8,2018-08-27,33.9,",,W",25.6,",,W"
USW00094846,"CHICAGO OHARE INTERNATIONAL AIRPORT, IL US",41.96017,-87.93164,204.8,2018-08-28,32.8,",,W",19.4,",,W"
USW00094846,"CHICAGO OHARE INTERNATIONAL AIRPORT, IL US",41.96017,-87.93164,204.8,2018-08-29,24.4,",,W",18.3,",,W"
USW00094846,"CHICAGO OHARE INTERNATIONAL AIRPORT, IL US",41.96017,-87.93164,204.8,2018-08-30,22.8,",,W",16.1,",,W"
USW00094846,"CHICAGO OHARE INTERNATIONAL AIRPORT, IL US",41.96017,-87.93164,204.8,2018-08-31,29.4,",,W",15.6,",,W"
USW00094846,"CHICAGO OHARE INTERNATIONAL AIRPORT, IL US",41.96017,-87.93164,204.8,2018-09-01,30,",,W",22.2,",,W"
USW00094846,"CHICAGO OHARE INTERNATIONAL AIRPORT, IL US",41.96017,-87.93164,204.8,2018-09-02,32.8,",,W",21.1,",,W"
USW00094846,"CHICAGO OHARE INTERNATIONAL AIRPORT, IL US",41.96017,-87.93164,204.8,2018-09-03,31.1,",,W",21.1,",,W"
USW00094846,"CHICAGO OHARE INTERNATIONAL AIRPORT, IL US",41.96017,-87.93164,204.8,2018-09-04,33.3,",,W",21.7,",,W"
USW00094846,"CHICAGO OHARE INTERNATIONAL AIRPORT, IL US",41.96017,-87.93164,204.8,2018-09-05,32.8,",,W",20.6,",,W"
USW00094846,"CHICAGO OHARE INTERNATIONAL AIRPORT, IL US",41.96017,-87.93164,204.8,2018-09-06,20.6,",,W",17.8,",,W"
USW00094846,"CHICAGO OHARE INTERNATIONAL AIRPORT, IL US",41.96017,-87.93164,204.8,2018-09-07,20.6,",,W",17.2,",,W"
USW00094846,"CHICAGO OHARE INTERNATIONAL AIRPORT, IL US",41.96017,-87.93164,204.8,2018-09-08,20.6,",,W",17.2,",,W"
USW00094846,"CHICAGO OHARE INTERNATIONAL AIRPORT, IL US",41.96017,-87.93164,204.8,2018-09-09,20,",,W",15.6,",,W"
USW00094846,"CHICAGO OHARE INTERNATIONAL AIRPORT, IL US",41.96017,-87.93164,204.8,2018-09-10,23.3,",,W",13.3,",,W"
USW00094846,"CHICAGO OHARE INTERNATIONAL AIRPORT, IL US",41.96017,-87.93164,204.8,2018-09-11,26.1,",,W",13.9,",,W"
USW00094846,"CHICAGO OHARE INTERNATIONAL AIRPORT, IL US",41.96017,-87.93164,204.8,2018-09-12,27.8,",,W",16.1,",,W"
USW00094846,"CHICAGO OHARE INTERNATIONAL AIRPORT, IL US",41.96017,-87.93164,204.8,2018-09-13,25.6,",,W",15.6,",,W"
USW00094846,"CHICAGO OHARE INTERNATIONAL AIRPORT, IL US",41.96017,-87.93164,204.8,2018-09-14,30.6,",,W",17.8,",,W"
USW00094846,"CHICAGO OHARE INTERNATIONAL AIRPORT, IL US",41.96017,-87.93164,204.8,2018-09-15,27.8,",,W",17.8,",,W"
USW00094846,"CHICAGO OHARE INTERNATIONAL AIRPORT, IL US",41.96017,-87.93164,204.8,2018-09-16,31.7,",,W",18.9,",,W"
USW00094846,"CHICAGO OHARE INTERNATIONAL AIRPORT, IL US",41.96017,-87.93164,204.8,2018-09-17,32.8,",,W",20.6,",,W"
USW00094846,"CHICAGO OHARE INTERNATIONAL AIRPORT, IL US",41.96017,-87.93164,204.8,2018-09-18,23.9,",,W",18.9,",,W"
USW00094846,"CHICAGO OHARE INTERNATIONAL AIRPORT, IL US",41.96017,-87.93164,204.8,2018-09-19,24.4,",,W",18.9,",,W"
USW00094846,"CHICAGO OHARE INTERNATIONAL AIRPORT, IL US",41.96017,-87.93164,204.8,2018-09-20,33.9,",,W",18.9,",,W"
USW00094846,"CHICAGO OHARE INTERNATIONAL AIRPORT, IL US",41.96017,-87.93164,204.8,2018-09-21,28.3,",,W",13.3,",,W"
USW00094846,"CHICAGO OHARE INTERNATIONAL AIRPORT, IL US",41.96017,-87.93164,204.8,2018-09-22,17.8,",,W",10.6,",,W"
USW00094846,"CHICAGO OHARE INTERNATIONAL AIRPORT, IL US",41.96017,-87.93164,204.8,2018-09-23,21.7,",,W",10,",,W"
USW00094846,"CHICAGO OHARE INTERNATIONAL AIRPORT, IL US",41.96017,-87.93164,204.8,2018-09-24,23.3,",,W",13.9,",,W"
USW00094846,"CHICAGO OHARE INTERNATIONAL AIRPORT, IL US",41.96017,-87.93164,204.8,2018-09-25,28.9,",,W",16.1,",,W"
USW00094846,"CHICAGO OHARE INTERNATIONAL AIRPORT, IL US",41.96017,-87.93164,204.8,2018-09-26,19.4,",,W",10,",,W"
USW00094846,"CHICAGO OHARE INTERNATIONAL AIRPORT, IL US",41.96017,-87.93164,204.8,2018-09-27,21.1,",,W",8.9,",,W"
USW00094846,"CHICAGO OHARE INTERNATIONAL AIRPORT, IL US",41.96017,-87.93164,204.8,2018-09-28,15.6,",,W",7.8,",,W"
USW00094846,"CHICAGO OHARE INTERNATIONAL AIRPORT, IL US",41.96017,-87.93164,204.8,2018-09-29,16.1,",,W",5.6,",,W"
USW00094846,"CHICAGO OHARE INTERNATIONAL AIRPORT, IL US",41.96017,-87.93164,204.8,2018-09-30,16.7,",,W",11.7,",,W"
USW00094846,"CHICAGO OHARE INTERNATIONAL AIRPORT, IL US",41.96017,-87.93164,204.8,2018-10-01,22.2,",,W",13.9,",,W"
USW00094846,"CHICAGO OHARE INTERNATIONAL AIRPORT, IL US",41.96017,-87.93164,204.8,2018-10-02,19.4,",,W",14.4,",,W"
USW00094846,"CHICAGO OHARE INTERNATIONAL AIRPORT, IL US",41.96017,-87.93164,204.8,2018-10-03,31.1,",,W",15,",,W"
USW00094846,"CHICAGO OHARE INTERNATIONAL AIRPORT, IL US",41.96017,-87.93164,204.8,2018-10-04,25,",,W",11.1,",,W"
USW00094846,"CHICAGO OHARE INTERNATIONAL AIRPORT, IL US",41.96017,-87.93164,204.8,2018-10-05,18.3,",,W",12.2,",,W"
USW00094846,"CHICAGO OHARE INTERNATIONAL AIRPORT, IL US",41.96017,-87.93164,204.8,2018-10-06,21.1,",,W",13.9,",,W"
USW00094846,"CHICAGO OHARE INTERNATIONAL AIRPORT, IL US",41.96017,-87.93164,204.8,2018-10-07,17.2,",,W",13.9,",,W"
USW00094846,"CHICAGO OHARE INTERNATIONAL AIRPORT, IL US",41.96017,-87.93164,204.8,2018-10-08,29.4,",,W",17.2,",,W"
USW00094846,"CHICAGO OHARE INTERNATIONAL AIRPORT, IL US",41.96017,-87.93164,204.8,2018-10-09,29.4,",,W",21.1,",,W"
USW00094846,"CHICAGO OHARE INTERNATIONAL AIRPORT, IL US",41.96017,-87.93164,204.8,2018-10-10,23.9,",,W",10.6,",,W"
USW00094846,"CHICAGO OHARE INTERNATIONAL AIRPORT, IL US",41.96017,-87.93164,204.8,2018-10-11,10.6,",,W",4.4,",,W"
USW00094846,"CHICAGO OHARE INTERNATIONAL AIRPORT, IL US",41.96017,-87.93164,204.8,2018-10-12,5.6,",,W",2.2,",,W"
USW00094846,"CHICAGO OHARE INTERNATIONAL AIRPORT, IL US",41.96017,-87.93164,204.8,2018-10-13,11.7,",,W",0,",,W"
USW00094846,"CHICAGO OHARE INTERNATIONAL AIRPORT, IL US",41.96017,-87.93164,204.8,2018-10-14,12.2,",,W",3.3,",,W"
USW00094846,"CHICAGO OHARE INTERNATIONAL AIRPORT, IL US",41.96017,-87.93164,204.8,2018-10-15,8.9,",,W",2.8,",,W"
USW00094846,"CHICAGO OHARE INTERNATIONAL AIRPORT, IL US",41.96017,-87.93164,204.8,2018-10-16,15,",,W",1.1,",,W"
USW00094846,"CHICAGO OHARE INTERNATIONAL AIRPORT, IL US",41.96017,-87.93164,204.8,2018-10-17,10.6,",,W",3.3,",,W"
USW00094846,"CHICAGO OHARE INTERNATIONAL AIRPORT, IL US",41.96017,-87.93164,204.8,2018-10-18,14.4,",,W",1.1,",,W"
USW00094846,"CHICAGO OHARE INTERNATIONAL AIRPORT, IL US",41.96017,-87.93164,204.8,2018-10-19,12.2,",,W",7.8,",,W"
USW00094846,"CHICAGO OHARE INTERNATIONAL AIRPORT, IL US",41.96017,-87.93164,204.8,2018-10-20,10.6,",,W",-0.5,",,W"
USW00094846,"CHICAGO OHARE INTERNATIONAL AIRPORT, IL US",41.96017,-87.93164,204.8,2018-10-21,10.6,",,W",-2.1,",,W"
USW00094846,"CHICAGO OHARE INTERNATIONAL AIRPORT, IL US",41.96017,-87.93164,204.8,2018-10-22,17.8,",,W",3.3,",,W"
USW00094846,"CHICAGO OHARE INTERNATIONAL AIRPORT, IL US",41.96017,-87.93164,204.8,2018-10-23,12.2,",,W",3.3,",,W"
USW00094846,"CHICAGO OHARE INTERNATIONAL AIRPORT, IL US",41.96017,-87.93164,204.8,2018-10-24,11.1,",,W",2.8,",,W"
USW00094846,"CHICAGO OHARE INTERNATIONAL AIRPORT, IL US",41.96017,-87.93164,204.8,2018-10-25,11.7,",,W",2.8,",,W"
USW00094846,"CHICAGO OHARE INTERNATIONAL AIRPORT, IL US",41.96017,-87.93164,204.8,2018-10-26,11.7,",,W",7.8,",,W"
USW00094846,"CHICAGO OHARE INTERNATIONAL AIRPORT, IL US",41.96017,-87.93164,204.8,2018-10-27,12.2,",,W",6.1,",,W"
USW00094846,"CHICAGO OHARE INTERNATIONAL AIRPORT, IL US",41.96017,-87.93164,204.8,2018-10-28,10.6,",,W",6.7,",,W"
USW00094846,"CHICAGO OHARE INTERNATIONAL AIRPORT, IL US",41.96017,-87.93164,204.8,2018-10-29,13.3,",,W",4.4,",,W"
USW00094846,"CHICAGO OHARE INTERNATIONAL AIRPORT, IL US",41.96017,-87.93164,204.8,2018-10-30,17.8,",,W",7.2,",,W"
USW00094846,"CHICAGO OHARE INTERNATIONAL AIRPORT, IL US",41.96017,-87.93164,204.8,2018-10-31,16.1,",,W",8.3,",,W"
USW00094846,"CHICAGO OHARE INTERNATIONAL AIRPORT, IL US",41.96017,-87.93164,204.8,2018-11-01,11.1,",,W",6.1,",,W"
USW00094846,"CHICAGO OHARE INTERNATIONAL AIRPORT, IL US",41.96017,-87.93164,204.8,2018-11-02,10,",,W",2.8,",,W"
USW00094846,"CHICAGO OHARE INTERNATIONAL AIRPORT, IL US",41.96017,-87.93164,204.8,2018-11-03,10,",,W",1.1,",,W"
USW00094846,"CHICAGO OHARE INTERNATIONAL AIRPORT, IL US",41.96017,-87.93164,204.8,2018-11-04,11.1,",,W",7.8,",,W"
USW00094846,"CHICAGO OHARE INTERNATIONAL AIRPORT, IL US",41.96017,-87.93164,204.8,2018-11-05,10.6,",,W",6.7,",,W"
USW00094846,"CHICAGO OHARE INTERNATIONAL AIRPORT, IL US",41.96017,-87.93164,204.8,2018-11-06,10,",,W",3.3,",,W"
USW00094846,"CHICAGO OHARE INTERNATIONAL AIRPORT, IL US",41.96017,-87.93164,204.8,2018-11-07,3.9,",,W",0.6,",,W"
USW00094846,"CHICAGO OHARE INTERNATIONAL AIRPORT, IL US",41.96017,-87.93164,204.8,2018-11-08,5,",,W",0.6,",,W"
USW00094846,"CHICAGO OHARE INTERNATIONAL AIRPORT, IL US",41.96017,-87.93164,204.8,2018-11-09,2.8,",,W",-6.6,",,W"
USW00094846,"CHICAGO OHARE INTERNATIONAL AIRPORT, IL US",41.96017,-87.93164,204.8,2018-11-10,0.6,",,W",-6.6,",,W"
USW00094846,"CHICAGO OHARE INTERNATIONAL AIRPORT, IL US",41.96017,-87.93164,204.8,2018-11-11,5,",,W",-2.1,",,W"
USW00094846,"CHICAGO OHARE INTERNATIONAL AIRPORT, IL US",41.96017,-87.93164,204.8,2018-11-12,1.1,",,W",-4.3,",,W"
USW00094846,"CHICAGO OHARE INTERNATIONAL AIRPORT, IL US",41.96017,-87.93164,204.8,2018-11-13,-1.6,",,W",-7.1,",,W"
USW00094846,"CHICAGO OHARE INTERNATIONAL AIRPORT, IL US",41.96017,-87.93164,204.8,2018-11-14,2.2,",,W",-8.2,",,W"
USW00094846,"CHICAGO OHARE INTERNATIONAL AIRPORT, IL US",41.96017,-87.93164,204.8,2018-11-15,1.7,",,W",-3.2,",,W"
USW00094846,"CHICAGO OHARE INTERNATIONAL AIRPORT, IL US",41.96017,-87.93164,204.8,2018-11-16,5,",,W",-1.6,",,W"
USW00094846,"CHICAGO OHARE INTERNATIONAL AIRPORT, IL US",41.96017,-87.93164,204.8,2018-11-17,1.7,",,W",0,",,W"
USW00094846,"CHICAGO OHARE INTERNATIONAL AIRPORT, IL US",41.96017,-87.93164,204.8,2018-11-18,3.3,",,W",-3.8,",,W"
USW00094846,"CHICAGO OHARE INTERNATIONAL AIRPORT, IL US",41.96017,-87.93164,204.8,2018-11-19,1.1,",,W",-4.9,",,W"
USW00094846,"CHICAGO OHARE INTERNATIONAL AIRPORT, IL US",41.96017,-87.93164,204.8,2018-11-20,1.7,",,W",-1.6,",,W"
USW00094846,"CHICAGO OHARE INTERNATIONAL AIRPORT, IL US",41.96017,-87.93164,204.8,2018-11-21,2.2,",,W",-1,",,W"
USW00094846,"CHICAGO OHARE INTERNATIONAL AIRPORT, IL US",41.96017,-87.93164,204.8,2018-11-22,4.4,",,W",-0.5,",,W"
USW00094846,"CHICAGO OHARE INTERNATIONAL AIRPORT, IL US",41.96017,-87.93164,204.8,2018-11-23,10.6,",,W",1.1,",,W"
USW00094846,"CHICAGO OHARE INTERNATIONAL AIRPORT, IL US",41.96017,-87.93164,204.8,2018-11-24,8.3,",,W",4.4,",,W"
USW00094846,"CHICAGO OHARE INTERNATIONAL AIRPORT, IL US",41.96017,-87.93164,204.8,2018-11-25,4.4,",,W",0.6,",,W"
USW00094846,"CHICAGO OHARE INTERNATIONAL AIRPORT, IL US",41.96017,-87.93164,204.8,2018-11-26,0.6,",,W",-4.3,",,W"
USW00094846,"CHICAGO OHARE INTERNATIONAL AIRPORT, IL US",41.96017,-87.93164,204.8,2018-11-27,-3.8,",,W",-7.1,",,W"
USW00094846,"CHICAGO OHARE INTERNATIONAL AIRPORT, IL US",41.96017,-87.93164,204.8,2018-11-28,-2.7,",,W",-8.2,",,W"
USW00094846,"CHICAGO OHARE INTERNATIONAL AIRPORT, IL US",41.96017,-87.93164,204.8,2018-11-29,3.3,",,W",-2.7,",,W"
USW00094846,"CHICAGO OHARE INTERNATIONAL AIRPORT, IL US",41.96017,-87.93164,204.8,2018-11-30,5.6,",,W",-2.1,",,W"
USW00094846,"CHICAGO OHARE INTERNATIONAL AIRPORT, IL US",41.96017,-87.93164,204.8,2018-12-01,5.6,",,W",2.2,",,W"
USW00094846,"CHICAGO OHARE INTERNATIONAL AIRPORT, IL US",41.96017,-87.93164,204.8,2018-12-02,6.7,",,W",1.7,",,W"
USW00094846,"CHICAGO OHARE INTERNATIONAL AIRPORT, IL US",41.96017,-87.93164,204.8,2018-12-03,1.7,",,W",-1.6,",,W"
USW00094846,"CHICAGO OHARE INTERNATIONAL AIRPORT, IL US",41.96017,-87.93164,204.8,2018-12-04,0,",,W",-2.1,",,W"
USW00094846,"CHICAGO OHARE INTERNATIONAL AIRPORT, IL US",41.96017,-87.93164,204.8,2018-12-05,0.6,",,W",-3.8,",,W"
USW00094846,"CHICAGO OHARE INTERNATIONAL AIRPORT, IL US",41.96017,-87.93164,204.8,2018-12-06,0.6,",,W",-7.1,",,W"
USW00094846,"CHICAGO OHARE INTERNATIONAL AIRPORT, IL US",41.96017,-87.93164,204.8,2018-12-07,-3.8,",,W",-8.8,",,W"
USW00094846,"CHICAGO OHARE INTERNATIONAL AIRPORT, IL US",41.96017,-87.93164,204.8,2018-12-08,0,",,W",-6.6,",,W"
USW00094846,"CHICAGO OHARE INTERNATIONAL AIRPORT, IL US",41.96017,-87.93164,204.8,2018-12-09,1.7,",,W",-8.2,",,W"
USW00094846,"CHICAGO OHARE INTERNATIONAL AIRPORT, IL US",41.96017,-87.93164,204.8,2018-12-10,1.1,",,W",-8.8,",,W"
USW00094846,"CHICAGO OHARE INTERNATIONAL AIRPORT, IL US",41.96017,-87.93164,204.8,2018-12-11,3.3,",,W",-3.8,",,W"
USW00094846,"CHICAGO OHARE INTERNATIONAL AIRPORT, IL US",41.96017,-87.93164,204.8,2018-12-12,5,",,W",-1.6,",,W"
USW00094846,"CHICAGO OHARE INTERNATIONAL AIRPORT, IL US",41.96017,-87.93164,204.8,2018-12-13,7.8,",,W",-4.3,",,W"
USW00094846,"CHICAGO OHARE INTERNATIONAL AIRPORT, IL US",41.96017,-87.93164,204.8,2018-12-14,4.4,",,W",0,",,W"
USW00094846,"CHICAGO OHARE INTERNATIONAL AIRPORT, IL US",41.96017,-87.93164,204.8,2018-12-15,7.8,",,W",-3.2,",,W"
USW00094846,"CHICAGO OHARE INTERNATIONAL AIRPORT, IL US",41.96017,-87.93164,204.8,2018-12-16,9.4,",,W",-3.8,",,W"
USW00094846,"CHICAGO OHARE INTERNATIONAL AIRPORT, IL US",41.96017,-87.93164,204.8,2018-12-17,5.6,",,W",-2.1,",,W"
USW00094846,"CHICAGO OHARE INTERNATIONAL AIRPORT, IL US",41.96017,-87.93164,204.8,2018-12-18,5.6,",,W",-3.8,",,W"
USW00094846,"CHICAGO OHARE INTERNATIONAL AIRPORT, IL US",41.96017,-87.93164,204.8,2018-12-19,9.4,",,W",0.6,",,W"
USW00094846,"CHICAGO OHARE INTERNATIONAL AIRPORT, IL US",41.96017,-87.93164,204.8,2018-12-20,7.8,",,W",3.3,",,W"
USW00094846,"CHICAGO OHARE INTERNATIONAL AIRPORT, IL US",41.96017,-87.93164,204.8,2018-12-21,3.3,",,W",-1.6,",,W"
USW00094846,"CHICAGO OHARE INTERNATIONAL AIRPORT, IL US",41.96017,-87.93164,204.8,2018-12-22,1.1,",,W",-2.1,",,W"
USW00094846,"CHICAGO OHARE INTERNATIONAL AIRPORT, IL US",41.96017,-87.93164,204.8,2018-12-23,3.3,",,W",-2.1,",,W"
USW00094846,"CHICAGO OHARE INTERNATIONAL AIRPORT, IL US",41.96017,-87.93164,204.8,2018-12-24,0.6,",,W",-4.9,",,W"
USW00094846,"CHICAGO OHARE INTERNATIONAL AIRPORT, IL US",41.96017,-87.93164,204.8,2018-12-25,7.2,",,W",-2.1,",,W"
USW00094846,"CHICAGO OHARE INTERNATIONAL AIRPORT, IL US",41.96017,-87.93164,204.8,2018-12-26,8.3,",,W",-3.2,",,W"
USW00094846,"CHICAGO OHARE INTERNATIONAL AIRPORT, IL US",41.96017,-87.93164,204.8,2018-12-27,11.7,",,W",3.9,",,W"
USW00094846,"CHICAGO OHARE INTERNATIONAL AIRPORT, IL US",41.96017,-87.93164,204.8,2018-12-28,11.7,",,W",-1,",,W"
USW00094846,"CHICAGO OHARE INTERNATIONAL AIRPORT, IL US",41.96017,-87.93164,204.8,2018-12-29,-1,",,W",-5.5,",,W"
USW00094846,"CHICAGO OHARE INTERNATIONAL AIRPORT, IL US",41.96017,-87.93164,204.8,2018-12-30,2.2,",,W",-7.1,",,W"
USW00094846,"CHICAGO OHARE INTERNATIONAL AIRPORT, IL US",41.96017,-87.93164,204.8,2018-12-31,3.9,",,W",-0.5,",,W"
USW00014819,"CHICAGO MIDWAY AIRPORT, IL US",41.78412,-87.75514,185.8,2018-01-01,-16,",,W",-21.6,",,W"
USW00014819,"CHICAGO MIDWAY AIRPORT, IL US",41.78412,-87.75514,185.8,2018-01-02,-13.8,",,W",-23.2,",,W"
USW00014819,"CHICAGO MIDWAY AIRPORT, IL US",41.78412,-87.75514,185.8,2018-01-03,-7.7,",,W",-13.8,",,W"
USW00014819,"CHICAGO MIDWAY AIRPORT, IL US",41.78412,-87.75514,185.8,2018-01-04,-10.5,",,W",-16.6,",,W"
USW00014819,"CHICAGO MIDWAY AIRPORT, IL US",41.78412,-87.75514,185.8,2018-01-05,-11,",,W",-17.7,",,W"
USW00014819,"CHICAGO MIDWAY AIRPORT, IL US",41.78412,-87.75514,185.8,2018-01-06,-8.2,",,W",-18.2,",,W"
USW00014819,"CHICAGO MIDWAY AIRPORT, IL US",41.78412,-87.75514,185.8,2018-01-07,0.6,",,W",-13.2,",,W"
USW00014819,"CHICAGO MIDWAY AIRPORT, IL US",41.78412,-87.75514,185.8,2018-01-08,2.8,",,W",-1,",,W"
USW00014819,"CHICAGO MIDWAY AIRPORT, IL US",41.78412,-87.75514,185.8,2018-01-09,1.1,",,W",-2.1,",,W"
USW00014819,"CHICAGO MIDWAY AIRPORT, IL US",41.78412,-87.75514,185.8,2018-01-10,13.3,",,W",-0.5,",,W"
USW00014819,"CHICAGO MIDWAY AIRPORT, IL US",41.78412,-87.75514,185.8,2018-01-11,15.6,",,W",-4.9,",,W"
USW00014819,"CHICAGO MIDWAY AIRPORT, IL US",41.78412,-87.75514,185.8,2018-01-12,-4.3,",,W",-8.8,",,W"
USW00014819,"CHICAGO MIDWAY AIRPORT, IL US",41.78412,-87.75514,185.8,2018-01-13,-7.7,",,W",-13.2,",,W"
USW00014819,"CHICAGO MIDWAY AIRPORT, IL US",41.78412,-87.75514,185.8,2018-01-14,-5.5,",,W",-13.8,",,W"
USW00014819,"CHICAGO MIDWAY AIRPORT, IL US",41.78412,-87.75514,185.8,2018-01-15,-4.3,",,W",-12.7,",,W"
USW00014819,"CHICAGO MIDWAY AIRPORT, IL US",41.78412,-87.75514,185.8,2018-01-16,-3.8,",,W",-14.3,",,W"
USW00014819,"CHICAGO MIDWAY AIRPORT, IL US",41.78412,-87.75514,185.8,2018-01-17,-6,",,W",-14.9,",,W"
USW00014819,"CHICAGO MIDWAY AIRPORT, IL US",41.78412,-87.75514,185.8,2018-01-18,0.6,",,W",-8.2,",,W"
USW00014819,"CHICAGO MIDWAY AIRPORT, IL US",41.78412,-87.75514,185.8,2018-01-19,4.4,",,W",-2.1,",,W"
USW00014819,"CHICAGO MIDWAY AIRPORT, IL US",41.78412,-87.75514,185.8,2018-01-20,8.3,",,W",0.6,",,W"
USW00014819,"CHICAGO MIDWAY AIRPORT, IL US",41.78412,-87.75514,185.8,2018-01-21,8.9,",,W",3.9,",,W"
USW00014819,"CHICAGO MIDWAY AIRPORT, IL US",41.78412,-87.75514,185.8,2018-01-22,12.8,",,W",2.8,",,W"
USW00014819,"CHICAGO MIDWAY AIRPORT, IL US",41.78412,-87.75514,185.8,2018-01-23,3.3,",,W",-1.6,",,W"
USW00014819,"CHICAGO MIDWAY AIRPORT, IL US",41.78412,-87.75514,185.8,2018-01-24,-0.5,",,W",-2.7,",,W"
USW00014819,"CHICAGO MIDWAY AIRPORT, IL US",41.78412,-87.75514,185.8,2018-01-25,6.7,",,W",-3.2,",,W"
USW00014819,"CHICAGO MIDWAY AIRPORT, IL US",41.78412,-87.75514,185.8,2018-01-26,11.1,",,W",2.8,",,W"
USW00014819,"CHICAGO MIDWAY AIRPORT, IL US",41.78412,-87.75514,185.8,2018-01-27,10.6,",,W",2.8,",,W"
USW00014819,"CHICAGO MIDWAY AIRPORT, IL US",41.78412,-87.75514,185.8,2018-01-28,5.6,",,W",-1,",,W"
USW00014819,"CHICAGO MIDWAY AIRPORT, IL US",41.78412,-87.75514,185.8,2018-01-29,0,",,W",-7.7,",,W"
USW00014819,"CHICAGO MIDWAY AIRPORT, IL US",41.78412,-87.75514,185.8,2018-01-30,-0.5,",,W",-9.3,",,W"
USW00014819,"CHICAGO MIDWAY AIRPORT, IL US",41.78412,-87.75514,185.8,2018-01-31,6.7,",,W",-0.5,",,W"
USW00014819,"CHICAGO MIDWAY AIRPORT, IL US",41.78412,-87.75514,185.8,2018-02-01,2.2,",,W",-12.7,",,W"
USW00014819,"CHICAGO MIDWAY AIRPORT, IL US",41.78412,-87.75514,185.8,2018-02-02,-5.5,",,W",-14.9,",,W"
USW00014819,"CHICAGO MIDWAY AIRPORT, IL US",41.78412,-87.75514,185.8,2018-02-03,5.6,",,W",-5.5,",,W"
USW00014819,"CHICAGO MIDWAY AIRPORT, IL US",41.78412,-87.75514,185.8,2018-02-04,1.7,",,W",-13.8,",,W"
USW00014819,"CHICAGO MIDWAY AIRPORT, IL US",41.78412,-87.75514,185.8,2018-02-05,-11,",,W",-18.2,",,W"
USW00014819,"CHICAGO MIDWAY AIRPORT, IL US",41.78412,-87.75514,185.8,2018-02-06,-5.5,",,W",-14.3,",,W"
USW00014819,"CHICAGO MIDWAY AIRPORT, IL US",41.78412,-87.75514,185.8,2018-02-07,-6,",,W",-11,",,W"
USW00014819,"CHICAGO MIDWAY AIRPORT, IL US",41.78412,-87.75514,185.8,2018-02-08,-5.5,",,W",-12.7,",,W"
USW00014819,"CHICAGO MIDWAY AIRPORT, IL US",41.78412,-87.75514,185.8,2018-02-09,-1.6,",,W",-5.5,",,W"
USW00014819,"CHICAGO MIDWAY AIRPORT, IL US",41.78412,-87.75514,185.8,2018-02-10,-3.2,",,W",-8.2,",,W"
USW00014819,"CHICAGO MIDWAY AIRPORT, IL US",41.78412,-87.75514,185.8,2018-02-11,-4.3,",,W",-10.5,",,W"
USW00014819,"CHICAGO MIDWAY AIRPORT, IL US",41.78412,-87.75514,185.8,2018-02-12,-1.6,",,W",-15.5,",,W"
USW00014819,"CHICAGO MIDWAY AIRPORT, IL US",41.78412,-87.75514,185.8,2018-02-13,2.2,",,W",-8.2,",,W"
USW00014819,"CHICAGO MIDWAY AIRPORT, IL US",41.78412,-87.75514,185.8,2018-02-14,7.8,",,W",-2.1,",,W"
USW00014819,"CHICAGO MIDWAY AIRPORT, IL US",41.78412,-87.75514,185.8,2018-02-15,8.9,",,W",3.3,",,W"
USW00014819,"CHICAGO MIDWAY AIRPORT, IL US",41.78412,-87.75514,185.8,2018-02-16,3.3,",,W",-6.6,",,W"
USW00014819,"CHICAGO MIDWAY AIRPORT, IL US",41.78412,-87.75514,185.8,2018-02-17,2.2,",,W",-8.2,",,W"
USW00014819,"CHICAGO MIDWAY AIRPORT, IL US",41.78412,-87.75514,185.8,2018-02-18,5.6,",,W",-6.6,",,W"
USW00014819,"CHICAGO MIDWAY AIRPORT, IL US",41.78412,-87.75514,185.8,2018-02-19,15.6,",,W",3.9,",,W"
USW00014819,"CHICAGO MIDWAY AIRPORT, IL US",41.78412,-87.75514,185.8,2018-02-20,18.9,",,W",1.1,",,W"
USW00014819,"CHICAGO MIDWAY AIRPORT, IL US",41.78412,-87.75514,185.8,2018-02-21,1.1,",,W",-1.6,",,W"
USW00014819,"CHICAGO MIDWAY AIRPORT, IL US",41.78412,-87.75514,185.8,2018-02-22,5,",,W",-0.5,",,W"
USW00014819,"CHICAGO MIDWAY AIRPORT, IL US",41.78412,-87.75514,185.8,2018-02-23,7.2,",,W",1.7,",,W"
USW00014819,"CHICAGO MIDWAY AIRPORT, IL US",41.78412,-87.75514,185.8,2018-02-24,10.6,",,W",1.7,",,W"
USW00014819,"CHICAGO MIDWAY AIRPORT, IL US",41.78412,-87.75514,185.8,2018-02-25,11.1,",,W",1.1,",,W"
USW00014819,"CHICAGO MIDWAY AIRPORT, IL US",41.78412,-87.75514,185.8,2018-02-26,12.8,",,W",-1.6,",,W"
USW00014819,"CHICAGO MIDWAY AIRPORT, IL US",41.78412,-87.75514,185.8,2018-02-27,16.7,",,W",5,",,W"
USW00014819,"CHICAGO MIDWAY AIRPORT, IL US",41.78412,-87.75514,185.8,2018-02-28,15.6,",,W",3.3,",,W"
USW00014819,"CHICAGO MIDWAY AIRPORT, IL US",41.78412,-87.75514,185.8,2018-03-01,6.7,",,W",0.6,",,W"
USW00014819,"CHICAGO MIDWAY AIRPORT, IL US",41.78412,-87.75514,185.8,2018-03-02,7.8,",,W",-0.5,",,W"
USW00014819,"CHICAGO MIDWAY AIRPORT, IL US",41.78412,-87.75514,185.8,2018-03-03,6.1,",,W",1.7,",,W"
USW00014819,"CHICAGO MIDWAY AIRPORT, IL US",41.78412,-87.75514,185.8,2018-03-04,8.3,",,W",0,",,W"
USW00014819,"CHICAGO MIDWAY AIRPORT, IL US",41.78412,-87.75514,185.8,2018-03-05,5.6,",,W",1.1,",,W"
USW00014819,"CHICAGO MIDWAY AIRPORT, IL US",41.78412,-87.75514,185.8,2018-03-06,5.6,",,W",0.6,",,W"
USW00014819,"CHICAGO MIDWAY AIRPORT, IL US",41.78412,-87.75514,185.8,2018-03-07,1.7,",,W",-3.2,",,W"
USW00014819,"CHICAGO MIDWAY AIRPORT, IL US",41.78412,-87.75514,185.8,2018-03-08,2.2,",,W",-4.3,",,W"
USW00014819,"CHICAGO MIDWAY AIRPORT, IL US",41.78412,-87.75514,185.8,2018-03-09,3.9,",,W",-4.9,",,W"
USW00014819,"CHICAGO MIDWAY AIRPORT, IL US",41.78412,-87.75514,185.8,2018-03-10,4.4,",,W",-3.8,",,W"
USW00014819,"CHICAGO MIDWAY AIRPORT, IL US",41.78412,-87.75514,185.8,2018-03-11,5,",,W",-1.6,",,W"
USW00014819,"CHICAGO MIDWAY AIRPORT, IL US",41.78412,-87.75514,185.8,2018-03-12,7.8,",,W",-0.5,",,W"
USW00014819,"CHICAGO MIDWAY AIRPORT, IL US",41.78412,-87.75514,185.8,2018-03-13,2.2,",,W",-4.3,",,W"
USW00014819,"CHICAGO MIDWAY AIRPORT, IL US",41.78412,-87.75514,185.8,2018-03-14,8.3,",,W",-5.5,",,W"
USW00014819,"CHICAGO MIDWAY AIRPORT, IL US",41.78412,-87.75514,185.8,2018-03-15,9.4,",,W",-0.5,",,W"
USW00014819,"CHICAGO MIDWAY AIRPORT, IL US",41.78412,-87.75514,185.8,2018-03-16,2.8,",,W",-1,",,W"
USW00014819,"CHICAGO MIDWAY AIRPORT, IL US",41.78412,-87.75514,185.8,2018-03-17,7.2,",,W",-0.5,",,W"
USW00014819,"CHICAGO MIDWAY AIRPORT, IL US",41.78412,-87.75514,185.8,2018-03-18,13.3,",,W",-2.1,",,W"
USW00014819,"CHICAGO MIDWAY AIRPORT, IL US",41.78412,-87.75514,185.8,2018-03-19,8.3,",,W",0.6,",,W"
USW00014819,"CHICAGO MIDWAY AIRPORT, IL US",41.78412,-87.75514,185.8,2018-03-20,2.8,",,W",-1.6,",,W"
USW00014819,"CHICAGO MIDWAY AIRPORT, IL US",41.78412,-87.75514,185.8,2018-03-21,4.4,",,W",-1,",,W"
USW00014819,"CHICAGO MIDWAY AIRPORT, IL US",41.78412,-87.75514,185.8,2018-03-22,8.9,",,W",-3.8,",,W"
USW00014819,"CHICAGO MIDWAY AIRPORT, IL US",41.78412,-87.75514,185.8,2018-03-23,6.1,",,W",-0.5,",,W"
USW00014819,"CHICAGO MIDWAY AIRPORT, IL US",41.78412,-87.75514,185.8,2018-03-24,5,",,W",0.6,",,W"
USW00014819,"CHICAGO MIDWAY AIRPORT, IL US",41.78412,-87.75514,185.8,2018-03-25,5.6,",,W",-2.1,",,W"
USW00014819,"CHICAGO MIDWAY AIRPORT, IL US",41.78412,-87.75514,185.8,2018-03-26,12.8,",,W",0,",,W"
USW00014819,"CHICAGO MIDWAY AIRPORT, IL US",41.78412,-87.75514,185.8,2018-03-27,11.1,",,W",6.1,",,W"
USW00014819,"CHICAGO MIDWAY AIRPORT, IL US",41.78412,-87.75514,185.8,2018-03-28,11.7,",,W",3.9,",,W"
USW00014819,"CHICAGO MIDWAY AIRPORT, IL US",41.78412,-87.75514,185.8,2018-03-29,9.4,",,W",2.2,",,W"
USW00014819,"CHICAGO MIDWAY AIRPORT, IL US",41.78412,-87.75514,185.8,2018-03-30,9.4,",,W",1.7,",,W"
USW00014819,"CHICAGO MIDWAY AIRPORT, IL US",41.78412,-87.75514,185.8,2018-03-31,15.6,",,W",1.1,",,W"
USW00014819,"CHICAGO MIDWAY AIRPORT, IL US",41.78412,-87.75514,185.8,2018-04-01,2.8,",,W",-3.2,",,W"
USW00014819,"CHICAGO MIDWAY AIRPORT, IL US",41.78412,-87.75514,185.8,2018-04-02,7.2,",,W",-4.9,",,W"
USW00014819,"CHICAGO MIDWAY AIRPORT, IL US",41.78412,-87.75514,185.8,2018-04-03,5.6,",,W",1.7,",,W"
USW00014819,"CHICAGO MIDWAY AIRPORT, IL US",41.78412,-87.75514,185.8,2018-04-04,2.2,",,W",-2.7,",,W"
USW00014819,"CHICAGO MIDWAY AIRPORT, IL US",41.78412,-87.75514,185.8,2018-04-05,5.6,",,W",-4.3,",,W"
USW00014819,"CHICAGO MIDWAY AIRPORT, IL US",41.78412,-87.75514,185.8,2018-04-06,3.9,",,W",-2.7,",,W"
USW00014819,"CHICAGO MIDWAY AIRPORT, IL US",41.78412,-87.75514,185.8,2018-04-07,3.9,",,W",-6,",,W"
USW00014819,"CHICAGO MIDWAY AIRPORT, IL US",41.78412,-87.75514,185.8,2018-04-08,4.4,",,W",-4.9,",,W"
USW00014819,"CHICAGO MIDWAY AIRPORT, IL US",41.78412,-87.75514,185.8,2018-04-09,4.4,",,W",0,",,W"
USW00014819,"CHICAGO MIDWAY AIRPORT, IL US",41.78412,-87.75514,185.8,2018-04-10,7.8,",,W",-1.6,",,W"
USW00014819,"CHICAGO MIDWAY AIRPORT, IL US",41.78412,-87.75514,185.8,2018-04-11,19.4,",,W",3.9,",,W"
USW00014819,"CHICAGO MIDWAY AIRPORT, IL US",41.78412,-87.75514,185.8,2018-04-12,23.9,",,W",7.2,",,W"
USW00014819,"CHICAGO MIDWAY AIRPORT, IL US",41.78412,-87.75514,185.8,2018-04-13,11.7,",,W",4.4,",,W"
USW00014819,"CHICAGO MIDWAY AIRPORT, IL US",41.78412,-87.75514,185.8,2018-04-14,5.6,",,W",2.8,",,W"
USW00014819,"CHICAGO MIDWAY AIRPORT, IL US",41.78412,-87.75514,185.8,2018-04-15,3.9,",,W",-1.6,",,W"
USW00014819,"CHICAGO MIDWAY AIRPORT, IL US",41.78412,-87.75514,185.8,2018-04-16,1.7,",,W",-2.1,",,W"
USW00014819,"CHICAGO MIDWAY AIRPORT, IL US",41.78412,-87.75514,185.8,2018-04-17,7.2,",,W",-1,",,W"
USW00014819,"CHICAGO MIDWAY AIRPORT, IL US",41.78412,-87.75514,185.8,2018-04-18,3.3,",,W",0,",,W"
USW00014819,"CHICAGO MIDWAY AIRPORT, IL US",41.78412,-87.75514,185.8,2018-04-19,12.8,",,W",1.1,",,W"
USW00014819,"CHICAGO MIDWAY AIRPORT, IL US",41.78412,-87.75514,185.8,2018-04-20,16.1,",,W",0.6,",,W"
USW00014819,"CHICAGO MIDWAY AIRPORT, IL US",41.78412,-87.75514,185.8,2018-04-21,11.7,",,W",5,",,W"
USW00014819,"CHICAGO MIDWAY AIRPORT, IL US",41.78412,-87.75514,185.8,2018-04-22,16.7,",,W",6.7,",,W"
USW00014819,"CHICAGO MIDWAY AIRPORT, IL US",41.78412,-87.75514,185.8,2018-04-23,17.8,",,W",6.1,",,W"
USW00014819,"CHICAGO MIDWAY AIRPORT, IL US",41.78412,-87.75514,185.8,2018-04-24,17.8,",,W",8.3,",,W"
USW00014819,"CHICAGO MIDWAY AIRPORT, IL US",41.78412,-87.75514,185.8,2018-04-25,11.7,",,W",3.9,",,W"
USW00014819,"CHICAGO MIDWAY AIRPORT, IL US",41.78412,-87.75514,185.8,2018-04-26,18.9,",,W",2.2,",,W"
USW00014819,"CHICAGO MIDWAY AIRPORT, IL US",41.78412,-87.75514,185.8,2018-04-27,12.8,",,W",5,",,W"
USW00014819,"CHICAGO MIDWAY AIRPORT, IL US",41.78412,-87.75514,185.8,2018-04-28,10.6,",,W",3.3,",,W"
USW00014819,"CHICAGO MIDWAY AIRPORT, IL US",41.78412,-87.75514,185.8,2018-04-29,13.9,",,W",0.6,",,W"
USW00014819,"CHICAGO MIDWAY AIRPORT, IL US",41.78412,-87.75514,185.8,2018-04-30,26.7,",,W",5.6,",,W"
USW00014819,"CHICAGO MIDWAY AIRPORT, IL US",41.78412,-87.75514,185.8,2018-05-01,30,",,W",14.4,",,W"
USW00014819,"CHICAGO MIDWAY AIRPORT, IL US",41.78412,-87.75514,185.8,2018-05-02,31.1,",,W",18.9,",,W"
USW00014819,"CHICAGO MIDWAY AIRPORT, IL US",41.78412,-87.75514,185.8,2018-05-03,21.7,",,W",14.4,",,W"
USW00014819,"CHICAGO MIDWAY AIRPORT, IL US",41.78412,-87.75514,185.8,2018-05-04,23.9,",,W",17.2,",,W"
USW00014819,"CHICAGO MIDWAY AIRPORT, IL US",41.78412,-87.75514,185.8,2018-05-05,27.8,",,W",13.9,",,W"
USW00014819,"CHICAGO MIDWAY AIRPORT, IL US",41.78412,-87.75514,185.8,2018-05-06,20.6,",,W",11.1,",,W"
USW00014819,"CHICAGO MIDWAY AIRPORT, IL US",41.78412,-87.75514,185.8,2018-05-07,22.8,",,W",10,",,W"
USW00014819,"CHICAGO MIDWAY AIRPORT, IL US",41.78412,-87.75514,185.8,2018-05-08,28.3,",,W",13.3,",,W"
USW00014819,"CHICAGO MIDWAY AIRPORT, IL US",41.78412,-87.75514,185.8,2018-05-09,28.3,",,W",15.6,",,W"
USW00014819,"CHICAGO MIDWAY AIRPORT, IL US",41.78412,-87.75514,185.8,2018-05-10,22.8,",,W",11.7,",,W"
USW00014819,"CHICAGO MIDWAY AIRPORT, IL US",41.78412,-87.75514,185.8,2018-05-11,13.9,",,W",9.4,",,W"
USW00014819,"CHICAGO MIDWAY AIRPORT, IL US",41.78412,-87.75514,185.8,2018-05-12,11.7,",,W",7.8,",,W"
USW00014819,"CHICAGO MIDWAY AIRPORT, IL US",41.78412,-87.75514,185.8,2018-05-13,20.6,",,W",9.4,",,W"
USW00014819,"CHICAGO MIDWAY AIRPORT, IL US",41.78412,-87.75514,185.8,2018-05-14,30,",,W",12.2,",,W"
USW00014819,"CHICAGO MIDWAY AIRPORT, IL US",41.78412,-87.75514,185.8,2018-05-15,20.6,",,W",11.1,",,W"
USW00014819,"CHICAGO MIDWAY AIRPORT, IL US",41.78412,-87.75514,185.8,2018-05-16,25,",,W",6.1,",,W"
USW00014819,"CHICAGO MIDWAY AIRPORT, IL US",41.78412,-87.75514,185.8,2018-05-17,22.8,",,W",12.2,",,W"
USW00014819,"CHICAGO MIDWAY AIRPORT, IL US",41.78412,-87.75514,185.8,2018-05-18,20,",,W",11.7,",,W"
USW00014819,"CHICAGO MIDWAY AIRPORT, IL US",41.78412,-87.75514,185.8,2018-05-19,20.6,",,W",13.9,",,W"
USW00014819,"CHICAGO MIDWAY AIRPORT, IL US",41.78412,-87.75514,185.8,2018-05-20,15.6,",,W",7.2,",,W"
USW00014819,"CHICAGO MIDWAY AIRPORT, IL US",41.78412,-87.75514,185.8,2018-05-21,18.3,",,W",10,",,W"
USW00014819,"CHICAGO MIDWAY AIRPORT, IL US",41.78412,-87.75514,185.8,2018-05-22,19.4,",,W",12.2,",,W"
USW00014819,"CHICAGO MIDWAY AIRPORT, IL US",41.78412,-87.75514,185.8,2018-05-23,25.6,",,W",10.6,",,W"
USW00014819,"CHICAGO MIDWAY AIRPORT, IL US",41.78412,-87.75514,185.8,2018-05-24,30.6,",,W",15,",,W"
USW00014819,"CHICAGO MIDWAY AIRPORT, IL US",41.78412,-87.75514,185.8,2018-05-25,32.2,",,W",20,",,W"
USW00014819,"CHICAGO MIDWAY AIRPORT, IL US",41.78412,-87.75514,185.8,2018-05-26,32.2,",,W",20.6,",,W"
USW00014819,"CHICAGO MIDWAY AIRPORT, IL US",41.78412,-87.75514,185.8,2018-05-27,35.6,",,W",22.2,",,W"
USW00014819,"CHICAGO MIDWAY AIRPORT, IL US",41.78412,-87.75514,185.8,2018-05-28,35.6,",,W",22.2,",,W"
USW00014819,"CHICAGO MIDWAY AIRPORT, IL US",41.78412,-87.75514,185.8,2018-05-29,30.6,",,W",21.1,",,W"
USW00014819,"CHICAGO MIDWAY AIRPORT, IL US",41.78412,-87.75514,185.8,2018-05-30,30.6,",,W",22.2,",,W"
USW00014819,"CHICAGO MIDWAY AIRPORT, IL US",41.78412,-87.75514,185.8,2018-05-31,31.7,",,W",21.1,",,W"
USW00014819,"CHICAGO MIDWAY AIRPORT, IL US",41.78412,-87.75514,185.8,2018-06-01,26.7,",,W",12.2,",,W"
USW00014819,"CHICAGO MIDWAY AIRPORT, IL US",41.78412,-87.75514,185.8,2018-06-02,23.3,",,W",11.7,",,W"
USW00014819,"CHICAGO MIDWAY AIRPORT, IL US",41.78412,-87.75514,185.8,2018-06-03,26.1,",,W",15.6,",,W"
USW00014819,"CHICAGO MIDWAY AIRPORT, IL US",41.78412,-87.75514,185.8,2018-06-04,26.7,",,W",12.8,",,W"
USW00014819,"CHICAGO MIDWAY AIRPORT, IL US",41.78412,-87.75514,185.8,2018-06-05,23.3,",,W",13.3,",,W"
USW00014819,"CHICAGO MIDWAY AIRPORT, IL US",41.78412,-87.75514,185.8,2018-06-06,26.7,",,W",11.1,",,W"
USW00014819,"CHICAGO MIDWAY AIRPORT, IL US",41.78412,-87.75514,185.8,2018-06-07,27.2,",,W",17.2,",,W"
USW00014819,"CHICAGO MIDWAY AIRPORT, IL US",41.78412,-87.75514,185.8,2018-06-08,22.8,",,W",16.1,",,W"
USW00014819,"CHICAGO MIDWAY AIRPORT, IL US",41.78412,-87.75514,185.8,2018-06-09,27.2,",,W",14.4,",,W"
USW00014819,"CHICAGO MIDWAY AIRPORT, IL US",41.78412,-87.75514,185.8,2018-06-10,21.7,",,W",16.1,",,W"
USW00014819,"CHICAGO MIDWAY AIRPORT, IL US",41.78412,-87.75514,185.8,2018-06-11,20.6,",,W",16.7,",,W"
USW00014819,"CHICAGO MIDWAY AIRPORT, IL US",41.78412,-87.75514,185.8,2018-06-12,27.2,",,W",18.3,",,W"
USW00014819,"CHICAGO MIDWAY AIRPORT, IL US",41.78412,-87.75514,185.8,2018-06-13,28.3,",,W",18.3,",,W"
USW00014819,"CHICAGO MIDWAY AIRPORT, IL US",41.78412,-87.75514,185.8,2018-06-14,27.2,",,W",16.7,",,W"
USW00014819,"CHICAGO MIDWAY AIRPORT, IL US",41.78412,-87.75514,185.8,2018-06-15,31.7,",,W",18.3,",,W"
USW00014819,"CHICAGO MIDWAY AIRPORT, IL US",41.78412,-87.75514,185.8,2018-06-16,33.9,",,W",21.1,",,W"
USW00014819,"CHICAGO MIDWAY AIRPORT, IL US",41.78412,-87.75514,185.8,2018-06-17,35,",,W",25.6,",,W"
USW00014819,"CHICAGO MIDWAY AIRPORT, IL US",41.78412,-87.75514,185.8,2018-06-18,35,",,W",20,",,W"
USW00014819,"CHICAGO MIDWAY AIRPORT, IL US",41.78412,-87.75514,185.8,2018-06-19,28.9,",,W",18.9,",,W"
USW00014819,"CHICAGO MIDWAY AIRPORT, IL US",41.78412,-87.75514,185.8,2018-06-20,26.1,",,W",18.9,",,W"
USW00014819,"CHICAGO MIDWAY AIRPORT, IL US",41.78412,-87.75514,185.8,2018-06-21,20,",,W",17.8,",,W"
USW00014819,"CHICAGO MIDWAY AIRPORT, IL US",41.78412,-87.75514,185.8,2018-06-22,18.3,",,W",16.1,",,W"
USW00014819,"CHICAGO MIDWAY AIRPORT, IL US",41.78412,-87.75514,185.8,2018-06-23,27.2,",,W",16.7,",,W"
USW00014819,"CHICAGO MIDWAY AIRPORT, IL US",41.78412,-87.75514,185.8,2018-06-24,27.8,",,W",18.3,",,W"
USW00014819,"CHICAGO MIDWAY AIRPORT, IL US",41.78412,-87.75514,185.8,2018-06-25,25.6,",,W",17.8,",,W"
USW00014819,"CHICAGO MIDWAY AIRPORT, IL US",41.78412,-87.75514,185.8,2018-06-26,29.4,",,W",19.4,",,W"
USW00014819,"CHICAGO MIDWAY AIRPORT, IL US",41.78412,-87.75514,185.8,2018-06-27,26.7,",,W",20.6,",,W"
USW00014819,"CHICAGO MIDWAY AIRPORT, IL US",41.78412,-87.75514,185.8,2018-06-28,30.6,",,W",18.9,",,W"
USW00014819,"CHICAGO MIDWAY AIRPORT, IL US",41.78412,-87.75514,185.8,2018-06-29,35,",,W",23.3,",,W"
USW00014819,"CHICAGO MIDWAY AIRPORT, IL US",41.78412,-87.75514,185.8,2018-06-30,35,",,W",26.1,",,W"
USW00014819,"CHICAGO MIDWAY AIRPORT, IL US",41.78412,-87.75514,185.8,2018-07-01,34.4,",,W",24.4,",,W"
USW00014819,"CHICAGO MIDWAY AIRPORT, IL US",41.78412,-87.75514,185.8,2018-07-02,27.2,",,W",21.1,",,W"
USW00014819,"CHICAGO MIDWAY AIRPORT, IL US",41.78412,-87.75514,185.8,2018-07-03,32.8,",,W",20,",,W"
USW00014819,"CHICAGO MIDWAY AIRPORT, IL US",41.78412,-87.75514,185.8,2018-07-04,33.3,",,W",23.9,",,W"
USW00014819,"CHICAGO MIDWAY AIRPORT, IL US",41.78412,-87.75514,185.8,2018-07-05,35,",,W",22.2,",,W"
USW00014819,"CHICAGO MIDWAY AIRPORT, IL US",41.78412,-87.75514,185.8,2018-07-06,25.6,",,W",18.3,",,W"
USW00014819,"CHICAGO MIDWAY AIRPORT, IL US",41.78412,-87.75514,185.8,2018-07-07,27.2,",,W",17.2,",,W"
USW00014819,"CHICAGO MIDWAY AIRPORT, IL US",41.78412,-87.75514,185.8,2018-07-08,31.1,",,W",18.3,",,W"
USW00014819,"CHICAGO MIDWAY AIRPORT, IL US",41.78412,-87.75514,185.8,2018-07-09,32.8,",,W",20,",,W"
USW00014819,"CHICAGO MIDWAY AIRPORT, IL US",41.78412,-87.75514,185.8,2018-07-10,30.6,",,W",23.3,",,W"
USW00014819,"CHICAGO MIDWAY AIRPORT, IL US",41.78412,-87.75514,185.8,2018-07-11,30,",,W",21.7,",,W"
USW00014819,"CHICAGO MIDWAY AIRPORT, IL US",41.78412,-87.75514,185.8,2018-07-12,30.6,",,W",22.2,",,W"
USW00014819,"CHICAGO MIDWAY AIRPORT, IL US",41.78412,-87.75514,185.8,2018-07-13,33.9,",,W",22.2,",,W"
USW00014819,"CHICAGO MIDWAY AIRPORT, IL US",41.78412,-87.75514,185.8,2018-07-14,26.7,",,W",22.8,",,W"
USW00014819,"CHICAGO MIDWAY AIRPORT, IL US",41.78412,-87.75514,185.8,2018-07-15,32.8,",,W",22.8,",,W"
USW00014819,"CHICAGO MIDWAY AIRPORT, IL US",41.78412,-87.75514,185.8,2018-07-16,33.9,",,W",23.3,",,W"
USW00014819,"CHICAGO MIDWAY AIRPORT, IL US",41.78412,-87.75514,185.8,2018-07-17,28.3,",,W",20.6,",,W"
USW00014819,"CHICAGO MIDWAY AIRPORT, IL US",41.78412,-87.75514,185.8,2018-07-18,26.1,",,W",17.8,",,W"
USW00014819,"CHICAGO MIDWAY AIRPORT, IL US",41.78412,-87.75514,185.8,2018-07-19,31.7,",,W",18.9,",,W"
USW00014819,"CHICAGO MIDWAY AIRPORT, IL US",41.78412,-87.75514,185.8,2018-07-20,26.7,",,W",21.1,",,W"
USW00014819,"CHICAGO MIDWAY AIRPORT, IL US",41.78412,-87.75514,185.8,2018-07-21,25.6,",,W",20.6,",,W"
USW00014819,"CHICAGO MIDWAY AIRPORT, IL US",41.78412,-87.75514,185.8,2018-07-22,25,",,W",20.6,",,W"
USW00014819,"CHICAGO MIDWAY AIRPORT, IL US",41.78412,-87.75514,185.8,2018-07-23,27.8,",,W",20,",,W"
USW00014819,"CHICAGO MIDWAY AIRPORT, IL US",41.78412,-87.75514,185.8,2018-07-24,28.9,",,W",19.4,",,W"
USW00014819,"CHICAGO MIDWAY AIRPORT, IL US",41.78412,-87.75514,185.8,2018-07-25,31.7,",,W",20,",,W"
USW00014819,"CHICAGO MIDWAY AIRPORT, IL US",41.78412,-87.75514,185.8,2018-07-26,27.8,",,W",19.4,",,W"
USW00014819,"CHICAGO MIDWAY AIRPORT, IL US",41.78412,-87.75514,185.8,2018-07-27,26.1,",,W",17.2,",,W"
USW00014819,"CHICAGO MIDWAY AIRPORT, IL US",41.78412,-87.75514,185.8,2018-07-28,27.8,",,W",16.1,",,W"
USW00014819,"CHICAGO MIDWAY AIRPORT, IL US",41.78412,-87.75514,185.8,2018-07-29,26.7,",,W",17.8,",,W"
USW00014819,"CHICAGO MIDWAY AIRPORT, IL US",41.78412,-87.75514,185.8,2018-07-30,27.2,",,W",17.2,",,W"
USW00014819,"CHICAGO MIDWAY AIRPORT, IL US",41.78412,-87.75514,185.8,2018-07-31,26.7,",,W",20,",,W"
USW00014819,"CHICAGO MIDWAY AIRPORT, IL US",41.78412,-87.75514,185.8,2018-08-01,30,",,W",17.2,",,W"
USW00014819,"CHICAGO MIDWAY AIRPORT, IL US",41.78412,-87.75514,185.8,2018-08-02,31.1,",,W",20.6,",,W"
USW00014819,"CHICAGO MIDWAY AIRPORT, IL US",41.78412,-87.75514,185.8,2018-08-03,31.1,",,W",18.3,",,W"
USW00014819,"CHICAGO MIDWAY AIRPORT, IL US",41.78412,-87.75514,185.8,2018-08-04,35.6,",,W",22.8,",,W"
USW00014819,"CHICAGO MIDWAY AIRPORT, IL US",41.78412,-87.75514,185.8,2018-08-05,35,",,W",24.4,",,W"
USW00014819,"CHICAGO MIDWAY AIRPORT, IL US",41.78412,-87.75514,185.8,2018-08-06,29.4,",,W",22.2,",,W"
USW00014819,"CHICAGO MIDWAY AIRPORT, IL US",41.78412,-87.75514,185.8,2018-08-07,29.4,",,W",21.1,",,W"
USW00014819,"CHICAGO MIDWAY AIRPORT, IL US",41.78412,-87.75514,185.8,2018-08-08,27.8,",,W",20.6,",,W"
USW00014819,"CHICAGO MIDWAY AIRPORT, IL US",41.78412,-87.75514,185.8,2018-08-09,32.8,",,W",20,",,W"
USW00014819,"CHICAGO MIDWAY AIRPORT, IL US",41.78412,-87.75514,185.8,2018-08-10,29.4,",,W",21.7,",,W"
USW00014819,"CHICAGO MIDWAY AIRPORT, IL US",41.78412,-87.75514,185.8,2018-08-11,31.7,",,W",20.6,",,W"
USW00014819,"CHICAGO MIDWAY AIRPORT, IL US",41.78412,-87.75514,185.8,2018-08-12,31.1,",,W",21.1,",,W"
USW00014819,"CHICAGO MIDWAY AIRPORT, IL US",41.78412,-87.75514,185.8,2018-08-13,31.7,",,W",19.4,",,W"
USW00014819,"CHICAGO MIDWAY AIRPORT, IL US",41.78412,-87.75514,185.8,2018-08-14,32.2,",,W",20.6,",,W"
USW00014819,"CHICAGO MIDWAY AIRPORT, IL US",41.78412,-87.75514,185.8,2018-08-15,30.6,",,W",22.8,",,W"
USW00014819,"CHICAGO MIDWAY AIRPORT, IL US",41.78412,-87.75514,185.8,2018-08-16,30,",,W",22.2,",,W"
USW00014819,"CHICAGO MIDWAY AIRPORT, IL US",41.78412,-87.75514,185.8,2018-08-17,29.4,",,W",20.6,",,W"
USW00014819,"CHICAGO MIDWAY AIRPORT, IL US",41.78412,-87.75514,185.8,2018-08-18,27.8,",,W",22.2,",,W"
USW00014819,"CHICAGO MIDWAY AIRPORT, IL US",41.78412,-87.75514,185.8,2018-08-19,29.4,",,W",20,",,W"
USW00014819,"CHICAGO MIDWAY AIRPORT, IL US",41.78412,-87.75514,185.8,2018-08-20,26.7,",,W",21.7,",,W"
USW00014819,"CHICAGO MIDWAY AIRPORT, IL US",41.78412,-87.75514,185.8,2018-08-21,26.7,",,W",20,",,W"
USW00014819,"CHICAGO MIDWAY AIRPORT, IL US",41.78412,-87.75514,185.8,2018-08-22,27.2,",,W",15.6,",,W"
USW00014819,"CHICAGO MIDWAY AIRPORT, IL US",41.78412,-87.75514,185.8,2018-08-23,27.2,",,W",15.6,",,W"
USW00014819,"CHICAGO MIDWAY AIRPORT, IL US",41.78412,-87.75514,185.8,2018-08-24,23.9,",,W",17.8,",,W"
USW00014819,"CHICAGO MIDWAY AIRPORT, IL US",41.78412,-87.75514,185.8,2018-08-25,31.1,",,W",18.9,",,W"
USW00014819,"CHICAGO MIDWAY AIRPORT, IL US",41.78412,-87.75514,185.8,2018-08-26,35,",,W",23.3,",,W"
USW00014819,"CHICAGO MIDWAY AIRPORT, IL US",41.78412,-87.75514,185.8,2018-08-27,35.6,",,W",25.6,",,W"
USW00014819,"CHICAGO MIDWAY AIRPORT, IL US",41.78412,-87.75514,185.8,2018-08-28,33.9,",,W",20.6,",,W"
USW00014819,"CHICAGO MIDWAY AIRPORT, IL US",41.78412,-87.75514,185.8,2018-08-29,25,",,W",18.9,",,W"
USW00014819,"CHICAGO MIDWAY AIRPORT, IL US",41.78412,-87.75514,185.8,2018-08-30,23.3,",,W",17.8,",,W"
USW00014819,"CHICAGO MIDWAY AIRPORT, IL US",41.78412,-87.75514,185.8,2018-08-31,30,",,W",16.7,",,W"
USW00014819,"CHICAGO MIDWAY AIRPORT, IL US",41.78412,-87.75514,185.8,2018-09-01,30.6,",,W",22.2,",,W"
USW00014819,"CHICAGO MIDWAY AIRPORT, IL US",41.78412,-87.75514,185.8,2018-09-02,33.3,",,W",23.3,",,W"
USW00014819,"CHICAGO MIDWAY AIRPORT, IL US",41.78412,-87.75514,185.8,2018-09-03,31.1,",,W",22.8,",,W"
USW00014819,"CHICAGO MIDWAY AIRPORT, IL US",41.78412,-87.75514,185.8,2018-09-04,33.9,",,W",22.2,",,W"
USW00014819,"CHICAGO MIDWAY AIRPORT, IL US",41.78412,-87.75514,185.8,2018-09-05,33.3,",,W",21.7,",,W"
USW00014819,"CHICAGO MIDWAY AIRPORT, IL US",41.78412,-87.75514,185.8,2018-09-06,22.2,",,W",20,",,W"
USW00014819,"CHICAGO MIDWAY AIRPORT, IL US",41.78412,-87.75514,185.8,2018-09-07,21.1,",,W",18.9,",,W"
USW00014819,"CHICAGO MIDWAY AIRPORT, IL US",41.78412,-87.75514,185.8,2018-09-08,20.6,",,W",17.2,",,W"
USW00014819,"CHICAGO MIDWAY AIRPORT, IL US",41.78412,-87.75514,185.8,2018-09-09,21.1,",,W",16.1,",,W"
USW00014819,"CHICAGO MIDWAY AIRPORT, IL US",41.78412,-87.75514,185.8,2018-09-10,23.3,",,W",16.1,",,W"
USW00014819,"CHICAGO MIDWAY AIRPORT, IL US",41.78412,-87.75514,185.8,2018-09-11,26.7,",,W",13.9,",,W"
USW00014819,"CHICAGO MIDWAY AIRPORT, IL US",41.78412,-87.75514,185.8,2018-09-12,27.8,",,W",13.9,",,W"
USW00014819,"CHICAGO MIDWAY AIRPORT, IL US",41.78412,-87.75514,185.8,2018-09-13,26.1,",,W",13.3,",,W"
USW00014819,"CHICAGO MIDWAY AIRPORT, IL US",41.78412,-87.75514,185.8,2018-09-14,29.4,",,W",16.7,",,W"
USW00014819,"CHICAGO MIDWAY AIRPORT, IL US",41.78412,-87.75514,185.8,2018-09-15,27.8,",,W",17.2,",,W"
USW00014819,"CHICAGO MIDWAY AIRPORT, IL US",41.78412,-87.75514,185.8,2018-09-16,30,",,W",19.4,",,W"
USW00014819,"CHICAGO MIDWAY AIRPORT, IL US",41.78412,-87.75514,185.8,2018-09-17,33.3,",,W",20.6,",,W"
USW00014819,"CHICAGO MIDWAY AIRPORT, IL US",41.78412,-87.75514,185.8,2018-09-18,27.8,",,W",20.6,",,W"
USW00014819,"CHICAGO MIDWAY AIRPORT, IL US",41.78412,-87.75514,185.8,2018-09-19,26.1,",,W",19.4,",,W"
USW00014819,"CHICAGO MIDWAY AIRPORT, IL US",41.78412,-87.75514,185.8,2018-09-20,35,",,W",20,",,W"
USW00014819,"CHICAGO MIDWAY AIRPORT, IL US",41.78412,-87.75514,185.8,2018-09-21,28.3,",,W",14.4,",,W"
USW00014819,"CHICAGO MIDWAY AIRPORT, IL US",41.78412,-87.75514,185.8,2018-09-22,17.8,",,W",13.3,",,W"
USW00014819,"CHICAGO MIDWAY AIRPORT, IL US",41.78412,-87.75514,185.8,2018-09-23,21.1,",,W",11.7,",,W"
USW00014819,"CHICAGO MIDWAY AIRPORT, IL US",41.78412,-87.75514,185.8,2018-09-24,22.2,",,W",14.4,",,W"
USW00014819,"CHICAGO MIDWAY AIRPORT, IL US",41.78412,-87.75514,185.8,2018-09-25,28.9,",,W",17.2,",,W"
USW00014819,"CHICAGO MIDWAY AIRPORT, IL US",41.78412,-87.75514,185.8,2018-09-26,20,",,W",10.6,",,W"
USW00014819,"CHICAGO MIDWAY AIRPORT, IL US",41.78412,-87.75514,185.8,2018-09-27,20.6,",,W",8.9,",,W"
USW00014819,"CHICAGO MIDWAY AIRPORT, IL US",41.78412,-87.75514,185.8,2018-09-28,16.7,",,W",8.3,",,W"
USW00014819,"CHICAGO MIDWAY AIRPORT, IL US",41.78412,-87.75514,185.8,2018-09-29,15.6,",,W",5.6,",,W"
USW00014819,"CHICAGO MIDWAY AIRPORT, IL US",41.78412,-87.75514,185.8,2018-09-30,20,",,W",12.2,",,W"
USW00014819,"CHICAGO MIDWAY AIRPORT, IL US",41.78412,-87.75514,185.8,2018-10-01,24.4,",,W",13.9,",,W"
USW00014819,"CHICAGO MIDWAY AIRPORT, IL US",41.78412,-87.75514,185.8,2018-10-02,20,",,W",15,",,W"
USW00014819,"CHICAGO MIDWAY AIRPORT, IL US",41.78412,-87.75514,185.8,2018-10-03,31.1,",,W",15.6,",,W"
USW00014819,"CHICAGO MIDWAY AIRPORT, IL US",41.78412,-87.75514,185.8,2018-10-04,26.7,",,W",11.7,",,W"
USW00014819,"CHICAGO MIDWAY AIRPORT, IL US",41.78412,-87.75514,185.8,2018-10-05,18.9,",,W",12.2,",,W"
USW00014819,"CHICAGO MIDWAY AIRPORT, IL US",41.78412,-87.75514,185.8,2018-10-06,22.8,",,W",14.4,",,W"
USW00014819,"CHICAGO MIDWAY AIRPORT, IL US",41.78412,-87.75514,185.8,2018-10-07,18.3,",,W",13.9,",,W"
USW00014819,"CHICAGO MIDWAY AIRPORT, IL US",41.78412,-87.75514,185.8,2018-10-08,29.4,",,W",18.3,",,W"
USW00014819,"CHICAGO MIDWAY AIRPORT, IL US",41.78412,-87.75514,185.8,2018-10-09,30,",,W",21.7,",,W"
USW00014819,"CHICAGO MIDWAY AIRPORT, IL US",41.78412,-87.75514,185.8,2018-10-10,23.9,",,W",11.1,",,W"
USW00014819,"CHICAGO MIDWAY AIRPORT, IL US",41.78412,-87.75514,185.8,2018-10-11,11.1,",,W",4.4,",,W"
USW00014819,"CHICAGO MIDWAY AIRPORT, IL US",41.78412,-87.75514,185.8,2018-10-12,5.6,",,W",2.2,",,W"
USW00014819,"CHICAGO MIDWAY AIRPORT, IL US",41.78412,-87.75514,185.8,2018-10-13,11.7,",,W",1.1,",,W"
USW00014819,"CHICAGO MIDWAY AIRPORT, IL US",41.78412,-87.75514,185.8,2018-10-14,14.4,",,W",4.4,",,W"
USW00014819,"CHICAGO MIDWAY AIRPORT, IL US",41.78412,-87.75514,185.8,2018-10-15,8.9,",,W",2.8,",,W"
USW00014819,"CHICAGO MIDWAY AIRPORT, IL US",41.78412,-87.75514,185.8,2018-10-16,14.4,",,W",1.1,",,W"
USW00014819,"CHICAGO MIDWAY AIRPORT, IL US",41.78412,-87.75514,185.8,2018-10-17,11.1,",,W",3.9,",,W"
USW00014819,"CHICAGO MIDWAY AIRPORT, IL US",41.78412,-87.75514,185.8,2018-10-18,14.4,",,W",1.1,",,W"
USW00014819,"CHICAGO MIDWAY AIRPORT, IL US",41.78412,-87.75514,185.8,2018-10-19,11.7,",,W",7.2,",,W"
USW00014819,"CHICAGO MIDWAY AIRPORT, IL US",41.78412,-87.75514,185.8,2018-10-20,11.7,",,W",0,",,W"
USW00014819,"CHICAGO MIDWAY AIRPORT, IL US",41.78412,-87.75514,185.8,2018-10-21,10,",,W",-2.1,",,W"
USW00014819,"CHICAGO MIDWAY AIRPORT, IL US",41.78412,-87.75514,185.8,2018-10-22,17.2,",,W",3.3,",,W"
USW00014819,"CHICAGO MIDWAY AIRPORT, IL US",41.78412,-87.75514,185.8,2018-10-23,11.7,",,W",4.4,",,W"
USW00014819,"CHICAGO MIDWAY AIRPORT, IL US",41.78412,-87.75514,185.8,2018-10-24,10.6,",,W",3.3,",,W"
USW00014819,"CHICAGO MIDWAY AIRPORT, IL US",41.78412,-87.75514,185.8,2018-10-25,11.1,",,W",3.3,",,W"
USW00014819,"CHICAGO MIDWAY AIRPORT, IL US",41.78412,-87.75514,185.8,2018-10-26,12.2,",,W",7.8,",,W"
USW00014819,"CHICAGO MIDWAY AIRPORT, IL US",41.78412,-87.75514,185.8,2018-10-27,11.7,",,W",6.1,",,W"
USW00014819,"CHICAGO MIDWAY AIRPORT, IL US",41.78412,-87.75514,185.8,2018-10-28,11.1,",,W",6.7,",,W"
USW00014819,"CHICAGO MIDWAY AIRPORT, IL US",41.78412,-87.75514,185.8,2018-10-29,13.9,",,W",3.9,",,W"
USW00014819,"CHICAGO MIDWAY AIRPORT, IL US",41.78412,-87.75514,185.8,2018-10-30,20.6,",,W",7.2,",,W"
USW00014819,"CHICAGO MIDWAY AIRPORT, IL US",41.78412,-87.75514,185.8,2018-10-31,15.6,",,W",9.4,",,W"
USW00014819,"CHICAGO MIDWAY AIRPORT, IL US",41.78412,-87.75514,185.8,2018-11-01,11.1,",,W",7.8,",,W"
USW00014819,"CHICAGO MIDWAY AIRPORT, IL US",41.78412,-87.75514,185.8,2018-11-02,10.6,",,W",3.3,",,W"
USW00014819,"CHICAGO MIDWAY AIRPORT, IL US",41.78412,-87.75514,185.8,2018-11-03,9.4,",,W",1.1,",,W"
USW00014819,"CHICAGO MIDWAY AIRPORT, IL US",41.78412,-87.75514,185.8,2018-11-04,11.7,",,W",7.8,",,W"
USW00014819,"CHICAGO MIDWAY AIRPORT, IL US",41.78412,-87.75514,185.8,2018-11-05,11.1,",,W",7.2,",,W"
USW00014819,"CHICAGO MIDWAY AIRPORT, IL US",41.78412,-87.75514,185.8,2018-11-06,10,",,W",3.3,",,W"
USW00014819,"CHICAGO MIDWAY AIRPORT, IL US",41.78412,-87.75514,185.8,2018-11-07,3.9,",,W",1.1,",,W"
USW00014819,"CHICAGO MIDWAY AIRPORT, IL US",41.78412,-87.75514,185.8,2018-11-08,5,",,W",0.6,",,W"
USW00014819,"CHICAGO MIDWAY AIRPORT, IL US",41.78412,-87.75514,185.8,2018-11-09,4.4,",,W",-6.6,",,W"
USW00014819,"CHICAGO MIDWAY AIRPORT, IL US",41.78412,-87.75514,185.8,2018-11-10,1.1,",,W",-6.6,",,W"
USW00014819,"CHICAGO MIDWAY AIRPORT, IL US",41.78412,-87.75514,185.8,2018-11-11,5.6,",,W",-1.6,",,W"
USW00014819,"CHICAGO MIDWAY AIRPORT, IL US",41.78412,-87.75514,185.8,2018-11-12,2.8,",,W",-3.8,",,W"
USW00014819,"CHICAGO MIDWAY AIRPORT, IL US",41.78412,-87.75514,185.8,2018-11-13,-1,",,W",-6.6,",,W"
USW00014819,"CHICAGO MIDWAY AIRPORT, IL US",41.78412,-87.75514,185.8,2018-11-14,2.2,",,W",-7.1,",,W"
USW00014819,"CHICAGO MIDWAY AIRPORT, IL US",41.78412,-87.75514,185.8,2018-11-15,1.7,",,W",-2.1,",,W"
USW00014819,"CHICAGO MIDWAY AIRPORT, IL US",41.78412,-87.75514,185.8,2018-11-16,5,",,W",-2.1,",,W"
USW00014819,"CHICAGO MIDWAY AIRPORT, IL US",41.78412,-87.75514,185.8,2018-11-17,2.8,",,W",0.6,",,W"
USW00014819,"CHICAGO MIDWAY AIRPORT, IL US",41.78412,-87.75514,185.8,2018-11-18,3.3,",,W",-3.8,",,W"
USW00014819,"CHICAGO MIDWAY AIRPORT, IL US",41.78412,-87.75514,185.8,2018-11-19,1.1,",,W",-4.9,",,W"
USW00014819,"CHICAGO MIDWAY AIRPORT, IL US",41.78412,-87.75514,185.8,2018-11-20,2.2,",,W",-1.6,",,W"
USW00014819,"CHICAGO MIDWAY AIRPORT, IL US",41.78412,-87.75514,185.8,2018-11-21,3.3,",,W",-1.6,",,W"
USW00014819,"CHICAGO MIDWAY AIRPORT, IL US",41.78412,-87.75514,185.8,2018-11-22,3.9,",,W",-0.5,",,W"
USW00014819,"CHICAGO MIDWAY AIRPORT, IL US",41.78412,-87.75514,185.8,2018-11-23,10.6,",,W",1.1,",,W"
USW00014819,"CHICAGO MIDWAY AIRPORT, IL US",41.78412,-87.75514,185.8,2018-11-24,9.4,",,W",3.9,",,W"
USW00014819,"CHICAGO MIDWAY AIRPORT, IL US",41.78412,-87.75514,185.8,2018-11-25,5,",,W",0.6,",,W"
USW00014819,"CHICAGO MIDWAY AIRPORT, IL US",41.78412,-87.75514,185.8,2018-11-26,1.1,",,W",-3.8,",,W"
USW00014819,"CHICAGO MIDWAY AIRPORT, IL US",41.78412,-87.75514,185.8,2018-11-27,-3.8,",,W",-6.6,",,W"
USW00014819,"CHICAGO MIDWAY AIRPORT, IL US",41.78412,-87.75514,185.8,2018-11-28,-2.1,",,W",-7.7,",,W"
USW00014819,"CHICAGO MIDWAY AIRPORT, IL US",41.78412,-87.75514,185.8,2018-11-29,2.8,",,W",-2.1,",,W"
USW00014819,"CHICAGO MIDWAY AIRPORT, IL US",41.78412,-87.75514,185.8,2018-11-30,6.1,",,W",0,",,W"
USW00014819,"CHICAGO MIDWAY AIRPORT, IL US",41.78412,-87.75514,185.8,2018-12-01,7.8,",,W",1.1,",,W"
USW00014819,"CHICAGO MIDWAY AIRPORT, IL US",41.78412,-87.75514,185.8,2018-12-02,8.9,",,W",2.2,",,W"
USW00014819,"CHICAGO MIDWAY AIRPORT, IL US",41.78412,-87.75514,185.8,2018-12-03,2.2,",,W",-1,",,W"
USW00014819,"CHICAGO MIDWAY AIRPORT, IL US",41.78412,-87.75514,185.8,2018-12-04,0,",,W",-2.1,",,W"
USW00014819,"CHICAGO MIDWAY AIRPORT, IL US",41.78412,-87.75514,185.8,2018-12-05,0.6,",,W",-3.8,",,W"
USW00014819,"CHICAGO MIDWAY AIRPORT, IL US",41.78412,-87.75514,185.8,2018-12-06,0.6,",,W",-6.6,",,W"
USW00014819,"CHICAGO MIDWAY AIRPORT, IL US",41.78412,-87.75514,185.8,2018-12-07,-2.7,",,W",-8.2,",,W"
USW00014819,"CHICAGO MIDWAY AIRPORT, IL US",41.78412,-87.75514,185.8,2018-12-08,-1,",,W",-7.1,",,W"
USW00014819,"CHICAGO MIDWAY AIRPORT, IL US",41.78412,-87.75514,185.8,2018-12-09,1.7,",,W",-7.7,",,W"
USW00014819,"CHICAGO MIDWAY AIRPORT, IL US",41.78412,-87.75514,185.8,2018-12-10,1.1,",,W",-8.2,",,W"
USW00014819,"CHICAGO MIDWAY AIRPORT, IL US",41.78412,-87.75514,185.8,2018-12-11,3.9,",,W",-3.2,",,W"
USW00014819,"CHICAGO MIDWAY AIRPORT, IL US",41.78412,-87.75514,185.8,2018-12-12,6.1,",,W",-1,",,W"
USW00014819,"CHICAGO MIDWAY AIRPORT, IL US",41.78412,-87.75514,185.8,2018-12-13,6.1,",,W",-3.2,",,W"
USW00014819,"CHICAGO MIDWAY AIRPORT, IL US",41.78412,-87.75514,185.8,2018-12-14,5.6,",,W",-5.5,",,W"
USW00014819,"CHICAGO MIDWAY AIRPORT, IL US",41.78412,-87.75514,185.8,2018-12-15,8.9,",,W",-0.5,",,W"
USW00014819,"CHICAGO MIDWAY AIRPORT, IL US",41.78412,-87.75514,185.8,2018-12-16,13.9,",,W",-1.6,",,W"
USW00014819,"CHICAGO MIDWAY AIRPORT, IL US",41.78412,-87.75514,185.8,2018-12-17,15.6,",,W",-3.8,",,W"
USW00014819,"CHICAGO MIDWAY AIRPORT, IL US",41.78412,-87.75514,185.8,2018-12-18,10.6,",,W",-5.5,",,W"
USW00014819,"CHICAGO MIDWAY AIRPORT, IL US",41.78412,-87.75514,185.8,2018-12-19,10,",,W",1.1,",,W"
USW00014819,"CHICAGO MIDWAY AIRPORT, IL US",41.78412,-87.75514,185.8,2018-12-20,9.4,",,W",3.9,",,W"
USW00014819,"CHICAGO MIDWAY AIRPORT, IL US",41.78412,-87.75514,185.8,2018-12-21,4.4,",,W",-0.5,",,W"
USW00014819,"CHICAGO MIDWAY AIRPORT, IL US",41.78412,-87.75514,185.8,2018-12-22,2.2,",,W",-1,",,W"
USW00014819,"CHICAGO MIDWAY AIRPORT, IL US",41.78412,-87.75514,185.8,2018-12-23,3.9,",,W",-1,",,W"
USW00014819,"CHICAGO MIDWAY AIRPORT, IL US",41.78412,-87.75514,185.8,2018-12-24,1.1,",,W",-4.3,",,W"
USW00014819,"CHICAGO MIDWAY AIRPORT, IL US",41.78412,-87.75514,185.8,2018-12-25,8.3,",,W",-1,",,W"
USW00014819,"CHICAGO MIDWAY AIRPORT, IL US",41.78412,-87.75514,185.8,2018-12-26,8.9,",,W",-1.6,",,W"
USW00014819,"CHICAGO MIDWAY AIRPORT, IL US",41.78412,-87.75514,185.8,2018-12-27,12.2,",,W",4.4,",,W"
USW00014819,"CHICAGO MIDWAY AIRPORT, IL US",41.78412,-87.75514,185.8,2018-12-28,12.2,",,W",-1.6,",,W"
USW00014819,"CHICAGO MIDWAY AIRPORT, IL US",41.78412,-87.75514,185.8,2018-12-29,-0.5,",,W",-4.3,",,W"
USW00014819,"CHICAGO MIDWAY AIRPORT, IL US",41.78412,-87.75514,185.8,2018-12-30,2.8,",,W",-6.6,",,W"
USW00014819,"CHICAGO MIDWAY AIRPORT, IL US",41.78412,-87.75514,185.8,2018-12-31,5,",,W",0.6,",,W"
USC00111550,"CHICAGO NORTHERLY ISLAND, IL US",41.8558,-87.6094,177.7,2019-01-01,2.2,",,7",-2.2,",,7"
USC00111550,"CHICAGO NORTHERLY ISLAND, IL US",41.8558,-87.6094,177.7,2019-01-02,-0.6,",,7",-2.2,",,7"
USC00111550,"CHICAGO NORTHERLY ISLAND, IL US",41.8558,-87.6094,177.7,2019-01-03,5,",,7",-3.3,",,7"
USC00111550,"CHICAGO NORTHERLY ISLAND, IL US",41.8558,-87.6094,177.7,2019-01-04,10,",,7",0.6,",,7"
USC00111550,"CHICAGO NORTHERLY ISLAND, IL US",41.8558,-87.6094,177.7,2019-01-05,12.2,",,7",1.1,",,7"
USC00111550,"CHICAGO NORTHERLY ISLAND, IL US",41.8558,-87.6094,177.7,2019-01-06,6.1,",,7",1.7,",,7"
USC00111550,"CHICAGO NORTHERLY ISLAND, IL US",41.8558,-87.6094,177.7,2019-01-07,12.2,",,7",2.8,",,7"
USC00111550,"CHICAGO NORTHERLY ISLAND, IL US",41.8558,-87.6094,177.7,2019-01-08,7.8,",,7",-3.3,",,7"
USC00111550,"CHICAGO NORTHERLY ISLAND, IL US",41.8558,-87.6094,177.7,2019-01-09,-2.8,",,7",-7.8,",,7"
USC00111550,"CHICAGO NORTHERLY ISLAND, IL US",41.8558,-87.6094,177.7,2019-01-10,-2.8,",,7",-8.3,",,7"
USC00111550,"CHICAGO NORTHERLY ISLAND, IL US",41.8558,-87.6094,177.7,2019-01-11,-0.6,",,7",-3.3,",,7"
USC00111550,"CHICAGO NORTHERLY ISLAND, IL US",41.8558,-87.6094,177.7,2019-01-12,-0.6,",,7",-2.2,",,7"
USC00111550,"CHICAGO NORTHERLY ISLAND, IL US",41.8558,-87.6094,177.7,2019-01-13,0,",,7",-2.2,",,7"
USC00111550,"CHICAGO NORTHERLY ISLAND, IL US",41.8558,-87.6094,177.7,2019-01-14,-1.7,",,7",-4.4,",,7"
USC00111550,"CHICAGO NORTHERLY ISLAND, IL US",41.8558,-87.6094,177.7,2019-01-15,0,",,7",-3.9,",,7"
USC00111550,"CHICAGO NORTHERLY ISLAND, IL US",41.8558,-87.6094,177.7,2019-01-16,1.7,",,7",-2.2,",,7"
USC00111550,"CHICAGO NORTHERLY ISLAND, IL US",41.8558,-87.6094,177.7,2019-01-17,1.1,",,7",-1.7,",,7"
USC00111550,"CHICAGO NORTHERLY ISLAND, IL US",41.8558,-87.6094,177.7,2019-01-18,0.6,",,7",-2.2,",,7"
USC00111550,"CHICAGO NORTHERLY ISLAND, IL US",41.8558,-87.6094,177.7,2019-01-20,-7.8,",,7",-11.1,",,7"
USC00111550,"CHICAGO NORTHERLY ISLAND, IL US",41.8558,-87.6094,177.7,2019-01-21,-8.9,",,7",-12.2,",,7"
USC00111550,"CHICAGO NORTHERLY ISLAND, IL US",41.8558,-87.6094,177.7,2019-01-22,1.7,",,7",-9.4,",,7"
USC00111550,"CHICAGO NORTHERLY ISLAND, IL US",41.8558,-87.6094,177.7,2019-01-23,1.7,",,7",-6.1,",,7"
USC00111550,"CHICAGO NORTHERLY ISLAND, IL US",41.8558,-87.6094,177.7,2019-01-24,-4.4,",,7",-15,",,7"
USC00111550,"CHICAGO NORTHERLY ISLAND, IL US",41.8558,-87.6094,177.7,2019-01-25,-12.8,",,7",-19.4,",,7"
USC00111550,"CHICAGO NORTHERLY ISLAND, IL US",41.8558,-87.6094,177.7,2019-01-26,-10,",,7",-17.8,",,7"
USC00111550,"CHICAGO NORTHERLY ISLAND, IL US",41.8558,-87.6094,177.7,2019-01-27,-10,",,7",-17.8,",,7"
USC00111550,"CHICAGO NORTHERLY ISLAND, IL US",41.8558,-87.6094,177.7,2019-01-28,1.7,",,7",-12.8,",,7"
USC00111550,"CHICAGO NORTHERLY ISLAND, IL US",41.8558,-87.6094,177.7,2019-01-29,-11.7,",,7",-22.2,",,7"
USC00111550,"CHICAGO NORTHERLY ISLAND, IL US",41.8558,-87.6094,177.7,2019-01-30,-21.7,",,7",-29.4,",,7"
USC00111550,"CHICAGO NORTHERLY ISLAND, IL US",41.8558,-87.6094,177.7,2019-01-31,-16.1,",,7",-27.2,",,7"
USC00111550,"CHICAGO NORTHERLY ISLAND, IL US",41.8558,-87.6094,177.7,2019-02-01,-7.8,",,7",-16.1,",,7"
USC00111550,"CHICAGO NORTHERLY ISLAND, IL US",41.8558,-87.6094,177.7,2019-02-02,5.6,",,7",-8.9,",,7"
USC00111550,"CHICAGO NORTHERLY ISLAND, IL US",41.8558,-87.6094,177.7,2019-02-03,10,",,7",4.4,",,7"
USC00111550,"CHICAGO NORTHERLY ISLAND, IL US",41.8558,-87.6094,177.7,2019-02-04,10.6,",,7",0,",,7"
USC00111550,"CHICAGO NORTHERLY ISLAND, IL US",41.8558,-87.6094,177.7,2019-02-05,0.6,",,7",-3.3,",,7"
USC00111550,"CHICAGO NORTHERLY ISLAND, IL US",41.8558,-87.6094,177.7,2019-02-06,2.8,",,7",0,",,7"
USC00111550,"CHICAGO NORTHERLY ISLAND, IL US",41.8558,-87.6094,177.7,2019-02-07,7.8,",,7",-12.2,",,7"
USC00111550,"CHICAGO NORTHERLY ISLAND, IL US",41.8558,-87.6094,177.7,2019-02-08,-10,",,7",-14.4,",,7"
USC00111550,"CHICAGO NORTHERLY ISLAND, IL US",41.8558,-87.6094,177.7,2019-02-11,-0.6,",,7",-2.8,",,7"
USC00111550,"CHICAGO NORTHERLY ISLAND, IL US",41.8558,-87.6094,177.7,2019-02-12,1.1,",,7",-6.1,",,7"
USC00111550,"CHICAGO NORTHERLY ISLAND, IL US",41.8558,-87.6094,177.7,2019-02-13,-1.1,",,7",-10,",,7"
USC00111550,"CHICAGO NORTHERLY ISLAND, IL US",41.8558,-87.6094,177.7,2019-02-14,7.8,",,7",-1.7,",,7"
USC00111550,"CHICAGO NORTHERLY ISLAND, IL US",41.8558,-87.6094,177.7,2019-02-15,1.1,",,7",-11.1,",,7"
USC00111550,"CHICAGO NORTHERLY ISLAND, IL US",41.8558,-87.6094,177.7,2019-02-16,-1.1,",,7",-7.8,",,7"
USC00111550,"CHICAGO NORTHERLY ISLAND, IL US",41.8558,-87.6094,177.7,2019-02-17,-2.2,",,7",-3.9,",,7"
USC00111550,"CHICAGO NORTHERLY ISLAND, IL US",41.8558,-87.6094,177.7,2019-02-18,-1.7,",,7",-5,",,7"
USC00111550,"CHICAGO NORTHERLY ISLAND, IL US",41.8558,-87.6094,177.7,2019-02-19,-1.1,",,7",-7.2,",,7"
USC00111550,"CHICAGO NORTHERLY ISLAND, IL US",41.8558,-87.6094,177.7,2019-02-20,2.8,",,7",-2.2,",,7"
USC00111550,"CHICAGO NORTHERLY ISLAND, IL US",41.8558,-87.6094,177.7,2019-02-21,1.7,",,7",-2.8,",,7"
USC00111550,"CHICAGO NORTHERLY ISLAND, IL US",41.8558,-87.6094,177.7,2019-02-22,1.7,",,7",-3.9,",,7"
USC00111550,"CHICAGO NORTHERLY ISLAND, IL US",41.8558,-87.6094,177.7,2019-02-23,9.4,",,7",0,",,7"
USC00111550,"CHICAGO NORTHERLY ISLAND, IL US",41.8558,-87.6094,177.7,2019-02-27,-1.1,",,7",-8.3,",,7"
USC00111550,"CHICAGO NORTHERLY ISLAND, IL US",41.8558,-87.6094,177.7,2019-02-28,-3.3,",,7",-8.9,",,7"
USC00111550,"CHICAGO NORTHERLY ISLAND, IL US",41.8558,-87.6094,177.7,2019-03-01,-0.6,",,7",-3.9,",,7"
USC00111550,"CHICAGO NORTHERLY ISLAND, IL US",41.8558,-87.6094,177.7,2019-03-02,0.6,",,7",-2.8,",,7"
USC00111550,"CHICAGO NORTHERLY ISLAND, IL US",41.8558,-87.6094,177.7,2019-03-07,-2.8,",,7",-6.7,",,7"
USC00111550,"CHICAGO NORTHERLY ISLAND, IL US",41.8558,-87.6094,177.7,2019-03-08,1.1,",,7",-3.9,",,7"
USC00111550,"CHICAGO NORTHERLY ISLAND, IL US",41.8558,-87.6094,177.7,2019-03-12,9.4,",,7",-1.7,",,7"
USC00111550,"CHICAGO NORTHERLY ISLAND, IL US",41.8558,-87.6094,177.7,2019-03-13,13.3,",,7",4.4,",,7"
USC00111550,"CHICAGO NORTHERLY ISLAND, IL US",41.8558,-87.6094,177.7,2019-03-14,16.7,",,7",4.4,",,7"
USC00111550,"CHICAGO NORTHERLY ISLAND, IL US",41.8558,-87.6094,177.7,2019-03-26,3.3,",,7",0,",,7"
USC00111550,"CHICAGO NORTHERLY ISLAND, IL US",41.8558,-87.6094,177.7,2019-03-27,13.9,",,7",0.6,",,7"
USC00111550,"CHICAGO NORTHERLY ISLAND, IL US",41.8558,-87.6094,177.7,2019-03-28,16.7,",,7",5,",,7"
USC00111550,"CHICAGO NORTHERLY ISLAND, IL US",41.8558,-87.6094,177.7,2019-03-29,6.7,",,7",2.8,",,7"
USC00111550,"CHICAGO NORTHERLY ISLAND, IL US",41.8558,-87.6094,177.7,2019-03-30,5.6,",,7",-1.1,",,7"
USC00111550,"CHICAGO NORTHERLY ISLAND, IL US",41.8558,-87.6094,177.7,2019-03-31,2.2,",,7",-3.3,",,7"
USC00111550,"CHICAGO NORTHERLY ISLAND, IL US",41.8558,-87.6094,177.7,2019-04-01,8.3,",,7",-2.2,",,7"
USC00111550,"CHICAGO NORTHERLY ISLAND, IL US",41.8558,-87.6094,177.7,2019-04-02,12.2,",,7",3.9,",,7"
USC00111550,"CHICAGO NORTHERLY ISLAND, IL US",41.8558,-87.6094,177.7,2019-04-03,13.9,",,7",4.4,",,7"
USC00111550,"CHICAGO NORTHERLY ISLAND, IL US",41.8558,-87.6094,177.7,2019-04-04,9.4,",,7",3.3,",,7"
USC00111550,"CHICAGO NORTHERLY ISLAND, IL US",41.8558,-87.6094,177.7,2019-04-05,6.1,",,7",3.3,",,7"
USC00111550,"CHICAGO NORTHERLY ISLAND, IL US",41.8558,-87.6094,177.7,2019-04-06,9.4,",,7",4.4,",,7"
USC00111550,"CHICAGO NORTHERLY ISLAND, IL US",41.8558,-87.6094,177.7,2019-04-07,20.6,",,7",7.8,",,7"
USC00111550,"CHICAGO NORTHERLY ISLAND, IL US",41.8558,-87.6094,177.7,2019-04-08,20.6,",,7",10,",,7"
USC00111550,"CHICAGO NORTHERLY ISLAND, IL US",41.8558,-87.6094,177.7,2019-04-09,18.3,",,7",3.9,",,7"
USC00111550,"CHICAGO NORTHERLY ISLAND, IL US",41.8558,-87.6094,177.7,2019-04-10,4.4,",,7",1.7,",,7"
USC00111550,"CHICAGO NORTHERLY ISLAND, IL US",41.8558,-87.6094,177.7,2019-04-11,11.7,",,7",3.3,",,7"
USC00111550,"CHICAGO NORTHERLY ISLAND, IL US",41.8558,-87.6094,177.7,2019-04-12,11.7,",,7",5,",,7"
USC00111550,"CHICAGO NORTHERLY ISLAND, IL US",41.8558,-87.6094,177.7,2019-04-13,11.7,",,7",3.3,",,7"
USC00111550,"CHICAGO NORTHERLY ISLAND, IL US",41.8558,-87.6094,177.7,2019-04-14,3.9,",,7",0,",,7"
USC00111550,"CHICAGO NORTHERLY ISLAND, IL US",41.8558,-87.6094,177.7,2019-04-15,11.7,",,7",1.1,",,7"
USC00111550,"CHICAGO NORTHERLY ISLAND, IL US",41.8558,-87.6094,177.7,2019-04-16,21.1,",,7",6.1,",,7"
USC00111550,"CHICAGO NORTHERLY ISLAND, IL US",41.8558,-87.6094,177.7,2019-04-17,23.9,",,7",6.1,",,7"
USC00111550,"CHICAGO NORTHERLY ISLAND, IL US",41.8558,-87.6094,177.7,2019-04-18,18.3,",,7",5,",,7"
USC00111550,"CHICAGO NORTHERLY ISLAND, IL US",41.8558,-87.6094,177.7,2019-04-19,6.7,",,7",3.9,",,7"
USC00111550,"CHICAGO NORTHERLY ISLAND, IL US",41.8558,-87.6094,177.7,2019-04-20,14.4,",,7",5,",,7"
USC00111550,"CHICAGO NORTHERLY ISLAND, IL US",41.8558,-87.6094,177.7,2019-04-21,23.3,",,7",7.2,",,7"
USC00111550,"CHICAGO NORTHERLY ISLAND, IL US",41.8558,-87.6094,177.7,2019-04-22,26.1,",,7",11.7,",,7"
USC00111550,"CHICAGO NORTHERLY ISLAND, IL US",41.8558,-87.6094,177.7,2019-04-23,19.4,",,7",6.1,",,7"
USC00111550,"CHICAGO NORTHERLY ISLAND, IL US",41.8558,-87.6094,177.7,2019-04-24,11.1,",,7",6.1,",,7"
USC00111550,"CHICAGO NORTHERLY ISLAND, IL US",41.8558,-87.6094,177.7,2019-04-25,12.2,",,7",7.2,",,7"
USC00111550,"CHICAGO NORTHERLY ISLAND, IL US",41.8558,-87.6094,177.7,2019-04-26,16.7,",,7",7.2,",,7"
USC00111550,"CHICAGO NORTHERLY ISLAND, IL US",41.8558,-87.6094,177.7,2019-04-27,7.8,",,7",0.6,",,7"
USC00111550,"CHICAGO NORTHERLY ISLAND, IL US",41.8558,-87.6094,177.7,2019-04-28,7.8,",,7",3.3,",,7"
USC00111550,"CHICAGO NORTHERLY ISLAND, IL US",41.8558,-87.6094,177.7,2019-04-29,11.1,",,7",6.1,",,7"
USC00111550,"CHICAGO NORTHERLY ISLAND, IL US",41.8558,-87.6094,177.7,2019-04-30,7.8,",,7",3.3,",,7"
USC00111550,"CHICAGO NORTHERLY ISLAND, IL US",41.8558,-87.6094,177.7,2019-05-01,15,",,7",5,",,7"
USC00111550,"CHICAGO NORTHERLY ISLAND, IL US",41.8558,-87.6094,177.7,2019-05-02,7.2,",,7",4.4,",,7"
USC00111550,"CHICAGO NORTHERLY ISLAND, IL US",41.8558,-87.6094,177.7,2019-05-03,8.9,",,7",5,",,7"
USC00111550,"CHICAGO NORTHERLY ISLAND, IL US",41.8558,-87.6094,177.7,2019-05-04,11.7,",,7",6.1,",,7"
USC00111550,"CHICAGO NORTHERLY ISLAND, IL US",41.8558,-87.6094,177.7,2019-05-05,21.7,",,7",8.3,",,7"
USC00111550,"CHICAGO NORTHERLY ISLAND, IL US",41.8558,-87.6094,177.7,2019-05-06,20.6,",,7",6.1,",,7"
USC00111550,"CHICAGO NORTHERLY ISLAND, IL US",41.8558,-87.6094,177.7,2019-05-07,7.8,",,7",5.6,",,7"
USC00111550,"CHICAGO NORTHERLY ISLAND, IL US",41.8558,-87.6094,177.7,2019-05-08,16.7,",,7",6.7,",,7"
USC00111550,"CHICAGO NORTHERLY ISLAND, IL US",41.8558,-87.6094,177.7,2019-05-09,20,",,7",8.9,",,7"
USC00111550,"CHICAGO NORTHERLY ISLAND, IL US",41.8558,-87.6094,177.7,2019-05-10,9.4,",,7",5.6,",,7"
USC00111550,"CHICAGO NORTHERLY ISLAND, IL US",41.8558,-87.6094,177.7,2019-05-11,10,",,7",6.1,",,7"
USC00111550,"CHICAGO NORTHERLY ISLAND, IL US",41.8558,-87.6094,177.7,2019-05-12,8.3,",,7",5.6,",,7"
USC00111550,"CHICAGO NORTHERLY ISLAND, IL US",41.8558,-87.6094,177.7,2019-05-13,11.1,",,7",6.7,",,7"
USC00111550,"CHICAGO NORTHERLY ISLAND, IL US",41.8558,-87.6094,177.7,2019-05-14,16.1,",,7",7.8,",,7"
USC00111550,"CHICAGO NORTHERLY ISLAND, IL US",41.8558,-87.6094,177.7,2019-05-15,24.4,",,7",11.1,",,7"
USC00111550,"CHICAGO NORTHERLY ISLAND, IL US",41.8558,-87.6094,177.7,2019-05-16,23.9,",,7",13.9,",,7"
USC00111550,"CHICAGO NORTHERLY ISLAND, IL US",41.8558,-87.6094,177.7,2019-05-17,20,",,7",6.1,",,7"
USC00111550,"CHICAGO NORTHERLY ISLAND, IL US",41.8558,-87.6094,177.7,2019-05-18,18.9,",,7",6.1,",,7"
USC00111550,"CHICAGO NORTHERLY ISLAND, IL US",41.8558,-87.6094,177.7,2019-05-19,22.8,",,7",7.8,",,7"
USC00111550,"CHICAGO NORTHERLY ISLAND, IL US",41.8558,-87.6094,177.7,2019-05-20,13.3,",,7",7.2,",,7"
USC00111550,"CHICAGO NORTHERLY ISLAND, IL US",41.8558,-87.6094,177.7,2019-05-21,11.7,",,7",7.2,",,7"
USC00111550,"CHICAGO NORTHERLY ISLAND, IL US",41.8558,-87.6094,177.7,2019-05-22,27.2,",,7",10,",,7"
USC00111550,"CHICAGO NORTHERLY ISLAND, IL US",41.8558,-87.6094,177.7,2019-05-23,23.9,",,7",13.3,",,7"
USC00111550,"CHICAGO NORTHERLY ISLAND, IL US",41.8558,-87.6094,177.7,2019-05-24,25,",,7",11.1,",,7"
USC00111550,"CHICAGO NORTHERLY ISLAND, IL US",41.8558,-87.6094,177.7,2019-05-25,27.2,",,7",21.1,",,7"
USC00111550,"CHICAGO NORTHERLY ISLAND, IL US",41.8558,-87.6094,177.7,2019-05-26,23.3,",,7",10.6,",,7"
USC00111550,"CHICAGO NORTHERLY ISLAND, IL US",41.8558,-87.6094,177.7,2019-05-27,21.7,",,7",11.1,",,7"
USC00111550,"CHICAGO NORTHERLY ISLAND, IL US",41.8558,-87.6094,177.7,2019-05-28,21.7,",,7",8.3,",,7"
USC00111550,"CHICAGO NORTHERLY ISLAND, IL US",41.8558,-87.6094,177.7,2019-05-29,15.6,",,7",9.4,",,7"
USC00111550,"CHICAGO NORTHERLY ISLAND, IL US",41.8558,-87.6094,177.7,2019-05-30,19.4,",,7",13.3,",,7"
USC00111550,"CHICAGO NORTHERLY ISLAND, IL US",41.8558,-87.6094,177.7,2019-05-31,27.2,",,7",16.7,",,7"
USC00111550,"CHICAGO NORTHERLY ISLAND, IL US",41.8558,-87.6094,177.7,2019-06-01,23.3,",,7",10.6,",,7"
USC00111550,"CHICAGO NORTHERLY ISLAND, IL US",41.8558,-87.6094,177.7,2019-06-02,16.1,",,7",10,",,7"
USC00111550,"CHICAGO NORTHERLY ISLAND, IL US",41.8558,-87.6094,177.7,2019-06-03,13.9,",,7",9.4,",,7"
USC00111550,"CHICAGO NORTHERLY ISLAND, IL US",41.8558,-87.6094,177.7,2019-06-04,27.8,",,7",12.8,",,7"
USC00111550,"CHICAGO NORTHERLY ISLAND, IL US",41.8558,-87.6094,177.7,2019-06-05,27.2,",,7",12.2,",,7"
USC00111550,"CHICAGO NORTHERLY ISLAND, IL US",41.8558,-87.6094,177.7,2019-06-06,15,",,7",11.1,",,7"
USC00111550,"CHICAGO NORTHERLY ISLAND, IL US",41.8558,-87.6094,177.7,2019-06-07,18.9,",,7",11.7,",,7"
USC00111550,"CHICAGO NORTHERLY ISLAND, IL US",41.8558,-87.6094,177.7,2019-06-08,18.9,",,7",14.4,",,7"
USC00111550,"CHICAGO NORTHERLY ISLAND, IL US",41.8558,-87.6094,177.7,2019-06-09,18.9,",,7",15,",,7"
USC00111550,"CHICAGO NORTHERLY ISLAND, IL US",41.8558,-87.6094,177.7,2019-06-10,19.4,",,7",15,",,7"
USC00111550,"CHICAGO NORTHERLY ISLAND, IL US",41.8558,-87.6094,177.7,2019-06-11,25,",,7",15.6,",,7"
USC00111550,"CHICAGO NORTHERLY ISLAND, IL US",41.8558,-87.6094,177.7,2019-06-12,22.8,",,7",13.9,",,7"
USC00111550,"CHICAGO NORTHERLY ISLAND, IL US",41.8558,-87.6094,177.7,2019-06-13,17.2,",,7",10.6,",,7"
USC00111550,"CHICAGO NORTHERLY ISLAND, IL US",41.8558,-87.6094,177.7,2019-06-14,26.1,",,7",12.2,",,7"
USC00111550,"CHICAGO NORTHERLY ISLAND, IL US",41.8558,-87.6094,177.7,2019-06-15,20.6,",,7",11.7,",,7"
USC00111550,"CHICAGO NORTHERLY ISLAND, IL US",41.8558,-87.6094,177.7,2019-06-16,15.6,",,7",11.7,",,7"
USC00111550,"CHICAGO NORTHERLY ISLAND, IL US",41.8558,-87.6094,177.7,2019-06-17,15,",,7",11.7,",,7"
USC00111550,"CHICAGO NORTHERLY ISLAND, IL US",41.8558,-87.6094,177.7,2019-06-18,17.2,",,7",12.2,",,7"
USC00111550,"CHICAGO NORTHERLY ISLAND, IL US",41.8558,-87.6094,177.7,2019-06-19,17.2,",,7",11.7,",,7"
USC00111550,"CHICAGO NORTHERLY ISLAND, IL US",41.8558,-87.6094,177.7,2019-06-20,18.3,",,7",12.2,",,7"
USC00111550,"CHICAGO NORTHERLY ISLAND, IL US",41.8558,-87.6094,177.7,2019-06-21,19.4,",,7",13.3,",,7"
USC00111550,"CHICAGO NORTHERLY ISLAND, IL US",41.8558,-87.6094,177.7,2019-06-22,19.4,",,7",13.9,",,7"
USC00111550,"CHICAGO NORTHERLY ISLAND, IL US",41.8558,-87.6094,177.7,2019-06-23,25.6,",,7",15,",,7"
USC00111550,"CHICAGO NORTHERLY ISLAND, IL US",41.8558,-87.6094,177.7,2019-06-24,25,",,7",20,",,7"
USC00111550,"CHICAGO NORTHERLY ISLAND, IL US",41.8558,-87.6094,177.7,2019-06-25,29.4,",,7",17.2,",,7"
USC00111550,"CHICAGO NORTHERLY ISLAND, IL US",41.8558,-87.6094,177.7,2019-06-26,27.8,",,7",18.3,",,7"
USC00111550,"CHICAGO NORTHERLY ISLAND, IL US",41.8558,-87.6094,177.7,2019-06-27,25.6,",,7",17.8,",,7"
USC00111550,"CHICAGO NORTHERLY ISLAND, IL US",41.8558,-87.6094,177.7,2019-06-28,30,",,7",17.8,",,7"
USC00111550,"CHICAGO NORTHERLY ISLAND, IL US",41.8558,-87.6094,177.7,2019-06-29,24.4,",,7",17.8,",,7"
USC00111550,"CHICAGO NORTHERLY ISLAND, IL US",41.8558,-87.6094,177.7,2019-06-30,25,",,7",19.4,",,7"
USC00111550,"CHICAGO NORTHERLY ISLAND, IL US",41.8558,-87.6094,177.7,2019-07-01,27.8,",,7",20.6,",,7"
USC00111550,"CHICAGO NORTHERLY ISLAND, IL US",41.8558,-87.6094,177.7,2019-07-02,32.8,",,7",20,",,7"
USC00111550,"CHICAGO NORTHERLY ISLAND, IL US",41.8558,-87.6094,177.7,2019-07-03,24.4,",,7",19.4,",,7"
USC00111550,"CHICAGO NORTHERLY ISLAND, IL US",41.8558,-87.6094,177.7,2019-07-04,31.7,",,7",19.4,",,7"
USC00111550,"CHICAGO NORTHERLY ISLAND, IL US",41.8558,-87.6094,177.7,2019-07-05,32.2,",,7",21.7,",,7"
USC00111550,"CHICAGO NORTHERLY ISLAND, IL US",41.8558,-87.6094,177.7,2019-07-06,24.4,",,7",18.3,",,7"
USC00111550,"CHICAGO NORTHERLY ISLAND, IL US",41.8558,-87.6094,177.7,2019-07-07,21.1,",,7",17.2,",,7"
USC00111550,"CHICAGO NORTHERLY ISLAND, IL US",41.8558,-87.6094,177.7,2019-07-08,22.8,",,7",17.2,",,7"
USC00111550,"CHICAGO NORTHERLY ISLAND, IL US",41.8558,-87.6094,177.7,2019-07-09,25.6,",,7",18.3,",,7"
USC00111550,"CHICAGO NORTHERLY ISLAND, IL US",41.8558,-87.6094,177.7,2019-07-10,34.4,",,7",24.4,",,7"
USC00111550,"CHICAGO NORTHERLY ISLAND, IL US",41.8558,-87.6094,177.7,2019-07-11,25,",,7",17.8,",,7"
USC00111550,"CHICAGO NORTHERLY ISLAND, IL US",41.8558,-87.6094,177.7,2019-07-12,28.9,",,7",17.2,",,7"
USC00111550,"CHICAGO NORTHERLY ISLAND, IL US",41.8558,-87.6094,177.7,2019-07-13,32.8,",,7",21.7,",,7"
USC00111550,"CHICAGO NORTHERLY ISLAND, IL US",41.8558,-87.6094,177.7,2019-07-14,26.1,",,7",20.6,",,7"
USC00111550,"CHICAGO NORTHERLY ISLAND, IL US",41.8558,-87.6094,177.7,2019-07-15,32.2,",,7",22.2,",,7"
USC00111550,"CHICAGO NORTHERLY ISLAND, IL US",41.8558,-87.6094,177.7,2019-07-16,27.8,",,7",20.6,",,7"
USC00111550,"CHICAGO NORTHERLY ISLAND, IL US",41.8558,-87.6094,177.7,2019-07-17,28.3,",,7",21.1,",,7"
USC00111550,"CHICAGO NORTHERLY ISLAND, IL US",41.8558,-87.6094,177.7,2019-07-18,30.6,",,7",20.6,",,7"
USC00111550,"CHICAGO NORTHERLY ISLAND, IL US",41.8558,-87.6094,177.7,2019-07-19,33.9,",,7",26.7,",,7"
USC00111550,"CHICAGO NORTHERLY ISLAND, IL US",41.8558,-87.6094,177.7,2019-07-20,35,",,7",20.6,",,7"
USC00111550,"CHICAGO NORTHERLY ISLAND, IL US",41.8558,-87.6094,177.7,2019-07-21,22.8,",,7",18.9,",,7"
USC00111550,"CHICAGO NORTHERLY ISLAND, IL US",41.8558,-87.6094,177.7,2019-07-22,22.2,",,7",18.3,",,7"
USC00111550,"CHICAGO NORTHERLY ISLAND, IL US",41.8558,-87.6094,177.7,2019-07-23,24.4,",,7",18.3,",,7"
USC00111550,"CHICAGO NORTHERLY ISLAND, IL US",41.8558,-87.6094,177.7,2019-07-24,23.3,",,7",18.3,",,7"
USC00111550,"CHICAGO NORTHERLY ISLAND, IL US",41.8558,-87.6094,177.7,2019-07-25,26.7,",,7",18.9,",,7"
USC00111550,"CHICAGO NORTHERLY ISLAND, IL US",41.8558,-87.6094,177.7,2019-07-26,28.9,",,7",20.6,",,7"
USC00111550,"CHICAGO NORTHERLY ISLAND, IL US",41.8558,-87.6094,177.7,2019-07-27,31.1,",,7",22.2,",,7"
USC00111550,"CHICAGO NORTHERLY ISLAND, IL US",41.8558,-87.6094,177.7,2019-07-28,31.7,",,7",22.8,",,7"
USC00111550,"CHICAGO NORTHERLY ISLAND, IL US",41.8558,-87.6094,177.7,2019-07-29,27.2,",,7",21.7,",,7"
USC00111550,"CHICAGO NORTHERLY ISLAND, IL US",41.8558,-87.6094,177.7,2019-07-30,23.3,",,7",18.9,",,7"
USC00111550,"CHICAGO NORTHERLY ISLAND, IL US",41.8558,-87.6094,177.7,2019-07-31,22.8,",,7",18.3,",,7"
USC00111550,"CHICAGO NORTHERLY ISLAND, IL US",41.8558,-87.6094,177.7,2019-08-01,24.4,",,7",18.9,",,7"
USC00111550,"CHICAGO NORTHERLY ISLAND, IL US",41.8558,-87.6094,177.7,2019-08-02,25,",,7",19.4,",,7"
USC00111550,"CHICAGO NORTHERLY ISLAND, IL US",41.8558,-87.6094,177.7,2019-08-06,27.2,",,7",20.6,",,7"
USC00111550,"CHICAGO NORTHERLY ISLAND, IL US",41.8558,-87.6094,177.7,2019-08-07,30,",,7",21.1,",,7"
USC00111550,"CHICAGO NORTHERLY ISLAND, IL US",41.8558,-87.6094,177.7,2019-08-08,28.9,",,7",21.1,",,7"
USC00111550,"CHICAGO NORTHERLY ISLAND, IL US",41.8558,-87.6094,177.7,2019-08-09,25.6,",,7",19.4,",,7"
USC00111550,"CHICAGO NORTHERLY ISLAND, IL US",41.8558,-87.6094,177.7,2019-08-10,26.7,",,7",20.6,",,7"
USC00111550,"CHICAGO NORTHERLY ISLAND, IL US",41.8558,-87.6094,177.7,2019-08-11,28.3,",,7",20.6,",,7"
USC00111550,"CHICAGO NORTHERLY ISLAND, IL US",41.8558,-87.6094,177.7,2019-08-12,26.7,",,7",21.1,",,7"
USC00111550,"CHICAGO NORTHERLY ISLAND, IL US",41.8558,-87.6094,177.7,2019-08-13,26.7,",,7",21.7,",,7"
USC00111550,"CHICAGO NORTHERLY ISLAND, IL US",41.8558,-87.6094,177.7,2019-08-14,27.2,",,7",20.6,",,7"
USC00111550,"CHICAGO NORTHERLY ISLAND, IL US",41.8558,-87.6094,177.7,2019-08-15,25,",,7",19.4,",,7"
USC00111550,"CHICAGO NORTHERLY ISLAND, IL US",41.8558,-87.6094,177.7,2019-08-16,28.9,",,7",18.3,",,7"
USC00111550,"CHICAGO NORTHERLY ISLAND, IL US",41.8558,-87.6094,177.7,2019-08-17,26.1,",,7",21.7,",,7"
USC00111550,"CHICAGO NORTHERLY ISLAND, IL US",41.8558,-87.6094,177.7,2019-08-18,28.3,",,7",19.4,",,7"
USC00111550,"CHICAGO NORTHERLY ISLAND, IL US",41.8558,-87.6094,177.7,2019-08-19,26.1,",,7",21.7,",,7"
USC00111550,"CHICAGO NORTHERLY ISLAND, IL US",41.8558,-87.6094,177.7,2019-08-20,25.6,",,7",21.7,",,7"
USC00111550,"CHICAGO NORTHERLY ISLAND, IL US",41.8558,-87.6094,177.7,2019-08-21,28.3,",,7",20.6,",,7"
USC00111550,"CHICAGO NORTHERLY ISLAND, IL US",41.8558,-87.6094,177.7,2019-08-22,24.4,",,7",20.6,",,7"
USC00111550,"CHICAGO NORTHERLY ISLAND, IL US",41.8558,-87.6094,177.7,2019-08-23,22.8,",,7",18.9,",,7"
USC00111550,"CHICAGO NORTHERLY ISLAND, IL US",41.8558,-87.6094,177.7,2019-08-24,22.2,",,7",18.9,",,7"
USC00111550,"CHICAGO NORTHERLY ISLAND, IL US",41.8558,-87.6094,177.7,2019-08-25,23.3,",,7",18.3,",,7"
USC00111550,"CHICAGO NORTHERLY ISLAND, IL US",41.8558,-87.6094,177.7,2019-08-26,23.9,",,7",18.9,",,7"
USC00111550,"CHICAGO NORTHERLY ISLAND, IL US",41.8558,-87.6094,177.7,2019-08-27,27.2,",,7",19.4,",,7"
USC00111550,"CHICAGO NORTHERLY ISLAND, IL US",41.8558,-87.6094,177.7,2019-08-28,24.4,",,7",17.2,",,7"
USC00111550,"CHICAGO NORTHERLY ISLAND, IL US",41.8558,-87.6094,177.7,2019-08-29,29.4,",,7",16.7,",,7"
USC00111550,"CHICAGO NORTHERLY ISLAND, IL US",41.8558,-87.6094,177.7,2019-08-30,21.7,",,7",17.2,",,7"
USC00111550,"CHICAGO NORTHERLY ISLAND, IL US",41.8558,-87.6094,177.7,2019-08-31,22.2,",,7",17.8,",,7"
USC00111550,"CHICAGO NORTHERLY ISLAND, IL US",41.8558,-87.6094,177.7,2019-09-01,21.1,",,7",16.7,",,7"
USC00111550,"CHICAGO NORTHERLY ISLAND, IL US",41.8558,-87.6094,177.7,2019-09-02,26.1,",,7",16.7,",,7"
USC00111550,"CHICAGO NORTHERLY ISLAND, IL US",41.8558,-87.6094,177.7,2019-09-03,27.2,",,7",18.9,",,7"
USC00111550,"CHICAGO NORTHERLY ISLAND, IL US",41.8558,-87.6094,177.7,2019-09-04,21.1,",,7",16.1,",,7"
USC00111550,"CHICAGO NORTHERLY ISLAND, IL US",41.8558,-87.6094,177.7,2019-09-05,20.6,",,7",15,",,7"
USC00111550,"CHICAGO NORTHERLY ISLAND, IL US",41.8558,-87.6094,177.7,2019-09-06,22.2,",,7",17.8,",,7"
USC00111550,"CHICAGO NORTHERLY ISLAND, IL US",41.8558,-87.6094,177.7,2019-09-07,25.6,",,7",15.6,",,7"
USC00111550,"CHICAGO NORTHERLY ISLAND, IL US",41.8558,-87.6094,177.7,2019-09-08,18.9,",,7",16.1,",,7"
USC00111550,"CHICAGO NORTHERLY ISLAND, IL US",41.8558,-87.6094,177.7,2019-09-09,22.8,",,7",16.7,",,7"
USC00111550,"CHICAGO NORTHERLY ISLAND, IL US",41.8558,-87.6094,177.7,2019-09-10,32.2,",,7",20,",,7"
USC00111550,"CHICAGO NORTHERLY ISLAND, IL US",41.8558,-87.6094,177.7,2019-09-11,32.2,",,7",18.9,",,7"
USC00111550,"CHICAGO NORTHERLY ISLAND, IL US",41.8558,-87.6094,177.7,2019-09-12,24.4,",,7",17.8,",,7"
USC00111550,"CHICAGO NORTHERLY ISLAND, IL US",41.8558,-87.6094,177.7,2019-09-13,25,",,7",17.8,",,7"
USC00111550,"CHICAGO NORTHERLY ISLAND, IL US",41.8558,-87.6094,177.7,2019-09-14,27.2,",,7",15.6,",,7"
USC00111550,"CHICAGO NORTHERLY ISLAND, IL US",41.8558,-87.6094,177.7,2019-09-15,26.1,",,7",17.2,",,7"
USC00111550,"CHICAGO NORTHERLY ISLAND, IL US",41.8558,-87.6094,177.7,2019-09-16,22.2,",,7",18.3,",,7"
USC00111550,"CHICAGO NORTHERLY ISLAND, IL US",41.8558,-87.6094,177.7,2019-09-17,22.2,",,7",17.8,",,7"
USC00111550,"CHICAGO NORTHERLY ISLAND, IL US",41.8558,-87.6094,177.7,2019-09-18,23.3,",,7",16.7,",,7"
USC00111550,"CHICAGO NORTHERLY ISLAND, IL US",41.8558,-87.6094,177.7,2019-09-19,27.8,",,7",17.8,",,7"
USC00111550,"CHICAGO NORTHERLY ISLAND, IL US",41.8558,-87.6094,177.7,2019-09-20,27.2,",,7",18.9,",,7"
USC00111550,"CHICAGO NORTHERLY ISLAND, IL US",41.8558,-87.6094,177.7,2019-09-21,26.7,",,7",21.1,",,7"
USC00111550,"CHICAGO NORTHERLY ISLAND, IL US",41.8558,-87.6094,177.7,2019-09-22,25.6,",,7",19.4,",,7"
USC00111550,"CHICAGO NORTHERLY ISLAND, IL US",41.8558,-87.6094,177.7,2019-09-23,23.3,",,7",16.7,",,7"
USC00111550,"CHICAGO NORTHERLY ISLAND, IL US",41.8558,-87.6094,177.7,2019-09-24,26.1,",,7",16.1,",,7"
USC00111550,"CHICAGO NORTHERLY ISLAND, IL US",41.8558,-87.6094,177.7,2019-09-25,26.1,",,7",18.3,",,7"
USC00111550,"CHICAGO NORTHERLY ISLAND, IL US",41.8558,-87.6094,177.7,2019-09-26,22.8,",,7",13.9,",,7"
USC00111550,"CHICAGO NORTHERLY ISLAND, IL US",41.8558,-87.6094,177.7,2019-09-27,20.6,",,7",13.9,",,7"
USC00111550,"CHICAGO NORTHERLY ISLAND, IL US",41.8558,-87.6094,177.7,2019-09-28,19.4,",,7",13.9,",,7"
USC00111550,"CHICAGO NORTHERLY ISLAND, IL US",41.8558,-87.6094,177.7,2019-09-29,17.8,",,7",14.4,",,7"
USC00111550,"CHICAGO NORTHERLY ISLAND, IL US",41.8558,-87.6094,177.7,2019-09-30,30,",,7",15.6,",,7"
USC00111550,"CHICAGO NORTHERLY ISLAND, IL US",41.8558,-87.6094,177.7,2019-10-01,30.6,",,7",17.8,",,7"
USC00111550,"CHICAGO NORTHERLY ISLAND, IL US",41.8558,-87.6094,177.7,2019-10-02,18.9,",,7",13.9,",,7"
USC00111550,"CHICAGO NORTHERLY ISLAND, IL US",41.8558,-87.6094,177.7,2019-10-03,19.4,",,7",11.7,",,7"
USC00111550,"CHICAGO NORTHERLY ISLAND, IL US",41.8558,-87.6094,177.7,2019-10-04,15.6,",,7",10,",,7"
USC00111550,"CHICAGO NORTHERLY ISLAND, IL US",41.8558,-87.6094,177.7,2019-10-05,17.2,",,7",10,",,7"
USC00111550,"CHICAGO NORTHERLY ISLAND, IL US",41.8558,-87.6094,177.7,2019-10-06,20.6,",,7",11.7,",,7"
USC00111550,"CHICAGO NORTHERLY ISLAND, IL US",41.8558,-87.6094,177.7,2019-10-07,21.1,",,7",11.1,",,7"
USC00111550,"CHICAGO NORTHERLY ISLAND, IL US",41.8558,-87.6094,177.7,2019-10-08,18.9,",,7",11.1,",,7"
USC00111550,"CHICAGO NORTHERLY ISLAND, IL US",41.8558,-87.6094,177.7,2019-10-09,17.8,",,7",11.7,",,7"
USC00111550,"CHICAGO NORTHERLY ISLAND, IL US",41.8558,-87.6094,177.7,2019-10-10,19.4,",,7",10,",,7"
USC00111550,"CHICAGO NORTHERLY ISLAND, IL US",41.8558,-87.6094,177.7,2019-10-11,20,",,7",4.4,",,7"
USC00111550,"CHICAGO NORTHERLY ISLAND, IL US",41.8558,-87.6094,177.7,2019-10-12,12.8,",,7",2.8,",,7"
USC00111550,"CHICAGO NORTHERLY ISLAND, IL US",41.8558,-87.6094,177.7,2019-10-13,12.2,",,7",5,",,7"
USC00111550,"CHICAGO NORTHERLY ISLAND, IL US",41.8558,-87.6094,177.7,2019-10-14,12.8,",,7",4.4,",,7"
USC00111550,"CHICAGO NORTHERLY ISLAND, IL US",41.8558,-87.6094,177.7,2019-10-15,18.3,",,7",7.8,",,7"
USC00111550,"CHICAGO NORTHERLY ISLAND, IL US",41.8558,-87.6094,177.7,2019-10-16,11.1,",,7",7.8,",,7"
USC00111550,"CHICAGO NORTHERLY ISLAND, IL US",41.8558,-87.6094,177.7,2019-10-17,11.7,",,7",7.2,",,7"
USC00111550,"CHICAGO NORTHERLY ISLAND, IL US",41.8558,-87.6094,177.7,2019-10-18,15.6,",,7",2.2,",,7"
USC00111550,"CHICAGO NORTHERLY ISLAND, IL US",41.8558,-87.6094,177.7,2019-10-19,20.6,",,7",7.8,",,7"
USC00111550,"CHICAGO NORTHERLY ISLAND, IL US",41.8558,-87.6094,177.7,2019-10-20,15,",,7",9.4,",,7"
USC00111550,"CHICAGO NORTHERLY ISLAND, IL US",41.8558,-87.6094,177.7,2019-10-21,19.4,",,7",10.6,",,7"
USC00111550,"CHICAGO NORTHERLY ISLAND, IL US",41.8558,-87.6094,177.7,2019-10-22,11.7,",,7",7.8,",,7"
USC00111550,"CHICAGO NORTHERLY ISLAND, IL US",41.8558,-87.6094,177.7,2019-10-23,15.6,",,7",5,",,7"
USC00111550,"CHICAGO NORTHERLY ISLAND, IL US",41.8558,-87.6094,177.7,2019-10-24,9.4,",,7",6.7,",,7"
USC00111550,"CHICAGO NORTHERLY ISLAND, IL US",41.8558,-87.6094,177.7,2019-10-25,9.4,",,7",6.1,",,7"
USC00111550,"CHICAGO NORTHERLY ISLAND, IL US",41.8558,-87.6094,177.7,2019-10-26,10,",,7",5.6,",,7"
USC00111550,"CHICAGO NORTHERLY ISLAND, IL US",41.8558,-87.6094,177.7,2019-10-27,15,",,7",7.2,",,7"
USC00111550,"CHICAGO NORTHERLY ISLAND, IL US",41.8558,-87.6094,177.7,2019-10-28,10.6,",,7",7.2,",,7"
USC00111550,"CHICAGO NORTHERLY ISLAND, IL US",41.8558,-87.6094,177.7,2019-10-29,8.3,",,7",3.3,",,7"
USC00111550,"CHICAGO NORTHERLY ISLAND, IL US",41.8558,-87.6094,177.7,2019-10-30,6.1,",,7",2.2,",,7"
USC00111550,"CHICAGO NORTHERLY ISLAND, IL US",41.8558,-87.6094,177.7,2019-10-31,5,",,7",-2.2,",,7"
USC00111550,"CHICAGO NORTHERLY ISLAND, IL US",41.8558,-87.6094,177.7,2019-11-01,7.2,",,7",-2.8,",,7"
USC00111550,"CHICAGO NORTHERLY ISLAND, IL US",41.8558,-87.6094,177.7,2019-11-02,6.1,",,7",2.2,",,7"
USC00111550,"CHICAGO NORTHERLY ISLAND, IL US",41.8558,-87.6094,177.7,2019-11-03,11.7,",,7",0.6,",,7"
USC00111550,"CHICAGO NORTHERLY ISLAND, IL US",41.8558,-87.6094,177.7,2019-11-04,11.7,",,7",5,",,7"
USC00111550,"CHICAGO NORTHERLY ISLAND, IL US",41.8558,-87.6094,177.7,2019-11-05,5.6,",,7",1.7,",,7"
USC00111550,"CHICAGO NORTHERLY ISLAND, IL US",41.8558,-87.6094,177.7,2019-11-06,13.3,",,7",0,",,7"
USC00111550,"CHICAGO NORTHERLY ISLAND, IL US",41.8558,-87.6094,177.7,2019-11-07,0.6,",,7",-5,",,7"
USC00111550,"CHICAGO NORTHERLY ISLAND, IL US",41.8558,-87.6094,177.7,2019-11-08,1.1,",,7",-6.1,",,7"
USC00111550,"CHICAGO NORTHERLY ISLAND, IL US",41.8558,-87.6094,177.7,2019-11-09,8.3,",,7",-2.2,",,7"
USC00111550,"CHICAGO NORTHERLY ISLAND, IL US",41.8558,-87.6094,177.7,2019-11-10,7.8,",,7",2.8,",,7"
USC00111550,"CHICAGO NORTHERLY ISLAND, IL US",41.8558,-87.6094,177.7,2019-11-11,2.8,",,7",-8.3,",,7"
USC00111550,"CHICAGO NORTHERLY ISLAND, IL US",41.8558,-87.6094,177.7,2019-11-12,-6.1,",,7",-11.1,",,7"
USC00111550,"CHICAGO NORTHERLY ISLAND, IL US",41.8558,-87.6094,177.7,2019-11-13,-2.2,",,7",-10,",,7"
USC00111550,"CHICAGO NORTHERLY ISLAND, IL US",41.8558,-87.6094,177.7,2019-11-14,0.6,",,7",-3.3,",,7"
USC00111550,"CHICAGO NORTHERLY ISLAND, IL US",41.8558,-87.6094,177.7,2019-11-15,3.3,",,7",-3.9,",,7"
USC00111550,"CHICAGO NORTHERLY ISLAND, IL US",41.8558,-87.6094,177.7,2019-11-16,3.9,",,7",0.6,",,7"
USC00111550,"CHICAGO NORTHERLY ISLAND, IL US",41.8558,-87.6094,177.7,2019-11-17,4.4,",,7",-1.7,",,7"
USC00111550,"CHICAGO NORTHERLY ISLAND, IL US",41.8558,-87.6094,177.7,2019-11-18,4.4,",,7",2.2,",,7"
USC00111550,"CHICAGO NORTHERLY ISLAND, IL US",41.8558,-87.6094,177.7,2019-11-19,4.4,",,7",1.7,",,7"
USC00111550,"CHICAGO NORTHERLY ISLAND, IL US",41.8558,-87.6094,177.7,2019-11-20,8.9,",,7",3.9,",,7"
USC00111550,"CHICAGO NORTHERLY ISLAND, IL US",41.8558,-87.6094,177.7,2019-11-21,12.8,",,7",3.9,",,7"
USC00111550,"CHICAGO NORTHERLY ISLAND, IL US",41.8558,-87.6094,177.7,2019-11-22,4.4,",,7",-1.1,",,7"
USC00111550,"CHICAGO NORTHERLY ISLAND, IL US",41.8558,-87.6094,177.7,2019-11-23,4.4,",,7",-1.7,",,7"
USC00111550,"CHICAGO NORTHERLY ISLAND, IL US",41.8558,-87.6094,177.7,2019-11-24,10,",,7",1.1,",,7"
USC00111550,"CHICAGO NORTHERLY ISLAND, IL US",41.8558,-87.6094,177.7,2019-11-25,12.8,",,7",4.4,",,7"
USC00111550,"CHICAGO NORTHERLY ISLAND, IL US",41.8558,-87.6094,177.7,2019-11-26,9.4,",,7",2.2,",,7"
USC00111550,"CHICAGO NORTHERLY ISLAND, IL US",41.8558,-87.6094,177.7,2019-11-27,13.3,",,7",1.1,",,7"
USC00111550,"CHICAGO NORTHERLY ISLAND, IL US",41.8558,-87.6094,177.7,2019-11-28,3.3,",,7",0.6,",,7"
USC00111550,"CHICAGO NORTHERLY ISLAND, IL US",41.8558,-87.6094,177.7,2019-11-29,3.9,",,7",2.8,",,7"
USC00111550,"CHICAGO NORTHERLY ISLAND, IL US",41.8558,-87.6094,177.7,2019-11-30,4.4,",,7",2.2,",,7"
USC00111550,"CHICAGO NORTHERLY ISLAND, IL US",41.8558,-87.6094,177.7,2019-12-01,5.6,",,7",0.6,",,7"
USC00111550,"CHICAGO NORTHERLY ISLAND, IL US",41.8558,-87.6094,177.7,2019-12-02,2.2,",,7",-1.1,",,7"
USC00111550,"CHICAGO NORTHERLY ISLAND, IL US",41.8558,-87.6094,177.7,2019-12-03,4.4,",,7",-1.1,",,7"
USC00111550,"CHICAGO NORTHERLY ISLAND, IL US",41.8558,-87.6094,177.7,2019-12-04,6.1,",,7",0.6,",,7"
USC00111550,"CHICAGO NORTHERLY ISLAND, IL US",41.8558,-87.6094,177.7,2019-12-05,7.8,",,7",0,",,7"
USC00111550,"CHICAGO NORTHERLY ISLAND, IL US",41.8558,-87.6094,177.7,2019-12-06,7.2,",,7",-0.6,",,7"
USC00111550,"CHICAGO NORTHERLY ISLAND, IL US",41.8558,-87.6094,177.7,2019-12-07,3.9,",,7",-1.7,",,7"
USC00111550,"CHICAGO NORTHERLY ISLAND, IL US",41.8558,-87.6094,177.7,2019-12-08,8.9,",,7",2.8,",,7"
USC00111550,"CHICAGO NORTHERLY ISLAND, IL US",41.8558,-87.6094,177.7,2019-12-09,9.4,",,7",-3.3,",,7"
USC00111550,"CHICAGO NORTHERLY ISLAND, IL US",41.8558,-87.6094,177.7,2019-12-10,-3.3,",,7",-8.3,",,7"
USC00111550,"CHICAGO NORTHERLY ISLAND, IL US",41.8558,-87.6094,177.7,2019-12-11,-3.3,",,7",-9.4,",,7"
USC00111550,"CHICAGO NORTHERLY ISLAND, IL US",41.8558,-87.6094,177.7,2019-12-12,7.2,",,7",-5.6,",,7"
USC00111550,"CHICAGO NORTHERLY ISLAND, IL US",41.8558,-87.6094,177.7,2019-12-13,7.2,",,7",1.7,",,7"
USC00111550,"CHICAGO NORTHERLY ISLAND, IL US",41.8558,-87.6094,177.7,2019-12-14,2.8,",,7",-3.3,",,7"
USC00111550,"CHICAGO NORTHERLY ISLAND, IL US",41.8558,-87.6094,177.7,2019-12-15,-2.2,",,7",-6.1,",,7"
USC00111550,"CHICAGO NORTHERLY ISLAND, IL US",41.8558,-87.6094,177.7,2019-12-16,0,",,7",-3.3,",,7"
USC00111550,"CHICAGO NORTHERLY ISLAND, IL US",41.8558,-87.6094,177.7,2019-12-17,0,",,7",-5,",,7"
USC00111550,"CHICAGO NORTHERLY ISLAND, IL US",41.8558,-87.6094,177.7,2019-12-18,-1.7,",,7",-10,",,7"
USC00111550,"CHICAGO NORTHERLY ISLAND, IL US",41.8558,-87.6094,177.7,2019-12-19,2.8,",,7",-8.3,",,7"
USC00111550,"CHICAGO NORTHERLY ISLAND, IL US",41.8558,-87.6094,177.7,2019-12-20,5,",,7",-3.3,",,7"
USC00111550,"CHICAGO NORTHERLY ISLAND, IL US",41.8558,-87.6094,177.7,2019-12-21,9.4,",,7",1.1,",,7"
USC00111550,"CHICAGO NORTHERLY ISLAND, IL US",41.8558,-87.6094,177.7,2019-12-22,11.7,",,7",1.7,",,7"
USC00111550,"CHICAGO NORTHERLY ISLAND, IL US",41.8558,-87.6094,177.7,2019-12-23,11.7,",,7",1.7,",,7"
USC00111550,"CHICAGO NORTHERLY ISLAND, IL US",41.8558,-87.6094,177.7,2019-12-24,12.8,",,7",-2.2,",,7"
USC00111550,"CHICAGO NORTHERLY ISLAND, IL US",41.8558,-87.6094,177.7,2019-12-25,15,",,7",5.6,",,7"
USC00111550,"CHICAGO NORTHERLY ISLAND, IL US",41.8558,-87.6094,177.7,2019-12-26,16.7,",,7",4.4,",,7"
USC00111550,"CHICAGO NORTHERLY ISLAND, IL US",41.8558,-87.6094,177.7,2019-12-27,4.4,",,7",0,",,7"
USC00111550,"CHICAGO NORTHERLY ISLAND, IL US",41.8558,-87.6094,177.7,2019-12-28,5.6,",,7",0,",,7"
USC00111550,"CHICAGO NORTHERLY ISLAND, IL US",41.8558,-87.6094,177.7,2019-12-29,14.4,",,7",5,",,7"
USC00111550,"CHICAGO NORTHERLY ISLAND, IL US",41.8558,-87.6094,177.7,2019-12-30,8.9,",,7",-2.2,",,7"
USC00111550,"CHICAGO NORTHERLY ISLAND, IL US",41.8558,-87.6094,177.7,2019-12-31,-1.1,",,7",-3.3,",,7"
USW00094846,"CHICAGO OHARE INTERNATIONAL AIRPORT, IL US",41.96017,-87.93164,204.8,2019-01-01,1.1,",,W",-3.2,",,W"
USW00094846,"CHICAGO OHARE INTERNATIONAL AIRPORT, IL US",41.96017,-87.93164,204.8,2019-01-02,-1,",,W",-3.2,",,W"
USW00094846,"CHICAGO OHARE INTERNATIONAL AIRPORT, IL US",41.96017,-87.93164,204.8,2019-01-03,3.3,",,W",-4.3,",,W"
USW00094846,"CHICAGO OHARE INTERNATIONAL AIRPORT, IL US",41.96017,-87.93164,204.8,2019-01-04,8.9,",,W",-0.5,",,W"
USW00094846,"CHICAGO OHARE INTERNATIONAL AIRPORT, IL US",41.96017,-87.93164,204.8,2019-01-05,11.1,",,W",0,",,W"
USW00094846,"CHICAGO OHARE INTERNATIONAL AIRPORT, IL US",41.96017,-87.93164,204.8,2019-01-06,4.4,",,W",-1,",,W"
USW00094846,"CHICAGO OHARE INTERNATIONAL AIRPORT, IL US",41.96017,-87.93164,204.8,2019-01-07,11.7,",,W",4.4,",,W"
USW00094846,"CHICAGO OHARE INTERNATIONAL AIRPORT, IL US",41.96017,-87.93164,204.8,2019-01-08,7.2,",,W",-4.3,",,W"
USW00094846,"CHICAGO OHARE INTERNATIONAL AIRPORT, IL US",41.96017,-87.93164,204.8,2019-01-09,-4.3,",,W",-9.3,",,W"
USW00094846,"CHICAGO OHARE INTERNATIONAL AIRPORT, IL US",41.96017,-87.93164,204.8,2019-01-10,-4.3,",,W",-9.9,",,W"
USW00094846,"CHICAGO OHARE INTERNATIONAL AIRPORT, IL US",41.96017,-87.93164,204.8,2019-01-11,-1,",,W",-8.2,",,W"
USW00094846,"CHICAGO OHARE INTERNATIONAL AIRPORT, IL US",41.96017,-87.93164,204.8,2019-01-12,0,",,W",-1.6,",,W"
USW00094846,"CHICAGO OHARE INTERNATIONAL AIRPORT, IL US",41.96017,-87.93164,204.8,2019-01-13,-0.5,",,W",-3.8,",,W"
USW00094846,"CHICAGO OHARE INTERNATIONAL AIRPORT, IL US",41.96017,-87.93164,204.8,2019-01-14,-2.7,",,W",-4.9,",,W"
USW00094846,"CHICAGO OHARE INTERNATIONAL AIRPORT, IL US",41.96017,-87.93164,204.8,2019-01-15,0,",,W",-4.3,",,W"
USW00094846,"CHICAGO OHARE INTERNATIONAL AIRPORT, IL US",41.96017,-87.93164,204.8,2019-01-16,1.1,",,W",-2.1,",,W"
USW00094846,"CHICAGO OHARE INTERNATIONAL AIRPORT, IL US",41.96017,-87.93164,204.8,2019-01-17,1.7,",,W",-2.1,",,W"
USW00094846,"CHICAGO OHARE INTERNATIONAL AIRPORT, IL US",41.96017,-87.93164,204.8,2019-01-18,-0.5,",,W",-2.7,",,W"
USW00094846,"CHICAGO OHARE INTERNATIONAL AIRPORT, IL US",41.96017,-87.93164,204.8,2019-01-19,-2.1,",,W",-11.6,",,W"
USW00094846,"CHICAGO OHARE INTERNATIONAL AIRPORT, IL US",41.96017,-87.93164,204.8,2019-01-20,-9.9,",,W",-15.5,",,W"
USW00094846,"CHICAGO OHARE INTERNATIONAL AIRPORT, IL US",41.96017,-87.93164,204.8,2019-01-21,-8.2,",,W",-16,",,W"
USW00094846,"CHICAGO OHARE INTERNATIONAL AIRPORT, IL US",41.96017,-87.93164,204.8,2019-01-22,0.6,",,W",-10.5,",,W"
USW00094846,"CHICAGO OHARE INTERNATIONAL AIRPORT, IL US",41.96017,-87.93164,204.8,2019-01-23,1.1,",,W",-7.1,",,W"
USW00094846,"CHICAGO OHARE INTERNATIONAL AIRPORT, IL US",41.96017,-87.93164,204.8,2019-01-24,-5.5,",,W",-16.6,",,W"
USW00094846,"CHICAGO OHARE INTERNATIONAL AIRPORT, IL US",41.96017,-87.93164,204.8,2019-01-25,-14.9,",,W",-21,",,W"
USW00094846,"CHICAGO OHARE INTERNATIONAL AIRPORT, IL US",41.96017,-87.93164,204.8,2019-01-26,-11,",,W",-21.6,",,W"
USW00094846,"CHICAGO OHARE INTERNATIONAL AIRPORT, IL US",41.96017,-87.93164,204.8,2019-01-27,-11.6,",,W",-20.5,",,W"
USW00094846,"CHICAGO OHARE INTERNATIONAL AIRPORT, IL US",41.96017,-87.93164,204.8,2019-01-28,1.1,",,W",-13.2,",,W"
USW00094846,"CHICAGO OHARE INTERNATIONAL AIRPORT, IL US",41.96017,-87.93164,204.8,2019-01-29,-12.1,",,W",-23.2,",,W"
USW00094846,"CHICAGO OHARE INTERNATIONAL AIRPORT, IL US",41.96017,-87.93164,204.8,2019-01-30,-23.2,",,W",-30.5,",,W"
USW00094846,"CHICAGO OHARE INTERNATIONAL AIRPORT, IL US",41.96017,-87.93164,204.8,2019-01-31,-17.1,",,W",-29.3,",,W"
USW00094846,"CHICAGO OHARE INTERNATIONAL AIRPORT, IL US",41.96017,-87.93164,204.8,2019-02-01,-6,",,W",-17.1,",,W"
USW00094846,"CHICAGO OHARE INTERNATIONAL AIRPORT, IL US",41.96017,-87.93164,204.8,2019-02-02,5.6,",,W",-9.9,",,W"
USW00094846,"CHICAGO OHARE INTERNATIONAL AIRPORT, IL US",41.96017,-87.93164,204.8,2019-02-03,8.9,",,W",3.9,",,W"
USW00094846,"CHICAGO OHARE INTERNATIONAL AIRPORT, IL US",41.96017,-87.93164,204.8,2019-02-04,10.6,",,W",-1,",,W"
USW00094846,"CHICAGO OHARE INTERNATIONAL AIRPORT, IL US",41.96017,-87.93164,204.8,2019-02-05,0.6,",,W",-4.3,",,W"
USW00094846,"CHICAGO OHARE INTERNATIONAL AIRPORT, IL US",41.96017,-87.93164,204.8,2019-02-06,2.2,",,W",0,",,W"
USW00094846,"CHICAGO OHARE INTERNATIONAL AIRPORT, IL US",41.96017,-87.93164,204.8,2019-02-07,6.7,",,W",-12.1,",,W"
USW00094846,"CHICAGO OHARE INTERNATIONAL AIRPORT, IL US",41.96017,-87.93164,204.8,2019-02-08,-10.5,",,W",-15.5,",,W"
USW00094846,"CHICAGO OHARE INTERNATIONAL AIRPORT, IL US",41.96017,-87.93164,204.8,2019-02-09,-4.3,",,W",-15.5,",,W"
USW00094846,"CHICAGO OHARE INTERNATIONAL AIRPORT, IL US",41.96017,-87.93164,204.8,2019-02-10,-2.1,",,W",-5.5,",,W"
USW00094846,"CHICAGO OHARE INTERNATIONAL AIRPORT, IL US",41.96017,-87.93164,204.8,2019-02-11,-0.5,",,W",-2.7,",,W"
USW00094846,"CHICAGO OHARE INTERNATIONAL AIRPORT, IL US",41.96017,-87.93164,204.8,2019-02-12,1.1,",,W",-7.1,",,W"
USW00094846,"CHICAGO OHARE INTERNATIONAL AIRPORT, IL US",41.96017,-87.93164,204.8,2019-02-13,-2.7,",,W",-12.1,",,W"
USW00094846,"CHICAGO OHARE INTERNATIONAL AIRPORT, IL US",41.96017,-87.93164,204.8,2019-02-14,10,",,W",-2.7,",,W"
USW00094846,"CHICAGO OHARE INTERNATIONAL AIRPORT, IL US",41.96017,-87.93164,204.8,2019-02-15,0,",,W",-13.2,",,W"
USW00094846,"CHICAGO OHARE INTERNATIONAL AIRPORT, IL US",41.96017,-87.93164,204.8,2019-02-16,-1.6,",,W",-10.5,",,W"
USW00094846,"CHICAGO OHARE INTERNATIONAL AIRPORT, IL US",41.96017,-87.93164,204.8,2019-02-17,-2.7,",,W",-4.3,",,W"
USW00094846,"CHICAGO OHARE INTERNATIONAL AIRPORT, IL US",41.96017,-87.93164,204.8,2019-02-18,-0.5,",,W",-7.7,",,W"
USW00094846,"CHICAGO OHARE INTERNATIONAL AIRPORT, IL US",41.96017,-87.93164,204.8,2019-02-19,1.7,",,W",-11,",,W"
USW00094846,"CHICAGO OHARE INTERNATIONAL AIRPORT, IL US",41.96017,-87.93164,204.8,2019-02-20,3.3,",,W",-2.1,",,W"
USW00094846,"CHICAGO OHARE INTERNATIONAL AIRPORT, IL US",41.96017,-87.93164,204.8,2019-02-21,1.7,",,W",-4.3,",,W"
USW00094846,"CHICAGO OHARE INTERNATIONAL AIRPORT, IL US",41.96017,-87.93164,204.8,2019-02-22,5,",,W",-7.1,",,W"
USW00094846,"CHICAGO OHARE INTERNATIONAL AIRPORT, IL US",41.96017,-87.93164,204.8,2019-02-23,11.7,",,W",1.1,",,W"
USW00094846,"CHICAGO OHARE INTERNATIONAL AIRPORT, IL US",41.96017,-87.93164,204.8,2019-02-24,10,",,W",-12.1,",,W"
USW00094846,"CHICAGO OHARE INTERNATIONAL AIRPORT, IL US",41.96017,-87.93164,204.8,2019-02-25,-7.1,",,W",-14.3,",,W"
USW00094846,"CHICAGO OHARE INTERNATIONAL AIRPORT, IL US",41.96017,-87.93164,204.8,2019-02-26,-4.9,",,W",-10.5,",,W"
USW00094846,"CHICAGO OHARE INTERNATIONAL AIRPORT, IL US",41.96017,-87.93164,204.8,2019-02-27,-1,",,W",-9.9,",,W"
USW00094846,"CHICAGO OHARE INTERNATIONAL AIRPORT, IL US",41.96017,-87.93164,204.8,2019-02-28,-2.7,",,W",-11.6,",,W"
USW00094846,"CHICAGO OHARE INTERNATIONAL AIRPORT, IL US",41.96017,-87.93164,204.8,2019-03-01,1.1,",,W",-4.9,",,W"
USW00094846,"CHICAGO OHARE INTERNATIONAL AIRPORT, IL US",41.96017,-87.93164,204.8,2019-03-02,0.6,",,W",-3.8,",,W"
USW00094846,"CHICAGO OHARE INTERNATIONAL AIRPORT, IL US",41.96017,-87.93164,204.8,2019-03-03,-3.8,",,W",-16,",,W"
USW00094846,"CHICAGO OHARE INTERNATIONAL AIRPORT, IL US",41.96017,-87.93164,204.8,2019-03-04,-11,",,W",-19.3,",,W"
USW00094846,"CHICAGO OHARE INTERNATIONAL AIRPORT, IL US",41.96017,-87.93164,204.8,2019-03-05,-6,",,W",-13.2,",,W"
USW00094846,"CHICAGO OHARE INTERNATIONAL AIRPORT, IL US",41.96017,-87.93164,204.8,2019-03-06,-1,",,W",-12.7,",,W"
USW00094846,"CHICAGO OHARE INTERNATIONAL AIRPORT, IL US",41.96017,-87.93164,204.8,2019-03-07,-2.1,",,W",-9.9,",,W"
USW00094846,"CHICAGO OHARE INTERNATIONAL AIRPORT, IL US",41.96017,-87.93164,204.8,2019-03-08,3.9,",,W",-6,",,W"
USW00094846,"CHICAGO OHARE INTERNATIONAL AIRPORT, IL US",41.96017,-87.93164,204.8,2019-03-09,6.1,",,W",-3.2,",,W"
USW00094846,"CHICAGO OHARE INTERNATIONAL AIRPORT, IL US",41.96017,-87.93164,204.8,2019-03-10,3.3,",,W",-1.6,",,W"
USW00094846,"CHICAGO OHARE INTERNATIONAL AIRPORT, IL US",41.96017,-87.93164,204.8,2019-03-11,5,",,W",-2.7,",,W"
USW00094846,"CHICAGO OHARE INTERNATIONAL AIRPORT, IL US",41.96017,-87.93164,204.8,2019-03-12,9.4,",,W",-4.3,",,W"
USW00094846,"CHICAGO OHARE INTERNATIONAL AIRPORT, IL US",41.96017,-87.93164,204.8,2019-03-13,14.4,",,W",4.4,",,W"
USW00094846,"CHICAGO OHARE INTERNATIONAL AIRPORT, IL US",41.96017,-87.93164,204.8,2019-03-14,16.7,",,W",3.9,",,W"
USW00094846,"CHICAGO OHARE INTERNATIONAL AIRPORT, IL US",41.96017,-87.93164,204.8,2019-03-15,4.4,",,W",0,",,W"
USW00094846,"CHICAGO OHARE INTERNATIONAL AIRPORT, IL US",41.96017,-87.93164,204.8,2019-03-16,5,",,W",-2.1,",,W"
USW00094846,"CHICAGO OHARE INTERNATIONAL AIRPORT, IL US",41.96017,-87.93164,204.8,2019-03-17,6.1,",,W",-2.1,",,W"
USW00094846,"CHICAGO OHARE INTERNATIONAL AIRPORT, IL US",41.96017,-87.93164,204.8,2019-03-18,6.1,",,W",-2.7,",,W"
USW00094846,"CHICAGO OHARE INTERNATIONAL AIRPORT, IL US",41.96017,-87.93164,204.8,2019-03-19,9.4,",,W",-1,",,W"
USW00094846,"CHICAGO OHARE INTERNATIONAL AIRPORT, IL US",41.96017,-87.93164,204.8,2019-03-20,6.7,",,W",3.3,",,W"
USW00094846,"CHICAGO OHARE INTERNATIONAL AIRPORT, IL US",41.96017,-87.93164,204.8,2019-03-21,7.2,",,W",2.2,",,W"
USW00094846,"CHICAGO OHARE INTERNATIONAL AIRPORT, IL US",41.96017,-87.93164,204.8,2019-03-22,7.8,",,W",-1.6,",,W"
USW00094846,"CHICAGO OHARE INTERNATIONAL AIRPORT, IL US",41.96017,-87.93164,204.8,2019-03-23,11.7,",,W",-3.8,",,W"
USW00094846,"CHICAGO OHARE INTERNATIONAL AIRPORT, IL US",41.96017,-87.93164,204.8,2019-03-24,10,",,W",1.1,",,W"
USW00094846,"CHICAGO OHARE INTERNATIONAL AIRPORT, IL US",41.96017,-87.93164,204.8,2019-03-25,5.6,",,W",-3.2,",,W"
USW00094846,"CHICAGO OHARE INTERNATIONAL AIRPORT, IL US",41.96017,-87.93164,204.8,2019-03-26,8.9,",,W",-4.9,",,W"
USW00094846,"CHICAGO OHARE INTERNATIONAL AIRPORT, IL US",41.96017,-87.93164,204.8,2019-03-27,15,",,W",-1.6,",,W"
USW00094846,"CHICAGO OHARE INTERNATIONAL AIRPORT, IL US",41.96017,-87.93164,204.8,2019-03-28,18.3,",,W",6.7,",,W"
USW00094846,"CHICAGO OHARE INTERNATIONAL AIRPORT, IL US",41.96017,-87.93164,204.8,2019-03-29,13.9,",,W",2.8,",,W"
USW00094846,"CHICAGO OHARE INTERNATIONAL AIRPORT, IL US",41.96017,-87.93164,204.8,2019-03-30,7.2,",,W",-1.6,",,W"
USW00094846,"CHICAGO OHARE INTERNATIONAL AIRPORT, IL US",41.96017,-87.93164,204.8,2019-03-31,4.4,",,W",-4.9,",,W"
USW00094846,"CHICAGO OHARE INTERNATIONAL AIRPORT, IL US",41.96017,-87.93164,204.8,2019-04-01,9.4,",,W",-3.2,",,W"
USW00094846,"CHICAGO OHARE INTERNATIONAL AIRPORT, IL US",41.96017,-87.93164,204.8,2019-04-02,12.8,",,W",3.9,",,W"
USW00094846,"CHICAGO OHARE INTERNATIONAL AIRPORT, IL US",41.96017,-87.93164,204.8,2019-04-03,14.4,",,W",2.8,",,W"
USW00094846,"CHICAGO OHARE INTERNATIONAL AIRPORT, IL US",41.96017,-87.93164,204.8,2019-04-04,8.3,",,W",3.9,",,W"
USW00094846,"CHICAGO OHARE INTERNATIONAL AIRPORT, IL US",41.96017,-87.93164,204.8,2019-04-05,13.9,",,W",3.9,",,W"
USW00094846,"CHICAGO OHARE INTERNATIONAL AIRPORT, IL US",41.96017,-87.93164,204.8,2019-04-06,18.9,",,W",3.9,",,W"
USW00094846,"CHICAGO OHARE INTERNATIONAL AIRPORT, IL US",41.96017,-87.93164,204.8,2019-04-07,19.4,",,W",10.6,",,W"
USW00094846,"CHICAGO OHARE INTERNATIONAL AIRPORT, IL US",41.96017,-87.93164,204.8,2019-04-08,22.8,",,W",11.1,",,W"
USW00094846,"CHICAGO OHARE INTERNATIONAL AIRPORT, IL US",41.96017,-87.93164,204.8,2019-04-09,18.9,",,W",3.9,",,W"
USW00094846,"CHICAGO OHARE INTERNATIONAL AIRPORT, IL US",41.96017,-87.93164,204.8,2019-04-10,3.9,",,W",1.1,",,W"
USW00094846,"CHICAGO OHARE INTERNATIONAL AIRPORT, IL US",41.96017,-87.93164,204.8,2019-04-11,13.3,",,W",2.8,",,W"
USW00094846,"CHICAGO OHARE INTERNATIONAL AIRPORT, IL US",41.96017,-87.93164,204.8,2019-04-12,10.6,",,W",3.3,",,W"
USW00094846,"CHICAGO OHARE INTERNATIONAL AIRPORT, IL US",41.96017,-87.93164,204.8,2019-04-13,11.1,",,W",1.7,",,W"
USW00094846,"CHICAGO OHARE INTERNATIONAL AIRPORT, IL US",41.96017,-87.93164,204.8,2019-04-14,3.9,",,W",0,",,W"
USW00094846,"CHICAGO OHARE INTERNATIONAL AIRPORT, IL US",41.96017,-87.93164,204.8,2019-04-15,11.1,",,W",-0.5,",,W"
USW00094846,"CHICAGO OHARE INTERNATIONAL AIRPORT, IL US",41.96017,-87.93164,204.8,2019-04-16,22.8,",,W",7.2,",,W"
USW00094846,"CHICAGO OHARE INTERNATIONAL AIRPORT, IL US",41.96017,-87.93164,204.8,2019-04-17,25,",,W",6.7,",,W"
USW00094846,"CHICAGO OHARE INTERNATIONAL AIRPORT, IL US",41.96017,-87.93164,204.8,2019-04-18,18.3,",,W",6.7,",,W"
USW00094846,"CHICAGO OHARE INTERNATIONAL AIRPORT, IL US",41.96017,-87.93164,204.8,2019-04-19,10.6,",,W",5,",,W"
USW00094846,"CHICAGO OHARE INTERNATIONAL AIRPORT, IL US",41.96017,-87.93164,204.8,2019-04-20,17.8,",,W",2.2,",,W"
USW00094846,"CHICAGO OHARE INTERNATIONAL AIRPORT, IL US",41.96017,-87.93164,204.8,2019-04-21,25,",,W",6.7,",,W"
USW00094846,"CHICAGO OHARE INTERNATIONAL AIRPORT, IL US",41.96017,-87.93164,204.8,2019-04-22,26.7,",,W",14.4,",,W"
USW00094846,"CHICAGO OHARE INTERNATIONAL AIRPORT, IL US",41.96017,-87.93164,204.8,2019-04-23,18.3,",,W",9.4,",,W"
USW00094846,"CHICAGO OHARE INTERNATIONAL AIRPORT, IL US",41.96017,-87.93164,204.8,2019-04-24,17.8,",,W",5.6,",,W"
USW00094846,"CHICAGO OHARE INTERNATIONAL AIRPORT, IL US",41.96017,-87.93164,204.8,2019-04-25,19.4,",,W",7.8,",,W"
USW00094846,"CHICAGO OHARE INTERNATIONAL AIRPORT, IL US",41.96017,-87.93164,204.8,2019-04-26,17.2,",,W",9.4,",,W"
USW00094846,"CHICAGO OHARE INTERNATIONAL AIRPORT, IL US",41.96017,-87.93164,204.8,2019-04-27,9.4,",,W",0,",,W"
USW00094846,"CHICAGO OHARE INTERNATIONAL AIRPORT, IL US",41.96017,-87.93164,204.8,2019-04-28,11.1,",,W",-0.5,",,W"
USW00094846,"CHICAGO OHARE INTERNATIONAL AIRPORT, IL US",41.96017,-87.93164,204.8,2019-04-29,10.6,",,W",6.1,",,W"
USW00094846,"CHICAGO OHARE INTERNATIONAL AIRPORT, IL US",41.96017,-87.93164,204.8,2019-04-30,8.3,",,W",3.3,",,W"
USW00094846,"CHICAGO OHARE INTERNATIONAL AIRPORT, IL US",41.96017,-87.93164,204.8,2019-05-01,14.4,",,W",6.1,",,W"
USW00094846,"CHICAGO OHARE INTERNATIONAL AIRPORT, IL US",41.96017,-87.93164,204.8,2019-05-02,8.3,",,W",5,",,W"
USW00094846,"CHICAGO OHARE INTERNATIONAL AIRPORT, IL US",41.96017,-87.93164,204.8,2019-05-03,12.8,",,W",4.4,",,W"
USW00094846,"CHICAGO OHARE INTERNATIONAL AIRPORT, IL US",41.96017,-87.93164,204.8,2019-05-04,17.2,",,W",3.3,",,W"
USW00094846,"CHICAGO OHARE INTERNATIONAL AIRPORT, IL US",41.96017,-87.93164,204.8,2019-05-05,22.8,",,W",7.8,",,W"
USW00094846,"CHICAGO OHARE INTERNATIONAL AIRPORT, IL US",41.96017,-87.93164,204.8,2019-05-06,21.1,",,W",7.2,",,W"
USW00094846,"CHICAGO OHARE INTERNATIONAL AIRPORT, IL US",41.96017,-87.93164,204.8,2019-05-07,10,",,W",6.1,",,W"
USW00094846,"CHICAGO OHARE INTERNATIONAL AIRPORT, IL US",41.96017,-87.93164,204.8,2019-05-08,20,",,W",7.8,",,W"
USW00094846,"CHICAGO OHARE INTERNATIONAL AIRPORT, IL US",41.96017,-87.93164,204.8,2019-05-09,19.4,",,W",7.8,",,W"
USW00094846,"CHICAGO OHARE INTERNATIONAL AIRPORT, IL US",41.96017,-87.93164,204.8,2019-05-10,14.4,",,W",6.7,",,W"
USW00094846,"CHICAGO OHARE INTERNATIONAL AIRPORT, IL US",41.96017,-87.93164,204.8,2019-05-11,11.7,",,W",6.7,",,W"
USW00094846,"CHICAGO OHARE INTERNATIONAL AIRPORT, IL US",41.96017,-87.93164,204.8,2019-05-12,11.1,",,W",5.6,",,W"
USW00094846,"CHICAGO OHARE INTERNATIONAL AIRPORT, IL US",41.96017,-87.93164,204.8,2019-05-13,16.1,",,W",5.6,",,W"
USW00094846,"CHICAGO OHARE INTERNATIONAL AIRPORT, IL US",41.96017,-87.93164,204.8,2019-05-14,21.7,",,W",5,",,W"
USW00094846,"CHICAGO OHARE INTERNATIONAL AIRPORT, IL US",41.96017,-87.93164,204.8,2019-05-15,23.9,",,W",10,",,W"
USW00094846,"CHICAGO OHARE INTERNATIONAL AIRPORT, IL US",41.96017,-87.93164,204.8,2019-05-16,25,",,W",15.6,",,W"
USW00094846,"CHICAGO OHARE INTERNATIONAL AIRPORT, IL US",41.96017,-87.93164,204.8,2019-05-17,20,",,W",7.2,",,W"
USW00094846,"CHICAGO OHARE INTERNATIONAL AIRPORT, IL US",41.96017,-87.93164,204.8,2019-05-18,26.7,",,W",6.7,",,W"
USW00094846,"CHICAGO OHARE INTERNATIONAL AIRPORT, IL US",41.96017,-87.93164,204.8,2019-05-19,23.3,",,W",8.3,",,W"
USW00094846,"CHICAGO OHARE INTERNATIONAL AIRPORT, IL US",41.96017,-87.93164,204.8,2019-05-20,13.9,",,W",7.2,",,W"
USW00094846,"CHICAGO OHARE INTERNATIONAL AIRPORT, IL US",41.96017,-87.93164,204.8,2019-05-21,12.2,",,W",7.2,",,W"
USW00094846,"CHICAGO OHARE INTERNATIONAL AIRPORT, IL US",41.96017,-87.93164,204.8,2019-05-22,27.8,",,W",9.4,",,W"
USW00094846,"CHICAGO OHARE INTERNATIONAL AIRPORT, IL US",41.96017,-87.93164,204.8,2019-05-23,23.3,",,W",16.1,",,W"
USW00094846,"CHICAGO OHARE INTERNATIONAL AIRPORT, IL US",41.96017,-87.93164,204.8,2019-05-24,23.9,",,W",12.2,",,W"
USW00094846,"CHICAGO OHARE INTERNATIONAL AIRPORT, IL US",41.96017,-87.93164,204.8,2019-05-25,27.2,",,W",21.1,",,W"
USW00094846,"CHICAGO OHARE INTERNATIONAL AIRPORT, IL US",41.96017,-87.93164,204.8,2019-05-26,23.3,",,W",12.2,",,W"
USW00094846,"CHICAGO OHARE INTERNATIONAL AIRPORT, IL US",41.96017,-87.93164,204.8,2019-05-27,22.8,",,W",11.7,",,W"
USW00094846,"CHICAGO OHARE INTERNATIONAL AIRPORT, IL US",41.96017,-87.93164,204.8,2019-05-28,21.1,",,W",11.1,",,W"
USW00094846,"CHICAGO OHARE INTERNATIONAL AIRPORT, IL US",41.96017,-87.93164,204.8,2019-05-29,23.9,",,W",11.1,",,W"
USW00094846,"CHICAGO OHARE INTERNATIONAL AIRPORT, IL US",41.96017,-87.93164,204.8,2019-05-30,25.6,",,W",15.6,",,W"
USW00094846,"CHICAGO OHARE INTERNATIONAL AIRPORT, IL US",41.96017,-87.93164,204.8,2019-05-31,27.2,",,W",15.6,",,W"
USW00094846,"CHICAGO OHARE INTERNATIONAL AIRPORT, IL US",41.96017,-87.93164,204.8,2019-06-01,26.7,",,W",11.7,",,W"
USW00094846,"CHICAGO OHARE INTERNATIONAL AIRPORT, IL US",41.96017,-87.93164,204.8,2019-06-02,21.1,",,W",10.6,",,W"
USW00094846,"CHICAGO OHARE INTERNATIONAL AIRPORT, IL US",41.96017,-87.93164,204.8,2019-06-03,19.4,",,W",9.4,",,W"
USW00094846,"CHICAGO OHARE INTERNATIONAL AIRPORT, IL US",41.96017,-87.93164,204.8,2019-06-04,27.8,",,W",13.3,",,W"
USW00094846,"CHICAGO OHARE INTERNATIONAL AIRPORT, IL US",41.96017,-87.93164,204.8,2019-06-05,28.3,",,W",15,",,W"
USW00094846,"CHICAGO OHARE INTERNATIONAL AIRPORT, IL US",41.96017,-87.93164,204.8,2019-06-06,23.9,",,W",13.3,",,W"
USW00094846,"CHICAGO OHARE INTERNATIONAL AIRPORT, IL US",41.96017,-87.93164,204.8,2019-06-07,25.6,",,W",12.8,",,W"
USW00094846,"CHICAGO OHARE INTERNATIONAL AIRPORT, IL US",41.96017,-87.93164,204.8,2019-06-08,24.4,",,W",13.9,",,W"
USW00094846,"CHICAGO OHARE INTERNATIONAL AIRPORT, IL US",41.96017,-87.93164,204.8,2019-06-09,23.9,",,W",17.2,",,W"
USW00094846,"CHICAGO OHARE INTERNATIONAL AIRPORT, IL US",41.96017,-87.93164,204.8,2019-06-10,23.3,",,W",15.6,",,W"
USW00094846,"CHICAGO OHARE INTERNATIONAL AIRPORT, IL US",41.96017,-87.93164,204.8,2019-06-11,27.8,",,W",13.9,",,W"
USW00094846,"CHICAGO OHARE INTERNATIONAL AIRPORT, IL US",41.96017,-87.93164,204.8,2019-06-12,21.7,",,W",11.1,",,W"
USW00094846,"CHICAGO OHARE INTERNATIONAL AIRPORT, IL US",41.96017,-87.93164,204.8,2019-06-13,20,",,W",10.6,",,W"
USW00094846,"CHICAGO OHARE INTERNATIONAL AIRPORT, IL US",41.96017,-87.93164,204.8,2019-06-14,26.7,",,W",11.1,",,W"
USW00094846,"CHICAGO OHARE INTERNATIONAL AIRPORT, IL US",41.96017,-87.93164,204.8,2019-06-15,21.1,",,W",12.2,",,W"
USW00094846,"CHICAGO OHARE INTERNATIONAL AIRPORT, IL US",41.96017,-87.93164,204.8,2019-06-16,15.6,",,W",12.2,",,W"
USW00094846,"CHICAGO OHARE INTERNATIONAL AIRPORT, IL US",41.96017,-87.93164,204.8,2019-06-17,19.4,",,W",12.8,",,W"
USW00094846,"CHICAGO OHARE INTERNATIONAL AIRPORT, IL US",41.96017,-87.93164,204.8,2019-06-18,25.6,",,W",12.2,",,W"
USW00094846,"CHICAGO OHARE INTERNATIONAL AIRPORT, IL US",41.96017,-87.93164,204.8,2019-06-19,22.2,",,W",13.3,",,W"
USW00094846,"CHICAGO OHARE INTERNATIONAL AIRPORT, IL US",41.96017,-87.93164,204.8,2019-06-20,21.7,",,W",12.2,",,W"
USW00094846,"CHICAGO OHARE INTERNATIONAL AIRPORT, IL US",41.96017,-87.93164,204.8,2019-06-21,22.2,",,W",11.1,",,W"
USW00094846,"CHICAGO OHARE INTERNATIONAL AIRPORT, IL US",41.96017,-87.93164,204.8,2019-06-22,26.1,",,W",14.4,",,W"
USW00094846,"CHICAGO OHARE INTERNATIONAL AIRPORT, IL US",41.96017,-87.93164,204.8,2019-06-23,27.2,",,W",17.2,",,W"
USW00094846,"CHICAGO OHARE INTERNATIONAL AIRPORT, IL US",41.96017,-87.93164,204.8,2019-06-24,25.6,",,W",18.9,",,W"
USW00094846,"CHICAGO OHARE INTERNATIONAL AIRPORT, IL US",41.96017,-87.93164,204.8,2019-06-25,29.4,",,W",16.7,",,W"
USW00094846,"CHICAGO OHARE INTERNATIONAL AIRPORT, IL US",41.96017,-87.93164,204.8,2019-06-26,31.7,",,W",20,",,W"
USW00094846,"CHICAGO OHARE INTERNATIONAL AIRPORT, IL US",41.96017,-87.93164,204.8,2019-06-27,31.7,",,W",20,",,W"
USW00094846,"CHICAGO OHARE INTERNATIONAL AIRPORT, IL US",41.96017,-87.93164,204.8,2019-06-28,32.2,",,W",21.7,",,W"
USW00094846,"CHICAGO OHARE INTERNATIONAL AIRPORT, IL US",41.96017,-87.93164,204.8,2019-06-29,30.6,",,W",20.6,",,W"
USW00094846,"CHICAGO OHARE INTERNATIONAL AIRPORT, IL US",41.96017,-87.93164,204.8,2019-06-30,32.8,",,W",21.1,",,W"
USW00094846,"CHICAGO OHARE INTERNATIONAL AIRPORT, IL US",41.96017,-87.93164,204.8,2019-07-01,31.7,",,W",20.6,",,W"
USW00094846,"CHICAGO OHARE INTERNATIONAL AIRPORT, IL US",41.96017,-87.93164,204.8,2019-07-02,33.3,",,W",23.3,",,W"
USW00094846,"CHICAGO OHARE INTERNATIONAL AIRPORT, IL US",41.96017,-87.93164,204.8,2019-07-03,30,",,W",20.6,",,W"
USW00094846,"CHICAGO OHARE INTERNATIONAL AIRPORT, IL US",41.96017,-87.93164,204.8,2019-07-04,32.8,",,W",21.1,",,W"
USW00094846,"CHICAGO OHARE INTERNATIONAL AIRPORT, IL US",41.96017,-87.93164,204.8,2019-07-05,32.8,",,W",22.8,",,W"
USW00094846,"CHICAGO OHARE INTERNATIONAL AIRPORT, IL US",41.96017,-87.93164,204.8,2019-07-06,28.3,",,W",19.4,",,W"
USW00094846,"CHICAGO OHARE INTERNATIONAL AIRPORT, IL US",41.96017,-87.93164,204.8,2019-07-07,25,",,W",17.8,",,W"
USW00094846,"CHICAGO OHARE INTERNATIONAL AIRPORT, IL US",41.96017,-87.93164,204.8,2019-07-08,28.3,",,W",15.6,",,W"
USW00094846,"CHICAGO OHARE INTERNATIONAL AIRPORT, IL US",41.96017,-87.93164,204.8,2019-07-09,31.1,",,W",16.1,",,W"
USW00094846,"CHICAGO OHARE INTERNATIONAL AIRPORT, IL US",41.96017,-87.93164,204.8,2019-07-10,34.4,",,W",23.9,",,W"
USW00094846,"CHICAGO OHARE INTERNATIONAL AIRPORT, IL US",41.96017,-87.93164,204.8,2019-07-11,27.8,",,W",18.3,",,W"
USW00094846,"CHICAGO OHARE INTERNATIONAL AIRPORT, IL US",41.96017,-87.93164,204.8,2019-07-12,30.6,",,W",15,",,W"
USW00094846,"CHICAGO OHARE INTERNATIONAL AIRPORT, IL US",41.96017,-87.93164,204.8,2019-07-13,34.4,",,W",22.2,",,W"
USW00094846,"CHICAGO OHARE INTERNATIONAL AIRPORT, IL US",41.96017,-87.93164,204.8,2019-07-14,32.8,",,W",21.1,",,W"
USW00094846,"CHICAGO OHARE INTERNATIONAL AIRPORT, IL US",41.96017,-87.93164,204.8,2019-07-15,33.3,",,W",23.3,",,W"
USW00094846,"CHICAGO OHARE INTERNATIONAL AIRPORT, IL US",41.96017,-87.93164,204.8,2019-07-16,27.8,",,W",21.7,",,W"
USW00094846,"CHICAGO OHARE INTERNATIONAL AIRPORT, IL US",41.96017,-87.93164,204.8,2019-07-17,33.3,",,W",23.3,",,W"
USW00094846,"CHICAGO OHARE INTERNATIONAL AIRPORT, IL US",41.96017,-87.93164,204.8,2019-07-18,30.6,",,W",21.7,",,W"
USW00094846,"CHICAGO OHARE INTERNATIONAL AIRPORT, IL US",41.96017,-87.93164,204.8,2019-07-19,33.9,",,W",27.2,",,W"
USW00094846,"CHICAGO OHARE INTERNATIONAL AIRPORT, IL US",41.96017,-87.93164,204.8,2019-07-20,35,",,W",22.8,",,W"
USW00094846,"CHICAGO OHARE INTERNATIONAL AIRPORT, IL US",41.96017,-87.93164,204.8,2019-07-21,26.1,",,W",19.4,",,W"
USW00094846,"CHICAGO OHARE INTERNATIONAL AIRPORT, IL US",41.96017,-87.93164,204.8,2019-07-22,23.9,",,W",16.7,",,W"
USW00094846,"CHICAGO OHARE INTERNATIONAL AIRPORT, IL US",41.96017,-87.93164,204.8,2019-07-23,26.7,",,W",16.7,",,W"
USW00094846,"CHICAGO OHARE INTERNATIONAL AIRPORT, IL US",41.96017,-87.93164,204.8,2019-07-24,27.2,",,W",16.7,",,W"
USW00094846,"CHICAGO OHARE INTERNATIONAL AIRPORT, IL US",41.96017,-87.93164,204.8,2019-07-25,29.4,",,W",17.2,",,W"
USW00094846,"CHICAGO OHARE INTERNATIONAL AIRPORT, IL US",41.96017,-87.93164,204.8,2019-07-26,29.4,",,W",19.4,",,W"
USW00094846,"CHICAGO OHARE INTERNATIONAL AIRPORT, IL US",41.96017,-87.93164,204.8,2019-07-27,31.7,",,W",21.7,",,W"
USW00094846,"CHICAGO OHARE INTERNATIONAL AIRPORT, IL US",41.96017,-87.93164,204.8,2019-07-28,31.7,",,W",22.8,",,W"
USW00094846,"CHICAGO OHARE INTERNATIONAL AIRPORT, IL US",41.96017,-87.93164,204.8,2019-07-29,27.8,",,W",21.1,",,W"
USW00094846,"CHICAGO OHARE INTERNATIONAL AIRPORT, IL US",41.96017,-87.93164,204.8,2019-07-30,25.6,",,W",18.3,",,W"
USW00094846,"CHICAGO OHARE INTERNATIONAL AIRPORT, IL US",41.96017,-87.93164,204.8,2019-07-31,24.4,",,W",15,",,W"
USW00094846,"CHICAGO OHARE INTERNATIONAL AIRPORT, IL US",41.96017,-87.93164,204.8,2019-08-01,26.7,",,W",13.9,",,W"
USW00094846,"CHICAGO OHARE INTERNATIONAL AIRPORT, IL US",41.96017,-87.93164,204.8,2019-08-02,28.3,",,W",16.1,",,W"
USW00094846,"CHICAGO OHARE INTERNATIONAL AIRPORT, IL US",41.96017,-87.93164,204.8,2019-08-03,31.7,",,W",17.2,",,W"
USW00094846,"CHICAGO OHARE INTERNATIONAL AIRPORT, IL US",41.96017,-87.93164,204.8,2019-08-04,31.7,",,W",21.1,",,W"
USW00094846,"CHICAGO OHARE INTERNATIONAL AIRPORT, IL US",41.96017,-87.93164,204.8,2019-08-05,32.2,",,W",21.1,",,W"
USW00094846,"CHICAGO OHARE INTERNATIONAL AIRPORT, IL US",41.96017,-87.93164,204.8,2019-08-06,29.4,",,W",19.4,",,W"
USW00094846,"CHICAGO OHARE INTERNATIONAL AIRPORT, IL US",41.96017,-87.93164,204.8,2019-08-07,31.1,",,W",18.9,",,W"
USW00094846,"CHICAGO OHARE INTERNATIONAL AIRPORT, IL US",41.96017,-87.93164,204.8,2019-08-08,30.6,",,W",19.4,",,W"
USW00094846,"CHICAGO OHARE INTERNATIONAL AIRPORT, IL US",41.96017,-87.93164,204.8,2019-08-09,28.3,",,W",16.7,",,W"
USW00094846,"CHICAGO OHARE INTERNATIONAL AIRPORT, IL US",41.96017,-87.93164,204.8,2019-08-10,30,",,W",19.4,",,W"
USW00094846,"CHICAGO OHARE INTERNATIONAL AIRPORT, IL US",41.96017,-87.93164,204.8,2019-08-11,27.8,",,W",19.4,",,W"
USW00094846,"CHICAGO OHARE INTERNATIONAL AIRPORT, IL US",41.96017,-87.93164,204.8,2019-08-12,28.9,",,W",21.7,",,W"
USW00094846,"CHICAGO OHARE INTERNATIONAL AIRPORT, IL US",41.96017,-87.93164,204.8,2019-08-13,30,",,W",19.4,",,W"
USW00094846,"CHICAGO OHARE INTERNATIONAL AIRPORT, IL US",41.96017,-87.93164,204.8,2019-08-14,28.3,",,W",18.9,",,W"
USW00094846,"CHICAGO OHARE INTERNATIONAL AIRPORT, IL US",41.96017,-87.93164,204.8,2019-08-15,26.1,",,W",17.2,",,W"
USW00094846,"CHICAGO OHARE INTERNATIONAL AIRPORT, IL US",41.96017,-87.93164,204.8,2019-08-16,28.9,",,W",17.8,",,W"
USW00094846,"CHICAGO OHARE INTERNATIONAL AIRPORT, IL US",41.96017,-87.93164,204.8,2019-08-17,25,",,W",19.4,",,W"
USW00094846,"CHICAGO OHARE INTERNATIONAL AIRPORT, IL US",41.96017,-87.93164,204.8,2019-08-18,27.8,",,W",20,",,W"
USW00094846,"CHICAGO OHARE INTERNATIONAL AIRPORT, IL US",41.96017,-87.93164,204.8,2019-08-19,29.4,",,W",20,",,W"
USW00094846,"CHICAGO OHARE INTERNATIONAL AIRPORT, IL US",41.96017,-87.93164,204.8,2019-08-20,24.4,",,W",20,",,W"
USW00094846,"CHICAGO OHARE INTERNATIONAL AIRPORT, IL US",41.96017,-87.93164,204.8,2019-08-21,28.3,",,W",18.3,",,W"
USW00094846,"CHICAGO OHARE INTERNATIONAL AIRPORT, IL US",41.96017,-87.93164,204.8,2019-08-22,24.4,",,W",17.8,",,W"
USW00094846,"CHICAGO OHARE INTERNATIONAL AIRPORT, IL US",41.96017,-87.93164,204.8,2019-08-23,23.3,",,W",14.4,",,W"
USW00094846,"CHICAGO OHARE INTERNATIONAL AIRPORT, IL US",41.96017,-87.93164,204.8,2019-08-24,23.9,",,W",15.6,",,W"
USW00094846,"CHICAGO OHARE INTERNATIONAL AIRPORT, IL US",41.96017,-87.93164,204.8,2019-08-25,25.6,",,W",16.1,",,W"
USW00094846,"CHICAGO OHARE INTERNATIONAL AIRPORT, IL US",41.96017,-87.93164,204.8,2019-08-26,24.4,",,W",17.8,",,W"
USW00094846,"CHICAGO OHARE INTERNATIONAL AIRPORT, IL US",41.96017,-87.93164,204.8,2019-08-27,26.1,",,W",18.3,",,W"
USW00094846,"CHICAGO OHARE INTERNATIONAL AIRPORT, IL US",41.96017,-87.93164,204.8,2019-08-28,23.9,",,W",15,",,W"
USW00094846,"CHICAGO OHARE INTERNATIONAL AIRPORT, IL US",41.96017,-87.93164,204.8,2019-08-29,28.9,",,W",14.4,",,W"
USW00094846,"CHICAGO OHARE INTERNATIONAL AIRPORT, IL US",41.96017,-87.93164,204.8,2019-08-30,23.3,",,W",15,",,W"
USW00094846,"CHICAGO OHARE INTERNATIONAL AIRPORT, IL US",41.96017,-87.93164,204.8,2019-08-31,23.9,",,W",16.1,",,W"
USW00094846,"CHICAGO OHARE INTERNATIONAL AIRPORT, IL US",41.96017,-87.93164,204.8,2019-09-01,22.8,",,W",16.7,",,W"
USW00094846,"CHICAGO OHARE INTERNATIONAL AIRPORT, IL US",41.96017,-87.93164,204.8,2019-09-02,27.8,",,W",16.1,",,W"
USW00094846,"CHICAGO OHARE INTERNATIONAL AIRPORT, IL US",41.96017,-87.93164,204.8,2019-09-03,26.7,",,W",19.4,",,W"
USW00094846,"CHICAGO OHARE INTERNATIONAL AIRPORT, IL US",41.96017,-87.93164,204.8,2019-09-04,20.6,",,W",15,",,W"
USW00094846,"CHICAGO OHARE INTERNATIONAL AIRPORT, IL US",41.96017,-87.93164,204.8,2019-09-05,23.3,",,W",13.3,",,W"
USW00094846,"CHICAGO OHARE INTERNATIONAL AIRPORT, IL US",41.96017,-87.93164,204.8,2019-09-06,22.2,",,W",16.1,",,W"
USW00094846,"CHICAGO OHARE INTERNATIONAL AIRPORT, IL US",41.96017,-87.93164,204.8,2019-09-07,25.6,",,W",13.3,",,W"
USW00094846,"CHICAGO OHARE INTERNATIONAL AIRPORT, IL US",41.96017,-87.93164,204.8,2019-09-08,18.9,",,W",16.7,",,W"
USW00094846,"CHICAGO OHARE INTERNATIONAL AIRPORT, IL US",41.96017,-87.93164,204.8,2019-09-09,24.4,",,W",16.7,",,W"
USW00094846,"CHICAGO OHARE INTERNATIONAL AIRPORT, IL US",41.96017,-87.93164,204.8,2019-09-10,32.2,",,W",21.7,",,W"
USW00094846,"CHICAGO OHARE INTERNATIONAL AIRPORT, IL US",41.96017,-87.93164,204.8,2019-09-11,31.7,",,W",20,",,W"
USW00094846,"CHICAGO OHARE INTERNATIONAL AIRPORT, IL US",41.96017,-87.93164,204.8,2019-09-12,25.6,",,W",17.2,",,W"
USW00094846,"CHICAGO OHARE INTERNATIONAL AIRPORT, IL US",41.96017,-87.93164,204.8,2019-09-13,25,",,W",16.7,",,W"
USW00094846,"CHICAGO OHARE INTERNATIONAL AIRPORT, IL US",41.96017,-87.93164,204.8,2019-09-14,26.7,",,W",13.3,",,W"
USW00094846,"CHICAGO OHARE INTERNATIONAL AIRPORT, IL US",41.96017,-87.93164,204.8,2019-09-15,25.6,",,W",17.2,",,W"
USW00094846,"CHICAGO OHARE INTERNATIONAL AIRPORT, IL US",41.96017,-87.93164,204.8,2019-09-16,23.3,",,W",17.8,",,W"
USW00094846,"CHICAGO OHARE INTERNATIONAL AIRPORT, IL US",41.96017,-87.93164,204.8,2019-09-17,25.6,",,W",18.3,",,W"
USW00094846,"CHICAGO OHARE INTERNATIONAL AIRPORT, IL US",41.96017,-87.93164,204.8,2019-09-18,27.8,",,W",16.7,",,W"
USW00094846,"CHICAGO OHARE INTERNATIONAL AIRPORT, IL US",41.96017,-87.93164,204.8,2019-09-19,28.3,",,W",17.2,",,W"
USW00094846,"CHICAGO OHARE INTERNATIONAL AIRPORT, IL US",41.96017,-87.93164,204.8,2019-09-20,28.9,",,W",20,",,W"
USW00094846,"CHICAGO OHARE INTERNATIONAL AIRPORT, IL US",41.96017,-87.93164,204.8,2019-09-21,25.6,",,W",21.7,",,W"
USW00094846,"CHICAGO OHARE INTERNATIONAL AIRPORT, IL US",41.96017,-87.93164,204.8,2019-09-22,25,",,W",18.9,",,W"
USW00094846,"CHICAGO OHARE INTERNATIONAL AIRPORT, IL US",41.96017,-87.93164,204.8,2019-09-23,23.3,",,W",15,",,W"
USW00094846,"CHICAGO OHARE INTERNATIONAL AIRPORT, IL US",41.96017,-87.93164,204.8,2019-09-24,26.1,",,W",14.4,",,W"
USW00094846,"CHICAGO OHARE INTERNATIONAL AIRPORT, IL US",41.96017,-87.93164,204.8,2019-09-25,26.1,",,W",16.7,",,W"
USW00094846,"CHICAGO OHARE INTERNATIONAL AIRPORT, IL US",41.96017,-87.93164,204.8,2019-09-26,22.2,",,W",13.3,",,W"
USW00094846,"CHICAGO OHARE INTERNATIONAL AIRPORT, IL US",41.96017,-87.93164,204.8,2019-09-27,20.6,",,W",14.4,",,W"
USW00094846,"CHICAGO OHARE INTERNATIONAL AIRPORT, IL US",41.96017,-87.93164,204.8,2019-09-28,18.9,",,W",11.7,",,W"
USW00094846,"CHICAGO OHARE INTERNATIONAL AIRPORT, IL US",41.96017,-87.93164,204.8,2019-09-29,18.9,",,W",15.6,",,W"
USW00094846,"CHICAGO OHARE INTERNATIONAL AIRPORT, IL US",41.96017,-87.93164,204.8,2019-09-30,29.4,",,W",17.2,",,W"
USW00094846,"CHICAGO OHARE INTERNATIONAL AIRPORT, IL US",41.96017,-87.93164,204.8,2019-10-01,30,",,W",20,",,W"
USW00094846,"CHICAGO OHARE INTERNATIONAL AIRPORT, IL US",41.96017,-87.93164,204.8,2019-10-02,20,",,W",13.9,",,W"
USW00094846,"CHICAGO OHARE INTERNATIONAL AIRPORT, IL US",41.96017,-87.93164,204.8,2019-10-03,19.4,",,W",9.4,",,W"
USW00094846,"CHICAGO OHARE INTERNATIONAL AIRPORT, IL US",41.96017,-87.93164,204.8,2019-10-04,14.4,",,W",7.2,",,W"
USW00094846,"CHICAGO OHARE INTERNATIONAL AIRPORT, IL US",41.96017,-87.93164,204.8,2019-10-05,17.2,",,W",8.9,",,W"
USW00094846,"CHICAGO OHARE INTERNATIONAL AIRPORT, IL US",41.96017,-87.93164,204.8,2019-10-06,19.4,",,W",9.4,",,W"
USW00094846,"CHICAGO OHARE INTERNATIONAL AIRPORT, IL US",41.96017,-87.93164,204.8,2019-10-07,20.6,",,W",8.9,",,W"
USW00094846,"CHICAGO OHARE INTERNATIONAL AIRPORT, IL US",41.96017,-87.93164,204.8,2019-10-08,21.1,",,W",7.8,",,W"
USW00094846,"CHICAGO OHARE INTERNATIONAL AIRPORT, IL US",41.96017,-87.93164,204.8,2019-10-09,21.1,",,W",10,",,W"
USW00094846,"CHICAGO OHARE INTERNATIONAL AIRPORT, IL US",41.96017,-87.93164,204.8,2019-10-10,21.1,",,W",12.2,",,W"
USW00094846,"CHICAGO OHARE INTERNATIONAL AIRPORT, IL US",41.96017,-87.93164,204.8,2019-10-11,19.4,",,W",3.9,",,W"
USW00094846,"CHICAGO OHARE INTERNATIONAL AIRPORT, IL US",41.96017,-87.93164,204.8,2019-10-12,12.2,",,W",1.7,",,W"
USW00094846,"CHICAGO OHARE INTERNATIONAL AIRPORT, IL US",41.96017,-87.93164,204.8,2019-10-13,11.1,",,W",2.8,",,W"
USW00094846,"CHICAGO OHARE INTERNATIONAL AIRPORT, IL US",41.96017,-87.93164,204.8,2019-10-14,12.2,",,W",2.8,",,W"
USW00094846,"CHICAGO OHARE INTERNATIONAL AIRPORT, IL US",41.96017,-87.93164,204.8,2019-10-15,16.7,",,W",5,",,W"
USW00094846,"CHICAGO OHARE INTERNATIONAL AIRPORT, IL US",41.96017,-87.93164,204.8,2019-10-16,11.1,",,W",5,",,W"
USW00094846,"CHICAGO OHARE INTERNATIONAL AIRPORT, IL US",41.96017,-87.93164,204.8,2019-10-17,12.2,",,W",4.4,",,W"
USW00094846,"CHICAGO OHARE INTERNATIONAL AIRPORT, IL US",41.96017,-87.93164,204.8,2019-10-18,15,",,W",3.3,",,W"
USW00094846,"CHICAGO OHARE INTERNATIONAL AIRPORT, IL US",41.96017,-87.93164,204.8,2019-10-19,20,",,W",6.7,",,W"
USW00094846,"CHICAGO OHARE INTERNATIONAL AIRPORT, IL US",41.96017,-87.93164,204.8,2019-10-20,17.2,",,W",8.9,",,W"
USW00094846,"CHICAGO OHARE INTERNATIONAL AIRPORT, IL US",41.96017,-87.93164,204.8,2019-10-21,19.4,",,W",10,",,W"
USW00094846,"CHICAGO OHARE INTERNATIONAL AIRPORT, IL US",41.96017,-87.93164,204.8,2019-10-22,10.6,",,W",6.7,",,W"
USW00094846,"CHICAGO OHARE INTERNATIONAL AIRPORT, IL US",41.96017,-87.93164,204.8,2019-10-23,14.4,",,W",3.9,",,W"
USW00094846,"CHICAGO OHARE INTERNATIONAL AIRPORT, IL US",41.96017,-87.93164,204.8,2019-10-24,10,",,W",5.6,",,W"
USW00094846,"CHICAGO OHARE INTERNATIONAL AIRPORT, IL US",41.96017,-87.93164,204.8,2019-10-25,8.9,",,W",2.8,",,W"
USW00094846,"CHICAGO OHARE INTERNATIONAL AIRPORT, IL US",41.96017,-87.93164,204.8,2019-10-26,8.9,",,W",2.2,",,W"
USW00094846,"CHICAGO OHARE INTERNATIONAL AIRPORT, IL US",41.96017,-87.93164,204.8,2019-10-27,14.4,",,W",5.6,",,W"
USW00094846,"CHICAGO OHARE INTERNATIONAL AIRPORT, IL US",41.96017,-87.93164,204.8,2019-10-28,9.4,",,W",5,",,W"
USW00094846,"CHICAGO OHARE INTERNATIONAL AIRPORT, IL US",41.96017,-87.93164,204.8,2019-10-29,7.2,",,W",1.7,",,W"
USW00094846,"CHICAGO OHARE INTERNATIONAL AIRPORT, IL US",41.96017,-87.93164,204.8,2019-10-30,5,",,W",0,",,W"
USW00094846,"CHICAGO OHARE INTERNATIONAL AIRPORT, IL US",41.96017,-87.93164,204.8,2019-10-31,0.6,",,W",-3.8,",,W"
USW00094846,"CHICAGO OHARE INTERNATIONAL AIRPORT, IL US",41.96017,-87.93164,204.8,2019-11-01,6.7,",,W",-4.9,",,W"
USW00094846,"CHICAGO OHARE INTERNATIONAL AIRPORT, IL US",41.96017,-87.93164,204.8,2019-11-02,5.6,",,W",-0.5,",,W"
USW00094846,"CHICAGO OHARE INTERNATIONAL AIRPORT, IL US",41.96017,-87.93164,204.8,2019-11-03,11.7,",,W",-1,",,W"
USW00094846,"CHICAGO OHARE INTERNATIONAL AIRPORT, IL US",41.96017,-87.93164,204.8,2019-11-04,10.6,",,W",3.3,",,W"
USW00094846,"CHICAGO OHARE INTERNATIONAL AIRPORT, IL US",41.96017,-87.93164,204.8,2019-11-05,4.4,",,W",-1,",,W"
USW00094846,"CHICAGO OHARE INTERNATIONAL AIRPORT, IL US",41.96017,-87.93164,204.8,2019-11-06,12.8,",,W",-1.6,",,W"
USW00094846,"CHICAGO OHARE INTERNATIONAL AIRPORT, IL US",41.96017,-87.93164,204.8,2019-11-07,-0.5,",,W",-6.6,",,W"
USW00094846,"CHICAGO OHARE INTERNATIONAL AIRPORT, IL US",41.96017,-87.93164,204.8,2019-11-08,0,",,W",-8.8,",,W"
USW00094846,"CHICAGO OHARE INTERNATIONAL AIRPORT, IL US",41.96017,-87.93164,204.8,2019-11-09,7.8,",,W",-2.7,",,W"
USW00094846,"CHICAGO OHARE INTERNATIONAL AIRPORT, IL US",41.96017,-87.93164,204.8,2019-11-10,6.1,",,W",0.6,",,W"
USW00094846,"CHICAGO OHARE INTERNATIONAL AIRPORT, IL US",41.96017,-87.93164,204.8,2019-11-11,0.6,",,W",-10.5,",,W"
USW00094846,"CHICAGO OHARE INTERNATIONAL AIRPORT, IL US",41.96017,-87.93164,204.8,2019-11-12,-8.2,",,W",-13.8,",,W"
USW00094846,"CHICAGO OHARE INTERNATIONAL AIRPORT, IL US",41.96017,-87.93164,204.8,2019-11-13,-2.7,",,W",-11.6,",,W"
USW00094846,"CHICAGO OHARE INTERNATIONAL AIRPORT, IL US",41.96017,-87.93164,204.8,2019-11-14,-1,",,W",-4.3,",,W"
USW00094846,"CHICAGO OHARE INTERNATIONAL AIRPORT, IL US",41.96017,-87.93164,204.8,2019-11-15,3.3,",,W",-5.5,",,W"
USW00094846,"CHICAGO OHARE INTERNATIONAL AIRPORT, IL US",41.96017,-87.93164,204.8,2019-11-16,5.6,",,W",-3.2,",,W"
USW00094846,"CHICAGO OHARE INTERNATIONAL AIRPORT, IL US",41.96017,-87.93164,204.8,2019-11-17,4.4,",,W",-2.7,",,W"
USW00094846,"CHICAGO OHARE INTERNATIONAL AIRPORT, IL US",41.96017,-87.93164,204.8,2019-11-18,4.4,",,W",1.1,",,W"
USW00094846,"CHICAGO OHARE INTERNATIONAL AIRPORT, IL US",41.96017,-87.93164,204.8,2019-11-19,5,",,W",1.7,",,W"
USW00094846,"CHICAGO OHARE INTERNATIONAL AIRPORT, IL US",41.96017,-87.93164,204.8,2019-11-20,8.3,",,W",3.3,",,W"
USW00094846,"CHICAGO OHARE INTERNATIONAL AIRPORT, IL US",41.96017,-87.93164,204.8,2019-11-21,12.2,",,W",2.8,",,W"
USW00094846,"CHICAGO OHARE INTERNATIONAL AIRPORT, IL US",41.96017,-87.93164,204.8,2019-11-22,3.3,",,W",-2.1,",,W"
USW00094846,"CHICAGO OHARE INTERNATIONAL AIRPORT, IL US",41.96017,-87.93164,204.8,2019-11-23,4.4,",,W",-4.3,",,W"
USW00094846,"CHICAGO OHARE INTERNATIONAL AIRPORT, IL US",41.96017,-87.93164,204.8,2019-11-24,10,",,W",0,",,W"
USW00094846,"CHICAGO OHARE INTERNATIONAL AIRPORT, IL US",41.96017,-87.93164,204.8,2019-11-25,11.7,",,W",2.8,",,W"
USW00094846,"CHICAGO OHARE INTERNATIONAL AIRPORT, IL US",41.96017,-87.93164,204.8,2019-11-26,10,",,W",0,",,W"
USW00094846,"CHICAGO OHARE INTERNATIONAL AIRPORT, IL US",41.96017,-87.93164,204.8,2019-11-27,12.8,",,W",0.6,",,W"
USW00094846,"CHICAGO OHARE INTERNATIONAL AIRPORT, IL US",41.96017,-87.93164,204.8,2019-11-28,2.8,",,W",-0.5,",,W"
USW00094846,"CHICAGO OHARE INTERNATIONAL AIRPORT, IL US",41.96017,-87.93164,204.8,2019-11-29,4.4,",,W",0.6,",,W"
USW00094846,"CHICAGO OHARE INTERNATIONAL AIRPORT, IL US",41.96017,-87.93164,204.8,2019-11-30,4.4,",,W",2.2,",,W"
USW00094846,"CHICAGO OHARE INTERNATIONAL AIRPORT, IL US",41.96017,-87.93164,204.8,2019-12-01,5,",,W",-0.5,",,W"
USW00094846,"CHICAGO OHARE INTERNATIONAL AIRPORT, IL US",41.96017,-87.93164,204.8,2019-12-02,1.7,",,W",-1.6,",,W"
USW00094846,"CHICAGO OHARE INTERNATIONAL AIRPORT, IL US",41.96017,-87.93164,204.8,2019-12-03,4.4,",,W",-1.6,",,W"
USW00094846,"CHICAGO OHARE INTERNATIONAL AIRPORT, IL US",41.96017,-87.93164,204.8,2019-12-04,6.1,",,W",-0.5,",,W"
USW00094846,"CHICAGO OHARE INTERNATIONAL AIRPORT, IL US",41.96017,-87.93164,204.8,2019-12-05,7.2,",,W",-2.7,",,W"
USW00094846,"CHICAGO OHARE INTERNATIONAL AIRPORT, IL US",41.96017,-87.93164,204.8,2019-12-06,5.6,",,W",-2.7,",,W"
USW00094846,"CHICAGO OHARE INTERNATIONAL AIRPORT, IL US",41.96017,-87.93164,204.8,2019-12-07,2.8,",,W",-3.8,",,W"
USW00094846,"CHICAGO OHARE INTERNATIONAL AIRPORT, IL US",41.96017,-87.93164,204.8,2019-12-08,8.3,",,W",1.1,",,W"
USW00094846,"CHICAGO OHARE INTERNATIONAL AIRPORT, IL US",41.96017,-87.93164,204.8,2019-12-09,8.3,",,W",-4.3,",,W"
USW00094846,"CHICAGO OHARE INTERNATIONAL AIRPORT, IL US",41.96017,-87.93164,204.8,2019-12-10,-4.3,",,W",-9.9,",,W"
USW00094846,"CHICAGO OHARE INTERNATIONAL AIRPORT, IL US",41.96017,-87.93164,204.8,2019-12-11,-4.3,",,W",-10.5,",,W"
USW00094846,"CHICAGO OHARE INTERNATIONAL AIRPORT, IL US",41.96017,-87.93164,204.8,2019-12-12,7.2,",,W",-7.1,",,W"
USW00094846,"CHICAGO OHARE INTERNATIONAL AIRPORT, IL US",41.96017,-87.93164,204.8,2019-12-13,7.2,",,W",1.1,",,W"
USW00094846,"CHICAGO OHARE INTERNATIONAL AIRPORT, IL US",41.96017,-87.93164,204.8,2019-12-14,1.7,",,W",-4.3,",,W"
USW00094846,"CHICAGO OHARE INTERNATIONAL AIRPORT, IL US",41.96017,-87.93164,204.8,2019-12-15,-3.2,",,W",-7.1,",,W"
USW00094846,"CHICAGO OHARE INTERNATIONAL AIRPORT, IL US",41.96017,-87.93164,204.8,2019-12-16,-1,",,W",-4.3,",,W"
USW00094846,"CHICAGO OHARE INTERNATIONAL AIRPORT, IL US",41.96017,-87.93164,204.8,2019-12-17,-1.6,",,W",-7.1,",,W"
USW00094846,"CHICAGO OHARE INTERNATIONAL AIRPORT, IL US",41.96017,-87.93164,204.8,2019-12-18,-2.7,",,W",-12.1,",,W"
USW00094846,"CHICAGO OHARE INTERNATIONAL AIRPORT, IL US",41.96017,-87.93164,204.8,2019-12-19,1.7,",,W",-9.3,",,W"
USW00094846,"CHICAGO OHARE INTERNATIONAL AIRPORT, IL US",41.96017,-87.93164,204.8,2019-12-20,5,",,W",-4.9,",,W"
USW00094846,"CHICAGO OHARE INTERNATIONAL AIRPORT, IL US",41.96017,-87.93164,204.8,2019-12-21,8.3,",,W",0,",,W"
USW00094846,"CHICAGO OHARE INTERNATIONAL AIRPORT, IL US",41.96017,-87.93164,204.8,2019-12-22,11.1,",,W",0.6,",,W"
USW00094846,"CHICAGO OHARE INTERNATIONAL AIRPORT, IL US",41.96017,-87.93164,204.8,2019-12-23,11.1,",,W",0.6,",,W"
USW00094846,"CHICAGO OHARE INTERNATIONAL AIRPORT, IL US",41.96017,-87.93164,204.8,2019-12-24,12.8,",,W",-1,",,W"
USW00094846,"CHICAGO OHARE INTERNATIONAL AIRPORT, IL US",41.96017,-87.93164,204.8,2019-12-25,13.9,",,W",2.8,",,W"
USW00094846,"CHICAGO OHARE INTERNATIONAL AIRPORT, IL US",41.96017,-87.93164,204.8,2019-12-26,16.1,",,W",2.8,",,W"
USW00094846,"CHICAGO OHARE INTERNATIONAL AIRPORT, IL US",41.96017,-87.93164,204.8,2019-12-27,2.8,",,W",-2.1,",,W"
USW00094846,"CHICAGO OHARE INTERNATIONAL AIRPORT, IL US",41.96017,-87.93164,204.8,2019-12-28,8.9,",,W",-2.7,",,W"
USW00094846,"CHICAGO OHARE INTERNATIONAL AIRPORT, IL US",41.96017,-87.93164,204.8,2019-12-29,13.9,",,W",8.3,",,W"
USW00094846,"CHICAGO OHARE INTERNATIONAL AIRPORT, IL US",41.96017,-87.93164,204.8,2019-12-30,8.3,",,W",-2.7,",,W"
USW00094846,"CHICAGO OHARE INTERNATIONAL AIRPORT, IL US",41.96017,-87.93164,204.8,2019-12-31,-2.1,",,W",-4.3,",,W"
USW00014819,"CHICAGO MIDWAY AIRPORT, IL US",41.78412,-87.75514,185.8,2019-01-01,2.2,",,W",-2.7,",,W"
USW00014819,"CHICAGO MIDWAY AIRPORT, IL US",41.78412,-87.75514,185.8,2019-01-02,0,",,W",-2.7,",,W"
USW00014819,"CHICAGO MIDWAY AIRPORT, IL US",41.78412,-87.75514,185.8,2019-01-03,5,",,W",-3.8,",,W"
USW00014819,"CHICAGO MIDWAY AIRPORT, IL US",41.78412,-87.75514,185.8,2019-01-04,10,",,W",0,",,W"
USW00014819,"CHICAGO MIDWAY AIRPORT, IL US",41.78412,-87.75514,185.8,2019-01-05,11.7,",,W",-0.5,",,W"
USW00014819,"CHICAGO MIDWAY AIRPORT, IL US",41.78412,-87.75514,185.8,2019-01-06,5.6,",,W",2.8,",,W"
USW00014819,"CHICAGO MIDWAY AIRPORT, IL US",41.78412,-87.75514,185.8,2019-01-07,12.8,",,W",5,",,W"
USW00014819,"CHICAGO MIDWAY AIRPORT, IL US",41.78412,-87.75514,185.8,2019-01-08,8.3,",,W",-3.2,",,W"
USW00014819,"CHICAGO MIDWAY AIRPORT, IL US",41.78412,-87.75514,185.8,2019-01-09,-3.2,",,W",-8.2,",,W"
USW00014819,"CHICAGO MIDWAY AIRPORT, IL US",41.78412,-87.75514,185.8,2019-01-10,-3.8,",,W",-9.3,",,W"
USW00014819,"CHICAGO MIDWAY AIRPORT, IL US",41.78412,-87.75514,185.8,2019-01-11,-0.5,",,W",-5.5,",,W"
USW00014819,"CHICAGO MIDWAY AIRPORT, IL US",41.78412,-87.75514,185.8,2019-01-12,0,",,W",-1,",,W"
USW00014819,"CHICAGO MIDWAY AIRPORT, IL US",41.78412,-87.75514,185.8,2019-01-13,0,",,W",-2.7,",,W"
USW00014819,"CHICAGO MIDWAY AIRPORT, IL US",41.78412,-87.75514,185.8,2019-01-14,-2.1,",,W",-6,",,W"
USW00014819,"CHICAGO MIDWAY AIRPORT, IL US",41.78412,-87.75514,185.8,2019-01-15,0.6,",,W",-3.8,",,W"
USW00014819,"CHICAGO MIDWAY AIRPORT, IL US",41.78412,-87.75514,185.8,2019-01-16,1.7,",,W",-1.6,",,W"
USW00014819,"CHICAGO MIDWAY AIRPORT, IL US",41.78412,-87.75514,185.8,2019-01-17,2.2,",,W",-1.6,",,W"
USW00014819,"CHICAGO MIDWAY AIRPORT, IL US",41.78412,-87.75514,185.8,2019-01-18,0,",,W",-1.6,",,W"
USW00014819,"CHICAGO MIDWAY AIRPORT, IL US",41.78412,-87.75514,185.8,2019-01-19,-1.6,",,W",-9.3,",,W"
USW00014819,"CHICAGO MIDWAY AIRPORT, IL US",41.78412,-87.75514,185.8,2019-01-20,-7.7,",,W",-13.8,",,W"
USW00014819,"CHICAGO MIDWAY AIRPORT, IL US",41.78412,-87.75514,185.8,2019-01-21,-9.3,",,W",-13.2,",,W"
USW00014819,"CHICAGO MIDWAY AIRPORT, IL US",41.78412,-87.75514,185.8,2019-01-22,2.2,",,W",-10.5,",,W"
USW00014819,"CHICAGO MIDWAY AIRPORT, IL US",41.78412,-87.75514,185.8,2019-01-23,1.7,",,W",-6,",,W"
USW00014819,"CHICAGO MIDWAY AIRPORT, IL US",41.78412,-87.75514,185.8,2019-01-24,-4.9,",,W",-16,",,W"
USW00014819,"CHICAGO MIDWAY AIRPORT, IL US",41.78412,-87.75514,185.8,2019-01-25,-13.8,",,W",-20.5,",,W"
USW00014819,"CHICAGO MIDWAY AIRPORT, IL US",41.78412,-87.75514,185.8,2019-01-26,-10.5,",,W",-20.5,",,W"
USW00014819,"CHICAGO MIDWAY AIRPORT, IL US",41.78412,-87.75514,185.8,2019-01-27,-11,",,W",-18.8,",,W"
USW00014819,"CHICAGO MIDWAY AIRPORT, IL US",41.78412,-87.75514,185.8,2019-01-28,1.7,",,W",-12.7,",,W"
USW00014819,"CHICAGO MIDWAY AIRPORT, IL US",41.78412,-87.75514,185.8,2019-01-29,-11.6,",,W",-22.7,",,W"
USW00014819,"CHICAGO MIDWAY AIRPORT, IL US",41.78412,-87.75514,185.8,2019-01-30,-22.7,",,W",-29.9,",,W"
USW00014819,"CHICAGO MIDWAY AIRPORT, IL US",41.78412,-87.75514,185.8,2019-01-31,-16.6,",,W",-28.8,",,W"
USW00014819,"CHICAGO MIDWAY AIRPORT, IL US",41.78412,-87.75514,185.8,2019-02-01,-6,",,W",-16.6,",,W"
USW00014819,"CHICAGO MIDWAY AIRPORT, IL US",41.78412,-87.75514,185.8,2019-02-02,5,",,W",-9.3,",,W"
USW00014819,"CHICAGO MIDWAY AIRPORT, IL US",41.78412,-87.75514,185.8,2019-02-03,9.4,",,W",3.3,",,W"
USW00014819,"CHICAGO MIDWAY AIRPORT, IL US",41.78412,-87.75514,185.8,2019-02-04,10.6,",,W",-1,",,W"
USW00014819,"CHICAGO MIDWAY AIRPORT, IL US",41.78412,-87.75514,185.8,2019-02-05,1.1,",,W",-2.7,",,W"
USW00014819,"CHICAGO MIDWAY AIRPORT, IL US",41.78412,-87.75514,185.8,2019-02-06,3.3,",,W",0.6,",,W"
USW00014819,"CHICAGO MIDWAY AIRPORT, IL US",41.78412,-87.75514,185.8,2019-02-07,7.8,",,W",-11.6,",,W"
USW00014819,"CHICAGO MIDWAY AIRPORT, IL US",41.78412,-87.75514,185.8,2019-02-08,-9.3,",,W",-14.9,",,W"
USW00014819,"CHICAGO MIDWAY AIRPORT, IL US",41.78412,-87.75514,185.8,2019-02-09,-3.2,",,W",-13.8,",,W"
USW00014819,"CHICAGO MIDWAY AIRPORT, IL US",41.78412,-87.75514,185.8,2019-02-10,-1.6,",,W",-4.9,",,W"
USW00014819,"CHICAGO MIDWAY AIRPORT, IL US",41.78412,-87.75514,185.8,2019-02-11,0,",,W",-1.6,",,W"
USW00014819,"CHICAGO MIDWAY AIRPORT, IL US",41.78412,-87.75514,185.8,2019-02-12,0.6,",,W",-6,",,W"
USW00014819,"CHICAGO MIDWAY AIRPORT, IL US",41.78412,-87.75514,185.8,2019-02-13,-1,",,W",-10.5,",,W"
USW00014819,"CHICAGO MIDWAY AIRPORT, IL US",41.78412,-87.75514,185.8,2019-02-14,7.8,",,W",-1,",,W"
USW00014819,"CHICAGO MIDWAY AIRPORT, IL US",41.78412,-87.75514,185.8,2019-02-15,0.6,",,W",-11.6,",,W"
USW00014819,"CHICAGO MIDWAY AIRPORT, IL US",41.78412,-87.75514,185.8,2019-02-16,-1,",,W",-7.7,",,W"
USW00014819,"CHICAGO MIDWAY AIRPORT, IL US",41.78412,-87.75514,185.8,2019-02-17,-1.6,",,W",-3.8,",,W"
USW00014819,"CHICAGO MIDWAY AIRPORT, IL US",41.78412,-87.75514,185.8,2019-02-18,-0.5,",,W",-5.5,",,W"
USW00014819,"CHICAGO MIDWAY AIRPORT, IL US",41.78412,-87.75514,185.8,2019-02-19,0.6,",,W",-9.9,",,W"
USW00014819,"CHICAGO MIDWAY AIRPORT, IL US",41.78412,-87.75514,185.8,2019-02-20,2.8,",,W",-1.6,",,W"
USW00014819,"CHICAGO MIDWAY AIRPORT, IL US",41.78412,-87.75514,185.8,2019-02-21,1.7,",,W",-3.2,",,W"
USW00014819,"CHICAGO MIDWAY AIRPORT, IL US",41.78412,-87.75514,185.8,2019-02-22,3.3,",,W",-4.9,",,W"
USW00014819,"CHICAGO MIDWAY AIRPORT, IL US",41.78412,-87.75514,185.8,2019-02-23,9.4,",,W",1.7,",,W"
USW00014819,"CHICAGO MIDWAY AIRPORT, IL US",41.78412,-87.75514,185.8,2019-02-24,7.8,",,W",-9.9,",,W"
USW00014819,"CHICAGO MIDWAY AIRPORT, IL US",41.78412,-87.75514,185.8,2019-02-25,-4.9,",,W",-13.2,",,W"
USW00014819,"CHICAGO MIDWAY AIRPORT, IL US",41.78412,-87.75514,185.8,2019-02-26,-3.8,",,W",-7.7,",,W"
USW00014819,"CHICAGO MIDWAY AIRPORT, IL US",41.78412,-87.75514,185.8,2019-02-27,0,",,W",-8.2,",,W"
USW00014819,"CHICAGO MIDWAY AIRPORT, IL US",41.78412,-87.75514,185.8,2019-02-28,-2.1,",,W",-10.5,",,W"
USW00014819,"CHICAGO MIDWAY AIRPORT, IL US",41.78412,-87.75514,185.8,2019-03-01,1.1,",,W",-3.8,",,W"
USW00014819,"CHICAGO MIDWAY AIRPORT, IL US",41.78412,-87.75514,185.8,2019-03-02,1.7,",,W",-2.1,",,W"
USW00014819,"CHICAGO MIDWAY AIRPORT, IL US",41.78412,-87.75514,185.8,2019-03-03,-2.1,",,W",-14.3,",,W"
USW00014819,"CHICAGO MIDWAY AIRPORT, IL US",41.78412,-87.75514,185.8,2019-03-04,-9.3,",,W",-18.8,",,W"
USW00014819,"CHICAGO MIDWAY AIRPORT, IL US",41.78412,-87.75514,185.8,2019-03-05,-5.5,",,W",-12.7,",,W"
USW00014819,"CHICAGO MIDWAY AIRPORT, IL US",41.78412,-87.75514,185.8,2019-03-06,0,",,W",-12.1,",,W"
USW00014819,"CHICAGO MIDWAY AIRPORT, IL US",41.78412,-87.75514,185.8,2019-03-07,-2.1,",,W",-8.8,",,W"
USW00014819,"CHICAGO MIDWAY AIRPORT, IL US",41.78412,-87.75514,185.8,2019-03-08,3.9,",,W",-4.9,",,W"
USW00014819,"CHICAGO MIDWAY AIRPORT, IL US",41.78412,-87.75514,185.8,2019-03-09,6.7,",,W",-1.6,",,W"
USW00014819,"CHICAGO MIDWAY AIRPORT, IL US",41.78412,-87.75514,185.8,2019-03-10,3.9,",,W",-1,",,W"
USW00014819,"CHICAGO MIDWAY AIRPORT, IL US",41.78412,-87.75514,185.8,2019-03-11,6.1,",,W",-2.1,",,W"
USW00014819,"CHICAGO MIDWAY AIRPORT, IL US",41.78412,-87.75514,185.8,2019-03-12,9.4,",,W",-3.2,",,W"
USW00014819,"CHICAGO MIDWAY AIRPORT, IL US",41.78412,-87.75514,185.8,2019-03-13,16.1,",,W",5,",,W"
USW00014819,"CHICAGO MIDWAY AIRPORT, IL US",41.78412,-87.75514,185.8,2019-03-14,17.8,",,W",4.4,",,W"
USW00014819,"CHICAGO MIDWAY AIRPORT, IL US",41.78412,-87.75514,185.8,2019-03-15,4.4,",,W",0,",,W"
USW00014819,"CHICAGO MIDWAY AIRPORT, IL US",41.78412,-87.75514,185.8,2019-03-16,6.1,",,W",-1.6,",,W"
USW00014819,"CHICAGO MIDWAY AIRPORT, IL US",41.78412,-87.75514,185.8,2019-03-17,7.2,",,W",-1.6,",,W"
USW00014819,"CHICAGO MIDWAY AIRPORT, IL US",41.78412,-87.75514,185.8,2019-03-18,7.2,",,W",-2.1,",,W"
USW00014819,"CHICAGO MIDWAY AIRPORT, IL US",41.78412,-87.75514,185.8,2019-03-19,10,",,W",-1,",,W"
USW00014819,"CHICAGO MIDWAY AIRPORT, IL US",41.78412,-87.75514,185.8,2019-03-20,7.2,",,W",4.4,",,W"
USW00014819,"CHICAGO MIDWAY AIRPORT, IL US",41.78412,-87.75514,185.8,2019-03-21,7.8,",,W",2.8,",,W"
USW00014819,"CHICAGO MIDWAY AIRPORT, IL US",41.78412,-87.75514,185.8,2019-03-22,8.3,",,W",-0.5,",,W"
USW00014819,"CHICAGO MIDWAY AIRPORT, IL US",41.78412,-87.75514,185.8,2019-03-23,11.7,",,W",-2.7,",,W"
USW00014819,"CHICAGO MIDWAY AIRPORT, IL US",41.78412,-87.75514,185.8,2019-03-24,10.6,",,W",2.2,",,W"
USW00014819,"CHICAGO MIDWAY AIRPORT, IL US",41.78412,-87.75514,185.8,2019-03-25,6.1,",,W",-1,",,W"
USW00014819,"CHICAGO MIDWAY AIRPORT, IL US",41.78412,-87.75514,185.8,2019-03-26,7.8,",,W",-2.7,",,W"
USW00014819,"CHICAGO MIDWAY AIRPORT, IL US",41.78412,-87.75514,185.8,2019-03-27,15,",,W",-0.5,",,W"
USW00014819,"CHICAGO MIDWAY AIRPORT, IL US",41.78412,-87.75514,185.8,2019-03-28,18.3,",,W",1.1,",,W"
USW00014819,"CHICAGO MIDWAY AIRPORT, IL US",41.78412,-87.75514,185.8,2019-03-29,12.8,",,W",3.9,",,W"
USW00014819,"CHICAGO MIDWAY AIRPORT, IL US",41.78412,-87.75514,185.8,2019-03-30,6.7,",,W",-0.5,",,W"
USW00014819,"CHICAGO MIDWAY AIRPORT, IL US",41.78412,-87.75514,185.8,2019-03-31,4.4,",,W",-4.3,",,W"
USW00014819,"CHICAGO MIDWAY AIRPORT, IL US",41.78412,-87.75514,185.8,2019-04-01,9.4,",,W",-2.7,",,W"
USW00014819,"CHICAGO MIDWAY AIRPORT, IL US",41.78412,-87.75514,185.8,2019-04-02,13.9,",,W",3.3,",,W"
USW00014819,"CHICAGO MIDWAY AIRPORT, IL US",41.78412,-87.75514,185.8,2019-04-03,15,",,W",2.8,",,W"
USW00014819,"CHICAGO MIDWAY AIRPORT, IL US",41.78412,-87.75514,185.8,2019-04-04,8.9,",,W",4.4,",,W"
USW00014819,"CHICAGO MIDWAY AIRPORT, IL US",41.78412,-87.75514,185.8,2019-04-05,13.9,",,W",5,",,W"
USW00014819,"CHICAGO MIDWAY AIRPORT, IL US",41.78412,-87.75514,185.8,2019-04-06,18.3,",,W",5,",,W"
USW00014819,"CHICAGO MIDWAY AIRPORT, IL US",41.78412,-87.75514,185.8,2019-04-07,21.1,",,W",11.7,",,W"
USW00014819,"CHICAGO MIDWAY AIRPORT, IL US",41.78412,-87.75514,185.8,2019-04-08,23.3,",,W",11.7,",,W"
USW00014819,"CHICAGO MIDWAY AIRPORT, IL US",41.78412,-87.75514,185.8,2019-04-09,20,",,W",5,",,W"
USW00014819,"CHICAGO MIDWAY AIRPORT, IL US",41.78412,-87.75514,185.8,2019-04-10,5.6,",,W",2.2,",,W"
USW00014819,"CHICAGO MIDWAY AIRPORT, IL US",41.78412,-87.75514,185.8,2019-04-11,16.1,",,W",3.9,",,W"
USW00014819,"CHICAGO MIDWAY AIRPORT, IL US",41.78412,-87.75514,185.8,2019-04-12,12.2,",,W",3.9,",,W"
USW00014819,"CHICAGO MIDWAY AIRPORT, IL US",41.78412,-87.75514,185.8,2019-04-13,12.2,",,W",2.8,",,W"
USW00014819,"CHICAGO MIDWAY AIRPORT, IL US",41.78412,-87.75514,185.8,2019-04-14,4.4,",,W",0.6,",,W"
USW00014819,"CHICAGO MIDWAY AIRPORT, IL US",41.78412,-87.75514,185.8,2019-04-15,12.2,",,W",-0.5,",,W"
USW00014819,"CHICAGO MIDWAY AIRPORT, IL US",41.78412,-87.75514,185.8,2019-04-16,23.9,",,W",8.3,",,W"
USW00014819,"CHICAGO MIDWAY AIRPORT, IL US",41.78412,-87.75514,185.8,2019-04-17,25,",,W",8.9,",,W"
USW00014819,"CHICAGO MIDWAY AIRPORT, IL US",41.78412,-87.75514,185.8,2019-04-18,18.3,",,W",6.7,",,W"
USW00014819,"CHICAGO MIDWAY AIRPORT, IL US",41.78412,-87.75514,185.8,2019-04-19,9.4,",,W",5,",,W"
USW00014819,"CHICAGO MIDWAY AIRPORT, IL US",41.78412,-87.75514,185.8,2019-04-20,18.3,",,W",5,",,W"
USW00014819,"CHICAGO MIDWAY AIRPORT, IL US",41.78412,-87.75514,185.8,2019-04-21,25.6,",,W",7.2,",,W"
USW00014819,"CHICAGO MIDWAY AIRPORT, IL US",41.78412,-87.75514,185.8,2019-04-22,26.7,",,W",14.4,",,W"
USW00014819,"CHICAGO MIDWAY AIRPORT, IL US",41.78412,-87.75514,185.8,2019-04-23,18.9,",,W",10,",,W"
USW00014819,"CHICAGO MIDWAY AIRPORT, IL US",41.78412,-87.75514,185.8,2019-04-24,18.3,",,W",7.2,",,W"
USW00014819,"CHICAGO MIDWAY AIRPORT, IL US",41.78412,-87.75514,185.8,2019-04-25,18.9,",,W",8.3,",,W"
USW00014819,"CHICAGO MIDWAY AIRPORT, IL US",41.78412,-87.75514,185.8,2019-04-26,18.3,",,W",10,",,W"
USW00014819,"CHICAGO MIDWAY AIRPORT, IL US",41.78412,-87.75514,185.8,2019-04-27,10.6,",,W",0.6,",,W"
USW00014819,"CHICAGO MIDWAY AIRPORT, IL US",41.78412,-87.75514,185.8,2019-04-28,11.1,",,W",1.1,",,W"
USW00014819,"CHICAGO MIDWAY AIRPORT, IL US",41.78412,-87.75514,185.8,2019-04-29,11.7,",,W",6.1,",,W"
USW00014819,"CHICAGO MIDWAY AIRPORT, IL US",41.78412,-87.75514,185.8,2019-04-30,10,",,W",4.4,",,W"
USW00014819,"CHICAGO MIDWAY AIRPORT, IL US",41.78412,-87.75514,185.8,2019-05-01,16.1,",,W",7.2,",,W"
USW00014819,"CHICAGO MIDWAY AIRPORT, IL US",41.78412,-87.75514,185.8,2019-05-02,9.4,",,W",6.1,",,W"
USW00014819,"CHICAGO MIDWAY AIRPORT, IL US",41.78412,-87.75514,185.8,2019-05-03,13.9,",,W",6.7,",,W"
USW00014819,"CHICAGO MIDWAY AIRPORT, IL US",41.78412,-87.75514,185.8,2019-05-04,16.1,",,W",5.6,",,W"
USW00014819,"CHICAGO MIDWAY AIRPORT, IL US",41.78412,-87.75514,185.8,2019-05-05,23.3,",,W",6.7,",,W"
USW00014819,"CHICAGO MIDWAY AIRPORT, IL US",41.78412,-87.75514,185.8,2019-05-06,22.2,",,W",8.3,",,W"
USW00014819,"CHICAGO MIDWAY AIRPORT, IL US",41.78412,-87.75514,185.8,2019-05-07,10,",,W",7.2,",,W"
USW00014819,"CHICAGO MIDWAY AIRPORT, IL US",41.78412,-87.75514,185.8,2019-05-08,24.4,",,W",8.3,",,W"
USW00014819,"CHICAGO MIDWAY AIRPORT, IL US",41.78412,-87.75514,185.8,2019-05-09,20.6,",,W",9.4,",,W"
USW00014819,"CHICAGO MIDWAY AIRPORT, IL US",41.78412,-87.75514,185.8,2019-05-10,13.3,",,W",7.2,",,W"
USW00014819,"CHICAGO MIDWAY AIRPORT, IL US",41.78412,-87.75514,185.8,2019-05-11,12.2,",,W",7.2,",,W"
USW00014819,"CHICAGO MIDWAY AIRPORT, IL US",41.78412,-87.75514,185.8,2019-05-12,11.7,",,W",6.1,",,W"
USW00014819,"CHICAGO MIDWAY AIRPORT, IL US",41.78412,-87.75514,185.8,2019-05-13,16.1,",,W",6.1,",,W"
USW00014819,"CHICAGO MIDWAY AIRPORT, IL US",41.78412,-87.75514,185.8,2019-05-14,21.1,",,W",6.1,",,W"
USW00014819,"CHICAGO MIDWAY AIRPORT, IL US",41.78412,-87.75514,185.8,2019-05-15,25,",,W",11.1,",,W"
USW00014819,"CHICAGO MIDWAY AIRPORT, IL US",41.78412,-87.75514,185.8,2019-05-16,24.4,",,W",15,",,W"
USW00014819,"CHICAGO MIDWAY AIRPORT, IL US",41.78412,-87.75514,185.8,2019-05-17,20.6,",,W",7.8,",,W"
USW00014819,"CHICAGO MIDWAY AIRPORT, IL US",41.78412,-87.75514,185.8,2019-05-18,28.3,",,W",7.2,",,W"
USW00014819,"CHICAGO MIDWAY AIRPORT, IL US",41.78412,-87.75514,185.8,2019-05-19,23.9,",,W",11.7,",,W"
USW00014819,"CHICAGO MIDWAY AIRPORT, IL US",41.78412,-87.75514,185.8,2019-05-20,13.9,",,W",8.3,",,W"
USW00014819,"CHICAGO MIDWAY AIRPORT, IL US",41.78412,-87.75514,185.8,2019-05-21,13.3,",I,W",7.8,",,W"
USW00014819,"CHICAGO MIDWAY AIRPORT, IL US",41.78412,-87.75514,185.8,2019-05-22,28.3,",,W",21.7,",I,W"
USW00014819,"CHICAGO MIDWAY AIRPORT, IL US",41.78412,-87.75514,185.8,2019-05-23,24.4,",,W",17.8,",,W"
USW00014819,"CHICAGO MIDWAY AIRPORT, IL US",41.78412,-87.75514,185.8,2019-05-24,25.6,",,W",13.3,",,W"
USW00014819,"CHICAGO MIDWAY AIRPORT, IL US",41.78412,-87.75514,185.8,2019-05-25,28.3,",,W",22.2,",,W"
USW00014819,"CHICAGO MIDWAY AIRPORT, IL US",41.78412,-87.75514,185.8,2019-05-26,25,",,W",13.3,",,W"
USW00014819,"CHICAGO MIDWAY AIRPORT, IL US",41.78412,-87.75514,185.8,2019-05-27,24.4,",,W",12.8,",,W"
USW00014819,"CHICAGO MIDWAY AIRPORT, IL US",41.78412,-87.75514,185.8,2019-05-28,21.7,",,W",11.1,",,W"
USW00014819,"CHICAGO MIDWAY AIRPORT, IL US",41.78412,-87.75514,185.8,2019-05-29,23.3,",,W",11.1,",,W"
USW00014819,"CHICAGO MIDWAY AIRPORT, IL US",41.78412,-87.75514,185.8,2019-05-30,26.7,",,W",16.1,",,W"
USW00014819,"CHICAGO MIDWAY AIRPORT, IL US",41.78412,-87.75514,185.8,2019-05-31,28.3,",,W",16.1,",,W"
USW00014819,"CHICAGO MIDWAY AIRPORT, IL US",41.78412,-87.75514,185.8,2019-06-01,27.8,",,W",12.2,",,W"
USW00014819,"CHICAGO MIDWAY AIRPORT, IL US",41.78412,-87.75514,185.8,2019-06-02,20.6,",,W",11.7,",,W"
USW00014819,"CHICAGO MIDWAY AIRPORT, IL US",41.78412,-87.75514,185.8,2019-06-03,20,",,W",10.6,",,W"
USW00014819,"CHICAGO MIDWAY AIRPORT, IL US",41.78412,-87.75514,185.8,2019-06-04,28.3,",,W",15.6,",,W"
USW00014819,"CHICAGO MIDWAY AIRPORT, IL US",41.78412,-87.75514,185.8,2019-06-05,30,",,W",15.6,",,W"
USW00014819,"CHICAGO MIDWAY AIRPORT, IL US",41.78412,-87.75514,185.8,2019-06-06,24.4,",,W",13.9,",,W"
USW00014819,"CHICAGO MIDWAY AIRPORT, IL US",41.78412,-87.75514,185.8,2019-06-07,26.7,",,W",13.9,",,W"
USW00014819,"CHICAGO MIDWAY AIRPORT, IL US",41.78412,-87.75514,185.8,2019-06-08,26.1,",,W",15.6,",,W"
USW00014819,"CHICAGO MIDWAY AIRPORT, IL US",41.78412,-87.75514,185.8,2019-06-09,22.8,",,W",18.3,",,W"
USW00014819,"CHICAGO MIDWAY AIRPORT, IL US",41.78412,-87.75514,185.8,2019-06-10,24.4,",,W",16.1,",,W"
USW00014819,"CHICAGO MIDWAY AIRPORT, IL US",41.78412,-87.75514,185.8,2019-06-11,27.8,",,W",14.4,",,W"
USW00014819,"CHICAGO MIDWAY AIRPORT, IL US",41.78412,-87.75514,185.8,2019-06-12,23.3,",,W",12.8,",,W"
USW00014819,"CHICAGO MIDWAY AIRPORT, IL US",41.78412,-87.75514,185.8,2019-06-13,20.6,",,W",11.1,",,W"
USW00014819,"CHICAGO MIDWAY AIRPORT, IL US",41.78412,-87.75514,185.8,2019-06-14,27.2,",,W",11.1,",,W"
USW00014819,"CHICAGO MIDWAY AIRPORT, IL US",41.78412,-87.75514,185.8,2019-06-15,21.7,",,W",13.9,",,W"
USW00014819,"CHICAGO MIDWAY AIRPORT, IL US",41.78412,-87.75514,185.8,2019-06-16,19.4,",,W",13.3,",,W"
USW00014819,"CHICAGO MIDWAY AIRPORT, IL US",41.78412,-87.75514,185.8,2019-06-17,20,",,W",13.3,",,W"
USW00014819,"CHICAGO MIDWAY AIRPORT, IL US",41.78412,-87.75514,185.8,2019-06-18,26.1,",,W",14.4,",,W"
USW00014819,"CHICAGO MIDWAY AIRPORT, IL US",41.78412,-87.75514,185.8,2019-06-19,23.9,",,W",13.3,",,W"
USW00014819,"CHICAGO MIDWAY AIRPORT, IL US",41.78412,-87.75514,185.8,2019-06-20,21.1,",,W",12.8,",,W"
USW00014819,"CHICAGO MIDWAY AIRPORT, IL US",41.78412,-87.75514,185.8,2019-06-21,22.2,",,W",11.7,",,W"
USW00014819,"CHICAGO MIDWAY AIRPORT, IL US",41.78412,-87.75514,185.8,2019-06-22,27.2,",,W",16.1,",,W"
USW00014819,"CHICAGO MIDWAY AIRPORT, IL US",41.78412,-87.75514,185.8,2019-06-23,27.8,",,W",18.9,",,W"
USW00014819,"CHICAGO MIDWAY AIRPORT, IL US",41.78412,-87.75514,185.8,2019-06-24,26.1,",,W",19.4,",,W"
USW00014819,"CHICAGO MIDWAY AIRPORT, IL US",41.78412,-87.75514,185.8,2019-06-25,30.6,",,W",17.2,",,W"
USW00014819,"CHICAGO MIDWAY AIRPORT, IL US",41.78412,-87.75514,185.8,2019-06-26,32.2,",,W",21.1,",,W"
USW00014819,"CHICAGO MIDWAY AIRPORT, IL US",41.78412,-87.75514,185.8,2019-06-27,32.2,",,W",20.6,",,W"
USW00014819,"CHICAGO MIDWAY AIRPORT, IL US",41.78412,-87.75514,185.8,2019-06-28,32.8,",,W",22.2,",,W"
USW00014819,"CHICAGO MIDWAY AIRPORT, IL US",41.78412,-87.75514,185.8,2019-06-29,30.6,",,W",22.2,",,W"
USW00014819,"CHICAGO MIDWAY AIRPORT, IL US",41.78412,-87.75514,185.8,2019-06-30,31.7,",,W",22.2,",,W"
USW00014819,"CHICAGO MIDWAY AIRPORT, IL US",41.78412,-87.75514,185.8,2019-07-01,32.8,",,W",21.1,",,W"
USW00014819,"CHICAGO MIDWAY AIRPORT, IL US",41.78412,-87.75514,185.8,2019-07-02,33.3,",,W",21.7,",,W"
USW00014819,"CHICAGO MIDWAY AIRPORT, IL US",41.78412,-87.75514,185.8,2019-07-03,30,",,W",21.7,",,W"
USW00014819,"CHICAGO MIDWAY AIRPORT, IL US",41.78412,-87.75514,185.8,2019-07-04,32.8,",,W",21.1,",,W"
USW00014819,"CHICAGO MIDWAY AIRPORT, IL US",41.78412,-87.75514,185.8,2019-07-05,33.3,",,W",24.4,",,W"
USW00014819,"CHICAGO MIDWAY AIRPORT, IL US",41.78412,-87.75514,185.8,2019-07-06,30,",,W",21.1,",,W"
USW00014819,"CHICAGO MIDWAY AIRPORT, IL US",41.78412,-87.75514,185.8,2019-07-07,26.1,",,W",19.4,",,W"
USW00014819,"CHICAGO MIDWAY AIRPORT, IL US",41.78412,-87.75514,185.8,2019-07-08,28.3,",,W",18.3,",,W"
USW00014819,"CHICAGO MIDWAY AIRPORT, IL US",41.78412,-87.75514,185.8,2019-07-09,31.7,",,W",19.4,",,W"
USW00014819,"CHICAGO MIDWAY AIRPORT, IL US",41.78412,-87.75514,185.8,2019-07-10,35.6,",,W",24.4,",,W"
USW00014819,"CHICAGO MIDWAY AIRPORT, IL US",41.78412,-87.75514,185.8,2019-07-11,27.8,",,W",20,",,W"
USW00014819,"CHICAGO MIDWAY AIRPORT, IL US",41.78412,-87.75514,185.8,2019-07-12,30.6,",,W",16.7,",,W"
USW00014819,"CHICAGO MIDWAY AIRPORT, IL US",41.78412,-87.75514,185.8,2019-07-13,34.4,",,W",22.8,",,W"
USW00014819,"CHICAGO MIDWAY AIRPORT, IL US",41.78412,-87.75514,185.8,2019-07-14,32.2,",,W",22.8,",,W"
USW00014819,"CHICAGO MIDWAY AIRPORT, IL US",41.78412,-87.75514,185.8,2019-07-15,33.3,",,W",23.9,",,W"
USW00014819,"CHICAGO MIDWAY AIRPORT, IL US",41.78412,-87.75514,185.8,2019-07-16,28.9,",,W",22.2,",,W"
USW00014819,"CHICAGO MIDWAY AIRPORT, IL US",41.78412,-87.75514,185.8,2019-07-17,32.8,",,W",23.3,",,W"
USW00014819,"CHICAGO MIDWAY AIRPORT, IL US",41.78412,-87.75514,185.8,2019-07-18,31.1,",,W",21.7,",,W"
USW00014819,"CHICAGO MIDWAY AIRPORT, IL US",41.78412,-87.75514,185.8,2019-07-19,35,",,W",27.2,",,W"
USW00014819,"CHICAGO MIDWAY AIRPORT, IL US",41.78412,-87.75514,185.8,2019-07-20,36.1,",,W",24.4,",,W"
USW00014819,"CHICAGO MIDWAY AIRPORT, IL US",41.78412,-87.75514,185.8,2019-07-21,26.7,",,W",21.7,",,W"
USW00014819,"CHICAGO MIDWAY AIRPORT, IL US",41.78412,-87.75514,185.8,2019-07-22,24.4,",,W",17.2,",,W"
USW00014819,"CHICAGO MIDWAY AIRPORT, IL US",41.78412,-87.75514,185.8,2019-07-23,27.2,",,W",16.7,",,W"
USW00014819,"CHICAGO MIDWAY AIRPORT, IL US",41.78412,-87.75514,185.8,2019-07-24,26.7,",,W",16.7,",,W"
USW00014819,"CHICAGO MIDWAY AIRPORT, IL US",41.78412,-87.75514,185.8,2019-07-25,30,",,W",17.2,",,W"
USW00014819,"CHICAGO MIDWAY AIRPORT, IL US",41.78412,-87.75514,185.8,2019-07-26,30,",,W",20,",,W"
USW00014819,"CHICAGO MIDWAY AIRPORT, IL US",41.78412,-87.75514,185.8,2019-07-27,31.7,",,W",22.2,",,W"
USW00014819,"CHICAGO MIDWAY AIRPORT, IL US",41.78412,-87.75514,185.8,2019-07-28,32.2,",,W",22.8,",,W"
USW00014819,"CHICAGO MIDWAY AIRPORT, IL US",41.78412,-87.75514,185.8,2019-07-29,27.8,",,W",21.1,",,W"
USW00014819,"CHICAGO MIDWAY AIRPORT, IL US",41.78412,-87.75514,185.8,2019-07-30,26.1,",,W",19.4,",,W"
USW00014819,"CHICAGO MIDWAY AIRPORT, IL US",41.78412,-87.75514,185.8,2019-07-31,24.4,",,W",17.2,",,W"
USW00014819,"CHICAGO MIDWAY AIRPORT, IL US",41.78412,-87.75514,185.8,2019-08-01,26.7,",,W",15.6,",,W"
USW00014819,"CHICAGO MIDWAY AIRPORT, IL US",41.78412,-87.75514,185.8,2019-08-02,27.8,",,W",17.2,",,W"
USW00014819,"CHICAGO MIDWAY AIRPORT, IL US",41.78412,-87.75514,185.8,2019-08-03,31.7,",,W",17.8,",,W"
USW00014819,"CHICAGO MIDWAY AIRPORT, IL US",41.78412,-87.75514,185.8,2019-08-04,30,",,W",22.8,",,W"
USW00014819,"CHICAGO MIDWAY AIRPORT, IL US",41.78412,-87.75514,185.8,2019-08-05,32.8,",,W",21.7,",,W"
USW00014819,"CHICAGO MIDWAY AIRPORT, IL US",41.78412,-87.75514,185.8,2019-08-06,29.4,",,W",21.1,",,W"
USW00014819,"CHICAGO MIDWAY AIRPORT, IL US",41.78412,-87.75514,185.8,2019-08-07,31.1,",,W",20,",,W"
USW00014819,"CHICAGO MIDWAY AIRPORT, IL US",41.78412,-87.75514,185.8,2019-08-08,31.1,",,W",21.7,",,W"
USW00014819,"CHICAGO MIDWAY AIRPORT, IL US",41.78412,-87.75514,185.8,2019-08-09,28.3,",,W",17.2,",,W"
USW00014819,"CHICAGO MIDWAY AIRPORT, IL US",41.78412,-87.75514,185.8,2019-08-10,30,",,W",19.4,",,W"
USW00014819,"CHICAGO MIDWAY AIRPORT, IL US",41.78412,-87.75514,185.8,2019-08-11,28.9,",,W",20.6,",,W"
USW00014819,"CHICAGO MIDWAY AIRPORT, IL US",41.78412,-87.75514,185.8,2019-08-12,28.3,",,W",22.2,",,W"
USW00014819,"CHICAGO MIDWAY AIRPORT, IL US",41.78412,-87.75514,185.8,2019-08-13,29.4,",,W",21.1,",,W"
USW00014819,"CHICAGO MIDWAY AIRPORT, IL US",41.78412,-87.75514,185.8,2019-08-14,28.9,",,W",18.9,",,W"
USW00014819,"CHICAGO MIDWAY AIRPORT, IL US",41.78412,-87.75514,185.8,2019-08-15,25.6,",,W",18.3,",,W"
USW00014819,"CHICAGO MIDWAY AIRPORT, IL US",41.78412,-87.75514,185.8,2019-08-16,29.4,",,W",18.3,",,W"
USW00014819,"CHICAGO MIDWAY AIRPORT, IL US",41.78412,-87.75514,185.8,2019-08-17,25.6,",,W",20.6,",,W"
USW00014819,"CHICAGO MIDWAY AIRPORT, IL US",41.78412,-87.75514,185.8,2019-08-18,28.9,",,W",20.6,",,W"
USW00014819,"CHICAGO MIDWAY AIRPORT, IL US",41.78412,-87.75514,185.8,2019-08-19,29.4,",,W",21.7,",,W"
USW00014819,"CHICAGO MIDWAY AIRPORT, IL US",41.78412,-87.75514,185.8,2019-08-20,25.6,",,W",20,",,W"
USW00014819,"CHICAGO MIDWAY AIRPORT, IL US",41.78412,-87.75514,185.8,2019-08-21,28.9,",,W",18.3,",,W"
USW00014819,"CHICAGO MIDWAY AIRPORT, IL US",41.78412,-87.75514,185.8,2019-08-22,25.6,",,W",20.6,",,W"
USW00014819,"CHICAGO MIDWAY AIRPORT, IL US",41.78412,-87.75514,185.8,2019-08-23,23.9,",,W",18.9,",,W"
USW00014819,"CHICAGO MIDWAY AIRPORT, IL US",41.78412,-87.75514,185.8,2019-08-24,23.3,",,W",17.2,",,W"
USW00014819,"CHICAGO MIDWAY AIRPORT, IL US",41.78412,-87.75514,185.8,2019-08-25,25.6,",,W",16.7,",,W"
USW00014819,"CHICAGO MIDWAY AIRPORT, IL US",41.78412,-87.75514,185.8,2019-08-26,25.6,",,W",18.9,",,W"
USW00014819,"CHICAGO MIDWAY AIRPORT, IL US",41.78412,-87.75514,185.8,2019-08-27,27.2,",,W",18.9,",,W"
USW00014819,"CHICAGO MIDWAY AIRPORT, IL US",41.78412,-87.75514,185.8,2019-08-28,24.4,",,W",15.6,",,W"
USW00014819,"CHICAGO MIDWAY AIRPORT, IL US",41.78412,-87.75514,185.8,2019-08-29,30,",,W",15.6,",,W"
USW00014819,"CHICAGO MIDWAY AIRPORT, IL US",41.78412,-87.75514,185.8,2019-08-30,23.3,",,W",16.7,",,W"
USW00014819,"CHICAGO MIDWAY AIRPORT, IL US",41.78412,-87.75514,185.8,2019-08-31,24.4,",,W",17.8,",,W"
USW00014819,"CHICAGO MIDWAY AIRPORT, IL US",41.78412,-87.75514,185.8,2019-09-01,22.8,",,W",16.7,",,W"
USW00014819,"CHICAGO MIDWAY AIRPORT, IL US",41.78412,-87.75514,185.8,2019-09-02,28.3,",,W",16.7,",,W"
USW00014819,"CHICAGO MIDWAY AIRPORT, IL US",41.78412,-87.75514,185.8,2019-09-03,27.2,",,W",20,",,W"
USW00014819,"CHICAGO MIDWAY AIRPORT, IL US",41.78412,-87.75514,185.8,2019-09-04,21.1,",,W",16.7,",,W"
USW00014819,"CHICAGO MIDWAY AIRPORT, IL US",41.78412,-87.75514,185.8,2019-09-05,23.3,",,W",13.9,",,W"
USW00014819,"CHICAGO MIDWAY AIRPORT, IL US",41.78412,-87.75514,185.8,2019-09-06,23.9,",,W",18.3,",,W"
USW00014819,"CHICAGO MIDWAY AIRPORT, IL US",41.78412,-87.75514,185.8,2019-09-07,26.1,",,W",13.9,",,W"
USW00014819,"CHICAGO MIDWAY AIRPORT, IL US",41.78412,-87.75514,185.8,2019-09-08,19.4,",,W",16.7,",,W"
USW00014819,"CHICAGO MIDWAY AIRPORT, IL US",41.78412,-87.75514,185.8,2019-09-09,25.6,",,W",16.7,",,W"
USW00014819,"CHICAGO MIDWAY AIRPORT, IL US",41.78412,-87.75514,185.8,2019-09-10,32.8,",,W",22.8,",,W"
USW00014819,"CHICAGO MIDWAY AIRPORT, IL US",41.78412,-87.75514,185.8,2019-09-11,32.8,",,W",21.1,",,W"
USW00014819,"CHICAGO MIDWAY AIRPORT, IL US",41.78412,-87.75514,185.8,2019-09-12,27.8,",,W",20,",,W"
USW00014819,"CHICAGO MIDWAY AIRPORT, IL US",41.78412,-87.75514,185.8,2019-09-13,26.1,",,W",16.7,",,W"
USW00014819,"CHICAGO MIDWAY AIRPORT, IL US",41.78412,-87.75514,185.8,2019-09-14,27.2,",,W",14.4,",,W"
USW00014819,"CHICAGO MIDWAY AIRPORT, IL US",41.78412,-87.75514,185.8,2019-09-15,25.6,",,W",17.8,",,W"
USW00014819,"CHICAGO MIDWAY AIRPORT, IL US",41.78412,-87.75514,185.8,2019-09-16,24.4,",,W",19.4,",,W"
USW00014819,"CHICAGO MIDWAY AIRPORT, IL US",41.78412,-87.75514,185.8,2019-09-17,26.1,",,W",18.9,",,W"
USW00014819,"CHICAGO MIDWAY AIRPORT, IL US",41.78412,-87.75514,185.8,2019-09-18,28.3,",,W",17.8,",,W"
USW00014819,"CHICAGO MIDWAY AIRPORT, IL US",41.78412,-87.75514,185.8,2019-09-19,29.4,",,W",17.8,",,W"
USW00014819,"CHICAGO MIDWAY AIRPORT, IL US",41.78412,-87.75514,185.8,2019-09-20,30,",,W",20.6,",,W"
USW00014819,"CHICAGO MIDWAY AIRPORT, IL US",41.78412,-87.75514,185.8,2019-09-21,27.2,",,W",21.7,",,W"
USW00014819,"CHICAGO MIDWAY AIRPORT, IL US",41.78412,-87.75514,185.8,2019-09-22,25.6,",,W",19.4,",,W"
USW00014819,"CHICAGO MIDWAY AIRPORT, IL US",41.78412,-87.75514,185.8,2019-09-23,23.9,",,W",16.7,",,W"
USW00014819,"CHICAGO MIDWAY AIRPORT, IL US",41.78412,-87.75514,185.8,2019-09-24,26.7,",,W",14.4,",,W"
USW00014819,"CHICAGO MIDWAY AIRPORT, IL US",41.78412,-87.75514,185.8,2019-09-25,26.7,",,W",18.3,",,W"
USW00014819,"CHICAGO MIDWAY AIRPORT, IL US",41.78412,-87.75514,185.8,2019-09-26,22.8,",,W",13.9,",,W"
USW00014819,"CHICAGO MIDWAY AIRPORT, IL US",41.78412,-87.75514,185.8,2019-09-27,21.7,",,W",15.6,",,W"
USW00014819,"CHICAGO MIDWAY AIRPORT, IL US",41.78412,-87.75514,185.8,2019-09-28,20,",,W",15,",,W"
USW00014819,"CHICAGO MIDWAY AIRPORT, IL US",41.78412,-87.75514,185.8,2019-09-29,20.6,",,W",16.7,",,W"
USW00014819,"CHICAGO MIDWAY AIRPORT, IL US",41.78412,-87.75514,185.8,2019-09-30,30.6,",,W",18.9,",,W"
USW00014819,"CHICAGO MIDWAY AIRPORT, IL US",41.78412,-87.75514,185.8,2019-10-01,31.1,",,W",22.2,",,W"
USW00014819,"CHICAGO MIDWAY AIRPORT, IL US",41.78412,-87.75514,185.8,2019-10-02,27.2,",,W",15.6,",,W"
USW00014819,"CHICAGO MIDWAY AIRPORT, IL US",41.78412,-87.75514,185.8,2019-10-03,21.1,",,W",10.6,",,W"
USW00014819,"CHICAGO MIDWAY AIRPORT, IL US",41.78412,-87.75514,185.8,2019-10-04,15,",,W",8.9,",,W"
USW00014819,"CHICAGO MIDWAY AIRPORT, IL US",41.78412,-87.75514,185.8,2019-10-05,18.3,",,W",9.4,",,W"
USW00014819,"CHICAGO MIDWAY AIRPORT, IL US",41.78412,-87.75514,185.8,2019-10-06,20.6,",,W",10.6,",,W"
USW00014819,"CHICAGO MIDWAY AIRPORT, IL US",41.78412,-87.75514,185.8,2019-10-07,21.7,",,W",8.9,",,W"
USW00014819,"CHICAGO MIDWAY AIRPORT, IL US",41.78412,-87.75514,185.8,2019-10-08,21.7,",,W",8.9,",,W"
USW00014819,"CHICAGO MIDWAY AIRPORT, IL US",41.78412,-87.75514,185.8,2019-10-09,22.2,",,W",11.7,",,W"
USW00014819,"CHICAGO MIDWAY AIRPORT, IL US",41.78412,-87.75514,185.8,2019-10-10,21.7,",,W",12.2,",,W"
USW00014819,"CHICAGO MIDWAY AIRPORT, IL US",41.78412,-87.75514,185.8,2019-10-11,20,",,W",3.9,",,W"
USW00014819,"CHICAGO MIDWAY AIRPORT, IL US",41.78412,-87.75514,185.8,2019-10-12,12.8,",,W",2.8,",,W"
USW00014819,"CHICAGO MIDWAY AIRPORT, IL US",41.78412,-87.75514,185.8,2019-10-13,13.3,",,W",3.3,",,W"
USW00014819,"CHICAGO MIDWAY AIRPORT, IL US",41.78412,-87.75514,185.8,2019-10-14,12.8,",,W",3.9,",,W"
USW00014819,"CHICAGO MIDWAY AIRPORT, IL US",41.78412,-87.75514,185.8,2019-10-15,18.9,",,W",5.6,",,W"
USW00014819,"CHICAGO MIDWAY AIRPORT, IL US",41.78412,-87.75514,185.8,2019-10-16,11.7,",,W",6.1,",,W"
USW00014819,"CHICAGO MIDWAY AIRPORT, IL US",41.78412,-87.75514,185.8,2019-10-17,13.3,",,W",5,",,W"
USW00014819,"CHICAGO MIDWAY AIRPORT, IL US",41.78412,-87.75514,185.8,2019-10-18,15.6,",,W",3.9,",,W"
USW00014819,"CHICAGO MIDWAY AIRPORT, IL US",41.78412,-87.75514,185.8,2019-10-19,21.1,",,W",7.8,",,W"
USW00014819,"CHICAGO MIDWAY AIRPORT, IL US",41.78412,-87.75514,185.8,2019-10-20,15.6,",,W",10,",,W"
USW00014819,"CHICAGO MIDWAY AIRPORT, IL US",41.78412,-87.75514,185.8,2019-10-21,20,",,W",11.1,",,W"
USW00014819,"CHICAGO MIDWAY AIRPORT, IL US",41.78412,-87.75514,185.8,2019-10-22,11.1,",,W",7.2,",,W"
USW00014819,"CHICAGO MIDWAY AIRPORT, IL US",41.78412,-87.75514,185.8,2019-10-23,15.6,",,W",4.4,",,W"
USW00014819,"CHICAGO MIDWAY AIRPORT, IL US",41.78412,-87.75514,185.8,2019-10-24,10.6,",,W",5.6,",,W"
USW00014819,"CHICAGO MIDWAY AIRPORT, IL US",41.78412,-87.75514,185.8,2019-10-25,10,",,W",5,",,W"
USW00014819,"CHICAGO MIDWAY AIRPORT, IL US",41.78412,-87.75514,185.8,2019-10-26,10.6,",,W",3.9,",,W"
USW00014819,"CHICAGO MIDWAY AIRPORT, IL US",41.78412,-87.75514,185.8,2019-10-27,15,",,W",6.7,",,W"
USW00014819,"CHICAGO MIDWAY AIRPORT, IL US",41.78412,-87.75514,185.8,2019-10-28,11.1,",,W",5,",,W"
USW00014819,"CHICAGO MIDWAY AIRPORT, IL US",41.78412,-87.75514,185.8,2019-10-29,8.9,",,W",2.8,",,W"
USW00014819,"CHICAGO MIDWAY AIRPORT, IL US",41.78412,-87.75514,185.8,2019-10-30,5.6,",,W",0.6,",,W"
USW00014819,"CHICAGO MIDWAY AIRPORT, IL US",41.78412,-87.75514,185.8,2019-10-31,3.3,",,W",-3.2,",,W"
USW00014819,"CHICAGO MIDWAY AIRPORT, IL US",41.78412,-87.75514,185.8,2019-11-01,7.8,",,W",-3.8,",,W"
USW00014819,"CHICAGO MIDWAY AIRPORT, IL US",41.78412,-87.75514,185.8,2019-11-02,7.2,",,W",0.6,",,W"
USW00014819,"CHICAGO MIDWAY AIRPORT, IL US",41.78412,-87.75514,185.8,2019-11-03,12.2,",,W",-0.5,",,W"
USW00014819,"CHICAGO MIDWAY AIRPORT, IL US",41.78412,-87.75514,185.8,2019-11-04,12.2,",,W",3.9,",,W"
USW00014819,"CHICAGO MIDWAY AIRPORT, IL US",41.78412,-87.75514,185.8,2019-11-05,5.6,",,W",-0.5,",,W"
USW00014819,"CHICAGO MIDWAY AIRPORT, IL US",41.78412,-87.75514,185.8,2019-11-06,14.4,",,W",-0.5,",,W"
USW00014819,"CHICAGO MIDWAY AIRPORT, IL US",41.78412,-87.75514,185.8,2019-11-07,0.6,",,W",-6,",,W"
USW00014819,"CHICAGO MIDWAY AIRPORT, IL US",41.78412,-87.75514,185.8,2019-11-08,0.6,",,W",-8.2,",,W"
USW00014819,"CHICAGO MIDWAY AIRPORT, IL US",41.78412,-87.75514,185.8,2019-11-09,8.9,",,W",-2.1,",,W"
USW00014819,"CHICAGO MIDWAY AIRPORT, IL US",41.78412,-87.75514,185.8,2019-11-10,6.7,",,W",2.2,",,W"
USW00014819,"CHICAGO MIDWAY AIRPORT, IL US",41.78412,-87.75514,185.8,2019-11-11,2.8,",,W",-9.9,",,W"
USW00014819,"CHICAGO MIDWAY AIRPORT, IL US",41.78412,-87.75514,185.8,2019-11-12,-7.1,",,W",-12.7,",,W"
USW00014819,"CHICAGO MIDWAY AIRPORT, IL US",41.78412,-87.75514,185.8,2019-11-13,-2.1,",,W",-10.5,",,W"
USW00014819,"CHICAGO MIDWAY AIRPORT, IL US",41.78412,-87.75514,185.8,2019-11-14,0.6,",,W",-3.8,",,W"
USW00014819,"CHICAGO MIDWAY AIRPORT, IL US",41.78412,-87.75514,185.8,2019-11-15,3.3,",,W",-5.5,",,W"
USW00014819,"CHICAGO MIDWAY AIRPORT, IL US",41.78412,-87.75514,185.8,2019-11-16,5.6,",,W",-1.6,",,W"
USW00014819,"CHICAGO MIDWAY AIRPORT, IL US",41.78412,-87.75514,185.8,2019-11-17,5.6,",,W",-1.6,",,W"
USW00014819,"CHICAGO MIDWAY AIRPORT, IL US",41.78412,-87.75514,185.8,2019-11-18,5.6,",,W",2.2,",,W"
USW00014819,"CHICAGO MIDWAY AIRPORT, IL US",41.78412,-87.75514,185.8,2019-11-19,5,",,W",2.2,",,W"
USW00014819,"CHICAGO MIDWAY AIRPORT, IL US",41.78412,-87.75514,185.8,2019-11-20,9.4,",,W",3.9,",,W"
USW00014819,"CHICAGO MIDWAY AIRPORT, IL US",41.78412,-87.75514,185.8,2019-11-21,13.3,",,W",4.4,",,W"
USW00014819,"CHICAGO MIDWAY AIRPORT, IL US",41.78412,-87.75514,185.8,2019-11-22,4.4,",,W",-1.6,",,W"
USW00014819,"CHICAGO MIDWAY AIRPORT, IL US",41.78412,-87.75514,185.8,2019-11-23,5,",,W",-2.7,",,W"
USW00014819,"CHICAGO MIDWAY AIRPORT, IL US",41.78412,-87.75514,185.8,2019-11-24,10,",,W",0.6,",,W"
USW00014819,"CHICAGO MIDWAY AIRPORT, IL US",41.78412,-87.75514,185.8,2019-11-25,12.8,",,W",3.3,",,W"
USW00014819,"CHICAGO MIDWAY AIRPORT, IL US",41.78412,-87.75514,185.8,2019-11-26,12.2,",,W",0.6,",,W"
USW00014819,"CHICAGO MIDWAY AIRPORT, IL US",41.78412,-87.75514,185.8,2019-11-27,13.9,",,W",1.1,",,W"
USW00014819,"CHICAGO MIDWAY AIRPORT, IL US",41.78412,-87.75514,185.8,2019-11-28,3.9,",,W",0,",,W"
USW00014819,"CHICAGO MIDWAY AIRPORT, IL US",41.78412,-87.75514,185.8,2019-11-29,4.4,",,W",1.7,",,W"
USW00014819,"CHICAGO MIDWAY AIRPORT, IL US",41.78412,-87.75514,185.8,2019-11-30,5,",,W",2.2,",,W"
USW00014819,"CHICAGO MIDWAY AIRPORT, IL US",41.78412,-87.75514,185.8,2019-12-01,6.1,",,W",0.6,",,W"
USW00014819,"CHICAGO MIDWAY AIRPORT, IL US",41.78412,-87.75514,185.8,2019-12-02,3.3,",,W",-0.5,",,W"
USW00014819,"CHICAGO MIDWAY AIRPORT, IL US",41.78412,-87.75514,185.8,2019-12-03,4.4,",,W",-1,",,W"
USW00014819,"CHICAGO MIDWAY AIRPORT, IL US",41.78412,-87.75514,185.8,2019-12-04,6.7,",,W",0,",,W"
USW00014819,"CHICAGO MIDWAY AIRPORT, IL US",41.78412,-87.75514,185.8,2019-12-05,7.8,",,W",-2.1,",,W"
USW00014819,"CHICAGO MIDWAY AIRPORT, IL US",41.78412,-87.75514,185.8,2019-12-06,6.1,",,W",-2.7,",,W"
USW00014819,"CHICAGO MIDWAY AIRPORT, IL US",41.78412,-87.75514,185.8,2019-12-07,3.9,",,W",-3.8,",,W"
USW00014819,"CHICAGO MIDWAY AIRPORT, IL US",41.78412,-87.75514,185.8,2019-12-08,8.9,",,W",1.7,",,W"
USW00014819,"CHICAGO MIDWAY AIRPORT, IL US",41.78412,-87.75514,185.8,2019-12-09,9.4,",,W",-3.8,",,W"
USW00014819,"CHICAGO MIDWAY AIRPORT, IL US",41.78412,-87.75514,185.8,2019-12-10,-3.8,",,W",-9.3,",,W"
USW00014819,"CHICAGO MIDWAY AIRPORT, IL US",41.78412,-87.75514,185.8,2019-12-11,-3.8,",,W",-9.9,",,W"
USW00014819,"CHICAGO MIDWAY AIRPORT, IL US",41.78412,-87.75514,185.8,2019-12-12,7.8,",,W",-6.6,",,W"
USW00014819,"CHICAGO MIDWAY AIRPORT, IL US",41.78412,-87.75514,185.8,2019-12-13,7.2,",,W",1.1,",,W"
USW00014819,"CHICAGO MIDWAY AIRPORT, IL US",41.78412,-87.75514,185.8,2019-12-14,2.2,",,W",-3.2,",,W"
USW00014819,"CHICAGO MIDWAY AIRPORT, IL US",41.78412,-87.75514,185.8,2019-12-15,-2.7,",,W",-6.6,",,W"
USW00014819,"CHICAGO MIDWAY AIRPORT, IL US",41.78412,-87.75514,185.8,2019-12-16,-0.5,",,W",-3.8,",,W"
USW00014819,"CHICAGO MIDWAY AIRPORT, IL US",41.78412,-87.75514,185.8,2019-12-17,-0.5,",,W",-6.6,",,W"
USW00014819,"CHICAGO MIDWAY AIRPORT, IL US",41.78412,-87.75514,185.8,2019-12-18,-1.6,",,W",-10.5,",,W"
USW00014819,"CHICAGO MIDWAY AIRPORT, IL US",41.78412,-87.75514,185.8,2019-12-19,2.8,",,W",-8.8,",,W"
USW00014819,"CHICAGO MIDWAY AIRPORT, IL US",41.78412,-87.75514,185.8,2019-12-20,5,",,W",-4.3,",,W"
USW00014819,"CHICAGO MIDWAY AIRPORT, IL US",41.78412,-87.75514,185.8,2019-12-21,9.4,",,W",0,",,W"
USW00014819,"CHICAGO MIDWAY AIRPORT, IL US",41.78412,-87.75514,185.8,2019-12-22,11.7,",,W",0,",,W"
USW00014819,"CHICAGO MIDWAY AIRPORT, IL US",41.78412,-87.75514,185.8,2019-12-23,11.7,",,W",2.2,",,W"
USW00014819,"CHICAGO MIDWAY AIRPORT, IL US",41.78412,-87.75514,185.8,2019-12-24,12.8,",,W",-2.1,",,W"
USW00014819,"CHICAGO MIDWAY AIRPORT, IL US",41.78412,-87.75514,185.8,2019-12-25,16.1,",,W",4.4,",,W"
USW00014819,"CHICAGO MIDWAY AIRPORT, IL US",41.78412,-87.75514,185.8,2019-12-26,16.7,",,W",4.4,",,W"
USW00014819,"CHICAGO MIDWAY AIRPORT, IL US",41.78412,-87.75514,185.8,2019-12-27,4.4,",,W",-1,",,W"
USW00014819,"CHICAGO MIDWAY AIRPORT, IL US",41.78412,-87.75514,185.8,2019-12-28,10.6,",,W",-0.5,",,W"
USW00014819,"CHICAGO MIDWAY AIRPORT, IL US",41.78412,-87.75514,185.8,2019-12-29,14.4,",,W",8.9,",,W"
USW00014819,"CHICAGO MIDWAY AIRPORT, IL US",41.78412,-87.75514,185.8,2019-12-30,8.9,",,W",-2.1,",,W"
USW00014819,"CHICAGO MIDWAY AIRPORT, IL US",41.78412,-87.75514,185.8,2019-12-31,-1,",,W",-3.2,",,W"
USC00111550,"CHICAGO NORTHERLY ISLAND, IL US",41.8558,-87.6094,177.7,2020-01-01,6.1,",,7",-4.4,",,7"
USC00111550,"CHICAGO NORTHERLY ISLAND, IL US",41.8558,-87.6094,177.7,2020-01-02,9.4,",,7",3.3,",,7"
USC00111550,"CHICAGO NORTHERLY ISLAND, IL US",41.8558,-87.6094,177.7,2020-01-03,6.7,",,7",1.1,",,7"
USC00111550,"CHICAGO NORTHERLY ISLAND, IL US",41.8558,-87.6094,177.7,2020-01-04,1.7,",,7",-2.2,",,7"
USC00111550,"CHICAGO NORTHERLY ISLAND, IL US",41.8558,-87.6094,177.7,2020-01-05,5.6,",,7",-3.9,",,7"
USC00111550,"CHICAGO NORTHERLY ISLAND, IL US",41.8558,-87.6094,177.7,2020-01-06,6.1,",,7",-1.1,",,7"
USC00111550,"CHICAGO NORTHERLY ISLAND, IL US",41.8558,-87.6094,177.7,2020-01-07,5,",,7",-0.6,",,7"
USC00111550,"CHICAGO NORTHERLY ISLAND, IL US",41.8558,-87.6094,177.7,2020-01-08,-0.6,",,7",-8.3,",,7"
USC00111550,"CHICAGO NORTHERLY ISLAND, IL US",41.8558,-87.6094,177.7,2020-01-09,10.6,",,7",-3.3,",,7"
USC00111550,"CHICAGO NORTHERLY ISLAND, IL US",41.8558,-87.6094,177.7,2020-01-10,10,",,7",2.8,",,7"
USC00111550,"CHICAGO NORTHERLY ISLAND, IL US",41.8558,-87.6094,177.7,2020-01-11,3.3,",,7",-2.8,",,7"
USC00111550,"CHICAGO NORTHERLY ISLAND, IL US",41.8558,-87.6094,177.7,2020-01-12,0,",,7",-3.3,",,7"
USC00111550,"CHICAGO NORTHERLY ISLAND, IL US",41.8558,-87.6094,177.7,2020-01-13,1.1,",,7",0,",,7"
USC00111550,"CHICAGO NORTHERLY ISLAND, IL US",41.8558,-87.6094,177.7,2020-01-14,6.1,",,7",-0.6,",,7"
USC00111550,"CHICAGO NORTHERLY ISLAND, IL US",41.8558,-87.6094,177.7,2020-01-15,2.8,",,7",-1.1,",,7"
USC00111550,"CHICAGO NORTHERLY ISLAND, IL US",41.8558,-87.6094,177.7,2020-01-16,0,",,7",-7.8,",,7"
USC00111550,"CHICAGO NORTHERLY ISLAND, IL US",41.8558,-87.6094,177.7,2020-01-17,-1.1,",,7",-6.7,",,7"
USC00111550,"CHICAGO NORTHERLY ISLAND, IL US",41.8558,-87.6094,177.7,2020-01-18,2.8,",,7",-13.3,",,7"
USC00111550,"CHICAGO NORTHERLY ISLAND, IL US",41.8558,-87.6094,177.7,2020-01-19,-4.4,",,7",-15.6,",,7"
USC00111550,"CHICAGO NORTHERLY ISLAND, IL US",41.8558,-87.6094,177.7,2020-01-20,-0.6,",,7",-5.6,",,7"
USC00111550,"CHICAGO NORTHERLY ISLAND, IL US",41.8558,-87.6094,177.7,2020-01-21,-0.6,",,7",-6.7,",,7"
USC00111550,"CHICAGO NORTHERLY ISLAND, IL US",41.8558,-87.6094,177.7,2020-01-22,1.7,",,7",-3.9,",,7"
USC00111550,"CHICAGO NORTHERLY ISLAND, IL US",41.8558,-87.6094,177.7,2020-01-23,1.1,",,7",-1.7,",,7"
USC00111550,"CHICAGO NORTHERLY ISLAND, IL US",41.8558,-87.6094,177.7,2020-01-24,2.8,",,7",0.6,",,7"
USC00111550,"CHICAGO NORTHERLY ISLAND, IL US",41.8558,-87.6094,177.7,2020-01-25,1.7,",,7",0.6,",,7"
USC00111550,"CHICAGO NORTHERLY ISLAND, IL US",41.8558,-87.6094,177.7,2020-01-26,1.7,",,7",-2.2,",,7"
USC00111550,"CHICAGO NORTHERLY ISLAND, IL US",41.8558,-87.6094,177.7,2020-01-27,1.7,",,7",-2.2,",,7"
USC00111550,"CHICAGO NORTHERLY ISLAND, IL US",41.8558,-87.6094,177.7,2020-01-28,1.1,",,7",-1.1,",,7"
USC00111550,"CHICAGO NORTHERLY ISLAND, IL US",41.8558,-87.6094,177.7,2020-01-29,0,",,7",-1.1,",,7"
USC00111550,"CHICAGO NORTHERLY ISLAND, IL US",41.8558,-87.6094,177.7,2020-01-30,1.1,",,7",-1.1,",,7"
USC00111550,"CHICAGO NORTHERLY ISLAND, IL US",41.8558,-87.6094,177.7,2020-01-31,2.2,",,7",-1.1,",,7"
USC00111550,"CHICAGO NORTHERLY ISLAND, IL US",41.8558,-87.6094,177.7,2020-02-01,3.3,",,7",0,",,7"
USC00111550,"CHICAGO NORTHERLY ISLAND, IL US",41.8558,-87.6094,177.7,2020-02-02,11.7,",,7",1.7,",,7"
USC00111550,"CHICAGO NORTHERLY ISLAND, IL US",41.8558,-87.6094,177.7,2020-02-03,6.1,",,7",0.6,",,7"
USC00111550,"CHICAGO NORTHERLY ISLAND, IL US",41.8558,-87.6094,177.7,2020-02-04,3.3,",,7",-1.1,",,7"
USC00111550,"CHICAGO NORTHERLY ISLAND, IL US",41.8558,-87.6094,177.7,2020-02-05,-0.6,",,7",-2.8,",,7"
USC00111550,"CHICAGO NORTHERLY ISLAND, IL US",41.8558,-87.6094,177.7,2020-02-06,-0.6,",,7",-2.8,",,7"
USC00111550,"CHICAGO NORTHERLY ISLAND, IL US",41.8558,-87.6094,177.7,2020-02-07,3.3,",,7",-2.2,",,7"
USC00111550,"CHICAGO NORTHERLY ISLAND, IL US",41.8558,-87.6094,177.7,2020-02-08,2.2,",,7",-2.2,",,7"
USC00111550,"CHICAGO NORTHERLY ISLAND, IL US",41.8558,-87.6094,177.7,2020-02-09,2.2,",,7",-4.4,",,7"
USC00111550,"CHICAGO NORTHERLY ISLAND, IL US",41.8558,-87.6094,177.7,2020-02-10,1.7,",,7",-2.8,",,7"
USC00111550,"CHICAGO NORTHERLY ISLAND, IL US",41.8558,-87.6094,177.7,2020-02-13,0.6,",,7",-12.8,",,7"
USC00111550,"CHICAGO NORTHERLY ISLAND, IL US",41.8558,-87.6094,177.7,2020-02-14,-8.9,",,7",-16.7,",,7"
USC00111550,"CHICAGO NORTHERLY ISLAND, IL US",41.8558,-87.6094,177.7,2020-02-15,0.6,",,7",-13.3,",,7"
USC00111550,"CHICAGO NORTHERLY ISLAND, IL US",41.8558,-87.6094,177.7,2020-02-16,2.2,",,7",-3.3,",,7"
USC00111550,"CHICAGO NORTHERLY ISLAND, IL US",41.8558,-87.6094,177.7,2020-02-17,2.8,",,7",-1.7,",,7"
USC00111550,"CHICAGO NORTHERLY ISLAND, IL US",41.8558,-87.6094,177.7,2020-02-18,3.9,",,7",-2.8,",,7"
USC00111550,"CHICAGO NORTHERLY ISLAND, IL US",41.8558,-87.6094,177.7,2020-02-19,-2.8,",,7",-7.2,",,7"
USC00111550,"CHICAGO NORTHERLY ISLAND, IL US",41.8558,-87.6094,177.7,2020-02-20,-5,",,7",-10.6,",,7"
USC00111550,"CHICAGO NORTHERLY ISLAND, IL US",41.8558,-87.6094,177.7,2020-02-22,10,",,7",-2.8,",,7"
USC00111550,"CHICAGO NORTHERLY ISLAND, IL US",41.8558,-87.6094,177.7,2020-02-23,12.8,",,7",1.1,",,7"
USC00111550,"CHICAGO NORTHERLY ISLAND, IL US",41.8558,-87.6094,177.7,2020-02-24,7.2,",,7",1.7,",,7"
USC00111550,"CHICAGO NORTHERLY ISLAND, IL US",41.8558,-87.6094,177.7,2020-02-25,2.8,",,7",-0.6,",,7"
USC00111550,"CHICAGO NORTHERLY ISLAND, IL US",41.8558,-87.6094,177.7,2020-02-27,-0.6,",,7",-5,",,7"
USC00111550,"CHICAGO NORTHERLY ISLAND, IL US",41.8558,-87.6094,177.7,2020-02-28,-1.1,",,7",-6.7,",,7"
USC00111550,"CHICAGO NORTHERLY ISLAND, IL US",41.8558,-87.6094,177.7,2020-02-29,2.8,",,7",-7.2,",,7"
USC00111550,"CHICAGO NORTHERLY ISLAND, IL US",41.8558,-87.6094,177.7,2020-03-01,13.9,",,7",-0.6,",,7"
USC00111550,"CHICAGO NORTHERLY ISLAND, IL US",41.8558,-87.6094,177.7,2020-03-02,10.6,",,7",0.6,",,7"
USC00111550,"CHICAGO NORTHERLY ISLAND, IL US",41.8558,-87.6094,177.7,2020-03-03,8.9,",,7",0.6,",,7"
USC00111550,"CHICAGO NORTHERLY ISLAND, IL US",41.8558,-87.6094,177.7,2020-03-04,6.7,",,7",1.7,",,7"
USC00111550,"CHICAGO NORTHERLY ISLAND, IL US",41.8558,-87.6094,177.7,2020-03-05,10.6,",,7",0.6,",,7"
USC00111550,"CHICAGO NORTHERLY ISLAND, IL US",41.8558,-87.6094,177.7,2020-03-06,2.2,",,7",-1.1,",,7"
USC00111550,"CHICAGO NORTHERLY ISLAND, IL US",41.8558,-87.6094,177.7,2020-03-07,10.6,",,7",-2.2,",,7"
USC00111550,"CHICAGO NORTHERLY ISLAND, IL US",41.8558,-87.6094,177.7,2020-03-08,18.3,",,7",5.6,",,7"
USC00111550,"CHICAGO NORTHERLY ISLAND, IL US",41.8558,-87.6094,177.7,2020-03-09,15,",,7",8.9,",,7"
USC00111550,"CHICAGO NORTHERLY ISLAND, IL US",41.8558,-87.6094,177.7,2020-03-10,11.1,",,7",0,",,7"
USC00111550,"CHICAGO NORTHERLY ISLAND, IL US",41.8558,-87.6094,177.7,2020-03-11,6.1,",,7",1.1,",,7"
USC00111550,"CHICAGO NORTHERLY ISLAND, IL US",41.8558,-87.6094,177.7,2020-03-12,13.3,",,7",3.3,",,7"
USC00111550,"CHICAGO NORTHERLY ISLAND, IL US",41.8558,-87.6094,177.7,2020-03-13,9.4,",,7",1.7,",,7"
USC00111550,"CHICAGO NORTHERLY ISLAND, IL US",41.8558,-87.6094,177.7,2020-03-14,4.4,",,7",0.6,",,7"
USC00111550,"CHICAGO NORTHERLY ISLAND, IL US",41.8558,-87.6094,177.7,2020-03-15,3.9,",,7",0.6,",,7"
USC00111550,"CHICAGO NORTHERLY ISLAND, IL US",41.8558,-87.6094,177.7,2020-03-16,4.4,",,7",1.1,",,7"
USC00111550,"CHICAGO NORTHERLY ISLAND, IL US",41.8558,-87.6094,177.7,2020-03-17,5.6,",,7",1.7,",,7"
USC00111550,"CHICAGO NORTHERLY ISLAND, IL US",41.8558,-87.6094,177.7,2020-03-18,6.7,",,7",2.8,",,7"
USC00111550,"CHICAGO NORTHERLY ISLAND, IL US",41.8558,-87.6094,177.7,2020-03-19,17.2,",,7",2.8,",,7"
USC00111550,"CHICAGO NORTHERLY ISLAND, IL US",41.8558,-87.6094,177.7,2020-03-20,17.2,",,7",-1.7,",,7"
USC00111550,"CHICAGO NORTHERLY ISLAND, IL US",41.8558,-87.6094,177.7,2020-03-21,-1.1,",,7",-3.3,",,7"
USC00111550,"CHICAGO NORTHERLY ISLAND, IL US",41.8558,-87.6094,177.7,2020-03-22,1.7,",,7",-1.1,",,7"
USC00111550,"CHICAGO NORTHERLY ISLAND, IL US",41.8558,-87.6094,177.7,2020-03-23,3.3,",,7",0,",,7"
USC00111550,"CHICAGO NORTHERLY ISLAND, IL US",41.8558,-87.6094,177.7,2020-03-24,4.4,",,7",1.1,",,7"
USC00111550,"CHICAGO NORTHERLY ISLAND, IL US",41.8558,-87.6094,177.7,2020-03-25,12.8,",,7",0,",,7"
USC00111550,"CHICAGO NORTHERLY ISLAND, IL US",41.8558,-87.6094,177.7,2020-03-26,10.6,",,7",2.2,",,7"
USC00111550,"CHICAGO NORTHERLY ISLAND, IL US",41.8558,-87.6094,177.7,2020-03-27,6.1,",,7",2.2,",,7"
USC00111550,"CHICAGO NORTHERLY ISLAND, IL US",41.8558,-87.6094,177.7,2020-03-28,18.9,",,7",5,",,7"
USC00111550,"CHICAGO NORTHERLY ISLAND, IL US",41.8558,-87.6094,177.7,2020-03-29,16.7,",,7",6.1,",,7"
USC00111550,"CHICAGO NORTHERLY ISLAND, IL US",41.8558,-87.6094,177.7,2020-03-30,8.9,",,7",2.8,",,7"
USC00111550,"CHICAGO NORTHERLY ISLAND, IL US",41.8558,-87.6094,177.7,2020-03-31,5.6,",,7",2.2,",,7"
USC00111550,"CHICAGO NORTHERLY ISLAND, IL US",41.8558,-87.6094,177.7,2020-04-01,7.8,",,7",0,",,7"
USC00111550,"CHICAGO NORTHERLY ISLAND, IL US",41.8558,-87.6094,177.7,2020-04-02,8.3,",,7",0,",,7"
USC00111550,"CHICAGO NORTHERLY ISLAND, IL US",41.8558,-87.6094,177.7,2020-04-03,15,",,7",4.4,",,7"
USC00111550,"CHICAGO NORTHERLY ISLAND, IL US",41.8558,-87.6094,177.7,2020-04-04,13.3,",,7",2.2,",,7"
USC00111550,"CHICAGO NORTHERLY ISLAND, IL US",41.8558,-87.6094,177.7,2020-04-05,6.7,",,7",2.8,",,7"
USC00111550,"CHICAGO NORTHERLY ISLAND, IL US",41.8558,-87.6094,177.7,2020-04-06,11.1,",,7",2.2,",,7"
USC00111550,"CHICAGO NORTHERLY ISLAND, IL US",41.8558,-87.6094,177.7,2020-04-07,25.6,",,7",10.6,",,7"
USC00111550,"CHICAGO NORTHERLY ISLAND, IL US",41.8558,-87.6094,177.7,2020-04-08,10.6,",,7",7.2,",,7"
USC00111550,"CHICAGO NORTHERLY ISLAND, IL US",41.8558,-87.6094,177.7,2020-04-09,9.4,",,7",2.8,",,7"
USC00111550,"CHICAGO NORTHERLY ISLAND, IL US",41.8558,-87.6094,177.7,2020-04-10,6.7,",,7",1.7,",,7"
USC00111550,"CHICAGO NORTHERLY ISLAND, IL US",41.8558,-87.6094,177.7,2020-04-11,17.8,",,7",5.6,",,7"
USC00111550,"CHICAGO NORTHERLY ISLAND, IL US",41.8558,-87.6094,177.7,2020-04-12,16.1,",,7",8.3,",,7"
USC00111550,"CHICAGO NORTHERLY ISLAND, IL US",41.8558,-87.6094,177.7,2020-04-13,12.8,",,7",2.2,",,7"
USC00111550,"CHICAGO NORTHERLY ISLAND, IL US",41.8558,-87.6094,177.7,2020-04-14,4.4,",,7",-0.6,",,7"
USC00111550,"CHICAGO NORTHERLY ISLAND, IL US",41.8558,-87.6094,177.7,2020-04-15,2.8,",,7",-2.8,",,7"
USC00111550,"CHICAGO NORTHERLY ISLAND, IL US",41.8558,-87.6094,177.7,2020-04-16,7.2,",,7",-1.1,",,7"
USC00111550,"CHICAGO NORTHERLY ISLAND, IL US",41.8558,-87.6094,177.7,2020-04-17,5.6,",,7",0.6,",,7"
USC00111550,"CHICAGO NORTHERLY ISLAND, IL US",41.8558,-87.6094,177.7,2020-04-18,13.9,",,7",1.7,",,7"
USC00111550,"CHICAGO NORTHERLY ISLAND, IL US",41.8558,-87.6094,177.7,2020-04-19,14.4,",,7",4.4,",,7"
USC00111550,"CHICAGO NORTHERLY ISLAND, IL US",41.8558,-87.6094,177.7,2020-04-20,17.2,",,7",4.4,",,7"
USC00111550,"CHICAGO NORTHERLY ISLAND, IL US",41.8558,-87.6094,177.7,2020-04-21,10,",,7",2.8,",,7"
USC00111550,"CHICAGO NORTHERLY ISLAND, IL US",41.8558,-87.6094,177.7,2020-04-22,15,",,7",4.4,",,7"
USC00111550,"CHICAGO NORTHERLY ISLAND, IL US",41.8558,-87.6094,177.7,2020-04-23,10,",,7",5,",,7"
USC00111550,"CHICAGO NORTHERLY ISLAND, IL US",41.8558,-87.6094,177.7,2020-04-24,6.1,",,7",4.4,",,7"
USC00111550,"CHICAGO NORTHERLY ISLAND, IL US",41.8558,-87.6094,177.7,2020-04-25,6.7,",,7",4.4,",,7"
USC00111550,"CHICAGO NORTHERLY ISLAND, IL US",41.8558,-87.6094,177.7,2020-04-26,13.9,",,7",6.1,",,7"
USC00111550,"CHICAGO NORTHERLY ISLAND, IL US",41.8558,-87.6094,177.7,2020-04-27,18.9,",,7",6.1,",,7"
USC00111550,"CHICAGO NORTHERLY ISLAND, IL US",41.8558,-87.6094,177.7,2020-04-28,22.8,",,7",8.9,",,7"
USC00111550,"CHICAGO NORTHERLY ISLAND, IL US",41.8558,-87.6094,177.7,2020-04-29,15.6,",,7",5.6,",,7"
USC00111550,"CHICAGO NORTHERLY ISLAND, IL US",41.8558,-87.6094,177.7,2020-04-30,9.4,",,7",5,",,7"
USC00111550,"CHICAGO NORTHERLY ISLAND, IL US",41.8558,-87.6094,177.7,2020-05-01,14.4,",,7",6.1,",,7"
USC00111550,"CHICAGO NORTHERLY ISLAND, IL US",41.8558,-87.6094,177.7,2020-05-02,24.4,",,7",14.4,",,7"
USC00111550,"CHICAGO NORTHERLY ISLAND, IL US",41.8558,-87.6094,177.7,2020-05-03,20,",,7",7.2,",,7"
USC00111550,"CHICAGO NORTHERLY ISLAND, IL US",41.8558,-87.6094,177.7,2020-05-04,7.2,",,7",3.9,",,7"
USC00111550,"CHICAGO NORTHERLY ISLAND, IL US",41.8558,-87.6094,177.7,2020-05-05,7.8,",,7",5.6,",,7"
USC00111550,"CHICAGO NORTHERLY ISLAND, IL US",41.8558,-87.6094,177.7,2020-05-06,13.3,",,7",5.6,",,7"
USC00111550,"CHICAGO NORTHERLY ISLAND, IL US",41.8558,-87.6094,177.7,2020-05-07,16.7,",,7",5.6,",,7"
USC00111550,"CHICAGO NORTHERLY ISLAND, IL US",41.8558,-87.6094,177.7,2020-05-08,6.7,",,7",1.1,",,7"
USC00111550,"CHICAGO NORTHERLY ISLAND, IL US",41.8558,-87.6094,177.7,2020-05-13,18.3,",,7",7.2,",,7"
USC00111550,"CHICAGO NORTHERLY ISLAND, IL US",41.8558,-87.6094,177.7,2020-05-14,22.2,",,7",11.1,",,7"
USC00111550,"CHICAGO NORTHERLY ISLAND, IL US",41.8558,-87.6094,177.7,2020-05-15,20,",,7",10,",,7"
USC00111550,"CHICAGO NORTHERLY ISLAND, IL US",41.8558,-87.6094,177.7,2020-05-16,12.2,",,7",8.9,",,7"
USC00111550,"CHICAGO NORTHERLY ISLAND, IL US",41.8558,-87.6094,177.7,2020-05-17,18.3,",,7",10.6,",,7"
USC00111550,"CHICAGO NORTHERLY ISLAND, IL US",41.8558,-87.6094,177.7,2020-05-18,15,",,7",9.4,",,7"
USC00111550,"CHICAGO NORTHERLY ISLAND, IL US",41.8558,-87.6094,177.7,2020-05-19,12.2,",,7",9.4,",,7"
USC00111550,"CHICAGO NORTHERLY ISLAND, IL US",41.8558,-87.6094,177.7,2020-05-20,13.9,",,7",10,",,7"
USC00111550,"CHICAGO NORTHERLY ISLAND, IL US",41.8558,-87.6094,177.7,2020-05-21,15.6,",,7",10,",,7"
USC00111550,"CHICAGO NORTHERLY ISLAND, IL US",41.8558,-87.6094,177.7,2020-05-22,15,",,7",11.1,",,7"
USC00111550,"CHICAGO NORTHERLY ISLAND, IL US",41.8558,-87.6094,177.7,2020-05-23,20,",,7",10,",,7"
USC00111550,"CHICAGO NORTHERLY ISLAND, IL US",41.8558,-87.6094,177.7,2020-05-24,26.1,",,7",15,",,7"
USC00111550,"CHICAGO NORTHERLY ISLAND, IL US",41.8558,-87.6094,177.7,2020-05-25,27.8,",,7",20.6,",,7"
USC00111550,"CHICAGO NORTHERLY ISLAND, IL US",41.8558,-87.6094,177.7,2020-05-26,26.1,",,7",16.7,",,7"
USC00111550,"CHICAGO NORTHERLY ISLAND, IL US",41.8558,-87.6094,177.7,2020-05-27,24.4,",,7",17.8,",,7"
USC00111550,"CHICAGO NORTHERLY ISLAND, IL US",41.8558,-87.6094,177.7,2020-05-28,27.2,",,7",15,",,7"
USC00111550,"CHICAGO NORTHERLY ISLAND, IL US",41.8558,-87.6094,177.7,2020-05-29,23.3,",,7",13.3,",,7"
USC00111550,"CHICAGO NORTHERLY ISLAND, IL US",41.8558,-87.6094,177.7,2020-05-30,17.2,",,7",12.2,",,7"
USC00111550,"CHICAGO NORTHERLY ISLAND, IL US",41.8558,-87.6094,177.7,2020-05-31,14.4,",,7",11.1,",,7"
USC00111550,"CHICAGO NORTHERLY ISLAND, IL US",41.8558,-87.6094,177.7,2020-06-01,23.9,",,7",12.8,",,7"
USC00111550,"CHICAGO NORTHERLY ISLAND, IL US",41.8558,-87.6094,177.7,2020-06-02,33.3,",,7",19.4,",,7"
USC00111550,"CHICAGO NORTHERLY ISLAND, IL US",41.8558,-87.6094,177.7,2020-06-03,24.4,",,7",16.1,",,7"
USC00111550,"CHICAGO NORTHERLY ISLAND, IL US",41.8558,-87.6094,177.7,2020-06-04,25.6,",,7",17.2,",,7"
USC00111550,"CHICAGO NORTHERLY ISLAND, IL US",41.8558,-87.6094,177.7,2020-06-05,30.6,",,7",16.7,",,7"
USC00111550,"CHICAGO NORTHERLY ISLAND, IL US",41.8558,-87.6094,177.7,2020-06-06,21.7,",,7",13.9,",,7"
USC00111550,"CHICAGO NORTHERLY ISLAND, IL US",41.8558,-87.6094,177.7,2020-06-07,20.6,",,7",13.3,",,7"
USC00111550,"CHICAGO NORTHERLY ISLAND, IL US",41.8558,-87.6094,177.7,2020-06-08,24.4,",,7",15.6,",,7"
USC00111550,"CHICAGO NORTHERLY ISLAND, IL US",41.8558,-87.6094,177.7,2020-06-09,26.1,",,7",18.3,",,7"
USC00111550,"CHICAGO NORTHERLY ISLAND, IL US",41.8558,-87.6094,177.7,2020-06-10,28.3,",,7",16.7,",,7"
USC00111550,"CHICAGO NORTHERLY ISLAND, IL US",41.8558,-87.6094,177.7,2020-06-11,26.7,",,7",16.1,",,7"
USC00111550,"CHICAGO NORTHERLY ISLAND, IL US",41.8558,-87.6094,177.7,2020-06-12,22.8,",,7",11.7,",,7"
USC00111550,"CHICAGO NORTHERLY ISLAND, IL US",41.8558,-87.6094,177.7,2020-06-13,16.7,",,7",10.6,",,7"
USC00111550,"CHICAGO NORTHERLY ISLAND, IL US",41.8558,-87.6094,177.7,2020-06-14,17.2,",,7",12.8,",,7"
USC00111550,"CHICAGO NORTHERLY ISLAND, IL US",41.8558,-87.6094,177.7,2020-06-15,19.4,",,7",12.8,",,7"
USC00111550,"CHICAGO NORTHERLY ISLAND, IL US",41.8558,-87.6094,177.7,2020-06-16,21.7,",,7",13.9,",,7"
USC00111550,"CHICAGO NORTHERLY ISLAND, IL US",41.8558,-87.6094,177.7,2020-06-17,23.9,",,7",16.1,",,7"
USC00111550,"CHICAGO NORTHERLY ISLAND, IL US",41.8558,-87.6094,177.7,2020-06-18,23.9,",,7",17.2,",,7"
USC00111550,"CHICAGO NORTHERLY ISLAND, IL US",41.8558,-87.6094,177.7,2020-06-19,27.2,",,7",18.3,",,7"
USC00111550,"CHICAGO NORTHERLY ISLAND, IL US",41.8558,-87.6094,177.7,2020-06-20,32.2,",,7",20.6,",,7"
USC00111550,"CHICAGO NORTHERLY ISLAND, IL US",41.8558,-87.6094,177.7,2020-06-21,24.4,",,7",18.9,",,7"
USC00111550,"CHICAGO NORTHERLY ISLAND, IL US",41.8558,-87.6094,177.7,2020-06-22,28.3,",,7",17.8,",,7"
USC00111550,"CHICAGO NORTHERLY ISLAND, IL US",41.8558,-87.6094,177.7,2020-06-23,25,",,7",15.6,",,7"
USC00111550,"CHICAGO NORTHERLY ISLAND, IL US",41.8558,-87.6094,177.7,2020-06-24,23.9,",,7",15.6,",,7"
USC00111550,"CHICAGO NORTHERLY ISLAND, IL US",41.8558,-87.6094,177.7,2020-06-25,23.3,",,7",17.8,",,7"
USC00111550,"CHICAGO NORTHERLY ISLAND, IL US",41.8558,-87.6094,177.7,2020-06-26,28.9,",,7",20,",,7"
USC00111550,"CHICAGO NORTHERLY ISLAND, IL US",41.8558,-87.6094,177.7,2020-06-27,29.4,",,7",21.7,",,7"
USC00111550,"CHICAGO NORTHERLY ISLAND, IL US",41.8558,-87.6094,177.7,2020-06-28,24.4,",,7",18.3,",,7"
USC00111550,"CHICAGO NORTHERLY ISLAND, IL US",41.8558,-87.6094,177.7,2020-06-29,26.7,",,7",19.4,",,7"
USC00111550,"CHICAGO NORTHERLY ISLAND, IL US",41.8558,-87.6094,177.7,2020-06-30,26.7,",,7",20,",,7"
USC00111550,"CHICAGO NORTHERLY ISLAND, IL US",41.8558,-87.6094,177.7,2020-07-01,26.1,",,7",20,",,7"
USC00111550,"CHICAGO NORTHERLY ISLAND, IL US",41.8558,-87.6094,177.7,2020-07-02,27.2,",,7",20.6,",,7"
USC00111550,"CHICAGO NORTHERLY ISLAND, IL US",41.8558,-87.6094,177.7,2020-07-03,26.7,",,7",20.6,",,7"
USC00111550,"CHICAGO NORTHERLY ISLAND, IL US",41.8558,-87.6094,177.7,2020-07-04,27.2,",,7",22.2,",,7"
USC00111550,"CHICAGO NORTHERLY ISLAND, IL US",41.8558,-87.6094,177.7,2020-07-05,27.2,",,7",22.2,",,7"
USC00111550,"CHICAGO NORTHERLY ISLAND, IL US",41.8558,-87.6094,177.7,2020-07-06,29.4,",,7",23.9,",,7"
USC00111550,"CHICAGO NORTHERLY ISLAND, IL US",41.8558,-87.6094,177.7,2020-07-07,32.2,",,7",22.8,",,7"
USC00111550,"CHICAGO NORTHERLY ISLAND, IL US",41.8558,-87.6094,177.7,2020-07-08,28.3,",,7",23.3,",,7"
USC00111550,"CHICAGO NORTHERLY ISLAND, IL US",41.8558,-87.6094,177.7,2020-07-09,33.3,",,7",21.7,",,7"
USC00111550,"CHICAGO NORTHERLY ISLAND, IL US",41.8558,-87.6094,177.7,2020-07-10,29.4,",,7",21.7,",,7"
USC00111550,"CHICAGO NORTHERLY ISLAND, IL US",41.8558,-87.6094,177.7,2020-07-11,28.9,",,7",22.8,",,7"
USC00111550,"CHICAGO NORTHERLY ISLAND, IL US",41.8558,-87.6094,177.7,2020-07-12,26.1,",,7",20,",,7"
USC00111550,"CHICAGO NORTHERLY ISLAND, IL US",41.8558,-87.6094,177.7,2020-07-13,24.4,",,7",19.4,",,7"
USC00111550,"CHICAGO NORTHERLY ISLAND, IL US",41.8558,-87.6094,177.7,2020-07-14,28.9,",,7",20,",,7"
USC00111550,"CHICAGO NORTHERLY ISLAND, IL US",41.8558,-87.6094,177.7,2020-07-15,30.6,",,7",19.4,",,7"
USC00111550,"CHICAGO NORTHERLY ISLAND, IL US",41.8558,-87.6094,177.7,2020-07-16,25.6,",,7",20,",,7"
USC00111550,"CHICAGO NORTHERLY ISLAND, IL US",41.8558,-87.6094,177.7,2020-07-17,30.6,",,7",20,",,7"
USC00111550,"CHICAGO NORTHERLY ISLAND, IL US",41.8558,-87.6094,177.7,2020-07-18,32.2,",,7",24.4,",,7"
USC00111550,"CHICAGO NORTHERLY ISLAND, IL US",41.8558,-87.6094,177.7,2020-07-19,28.3,",,7",20.6,",,7"
USC00111550,"CHICAGO NORTHERLY ISLAND, IL US",41.8558,-87.6094,177.7,2020-07-20,26.1,",,7",20.6,",,7"
USC00111550,"CHICAGO NORTHERLY ISLAND, IL US",41.8558,-87.6094,177.7,2020-07-21,25,",,7",21.7,",,7"
USC00111550,"CHICAGO NORTHERLY ISLAND, IL US",41.8558,-87.6094,177.7,2020-07-25,30,",,7",21.7,",,7"
USC00111550,"CHICAGO NORTHERLY ISLAND, IL US",41.8558,-87.6094,177.7,2020-07-26,34.4,",,7",24.4,",,7"
USC00111550,"CHICAGO NORTHERLY ISLAND, IL US",41.8558,-87.6094,177.7,2020-07-27,29.4,",,7",23.9,",,7"
USC00111550,"CHICAGO NORTHERLY ISLAND, IL US",41.8558,-87.6094,177.7,2020-07-28,30.6,",,7",21.7,",,7"
USC00111550,"CHICAGO NORTHERLY ISLAND, IL US",41.8558,-87.6094,177.7,2020-07-29,30.6,",,7",22.8,",,7"
USC00111550,"CHICAGO NORTHERLY ISLAND, IL US",41.8558,-87.6094,177.7,2020-07-30,26.1,",,7",21.7,",,7"
USC00111550,"CHICAGO NORTHERLY ISLAND, IL US",41.8558,-87.6094,177.7,2020-07-31,26.1,",,7",21.7,",,7"
USC00111550,"CHICAGO NORTHERLY ISLAND, IL US",41.8558,-87.6094,177.7,2020-08-01,24.4,",,7",18.3,",,7"
USC00111550,"CHICAGO NORTHERLY ISLAND, IL US",41.8558,-87.6094,177.7,2020-08-02,27.8,",,7",17.8,",,7"
USC00111550,"CHICAGO NORTHERLY ISLAND, IL US",41.8558,-87.6094,177.7,2020-08-03,22.2,",,7",17.8,",,7"
USC00111550,"CHICAGO NORTHERLY ISLAND, IL US",41.8558,-87.6094,177.7,2020-08-04,21.7,",,7",16.7,",,7"
USC00111550,"CHICAGO NORTHERLY ISLAND, IL US",41.8558,-87.6094,177.7,2020-08-05,23.9,",,7",16.1,",,7"
USC00111550,"CHICAGO NORTHERLY ISLAND, IL US",41.8558,-87.6094,177.7,2020-08-06,24.4,",,7",19.4,",,7"
USC00111550,"CHICAGO NORTHERLY ISLAND, IL US",41.8558,-87.6094,177.7,2020-08-07,25,",,7",18.3,",,7"
USC00111550,"CHICAGO NORTHERLY ISLAND, IL US",41.8558,-87.6094,177.7,2020-08-08,29.4,",,7",20,",,7"
USC00111550,"CHICAGO NORTHERLY ISLAND, IL US",41.8558,-87.6094,177.7,2020-08-09,31.7,",,7",21.7,",,7"
USC00111550,"CHICAGO NORTHERLY ISLAND, IL US",41.8558,-87.6094,177.7,2020-08-10,31.1,",,7",20,",,7"
USC00111550,"CHICAGO NORTHERLY ISLAND, IL US",41.8558,-87.6094,177.7,2020-08-11,25,",,7",19.4,",,7"
USC00111550,"CHICAGO NORTHERLY ISLAND, IL US",41.8558,-87.6094,177.7,2020-08-12,25.6,",,7",18.3,",,7"
USC00111550,"CHICAGO NORTHERLY ISLAND, IL US",41.8558,-87.6094,177.7,2020-08-13,25.6,",,7",21.7,",,7"
USC00111550,"CHICAGO NORTHERLY ISLAND, IL US",41.8558,-87.6094,177.7,2020-08-14,27.8,",,7",21.7,",,7"
USC00111550,"CHICAGO NORTHERLY ISLAND, IL US",41.8558,-87.6094,177.7,2020-08-15,28.3,",,7",21.7,",,7"
USC00111550,"CHICAGO NORTHERLY ISLAND, IL US",41.8558,-87.6094,177.7,2020-08-16,25.6,",,7",19.4,",,7"
USC00111550,"CHICAGO NORTHERLY ISLAND, IL US",41.8558,-87.6094,177.7,2020-08-17,25.6,",,7",21.1,",,7"
USC00111550,"CHICAGO NORTHERLY ISLAND, IL US",41.8558,-87.6094,177.7,2020-08-18,23.9,",,7",20,",,7"
USC00111550,"CHICAGO NORTHERLY ISLAND, IL US",41.8558,-87.6094,177.7,2020-08-19,23.9,",,7",19.4,",,7"
USC00111550,"CHICAGO NORTHERLY ISLAND, IL US",41.8558,-87.6094,177.7,2020-08-20,28.3,",,7",18.9,",,7"
USC00111550,"CHICAGO NORTHERLY ISLAND, IL US",41.8558,-87.6094,177.7,2020-08-21,28.3,",,7",21.1,",,7"
USC00111550,"CHICAGO NORTHERLY ISLAND, IL US",41.8558,-87.6094,177.7,2020-08-22,30,",,7",21.7,",,7"
USC00111550,"CHICAGO NORTHERLY ISLAND, IL US",41.8558,-87.6094,177.7,2020-08-23,32.2,",,7",21.7,",,7"
USC00111550,"CHICAGO NORTHERLY ISLAND, IL US",41.8558,-87.6094,177.7,2020-08-24,34.4,",,7",23.3,",,7"
USC00111550,"CHICAGO NORTHERLY ISLAND, IL US",41.8558,-87.6094,177.7,2020-08-25,30.6,",,7",22.8,",,7"
USC00111550,"CHICAGO NORTHERLY ISLAND, IL US",41.8558,-87.6094,177.7,2020-08-26,32.8,",,7",22.8,",,7"
USC00111550,"CHICAGO NORTHERLY ISLAND, IL US",41.8558,-87.6094,177.7,2020-08-27,33.9,",,7",25,",,7"
USC00111550,"CHICAGO NORTHERLY ISLAND, IL US",41.8558,-87.6094,177.7,2020-08-28,33.9,",,7",24.4,",,7"
USC00111550,"CHICAGO NORTHERLY ISLAND, IL US",41.8558,-87.6094,177.7,2020-08-29,27.8,",,7",21.7,",,7"
USC00111550,"CHICAGO NORTHERLY ISLAND, IL US",41.8558,-87.6094,177.7,2020-08-30,23.9,",,7",18.9,",,7"
USC00111550,"CHICAGO NORTHERLY ISLAND, IL US",41.8558,-87.6094,177.7,2020-08-31,28.3,",,7",18.9,",,7"
USC00111550,"CHICAGO NORTHERLY ISLAND, IL US",41.8558,-87.6094,177.7,2020-09-01,22.2,",,7",20,",,7"
USC00111550,"CHICAGO NORTHERLY ISLAND, IL US",41.8558,-87.6094,177.7,2020-09-02,29.4,",,7",21.1,",,7"
USC00111550,"CHICAGO NORTHERLY ISLAND, IL US",41.8558,-87.6094,177.7,2020-09-03,30,",,7",18.9,",,7"
USC00111550,"CHICAGO NORTHERLY ISLAND, IL US",41.8558,-87.6094,177.7,2020-09-04,25.6,",,7",15.6,",,7"
USC00111550,"CHICAGO NORTHERLY ISLAND, IL US",41.8558,-87.6094,177.7,2020-09-05,27.8,",,7",18.3,",,7"
USC00111550,"CHICAGO NORTHERLY ISLAND, IL US",41.8558,-87.6094,177.7,2020-09-06,27.2,",,7",15,",,7"
USC00111550,"CHICAGO NORTHERLY ISLAND, IL US",41.8558,-87.6094,177.7,2020-09-07,25,",,7",17.8,",,7"
USC00111550,"CHICAGO NORTHERLY ISLAND, IL US",41.8558,-87.6094,177.7,2020-09-08,18.9,",,7",15.6,",,7"
USC00111550,"CHICAGO NORTHERLY ISLAND, IL US",41.8558,-87.6094,177.7,2020-09-09,18.3,",,7",15.6,",,7"
USC00111550,"CHICAGO NORTHERLY ISLAND, IL US",41.8558,-87.6094,177.7,2020-09-10,18.9,",,7",15.6,",,7"
USC00111550,"CHICAGO NORTHERLY ISLAND, IL US",41.8558,-87.6094,177.7,2020-09-11,19.4,",,7",16.1,",,7"
USC00111550,"CHICAGO NORTHERLY ISLAND, IL US",41.8558,-87.6094,177.7,2020-09-12,21.7,",,7",17.8,",,7"
USC00111550,"CHICAGO NORTHERLY ISLAND, IL US",41.8558,-87.6094,177.7,2020-09-13,21.1,",,7",16.7,",,7"
USC00111550,"CHICAGO NORTHERLY ISLAND, IL US",41.8558,-87.6094,177.7,2020-09-14,21.1,",,7",15.6,",,7"
USC00111550,"CHICAGO NORTHERLY ISLAND, IL US",41.8558,-87.6094,177.7,2020-09-15,25.6,",,7",15.6,",,7"
USC00111550,"CHICAGO NORTHERLY ISLAND, IL US",41.8558,-87.6094,177.7,2020-09-16,28.3,",,7",17.2,",,7"
USC00111550,"CHICAGO NORTHERLY ISLAND, IL US",41.8558,-87.6094,177.7,2020-09-17,20,",,7",15.6,",,7"
USC00111550,"CHICAGO NORTHERLY ISLAND, IL US",41.8558,-87.6094,177.7,2020-09-18,16.7,",,7",11.7,",,7"
USC00111550,"CHICAGO NORTHERLY ISLAND, IL US",41.8558,-87.6094,177.7,2020-09-19,16.7,",,7",8.9,",,7"
USC00111550,"CHICAGO NORTHERLY ISLAND, IL US",41.8558,-87.6094,177.7,2020-09-20,20,",,7",11.1,",,7"
USC00111550,"CHICAGO NORTHERLY ISLAND, IL US",41.8558,-87.6094,177.7,2020-09-21,22.2,",,7",11.7,",,7"
USC00111550,"CHICAGO NORTHERLY ISLAND, IL US",41.8558,-87.6094,177.7,2020-09-22,26.1,",,7",13.9,",,7"
USC00111550,"CHICAGO NORTHERLY ISLAND, IL US",41.8558,-87.6094,177.7,2020-09-23,25.6,",,7",16.7,",,7"
USC00111550,"CHICAGO NORTHERLY ISLAND, IL US",41.8558,-87.6094,177.7,2020-09-24,25.6,",,7",14.4,",,7"
USC00111550,"CHICAGO NORTHERLY ISLAND, IL US",41.8558,-87.6094,177.7,2020-09-25,26.7,",,7",17.2,",,7"
USC00111550,"CHICAGO NORTHERLY ISLAND, IL US",41.8558,-87.6094,177.7,2020-09-26,25,",,7",17.2,",,7"
USC00111550,"CHICAGO NORTHERLY ISLAND, IL US",41.8558,-87.6094,177.7,2020-09-27,24.4,",,7",12.2,",,7"
USC00111550,"CHICAGO NORTHERLY ISLAND, IL US",41.8558,-87.6094,177.7,2020-09-28,16.1,",,7",11.7,",,7"
USC00111550,"CHICAGO NORTHERLY ISLAND, IL US",41.8558,-87.6094,177.7,2020-09-29,15.6,",,7",8.9,",,7"
USC00111550,"CHICAGO NORTHERLY ISLAND, IL US",41.8558,-87.6094,177.7,2020-09-30,18.3,",,7",11.1,",,7"
USC00111550,"CHICAGO NORTHERLY ISLAND, IL US",41.8558,-87.6094,177.7,2020-10-01,14.4,",,7",10,",,7"
USC00111550,"CHICAGO NORTHERLY ISLAND, IL US",41.8558,-87.6094,177.7,2020-10-02,12.2,",,7",7.8,",,7"
USC00111550,"CHICAGO NORTHERLY ISLAND, IL US",41.8558,-87.6094,177.7,2020-10-03,14.4,",,7",7.8,",,7"
USC00111550,"CHICAGO NORTHERLY ISLAND, IL US",41.8558,-87.6094,177.7,2020-10-04,13.3,",,7",6.7,",,7"
USC00111550,"CHICAGO NORTHERLY ISLAND, IL US",41.8558,-87.6094,177.7,2020-10-05,16.7,",,7",6.7,",,7"
USC00111550,"CHICAGO NORTHERLY ISLAND, IL US",41.8558,-87.6094,177.7,2020-10-06,23.3,",,7",11.1,",,7"
USC00111550,"CHICAGO NORTHERLY ISLAND, IL US",41.8558,-87.6094,177.7,2020-10-07,22.2,",,7",12.2,",,7"
USC00111550,"CHICAGO NORTHERLY ISLAND, IL US",41.8558,-87.6094,177.7,2020-10-08,18.9,",,7",12.2,",,7"
USC00111550,"CHICAGO NORTHERLY ISLAND, IL US",41.8558,-87.6094,177.7,2020-10-09,27.2,",,7",12.2,",,7"
USC00111550,"CHICAGO NORTHERLY ISLAND, IL US",41.8558,-87.6094,177.7,2020-10-10,23.9,",,7",13.3,",,7"
USC00111550,"CHICAGO NORTHERLY ISLAND, IL US",41.8558,-87.6094,177.7,2020-10-16,12.2,",,7",3.9,",,7"
USC00111550,"CHICAGO NORTHERLY ISLAND, IL US",41.8558,-87.6094,177.7,2020-10-17,17.8,",,7",5,",,7"
USC00111550,"CHICAGO NORTHERLY ISLAND, IL US",41.8558,-87.6094,177.7,2020-10-18,15,",,7",5.6,",,7"
USC00111550,"CHICAGO NORTHERLY ISLAND, IL US",41.8558,-87.6094,177.7,2020-10-19,11.1,",,7",5,",,7"
USC00111550,"CHICAGO NORTHERLY ISLAND, IL US",41.8558,-87.6094,177.7,2020-10-20,12.2,",,7",6.7,",,7"
USC00111550,"CHICAGO NORTHERLY ISLAND, IL US",41.8558,-87.6094,177.7,2020-10-21,12.2,",,7",8.3,",,7"
USC00111550,"CHICAGO NORTHERLY ISLAND, IL US",41.8558,-87.6094,177.7,2020-10-22,25,",,7",8.9,",,7"
USC00111550,"CHICAGO NORTHERLY ISLAND, IL US",41.8558,-87.6094,177.7,2020-10-23,21.7,",,7",5,",,7"
USC00111550,"CHICAGO NORTHERLY ISLAND, IL US",41.8558,-87.6094,177.7,2020-10-24,7.8,",,7",3.9,",,7"
USC00111550,"CHICAGO NORTHERLY ISLAND, IL US",41.8558,-87.6094,177.7,2020-10-25,7.8,",,7",5.6,",,7"
USC00111550,"CHICAGO NORTHERLY ISLAND, IL US",41.8558,-87.6094,177.7,2020-10-26,6.1,",,7",1.7,",,7"
USC00111550,"CHICAGO NORTHERLY ISLAND, IL US",41.8558,-87.6094,177.7,2020-10-27,3.9,",,7",1.1,",,7"
USC00111550,"CHICAGO NORTHERLY ISLAND, IL US",41.8558,-87.6094,177.7,2020-10-28,10.6,",,7",1.1,",,7"
USC00111550,"CHICAGO NORTHERLY ISLAND, IL US",41.8558,-87.6094,177.7,2020-10-29,8.9,",,7",2.8,",,7"
USC00111550,"CHICAGO NORTHERLY ISLAND, IL US",41.8558,-87.6094,177.7,2020-10-30,5.6,",,7",1.7,",,7"
USC00111550,"CHICAGO NORTHERLY ISLAND, IL US",41.8558,-87.6094,177.7,2020-10-31,15,",,7",1.7,",,7"
USC00111550,"CHICAGO NORTHERLY ISLAND, IL US",41.8558,-87.6094,177.7,2020-11-01,12.8,",,7",0.6,",,7"
USC00111550,"CHICAGO NORTHERLY ISLAND, IL US",41.8558,-87.6094,177.7,2020-11-02,10,",,7",-0.6,",,7"
USC00111550,"CHICAGO NORTHERLY ISLAND, IL US",41.8558,-87.6094,177.7,2020-11-03,20.6,",,7",5,",,7"
USC00111550,"CHICAGO NORTHERLY ISLAND, IL US",41.8558,-87.6094,177.7,2020-11-04,23.9,",,7",10,",,7"
USC00111550,"CHICAGO NORTHERLY ISLAND, IL US",41.8558,-87.6094,177.7,2020-11-05,21.7,",,7",13.9,",,7"
USC00111550,"CHICAGO NORTHERLY ISLAND, IL US",41.8558,-87.6094,177.7,2020-11-06,23.3,",,7",10.6,",,7"
USC00111550,"CHICAGO NORTHERLY ISLAND, IL US",41.8558,-87.6094,177.7,2020-11-07,21.7,",,7",12.2,",,7"
USC00111550,"CHICAGO NORTHERLY ISLAND, IL US",41.8558,-87.6094,177.7,2020-11-08,24.4,",,7",10,",,7"
USC00111550,"CHICAGO NORTHERLY ISLAND, IL US",41.8558,-87.6094,177.7,2020-11-09,23.9,",,7",12.8,",,7"
USC00111550,"CHICAGO NORTHERLY ISLAND, IL US",41.8558,-87.6094,177.7,2020-11-10,22.8,",,7",6.7,",,7"
USC00111550,"CHICAGO NORTHERLY ISLAND, IL US",41.8558,-87.6094,177.7,2020-11-11,8.3,",,7",1.7,",,7"
USC00111550,"CHICAGO NORTHERLY ISLAND, IL US",41.8558,-87.6094,177.7,2020-11-12,12.8,",,7",2.8,",,7"
USC00111550,"CHICAGO NORTHERLY ISLAND, IL US",41.8558,-87.6094,177.7,2020-11-13,8.3,",,7",0.6,",,7"
USC00111550,"CHICAGO NORTHERLY ISLAND, IL US",41.8558,-87.6094,177.7,2020-11-14,10,",,7",-0.6,",,7"
USC00111550,"CHICAGO NORTHERLY ISLAND, IL US",41.8558,-87.6094,177.7,2020-11-15,12.8,",,7",1.7,",,7"
USC00111550,"CHICAGO NORTHERLY ISLAND, IL US",41.8558,-87.6094,177.7,2020-11-16,8.3,",,7",0.6,",,7"
USC00111550,"CHICAGO NORTHERLY ISLAND, IL US",41.8558,-87.6094,177.7,2020-11-17,5.6,",,7",-0.6,",,7"
USC00111550,"CHICAGO NORTHERLY ISLAND, IL US",41.8558,-87.6094,177.7,2020-11-18,10,",,7",2.2,",,7"
USC00111550,"CHICAGO NORTHERLY ISLAND, IL US",41.8558,-87.6094,177.7,2020-11-19,18.9,",,7",8.3,",,7"
USC00111550,"CHICAGO NORTHERLY ISLAND, IL US",41.8558,-87.6094,177.7,2020-11-20,16.1,",,7",5.6,",,7"
USC00111550,"CHICAGO NORTHERLY ISLAND, IL US",41.8558,-87.6094,177.7,2020-11-21,6.7,",,7",3.9,",,7"
USC00111550,"CHICAGO NORTHERLY ISLAND, IL US",41.8558,-87.6094,177.7,2020-11-22,6.7,",,7",3.9,",,7"
USC00111550,"CHICAGO NORTHERLY ISLAND, IL US",41.8558,-87.6094,177.7,2020-11-23,7.2,",,7",2.8,",,7"
USC00111550,"CHICAGO NORTHERLY ISLAND, IL US",41.8558,-87.6094,177.7,2020-11-24,7.2,",,7",0.6,",,7"
USC00111550,"CHICAGO NORTHERLY ISLAND, IL US",41.8558,-87.6094,177.7,2020-11-25,7.8,",,7",6.7,",,7"
USC00111550,"CHICAGO NORTHERLY ISLAND, IL US",41.8558,-87.6094,177.7,2020-11-26,7.8,",,7",4.4,",,7"
USC00111550,"CHICAGO NORTHERLY ISLAND, IL US",41.8558,-87.6094,177.7,2020-11-27,7.2,",,7",2.2,",,7"
USC00111550,"CHICAGO NORTHERLY ISLAND, IL US",41.8558,-87.6094,177.7,2020-11-28,10,",,7",-1.1,",,7"
USC00111550,"CHICAGO NORTHERLY ISLAND, IL US",41.8558,-87.6094,177.7,2020-11-29,10,",,7",3.3,",,7"
USC00111550,"CHICAGO NORTHERLY ISLAND, IL US",41.8558,-87.6094,177.7,2020-11-30,3.3,",,7",-1.1,",,7"
USC00111550,"CHICAGO NORTHERLY ISLAND, IL US",41.8558,-87.6094,177.7,2020-12-01,1.1,",,7",-2.8,",,7"
USC00111550,"CHICAGO NORTHERLY ISLAND, IL US",41.8558,-87.6094,177.7,2020-12-02,8.9,",,7",-1.7,",,7"
USC00111550,"CHICAGO NORTHERLY ISLAND, IL US",41.8558,-87.6094,177.7,2020-12-03,8.3,",,7",0,",,7"
USC00111550,"CHICAGO NORTHERLY ISLAND, IL US",41.8558,-87.6094,177.7,2020-12-04,7.8,",,7",1.1,",,7"
USC00111550,"CHICAGO NORTHERLY ISLAND, IL US",41.8558,-87.6094,177.7,2020-12-05,3.9,",,7",2.2,",,7"
USC00111550,"CHICAGO NORTHERLY ISLAND, IL US",41.8558,-87.6094,177.7,2020-12-06,2.8,",,7",0.6,",,7"
USC00111550,"CHICAGO NORTHERLY ISLAND, IL US",41.8558,-87.6094,177.7,2020-12-07,2.8,",,7",1.1,",,7"
USC00111550,"CHICAGO NORTHERLY ISLAND, IL US",41.8558,-87.6094,177.7,2020-12-08,2.8,",,7",0.6,",,7"
USC00111550,"CHICAGO NORTHERLY ISLAND, IL US",41.8558,-87.6094,177.7,2020-12-09,11.1,",,7",1.1,",,7"
USC00111550,"CHICAGO NORTHERLY ISLAND, IL US",41.8558,-87.6094,177.7,2020-12-12,5,",,7",0,",,7"
USC00111550,"CHICAGO NORTHERLY ISLAND, IL US",41.8558,-87.6094,177.7,2020-12-13,3.3,",,7",-2.8,",,7"
USC00111550,"CHICAGO NORTHERLY ISLAND, IL US",41.8558,-87.6094,177.7,2020-12-14,0.6,",,7",-3.9,",,7"
USC00111550,"CHICAGO NORTHERLY ISLAND, IL US",41.8558,-87.6094,177.7,2020-12-15,0.6,",,7",-3.9,",,7"
USC00111550,"CHICAGO NORTHERLY ISLAND, IL US",41.8558,-87.6094,177.7,2020-12-16,1.1,",,7",-1.7,",,7"
USC00111550,"CHICAGO NORTHERLY ISLAND, IL US",41.8558,-87.6094,177.7,2020-12-17,1.1,",,7",-0.6,",,7"
USC00111550,"CHICAGO NORTHERLY ISLAND, IL US",41.8558,-87.6094,177.7,2020-12-18,2.8,",,7",-2.8,",,7"
USC00111550,"CHICAGO NORTHERLY ISLAND, IL US",41.8558,-87.6094,177.7,2020-12-19,6.7,",,7",1.7,",,7"
USC00111550,"CHICAGO NORTHERLY ISLAND, IL US",41.8558,-87.6094,177.7,2020-12-20,5,",,7",0,",,7"
USC00111550,"CHICAGO NORTHERLY ISLAND, IL US",41.8558,-87.6094,177.7,2020-12-21,7.8,",,7",1.1,",,7"
USC00111550,"CHICAGO NORTHERLY ISLAND, IL US",41.8558,-87.6094,177.7,2020-12-22,5,",,7",1.1,",,7"
USC00111550,"CHICAGO NORTHERLY ISLAND, IL US",41.8558,-87.6094,177.7,2020-12-23,13.3,",,7",-2.8,",,7"
USC00111550,"CHICAGO NORTHERLY ISLAND, IL US",41.8558,-87.6094,177.7,2020-12-24,-2.2,",,7",-11.7,",,7"
USC00111550,"CHICAGO NORTHERLY ISLAND, IL US",41.8558,-87.6094,177.7,2020-12-25,-5.6,",,7",-12.2,",,7"
USC00111550,"CHICAGO NORTHERLY ISLAND, IL US",41.8558,-87.6094,177.7,2020-12-26,0,",,7",-6.7,",,7"
USC00111550,"CHICAGO NORTHERLY ISLAND, IL US",41.8558,-87.6094,177.7,2020-12-27,7.8,",,7",-2.2,",,7"
USC00111550,"CHICAGO NORTHERLY ISLAND, IL US",41.8558,-87.6094,177.7,2020-12-28,1.1,",,7",-4.4,",,7"
USC00111550,"CHICAGO NORTHERLY ISLAND, IL US",41.8558,-87.6094,177.7,2020-12-29,0,",,7",-6.7,",,7"
USC00111550,"CHICAGO NORTHERLY ISLAND, IL US",41.8558,-87.6094,177.7,2020-12-30,2.2,",,7",-3.3,",,7"
USW00094846,"CHICAGO OHARE INTERNATIONAL AIRPORT, IL US",41.96017,-87.93164,204.8,2020-01-01,5.6,",,W",-6,",,W"
USW00094846,"CHICAGO OHARE INTERNATIONAL AIRPORT, IL US",41.96017,-87.93164,204.8,2020-01-02,8.9,",,W",2.8,",,W"
USW00094846,"CHICAGO OHARE INTERNATIONAL AIRPORT, IL US",41.96017,-87.93164,204.8,2020-01-03,5,",,W",0.6,",,W"
USW00094846,"CHICAGO OHARE INTERNATIONAL AIRPORT, IL US",41.96017,-87.93164,204.8,2020-01-04,0.6,",,W",-3.2,",,W"
USW00094846,"CHICAGO OHARE INTERNATIONAL AIRPORT, IL US",41.96017,-87.93164,204.8,2020-01-05,5.6,",,W",-4.3,",,W"
USW00094846,"CHICAGO OHARE INTERNATIONAL AIRPORT, IL US",41.96017,-87.93164,204.8,2020-01-06,5.6,",,W",-2.7,",,W"
USW00094846,"CHICAGO OHARE INTERNATIONAL AIRPORT, IL US",41.96017,-87.93164,204.8,2020-01-07,4.4,",,W",-2.1,",,W"
USW00094846,"CHICAGO OHARE INTERNATIONAL AIRPORT, IL US",41.96017,-87.93164,204.8,2020-01-08,-1.6,",,W",-9.9,",,W"
USW00094846,"CHICAGO OHARE INTERNATIONAL AIRPORT, IL US",41.96017,-87.93164,204.8,2020-01-09,10,",,W",-4.9,",,W"
USW00094846,"CHICAGO OHARE INTERNATIONAL AIRPORT, IL US",41.96017,-87.93164,204.8,2020-01-10,10,",,W",2.2,",,W"
USW00094846,"CHICAGO OHARE INTERNATIONAL AIRPORT, IL US",41.96017,-87.93164,204.8,2020-01-11,2.8,",,W",-3.8,",,W"
USW00094846,"CHICAGO OHARE INTERNATIONAL AIRPORT, IL US",41.96017,-87.93164,204.8,2020-01-12,-0.5,",,W",-4.9,",,W"
USW00094846,"CHICAGO OHARE INTERNATIONAL AIRPORT, IL US",41.96017,-87.93164,204.8,2020-01-13,0.6,",,W",-0.5,",,W"
USW00094846,"CHICAGO OHARE INTERNATIONAL AIRPORT, IL US",41.96017,-87.93164,204.8,2020-01-14,3.9,",,W",-3.8,",,W"
USW00094846,"CHICAGO OHARE INTERNATIONAL AIRPORT, IL US",41.96017,-87.93164,204.8,2020-01-15,2.2,",,W",-3.8,",,W"
USW00094846,"CHICAGO OHARE INTERNATIONAL AIRPORT, IL US",41.96017,-87.93164,204.8,2020-01-16,-1.6,",,W",-11.6,",,W"
USW00094846,"CHICAGO OHARE INTERNATIONAL AIRPORT, IL US",41.96017,-87.93164,204.8,2020-01-17,-1.6,",,W",-11.6,",,W"
USW00094846,"CHICAGO OHARE INTERNATIONAL AIRPORT, IL US",41.96017,-87.93164,204.8,2020-01-18,1.7,",,W",-14.9,",,W"
USW00094846,"CHICAGO OHARE INTERNATIONAL AIRPORT, IL US",41.96017,-87.93164,204.8,2020-01-19,-7.1,",,W",-16.6,",,W"
USW00094846,"CHICAGO OHARE INTERNATIONAL AIRPORT, IL US",41.96017,-87.93164,204.8,2020-01-20,-0.5,",,W",-8.2,",,W"
USW00094846,"CHICAGO OHARE INTERNATIONAL AIRPORT, IL US",41.96017,-87.93164,204.8,2020-01-21,-1.6,",,W",-9.3,",,W"
USW00094846,"CHICAGO OHARE INTERNATIONAL AIRPORT, IL US",41.96017,-87.93164,204.8,2020-01-22,1.1,",,W",-4.3,",,W"
USW00094846,"CHICAGO OHARE INTERNATIONAL AIRPORT, IL US",41.96017,-87.93164,204.8,2020-01-23,1.1,",,W",-1.6,",,W"
USW00094846,"CHICAGO OHARE INTERNATIONAL AIRPORT, IL US",41.96017,-87.93164,204.8,2020-01-24,2.8,",,W",0,",,W"
USW00094846,"CHICAGO OHARE INTERNATIONAL AIRPORT, IL US",41.96017,-87.93164,204.8,2020-01-25,1.1,",,W",0,",,W"
USW00094846,"CHICAGO OHARE INTERNATIONAL AIRPORT, IL US",41.96017,-87.93164,204.8,2020-01-26,0.6,",,W",-2.7,",,W"
USW00094846,"CHICAGO OHARE INTERNATIONAL AIRPORT, IL US",41.96017,-87.93164,204.8,2020-01-27,1.7,",,W",-2.7,",,W"
USW00094846,"CHICAGO OHARE INTERNATIONAL AIRPORT, IL US",41.96017,-87.93164,204.8,2020-01-28,0.6,",,W",-0.5,",,W"
USW00094846,"CHICAGO OHARE INTERNATIONAL AIRPORT, IL US",41.96017,-87.93164,204.8,2020-01-29,1.1,",,W",-1,",,W"
USW00094846,"CHICAGO OHARE INTERNATIONAL AIRPORT, IL US",41.96017,-87.93164,204.8,2020-01-30,1.7,",,W",0,",,W"
USW00094846,"CHICAGO OHARE INTERNATIONAL AIRPORT, IL US",41.96017,-87.93164,204.8,2020-01-31,2.8,",,W",0,",,W"
USW00094846,"CHICAGO OHARE INTERNATIONAL AIRPORT, IL US",41.96017,-87.93164,204.8,2020-02-01,3.3,",,W",1.1,",,W"
USW00094846,"CHICAGO OHARE INTERNATIONAL AIRPORT, IL US",41.96017,-87.93164,204.8,2020-02-02,11.1,",,W",1.7,",,W"
USW00094846,"CHICAGO OHARE INTERNATIONAL AIRPORT, IL US",41.96017,-87.93164,204.8,2020-02-03,8.9,",,W",-1,",,W"
USW00094846,"CHICAGO OHARE INTERNATIONAL AIRPORT, IL US",41.96017,-87.93164,204.8,2020-02-04,3.9,",,W",-0.5,",,W"
USW00094846,"CHICAGO OHARE INTERNATIONAL AIRPORT, IL US",41.96017,-87.93164,204.8,2020-02-05,0.6,",,W",-2.7,",,W"
USW00094846,"CHICAGO OHARE INTERNATIONAL AIRPORT, IL US",41.96017,-87.93164,204.8,2020-02-06,-1,",,W",-2.7,",,W"
USW00094846,"CHICAGO OHARE INTERNATIONAL AIRPORT, IL US",41.96017,-87.93164,204.8,2020-02-07,3.3,",,W",-4.3,",,W"
USW00094846,"CHICAGO OHARE INTERNATIONAL AIRPORT, IL US",41.96017,-87.93164,204.8,2020-02-08,2.8,",,W",-2.1,",,W"
USW00094846,"CHICAGO OHARE INTERNATIONAL AIRPORT, IL US",41.96017,-87.93164,204.8,2020-02-09,2.8,",,W",-3.8,",,W"
USW00094846,"CHICAGO OHARE INTERNATIONAL AIRPORT, IL US",41.96017,-87.93164,204.8,2020-02-10,3.9,",,W",-3.2,",,W"
USW00094846,"CHICAGO OHARE INTERNATIONAL AIRPORT, IL US",41.96017,-87.93164,204.8,2020-02-11,1.7,",,W",-3.2,",,W"
USW00094846,"CHICAGO OHARE INTERNATIONAL AIRPORT, IL US",41.96017,-87.93164,204.8,2020-02-12,2.8,",,W",-4.3,",,W"
USW00094846,"CHICAGO OHARE INTERNATIONAL AIRPORT, IL US",41.96017,-87.93164,204.8,2020-02-13,0,",,W",-15.5,",,W"
USW00094846,"CHICAGO OHARE INTERNATIONAL AIRPORT, IL US",41.96017,-87.93164,204.8,2020-02-14,-9.3,",,W",-18.8,",,W"
USW00094846,"CHICAGO OHARE INTERNATIONAL AIRPORT, IL US",41.96017,-87.93164,204.8,2020-02-15,0.6,",,W",-13.8,",,W"
USW00094846,"CHICAGO OHARE INTERNATIONAL AIRPORT, IL US",41.96017,-87.93164,204.8,2020-02-16,6.1,",,W",-6.6,",,W"
USW00094846,"CHICAGO OHARE INTERNATIONAL AIRPORT, IL US",41.96017,-87.93164,204.8,2020-02-17,5,",,W",-2.1,",,W"
USW00094846,"CHICAGO OHARE INTERNATIONAL AIRPORT, IL US",41.96017,-87.93164,204.8,2020-02-18,3.9,",,W",-3.8,",,W"
USW00094846,"CHICAGO OHARE INTERNATIONAL AIRPORT, IL US",41.96017,-87.93164,204.8,2020-02-19,-0.5,",,W",-8.8,",,W"
USW00094846,"CHICAGO OHARE INTERNATIONAL AIRPORT, IL US",41.96017,-87.93164,204.8,2020-02-20,-3.8,",,W",-12.7,",,W"
USW00094846,"CHICAGO OHARE INTERNATIONAL AIRPORT, IL US",41.96017,-87.93164,204.8,2020-02-21,3.3,",,W",-11,",,W"
USW00094846,"CHICAGO OHARE INTERNATIONAL AIRPORT, IL US",41.96017,-87.93164,204.8,2020-02-22,10.6,",,W",-2.1,",,W"
USW00094846,"CHICAGO OHARE INTERNATIONAL AIRPORT, IL US",41.96017,-87.93164,204.8,2020-02-23,12.8,",,W",1.7,",,W"
USW00094846,"CHICAGO OHARE INTERNATIONAL AIRPORT, IL US",41.96017,-87.93164,204.8,2020-02-24,6.1,",,W",1.7,",,W"
USW00094846,"CHICAGO OHARE INTERNATIONAL AIRPORT, IL US",41.96017,-87.93164,204.8,2020-02-25,5,",,W",0.6,",,W"
USW00094846,"CHICAGO OHARE INTERNATIONAL AIRPORT, IL US",41.96017,-87.93164,204.8,2020-02-26,0.6,",,W",-3.2,",,W"
USW00094846,"CHICAGO OHARE INTERNATIONAL AIRPORT, IL US",41.96017,-87.93164,204.8,2020-02-27,0,",,W",-6,",,W"
USW00094846,"CHICAGO OHARE INTERNATIONAL AIRPORT, IL US",41.96017,-87.93164,204.8,2020-02-28,-1,",,W",-7.1,",,W"
USW00094846,"CHICAGO OHARE INTERNATIONAL AIRPORT, IL US",41.96017,-87.93164,204.8,2020-02-29,2.8,",,W",-8.2,",,W"
USW00094846,"CHICAGO OHARE INTERNATIONAL AIRPORT, IL US",41.96017,-87.93164,204.8,2020-03-01,15.6,",,W",-1,",,W"
USW00094846,"CHICAGO OHARE INTERNATIONAL AIRPORT, IL US",41.96017,-87.93164,204.8,2020-03-02,10,",,W",1.1,",,W"
USW00094846,"CHICAGO OHARE INTERNATIONAL AIRPORT, IL US",41.96017,-87.93164,204.8,2020-03-03,9.4,",,W",0,",,W"
USW00094846,"CHICAGO OHARE INTERNATIONAL AIRPORT, IL US",41.96017,-87.93164,204.8,2020-03-04,9.4,",,W",0,",,W"
USW00094846,"CHICAGO OHARE INTERNATIONAL AIRPORT, IL US",41.96017,-87.93164,204.8,2020-03-05,11.7,",,W",0.6,",,W"
USW00094846,"CHICAGO OHARE INTERNATIONAL AIRPORT, IL US",41.96017,-87.93164,204.8,2020-03-06,4.4,",,W",-2.1,",,W"
USW00094846,"CHICAGO OHARE INTERNATIONAL AIRPORT, IL US",41.96017,-87.93164,204.8,2020-03-07,11.7,",,W",-3.8,",,W"
USW00094846,"CHICAGO OHARE INTERNATIONAL AIRPORT, IL US",41.96017,-87.93164,204.8,2020-03-08,19.4,",,W",5.6,",,W"
USW00094846,"CHICAGO OHARE INTERNATIONAL AIRPORT, IL US",41.96017,-87.93164,204.8,2020-03-09,13.9,",,W",8.9,",,W"
USW00094846,"CHICAGO OHARE INTERNATIONAL AIRPORT, IL US",41.96017,-87.93164,204.8,2020-03-10,10.6,",,W",1.7,",,W"
USW00094846,"CHICAGO OHARE INTERNATIONAL AIRPORT, IL US",41.96017,-87.93164,204.8,2020-03-11,7.2,",,W",2.2,",,W"
USW00094846,"CHICAGO OHARE INTERNATIONAL AIRPORT, IL US",41.96017,-87.93164,204.8,2020-03-12,14.4,",,W",2.8,",,W"
USW00094846,"CHICAGO OHARE INTERNATIONAL AIRPORT, IL US",41.96017,-87.93164,204.8,2020-03-13,10,",,W",1.1,",,W"
USW00094846,"CHICAGO OHARE INTERNATIONAL AIRPORT, IL US",41.96017,-87.93164,204.8,2020-03-14,4.4,",,W",0.6,",,W"
USW00094846,"CHICAGO OHARE INTERNATIONAL AIRPORT, IL US",41.96017,-87.93164,204.8,2020-03-15,5.6,",,W",-0.5,",,W"
USW00094846,"CHICAGO OHARE INTERNATIONAL AIRPORT, IL US",41.96017,-87.93164,204.8,2020-03-16,4.4,",,W",-1,",,W"
USW00094846,"CHICAGO OHARE INTERNATIONAL AIRPORT, IL US",41.96017,-87.93164,204.8,2020-03-17,10,",,W",2.2,",,W"
USW00094846,"CHICAGO OHARE INTERNATIONAL AIRPORT, IL US",41.96017,-87.93164,204.8,2020-03-18,7.8,",,W",3.9,",,W"
USW00094846,"CHICAGO OHARE INTERNATIONAL AIRPORT, IL US",41.96017,-87.93164,204.8,2020-03-19,17.8,",,W",5,",,W"
USW00094846,"CHICAGO OHARE INTERNATIONAL AIRPORT, IL US",41.96017,-87.93164,204.8,2020-03-20,17.2,",,W",-0.5,",,W"
USW00094846,"CHICAGO OHARE INTERNATIONAL AIRPORT, IL US",41.96017,-87.93164,204.8,2020-03-21,1.7,",,W",-3.2,",,W"
USW00094846,"CHICAGO OHARE INTERNATIONAL AIRPORT, IL US",41.96017,-87.93164,204.8,2020-03-22,2.8,",,W",-3.2,",,W"
USW00094846,"CHICAGO OHARE INTERNATIONAL AIRPORT, IL US",41.96017,-87.93164,204.8,2020-03-23,7.2,",,W",0.6,",,W"
USW00094846,"CHICAGO OHARE INTERNATIONAL AIRPORT, IL US",41.96017,-87.93164,204.8,2020-03-24,9.4,",,W",1.1,",,W"
USW00094846,"CHICAGO OHARE INTERNATIONAL AIRPORT, IL US",41.96017,-87.93164,204.8,2020-03-25,14.4,",,W",0,",,W"
USW00094846,"CHICAGO OHARE INTERNATIONAL AIRPORT, IL US",41.96017,-87.93164,204.8,2020-03-26,11.1,",,W",3.3,",,W"
USW00094846,"CHICAGO OHARE INTERNATIONAL AIRPORT, IL US",41.96017,-87.93164,204.8,2020-03-27,10,",,W",2.8,",,W"
USW00094846,"CHICAGO OHARE INTERNATIONAL AIRPORT, IL US",41.96017,-87.93164,204.8,2020-03-28,19.4,",,W",6.7,",,W"
USW00094846,"CHICAGO OHARE INTERNATIONAL AIRPORT, IL US",41.96017,-87.93164,204.8,2020-03-29,17.2,",,W",6.7,",,W"
USW00094846,"CHICAGO OHARE INTERNATIONAL AIRPORT, IL US",41.96017,-87.93164,204.8,2020-03-30,10.6,",,W",3.9,",,W"
USW00094846,"CHICAGO OHARE INTERNATIONAL AIRPORT, IL US",41.96017,-87.93164,204.8,2020-03-31,6.1,",,W",2.8,",,W"
USW00094846,"CHICAGO OHARE INTERNATIONAL AIRPORT, IL US",41.96017,-87.93164,204.8,2020-04-01,11.7,",,W",3.3,",,W"
USW00094846,"CHICAGO OHARE INTERNATIONAL AIRPORT, IL US",41.96017,-87.93164,204.8,2020-04-02,16.1,",,W",1.1,",,W"
USW00094846,"CHICAGO OHARE INTERNATIONAL AIRPORT, IL US",41.96017,-87.93164,204.8,2020-04-03,21.1,",,W",7.8,",,W"
USW00094846,"CHICAGO OHARE INTERNATIONAL AIRPORT, IL US",41.96017,-87.93164,204.8,2020-04-04,11.1,",,W",2.8,",,W"
USW00094846,"CHICAGO OHARE INTERNATIONAL AIRPORT, IL US",41.96017,-87.93164,204.8,2020-04-05,11.1,",,W",1.7,",,W"
USW00094846,"CHICAGO OHARE INTERNATIONAL AIRPORT, IL US",41.96017,-87.93164,204.8,2020-04-06,17.8,",,W",1.7,",,W"
USW00094846,"CHICAGO OHARE INTERNATIONAL AIRPORT, IL US",41.96017,-87.93164,204.8,2020-04-07,26.7,",,W",10.6,",,W"
USW00094846,"CHICAGO OHARE INTERNATIONAL AIRPORT, IL US",41.96017,-87.93164,204.8,2020-04-08,23.3,",,W",8.9,",,W"
USW00094846,"CHICAGO OHARE INTERNATIONAL AIRPORT, IL US",41.96017,-87.93164,204.8,2020-04-09,10,",,W",2.2,",,W"
USW00094846,"CHICAGO OHARE INTERNATIONAL AIRPORT, IL US",41.96017,-87.93164,204.8,2020-04-10,10,",,W",0.6,",,W"
USW00094846,"CHICAGO OHARE INTERNATIONAL AIRPORT, IL US",41.96017,-87.93164,204.8,2020-04-11,17.2,",,W",5.6,",,W"
USW00094846,"CHICAGO OHARE INTERNATIONAL AIRPORT, IL US",41.96017,-87.93164,204.8,2020-04-12,18.9,",,W",9.4,",,W"
USW00094846,"CHICAGO OHARE INTERNATIONAL AIRPORT, IL US",41.96017,-87.93164,204.8,2020-04-13,13.3,",,W",1.1,",,W"
USW00094846,"CHICAGO OHARE INTERNATIONAL AIRPORT, IL US",41.96017,-87.93164,204.8,2020-04-14,5,",,W",-1,",,W"
USW00094846,"CHICAGO OHARE INTERNATIONAL AIRPORT, IL US",41.96017,-87.93164,204.8,2020-04-15,4.4,",,W",-2.7,",,W"
USW00094846,"CHICAGO OHARE INTERNATIONAL AIRPORT, IL US",41.96017,-87.93164,204.8,2020-04-16,8.3,",,W",-2.1,",,W"
USW00094846,"CHICAGO OHARE INTERNATIONAL AIRPORT, IL US",41.96017,-87.93164,204.8,2020-04-17,5.6,",,W",1.1,",,W"
USW00094846,"CHICAGO OHARE INTERNATIONAL AIRPORT, IL US",41.96017,-87.93164,204.8,2020-04-18,15,",,W",1.1,",,W"
USW00094846,"CHICAGO OHARE INTERNATIONAL AIRPORT, IL US",41.96017,-87.93164,204.8,2020-04-19,16.7,",,W",3.9,",,W"
USW00094846,"CHICAGO OHARE INTERNATIONAL AIRPORT, IL US",41.96017,-87.93164,204.8,2020-04-20,17.8,",,W",2.2,",,W"
USW00094846,"CHICAGO OHARE INTERNATIONAL AIRPORT, IL US",41.96017,-87.93164,204.8,2020-04-21,11.7,",,W",2.2,",,W"
USW00094846,"CHICAGO OHARE INTERNATIONAL AIRPORT, IL US",41.96017,-87.93164,204.8,2020-04-22,17.2,",,W",4.4,",,W"
USW00094846,"CHICAGO OHARE INTERNATIONAL AIRPORT, IL US",41.96017,-87.93164,204.8,2020-04-23,13.9,",,W",6.1,",,W"
USW00094846,"CHICAGO OHARE INTERNATIONAL AIRPORT, IL US",41.96017,-87.93164,204.8,2020-04-24,10,",,W",4.4,",,W"
USW00094846,"CHICAGO OHARE INTERNATIONAL AIRPORT, IL US",41.96017,-87.93164,204.8,2020-04-25,8.3,",,W",5.6,",,W"
USW00094846,"CHICAGO OHARE INTERNATIONAL AIRPORT, IL US",41.96017,-87.93164,204.8,2020-04-26,17.2,",,W",5,",,W"
USW00094846,"CHICAGO OHARE INTERNATIONAL AIRPORT, IL US",41.96017,-87.93164,204.8,2020-04-27,20,",,W",4.4,",,W"
USW00094846,"CHICAGO OHARE INTERNATIONAL AIRPORT, IL US",41.96017,-87.93164,204.8,2020-04-28,24.4,",,W",8.9,",,W"
USW00094846,"CHICAGO OHARE INTERNATIONAL AIRPORT, IL US",41.96017,-87.93164,204.8,2020-04-29,16.1,",,W",6.1,",,W"
USW00094846,"CHICAGO OHARE INTERNATIONAL AIRPORT, IL US",41.96017,-87.93164,204.8,2020-04-30,13.3,",,W",5.6,",,W"
USW00094846,"CHICAGO OHARE INTERNATIONAL AIRPORT, IL US",41.96017,-87.93164,204.8,2020-05-01,20,",,W",3.3,",,W"
USW00094846,"CHICAGO OHARE INTERNATIONAL AIRPORT, IL US",41.96017,-87.93164,204.8,2020-05-02,25,",,W",15,",,W"
USW00094846,"CHICAGO OHARE INTERNATIONAL AIRPORT, IL US",41.96017,-87.93164,204.8,2020-05-03,23.3,",,W",8.9,",,W"
USW00094846,"CHICAGO OHARE INTERNATIONAL AIRPORT, IL US",41.96017,-87.93164,204.8,2020-05-04,8.9,",,W",4.4,",,W"
USW00094846,"CHICAGO OHARE INTERNATIONAL AIRPORT, IL US",41.96017,-87.93164,204.8,2020-05-05,9.4,",,W",4.4,",,W"
USW00094846,"CHICAGO OHARE INTERNATIONAL AIRPORT, IL US",41.96017,-87.93164,204.8,2020-05-06,17.2,",,W",4.4,",,W"
USW00094846,"CHICAGO OHARE INTERNATIONAL AIRPORT, IL US",41.96017,-87.93164,204.8,2020-05-07,18.9,",,W",7.2,",,W"
USW00094846,"CHICAGO OHARE INTERNATIONAL AIRPORT, IL US",41.96017,-87.93164,204.8,2020-05-08,7.8,",,W",1.1,",,W"
USW00094846,"CHICAGO OHARE INTERNATIONAL AIRPORT, IL US",41.96017,-87.93164,204.8,2020-05-09,15,",,W",-0.5,",,W"
USW00094846,"CHICAGO OHARE INTERNATIONAL AIRPORT, IL US",41.96017,-87.93164,204.8,2020-05-10,12.8,",,W",2.8,",,W"
USW00094846,"CHICAGO OHARE INTERNATIONAL AIRPORT, IL US",41.96017,-87.93164,204.8,2020-05-11,11.1,",,W",5,",,W"
USW00094846,"CHICAGO OHARE INTERNATIONAL AIRPORT, IL US",41.96017,-87.93164,204.8,2020-05-12,17.2,",,W",5,",,W"
USW00094846,"CHICAGO OHARE INTERNATIONAL AIRPORT, IL US",41.96017,-87.93164,204.8,2020-05-13,20.6,",,W",5.6,",,W"
USW00094846,"CHICAGO OHARE INTERNATIONAL AIRPORT, IL US",41.96017,-87.93164,204.8,2020-05-14,22.8,",,W",12.2,",,W"
USW00094846,"CHICAGO OHARE INTERNATIONAL AIRPORT, IL US",41.96017,-87.93164,204.8,2020-05-15,26.1,",,W",12.2,",,W"
USW00094846,"CHICAGO OHARE INTERNATIONAL AIRPORT, IL US",41.96017,-87.93164,204.8,2020-05-16,19.4,",,W",10,",,W"
USW00094846,"CHICAGO OHARE INTERNATIONAL AIRPORT, IL US",41.96017,-87.93164,204.8,2020-05-17,20,",,W",11.7,",,W"
USW00094846,"CHICAGO OHARE INTERNATIONAL AIRPORT, IL US",41.96017,-87.93164,204.8,2020-05-18,17.8,",,W",11.7,",,W"
USW00094846,"CHICAGO OHARE INTERNATIONAL AIRPORT, IL US",41.96017,-87.93164,204.8,2020-05-19,15,",,W",11.1,",,W"
USW00094846,"CHICAGO OHARE INTERNATIONAL AIRPORT, IL US",41.96017,-87.93164,204.8,2020-05-20,18.9,",,W",11.7,",,W"
USW00094846,"CHICAGO OHARE INTERNATIONAL AIRPORT, IL US",41.96017,-87.93164,204.8,2020-05-21,21.1,",,W",13.9,",,W"
USW00094846,"CHICAGO OHARE INTERNATIONAL AIRPORT, IL US",41.96017,-87.93164,204.8,2020-05-22,22.2,",,W",13.9,",,W"
USW00094846,"CHICAGO OHARE INTERNATIONAL AIRPORT, IL US",41.96017,-87.93164,204.8,2020-05-23,27.8,",,W",12.8,",,W"
USW00094846,"CHICAGO OHARE INTERNATIONAL AIRPORT, IL US",41.96017,-87.93164,204.8,2020-05-24,32.2,",,W",17.8,",,W"
USW00094846,"CHICAGO OHARE INTERNATIONAL AIRPORT, IL US",41.96017,-87.93164,204.8,2020-05-25,31.1,",,W",20.6,",,W"
USW00094846,"CHICAGO OHARE INTERNATIONAL AIRPORT, IL US",41.96017,-87.93164,204.8,2020-05-26,31.7,",,W",20,",,W"
USW00094846,"CHICAGO OHARE INTERNATIONAL AIRPORT, IL US",41.96017,-87.93164,204.8,2020-05-27,30.6,",,W",22.2,",,W"
USW00094846,"CHICAGO OHARE INTERNATIONAL AIRPORT, IL US",41.96017,-87.93164,204.8,2020-05-28,27.8,",,W",16.7,",,W"
USW00094846,"CHICAGO OHARE INTERNATIONAL AIRPORT, IL US",41.96017,-87.93164,204.8,2020-05-29,24.4,",,W",14.4,",,W"
USW00094846,"CHICAGO OHARE INTERNATIONAL AIRPORT, IL US",41.96017,-87.93164,204.8,2020-05-30,22.8,",,W",12.2,",,W"
USW00094846,"CHICAGO OHARE INTERNATIONAL AIRPORT, IL US",41.96017,-87.93164,204.8,2020-05-31,20.6,",,W",10,",,W"
USW00094846,"CHICAGO OHARE INTERNATIONAL AIRPORT, IL US",41.96017,-87.93164,204.8,2020-06-01,24.4,",,W",11.7,",,W"
USW00094846,"CHICAGO OHARE INTERNATIONAL AIRPORT, IL US",41.96017,-87.93164,204.8,2020-06-02,34.4,",,W",19.4,",,W"
USW00094846,"CHICAGO OHARE INTERNATIONAL AIRPORT, IL US",41.96017,-87.93164,204.8,2020-06-03,30.6,",,W",19.4,",,W"
USW00094846,"CHICAGO OHARE INTERNATIONAL AIRPORT, IL US",41.96017,-87.93164,204.8,2020-06-04,31.1,",,W",21.1,",,W"
USW00094846,"CHICAGO OHARE INTERNATIONAL AIRPORT, IL US",41.96017,-87.93164,204.8,2020-06-05,31.7,",,W",21.1,",,W"
USW00094846,"CHICAGO OHARE INTERNATIONAL AIRPORT, IL US",41.96017,-87.93164,204.8,2020-06-06,24.4,",,W",15,",,W"
USW00094846,"CHICAGO OHARE INTERNATIONAL AIRPORT, IL US",41.96017,-87.93164,204.8,2020-06-07,26.1,",,W",13.3,",,W"
USW00094846,"CHICAGO OHARE INTERNATIONAL AIRPORT, IL US",41.96017,-87.93164,204.8,2020-06-08,32.2,",,W",16.7,",,W"
USW00094846,"CHICAGO OHARE INTERNATIONAL AIRPORT, IL US",41.96017,-87.93164,204.8,2020-06-09,32.8,",,W",22.8,",,W"
USW00094846,"CHICAGO OHARE INTERNATIONAL AIRPORT, IL US",41.96017,-87.93164,204.8,2020-06-10,28.9,",,W",16.7,",,W"
USW00094846,"CHICAGO OHARE INTERNATIONAL AIRPORT, IL US",41.96017,-87.93164,204.8,2020-06-11,27.8,",,W",15,",,W"
USW00094846,"CHICAGO OHARE INTERNATIONAL AIRPORT, IL US",41.96017,-87.93164,204.8,2020-06-12,23.9,",,W",12.2,",,W"
USW00094846,"CHICAGO OHARE INTERNATIONAL AIRPORT, IL US",41.96017,-87.93164,204.8,2020-06-13,18.9,",,W",11.1,",,W"
USW00094846,"CHICAGO OHARE INTERNATIONAL AIRPORT, IL US",41.96017,-87.93164,204.8,2020-06-14,20,",,W",11.7,",,W"
USW00094846,"CHICAGO OHARE INTERNATIONAL AIRPORT, IL US",41.96017,-87.93164,204.8,2020-06-15,22.8,",,W",11.1,",,W"
USW00094846,"CHICAGO OHARE INTERNATIONAL AIRPORT, IL US",41.96017,-87.93164,204.8,2020-06-16,30,",,W",13.9,",,W"
USW00094846,"CHICAGO OHARE INTERNATIONAL AIRPORT, IL US",41.96017,-87.93164,204.8,2020-06-17,30.6,",,W",17.8,",,W"
USW00094846,"CHICAGO OHARE INTERNATIONAL AIRPORT, IL US",41.96017,-87.93164,204.8,2020-06-18,32.2,",,W",18.9,",,W"
USW00094846,"CHICAGO OHARE INTERNATIONAL AIRPORT, IL US",41.96017,-87.93164,204.8,2020-06-19,33.9,",,W",20.6,",,W"
USW00094846,"CHICAGO OHARE INTERNATIONAL AIRPORT, IL US",41.96017,-87.93164,204.8,2020-06-20,32.8,",,W",21.7,",,W"
USW00094846,"CHICAGO OHARE INTERNATIONAL AIRPORT, IL US",41.96017,-87.93164,204.8,2020-06-21,28.9,",,W",20.6,",,W"
USW00094846,"CHICAGO OHARE INTERNATIONAL AIRPORT, IL US",41.96017,-87.93164,204.8,2020-06-22,31.1,",,W",19.4,",,W"
USW00094846,"CHICAGO OHARE INTERNATIONAL AIRPORT, IL US",41.96017,-87.93164,204.8,2020-06-23,25.6,",,W",17.2,",,W"
USW00094846,"CHICAGO OHARE INTERNATIONAL AIRPORT, IL US",41.96017,-87.93164,204.8,2020-06-24,27.2,",,W",16.1,",,W"
USW00094846,"CHICAGO OHARE INTERNATIONAL AIRPORT, IL US",41.96017,-87.93164,204.8,2020-06-25,30,",,W",16.7,",,W"
USW00094846,"CHICAGO OHARE INTERNATIONAL AIRPORT, IL US",41.96017,-87.93164,204.8,2020-06-26,27.2,",,W",21.1,",,W"
USW00094846,"CHICAGO OHARE INTERNATIONAL AIRPORT, IL US",41.96017,-87.93164,204.8,2020-06-27,31.1,",,W",22.2,",,W"
USW00094846,"CHICAGO OHARE INTERNATIONAL AIRPORT, IL US",41.96017,-87.93164,204.8,2020-06-28,29.4,",,W",22.2,",,W"
USW00094846,"CHICAGO OHARE INTERNATIONAL AIRPORT, IL US",41.96017,-87.93164,204.8,2020-06-29,33.9,",,W",22.2,",,W"
USW00094846,"CHICAGO OHARE INTERNATIONAL AIRPORT, IL US",41.96017,-87.93164,204.8,2020-06-30,32.8,",,W",22.8,",,W"
USW00094846,"CHICAGO OHARE INTERNATIONAL AIRPORT, IL US",41.96017,-87.93164,204.8,2020-07-01,31.7,",,W",21.7,",,W"
USW00094846,"CHICAGO OHARE INTERNATIONAL AIRPORT, IL US",41.96017,-87.93164,204.8,2020-07-02,32.8,",,W",20.6,",,W"
USW00094846,"CHICAGO OHARE INTERNATIONAL AIRPORT, IL US",41.96017,-87.93164,204.8,2020-07-03,32.8,",,W",20.6,",,W"
USW00094846,"CHICAGO OHARE INTERNATIONAL AIRPORT, IL US",41.96017,-87.93164,204.8,2020-07-04,31.7,",,W",21.7,",,W"
USW00094846,"CHICAGO OHARE INTERNATIONAL AIRPORT, IL US",41.96017,-87.93164,204.8,2020-07-05,34.4,",,W",21.7,",,W"
USW00094846,"CHICAGO OHARE INTERNATIONAL AIRPORT, IL US",41.96017,-87.93164,204.8,2020-07-06,35,",,W",23.9,",,W"
USW00094846,"CHICAGO OHARE INTERNATIONAL AIRPORT, IL US",41.96017,-87.93164,204.8,2020-07-07,35.6,",,W",22.8,",,W"
USW00094846,"CHICAGO OHARE INTERNATIONAL AIRPORT, IL US",41.96017,-87.93164,204.8,2020-07-08,33.9,",,W",23.3,",,W"
USW00094846,"CHICAGO OHARE INTERNATIONAL AIRPORT, IL US",41.96017,-87.93164,204.8,2020-07-09,33.9,",,W",22.8,",,W"
USW00094846,"CHICAGO OHARE INTERNATIONAL AIRPORT, IL US",41.96017,-87.93164,204.8,2020-07-10,30,",,W",21.7,",,W"
USW00094846,"CHICAGO OHARE INTERNATIONAL AIRPORT, IL US",41.96017,-87.93164,204.8,2020-07-11,29.4,",,W",21.7,",,W"
USW00094846,"CHICAGO OHARE INTERNATIONAL AIRPORT, IL US",41.96017,-87.93164,204.8,2020-07-12,26.1,",,W",20,",,W"
USW00094846,"CHICAGO OHARE INTERNATIONAL AIRPORT, IL US",41.96017,-87.93164,204.8,2020-07-13,28.9,",,W",18.3,",,W"
USW00094846,"CHICAGO OHARE INTERNATIONAL AIRPORT, IL US",41.96017,-87.93164,204.8,2020-07-14,30,",,W",20,",,W"
USW00094846,"CHICAGO OHARE INTERNATIONAL AIRPORT, IL US",41.96017,-87.93164,204.8,2020-07-15,31.1,",,W",18.9,",,W"
USW00094846,"CHICAGO OHARE INTERNATIONAL AIRPORT, IL US",41.96017,-87.93164,204.8,2020-07-16,29.4,",,W",20,",,W"
USW00094846,"CHICAGO OHARE INTERNATIONAL AIRPORT, IL US",41.96017,-87.93164,204.8,2020-07-17,32.2,",,W",20,",,W"
USW00094846,"CHICAGO OHARE INTERNATIONAL AIRPORT, IL US",41.96017,-87.93164,204.8,2020-07-18,32.8,",,W",25,",,W"
USW00094846,"CHICAGO OHARE INTERNATIONAL AIRPORT, IL US",41.96017,-87.93164,204.8,2020-07-19,28.9,",,W",22.8,",,W"
USW00094846,"CHICAGO OHARE INTERNATIONAL AIRPORT, IL US",41.96017,-87.93164,204.8,2020-07-20,30.6,",,W",20,",,W"
USW00094846,"CHICAGO OHARE INTERNATIONAL AIRPORT, IL US",41.96017,-87.93164,204.8,2020-07-21,28.3,",,W",22.8,",,W"
USW00094846,"CHICAGO OHARE INTERNATIONAL AIRPORT, IL US",41.96017,-87.93164,204.8,2020-07-22,31.1,",,W",21.1,",,W"
USW00094846,"CHICAGO OHARE INTERNATIONAL AIRPORT, IL US",41.96017,-87.93164,204.8,2020-07-23,28.3,",,W",18.3,",,W"
USW00094846,"CHICAGO OHARE INTERNATIONAL AIRPORT, IL US",41.96017,-87.93164,204.8,2020-07-24,30.6,",,W",18.3,",,W"
USW00094846,"CHICAGO OHARE INTERNATIONAL AIRPORT, IL US",41.96017,-87.93164,204.8,2020-07-25,33.3,",,W",20.6,",,W"
USW00094846,"CHICAGO OHARE INTERNATIONAL AIRPORT, IL US",41.96017,-87.93164,204.8,2020-07-26,35.6,",,W",24.4,",,W"
USW00094846,"CHICAGO OHARE INTERNATIONAL AIRPORT, IL US",41.96017,-87.93164,204.8,2020-07-27,30.6,",,W",22.2,",,W"
USW00094846,"CHICAGO OHARE INTERNATIONAL AIRPORT, IL US",41.96017,-87.93164,204.8,2020-07-28,31.7,",,W",20.6,",,W"
USW00094846,"CHICAGO OHARE INTERNATIONAL AIRPORT, IL US",41.96017,-87.93164,204.8,2020-07-29,32.8,",,W",22.8,",,W"
USW00094846,"CHICAGO OHARE INTERNATIONAL AIRPORT, IL US",41.96017,-87.93164,204.8,2020-07-30,28.3,",,W",20,",,W"
USW00094846,"CHICAGO OHARE INTERNATIONAL AIRPORT, IL US",41.96017,-87.93164,204.8,2020-07-31,27.8,",,W",18.9,",,W"
USW00094846,"CHICAGO OHARE INTERNATIONAL AIRPORT, IL US",41.96017,-87.93164,204.8,2020-08-01,26.7,",,W",20.6,",,W"
USW00094846,"CHICAGO OHARE INTERNATIONAL AIRPORT, IL US",41.96017,-87.93164,204.8,2020-08-02,30,",,W",19.4,",,W"
USW00094846,"CHICAGO OHARE INTERNATIONAL AIRPORT, IL US",41.96017,-87.93164,204.8,2020-08-03,22.2,",,W",16.1,",,W"
USW00094846,"CHICAGO OHARE INTERNATIONAL AIRPORT, IL US",41.96017,-87.93164,204.8,2020-08-04,24.4,",,W",15,",,W"
USW00094846,"CHICAGO OHARE INTERNATIONAL AIRPORT, IL US",41.96017,-87.93164,204.8,2020-08-05,25.6,",,W",13.3,",,W"
USW00094846,"CHICAGO OHARE INTERNATIONAL AIRPORT, IL US",41.96017,-87.93164,204.8,2020-08-06,27.8,",,W",18.9,",,W"
USW00094846,"CHICAGO OHARE INTERNATIONAL AIRPORT, IL US",41.96017,-87.93164,204.8,2020-08-07,30,",,W",16.7,",,W"
USW00094846,"CHICAGO OHARE INTERNATIONAL AIRPORT, IL US",41.96017,-87.93164,204.8,2020-08-08,31.7,",,W",20,",,W"
USW00094846,"CHICAGO OHARE INTERNATIONAL AIRPORT, IL US",41.96017,-87.93164,204.8,2020-08-09,33.9,",,W",22.8,",,W"
USW00094846,"CHICAGO OHARE INTERNATIONAL AIRPORT, IL US",41.96017,-87.93164,204.8,2020-08-10,32.8,",,W",20.6,",,W"
USW00094846,"CHICAGO OHARE INTERNATIONAL AIRPORT, IL US",41.96017,-87.93164,204.8,2020-08-11,29.4,",,W",18.9,",,W"
USW00094846,"CHICAGO OHARE INTERNATIONAL AIRPORT, IL US",41.96017,-87.93164,204.8,2020-08-12,30,",,W",17.8,",,W"
USW00094846,"CHICAGO OHARE INTERNATIONAL AIRPORT, IL US",41.96017,-87.93164,204.8,2020-08-13,30.6,",,W",20.6,",,W"
USW00094846,"CHICAGO OHARE INTERNATIONAL AIRPORT, IL US",41.96017,-87.93164,204.8,2020-08-14,32.2,",,W",20,",,W"
USW00094846,"CHICAGO OHARE INTERNATIONAL AIRPORT, IL US",41.96017,-87.93164,204.8,2020-08-15,32.8,",,W",20.6,",,W"
USW00094846,"CHICAGO OHARE INTERNATIONAL AIRPORT, IL US",41.96017,-87.93164,204.8,2020-08-16,30,",,W",17.8,",,W"
USW00094846,"CHICAGO OHARE INTERNATIONAL AIRPORT, IL US",41.96017,-87.93164,204.8,2020-08-17,30,",,W",20.6,",,W"
USW00094846,"CHICAGO OHARE INTERNATIONAL AIRPORT, IL US",41.96017,-87.93164,204.8,2020-08-18,25.6,",,W",18.9,",,W"
USW00094846,"CHICAGO OHARE INTERNATIONAL AIRPORT, IL US",41.96017,-87.93164,204.8,2020-08-19,28.9,",,W",16.7,",,W"
USW00094846,"CHICAGO OHARE INTERNATIONAL AIRPORT, IL US",41.96017,-87.93164,204.8,2020-08-20,30,",,W",17.8,",,W"
USW00094846,"CHICAGO OHARE INTERNATIONAL AIRPORT, IL US",41.96017,-87.93164,204.8,2020-08-21,31.1,",,W",19.4,",,W"
USW00094846,"CHICAGO OHARE INTERNATIONAL AIRPORT, IL US",41.96017,-87.93164,204.8,2020-08-22,31.7,",,W",19.4,",,W"
USW00094846,"CHICAGO OHARE INTERNATIONAL AIRPORT, IL US",41.96017,-87.93164,204.8,2020-08-23,33.3,",,W",21.1,",,W"
USW00094846,"CHICAGO OHARE INTERNATIONAL AIRPORT, IL US",41.96017,-87.93164,204.8,2020-08-24,36.1,",,W",22.2,",,W"
USW00094846,"CHICAGO OHARE INTERNATIONAL AIRPORT, IL US",41.96017,-87.93164,204.8,2020-08-25,32.8,",,W",22.2,",,W"
USW00094846,"CHICAGO OHARE INTERNATIONAL AIRPORT, IL US",41.96017,-87.93164,204.8,2020-08-26,34.4,",,W",24.4,",,W"
USW00094846,"CHICAGO OHARE INTERNATIONAL AIRPORT, IL US",41.96017,-87.93164,204.8,2020-08-27,35,",,W",25.6,",,W"
USW00094846,"CHICAGO OHARE INTERNATIONAL AIRPORT, IL US",41.96017,-87.93164,204.8,2020-08-28,35,",,W",25,",,W"
USW00094846,"CHICAGO OHARE INTERNATIONAL AIRPORT, IL US",41.96017,-87.93164,204.8,2020-08-29,27.8,",,W",18.9,",,W"
USW00094846,"CHICAGO OHARE INTERNATIONAL AIRPORT, IL US",41.96017,-87.93164,204.8,2020-08-30,26.1,",,W",15.6,",,W"
USW00094846,"CHICAGO OHARE INTERNATIONAL AIRPORT, IL US",41.96017,-87.93164,204.8,2020-08-31,29.4,",,W",18.9,",,W"
USW00094846,"CHICAGO OHARE INTERNATIONAL AIRPORT, IL US",41.96017,-87.93164,204.8,2020-09-01,23.9,",,W",20.6,",,W"
USW00094846,"CHICAGO OHARE INTERNATIONAL AIRPORT, IL US",41.96017,-87.93164,204.8,2020-09-02,31.1,",,W",20.6,",,W"
USW00094846,"CHICAGO OHARE INTERNATIONAL AIRPORT, IL US",41.96017,-87.93164,204.8,2020-09-03,31.1,",,W",18.3,",,W"
USW00094846,"CHICAGO OHARE INTERNATIONAL AIRPORT, IL US",41.96017,-87.93164,204.8,2020-09-04,26.7,",,W",13.3,",,W"
USW00094846,"CHICAGO OHARE INTERNATIONAL AIRPORT, IL US",41.96017,-87.93164,204.8,2020-09-05,27.8,",,W",17.8,",,W"
USW00094846,"CHICAGO OHARE INTERNATIONAL AIRPORT, IL US",41.96017,-87.93164,204.8,2020-09-06,28.3,",,W",15,",,W"
USW00094846,"CHICAGO OHARE INTERNATIONAL AIRPORT, IL US",41.96017,-87.93164,204.8,2020-09-07,26.7,",,W",16.7,",,W"
USW00094846,"CHICAGO OHARE INTERNATIONAL AIRPORT, IL US",41.96017,-87.93164,204.8,2020-09-08,18.3,",,W",15.6,",,W"
USW00094846,"CHICAGO OHARE INTERNATIONAL AIRPORT, IL US",41.96017,-87.93164,204.8,2020-09-09,17.8,",,W",13.9,",,W"
USW00094846,"CHICAGO OHARE INTERNATIONAL AIRPORT, IL US",41.96017,-87.93164,204.8,2020-09-10,20,",,W",12.8,",,W"
USW00094846,"CHICAGO OHARE INTERNATIONAL AIRPORT, IL US",41.96017,-87.93164,204.8,2020-09-11,20,",,W",16.1,",,W"
USW00094846,"CHICAGO OHARE INTERNATIONAL AIRPORT, IL US",41.96017,-87.93164,204.8,2020-09-12,22.8,",,W",17.2,",,W"
USW00094846,"CHICAGO OHARE INTERNATIONAL AIRPORT, IL US",41.96017,-87.93164,204.8,2020-09-13,25,",,W",16.1,",,W"
USW00094846,"CHICAGO OHARE INTERNATIONAL AIRPORT, IL US",41.96017,-87.93164,204.8,2020-09-14,25,",,W",14.4,",,W"
USW00094846,"CHICAGO OHARE INTERNATIONAL AIRPORT, IL US",41.96017,-87.93164,204.8,2020-09-15,26.1,",,W",15.6,",,W"
USW00094846,"CHICAGO OHARE INTERNATIONAL AIRPORT, IL US",41.96017,-87.93164,204.8,2020-09-16,28.9,",,W",17.2,",,W"
USW00094846,"CHICAGO OHARE INTERNATIONAL AIRPORT, IL US",41.96017,-87.93164,204.8,2020-09-17,20.6,",,W",14.4,",,W"
USW00094846,"CHICAGO OHARE INTERNATIONAL AIRPORT, IL US",41.96017,-87.93164,204.8,2020-09-18,16.1,",,W",9.4,",,W"
USW00094846,"CHICAGO OHARE INTERNATIONAL AIRPORT, IL US",41.96017,-87.93164,204.8,2020-09-19,19.4,",,W",7.8,",,W"
USW00094846,"CHICAGO OHARE INTERNATIONAL AIRPORT, IL US",41.96017,-87.93164,204.8,2020-09-20,22.8,",,W",8.9,",,W"
USW00094846,"CHICAGO OHARE INTERNATIONAL AIRPORT, IL US",41.96017,-87.93164,204.8,2020-09-21,23.9,",,W",11.7,",,W"
USW00094846,"CHICAGO OHARE INTERNATIONAL AIRPORT, IL US",41.96017,-87.93164,204.8,2020-09-22,26.1,",,W",12.2,",,W"
USW00094846,"CHICAGO OHARE INTERNATIONAL AIRPORT, IL US",41.96017,-87.93164,204.8,2020-09-23,26.1,",,W",15,",,W"
USW00094846,"CHICAGO OHARE INTERNATIONAL AIRPORT, IL US",41.96017,-87.93164,204.8,2020-09-24,26.1,",,W",14.4,",,W"
USW00094846,"CHICAGO OHARE INTERNATIONAL AIRPORT, IL US",41.96017,-87.93164,204.8,2020-09-25,26.7,",,W",16.1,",,W"
USW00094846,"CHICAGO OHARE INTERNATIONAL AIRPORT, IL US",41.96017,-87.93164,204.8,2020-09-26,26.1,",,W",17.8,",,W"
USW00094846,"CHICAGO OHARE INTERNATIONAL AIRPORT, IL US",41.96017,-87.93164,204.8,2020-09-27,25,",,W",12.8,",,W"
USW00094846,"CHICAGO OHARE INTERNATIONAL AIRPORT, IL US",41.96017,-87.93164,204.8,2020-09-28,17.2,",,W",10.6,",,W"
USW00094846,"CHICAGO OHARE INTERNATIONAL AIRPORT, IL US",41.96017,-87.93164,204.8,2020-09-29,15.6,",,W",7.8,",,W"
USW00094846,"CHICAGO OHARE INTERNATIONAL AIRPORT, IL US",41.96017,-87.93164,204.8,2020-09-30,19.4,",,W",11.1,",,W"
USW00094846,"CHICAGO OHARE INTERNATIONAL AIRPORT, IL US",41.96017,-87.93164,204.8,2020-10-01,15,",,W",8.3,",,W"
USW00094846,"CHICAGO OHARE INTERNATIONAL AIRPORT, IL US",41.96017,-87.93164,204.8,2020-10-02,12.8,",,W",5.6,",,W"
USW00094846,"CHICAGO OHARE INTERNATIONAL AIRPORT, IL US",41.96017,-87.93164,204.8,2020-10-03,13.3,",,W",7.8,",,W"
USW00094846,"CHICAGO OHARE INTERNATIONAL AIRPORT, IL US",41.96017,-87.93164,204.8,2020-10-04,13.9,",,W",4.4,",,W"
USW00094846,"CHICAGO OHARE INTERNATIONAL AIRPORT, IL US",41.96017,-87.93164,204.8,2020-10-05,17.2,",,W",3.3,",,W"
USW00094846,"CHICAGO OHARE INTERNATIONAL AIRPORT, IL US",41.96017,-87.93164,204.8,2020-10-06,23.9,",,W",11.1,",,W"
USW00094846,"CHICAGO OHARE INTERNATIONAL AIRPORT, IL US",41.96017,-87.93164,204.8,2020-10-07,24.4,",,W",11.7,",,W"
USW00094846,"CHICAGO OHARE INTERNATIONAL AIRPORT, IL US",41.96017,-87.93164,204.8,2020-10-08,21.1,",,W",10,",,W"
USW00094846,"CHICAGO OHARE INTERNATIONAL AIRPORT, IL US",41.96017,-87.93164,204.8,2020-10-09,27.8,",,W",11.1,",,W"
USW00094846,"CHICAGO OHARE INTERNATIONAL AIRPORT, IL US",41.96017,-87.93164,204.8,2020-10-10,25,",,W",13.9,",,W"
USW00094846,"CHICAGO OHARE INTERNATIONAL AIRPORT, IL US",41.96017,-87.93164,204.8,2020-10-11,20.6,",,W",13.3,",,W"
USW00094846,"CHICAGO OHARE INTERNATIONAL AIRPORT, IL US",41.96017,-87.93164,204.8,2020-10-12,19.4,",,W",10,",,W"
USW00094846,"CHICAGO OHARE INTERNATIONAL AIRPORT, IL US",41.96017,-87.93164,204.8,2020-10-13,22.8,",,W",7.8,",,W"
USW00094846,"CHICAGO OHARE INTERNATIONAL AIRPORT, IL US",41.96017,-87.93164,204.8,2020-10-14,26.1,",,W",8.3,",,W"
USW00094846,"CHICAGO OHARE INTERNATIONAL AIRPORT, IL US",41.96017,-87.93164,204.8,2020-10-15,17.8,",,W",5,",,W"
USW00094846,"CHICAGO OHARE INTERNATIONAL AIRPORT, IL US",41.96017,-87.93164,204.8,2020-10-16,11.7,",,W",2.8,",,W"
USW00094846,"CHICAGO OHARE INTERNATIONAL AIRPORT, IL US",41.96017,-87.93164,204.8,2020-10-17,18.3,",,W",2.8,",,W"
USW00094846,"CHICAGO OHARE INTERNATIONAL AIRPORT, IL US",41.96017,-87.93164,204.8,2020-10-18,15.6,",,W",4.4,",,W"
USW00094846,"CHICAGO OHARE INTERNATIONAL AIRPORT, IL US",41.96017,-87.93164,204.8,2020-10-19,10,",,W",3.3,",,W"
USW00094846,"CHICAGO OHARE INTERNATIONAL AIRPORT, IL US",41.96017,-87.93164,204.8,2020-10-20,11.7,",,W",3.3,",,W"
USW00094846,"CHICAGO OHARE INTERNATIONAL AIRPORT, IL US",41.96017,-87.93164,204.8,2020-10-21,15,",,W",8.3,",,W"
USW00094846,"CHICAGO OHARE INTERNATIONAL AIRPORT, IL US",41.96017,-87.93164,204.8,2020-10-22,25.6,",,W",8.3,",,W"
USW00094846,"CHICAGO OHARE INTERNATIONAL AIRPORT, IL US",41.96017,-87.93164,204.8,2020-10-23,22.2,",,W",3.3,",,W"
USW00094846,"CHICAGO OHARE INTERNATIONAL AIRPORT, IL US",41.96017,-87.93164,204.8,2020-10-24,9.4,",,W",1.1,",,W"
USW00094846,"CHICAGO OHARE INTERNATIONAL AIRPORT, IL US",41.96017,-87.93164,204.8,2020-10-25,8.3,",,W",3.9,",,W"
USW00094846,"CHICAGO OHARE INTERNATIONAL AIRPORT, IL US",41.96017,-87.93164,204.8,2020-10-26,3.9,",,W",1.1,",,W"
USW00094846,"CHICAGO OHARE INTERNATIONAL AIRPORT, IL US",41.96017,-87.93164,204.8,2020-10-27,3.3,",,W",0.6,",,W"
USW00094846,"CHICAGO OHARE INTERNATIONAL AIRPORT, IL US",41.96017,-87.93164,204.8,2020-10-28,10.6,",,W",-0.5,",,W"
USW00094846,"CHICAGO OHARE INTERNATIONAL AIRPORT, IL US",41.96017,-87.93164,204.8,2020-10-29,9.4,",,W",1.7,",,W"
USW00094846,"CHICAGO OHARE INTERNATIONAL AIRPORT, IL US",41.96017,-87.93164,204.8,2020-10-30,6.7,",,W",-0.5,",,W"
USW00094846,"CHICAGO OHARE INTERNATIONAL AIRPORT, IL US",41.96017,-87.93164,204.8,2020-10-31,15,",,W",-1,",,W"
USW00094846,"CHICAGO OHARE INTERNATIONAL AIRPORT, IL US",41.96017,-87.93164,204.8,2020-11-01,12.8,",,W",-1,",,W"
USW00094846,"CHICAGO OHARE INTERNATIONAL AIRPORT, IL US",41.96017,-87.93164,204.8,2020-11-02,10.6,",,W",-2.1,",,W"
USW00094846,"CHICAGO OHARE INTERNATIONAL AIRPORT, IL US",41.96017,-87.93164,204.8,2020-11-03,20.6,",,W",3.9,",,W"
USW00094846,"CHICAGO OHARE INTERNATIONAL AIRPORT, IL US",41.96017,-87.93164,204.8,2020-11-04,23.3,",,W",11.1,",,W"
USW00094846,"CHICAGO OHARE INTERNATIONAL AIRPORT, IL US",41.96017,-87.93164,204.8,2020-11-05,21.7,",,W",12.8,",,W"
USW00094846,"CHICAGO OHARE INTERNATIONAL AIRPORT, IL US",41.96017,-87.93164,204.8,2020-11-06,23.3,",,W",10.6,",,W"
USW00094846,"CHICAGO OHARE INTERNATIONAL AIRPORT, IL US",41.96017,-87.93164,204.8,2020-11-07,22.2,",,W",12.2,",,W"
USW00094846,"CHICAGO OHARE INTERNATIONAL AIRPORT, IL US",41.96017,-87.93164,204.8,2020-11-08,24.4,",,W",11.1,",,W"
USW00094846,"CHICAGO OHARE INTERNATIONAL AIRPORT, IL US",41.96017,-87.93164,204.8,2020-11-09,24.4,",,W",17.2,",,W"
USW00094846,"CHICAGO OHARE INTERNATIONAL AIRPORT, IL US",41.96017,-87.93164,204.8,2020-11-10,23.9,",,W",5.6,",,W"
USW00094846,"CHICAGO OHARE INTERNATIONAL AIRPORT, IL US",41.96017,-87.93164,204.8,2020-11-11,7.2,",,W",1.7,",,W"
USW00094846,"CHICAGO OHARE INTERNATIONAL AIRPORT, IL US",41.96017,-87.93164,204.8,2020-11-12,12.2,",,W",1.7,",,W"
USW00094846,"CHICAGO OHARE INTERNATIONAL AIRPORT, IL US",41.96017,-87.93164,204.8,2020-11-13,7.8,",,W",-1,",,W"
USW00094846,"CHICAGO OHARE INTERNATIONAL AIRPORT, IL US",41.96017,-87.93164,204.8,2020-11-14,10.6,",,W",-1.6,",,W"
USW00094846,"CHICAGO OHARE INTERNATIONAL AIRPORT, IL US",41.96017,-87.93164,204.8,2020-11-15,12.8,",,W",1.1,",,W"
USW00094846,"CHICAGO OHARE INTERNATIONAL AIRPORT, IL US",41.96017,-87.93164,204.8,2020-11-16,8.3,",,W",0,",,W"
USW00094846,"CHICAGO OHARE INTERNATIONAL AIRPORT, IL US",41.96017,-87.93164,204.8,2020-11-17,5.6,",,W",-1.6,",,W"
USW00094846,"CHICAGO OHARE INTERNATIONAL AIRPORT, IL US",41.96017,-87.93164,204.8,2020-11-18,10.6,",,W",1.1,",,W"
USW00094846,"CHICAGO OHARE INTERNATIONAL AIRPORT, IL US",41.96017,-87.93164,204.8,2020-11-19,18.9,",,W",8.9,",,W"
USW00094846,"CHICAGO OHARE INTERNATIONAL AIRPORT, IL US",41.96017,-87.93164,204.8,2020-11-20,16.1,",,W",6.1,",,W"
USW00094846,"CHICAGO OHARE INTERNATIONAL AIRPORT, IL US",41.96017,-87.93164,204.8,2020-11-21,8.9,",,W",2.2,",,W"
USW00094846,"CHICAGO OHARE INTERNATIONAL AIRPORT, IL US",41.96017,-87.93164,204.8,2020-11-22,8.3,",,W",5,",,W"
USW00094846,"CHICAGO OHARE INTERNATIONAL AIRPORT, IL US",41.96017,-87.93164,204.8,2020-11-23,7.8,",,W",0.6,",,W"
USW00094846,"CHICAGO OHARE INTERNATIONAL AIRPORT, IL US",41.96017,-87.93164,204.8,2020-11-24,7.2,",,W",0.6,",,W"
USW00094846,"CHICAGO OHARE INTERNATIONAL AIRPORT, IL US",41.96017,-87.93164,204.8,2020-11-25,8.3,",,W",6.7,",,W"
USW00094846,"CHICAGO OHARE INTERNATIONAL AIRPORT, IL US",41.96017,-87.93164,204.8,2020-11-26,7.8,",,W",5,",,W"
USW00094846,"CHICAGO OHARE INTERNATIONAL AIRPORT, IL US",41.96017,-87.93164,204.8,2020-11-27,7.2,",,W",0.6,",,W"
USW00094846,"CHICAGO OHARE INTERNATIONAL AIRPORT, IL US",41.96017,-87.93164,204.8,2020-11-28,10,",,W",-1.6,",,W"
USW00094846,"CHICAGO OHARE INTERNATIONAL AIRPORT, IL US",41.96017,-87.93164,204.8,2020-11-29,9.4,",,W",2.8,",,W"
USW00094846,"CHICAGO OHARE INTERNATIONAL AIRPORT, IL US",41.96017,-87.93164,204.8,2020-11-30,2.8,",,W",-1.6,",,W"
USW00094846,"CHICAGO OHARE INTERNATIONAL AIRPORT, IL US",41.96017,-87.93164,204.8,2020-12-01,1.7,",,W",-3.8,",,W"
USW00094846,"CHICAGO OHARE INTERNATIONAL AIRPORT, IL US",41.96017,-87.93164,204.8,2020-12-02,8.9,",,W",-3.8,",,W"
USW00094846,"CHICAGO OHARE INTERNATIONAL AIRPORT, IL US",41.96017,-87.93164,204.8,2020-12-03,6.7,",,W",-1,",,W"
USW00094846,"CHICAGO OHARE INTERNATIONAL AIRPORT, IL US",41.96017,-87.93164,204.8,2020-12-04,7.8,",,W",-1,",,W"
USW00094846,"CHICAGO OHARE INTERNATIONAL AIRPORT, IL US",41.96017,-87.93164,204.8,2020-12-05,5,",,W",-1.6,",,W"
USW00094846,"CHICAGO OHARE INTERNATIONAL AIRPORT, IL US",41.96017,-87.93164,204.8,2020-12-06,2.8,",,W",1.1,",,W"
USW00094846,"CHICAGO OHARE INTERNATIONAL AIRPORT, IL US",41.96017,-87.93164,204.8,2020-12-07,3.3,",,W",0.6,",,W"
USW00094846,"CHICAGO OHARE INTERNATIONAL AIRPORT, IL US",41.96017,-87.93164,204.8,2020-12-08,2.2,",,W",0.6,",,W"
USW00094846,"CHICAGO OHARE INTERNATIONAL AIRPORT, IL US",41.96017,-87.93164,204.8,2020-12-09,11.7,",,W",0,",,W"
USW00094846,"CHICAGO OHARE INTERNATIONAL AIRPORT, IL US",41.96017,-87.93164,204.8,2020-12-10,13.9,",,W",-0.5,",,W"
USW00094846,"CHICAGO OHARE INTERNATIONAL AIRPORT, IL US",41.96017,-87.93164,204.8,2020-12-11,6.7,",,W",2.2,",,W"
USW00094846,"CHICAGO OHARE INTERNATIONAL AIRPORT, IL US",41.96017,-87.93164,204.8,2020-12-12,5.6,",,W",-1,",,W"
USW00094846,"CHICAGO OHARE INTERNATIONAL AIRPORT, IL US",41.96017,-87.93164,204.8,2020-12-13,2.2,",,W",-2.7,",,W"
USW00094846,"CHICAGO OHARE INTERNATIONAL AIRPORT, IL US",41.96017,-87.93164,204.8,2020-12-14,0,",,W",-6,",,W"
USW00094846,"CHICAGO OHARE INTERNATIONAL AIRPORT, IL US",41.96017,-87.93164,204.8,2020-12-15,1.1,",,W",-7.7,",,W"
USW00094846,"CHICAGO OHARE INTERNATIONAL AIRPORT, IL US",41.96017,-87.93164,204.8,2020-12-16,1.1,",,W",-1.6,",,W"
USW00094846,"CHICAGO OHARE INTERNATIONAL AIRPORT, IL US",41.96017,-87.93164,204.8,2020-12-17,1.7,",,W",-2.7,",,W"
USW00094846,"CHICAGO OHARE INTERNATIONAL AIRPORT, IL US",41.96017,-87.93164,204.8,2020-12-18,2.8,",,W",-4.3,",,W"
USW00094846,"CHICAGO OHARE INTERNATIONAL AIRPORT, IL US",41.96017,-87.93164,204.8,2020-12-19,6.1,",,W",2.2,",,W"
USW00094846,"CHICAGO OHARE INTERNATIONAL AIRPORT, IL US",41.96017,-87.93164,204.8,2020-12-20,5,",,W",0,",,W"
USW00094846,"CHICAGO OHARE INTERNATIONAL AIRPORT, IL US",41.96017,-87.93164,204.8,2020-12-21,7.8,",,W",0.6,",,W"
USW00094846,"CHICAGO OHARE INTERNATIONAL AIRPORT, IL US",41.96017,-87.93164,204.8,2020-12-22,5.6,",,W",0,",,W"
USW00094846,"CHICAGO OHARE INTERNATIONAL AIRPORT, IL US",41.96017,-87.93164,204.8,2020-12-23,14.4,",,W",-3.2,",,W"
USW00094846,"CHICAGO OHARE INTERNATIONAL AIRPORT, IL US",41.96017,-87.93164,204.8,2020-12-24,-3.2,",,W",-12.7,",,W"
USW00094846,"CHICAGO OHARE INTERNATIONAL AIRPORT, IL US",41.96017,-87.93164,204.8,2020-12-25,-5.5,",,W",-13.2,",,W"
USW00094846,"CHICAGO OHARE INTERNATIONAL AIRPORT, IL US",41.96017,-87.93164,204.8,2020-12-26,0.6,",,W",-7.1,",,W"
USW00094846,"CHICAGO OHARE INTERNATIONAL AIRPORT, IL US",41.96017,-87.93164,204.8,2020-12-27,8.3,",,W",-3.8,",,W"
USW00094846,"CHICAGO OHARE INTERNATIONAL AIRPORT, IL US",41.96017,-87.93164,204.8,2020-12-28,1.1,",,W",-6,",,W"
USW00094846,"CHICAGO OHARE INTERNATIONAL AIRPORT, IL US",41.96017,-87.93164,204.8,2020-12-29,0,",,W",-7.7,",,W"
USW00094846,"CHICAGO OHARE INTERNATIONAL AIRPORT, IL US",41.96017,-87.93164,204.8,2020-12-30,1.7,",,W",-3.2,",,W"
USW00094846,"CHICAGO OHARE INTERNATIONAL AIRPORT, IL US",41.96017,-87.93164,204.8,2020-12-31,-1.6,",,W",-7.7,",,W"
USW00014819,"CHICAGO MIDWAY AIRPORT, IL US",41.78412,-87.75514,185.8,2020-01-01,6.1,",,W",-5.5,",,W"
USW00014819,"CHICAGO MIDWAY AIRPORT, IL US",41.78412,-87.75514,185.8,2020-01-02,9.4,",,W",2.8,",,W"
USW00014819,"CHICAGO MIDWAY AIRPORT, IL US",41.78412,-87.75514,185.8,2020-01-03,5.6,",,W",1.7,",,W"
USW00014819,"CHICAGO MIDWAY AIRPORT, IL US",41.78412,-87.75514,185.8,2020-01-04,1.7,",,W",-2.7,",,W"
USW00014819,"CHICAGO MIDWAY AIRPORT, IL US",41.78412,-87.75514,185.8,2020-01-05,6.1,",,W",-3.8,",,W"
USW00014819,"CHICAGO MIDWAY AIRPORT, IL US",41.78412,-87.75514,185.8,2020-01-06,5.6,",,W",-3.2,",,W"
USW00014819,"CHICAGO MIDWAY AIRPORT, IL US",41.78412,-87.75514,185.8,2020-01-07,5.6,",,W",-2.1,",,W"
USW00014819,"CHICAGO MIDWAY AIRPORT, IL US",41.78412,-87.75514,185.8,2020-01-08,-1,",,W",-8.2,",,W"
USW00014819,"CHICAGO MIDWAY AIRPORT, IL US",41.78412,-87.75514,185.8,2020-01-09,10,",,W",-4.9,",,W"
USW00014819,"CHICAGO MIDWAY AIRPORT, IL US",41.78412,-87.75514,185.8,2020-01-10,10,",,W",3.9,",,W"
USW00014819,"CHICAGO MIDWAY AIRPORT, IL US",41.78412,-87.75514,185.8,2020-01-11,3.9,",,W",-3.2,",,W"
USW00014819,"CHICAGO MIDWAY AIRPORT, IL US",41.78412,-87.75514,185.8,2020-01-12,0.6,",,W",-3.8,",,W"
USW00014819,"CHICAGO MIDWAY AIRPORT, IL US",41.78412,-87.75514,185.8,2020-01-13,1.7,",,W",0,",,W"
USW00014819,"CHICAGO MIDWAY AIRPORT, IL US",41.78412,-87.75514,185.8,2020-01-14,6.1,",,W",-1.6,",,W"
USW00014819,"CHICAGO MIDWAY AIRPORT, IL US",41.78412,-87.75514,185.8,2020-01-15,2.8,",,W",-1.6,",,W"
USW00014819,"CHICAGO MIDWAY AIRPORT, IL US",41.78412,-87.75514,185.8,2020-01-16,-1,",,W",-8.2,",,W"
USW00014819,"CHICAGO MIDWAY AIRPORT, IL US",41.78412,-87.75514,185.8,2020-01-17,-1,",,W",-8.2,",,W"
USW00014819,"CHICAGO MIDWAY AIRPORT, IL US",41.78412,-87.75514,185.8,2020-01-18,2.8,",,W",-14.3,",,W"
USW00014819,"CHICAGO MIDWAY AIRPORT, IL US",41.78412,-87.75514,185.8,2020-01-19,-6.6,",,W",-16,",,W"
USW00014819,"CHICAGO MIDWAY AIRPORT, IL US",41.78412,-87.75514,185.8,2020-01-20,0,",,W",-7.7,",,W"
USW00014819,"CHICAGO MIDWAY AIRPORT, IL US",41.78412,-87.75514,185.8,2020-01-21,-0.5,",,W",-8.2,",,W"
USW00014819,"CHICAGO MIDWAY AIRPORT, IL US",41.78412,-87.75514,185.8,2020-01-22,1.7,",,W",-4.3,",,W"
USW00014819,"CHICAGO MIDWAY AIRPORT, IL US",41.78412,-87.75514,185.8,2020-01-23,2.2,",,W",-1,",,W"
USW00014819,"CHICAGO MIDWAY AIRPORT, IL US",41.78412,-87.75514,185.8,2020-01-24,3.9,",,W",1.1,",,W"
USW00014819,"CHICAGO MIDWAY AIRPORT, IL US",41.78412,-87.75514,185.8,2020-01-25,1.7,",,W",0.6,",,W"
USW00014819,"CHICAGO MIDWAY AIRPORT, IL US",41.78412,-87.75514,185.8,2020-01-26,1.1,",,W",-2.1,",,W"
USW00014819,"CHICAGO MIDWAY AIRPORT, IL US",41.78412,-87.75514,185.8,2020-01-27,2.2,",,W",-2.1,",,W"
USW00014819,"CHICAGO MIDWAY AIRPORT, IL US",41.78412,-87.75514,185.8,2020-01-28,0.6,",,W",-0.5,",,W"
USW00014819,"CHICAGO MIDWAY AIRPORT, IL US",41.78412,-87.75514,185.8,2020-01-29,1.1,",,W",-1,",,W"
USW00014819,"CHICAGO MIDWAY AIRPORT, IL US",41.78412,-87.75514,185.8,2020-01-30,1.1,",,W",-0.5,",,W"
USW00014819,"CHICAGO MIDWAY AIRPORT, IL US",41.78412,-87.75514,185.8,2020-01-31,2.8,",,W",-0.5,",,W"
USW00014819,"CHICAGO MIDWAY AIRPORT, IL US",41.78412,-87.75514,185.8,2020-02-01,3.3,",,W",0.6,",,W"
USW00014819,"CHICAGO MIDWAY AIRPORT, IL US",41.78412,-87.75514,185.8,2020-02-02,12.2,",,W",1.7,",,W"
USW00014819,"CHICAGO MIDWAY AIRPORT, IL US",41.78412,-87.75514,185.8,2020-02-03,8.3,",,W",-1,",,W"
USW00014819,"CHICAGO MIDWAY AIRPORT, IL US",41.78412,-87.75514,185.8,2020-02-04,3.3,",,W",-0.5,",,W"
USW00014819,"CHICAGO MIDWAY AIRPORT, IL US",41.78412,-87.75514,185.8,2020-02-05,-0.5,",,W",-2.7,",,W"
USW00014819,"CHICAGO MIDWAY AIRPORT, IL US",41.78412,-87.75514,185.8,2020-02-06,-0.5,",,W",-2.7,",,W"
USW00014819,"CHICAGO MIDWAY AIRPORT, IL US",41.78412,-87.75514,185.8,2020-02-07,2.8,",,W",-5.5,",,W"
USW00014819,"CHICAGO MIDWAY AIRPORT, IL US",41.78412,-87.75514,185.8,2020-02-08,1.7,",,W",-3.2,",,W"
USW00014819,"CHICAGO MIDWAY AIRPORT, IL US",41.78412,-87.75514,185.8,2020-02-09,2.8,",,W",-4.9,",,W"
USW00014819,"CHICAGO MIDWAY AIRPORT, IL US",41.78412,-87.75514,185.8,2020-02-10,2.2,",,W",-2.7,",,W"
USW00014819,"CHICAGO MIDWAY AIRPORT, IL US",41.78412,-87.75514,185.8,2020-02-11,1.7,",,W",-3.8,",,W"
USW00014819,"CHICAGO MIDWAY AIRPORT, IL US",41.78412,-87.75514,185.8,2020-02-12,2.2,",,W",-4.3,",,W"
USW00014819,"CHICAGO MIDWAY AIRPORT, IL US",41.78412,-87.75514,185.8,2020-02-13,0,",,W",-14.9,",,W"
USW00014819,"CHICAGO MIDWAY AIRPORT, IL US",41.78412,-87.75514,185.8,2020-02-14,-9.9,",,W",-18.2,",,W"
USW00014819,"CHICAGO MIDWAY AIRPORT, IL US",41.78412,-87.75514,185.8,2020-02-15,0.6,",,W",-13.8,",,W"
USW00014819,"CHICAGO MIDWAY AIRPORT, IL US",41.78412,-87.75514,185.8,2020-02-16,6.7,",,W",-7.7,",,W"
USW00014819,"CHICAGO MIDWAY AIRPORT, IL US",41.78412,-87.75514,185.8,2020-02-17,4.4,",,W",-1.6,",,W"
USW00014819,"CHICAGO MIDWAY AIRPORT, IL US",41.78412,-87.75514,185.8,2020-02-18,3.9,",,W",-3.2,",,W"
USW00014819,"CHICAGO MIDWAY AIRPORT, IL US",41.78412,-87.75514,185.8,2020-02-19,-0.5,",,W",-8.2,",,W"
USW00014819,"CHICAGO MIDWAY AIRPORT, IL US",41.78412,-87.75514,185.8,2020-02-20,-3.8,",,W",-11.6,",,W"
USW00014819,"CHICAGO MIDWAY AIRPORT, IL US",41.78412,-87.75514,185.8,2020-02-21,2.8,",,W",-11,",,W"
USW00014819,"CHICAGO MIDWAY AIRPORT, IL US",41.78412,-87.75514,185.8,2020-02-22,10,",,W",-3.2,",,W"
USW00014819,"CHICAGO MIDWAY AIRPORT, IL US",41.78412,-87.75514,185.8,2020-02-23,13.3,",,W",0.6,",,W"
USW00014819,"CHICAGO MIDWAY AIRPORT, IL US",41.78412,-87.75514,185.8,2020-02-24,6.1,",,W",3.3,",,W"
USW00014819,"CHICAGO MIDWAY AIRPORT, IL US",41.78412,-87.75514,185.8,2020-02-25,3.9,",,W",0,",,W"
USW00014819,"CHICAGO MIDWAY AIRPORT, IL US",41.78412,-87.75514,185.8,2020-02-26,0,",,W",-3.2,",,W"
USW00014819,"CHICAGO MIDWAY AIRPORT, IL US",41.78412,-87.75514,185.8,2020-02-27,-0.5,",,W",-5.5,",,W"
USW00014819,"CHICAGO MIDWAY AIRPORT, IL US",41.78412,-87.75514,185.8,2020-02-28,-1,",,W",-7.7,",,W"
USW00014819,"CHICAGO MIDWAY AIRPORT, IL US",41.78412,-87.75514,185.8,2020-02-29,1.7,",,W",-8.8,",,W"
USW00014819,"CHICAGO MIDWAY AIRPORT, IL US",41.78412,-87.75514,185.8,2020-03-01,14.4,",,W",-1,",,W"
USW00014819,"CHICAGO MIDWAY AIRPORT, IL US",41.78412,-87.75514,185.8,2020-03-02,10,",,W",1.7,",,W"
USW00014819,"CHICAGO MIDWAY AIRPORT, IL US",41.78412,-87.75514,185.8,2020-03-03,10,",,W",0,",,W"
USW00014819,"CHICAGO MIDWAY AIRPORT, IL US",41.78412,-87.75514,185.8,2020-03-04,9.4,",,W",1.7,",,W"
USW00014819,"CHICAGO MIDWAY AIRPORT, IL US",41.78412,-87.75514,185.8,2020-03-05,11.1,",,W",0.6,",,W"
USW00014819,"CHICAGO MIDWAY AIRPORT, IL US",41.78412,-87.75514,185.8,2020-03-06,3.9,",,W",-2.1,",,W"
USW00014819,"CHICAGO MIDWAY AIRPORT, IL US",41.78412,-87.75514,185.8,2020-03-07,11.1,",,W",-4.9,",,W"
USW00014819,"CHICAGO MIDWAY AIRPORT, IL US",41.78412,-87.75514,185.8,2020-03-08,18.9,",,W",4.4,",,W"
USW00014819,"CHICAGO MIDWAY AIRPORT, IL US",41.78412,-87.75514,185.8,2020-03-09,15,",,W",8.3,",,W"
USW00014819,"CHICAGO MIDWAY AIRPORT, IL US",41.78412,-87.75514,185.8,2020-03-10,11.1,",,W",1.1,",,W"
USW00014819,"CHICAGO MIDWAY AIRPORT, IL US",41.78412,-87.75514,185.8,2020-03-11,6.7,",,W",2.2,",,W"
USW00014819,"CHICAGO MIDWAY AIRPORT, IL US",41.78412,-87.75514,185.8,2020-03-12,13.3,",,W",2.2,",,W"
USW00014819,"CHICAGO MIDWAY AIRPORT, IL US",41.78412,-87.75514,185.8,2020-03-13,9.4,",,W",1.1,",,W"
USW00014819,"CHICAGO MIDWAY AIRPORT, IL US",41.78412,-87.75514,185.8,2020-03-14,5,",,W",0,",,W"
USW00014819,"CHICAGO MIDWAY AIRPORT, IL US",41.78412,-87.75514,185.8,2020-03-15,3.9,",,W",1.1,",,W"
USW00014819,"CHICAGO MIDWAY AIRPORT, IL US",41.78412,-87.75514,185.8,2020-03-16,5,",,W",0,",,W"
USW00014819,"CHICAGO MIDWAY AIRPORT, IL US",41.78412,-87.75514,185.8,2020-03-17,8.9,",,W",2.8,",,W"
USW00014819,"CHICAGO MIDWAY AIRPORT, IL US",41.78412,-87.75514,185.8,2020-03-18,7.2,",,W",3.9,",,W"
USW00014819,"CHICAGO MIDWAY AIRPORT, IL US",41.78412,-87.75514,185.8,2020-03-19,17.2,",,W",4.4,",,W"
USW00014819,"CHICAGO MIDWAY AIRPORT, IL US",41.78412,-87.75514,185.8,2020-03-20,17.2,",,W",-0.5,",,W"
USW00014819,"CHICAGO MIDWAY AIRPORT, IL US",41.78412,-87.75514,185.8,2020-03-21,0.6,",,W",-2.7,",,W"
USW00014819,"CHICAGO MIDWAY AIRPORT, IL US",41.78412,-87.75514,185.8,2020-03-22,2.2,",,W",-2.1,",,W"
USW00014819,"CHICAGO MIDWAY AIRPORT, IL US",41.78412,-87.75514,185.8,2020-03-23,6.7,",,W",0.6,",,W"
USW00014819,"CHICAGO MIDWAY AIRPORT, IL US",41.78412,-87.75514,185.8,2020-03-24,7.8,",,W",0.6,",,W"
USW00014819,"CHICAGO MIDWAY AIRPORT, IL US",41.78412,-87.75514,185.8,2020-03-25,13.3,",,W",0,",,W"
USW00014819,"CHICAGO MIDWAY AIRPORT, IL US",41.78412,-87.75514,185.8,2020-03-26,11.1,",,W",3.3,",,W"
USW00014819,"CHICAGO MIDWAY AIRPORT, IL US",41.78412,-87.75514,185.8,2020-03-27,10.6,",,W",2.8,",,W"
USW00014819,"CHICAGO MIDWAY AIRPORT, IL US",41.78412,-87.75514,185.8,2020-03-28,19.4,",,W",7.2,",,W"
USW00014819,"CHICAGO MIDWAY AIRPORT, IL US",41.78412,-87.75514,185.8,2020-03-29,17.2,",,W",6.7,",,W"
USW00014819,"CHICAGO MIDWAY AIRPORT, IL US",41.78412,-87.75514,185.8,2020-03-30,10,",,W",3.9,",,W"
USW00014819,"CHICAGO MIDWAY AIRPORT, IL US",41.78412,-87.75514,185.8,2020-03-31,6.1,",,W",2.8,",,W"
USW00014819,"CHICAGO MIDWAY AIRPORT, IL US",41.78412,-87.75514,185.8,2020-04-01,11.7,",,W",2.2,",,W"
USW00014819,"CHICAGO MIDWAY AIRPORT, IL US",41.78412,-87.75514,185.8,2020-04-02,15,",,W",-0.5,",,W"
USW00014819,"CHICAGO MIDWAY AIRPORT, IL US",41.78412,-87.75514,185.8,2020-04-03,21.1,",,W",7.8,",,W"
USW00014819,"CHICAGO MIDWAY AIRPORT, IL US",41.78412,-87.75514,185.8,2020-04-04,13.3,",,W",2.2,",,W"
USW00014819,"CHICAGO MIDWAY AIRPORT, IL US",41.78412,-87.75514,185.8,2020-04-05,10,",,W",2.8,",,W"
USW00014819,"CHICAGO MIDWAY AIRPORT, IL US",41.78412,-87.75514,185.8,2020-04-06,18.3,",,W",2.2,",,W"
USW00014819,"CHICAGO MIDWAY AIRPORT, IL US",41.78412,-87.75514,185.8,2020-04-07,26.7,",,W",12.8,",,W"
USW00014819,"CHICAGO MIDWAY AIRPORT, IL US",41.78412,-87.75514,185.8,2020-04-08,20.6,",,W",9.4,",,W"
USW00014819,"CHICAGO MIDWAY AIRPORT, IL US",41.78412,-87.75514,185.8,2020-04-09,10,",,W",2.2,",,W"
USW00014819,"CHICAGO MIDWAY AIRPORT, IL US",41.78412,-87.75514,185.8,2020-04-10,10.6,",,W",1.1,",,W"
USW00014819,"CHICAGO MIDWAY AIRPORT, IL US",41.78412,-87.75514,185.8,2020-04-11,18.3,",,W",5.6,",,W"
USW00014819,"CHICAGO MIDWAY AIRPORT, IL US",41.78412,-87.75514,185.8,2020-04-12,18.9,",,W",9.4,",,W"
USW00014819,"CHICAGO MIDWAY AIRPORT, IL US",41.78412,-87.75514,185.8,2020-04-13,12.8,",,W",1.7,",,W"
USW00014819,"CHICAGO MIDWAY AIRPORT, IL US",41.78412,-87.75514,185.8,2020-04-14,5,",,W",-1,",,W"
USW00014819,"CHICAGO MIDWAY AIRPORT, IL US",41.78412,-87.75514,185.8,2020-04-15,4.4,",,W",-2.1,",,W"
USW00014819,"CHICAGO MIDWAY AIRPORT, IL US",41.78412,-87.75514,185.8,2020-04-16,7.8,",,W",-2.1,",,W"
USW00014819,"CHICAGO MIDWAY AIRPORT, IL US",41.78412,-87.75514,185.8,2020-04-17,5.6,",,W",0.6,",,W"
USW00014819,"CHICAGO MIDWAY AIRPORT, IL US",41.78412,-87.75514,185.8,2020-04-18,15,",,W",0.6,",,W"
USW00014819,"CHICAGO MIDWAY AIRPORT, IL US",41.78412,-87.75514,185.8,2020-04-19,16.7,",,W",4.4,",,W"
USW00014819,"CHICAGO MIDWAY AIRPORT, IL US",41.78412,-87.75514,185.8,2020-04-20,18.3,",,W",2.2,",,W"
USW00014819,"CHICAGO MIDWAY AIRPORT, IL US",41.78412,-87.75514,185.8,2020-04-21,11.1,",,W",2.8,",,W"
USW00014819,"CHICAGO MIDWAY AIRPORT, IL US",41.78412,-87.75514,185.8,2020-04-22,16.7,",,W",4.4,",,W"
USW00014819,"CHICAGO MIDWAY AIRPORT, IL US",41.78412,-87.75514,185.8,2020-04-23,15,",,W",6.7,",,W"
USW00014819,"CHICAGO MIDWAY AIRPORT, IL US",41.78412,-87.75514,185.8,2020-04-24,9.4,",,W",5.6,",,W"
USW00014819,"CHICAGO MIDWAY AIRPORT, IL US",41.78412,-87.75514,185.8,2020-04-25,8.3,",,W",5.6,",,W"
USW00014819,"CHICAGO MIDWAY AIRPORT, IL US",41.78412,-87.75514,185.8,2020-04-26,16.7,",,W",6.1,",,W"
USW00014819,"CHICAGO MIDWAY AIRPORT, IL US",41.78412,-87.75514,185.8,2020-04-27,20,",,W",3.9,",,W"
USW00014819,"CHICAGO MIDWAY AIRPORT, IL US",41.78412,-87.75514,185.8,2020-04-28,24.4,",,W",11.7,",,W"
USW00014819,"CHICAGO MIDWAY AIRPORT, IL US",41.78412,-87.75514,185.8,2020-04-29,16.7,",,W",5.6,",,W"
USW00014819,"CHICAGO MIDWAY AIRPORT, IL US",41.78412,-87.75514,185.8,2020-04-30,12.2,",,W",5.6,",,W"
USW00014819,"CHICAGO MIDWAY AIRPORT, IL US",41.78412,-87.75514,185.8,2020-05-01,19.4,",,W",2.8,",,W"
USW00014819,"CHICAGO MIDWAY AIRPORT, IL US",41.78412,-87.75514,185.8,2020-05-02,26.1,",,W",14.4,",,W"
USW00014819,"CHICAGO MIDWAY AIRPORT, IL US",41.78412,-87.75514,185.8,2020-05-03,22.8,",,W",8.9,",,W"
USW00014819,"CHICAGO MIDWAY AIRPORT, IL US",41.78412,-87.75514,185.8,2020-05-04,8.9,",,W",5,",,W"
USW00014819,"CHICAGO MIDWAY AIRPORT, IL US",41.78412,-87.75514,185.8,2020-05-05,8.9,",,W",5.6,",,W"
USW00014819,"CHICAGO MIDWAY AIRPORT, IL US",41.78412,-87.75514,185.8,2020-05-06,16.1,",,W",3.3,",,W"
USW00014819,"CHICAGO MIDWAY AIRPORT, IL US",41.78412,-87.75514,185.8,2020-05-07,18.9,",,W",7.8,",,W"
USW00014819,"CHICAGO MIDWAY AIRPORT, IL US",41.78412,-87.75514,185.8,2020-05-08,7.8,",,W",1.1,",,W"
USW00014819,"CHICAGO MIDWAY AIRPORT, IL US",41.78412,-87.75514,185.8,2020-05-09,15,",,W",-0.5,",,W"
USW00014819,"CHICAGO MIDWAY AIRPORT, IL US",41.78412,-87.75514,185.8,2020-05-10,11.7,",,W",2.8,",,W"
USW00014819,"CHICAGO MIDWAY AIRPORT, IL US",41.78412,-87.75514,185.8,2020-05-11,10,",,W",4.4,",,W"
USW00014819,"CHICAGO MIDWAY AIRPORT, IL US",41.78412,-87.75514,185.8,2020-05-12,16.7,",,W",3.9,",,W"
USW00014819,"CHICAGO MIDWAY AIRPORT, IL US",41.78412,-87.75514,185.8,2020-05-13,20.6,",,W",7.2,",,W"
USW00014819,"CHICAGO MIDWAY AIRPORT, IL US",41.78412,-87.75514,185.8,2020-05-14,22.8,",,W",12.8,",,W"
USW00014819,"CHICAGO MIDWAY AIRPORT, IL US",41.78412,-87.75514,185.8,2020-05-15,25,",,W",13.9,",,W"
USW00014819,"CHICAGO MIDWAY AIRPORT, IL US",41.78412,-87.75514,185.8,2020-05-16,20.6,",,W",11.1,",,W"
USW00014819,"CHICAGO MIDWAY AIRPORT, IL US",41.78412,-87.75514,185.8,2020-05-17,20,",,W",12.2,",,W"
USW00014819,"CHICAGO MIDWAY AIRPORT, IL US",41.78412,-87.75514,185.8,2020-05-18,18.9,",,W",11.1,",,W"
USW00014819,"CHICAGO MIDWAY AIRPORT, IL US",41.78412,-87.75514,185.8,2020-05-19,16.1,",,W",11.1,",,W"
USW00014819,"CHICAGO MIDWAY AIRPORT, IL US",41.78412,-87.75514,185.8,2020-05-20,18.3,",,W",12.8,",,W"
USW00014819,"CHICAGO MIDWAY AIRPORT, IL US",41.78412,-87.75514,185.8,2020-05-21,20,",,W",13.3,",,W"
USW00014819,"CHICAGO MIDWAY AIRPORT, IL US",41.78412,-87.75514,185.8,2020-05-22,21.1,",,W",13.9,",,W"
USW00014819,"CHICAGO MIDWAY AIRPORT, IL US",41.78412,-87.75514,185.8,2020-05-23,27.2,",,W",12.8,",,W"
USW00014819,"CHICAGO MIDWAY AIRPORT, IL US",41.78412,-87.75514,185.8,2020-05-24,31.7,",,W",17.8,",,W"
USW00014819,"CHICAGO MIDWAY AIRPORT, IL US",41.78412,-87.75514,185.8,2020-05-25,31.1,",,W",21.1,",,W"
USW00014819,"CHICAGO MIDWAY AIRPORT, IL US",41.78412,-87.75514,185.8,2020-05-26,31.7,",,W",21.1,",,W"
USW00014819,"CHICAGO MIDWAY AIRPORT, IL US",41.78412,-87.75514,185.8,2020-05-27,30.6,",,W",22.2,",,W"
USW00014819,"CHICAGO MIDWAY AIRPORT, IL US",41.78412,-87.75514,185.8,2020-05-28,28.3,",,W",18.3,",,W"
USW00014819,"CHICAGO MIDWAY AIRPORT, IL US",41.78412,-87.75514,185.8,2020-05-29,24.4,",,W",14.4,",,W"
USW00014819,"CHICAGO MIDWAY AIRPORT, IL US",41.78412,-87.75514,185.8,2020-05-30,22.2,",,W",12.8,",,W"
USW00014819,"CHICAGO MIDWAY AIRPORT, IL US",41.78412,-87.75514,185.8,2020-05-31,18.9,",,W",11.1,",,W"
USW00014819,"CHICAGO MIDWAY AIRPORT, IL US",41.78412,-87.75514,185.8,2020-06-01,25,",,W",12.8,",,W"
USW00014819,"CHICAGO MIDWAY AIRPORT, IL US",41.78412,-87.75514,185.8,2020-06-02,34.4,",,W",19.4,",,W"
USW00014819,"CHICAGO MIDWAY AIRPORT, IL US",41.78412,-87.75514,185.8,2020-06-03,29.4,",,W",21.1,",,W"
USW00014819,"CHICAGO MIDWAY AIRPORT, IL US",41.78412,-87.75514,185.8,2020-06-04,30,",,W",20,",,W"
USW00014819,"CHICAGO MIDWAY AIRPORT, IL US",41.78412,-87.75514,185.8,2020-06-05,31.7,",,W",22.2,",,W"
USW00014819,"CHICAGO MIDWAY AIRPORT, IL US",41.78412,-87.75514,185.8,2020-06-06,24.4,",,W",16.1,",,W"
USW00014819,"CHICAGO MIDWAY AIRPORT, IL US",41.78412,-87.75514,185.8,2020-06-07,26.1,",,W",15,",,W"
USW00014819,"CHICAGO MIDWAY AIRPORT, IL US",41.78412,-87.75514,185.8,2020-06-08,32.8,",,W",18.3,",,W"
USW00014819,"CHICAGO MIDWAY AIRPORT, IL US",41.78412,-87.75514,185.8,2020-06-09,32.8,",,W",23.3,",,W"
USW00014819,"CHICAGO MIDWAY AIRPORT, IL US",41.78412,-87.75514,185.8,2020-06-10,28.9,",,W",16.7,",,W"
USW00014819,"CHICAGO MIDWAY AIRPORT, IL US",41.78412,-87.75514,185.8,2020-06-11,28.3,",,W",15,",,W"
USW00014819,"CHICAGO MIDWAY AIRPORT, IL US",41.78412,-87.75514,185.8,2020-06-12,25.6,",,W",13.9,",,W"
USW00014819,"CHICAGO MIDWAY AIRPORT, IL US",41.78412,-87.75514,185.8,2020-06-13,19.4,",,W",12.2,",,W"
USW00014819,"CHICAGO MIDWAY AIRPORT, IL US",41.78412,-87.75514,185.8,2020-06-14,21.1,",,W",13.9,",,W"
USW00014819,"CHICAGO MIDWAY AIRPORT, IL US",41.78412,-87.75514,185.8,2020-06-15,22.8,",,W",12.8,",,W"
USW00014819,"CHICAGO MIDWAY AIRPORT, IL US",41.78412,-87.75514,185.8,2020-06-16,28.9,",,W",15,",,W"
USW00014819,"CHICAGO MIDWAY AIRPORT, IL US",41.78412,-87.75514,185.8,2020-06-17,30,",,W",18.3,",,W"
USW00014819,"CHICAGO MIDWAY AIRPORT, IL US",41.78412,-87.75514,185.8,2020-06-18,30.6,",,W",17.8,",,W"
USW00014819,"CHICAGO MIDWAY AIRPORT, IL US",41.78412,-87.75514,185.8,2020-06-19,33.9,",,W",20.6,",,W"
USW00014819,"CHICAGO MIDWAY AIRPORT, IL US",41.78412,-87.75514,185.8,2020-06-20,32.8,",,W",21.7,",,W"
USW00014819,"CHICAGO MIDWAY AIRPORT, IL US",41.78412,-87.75514,185.8,2020-06-21,28.3,",,W",21.1,",,W"
USW00014819,"CHICAGO MIDWAY AIRPORT, IL US",41.78412,-87.75514,185.8,2020-06-22,30,",,W",18.9,",,W"
USW00014819,"CHICAGO MIDWAY AIRPORT, IL US",41.78412,-87.75514,185.8,2020-06-23,26.1,",,W",17.2,",,W"
USW00014819,"CHICAGO MIDWAY AIRPORT, IL US",41.78412,-87.75514,185.8,2020-06-24,26.1,",,W",16.1,",,W"
USW00014819,"CHICAGO MIDWAY AIRPORT, IL US",41.78412,-87.75514,185.8,2020-06-25,28.9,",,W",17.2,",,W"
USW00014819,"CHICAGO MIDWAY AIRPORT, IL US",41.78412,-87.75514,185.8,2020-06-26,29.4,",,W",21.1,",,W"
USW00014819,"CHICAGO MIDWAY AIRPORT, IL US",41.78412,-87.75514,185.8,2020-06-27,31.7,",,W",22.2,",,W"
USW00014819,"CHICAGO MIDWAY AIRPORT, IL US",41.78412,-87.75514,185.8,2020-06-28,28.9,",,W",22.2,",,W"
USW00014819,"CHICAGO MIDWAY AIRPORT, IL US",41.78412,-87.75514,185.8,2020-06-29,33.9,",,W",22.2,",,W"
USW00014819,"CHICAGO MIDWAY AIRPORT, IL US",41.78412,-87.75514,185.8,2020-06-30,31.7,",,W",22.8,",,W"
USW00014819,"CHICAGO MIDWAY AIRPORT, IL US",41.78412,-87.75514,185.8,2020-07-01,31.1,",,W",23.3,",,W"
USW00014819,"CHICAGO MIDWAY AIRPORT, IL US",41.78412,-87.75514,185.8,2020-07-02,32.2,",,W",22.2,",,W"
USW00014819,"CHICAGO MIDWAY AIRPORT, IL US",41.78412,-87.75514,185.8,2020-07-03,31.7,",,W",20.6,",,W"
USW00014819,"CHICAGO MIDWAY AIRPORT, IL US",41.78412,-87.75514,185.8,2020-07-04,32.2,",,W",22.2,",,W"
USW00014819,"CHICAGO MIDWAY AIRPORT, IL US",41.78412,-87.75514,185.8,2020-07-05,32.2,",,W",22.8,",,W"
USW00014819,"CHICAGO MIDWAY AIRPORT, IL US",41.78412,-87.75514,185.8,2020-07-06,34.4,",,W",24.4,",,W"
USW00014819,"CHICAGO MIDWAY AIRPORT, IL US",41.78412,-87.75514,185.8,2020-07-07,34.4,",,W",23.9,",,W"
USW00014819,"CHICAGO MIDWAY AIRPORT, IL US",41.78412,-87.75514,185.8,2020-07-08,33.3,",,W",23.9,",,W"
USW00014819,"CHICAGO MIDWAY AIRPORT, IL US",41.78412,-87.75514,185.8,2020-07-09,33.9,",,W",22.2,",,W"
USW00014819,"CHICAGO MIDWAY AIRPORT, IL US",41.78412,-87.75514,185.8,2020-07-10,30.6,",,W",21.1,",,W"
USW00014819,"CHICAGO MIDWAY AIRPORT, IL US",41.78412,-87.75514,185.8,2020-07-11,29.4,",,W",21.1,",,W"
USW00014819,"CHICAGO MIDWAY AIRPORT, IL US",41.78412,-87.75514,185.8,2020-07-12,26.1,",,W",19.4,",,W"
USW00014819,"CHICAGO MIDWAY AIRPORT, IL US",41.78412,-87.75514,185.8,2020-07-13,27.2,",,W",17.8,",,W"
USW00014819,"CHICAGO MIDWAY AIRPORT, IL US",41.78412,-87.75514,185.8,2020-07-14,29.4,",,W",19.4,",,W"
USW00014819,"CHICAGO MIDWAY AIRPORT, IL US",41.78412,-87.75514,185.8,2020-07-15,30.6,",,W",20,",,W"
USW00014819,"CHICAGO MIDWAY AIRPORT, IL US",41.78412,-87.75514,185.8,2020-07-16,28.9,",,W",20.6,",,W"
USW00014819,"CHICAGO MIDWAY AIRPORT, IL US",41.78412,-87.75514,185.8,2020-07-17,31.1,",,W",20,",,W"
USW00014819,"CHICAGO MIDWAY AIRPORT, IL US",41.78412,-87.75514,185.8,2020-07-18,32.8,",,W",24.4,",,W"
USW00014819,"CHICAGO MIDWAY AIRPORT, IL US",41.78412,-87.75514,185.8,2020-07-19,28.3,",,W",21.7,",,W"
USW00014819,"CHICAGO MIDWAY AIRPORT, IL US",41.78412,-87.75514,185.8,2020-07-20,30.6,",,W",19.4,",,W"
USW00014819,"CHICAGO MIDWAY AIRPORT, IL US",41.78412,-87.75514,185.8,2020-07-21,27.2,",,W",22.8,",,W"
USW00014819,"CHICAGO MIDWAY AIRPORT, IL US",41.78412,-87.75514,185.8,2020-07-22,30,",,W",22.2,",,W"
USW00014819,"CHICAGO MIDWAY AIRPORT, IL US",41.78412,-87.75514,185.8,2020-07-23,27.2,",,W",18.3,",,W"
USW00014819,"CHICAGO MIDWAY AIRPORT, IL US",41.78412,-87.75514,185.8,2020-07-24,29.4,",,W",18.9,",,W"
USW00014819,"CHICAGO MIDWAY AIRPORT, IL US",41.78412,-87.75514,185.8,2020-07-25,32.2,",,W",20.6,",,W"
USW00014819,"CHICAGO MIDWAY AIRPORT, IL US",41.78412,-87.75514,185.8,2020-07-26,35,",,W",23.9,",,W"
USW00014819,"CHICAGO MIDWAY AIRPORT, IL US",41.78412,-87.75514,185.8,2020-07-27,30,",,W",22.2,",,W"
USW00014819,"CHICAGO MIDWAY AIRPORT, IL US",41.78412,-87.75514,185.8,2020-07-28,31.1,",,W",20.6,",,W"
USW00014819,"CHICAGO MIDWAY AIRPORT, IL US",41.78412,-87.75514,185.8,2020-07-29,32.8,",,W",22.2,",,W"
USW00014819,"CHICAGO MIDWAY AIRPORT, IL US",41.78412,-87.75514,185.8,2020-07-30,28.3,",,W",22.2,",,W"
USW00014819,"CHICAGO MIDWAY AIRPORT, IL US",41.78412,-87.75514,185.8,2020-07-31,27.2,",,W",21.1,",,W"
USW00014819,"CHICAGO MIDWAY AIRPORT, IL US",41.78412,-87.75514,185.8,2020-08-01,26.1,",,W",18.3,",,W"
USW00014819,"CHICAGO MIDWAY AIRPORT, IL US",41.78412,-87.75514,185.8,2020-08-02,29.4,",,W",18.3,",,W"
USW00014819,"CHICAGO MIDWAY AIRPORT, IL US",41.78412,-87.75514,185.8,2020-08-03,22.8,",,W",18.3,",,W"
USW00014819,"CHICAGO MIDWAY AIRPORT, IL US",41.78412,-87.75514,185.8,2020-08-04,23.3,",,W",15,",,W"
USW00014819,"CHICAGO MIDWAY AIRPORT, IL US",41.78412,-87.75514,185.8,2020-08-05,24.4,",,W",13.9,",,W"
USW00014819,"CHICAGO MIDWAY AIRPORT, IL US",41.78412,-87.75514,185.8,2020-08-06,26.7,",,W",18.3,",,W"
USW00014819,"CHICAGO MIDWAY AIRPORT, IL US",41.78412,-87.75514,185.8,2020-08-07,28.9,",,W",16.7,",,W"
USW00014819,"CHICAGO MIDWAY AIRPORT, IL US",41.78412,-87.75514,185.8,2020-08-08,30.6,",,W",19.4,",,W"
USW00014819,"CHICAGO MIDWAY AIRPORT, IL US",41.78412,-87.75514,185.8,2020-08-09,32.2,",,W",22.2,",,W"
USW00014819,"CHICAGO MIDWAY AIRPORT, IL US",41.78412,-87.75514,185.8,2020-08-10,32.2,",,W",20.6,",,W"
USW00014819,"CHICAGO MIDWAY AIRPORT, IL US",41.78412,-87.75514,185.8,2020-08-11,27.8,",,W",18.9,",,W"
USW00014819,"CHICAGO MIDWAY AIRPORT, IL US",41.78412,-87.75514,185.8,2020-08-12,28.3,",,W",17.2,",,W"
USW00014819,"CHICAGO MIDWAY AIRPORT, IL US",41.78412,-87.75514,185.8,2020-08-13,28.9,",,W",21.1,",,W"
USW00014819,"CHICAGO MIDWAY AIRPORT, IL US",41.78412,-87.75514,185.8,2020-08-14,31.1,",,W",21.7,",,W"
USW00014819,"CHICAGO MIDWAY AIRPORT, IL US",41.78412,-87.75514,185.8,2020-08-15,31.7,",,W",21.1,",,W"
USW00014819,"CHICAGO MIDWAY AIRPORT, IL US",41.78412,-87.75514,185.8,2020-08-16,28.3,",,W",18.3,",,W"
USW00014819,"CHICAGO MIDWAY AIRPORT, IL US",41.78412,-87.75514,185.8,2020-08-17,28.9,",,W",20.6,",,W"
USW00014819,"CHICAGO MIDWAY AIRPORT, IL US",41.78412,-87.75514,185.8,2020-08-18,25,",,W",19.4,",,W"
USW00014819,"CHICAGO MIDWAY AIRPORT, IL US",41.78412,-87.75514,185.8,2020-08-19,26.1,",,W",16.1,",,W"
USW00014819,"CHICAGO MIDWAY AIRPORT, IL US",41.78412,-87.75514,185.8,2020-08-20,29.4,",,W",16.7,",,W"
USW00014819,"CHICAGO MIDWAY AIRPORT, IL US",41.78412,-87.75514,185.8,2020-08-21,30.6,",,W",18.3,",,W"
USW00014819,"CHICAGO MIDWAY AIRPORT, IL US",41.78412,-87.75514,185.8,2020-08-22,31.1,",,W",19.4,",,W"
USW00014819,"CHICAGO MIDWAY AIRPORT, IL US",41.78412,-87.75514,185.8,2020-08-23,32.2,",,W",21.1,",,W"
USW00014819,"CHICAGO MIDWAY AIRPORT, IL US",41.78412,-87.75514,185.8,2020-08-24,35.6,",,W",22.2,",,W"
USW00014819,"CHICAGO MIDWAY AIRPORT, IL US",41.78412,-87.75514,185.8,2020-08-25,32.2,",,W",25,",,W"
USW00014819,"CHICAGO MIDWAY AIRPORT, IL US",41.78412,-87.75514,185.8,2020-08-26,34.4,",,W",23.9,",,W"
USW00014819,"CHICAGO MIDWAY AIRPORT, IL US",41.78412,-87.75514,185.8,2020-08-27,35,",,W",24.4,",,W"
USW00014819,"CHICAGO MIDWAY AIRPORT, IL US",41.78412,-87.75514,185.8,2020-08-28,35,",,W",24.4,",,W"
USW00014819,"CHICAGO MIDWAY AIRPORT, IL US",41.78412,-87.75514,185.8,2020-08-29,28.9,",,W",20,",,W"
USW00014819,"CHICAGO MIDWAY AIRPORT, IL US",41.78412,-87.75514,185.8,2020-08-30,25.6,",,W",17.8,",,W"
USW00014819,"CHICAGO MIDWAY AIRPORT, IL US",41.78412,-87.75514,185.8,2020-08-31,29.4,",,W",18.3,",,W"
USW00014819,"CHICAGO MIDWAY AIRPORT, IL US",41.78412,-87.75514,185.8,2020-09-01,23.3,",,W",20.6,",,W"
USW00014819,"CHICAGO MIDWAY AIRPORT, IL US",41.78412,-87.75514,185.8,2020-09-02,31.1,",,W",21.1,",,W"
USW00014819,"CHICAGO MIDWAY AIRPORT, IL US",41.78412,-87.75514,185.8,2020-09-03,31.1,",,W",18.3,",,W"
USW00014819,"CHICAGO MIDWAY AIRPORT, IL US",41.78412,-87.75514,185.8,2020-09-04,26.7,",,W",13.3,",,W"
USW00014819,"CHICAGO MIDWAY AIRPORT, IL US",41.78412,-87.75514,185.8,2020-09-05,28.3,",,W",17.8,",,W"
USW00014819,"CHICAGO MIDWAY AIRPORT, IL US",41.78412,-87.75514,185.8,2020-09-06,27.8,",,W",15,",,W"
USW00014819,"CHICAGO MIDWAY AIRPORT, IL US",41.78412,-87.75514,185.8,2020-09-07,25.6,",,W",18.9,",,W"
USW00014819,"CHICAGO MIDWAY AIRPORT, IL US",41.78412,-87.75514,185.8,2020-09-08,19.4,",,W",16.1,",,W"
USW00014819,"CHICAGO MIDWAY AIRPORT, IL US",41.78412,-87.75514,185.8,2020-09-09,18.9,",,W",16.1,",,W"
USW00014819,"CHICAGO MIDWAY AIRPORT, IL US",41.78412,-87.75514,185.8,2020-09-10,20,",,W",14.4,",,W"
USW00014819,"CHICAGO MIDWAY AIRPORT, IL US",41.78412,-87.75514,185.8,2020-09-11,20.6,",,W",16.7,",,W"
USW00014819,"CHICAGO MIDWAY AIRPORT, IL US",41.78412,-87.75514,185.8,2020-09-12,22.8,",,W",17.2,",,W"
USW00014819,"CHICAGO MIDWAY AIRPORT, IL US",41.78412,-87.75514,185.8,2020-09-13,24.4,",,W",16.1,",,W"
USW00014819,"CHICAGO MIDWAY AIRPORT, IL US",41.78412,-87.75514,185.8,2020-09-14,23.9,",,W",13.9,",,W"
USW00014819,"CHICAGO MIDWAY AIRPORT, IL US",41.78412,-87.75514,185.8,2020-09-15,25.6,",,W",15,",,W"
USW00014819,"CHICAGO MIDWAY AIRPORT, IL US",41.78412,-87.75514,185.8,2020-09-16,28.3,",,W",15,",,W"
USW00014819,"CHICAGO MIDWAY AIRPORT, IL US",41.78412,-87.75514,185.8,2020-09-17,21.1,",,W",15.6,",,W"
USW00014819,"CHICAGO MIDWAY AIRPORT, IL US",41.78412,-87.75514,185.8,2020-09-18,16.7,",,W",9.4,",,W"
USW00014819,"CHICAGO MIDWAY AIRPORT, IL US",41.78412,-87.75514,185.8,2020-09-19,18.3,",,W",8.3,",,W"
USW00014819,"CHICAGO MIDWAY AIRPORT, IL US",41.78412,-87.75514,185.8,2020-09-20,22.8,",,W",10,",,W"
USW00014819,"CHICAGO MIDWAY AIRPORT, IL US",41.78412,-87.75514,185.8,2020-09-21,23.9,",,W",11.1,",,W"
USW00014819,"CHICAGO MIDWAY AIRPORT, IL US",41.78412,-87.75514,185.8,2020-09-22,26.1,",,W",12.8,",,W"
USW00014819,"CHICAGO MIDWAY AIRPORT, IL US",41.78412,-87.75514,185.8,2020-09-23,26.1,",,W",14.4,",,W"
USW00014819,"CHICAGO MIDWAY AIRPORT, IL US",41.78412,-87.75514,185.8,2020-09-24,26.1,",,W",13.3,",,W"
USW00014819,"CHICAGO MIDWAY AIRPORT, IL US",41.78412,-87.75514,185.8,2020-09-25,27.2,",,W",15,",,W"
USW00014819,"CHICAGO MIDWAY AIRPORT, IL US",41.78412,-87.75514,185.8,2020-09-26,25.6,",,W",17.2,",,W"
USW00014819,"CHICAGO MIDWAY AIRPORT, IL US",41.78412,-87.75514,185.8,2020-09-27,25.6,",,W",12.2,",,W"
USW00014819,"CHICAGO MIDWAY AIRPORT, IL US",41.78412,-87.75514,185.8,2020-09-28,17.2,",,W",10.6,",,W"
USW00014819,"CHICAGO MIDWAY AIRPORT, IL US",41.78412,-87.75514,185.8,2020-09-29,16.1,",,W",7.2,",,W"
USW00014819,"CHICAGO MIDWAY AIRPORT, IL US",41.78412,-87.75514,185.8,2020-09-30,20,",,W",10.6,",,W"
USW00014819,"CHICAGO MIDWAY AIRPORT, IL US",41.78412,-87.75514,185.8,2020-10-01,14.4,",,W",7.8,",,W"
USW00014819,"CHICAGO MIDWAY AIRPORT, IL US",41.78412,-87.75514,185.8,2020-10-02,13.3,",,W",6.1,",,W"
USW00014819,"CHICAGO MIDWAY AIRPORT, IL US",41.78412,-87.75514,185.8,2020-10-03,13.9,",,W",7.8,",,W"
USW00014819,"CHICAGO MIDWAY AIRPORT, IL US",41.78412,-87.75514,185.8,2020-10-04,13.9,",,W",4.4,",,W"
USW00014819,"CHICAGO MIDWAY AIRPORT, IL US",41.78412,-87.75514,185.8,2020-10-05,17.2,",,W",2.2,",,W"
USW00014819,"CHICAGO MIDWAY AIRPORT, IL US",41.78412,-87.75514,185.8,2020-10-06,23.9,",,W",10.6,",,W"
USW00014819,"CHICAGO MIDWAY AIRPORT, IL US",41.78412,-87.75514,185.8,2020-10-07,24.4,",,W",12.8,",,W"
USW00014819,"CHICAGO MIDWAY AIRPORT, IL US",41.78412,-87.75514,185.8,2020-10-08,21.1,",,W",10,",,W"
USW00014819,"CHICAGO MIDWAY AIRPORT, IL US",41.78412,-87.75514,185.8,2020-10-09,27.8,",,W",10.6,",,W"
USW00014819,"CHICAGO MIDWAY AIRPORT, IL US",41.78412,-87.75514,185.8,2020-10-10,25,",,W",14.4,",,W"
USW00014819,"CHICAGO MIDWAY AIRPORT, IL US",41.78412,-87.75514,185.8,2020-10-11,20,",,W",13.9,",,W"
USW00014819,"CHICAGO MIDWAY AIRPORT, IL US",41.78412,-87.75514,185.8,2020-10-12,19.4,",,W",8.3,",,W"
USW00014819,"CHICAGO MIDWAY AIRPORT, IL US",41.78412,-87.75514,185.8,2020-10-13,22.8,",,W",6.7,",,W"
USW00014819,"CHICAGO MIDWAY AIRPORT, IL US",41.78412,-87.75514,185.8,2020-10-14,25.6,",,W",8.3,",,W"
USW00014819,"CHICAGO MIDWAY AIRPORT, IL US",41.78412,-87.75514,185.8,2020-10-15,17.8,",,W",5.6,",,W"
USW00014819,"CHICAGO MIDWAY AIRPORT, IL US",41.78412,-87.75514,185.8,2020-10-16,12.8,",,W",2.2,",,W"
USW00014819,"CHICAGO MIDWAY AIRPORT, IL US",41.78412,-87.75514,185.8,2020-10-17,18.3,",,W",3.3,",,W"
USW00014819,"CHICAGO MIDWAY AIRPORT, IL US",41.78412,-87.75514,185.8,2020-10-18,15,",,W",4.4,",,W"
USW00014819,"CHICAGO MIDWAY AIRPORT, IL US",41.78412,-87.75514,185.8,2020-10-19,11.1,",,W",4.4,",,W"
USW00014819,"CHICAGO MIDWAY AIRPORT, IL US",41.78412,-87.75514,185.8,2020-10-20,12.8,",,W",6.1,",,W"
USW00014819,"CHICAGO MIDWAY AIRPORT, IL US",41.78412,-87.75514,185.8,2020-10-21,14.4,",,W",7.8,",,W"
USW00014819,"CHICAGO MIDWAY AIRPORT, IL US",41.78412,-87.75514,185.8,2020-10-22,26.1,",,W",8.9,",,W"
USW00014819,"CHICAGO MIDWAY AIRPORT, IL US",41.78412,-87.75514,185.8,2020-10-23,21.1,",,W",5,",,W"
USW00014819,"CHICAGO MIDWAY AIRPORT, IL US",41.78412,-87.75514,185.8,2020-10-24,8.3,",,W",1.7,",,W"
USW00014819,"CHICAGO MIDWAY AIRPORT, IL US",41.78412,-87.75514,185.8,2020-10-25,8.3,",,W",5.6,",,W"
USW00014819,"CHICAGO MIDWAY AIRPORT, IL US",41.78412,-87.75514,185.8,2020-10-26,5.6,",,W",1.1,",,W"
USW00014819,"CHICAGO MIDWAY AIRPORT, IL US",41.78412,-87.75514,185.8,2020-10-27,2.8,",,W",0.6,",,W"
USW00014819,"CHICAGO MIDWAY AIRPORT, IL US",41.78412,-87.75514,185.8,2020-10-28,10.6,",,W",0,",,W"
USW00014819,"CHICAGO MIDWAY AIRPORT, IL US",41.78412,-87.75514,185.8,2020-10-29,10,",,W",2.2,",,W"
USW00014819,"CHICAGO MIDWAY AIRPORT, IL US",41.78412,-87.75514,185.8,2020-10-30,6.7,",,W",-1,",,W"
USW00014819,"CHICAGO MIDWAY AIRPORT, IL US",41.78412,-87.75514,185.8,2020-10-31,15,",,W",0,",,W"
USW00014819,"CHICAGO MIDWAY AIRPORT, IL US",41.78412,-87.75514,185.8,2020-11-01,12.8,",,W",-0.5,",,W"
USW00014819,"CHICAGO MIDWAY AIRPORT, IL US",41.78412,-87.75514,185.8,2020-11-02,10.6,",,W",-2.1,",,W"
USW00014819,"CHICAGO MIDWAY AIRPORT, IL US",41.78412,-87.75514,185.8,2020-11-03,21.1,",,W",3.3,",,W"
USW00014819,"CHICAGO MIDWAY AIRPORT, IL US",41.78412,-87.75514,185.8,2020-11-04,23.9,",,W",9.4,",,W"
USW00014819,"CHICAGO MIDWAY AIRPORT, IL US",41.78412,-87.75514,185.8,2020-11-05,21.7,",,W",13.3,",,W"
USW00014819,"CHICAGO MIDWAY AIRPORT, IL US",41.78412,-87.75514,185.8,2020-11-06,23.3,",,W",9.4,",,W"
USW00014819,"CHICAGO MIDWAY AIRPORT, IL US",41.78412,-87.75514,185.8,2020-11-07,22.2,",,W",11.1,",,W"
USW00014819,"CHICAGO MIDWAY AIRPORT, IL US",41.78412,-87.75514,185.8,2020-11-08,25,",,W",12.2,",,W"
USW00014819,"CHICAGO MIDWAY AIRPORT, IL US",41.78412,-87.75514,185.8,2020-11-09,24.4,",,W",17.2,",,W"
USW00014819,"CHICAGO MIDWAY AIRPORT, IL US",41.78412,-87.75514,185.8,2020-11-10,23.3,",,W",6.7,",,W"
USW00014819,"CHICAGO MIDWAY AIRPORT, IL US",41.78412,-87.75514,185.8,2020-11-11,7.8,",,W",1.7,",,W"
USW00014819,"CHICAGO MIDWAY AIRPORT, IL US",41.78412,-87.75514,185.8,2020-11-12,11.7,",,W",1.7,",,W"
USW00014819,"CHICAGO MIDWAY AIRPORT, IL US",41.78412,-87.75514,185.8,2020-11-13,7.8,",,W",-1,",,W"
USW00014819,"CHICAGO MIDWAY AIRPORT, IL US",41.78412,-87.75514,185.8,2020-11-14,10,",,W",-1.6,",,W"
USW00014819,"CHICAGO MIDWAY AIRPORT, IL US",41.78412,-87.75514,185.8,2020-11-15,12.8,",,W",1.1,",,W"
USW00014819,"CHICAGO MIDWAY AIRPORT, IL US",41.78412,-87.75514,185.8,2020-11-16,8.9,",,W",0,",,W"
USW00014819,"CHICAGO MIDWAY AIRPORT, IL US",41.78412,-87.75514,185.8,2020-11-17,5.6,",,W",-1,",,W"
USW00014819,"CHICAGO MIDWAY AIRPORT, IL US",41.78412,-87.75514,185.8,2020-11-18,10.6,",,W",1.7,",,W"
USW00014819,"CHICAGO MIDWAY AIRPORT, IL US",41.78412,-87.75514,185.8,2020-11-19,18.9,",,W",7.2,",,W"
USW00014819,"CHICAGO MIDWAY AIRPORT, IL US",41.78412,-87.75514,185.8,2020-11-20,17.8,",,W",6.1,",,W"
USW00014819,"CHICAGO MIDWAY AIRPORT, IL US",41.78412,-87.75514,185.8,2020-11-21,8.3,",,W",3.9,",,W"
USW00014819,"CHICAGO MIDWAY AIRPORT, IL US",41.78412,-87.75514,185.8,2020-11-22,7.8,",,W",4.4,",,W"
USW00014819,"CHICAGO MIDWAY AIRPORT, IL US",41.78412,-87.75514,185.8,2020-11-23,7.8,",,W",0.6,",,W"
USW00014819,"CHICAGO MIDWAY AIRPORT, IL US",41.78412,-87.75514,185.8,2020-11-24,7.2,",,W",0.6,",,W"
USW00014819,"CHICAGO MIDWAY AIRPORT, IL US",41.78412,-87.75514,185.8,2020-11-25,8.3,",,W",6.7,",,W"
USW00014819,"CHICAGO MIDWAY AIRPORT, IL US",41.78412,-87.75514,185.8,2020-11-26,7.8,",,W",3.9,",,W"
USW00014819,"CHICAGO MIDWAY AIRPORT, IL US",41.78412,-87.75514,185.8,2020-11-27,7.2,",,W",0.6,",,W"
USW00014819,"CHICAGO MIDWAY AIRPORT, IL US",41.78412,-87.75514,185.8,2020-11-28,10,",,W",-2.1,",,W"
USW00014819,"CHICAGO MIDWAY AIRPORT, IL US",41.78412,-87.75514,185.8,2020-11-29,10.6,",,W",2.2,",,W"
USW00014819,"CHICAGO MIDWAY AIRPORT, IL US",41.78412,-87.75514,185.8,2020-11-30,3.3,",,W",-1.6,",,W"
USW00014819,"CHICAGO MIDWAY AIRPORT, IL US",41.78412,-87.75514,185.8,2020-12-01,1.1,",,W",-3.2,",,W"
USW00014819,"CHICAGO MIDWAY AIRPORT, IL US",41.78412,-87.75514,185.8,2020-12-02,8.3,",,W",-4.3,",,W"
USW00014819,"CHICAGO MIDWAY AIRPORT, IL US",41.78412,-87.75514,185.8,2020-12-03,8.3,",,W",-1.6,",,W"
USW00014819,"CHICAGO MIDWAY AIRPORT, IL US",41.78412,-87.75514,185.8,2020-12-04,7.8,",,W",-0.5,",,W"
USW00014819,"CHICAGO MIDWAY AIRPORT, IL US",41.78412,-87.75514,185.8,2020-12-05,5,",,W",-1,",,W"
USW00014819,"CHICAGO MIDWAY AIRPORT, IL US",41.78412,-87.75514,185.8,2020-12-06,2.8,",,W",1.1,",,W"
USW00014819,"CHICAGO MIDWAY AIRPORT, IL US",41.78412,-87.75514,185.8,2020-12-07,3.3,",,W",1.1,",,W"
USW00014819,"CHICAGO MIDWAY AIRPORT, IL US",41.78412,-87.75514,185.8,2020-12-08,2.8,",,W",0.6,",,W"
USW00014819,"CHICAGO MIDWAY AIRPORT, IL US",41.78412,-87.75514,185.8,2020-12-09,11.7,",,W",0,",,W"
USW00014819,"CHICAGO MIDWAY AIRPORT, IL US",41.78412,-87.75514,185.8,2020-12-10,13.9,",,W",-0.5,",,W"
USW00014819,"CHICAGO MIDWAY AIRPORT, IL US",41.78412,-87.75514,185.8,2020-12-11,7.2,",,W",1.7,",,W"
USW00014819,"CHICAGO MIDWAY AIRPORT, IL US",41.78412,-87.75514,185.8,2020-12-12,5.6,",,W",0,",,W"
USW00014819,"CHICAGO MIDWAY AIRPORT, IL US",41.78412,-87.75514,185.8,2020-12-13,2.8,",,W",-2.7,",,W"
USW00014819,"CHICAGO MIDWAY AIRPORT, IL US",41.78412,-87.75514,185.8,2020-12-14,0.6,",,W",-4.3,",,W"
USW00014819,"CHICAGO MIDWAY AIRPORT, IL US",41.78412,-87.75514,185.8,2020-12-15,1.1,",,W",-5.5,",,W"
USW00014819,"CHICAGO MIDWAY AIRPORT, IL US",41.78412,-87.75514,185.8,2020-12-16,1.1,",,W",-1.6,",,W"
USW00014819,"CHICAGO MIDWAY AIRPORT, IL US",41.78412,-87.75514,185.8,2020-12-17,1.7,",,W",-1.6,",,W"
USW00014819,"CHICAGO MIDWAY AIRPORT, IL US",41.78412,-87.75514,185.8,2020-12-18,2.8,",,W",-4.3,",,W"
USW00014819,"CHICAGO MIDWAY AIRPORT, IL US",41.78412,-87.75514,185.8,2020-12-19,7.2,",,W",1.7,",,W"
USW00014819,"CHICAGO MIDWAY AIRPORT, IL US",41.78412,-87.75514,185.8,2020-12-20,5.6,",,W",0,",,W"
USW00014819,"CHICAGO MIDWAY AIRPORT, IL US",41.78412,-87.75514,185.8,2020-12-21,8.3,",,W",0.6,",,W"
USW00014819,"CHICAGO MIDWAY AIRPORT, IL US",41.78412,-87.75514,185.8,2020-12-22,5.6,",,W",-0.5,",,W"
USW00014819,"CHICAGO MIDWAY AIRPORT, IL US",41.78412,-87.75514,185.8,2020-12-23,14.4,",,W",-2.7,",,W"
USW00014819,"CHICAGO MIDWAY AIRPORT, IL US",41.78412,-87.75514,185.8,2020-12-24,-2.7,",,W",-12.1,",,W"
USW00014819,"CHICAGO MIDWAY AIRPORT, IL US",41.78412,-87.75514,185.8,2020-12-25,-5.5,",,W",-12.7,",,W"
USW00014819,"CHICAGO MIDWAY AIRPORT, IL US",41.78412,-87.75514,185.8,2020-12-26,1.7,",,W",-7.1,",,W"
USW00014819,"CHICAGO MIDWAY AIRPORT, IL US",41.78412,-87.75514,185.8,2020-12-27,8.3,",,W",-3.8,",,W"
USW00014819,"CHICAGO MIDWAY AIRPORT, IL US",41.78412,-87.75514,185.8,2020-12-28,1.1,",,W",-5.5,",,W"
USW00014819,"CHICAGO MIDWAY AIRPORT, IL US",41.78412,-87.75514,185.8,2020-12-29,0.6,",,W",-7.7,",,W"
USW00014819,"CHICAGO MIDWAY AIRPORT, IL US",41.78412,-87.75514,185.8,2020-12-30,2.2,",,W",-3.2,",,W"
USW00014819,"CHICAGO MIDWAY AIRPORT, IL US",41.78412,-87.75514,185.8,2020-12-31,-1,",,W",-4.9,",,W"
USC00111550,"CHICAGO NORTHERLY ISLAND, IL US",41.8558,-87.6094,177.7,2021-01-02,1.7,",,7",-0.6,",,7"
USC00111550,"CHICAGO NORTHERLY ISLAND, IL US",41.8558,-87.6094,177.7,2021-01-03,1.1,",,7",-2.8,",,7"
USC00111550,"CHICAGO NORTHERLY ISLAND, IL US",41.8558,-87.6094,177.7,2021-01-05,1.7,",,7",-1.7,",,7"
USC00111550,"CHICAGO NORTHERLY ISLAND, IL US",41.8558,-87.6094,177.7,2021-01-06,2.2,",,7",-0.6,",,7"
USC00111550,"CHICAGO NORTHERLY ISLAND, IL US",41.8558,-87.6094,177.7,2021-01-07,2.2,",,7",1.1,",,7"
USC00111550,"CHICAGO NORTHERLY ISLAND, IL US",41.8558,-87.6094,177.7,2021-01-08,1.7,",,7",-0.6,",,7"
USC00111550,"CHICAGO NORTHERLY ISLAND, IL US",41.8558,-87.6094,177.7,2021-01-09,2.2,",,7",-1.7,",,7"
USC00111550,"CHICAGO NORTHERLY ISLAND, IL US",41.8558,-87.6094,177.7,2021-01-10,-0.6,",,7",-3.9,",,7"
USC00111550,"CHICAGO NORTHERLY ISLAND, IL US",41.8558,-87.6094,177.7,2021-01-11,-1.1,",,7",-6.1,",,7"
USC00111550,"CHICAGO NORTHERLY ISLAND, IL US",41.8558,-87.6094,177.7,2021-01-12,3.9,",,7",-3.3,",,7"
USC00111550,"CHICAGO NORTHERLY ISLAND, IL US",41.8558,-87.6094,177.7,2021-01-13,5,",,7",0,",,7"
USC00111550,"CHICAGO NORTHERLY ISLAND, IL US",41.8558,-87.6094,177.7,2021-01-14,4.4,",,7",0.6,",,7"
USC00111550,"CHICAGO NORTHERLY ISLAND, IL US",41.8558,-87.6094,177.7,2021-01-15,3.9,",,7",-1.1,",,7"
USC00111550,"CHICAGO NORTHERLY ISLAND, IL US",41.8558,-87.6094,177.7,2021-01-16,2.8,",,7",-1.1,",,7"
USC00111550,"CHICAGO NORTHERLY ISLAND, IL US",41.8558,-87.6094,177.7,2021-01-17,1.7,",,7",-1.7,",,7"
USC00111550,"CHICAGO NORTHERLY ISLAND, IL US",41.8558,-87.6094,177.7,2021-01-18,-0.6,",,7",-3.9,",,7"
USC00111550,"CHICAGO NORTHERLY ISLAND, IL US",41.8558,-87.6094,177.7,2021-01-19,0,",,7",-5.6,",,7"
USC00111550,"CHICAGO NORTHERLY ISLAND, IL US",41.8558,-87.6094,177.7,2021-01-20,1.7,",,7",-8.9,",,7"
USC00111550,"CHICAGO NORTHERLY ISLAND, IL US",41.8558,-87.6094,177.7,2021-01-21,5.6,",,7",0,",,7"
USC00111550,"CHICAGO NORTHERLY ISLAND, IL US",41.8558,-87.6094,177.7,2021-01-22,0,",,7",-9.4,",,7"
USC00111550,"CHICAGO NORTHERLY ISLAND, IL US",41.8558,-87.6094,177.7,2021-01-23,-1.1,",,7",-9.4,",,7"
USC00111550,"CHICAGO NORTHERLY ISLAND, IL US",41.8558,-87.6094,177.7,2021-01-24,1.1,",,7",-2.8,",,7"
USC00111550,"CHICAGO NORTHERLY ISLAND, IL US",41.8558,-87.6094,177.7,2021-01-25,0.6,",,7",-1.7,",,7"
USC00111550,"CHICAGO NORTHERLY ISLAND, IL US",41.8558,-87.6094,177.7,2021-01-26,-0.6,",,7",-3.3,",,7"
USC00111550,"CHICAGO NORTHERLY ISLAND, IL US",41.8558,-87.6094,177.7,2021-01-27,-2.2,",,7",-7.2,",,7"
USC00111550,"CHICAGO NORTHERLY ISLAND, IL US",41.8558,-87.6094,177.7,2021-01-28,-2.8,",,7",-7.8,",,7"
USC00111550,"CHICAGO NORTHERLY ISLAND, IL US",41.8558,-87.6094,177.7,2021-01-30,0.6,",,7",-1.7,",,7"
USC00111550,"CHICAGO NORTHERLY ISLAND, IL US",41.8558,-87.6094,177.7,2021-01-31,1.1,",,7",-1.7,",,7"
USC00111550,"CHICAGO NORTHERLY ISLAND, IL US",41.8558,-87.6094,177.7,2021-02-01,0.6,",,7",-1.7,",,7"
USC00111550,"CHICAGO NORTHERLY ISLAND, IL US",41.8558,-87.6094,177.7,2021-02-02,0.6,",,7",-2.2,",,7"
USC00111550,"CHICAGO NORTHERLY ISLAND, IL US",41.8558,-87.6094,177.7,2021-02-04,2.8,",,7",-6.7,",,7"
USC00111550,"CHICAGO NORTHERLY ISLAND, IL US",41.8558,-87.6094,177.7,2021-02-05,-6.1,",,7",-15,",,7"
USC00111550,"CHICAGO NORTHERLY ISLAND, IL US",41.8558,-87.6094,177.7,2021-02-06,-9.4,",,7",-15,",,7"
USC00111550,"CHICAGO NORTHERLY ISLAND, IL US",41.8558,-87.6094,177.7,2021-02-07,-13.3,",,7",-20.6,",,7"
USC00111550,"CHICAGO NORTHERLY ISLAND, IL US",41.8558,-87.6094,177.7,2021-02-08,-10.6,",,7",-16.1,",,7"
USC00111550,"CHICAGO NORTHERLY ISLAND, IL US",41.8558,-87.6094,177.7,2021-02-09,-7.2,",,7",-15.6,",,7"
USC00111550,"CHICAGO NORTHERLY ISLAND, IL US",41.8558,-87.6094,177.7,2021-02-10,-7.2,",,7",-13.3,",,7"
USC00111550,"CHICAGO NORTHERLY ISLAND, IL US",41.8558,-87.6094,177.7,2021-02-11,-5,",,7",-12.8,",,7"
USC00111550,"CHICAGO NORTHERLY ISLAND, IL US",41.8558,-87.6094,177.7,2021-02-12,-5,",,7",-12.2,",,7"
USC00111550,"CHICAGO NORTHERLY ISLAND, IL US",41.8558,-87.6094,177.7,2021-02-13,-9.4,",,7",-18.3,",,7"
USC00111550,"CHICAGO NORTHERLY ISLAND, IL US",41.8558,-87.6094,177.7,2021-02-14,-13.9,",,7",-19.4,",,7"
USC00111550,"CHICAGO NORTHERLY ISLAND, IL US",41.8558,-87.6094,177.7,2021-02-15,-8.3,",,7",-16.7,",,7"
USC00111550,"CHICAGO NORTHERLY ISLAND, IL US",41.8558,-87.6094,177.7,2021-02-16,-5,",,7",-12.2,",,7"
USC00111550,"CHICAGO NORTHERLY ISLAND, IL US",41.8558,-87.6094,177.7,2021-02-17,-6.7,",,7",-12.8,",,7"
USC00111550,"CHICAGO NORTHERLY ISLAND, IL US",41.8558,-87.6094,177.7,2021-02-18,-2.8,",,7",-9.4,",,7"
USC00111550,"CHICAGO NORTHERLY ISLAND, IL US",41.8558,-87.6094,177.7,2021-02-19,-5,",,7",-12.2,",,7"
USC00111550,"CHICAGO NORTHERLY ISLAND, IL US",41.8558,-87.6094,177.7,2021-02-20,-1.7,",,7",-12.2,",,7"
USC00111550,"CHICAGO NORTHERLY ISLAND, IL US",41.8558,-87.6094,177.7,2021-02-21,2.8,",,7",-11.7,",,7"
USC00111550,"CHICAGO NORTHERLY ISLAND, IL US",41.8558,-87.6094,177.7,2021-02-22,5,",,7",-3.3,",,7"
USC00111550,"CHICAGO NORTHERLY ISLAND, IL US",41.8558,-87.6094,177.7,2021-02-23,8.3,",,7",2.8,",,7"
USC00111550,"CHICAGO NORTHERLY ISLAND, IL US",41.8558,-87.6094,177.7,2021-02-24,7.8,",,7",1.7,",,7"
USC00111550,"CHICAGO NORTHERLY ISLAND, IL US",41.8558,-87.6094,177.7,2021-02-25,5.6,",,7",-1.1,",,7"
USC00111550,"CHICAGO NORTHERLY ISLAND, IL US",41.8558,-87.6094,177.7,2021-02-26,3.9,",,7",-1.7,",,7"
USC00111550,"CHICAGO NORTHERLY ISLAND, IL US",41.8558,-87.6094,177.7,2021-02-27,10.6,",,7",1.1,",,7"
USC00111550,"CHICAGO NORTHERLY ISLAND, IL US",41.8558,-87.6094,177.7,2021-02-28,10.6,",,7",1.7,",,7"
USC00111550,"CHICAGO NORTHERLY ISLAND, IL US",41.8558,-87.6094,177.7,2021-03-01,1.7,",,7",-3.3,",,7"
USC00111550,"CHICAGO NORTHERLY ISLAND, IL US",41.8558,-87.6094,177.7,2021-03-03,9.4,",,7",1.1,",,7"
USC00111550,"CHICAGO NORTHERLY ISLAND, IL US",41.8558,-87.6094,177.7,2021-03-04,1.7,",,7",-1.1,",,7"
USC00111550,"CHICAGO NORTHERLY ISLAND, IL US",41.8558,-87.6094,177.7,2021-03-05,5.6,",,7",-1.7,",,7"
USC00111550,"CHICAGO NORTHERLY ISLAND, IL US",41.8558,-87.6094,177.7,2021-03-06,4.4,",,7",-1.1,",,7"
USC00111550,"CHICAGO NORTHERLY ISLAND, IL US",41.8558,-87.6094,177.7,2021-03-07,8.9,",,7",-2.2,",,7"
USC00111550,"CHICAGO NORTHERLY ISLAND, IL US",41.8558,-87.6094,177.7,2021-03-08,17.2,",,7",6.1,",,7"
USC00111550,"CHICAGO NORTHERLY ISLAND, IL US",41.8558,-87.6094,177.7,2021-03-09,19.4,",,7",3.9,",,7"
USC00111550,"CHICAGO NORTHERLY ISLAND, IL US",41.8558,-87.6094,177.7,2021-03-10,19.4,",,7",13.3,",,7"
USC00111550,"CHICAGO NORTHERLY ISLAND, IL US",41.8558,-87.6094,177.7,2021-03-11,17.8,",,7",7.2,",,7"
USC00111550,"CHICAGO NORTHERLY ISLAND, IL US",41.8558,-87.6094,177.7,2021-03-12,8.3,",,7",1.7,",,7"
USC00111550,"CHICAGO NORTHERLY ISLAND, IL US",41.8558,-87.6094,177.7,2021-03-13,12.2,",,7",1.1,",,7"
USC00111550,"CHICAGO NORTHERLY ISLAND, IL US",41.8558,-87.6094,177.7,2021-03-14,10,",,7",2.2,",,7"
USC00111550,"CHICAGO NORTHERLY ISLAND, IL US",41.8558,-87.6094,177.7,2021-03-15,3.9,",,7",-1.7,",,7"
USC00111550,"CHICAGO NORTHERLY ISLAND, IL US",41.8558,-87.6094,177.7,2021-03-16,3.9,",,7",0.6,",,7"
USC00111550,"CHICAGO NORTHERLY ISLAND, IL US",41.8558,-87.6094,177.7,2021-03-17,3.3,",,7",0.6,",,7"
USC00111550,"CHICAGO NORTHERLY ISLAND, IL US",41.8558,-87.6094,177.7,2021-03-18,4.4,",,7",2.2,",,7"
USC00111550,"CHICAGO NORTHERLY ISLAND, IL US",41.8558,-87.6094,177.7,2021-03-19,5,",,7",1.1,",,7"
USC00111550,"CHICAGO NORTHERLY ISLAND, IL US",41.8558,-87.6094,177.7,2021-03-20,8.3,",,7",0,",,7"
USC00111550,"CHICAGO NORTHERLY ISLAND, IL US",41.8558,-87.6094,177.7,2021-03-21,18.3,",,7",4.4,",,7"
USC00111550,"CHICAGO NORTHERLY ISLAND, IL US",41.8558,-87.6094,177.7,2021-03-22,20,",,7",7.2,",,7"
USC00111550,"CHICAGO NORTHERLY ISLAND, IL US",41.8558,-87.6094,177.7,2021-03-23,11.7,",,7",6.7,",,7"
USC00111550,"CHICAGO NORTHERLY ISLAND, IL US",41.8558,-87.6094,177.7,2021-03-24,14.4,",,7",8.3,",,7"
USC00111550,"CHICAGO NORTHERLY ISLAND, IL US",41.8558,-87.6094,177.7,2021-03-25,8.3,",,7",2.8,",,7"
USC00111550,"CHICAGO NORTHERLY ISLAND, IL US",41.8558,-87.6094,177.7,2021-03-26,3.9,",,7",1.7,",,7"
USC00111550,"CHICAGO NORTHERLY ISLAND, IL US",41.8558,-87.6094,177.7,2021-03-27,17.2,",,7",3.3,",,7"
USC00111550,"CHICAGO NORTHERLY ISLAND, IL US",41.8558,-87.6094,177.7,2021-03-28,11.1,",,7",2.2,",,7"
USC00111550,"CHICAGO NORTHERLY ISLAND, IL US",41.8558,-87.6094,177.7,2021-03-29,15.6,",,7",1.1,",,7"
USC00111550,"CHICAGO NORTHERLY ISLAND, IL US",41.8558,-87.6094,177.7,2021-04-15,8.9,",,7",4.4,",,7"
USC00111550,"CHICAGO NORTHERLY ISLAND, IL US",41.8558,-87.6094,177.7,2021-04-16,7.8,",,7",3.9,",,7"
USC00111550,"CHICAGO NORTHERLY ISLAND, IL US",41.8558,-87.6094,177.7,2021-04-17,8.3,",,7",3.9,",,7"
USC00111550,"CHICAGO NORTHERLY ISLAND, IL US",41.8558,-87.6094,177.7,2021-04-18,15.6,",,7",6.1,",,7"
USC00111550,"CHICAGO NORTHERLY ISLAND, IL US",41.8558,-87.6094,177.7,2021-04-19,12.2,",,7",5.6,",,7"
USC00111550,"CHICAGO NORTHERLY ISLAND, IL US",41.8558,-87.6094,177.7,2021-04-20,5.6,",,7",1.1,",,7"
USC00111550,"CHICAGO NORTHERLY ISLAND, IL US",41.8558,-87.6094,177.7,2021-04-21,6.1,",,7",1.1,",,7"
USC00111550,"CHICAGO NORTHERLY ISLAND, IL US",41.8558,-87.6094,177.7,2021-04-24,13.9,",,7",5.6,",,7"
USC00111550,"CHICAGO NORTHERLY ISLAND, IL US",41.8558,-87.6094,177.7,2021-04-25,6.1,",,7",3.9,",,7"
USC00111550,"CHICAGO NORTHERLY ISLAND, IL US",41.8558,-87.6094,177.7,2021-04-26,25,",,7",4.4,",,7"
USC00111550,"CHICAGO NORTHERLY ISLAND, IL US",41.8558,-87.6094,177.7,2021-04-27,30,",,7",7.8,",,7"
USC00111550,"CHICAGO NORTHERLY ISLAND, IL US",41.8558,-87.6094,177.7,2021-04-28,7.8,",,7",5.6,",,7"
USC00111550,"CHICAGO NORTHERLY ISLAND, IL US",41.8558,-87.6094,177.7,2021-04-29,15,",,7",6.7,",,7"
USC00111550,"CHICAGO NORTHERLY ISLAND, IL US",41.8558,-87.6094,177.7,2021-04-30,12.8,",,7",5.6,",,7"
USC00111550,"CHICAGO NORTHERLY ISLAND, IL US",41.8558,-87.6094,177.7,2021-05-04,11.7,",,7",7.8,",,7"
USC00111550,"CHICAGO NORTHERLY ISLAND, IL US",41.8558,-87.6094,177.7,2021-05-05,11.1,",,7",6.1,",,7"
USC00111550,"CHICAGO NORTHERLY ISLAND, IL US",41.8558,-87.6094,177.7,2021-05-06,10,",,7",6.7,",,7"
USC00111550,"CHICAGO NORTHERLY ISLAND, IL US",41.8558,-87.6094,177.7,2021-05-07,13.3,",,7",5.6,",,7"
USC00111550,"CHICAGO NORTHERLY ISLAND, IL US",41.8558,-87.6094,177.7,2021-05-08,8.9,",,7",4.4,",,7"
USC00111550,"CHICAGO NORTHERLY ISLAND, IL US",41.8558,-87.6094,177.7,2021-05-09,11.1,",,7",4.4,",,7"
USC00111550,"CHICAGO NORTHERLY ISLAND, IL US",41.8558,-87.6094,177.7,2021-05-10,8.9,",,7",6.1,",,7"
USC00111550,"CHICAGO NORTHERLY ISLAND, IL US",41.8558,-87.6094,177.7,2021-05-11,9.4,",,7",5.6,",,7"
USC00111550,"CHICAGO NORTHERLY ISLAND, IL US",41.8558,-87.6094,177.7,2021-05-12,11.1,",,7",6.7,",,7"
USC00111550,"CHICAGO NORTHERLY ISLAND, IL US",41.8558,-87.6094,177.7,2021-05-13,15.6,",,7",8.3,",,7"
USC00111550,"CHICAGO NORTHERLY ISLAND, IL US",41.8558,-87.6094,177.7,2021-05-18,21.7,",,7",12.8,",,7"
USC00111550,"CHICAGO NORTHERLY ISLAND, IL US",41.8558,-87.6094,177.7,2021-05-19,22.8,",,7",15,",,7"
USC00111550,"CHICAGO NORTHERLY ISLAND, IL US",41.8558,-87.6094,177.7,2021-05-20,28.9,",,7",12.2,",,7"
USC00111550,"CHICAGO NORTHERLY ISLAND, IL US",41.8558,-87.6094,177.7,2021-05-21,28.9,",,7",17.8,",,7"
USC00111550,"CHICAGO NORTHERLY ISLAND, IL US",41.8558,-87.6094,177.7,2021-05-22,30,",,7",16.7,",,7"
USC00111550,"CHICAGO NORTHERLY ISLAND, IL US",41.8558,-87.6094,177.7,2021-05-23,26.1,",,7",12.2,",,7"
USC00111550,"CHICAGO NORTHERLY ISLAND, IL US",41.8558,-87.6094,177.7,2021-05-24,28.3,",,7",12.2,",,7"
USC00111550,"CHICAGO NORTHERLY ISLAND, IL US",41.8558,-87.6094,177.7,2021-05-25,29.4,",,7",21.7,",,7"
USC00111550,"CHICAGO NORTHERLY ISLAND, IL US",41.8558,-87.6094,177.7,2021-05-26,26.7,",,7",13.3,",,7"
USC00111550,"CHICAGO NORTHERLY ISLAND, IL US",41.8558,-87.6094,177.7,2021-06-05,31.7,",,7",21.1,",,7"
USC00111550,"CHICAGO NORTHERLY ISLAND, IL US",41.8558,-87.6094,177.7,2021-06-06,30,",,7",22.8,",,7"
USC00111550,"CHICAGO NORTHERLY ISLAND, IL US",41.8558,-87.6094,177.7,2021-06-07,26.1,",,7",18.3,",,7"
USC00111550,"CHICAGO NORTHERLY ISLAND, IL US",41.8558,-87.6094,177.7,2021-06-08,25,",,7",18.3,",,7"
USC00111550,"CHICAGO NORTHERLY ISLAND, IL US",41.8558,-87.6094,177.7,2021-06-09,25,",,7",20,",,7"
USC00111550,"CHICAGO NORTHERLY ISLAND, IL US",41.8558,-87.6094,177.7,2021-06-11,25.6,",,7",20,",,7"
USC00111550,"CHICAGO NORTHERLY ISLAND, IL US",41.8558,-87.6094,177.7,2021-06-12,25,",,7",20.6,",,7"
USC00111550,"CHICAGO NORTHERLY ISLAND, IL US",41.8558,-87.6094,177.7,2021-06-13,25.6,",,7",20.6,",,7"
USC00111550,"CHICAGO NORTHERLY ISLAND, IL US",41.8558,-87.6094,177.7,2021-06-14,23.9,",,7",19.4,",,7"
USC00111550,"CHICAGO NORTHERLY ISLAND, IL US",41.8558,-87.6094,177.7,2021-06-15,22.8,",,7",17.8,",,7"
USC00111550,"CHICAGO NORTHERLY ISLAND, IL US",41.8558,-87.6094,177.7,2021-06-16,21.1,",,7",16.1,",,7"
USC00111550,"CHICAGO NORTHERLY ISLAND, IL US",41.8558,-87.6094,177.7,2021-06-17,30.6,",,7",16.1,",,7"
USC00111550,"CHICAGO NORTHERLY ISLAND, IL US",41.8558,-87.6094,177.7,2021-06-18,27.8,",,7",18.3,",,7"
USC00111550,"CHICAGO NORTHERLY ISLAND, IL US",41.8558,-87.6094,177.7,2021-06-19,30,",,7",18.3,",,7"
USC00111550,"CHICAGO NORTHERLY ISLAND, IL US",41.8558,-87.6094,177.7,2021-06-20,27.8,",,7",18.3,",,7"
USC00111550,"CHICAGO NORTHERLY ISLAND, IL US",41.8558,-87.6094,177.7,2021-06-21,22.2,",,7",13.9,",,7"
USC00111550,"CHICAGO NORTHERLY ISLAND, IL US",41.8558,-87.6094,177.7,2021-06-22,22.2,",,7",13.9,",,7"
USC00111550,"CHICAGO NORTHERLY ISLAND, IL US",41.8558,-87.6094,177.7,2021-06-23,26.1,",,7",18.3,",,7"
USC00111550,"CHICAGO NORTHERLY ISLAND, IL US",41.8558,-87.6094,177.7,2021-06-24,23.9,",,7",19.4,",,7"
USC00111550,"CHICAGO NORTHERLY ISLAND, IL US",41.8558,-87.6094,177.7,2021-06-25,24.4,",,7",18.9,",,7"
USC00111550,"CHICAGO NORTHERLY ISLAND, IL US",41.8558,-87.6094,177.7,2021-06-26,26.7,",,7",21.1,",,7"
USC00111550,"CHICAGO NORTHERLY ISLAND, IL US",41.8558,-87.6094,177.7,2021-06-27,28.3,",,7",17.2,",,7"
USC00111550,"CHICAGO NORTHERLY ISLAND, IL US",41.8558,-87.6094,177.7,2021-06-28,23.9,",,7",17.2,",,7"
USC00111550,"CHICAGO NORTHERLY ISLAND, IL US",41.8558,-87.6094,177.7,2021-06-29,29.4,",,7",19.4,",,7"
USC00111550,"CHICAGO NORTHERLY ISLAND, IL US",41.8558,-87.6094,177.7,2021-06-30,25,",,7",20,",,7"
USC00111550,"CHICAGO NORTHERLY ISLAND, IL US",41.8558,-87.6094,177.7,2021-07-01,21.1,",,7",16.1,",,7"
USC00111550,"CHICAGO NORTHERLY ISLAND, IL US",41.8558,-87.6094,177.7,2021-07-02,20.6,",,7",16.1,",,7"
USC00111550,"CHICAGO NORTHERLY ISLAND, IL US",41.8558,-87.6094,177.7,2021-07-03,29.4,",,7",16.1,",,7"
USC00111550,"CHICAGO NORTHERLY ISLAND, IL US",41.8558,-87.6094,177.7,2021-07-05,32.2,",,7",23.3,",,7"
USC00111550,"CHICAGO NORTHERLY ISLAND, IL US",41.8558,-87.6094,177.7,2021-07-06,32.2,",,7",25,",,7"
USC00111550,"CHICAGO NORTHERLY ISLAND, IL US",41.8558,-87.6094,177.7,2021-07-07,31.1,",,7",18.9,",,7"
USC00111550,"CHICAGO NORTHERLY ISLAND, IL US",41.8558,-87.6094,177.7,2021-07-08,18.9,",,7",17.2,",,7"
USC00111550,"CHICAGO NORTHERLY ISLAND, IL US",41.8558,-87.6094,177.7,2021-07-09,21.1,",,7",16.7,",,7"
USC00111550,"CHICAGO NORTHERLY ISLAND, IL US",41.8558,-87.6094,177.7,2021-07-11,20,",,7",18.3,",,7"
USC00111550,"CHICAGO NORTHERLY ISLAND, IL US",41.8558,-87.6094,177.7,2021-07-12,22.2,",,7",18.3,",,7"
USC00111550,"CHICAGO NORTHERLY ISLAND, IL US",41.8558,-87.6094,177.7,2021-07-13,26.1,",,7",20,",,7"
USC00111550,"CHICAGO NORTHERLY ISLAND, IL US",41.8558,-87.6094,177.7,2021-07-14,28.3,",,7",21.1,",,7"
USC00111550,"CHICAGO NORTHERLY ISLAND, IL US",41.8558,-87.6094,177.7,2021-07-15,26.1,",,7",18.9,",,7"
USC00111550,"CHICAGO NORTHERLY ISLAND, IL US",41.8558,-87.6094,177.7,2021-07-17,22.2,",,7",19.4,",,7"
USC00111550,"CHICAGO NORTHERLY ISLAND, IL US",41.8558,-87.6094,177.7,2021-07-18,24.4,",,7",19.4,",,7"
USC00111550,"CHICAGO NORTHERLY ISLAND, IL US",41.8558,-87.6094,177.7,2021-07-19,23.9,",,7",19.4,",,7"
USC00111550,"CHICAGO NORTHERLY ISLAND, IL US",41.8558,-87.6094,177.7,2021-07-20,28.3,",,7",19.4,",,7"
USC00111550,"CHICAGO NORTHERLY ISLAND, IL US",41.8558,-87.6094,177.7,2021-07-21,22.8,",,7",18.3,",,7"
USC00111550,"CHICAGO NORTHERLY ISLAND, IL US",41.8558,-87.6094,177.7,2021-07-22,25.6,",,7",18.9,",,7"
USC00111550,"CHICAGO NORTHERLY ISLAND, IL US",41.8558,-87.6094,177.7,2021-07-23,31.7,",,7",23.3,",,7"
USC00111550,"CHICAGO NORTHERLY ISLAND, IL US",41.8558,-87.6094,177.7,2021-07-24,33.3,",,7",23.9,",,7"
USC00111550,"CHICAGO NORTHERLY ISLAND, IL US",41.8558,-87.6094,177.7,2021-07-25,28.3,",,7",22.8,",,7"
USC00111550,"CHICAGO NORTHERLY ISLAND, IL US",41.8558,-87.6094,177.7,2021-07-26,28.9,",,7",22.2,",,7"
USC00111550,"CHICAGO NORTHERLY ISLAND, IL US",41.8558,-87.6094,177.7,2021-07-27,30.6,",,7",23.9,",,7"
USC00111550,"CHICAGO NORTHERLY ISLAND, IL US",41.8558,-87.6094,177.7,2021-07-28,31.7,",,7",22.8,",,7"
USC00111550,"CHICAGO NORTHERLY ISLAND, IL US",41.8558,-87.6094,177.7,2021-07-29,30,",,7",21.1,",,7"
USC00111550,"CHICAGO NORTHERLY ISLAND, IL US",41.8558,-87.6094,177.7,2021-07-30,22.8,",,7",18.3,",,7"
USC00111550,"CHICAGO NORTHERLY ISLAND, IL US",41.8558,-87.6094,177.7,2021-07-31,24.4,",,7",17.8,",,7"
USC00111550,"CHICAGO NORTHERLY ISLAND, IL US",41.8558,-87.6094,177.7,2021-08-01,23.3,",,7",18.9,",,7"
USC00111550,"CHICAGO NORTHERLY ISLAND, IL US",41.8558,-87.6094,177.7,2021-08-02,25,",,7",18.3,",,7"
USC00111550,"CHICAGO NORTHERLY ISLAND, IL US",41.8558,-87.6094,177.7,2021-08-03,25.6,",,7",19.4,",,7"
USC00111550,"CHICAGO NORTHERLY ISLAND, IL US",41.8558,-87.6094,177.7,2021-08-04,25.6,",,7",18.9,",,7"
USC00111550,"CHICAGO NORTHERLY ISLAND, IL US",41.8558,-87.6094,177.7,2021-08-05,30.6,",,7",21.1,",,7"
USC00111550,"CHICAGO NORTHERLY ISLAND, IL US",41.8558,-87.6094,177.7,2021-08-06,28.3,",,7",19.4,",,7"
USC00111550,"CHICAGO NORTHERLY ISLAND, IL US",41.8558,-87.6094,177.7,2021-08-07,31.7,",,7",20,",,7"
USC00111550,"CHICAGO NORTHERLY ISLAND, IL US",41.8558,-87.6094,177.7,2021-08-08,32.8,",,7",22.2,",,7"
USC00111550,"CHICAGO NORTHERLY ISLAND, IL US",41.8558,-87.6094,177.7,2021-08-09,27.8,",,7",22.2,",,7"
USC00111550,"CHICAGO NORTHERLY ISLAND, IL US",41.8558,-87.6094,177.7,2021-08-10,33.9,",,7",21.1,",,7"
USC00111550,"CHICAGO NORTHERLY ISLAND, IL US",41.8558,-87.6094,177.7,2021-08-11,31.1,",,7",22.8,",,7"
USC00111550,"CHICAGO NORTHERLY ISLAND, IL US",41.8558,-87.6094,177.7,2021-08-12,29.4,",,7",23.3,",,7"
USC00111550,"CHICAGO NORTHERLY ISLAND, IL US",41.8558,-87.6094,177.7,2021-08-13,24.4,",,7",21.1,",,7"
USC00111550,"CHICAGO NORTHERLY ISLAND, IL US",41.8558,-87.6094,177.7,2021-08-14,25,",,7",20.6,",,7"
USC00111550,"CHICAGO NORTHERLY ISLAND, IL US",41.8558,-87.6094,177.7,2021-08-15,25,",,7",20,",,7"
USC00111550,"CHICAGO NORTHERLY ISLAND, IL US",41.8558,-87.6094,177.7,2021-08-16,24.4,",,7",16.7,",,7"
USC00111550,"CHICAGO NORTHERLY ISLAND, IL US",41.8558,-87.6094,177.7,2021-08-17,26.1,",,7",20,",,7"
USC00111550,"CHICAGO NORTHERLY ISLAND, IL US",41.8558,-87.6094,177.7,2021-08-18,27.8,",,7",22.2,",,7"
USC00111550,"CHICAGO NORTHERLY ISLAND, IL US",41.8558,-87.6094,177.7,2021-08-19,27.8,",,7",22.8,",,7"
USC00111550,"CHICAGO NORTHERLY ISLAND, IL US",41.8558,-87.6094,177.7,2021-08-20,27.8,",,7",22.8,",,7"
USC00111550,"CHICAGO NORTHERLY ISLAND, IL US",41.8558,-87.6094,177.7,2021-08-21,31.7,",,7",23.3,",,7"
USC00111550,"CHICAGO NORTHERLY ISLAND, IL US",41.8558,-87.6094,177.7,2021-08-22,25.6,",,7",21.7,",,7"
USC00111550,"CHICAGO NORTHERLY ISLAND, IL US",41.8558,-87.6094,177.7,2021-08-23,31.1,",,7",20.6,",,7"
USC00111550,"CHICAGO NORTHERLY ISLAND, IL US",41.8558,-87.6094,177.7,2021-08-24,34.4,",,7",21.1,",,7"
USC00111550,"CHICAGO NORTHERLY ISLAND, IL US",41.8558,-87.6094,177.7,2021-08-25,32.8,",,7",22.2,",,7"
USC00111550,"CHICAGO NORTHERLY ISLAND, IL US",41.8558,-87.6094,177.7,2021-08-26,27.8,",,7",22.2,",,7"
USC00111550,"CHICAGO NORTHERLY ISLAND, IL US",41.8558,-87.6094,177.7,2021-08-27,29.4,",,7",22.8,",,7"
USC00111550,"CHICAGO NORTHERLY ISLAND, IL US",41.8558,-87.6094,177.7,2021-08-28,33.3,",,7",24.4,",,7"
USC00111550,"CHICAGO NORTHERLY ISLAND, IL US",41.8558,-87.6094,177.7,2021-08-29,31.7,",,7",25,",,7"
USC00111550,"CHICAGO NORTHERLY ISLAND, IL US",41.8558,-87.6094,177.7,2021-08-30,26.1,",,7",21.7,",,7"
USC00111550,"CHICAGO NORTHERLY ISLAND, IL US",41.8558,-87.6094,177.7,2021-08-31,26.1,",,7",20.6,",,7"
USC00111550,"CHICAGO NORTHERLY ISLAND, IL US",41.8558,-87.6094,177.7,2021-09-01,24.4,",,7",20.6,",,7"
USC00111550,"CHICAGO NORTHERLY ISLAND, IL US",41.8558,-87.6094,177.7,2021-09-02,23.3,",,7",13.3,",,7"
USC00111550,"CHICAGO NORTHERLY ISLAND, IL US",41.8558,-87.6094,177.7,2021-09-03,25,",,7",18.9,",,7"
USC00111550,"CHICAGO NORTHERLY ISLAND, IL US",41.8558,-87.6094,177.7,2021-09-04,23.3,",,7",17.8,",,7"
USC00111550,"CHICAGO NORTHERLY ISLAND, IL US",41.8558,-87.6094,177.7,2021-09-05,27.8,",,7",17.2,",,7"
USC00111550,"CHICAGO NORTHERLY ISLAND, IL US",41.8558,-87.6094,177.7,2021-09-06,23.3,",,7",18.3,",,7"
USC00111550,"CHICAGO NORTHERLY ISLAND, IL US",41.8558,-87.6094,177.7,2021-09-07,30.6,",,7",20,",,7"
USC00111550,"CHICAGO NORTHERLY ISLAND, IL US",41.8558,-87.6094,177.7,2021-09-08,26.1,",,7",17.8,",,7"
USC00111550,"CHICAGO NORTHERLY ISLAND, IL US",41.8558,-87.6094,177.7,2021-09-09,22.2,",,7",16.1,",,7"
USC00111550,"CHICAGO NORTHERLY ISLAND, IL US",41.8558,-87.6094,177.7,2021-09-10,26.7,",,7",17.2,",,7"
USC00111550,"CHICAGO NORTHERLY ISLAND, IL US",41.8558,-87.6094,177.7,2021-09-11,30,",,7",18.9,",,7"
USC00111550,"CHICAGO NORTHERLY ISLAND, IL US",41.8558,-87.6094,177.7,2021-09-12,30.6,",,7",20.6,",,7"
USC00111550,"CHICAGO NORTHERLY ISLAND, IL US",41.8558,-87.6094,177.7,2021-09-13,27.8,",,7",20,",,7"
USC00111550,"CHICAGO NORTHERLY ISLAND, IL US",41.8558,-87.6094,177.7,2021-09-14,29.4,",,7",20,",,7"
USC00111550,"CHICAGO NORTHERLY ISLAND, IL US",41.8558,-87.6094,177.7,2021-09-15,23.3,",,7",18.3,",,7"
USC00111550,"CHICAGO NORTHERLY ISLAND, IL US",41.8558,-87.6094,177.7,2021-09-16,24.4,",,7",17.8,",,7"
USC00111550,"CHICAGO NORTHERLY ISLAND, IL US",41.8558,-87.6094,177.7,2021-09-17,31.1,",,7",19.4,",,7"
USC00111550,"CHICAGO NORTHERLY ISLAND, IL US",41.8558,-87.6094,177.7,2021-09-18,23.9,",,7",20,",,7"
USC00111550,"CHICAGO NORTHERLY ISLAND, IL US",41.8558,-87.6094,177.7,2021-09-19,26.1,",,7",20,",,7"
USC00111550,"CHICAGO NORTHERLY ISLAND, IL US",41.8558,-87.6094,177.7,2021-09-20,27.8,",,7",21.1,",,7"
USC00111550,"CHICAGO NORTHERLY ISLAND, IL US",41.8558,-87.6094,177.7,2021-09-21,23.3,",,7",16.7,",,7"
USC00111550,"CHICAGO NORTHERLY ISLAND, IL US",41.8558,-87.6094,177.7,2021-09-22,17.8,",,7",13.9,",,7"
USC00111550,"CHICAGO NORTHERLY ISLAND, IL US",41.8558,-87.6094,177.7,2021-09-23,19.4,",,7",12.2,",,7"
USC00111550,"CHICAGO NORTHERLY ISLAND, IL US",41.8558,-87.6094,177.7,2021-09-24,26.1,",,7",13.3,",,7"
USC00111550,"CHICAGO NORTHERLY ISLAND, IL US",41.8558,-87.6094,177.7,2021-09-25,21.1,",,7",11.7,",,7"
USC00111550,"CHICAGO NORTHERLY ISLAND, IL US",41.8558,-87.6094,177.7,2021-09-26,27.8,",,7",14.4,",,7"
USC00111550,"CHICAGO NORTHERLY ISLAND, IL US",41.8558,-87.6094,177.7,2021-09-27,29.4,",,7",17.2,",,7"
USC00111550,"CHICAGO NORTHERLY ISLAND, IL US",41.8558,-87.6094,177.7,2021-09-28,20.6,",,7",16.7,",,7"
USC00111550,"CHICAGO NORTHERLY ISLAND, IL US",41.8558,-87.6094,177.7,2021-09-29,22.2,",,7",15.6,",,7"
USC00111550,"CHICAGO NORTHERLY ISLAND, IL US",41.8558,-87.6094,177.7,2021-09-30,22.2,",,7",15.6,",,7"
USC00111550,"CHICAGO NORTHERLY ISLAND, IL US",41.8558,-87.6094,177.7,2021-10-01,25,",,7",16.1,",,7"
USC00111550,"CHICAGO NORTHERLY ISLAND, IL US",41.8558,-87.6094,177.7,2021-10-02,26.7,",,7",20,",,7"
USC00111550,"CHICAGO NORTHERLY ISLAND, IL US",41.8558,-87.6094,177.7,2021-10-03,22.8,",,7",18.3,",,7"
USC00111550,"CHICAGO NORTHERLY ISLAND, IL US",41.8558,-87.6094,177.7,2021-10-04,20.6,",,7",17.8,",,7"
USC00111550,"CHICAGO NORTHERLY ISLAND, IL US",41.8558,-87.6094,177.7,2021-10-05,19.4,",,7",17.8,",,7"
USC00111550,"CHICAGO NORTHERLY ISLAND, IL US",41.8558,-87.6094,177.7,2021-10-06,18.9,",,7",17.8,",,7"
USC00111550,"CHICAGO NORTHERLY ISLAND, IL US",41.8558,-87.6094,177.7,2021-10-07,21.7,",,7",18.3,",,7"
USC00111550,"CHICAGO NORTHERLY ISLAND, IL US",41.8558,-87.6094,177.7,2021-10-08,22.2,",,7",17.2,",,7"
USC00111550,"CHICAGO NORTHERLY ISLAND, IL US",41.8558,-87.6094,177.7,2021-10-09,23.3,",,7",17.8,",,7"
USC00111550,"CHICAGO NORTHERLY ISLAND, IL US",41.8558,-87.6094,177.7,2021-10-10,27.8,",,7",20,",,7"
USC00111550,"CHICAGO NORTHERLY ISLAND, IL US",41.8558,-87.6094,177.7,2021-10-11,26.1,",,7",16.1,",,7"
USC00111550,"CHICAGO NORTHERLY ISLAND, IL US",41.8558,-87.6094,177.7,2021-10-12,18.3,",,7",15,",,7"
USC00111550,"CHICAGO NORTHERLY ISLAND, IL US",41.8558,-87.6094,177.7,2021-10-13,21.1,",,7",13.9,",,7"
USC00111550,"CHICAGO NORTHERLY ISLAND, IL US",41.8558,-87.6094,177.7,2021-10-14,21.1,",,7",15.6,",,7"
USC00111550,"CHICAGO NORTHERLY ISLAND, IL US",41.8558,-87.6094,177.7,2021-10-15,17.8,",,7",12.2,",,7"
USC00111550,"CHICAGO NORTHERLY ISLAND, IL US",41.8558,-87.6094,177.7,2021-10-16,15,",,7",7.8,",,7"
USC00111550,"CHICAGO NORTHERLY ISLAND, IL US",41.8558,-87.6094,177.7,2021-10-17,19.4,",,7",7.8,",,7"
USC00111550,"CHICAGO NORTHERLY ISLAND, IL US",41.8558,-87.6094,177.7,2021-10-18,22.2,",,7",10.6,",,7"
USC00111550,"CHICAGO NORTHERLY ISLAND, IL US",41.8558,-87.6094,177.7,2021-10-19,22.2,",,7",12.2,",,7"
USC00111550,"CHICAGO NORTHERLY ISLAND, IL US",41.8558,-87.6094,177.7,2021-10-20,22.2,",,7",12.8,",,7"
USC00111550,"CHICAGO NORTHERLY ISLAND, IL US",41.8558,-87.6094,177.7,2021-10-21,18.9,",,7",9.4,",,7"
USC00111550,"CHICAGO NORTHERLY ISLAND, IL US",41.8558,-87.6094,177.7,2021-10-22,12.8,",,7",8.3,",,7"
USC00111550,"CHICAGO NORTHERLY ISLAND, IL US",41.8558,-87.6094,177.7,2021-10-23,11.7,",,7",7.8,",,7"
USC00111550,"CHICAGO NORTHERLY ISLAND, IL US",41.8558,-87.6094,177.7,2021-10-24,11.1,",,7",9.4,",,7"
USC00111550,"CHICAGO NORTHERLY ISLAND, IL US",41.8558,-87.6094,177.7,2021-10-25,11.7,",,7",9.4,",,7"
USC00111550,"CHICAGO NORTHERLY ISLAND, IL US",41.8558,-87.6094,177.7,2021-10-26,13.3,",,7",9.4,",,7"
USC00111550,"CHICAGO NORTHERLY ISLAND, IL US",41.8558,-87.6094,177.7,2021-10-27,12.2,",,7",6.7,",,7"
USC00111550,"CHICAGO NORTHERLY ISLAND, IL US",41.8558,-87.6094,177.7,2021-10-28,13.3,",,7",9.4,",,7"
USC00111550,"CHICAGO NORTHERLY ISLAND, IL US",41.8558,-87.6094,177.7,2021-10-29,13.3,",,7",11.7,",,7"
USC00111550,"CHICAGO NORTHERLY ISLAND, IL US",41.8558,-87.6094,177.7,2021-10-30,14.4,",,7",10,",,7"
USC00111550,"CHICAGO NORTHERLY ISLAND, IL US",41.8558,-87.6094,177.7,2021-10-31,12.2,",,7",5.6,",,7"
USC00111550,"CHICAGO NORTHERLY ISLAND, IL US",41.8558,-87.6094,177.7,2021-11-01,8.9,",,7",3.3,",,7"
USC00111550,"CHICAGO NORTHERLY ISLAND, IL US",41.8558,-87.6094,177.7,2021-11-02,7.8,",,7",1.7,",,7"
USC00111550,"CHICAGO NORTHERLY ISLAND, IL US",41.8558,-87.6094,177.7,2021-11-03,6.7,",,7",2.2,",,7"
USC00111550,"CHICAGO NORTHERLY ISLAND, IL US",41.8558,-87.6094,177.7,2021-11-04,8.9,",,7",2.2,",,7"
USC00111550,"CHICAGO NORTHERLY ISLAND, IL US",41.8558,-87.6094,177.7,2021-11-05,11.1,",,7",2.8,",,7"
USC00111550,"CHICAGO NORTHERLY ISLAND, IL US",41.8558,-87.6094,177.7,2021-11-06,15,",,7",3.9,",,7"
USC00111550,"CHICAGO NORTHERLY ISLAND, IL US",41.8558,-87.6094,177.7,2021-11-07,18.3,",,7",6.7,",,7"
USC00111550,"CHICAGO NORTHERLY ISLAND, IL US",41.8558,-87.6094,177.7,2021-11-08,18.3,",,7",9.4,",,7"
USC00111550,"CHICAGO NORTHERLY ISLAND, IL US",41.8558,-87.6094,177.7,2021-11-09,14.4,",,7",9.4,",,7"
USC00111550,"CHICAGO NORTHERLY ISLAND, IL US",41.8558,-87.6094,177.7,2021-11-10,12.2,",,7",8.9,",,7"
USC00111550,"CHICAGO NORTHERLY ISLAND, IL US",41.8558,-87.6094,177.7,2021-11-11,13.9,",,7",6.1,",,7"
USC00111550,"CHICAGO NORTHERLY ISLAND, IL US",41.8558,-87.6094,177.7,2021-11-12,6.7,",,7",1.7,",,7"
USC00111550,"CHICAGO NORTHERLY ISLAND, IL US",41.8558,-87.6094,177.7,2021-11-13,5,",,7",0.6,",,7"
USC00111550,"CHICAGO NORTHERLY ISLAND, IL US",41.8558,-87.6094,177.7,2021-11-14,3.3,",,7",0.6,",,7"
USC00111550,"CHICAGO NORTHERLY ISLAND, IL US",41.8558,-87.6094,177.7,2021-11-15,2.8,",,7",0,",,7"
USC00111550,"CHICAGO NORTHERLY ISLAND, IL US",41.8558,-87.6094,177.7,2021-11-16,13.9,",,7",1.7,",,7"
USC00111550,"CHICAGO NORTHERLY ISLAND, IL US",41.8558,-87.6094,177.7,2021-11-17,16.1,",,7",5,",,7"
USC00111550,"CHICAGO NORTHERLY ISLAND, IL US",41.8558,-87.6094,177.7,2021-11-18,5.6,",,7",0.6,",,7"
USC00111550,"CHICAGO NORTHERLY ISLAND, IL US",41.8558,-87.6094,177.7,2021-11-19,4.4,",,7",-1.7,",,7"
USC00111550,"CHICAGO NORTHERLY ISLAND, IL US",41.8558,-87.6094,177.7,2021-11-20,9.4,",,7",2.2,",,7"
USC00111550,"CHICAGO NORTHERLY ISLAND, IL US",41.8558,-87.6094,177.7,2021-11-21,12.2,",,7",0,",,7"
USC00111550,"CHICAGO NORTHERLY ISLAND, IL US",41.8558,-87.6094,177.7,2021-11-22,2.8,",,7",-3.3,",,7"
USC00111550,"CHICAGO NORTHERLY ISLAND, IL US",41.8558,-87.6094,177.7,2021-11-23,6.1,",,7",-2.2,",,7"
USC00111550,"CHICAGO NORTHERLY ISLAND, IL US",41.8558,-87.6094,177.7,2021-11-24,11.1,",,7",2.8,",,7"
USC00111550,"CHICAGO NORTHERLY ISLAND, IL US",41.8558,-87.6094,177.7,2021-11-25,8.9,",,7",-3.9,",,7"
USC00111550,"CHICAGO NORTHERLY ISLAND, IL US",41.8558,-87.6094,177.7,2021-11-26,-0.6,",,7",-6.7,",,7"
USC00111550,"CHICAGO NORTHERLY ISLAND, IL US",41.8558,-87.6094,177.7,2021-11-27,5,",,7",-1.7,",,7"
USC00111550,"CHICAGO NORTHERLY ISLAND, IL US",41.8558,-87.6094,177.7,2021-11-28,4.4,",,7",-0.6,",,7"
USC00111550,"CHICAGO NORTHERLY ISLAND, IL US",41.8558,-87.6094,177.7,2021-11-29,4.4,",,7",-1.7,",,7"
USC00111550,"CHICAGO NORTHERLY ISLAND, IL US",41.8558,-87.6094,177.7,2021-11-30,11.1,",,7",2.2,",,7"
USC00111550,"CHICAGO NORTHERLY ISLAND, IL US",41.8558,-87.6094,177.7,2021-12-01,8.9,",,7",3.3,",,7"
USC00111550,"CHICAGO NORTHERLY ISLAND, IL US",41.8558,-87.6094,177.7,2021-12-02,13.9,",,7",5.6,",,7"
USC00111550,"CHICAGO NORTHERLY ISLAND, IL US",41.8558,-87.6094,177.7,2021-12-03,8.3,",,7",3.9,",,7"
USC00111550,"CHICAGO NORTHERLY ISLAND, IL US",41.8558,-87.6094,177.7,2021-12-04,6.1,",,7",0.6,",,7"
USC00111550,"CHICAGO NORTHERLY ISLAND, IL US",41.8558,-87.6094,177.7,2021-12-05,5.6,",,7",1.1,",,7"
USC00111550,"CHICAGO NORTHERLY ISLAND, IL US",41.8558,-87.6094,177.7,2021-12-06,3.9,",,7",-8.9,",,7"
USC00111550,"CHICAGO NORTHERLY ISLAND, IL US",41.8558,-87.6094,177.7,2021-12-07,-3.9,",,7",-10.6,",,7"
USC00111550,"CHICAGO NORTHERLY ISLAND, IL US",41.8558,-87.6094,177.7,2021-12-08,1.7,",,7",-5,",,7"
USC00111550,"CHICAGO NORTHERLY ISLAND, IL US",41.8558,-87.6094,177.7,2021-12-09,7.8,",,7",-1.7,",,7"
USC00111550,"CHICAGO NORTHERLY ISLAND, IL US",41.8558,-87.6094,177.7,2021-12-10,15.6,",,7",2.8,",,7"
USC00111550,"CHICAGO NORTHERLY ISLAND, IL US",41.8558,-87.6094,177.7,2021-12-11,15,",,7",0.6,",,7"
USC00111550,"CHICAGO NORTHERLY ISLAND, IL US",41.8558,-87.6094,177.7,2021-12-12,9.4,",,7",0.6,",,7"
USC00111550,"CHICAGO NORTHERLY ISLAND, IL US",41.8558,-87.6094,177.7,2021-12-13,9.4,",,7",1.1,",,7"
USC00111550,"CHICAGO NORTHERLY ISLAND, IL US",41.8558,-87.6094,177.7,2021-12-14,11.1,",,7",1.1,",,7"
USC00111550,"CHICAGO NORTHERLY ISLAND, IL US",41.8558,-87.6094,177.7,2021-12-15,17.2,",,7",8.9,",,7"
USC00111550,"CHICAGO NORTHERLY ISLAND, IL US",41.8558,-87.6094,177.7,2021-12-16,17.8,",,7",0.6,",,7"
USC00111550,"CHICAGO NORTHERLY ISLAND, IL US",41.8558,-87.6094,177.7,2021-12-17,4.4,",,7",-1.7,",,7"
USC00111550,"CHICAGO NORTHERLY ISLAND, IL US",41.8558,-87.6094,177.7,2021-12-18,4.4,",,7",-0.6,",,7"
USC00111550,"CHICAGO NORTHERLY ISLAND, IL US",41.8558,-87.6094,177.7,2021-12-19,3.3,",,7",-1.1,",,7"
USC00111550,"CHICAGO NORTHERLY ISLAND, IL US",41.8558,-87.6094,177.7,2021-12-20,6.1,",,7",-1.1,",,7"
USC00111550,"CHICAGO NORTHERLY ISLAND, IL US",41.8558,-87.6094,177.7,2021-12-21,5,",,7",-2.2,",,7"
USC00111550,"CHICAGO NORTHERLY ISLAND, IL US",41.8558,-87.6094,177.7,2021-12-22,-0.6,",,7",-6.7,",,7"
USC00111550,"CHICAGO NORTHERLY ISLAND, IL US",41.8558,-87.6094,177.7,2021-12-23,6.7,",,7",-2.2,",,7"
USC00111550,"CHICAGO NORTHERLY ISLAND, IL US",41.8558,-87.6094,177.7,2021-12-24,13.3,",,7",2.2,",,7"
USC00111550,"CHICAGO NORTHERLY ISLAND, IL US",41.8558,-87.6094,177.7,2021-12-25,12.8,",,7",2.2,",,7"
USC00111550,"CHICAGO NORTHERLY ISLAND, IL US",41.8558,-87.6094,177.7,2021-12-26,5,",,7",0.6,",,7"
USC00111550,"CHICAGO NORTHERLY ISLAND, IL US",41.8558,-87.6094,177.7,2021-12-27,7.2,",,7",0.6,",,7"
USC00111550,"CHICAGO NORTHERLY ISLAND, IL US",41.8558,-87.6094,177.7,2021-12-28,2.8,",,7",-1.1,",,7"
USC00111550,"CHICAGO NORTHERLY ISLAND, IL US",41.8558,-87.6094,177.7,2021-12-29,3.3,",,7",-1.1,",,7"
USC00111550,"CHICAGO NORTHERLY ISLAND, IL US",41.8558,-87.6094,177.7,2021-12-30,2.8,",,7",-1.1,",,7"
USC00111550,"CHICAGO NORTHERLY ISLAND, IL US",41.8558,-87.6094,177.7,2021-12-31,5,",,7",0,",,7"
USW00094846,"CHICAGO OHARE INTERNATIONAL AIRPORT, IL US",41.96017,-87.93164,204.8,2021-01-01,1.7,",,W",-7.1,",,W"
USW00094846,"CHICAGO OHARE INTERNATIONAL AIRPORT, IL US",41.96017,-87.93164,204.8,2021-01-02,1.7,",,W",-2.1,",,W"
USW00094846,"CHICAGO OHARE INTERNATIONAL AIRPORT, IL US",41.96017,-87.93164,204.8,2021-01-03,0.6,",,W",-3.2,",,W"
USW00094846,"CHICAGO OHARE INTERNATIONAL AIRPORT, IL US",41.96017,-87.93164,204.8,2021-01-04,-1,",,W",-4.3,",,W"
USW00094846,"CHICAGO OHARE INTERNATIONAL AIRPORT, IL US",41.96017,-87.93164,204.8,2021-01-05,2.8,",,W",-1.6,",,W"
USW00094846,"CHICAGO OHARE INTERNATIONAL AIRPORT, IL US",41.96017,-87.93164,204.8,2021-01-06,3.9,",,W",-0.5,",,W"
USW00094846,"CHICAGO OHARE INTERNATIONAL AIRPORT, IL US",41.96017,-87.93164,204.8,2021-01-07,3.3,",,W",0.6,",,W"
USW00094846,"CHICAGO OHARE INTERNATIONAL AIRPORT, IL US",41.96017,-87.93164,204.8,2021-01-08,2.2,",,W",-1,",,W"
USW00094846,"CHICAGO OHARE INTERNATIONAL AIRPORT, IL US",41.96017,-87.93164,204.8,2021-01-09,2.8,",,W",-2.1,",,W"
USW00094846,"CHICAGO OHARE INTERNATIONAL AIRPORT, IL US",41.96017,-87.93164,204.8,2021-01-10,-1.6,",,W",-4.3,",,W"
USW00094846,"CHICAGO OHARE INTERNATIONAL AIRPORT, IL US",41.96017,-87.93164,204.8,2021-01-11,-1,",,W",-5.5,",,W"
USW00094846,"CHICAGO OHARE INTERNATIONAL AIRPORT, IL US",41.96017,-87.93164,204.8,2021-01-12,2.8,",,W",-2.7,",,W"
USW00094846,"CHICAGO OHARE INTERNATIONAL AIRPORT, IL US",41.96017,-87.93164,204.8,2021-01-13,5,",,W",-0.5,",,W"
USW00094846,"CHICAGO OHARE INTERNATIONAL AIRPORT, IL US",41.96017,-87.93164,204.8,2021-01-14,4.4,",,W",0,",,W"
USW00094846,"CHICAGO OHARE INTERNATIONAL AIRPORT, IL US",41.96017,-87.93164,204.8,2021-01-15,3.9,",,W",-1,",,W"
USW00094846,"CHICAGO OHARE INTERNATIONAL AIRPORT, IL US",41.96017,-87.93164,204.8,2021-01-16,2.2,",,W",-1,",,W"
USW00094846,"CHICAGO OHARE INTERNATIONAL AIRPORT, IL US",41.96017,-87.93164,204.8,2021-01-17,1.1,",,W",-2.7,",,W"
USW00094846,"CHICAGO OHARE INTERNATIONAL AIRPORT, IL US",41.96017,-87.93164,204.8,2021-01-18,-1,",,W",-4.9,",,W"
USW00094846,"CHICAGO OHARE INTERNATIONAL AIRPORT, IL US",41.96017,-87.93164,204.8,2021-01-19,0,",,W",-6.6,",,W"
USW00094846,"CHICAGO OHARE INTERNATIONAL AIRPORT, IL US",41.96017,-87.93164,204.8,2021-01-20,1.1,",,W",-10.5,",,W"
USW00094846,"CHICAGO OHARE INTERNATIONAL AIRPORT, IL US",41.96017,-87.93164,204.8,2021-01-21,3.9,",,W",-1,",,W"
USW00094846,"CHICAGO OHARE INTERNATIONAL AIRPORT, IL US",41.96017,-87.93164,204.8,2021-01-22,-1,",,W",-11,",,W"
USW00094846,"CHICAGO OHARE INTERNATIONAL AIRPORT, IL US",41.96017,-87.93164,204.8,2021-01-23,-1,",,W",-12.1,",,W"
USW00094846,"CHICAGO OHARE INTERNATIONAL AIRPORT, IL US",41.96017,-87.93164,204.8,2021-01-24,1.1,",,W",-2.7,",,W"
USW00094846,"CHICAGO OHARE INTERNATIONAL AIRPORT, IL US",41.96017,-87.93164,204.8,2021-01-25,1.1,",,W",-2.1,",,W"
USW00094846,"CHICAGO OHARE INTERNATIONAL AIRPORT, IL US",41.96017,-87.93164,204.8,2021-01-26,0,",,W",-3.8,",,W"
USW00094846,"CHICAGO OHARE INTERNATIONAL AIRPORT, IL US",41.96017,-87.93164,204.8,2021-01-27,-2.7,",,W",-9.9,",,W"
USW00094846,"CHICAGO OHARE INTERNATIONAL AIRPORT, IL US",41.96017,-87.93164,204.8,2021-01-28,-3.2,",,W",-13.2,",,W"
USW00094846,"CHICAGO OHARE INTERNATIONAL AIRPORT, IL US",41.96017,-87.93164,204.8,2021-01-29,0,",,W",-8.8,",,W"
USW00094846,"CHICAGO OHARE INTERNATIONAL AIRPORT, IL US",41.96017,-87.93164,204.8,2021-01-30,1.1,",,W",-1.6,",,W"
USW00094846,"CHICAGO OHARE INTERNATIONAL AIRPORT, IL US",41.96017,-87.93164,204.8,2021-01-31,0,",,W",-1,",,W"
USW00094846,"CHICAGO OHARE INTERNATIONAL AIRPORT, IL US",41.96017,-87.93164,204.8,2021-02-01,0.6,",,W",-5.5,",,W"
USW00094846,"CHICAGO OHARE INTERNATIONAL AIRPORT, IL US",41.96017,-87.93164,204.8,2021-02-02,0.6,",,W",-6,",,W"
USW00094846,"CHICAGO OHARE INTERNATIONAL AIRPORT, IL US",41.96017,-87.93164,204.8,2021-02-03,2.2,",,W",-8.2,",,W"
USW00094846,"CHICAGO OHARE INTERNATIONAL AIRPORT, IL US",41.96017,-87.93164,204.8,2021-02-04,3.9,",,W",-7.1,",,W"
USW00094846,"CHICAGO OHARE INTERNATIONAL AIRPORT, IL US",41.96017,-87.93164,204.8,2021-02-05,-7.1,",,W",-13.2,",,W"
USW00094846,"CHICAGO OHARE INTERNATIONAL AIRPORT, IL US",41.96017,-87.93164,204.8,2021-02-06,-11,",,W",-16.6,",,W"
USW00094846,"CHICAGO OHARE INTERNATIONAL AIRPORT, IL US",41.96017,-87.93164,204.8,2021-02-07,-14.9,",,W",-21.6,",,W"
USW00094846,"CHICAGO OHARE INTERNATIONAL AIRPORT, IL US",41.96017,-87.93164,204.8,2021-02-08,-9.3,",,W",-17.1,",,W"
USW00094846,"CHICAGO OHARE INTERNATIONAL AIRPORT, IL US",41.96017,-87.93164,204.8,2021-02-09,-7.7,",,W",-17.7,",,W"
USW00094846,"CHICAGO OHARE INTERNATIONAL AIRPORT, IL US",41.96017,-87.93164,204.8,2021-02-10,-8.8,",,W",-14.3,",,W"
USW00094846,"CHICAGO OHARE INTERNATIONAL AIRPORT, IL US",41.96017,-87.93164,204.8,2021-02-11,-6,",,W",-16.6,",,W"
USW00094846,"CHICAGO OHARE INTERNATIONAL AIRPORT, IL US",41.96017,-87.93164,204.8,2021-02-12,-8.2,",,W",-13.8,",,W"
USW00094846,"CHICAGO OHARE INTERNATIONAL AIRPORT, IL US",41.96017,-87.93164,204.8,2021-02-13,-11,",,W",-18.2,",,W"
USW00094846,"CHICAGO OHARE INTERNATIONAL AIRPORT, IL US",41.96017,-87.93164,204.8,2021-02-14,-15.5,",,W",-20.5,",,W"
USW00094846,"CHICAGO OHARE INTERNATIONAL AIRPORT, IL US",41.96017,-87.93164,204.8,2021-02-15,-11,",,W",-17.7,",,W"
USW00094846,"CHICAGO OHARE INTERNATIONAL AIRPORT, IL US",41.96017,-87.93164,204.8,2021-02-16,-6.6,",,W",-13.8,",,W"
USW00094846,"CHICAGO OHARE INTERNATIONAL AIRPORT, IL US",41.96017,-87.93164,204.8,2021-02-17,-2.7,",,W",-14.3,",,W"
USW00094846,"CHICAGO OHARE INTERNATIONAL AIRPORT, IL US",41.96017,-87.93164,204.8,2021-02-18,-3.2,",,W",-8.2,",,W"
USW00094846,"CHICAGO OHARE INTERNATIONAL AIRPORT, IL US",41.96017,-87.93164,204.8,2021-02-19,-6.6,",,W",-13.8,",,W"
USW00094846,"CHICAGO OHARE INTERNATIONAL AIRPORT, IL US",41.96017,-87.93164,204.8,2021-02-20,-1.6,",,W",-14.9,",,W"
USW00094846,"CHICAGO OHARE INTERNATIONAL AIRPORT, IL US",41.96017,-87.93164,204.8,2021-02-21,2.8,",,W",-8.2,",,W"
USW00094846,"CHICAGO OHARE INTERNATIONAL AIRPORT, IL US",41.96017,-87.93164,204.8,2021-02-22,4.4,",,W",-3.2,",,W"
USW00094846,"CHICAGO OHARE INTERNATIONAL AIRPORT, IL US",41.96017,-87.93164,204.8,2021-02-23,8.3,",,W",2.8,",,W"
USW00094846,"CHICAGO OHARE INTERNATIONAL AIRPORT, IL US",41.96017,-87.93164,204.8,2021-02-24,7.2,",,W",0,",,W"
USW00094846,"CHICAGO OHARE INTERNATIONAL AIRPORT, IL US",41.96017,-87.93164,204.8,2021-02-25,4.4,",,W",-2.7,",,W"
USW00094846,"CHICAGO OHARE INTERNATIONAL AIRPORT, IL US",41.96017,-87.93164,204.8,2021-02-26,6.1,",,W",-4.3,",,W"
USW00094846,"CHICAGO OHARE INTERNATIONAL AIRPORT, IL US",41.96017,-87.93164,204.8,2021-02-27,11.1,",,W",0.6,",,W"
USW00094846,"CHICAGO OHARE INTERNATIONAL AIRPORT, IL US",41.96017,-87.93164,204.8,2021-02-28,9.4,",,W",1.1,",,W"
USW00094846,"CHICAGO OHARE INTERNATIONAL AIRPORT, IL US",41.96017,-87.93164,204.8,2021-03-01,1.7,",,W",-4.3,",,W"
USW00094846,"CHICAGO OHARE INTERNATIONAL AIRPORT, IL US",41.96017,-87.93164,204.8,2021-03-02,6.1,",,W",-5.5,",,W"
USW00094846,"CHICAGO OHARE INTERNATIONAL AIRPORT, IL US",41.96017,-87.93164,204.8,2021-03-03,15,",,W",0.6,",,W"
USW00094846,"CHICAGO OHARE INTERNATIONAL AIRPORT, IL US",41.96017,-87.93164,204.8,2021-03-04,2.8,",,W",-2.7,",,W"
USW00094846,"CHICAGO OHARE INTERNATIONAL AIRPORT, IL US",41.96017,-87.93164,204.8,2021-03-05,9.4,",,W",-4.3,",,W"
USW00094846,"CHICAGO OHARE INTERNATIONAL AIRPORT, IL US",41.96017,-87.93164,204.8,2021-03-06,8.9,",,W",-3.2,",,W"
USW00094846,"CHICAGO OHARE INTERNATIONAL AIRPORT, IL US",41.96017,-87.93164,204.8,2021-03-07,11.1,",,W",-3.2,",,W"
USW00094846,"CHICAGO OHARE INTERNATIONAL AIRPORT, IL US",41.96017,-87.93164,204.8,2021-03-08,16.7,",,W",6.7,",,W"
USW00094846,"CHICAGO OHARE INTERNATIONAL AIRPORT, IL US",41.96017,-87.93164,204.8,2021-03-09,20.6,",,W",4.4,",,W"
USW00094846,"CHICAGO OHARE INTERNATIONAL AIRPORT, IL US",41.96017,-87.93164,204.8,2021-03-10,20.6,",,W",13.9,",,W"
USW00094846,"CHICAGO OHARE INTERNATIONAL AIRPORT, IL US",41.96017,-87.93164,204.8,2021-03-11,17.8,",,W",5.6,",,W"
USW00094846,"CHICAGO OHARE INTERNATIONAL AIRPORT, IL US",41.96017,-87.93164,204.8,2021-03-12,12.2,",,W",2.8,",,W"
USW00094846,"CHICAGO OHARE INTERNATIONAL AIRPORT, IL US",41.96017,-87.93164,204.8,2021-03-13,15,",,W",-0.5,",,W"
USW00094846,"CHICAGO OHARE INTERNATIONAL AIRPORT, IL US",41.96017,-87.93164,204.8,2021-03-14,8.9,",,W",2.2,",,W"
USW00094846,"CHICAGO OHARE INTERNATIONAL AIRPORT, IL US",41.96017,-87.93164,204.8,2021-03-15,4.4,",,W",-1.6,",,W"
USW00094846,"CHICAGO OHARE INTERNATIONAL AIRPORT, IL US",41.96017,-87.93164,204.8,2021-03-16,3.3,",,W",0.6,",,W"
USW00094846,"CHICAGO OHARE INTERNATIONAL AIRPORT, IL US",41.96017,-87.93164,204.8,2021-03-17,3.9,",,W",1.1,",,W"
USW00094846,"CHICAGO OHARE INTERNATIONAL AIRPORT, IL US",41.96017,-87.93164,204.8,2021-03-18,6.1,",,W",2.2,",,W"
USW00094846,"CHICAGO OHARE INTERNATIONAL AIRPORT, IL US",41.96017,-87.93164,204.8,2021-03-19,7.2,",,W",0,",,W"
USW00094846,"CHICAGO OHARE INTERNATIONAL AIRPORT, IL US",41.96017,-87.93164,204.8,2021-03-20,14.4,",,W",-2.1,",,W"
USW00094846,"CHICAGO OHARE INTERNATIONAL AIRPORT, IL US",41.96017,-87.93164,204.8,2021-03-21,18.3,",,W",2.8,",,W"
USW00094846,"CHICAGO OHARE INTERNATIONAL AIRPORT, IL US",41.96017,-87.93164,204.8,2021-03-22,20,",,W",7.8,",,W"
USW00094846,"CHICAGO OHARE INTERNATIONAL AIRPORT, IL US",41.96017,-87.93164,204.8,2021-03-23,17.8,",,W",10,",,W"
USW00094846,"CHICAGO OHARE INTERNATIONAL AIRPORT, IL US",41.96017,-87.93164,204.8,2021-03-24,14.4,",,W",7.8,",,W"
USW00094846,"CHICAGO OHARE INTERNATIONAL AIRPORT, IL US",41.96017,-87.93164,204.8,2021-03-25,10,",,W",3.3,",,W"
USW00094846,"CHICAGO OHARE INTERNATIONAL AIRPORT, IL US",41.96017,-87.93164,204.8,2021-03-26,7.2,",,W",1.7,",,W"
USW00094846,"CHICAGO OHARE INTERNATIONAL AIRPORT, IL US",41.96017,-87.93164,204.8,2021-03-27,18.9,",,W",2.2,",,W"
USW00094846,"CHICAGO OHARE INTERNATIONAL AIRPORT, IL US",41.96017,-87.93164,204.8,2021-03-28,10.6,",,W",1.7,",,W"
USW00094846,"CHICAGO OHARE INTERNATIONAL AIRPORT, IL US",41.96017,-87.93164,204.8,2021-03-29,16.7,",,W",-0.5,",,W"
USW00094846,"CHICAGO OHARE INTERNATIONAL AIRPORT, IL US",41.96017,-87.93164,204.8,2021-03-30,20,",,W",6.7,",,W"
USW00094846,"CHICAGO OHARE INTERNATIONAL AIRPORT, IL US",41.96017,-87.93164,204.8,2021-03-31,6.7,",,W",0,",,W"
USW00094846,"CHICAGO OHARE INTERNATIONAL AIRPORT, IL US",41.96017,-87.93164,204.8,2021-04-01,4.4,",,W",-4.3,",,W"
USW00094846,"CHICAGO OHARE INTERNATIONAL AIRPORT, IL US",41.96017,-87.93164,204.8,2021-04-02,10.6,",,W",-3.2,",,W"
USW00094846,"CHICAGO OHARE INTERNATIONAL AIRPORT, IL US",41.96017,-87.93164,204.8,2021-04-03,21.7,",,W",4.4,",,W"
USW00094846,"CHICAGO OHARE INTERNATIONAL AIRPORT, IL US",41.96017,-87.93164,204.8,2021-04-04,24.4,",,W",6.1,",,W"
USW00094846,"CHICAGO OHARE INTERNATIONAL AIRPORT, IL US",41.96017,-87.93164,204.8,2021-04-05,24.4,",,W",15.6,",,W"
USW00094846,"CHICAGO OHARE INTERNATIONAL AIRPORT, IL US",41.96017,-87.93164,204.8,2021-04-06,27.2,",,W",15,",,W"
USW00094846,"CHICAGO OHARE INTERNATIONAL AIRPORT, IL US",41.96017,-87.93164,204.8,2021-04-07,27.8,",,W",15.6,",,W"
USW00094846,"CHICAGO OHARE INTERNATIONAL AIRPORT, IL US",41.96017,-87.93164,204.8,2021-04-08,20.6,",,W",11.1,",,W"
USW00094846,"CHICAGO OHARE INTERNATIONAL AIRPORT, IL US",41.96017,-87.93164,204.8,2021-04-09,16.7,",,W",10.6,",,W"
USW00094846,"CHICAGO OHARE INTERNATIONAL AIRPORT, IL US",41.96017,-87.93164,204.8,2021-04-10,12.8,",,W",8.3,",,W"
USW00094846,"CHICAGO OHARE INTERNATIONAL AIRPORT, IL US",41.96017,-87.93164,204.8,2021-04-11,13.3,",,W",7.2,",,W"
USW00094846,"CHICAGO OHARE INTERNATIONAL AIRPORT, IL US",41.96017,-87.93164,204.8,2021-04-12,16.7,",,W",8.9,",,W"
USW00094846,"CHICAGO OHARE INTERNATIONAL AIRPORT, IL US",41.96017,-87.93164,204.8,2021-04-13,12.2,",,W",5.6,",,W"
USW00094846,"CHICAGO OHARE INTERNATIONAL AIRPORT, IL US",41.96017,-87.93164,204.8,2021-04-14,10.6,",,W",2.2,",,W"
USW00094846,"CHICAGO OHARE INTERNATIONAL AIRPORT, IL US",41.96017,-87.93164,204.8,2021-04-15,13.3,",,W",3.9,",,W"
USW00094846,"CHICAGO OHARE INTERNATIONAL AIRPORT, IL US",41.96017,-87.93164,204.8,2021-04-16,13.9,",,W",3.3,",,W"
USW00094846,"CHICAGO OHARE INTERNATIONAL AIRPORT, IL US",41.96017,-87.93164,204.8,2021-04-17,13.3,",,W",1.7,",,W"
USW00094846,"CHICAGO OHARE INTERNATIONAL AIRPORT, IL US",41.96017,-87.93164,204.8,2021-04-18,16.7,",,W",3.9,",,W"
USW00094846,"CHICAGO OHARE INTERNATIONAL AIRPORT, IL US",41.96017,-87.93164,204.8,2021-04-19,11.1,",,W",4.4,",,W"
USW00094846,"CHICAGO OHARE INTERNATIONAL AIRPORT, IL US",41.96017,-87.93164,204.8,2021-04-20,6.1,",,W",1.1,",,W"
USW00094846,"CHICAGO OHARE INTERNATIONAL AIRPORT, IL US",41.96017,-87.93164,204.8,2021-04-21,10,",,W",0.6,",,W"
USW00094846,"CHICAGO OHARE INTERNATIONAL AIRPORT, IL US",41.96017,-87.93164,204.8,2021-04-22,15.6,",,W",0,",,W"
USW00094846,"CHICAGO OHARE INTERNATIONAL AIRPORT, IL US",41.96017,-87.93164,204.8,2021-04-23,16.7,",,W",6.1,",,W"
USW00094846,"CHICAGO OHARE INTERNATIONAL AIRPORT, IL US",41.96017,-87.93164,204.8,2021-04-24,17.8,",,W",6.7,",,W"
USW00094846,"CHICAGO OHARE INTERNATIONAL AIRPORT, IL US",41.96017,-87.93164,204.8,2021-04-25,8.3,",,W",3.9,",,W"
USW00094846,"CHICAGO OHARE INTERNATIONAL AIRPORT, IL US",41.96017,-87.93164,204.8,2021-04-26,26.1,",,W",4.4,",,W"
USW00094846,"CHICAGO OHARE INTERNATIONAL AIRPORT, IL US",41.96017,-87.93164,204.8,2021-04-27,30.6,",,W",10,",,W"
USW00094846,"CHICAGO OHARE INTERNATIONAL AIRPORT, IL US",41.96017,-87.93164,204.8,2021-04-28,10.6,",,W",7.8,",,W"
USW00094846,"CHICAGO OHARE INTERNATIONAL AIRPORT, IL US",41.96017,-87.93164,204.8,2021-04-29,21.7,",,W",8.9,",,W"
USW00094846,"CHICAGO OHARE INTERNATIONAL AIRPORT, IL US",41.96017,-87.93164,204.8,2021-04-30,13.3,",,W",5.6,",,W"
USW00094846,"CHICAGO OHARE INTERNATIONAL AIRPORT, IL US",41.96017,-87.93164,204.8,2021-05-01,29.4,",,W",5.6,",,W"
USW00094846,"CHICAGO OHARE INTERNATIONAL AIRPORT, IL US",41.96017,-87.93164,204.8,2021-05-02,29.4,",,W",17.2,",,W"
USW00094846,"CHICAGO OHARE INTERNATIONAL AIRPORT, IL US",41.96017,-87.93164,204.8,2021-05-03,22.8,",,W",14.4,",,W"
USW00094846,"CHICAGO OHARE INTERNATIONAL AIRPORT, IL US",41.96017,-87.93164,204.8,2021-05-04,14.4,",,W",7.2,",,W"
USW00094846,"CHICAGO OHARE INTERNATIONAL AIRPORT, IL US",41.96017,-87.93164,204.8,2021-05-05,16.1,",,W",5,",,W"
USW00094846,"CHICAGO OHARE INTERNATIONAL AIRPORT, IL US",41.96017,-87.93164,204.8,2021-05-06,13.3,",,W",6.7,",,W"
USW00094846,"CHICAGO OHARE INTERNATIONAL AIRPORT, IL US",41.96017,-87.93164,204.8,2021-05-07,15.6,",,W",3.9,",,W"
USW00094846,"CHICAGO OHARE INTERNATIONAL AIRPORT, IL US",41.96017,-87.93164,204.8,2021-05-08,12.2,",,W",2.8,",,W"
USW00094846,"CHICAGO OHARE INTERNATIONAL AIRPORT, IL US",41.96017,-87.93164,204.8,2021-05-09,13.9,",,W",4.4,",,W"
USW00094846,"CHICAGO OHARE INTERNATIONAL AIRPORT, IL US",41.96017,-87.93164,204.8,2021-05-10,11.1,",,W",3.9,",,W"
USW00094846,"CHICAGO OHARE INTERNATIONAL AIRPORT, IL US",41.96017,-87.93164,204.8,2021-05-11,13.3,",,W",2.2,",,W"
USW00094846,"CHICAGO OHARE INTERNATIONAL AIRPORT, IL US",41.96017,-87.93164,204.8,2021-05-12,16.7,",,W",2.8,",,W"
USW00094846,"CHICAGO OHARE INTERNATIONAL AIRPORT, IL US",41.96017,-87.93164,204.8,2021-05-13,21.1,",,W",5,",,W"
USW00094846,"CHICAGO OHARE INTERNATIONAL AIRPORT, IL US",41.96017,-87.93164,204.8,2021-05-14,21.7,",,W",8.9,",,W"
USW00094846,"CHICAGO OHARE INTERNATIONAL AIRPORT, IL US",41.96017,-87.93164,204.8,2021-05-15,16.7,",,W",12.8,",,W"
USW00094846,"CHICAGO OHARE INTERNATIONAL AIRPORT, IL US",41.96017,-87.93164,204.8,2021-05-16,22.2,",,W",12.8,",,W"
USW00094846,"CHICAGO OHARE INTERNATIONAL AIRPORT, IL US",41.96017,-87.93164,204.8,2021-05-17,21.1,",,W",13.3,",,W"
USW00094846,"CHICAGO OHARE INTERNATIONAL AIRPORT, IL US",41.96017,-87.93164,204.8,2021-05-18,24.4,",,W",14.4,",,W"
USW00094846,"CHICAGO OHARE INTERNATIONAL AIRPORT, IL US",41.96017,-87.93164,204.8,2021-05-19,23.9,",,W",18.3,",,W"
USW00094846,"CHICAGO OHARE INTERNATIONAL AIRPORT, IL US",41.96017,-87.93164,204.8,2021-05-20,30,",,W",18.9,",,W"
USW00094846,"CHICAGO OHARE INTERNATIONAL AIRPORT, IL US",41.96017,-87.93164,204.8,2021-05-21,30,",,W",20.6,",,W"
USW00094846,"CHICAGO OHARE INTERNATIONAL AIRPORT, IL US",41.96017,-87.93164,204.8,2021-05-22,31.1,",,W",21.1,",,W"
USW00094846,"CHICAGO OHARE INTERNATIONAL AIRPORT, IL US",41.96017,-87.93164,204.8,2021-05-23,27.8,",,W",13.3,",,W"
USW00094846,"CHICAGO OHARE INTERNATIONAL AIRPORT, IL US",41.96017,-87.93164,204.8,2021-05-24,32.2,",,W",13.3,",,W"
USW00094846,"CHICAGO OHARE INTERNATIONAL AIRPORT, IL US",41.96017,-87.93164,204.8,2021-05-25,29.4,",,W",20,",,W"
USW00094846,"CHICAGO OHARE INTERNATIONAL AIRPORT, IL US",41.96017,-87.93164,204.8,2021-05-26,27.8,",,W",13.3,",,W"
USW00094846,"CHICAGO OHARE INTERNATIONAL AIRPORT, IL US",41.96017,-87.93164,204.8,2021-05-27,15,",,W",9.4,",,W"
USW00094846,"CHICAGO OHARE INTERNATIONAL AIRPORT, IL US",41.96017,-87.93164,204.8,2021-05-28,9.4,",,W",6.7,",,W"
USW00094846,"CHICAGO OHARE INTERNATIONAL AIRPORT, IL US",41.96017,-87.93164,204.8,2021-05-29,15.6,",,W",7.2,",,W"
USW00094846,"CHICAGO OHARE INTERNATIONAL AIRPORT, IL US",41.96017,-87.93164,204.8,2021-05-30,20.6,",,W",5.6,",,W"
USW00094846,"CHICAGO OHARE INTERNATIONAL AIRPORT, IL US",41.96017,-87.93164,204.8,2021-05-31,21.1,",,W",12.2,",,W"
USW00094846,"CHICAGO OHARE INTERNATIONAL AIRPORT, IL US",41.96017,-87.93164,204.8,2021-06-01,25,",,W",10,",,W"
USW00094846,"CHICAGO OHARE INTERNATIONAL AIRPORT, IL US",41.96017,-87.93164,204.8,2021-06-02,25.6,",,W",12.8,",,W"
USW00094846,"CHICAGO OHARE INTERNATIONAL AIRPORT, IL US",41.96017,-87.93164,204.8,2021-06-03,30.6,",,W",13.3,",,W"
USW00094846,"CHICAGO OHARE INTERNATIONAL AIRPORT, IL US",41.96017,-87.93164,204.8,2021-06-04,32.8,",,W",21.7,",,W"
USW00094846,"CHICAGO OHARE INTERNATIONAL AIRPORT, IL US",41.96017,-87.93164,204.8,2021-06-05,33.3,",,W",20.6,",,W"
USW00094846,"CHICAGO OHARE INTERNATIONAL AIRPORT, IL US",41.96017,-87.93164,204.8,2021-06-06,31.7,",,W",22.2,",,W"
USW00094846,"CHICAGO OHARE INTERNATIONAL AIRPORT, IL US",41.96017,-87.93164,204.8,2021-06-07,26.7,",,W",21.7,",,W"
USW00094846,"CHICAGO OHARE INTERNATIONAL AIRPORT, IL US",41.96017,-87.93164,204.8,2021-06-08,32.8,",,W",21.7,",,W"
USW00094846,"CHICAGO OHARE INTERNATIONAL AIRPORT, IL US",41.96017,-87.93164,204.8,2021-06-09,31.7,",,W",21.1,",,W"
USW00094846,"CHICAGO OHARE INTERNATIONAL AIRPORT, IL US",41.96017,-87.93164,204.8,2021-06-10,32.2,",,W",18.9,",,W"
USW00094846,"CHICAGO OHARE INTERNATIONAL AIRPORT, IL US",41.96017,-87.93164,204.8,2021-06-11,33.3,",,W",21.7,",,W"
USW00094846,"CHICAGO OHARE INTERNATIONAL AIRPORT, IL US",41.96017,-87.93164,204.8,2021-06-12,33.9,",,W",20,",,W"
USW00094846,"CHICAGO OHARE INTERNATIONAL AIRPORT, IL US",41.96017,-87.93164,204.8,2021-06-13,30.6,",,W",18.9,",,W"
USW00094846,"CHICAGO OHARE INTERNATIONAL AIRPORT, IL US",41.96017,-87.93164,204.8,2021-06-14,28.3,",,W",18.3,",,W"
USW00094846,"CHICAGO OHARE INTERNATIONAL AIRPORT, IL US",41.96017,-87.93164,204.8,2021-06-15,25,",,W",15,",,W"
USW00094846,"CHICAGO OHARE INTERNATIONAL AIRPORT, IL US",41.96017,-87.93164,204.8,2021-06-16,25,",,W",13.3,",,W"
USW00094846,"CHICAGO OHARE INTERNATIONAL AIRPORT, IL US",41.96017,-87.93164,204.8,2021-06-17,31.1,",,W",14.4,",,W"
USW00094846,"CHICAGO OHARE INTERNATIONAL AIRPORT, IL US",41.96017,-87.93164,204.8,2021-06-18,32.2,",,W",19.4,",,W"
USW00094846,"CHICAGO OHARE INTERNATIONAL AIRPORT, IL US",41.96017,-87.93164,204.8,2021-06-19,32.2,",,W",17.8,",,W"
USW00094846,"CHICAGO OHARE INTERNATIONAL AIRPORT, IL US",41.96017,-87.93164,204.8,2021-06-20,27.8,",,W",16.7,",,W"
USW00094846,"CHICAGO OHARE INTERNATIONAL AIRPORT, IL US",41.96017,-87.93164,204.8,2021-06-21,22.2,",,W",13.3,",,W"
USW00094846,"CHICAGO OHARE INTERNATIONAL AIRPORT, IL US",41.96017,-87.93164,204.8,2021-06-22,22.8,",,W",12.2,",,W"
USW00094846,"CHICAGO OHARE INTERNATIONAL AIRPORT, IL US",41.96017,-87.93164,204.8,2021-06-23,26.1,",,W",17.2,",,W"
USW00094846,"CHICAGO OHARE INTERNATIONAL AIRPORT, IL US",41.96017,-87.93164,204.8,2021-06-24,24.4,",,W",20,",,W"
USW00094846,"CHICAGO OHARE INTERNATIONAL AIRPORT, IL US",41.96017,-87.93164,204.8,2021-06-25,25,",,W",21.1,",,W"
USW00094846,"CHICAGO OHARE INTERNATIONAL AIRPORT, IL US",41.96017,-87.93164,204.8,2021-06-26,27.8,",,W",21.1,",,W"
USW00094846,"CHICAGO OHARE INTERNATIONAL AIRPORT, IL US",41.96017,-87.93164,204.8,2021-06-27,28.3,",,W",20,",,W"
USW00094846,"CHICAGO OHARE INTERNATIONAL AIRPORT, IL US",41.96017,-87.93164,204.8,2021-06-28,27.8,",,W",18.9,",,W"
USW00094846,"CHICAGO OHARE INTERNATIONAL AIRPORT, IL US",41.96017,-87.93164,204.8,2021-06-29,28.9,",,W",22.2,",,W"
USW00094846,"CHICAGO OHARE INTERNATIONAL AIRPORT, IL US",41.96017,-87.93164,204.8,2021-06-30,28.3,",,W",21.1,",,W"
USW00094846,"CHICAGO OHARE INTERNATIONAL AIRPORT, IL US",41.96017,-87.93164,204.8,2021-07-01,24.4,",,W",15,",,W"
USW00094846,"CHICAGO OHARE INTERNATIONAL AIRPORT, IL US",41.96017,-87.93164,204.8,2021-07-02,22.8,",,W",13.9,",,W"
USW00094846,"CHICAGO OHARE INTERNATIONAL AIRPORT, IL US",41.96017,-87.93164,204.8,2021-07-03,30,",,W",15,",,W"
USW00094846,"CHICAGO OHARE INTERNATIONAL AIRPORT, IL US",41.96017,-87.93164,204.8,2021-07-04,31.7,",,W",21.1,",,W"
USW00094846,"CHICAGO OHARE INTERNATIONAL AIRPORT, IL US",41.96017,-87.93164,204.8,2021-07-05,32.8,",,W",22.8,",,W"
USW00094846,"CHICAGO OHARE INTERNATIONAL AIRPORT, IL US",41.96017,-87.93164,204.8,2021-07-06,32.8,",,W",25,",,W"
USW00094846,"CHICAGO OHARE INTERNATIONAL AIRPORT, IL US",41.96017,-87.93164,204.8,2021-07-07,31.7,",,W",19.4,",,W"
USW00094846,"CHICAGO OHARE INTERNATIONAL AIRPORT, IL US",41.96017,-87.93164,204.8,2021-07-08,20,",,W",16.1,",,W"
USW00094846,"CHICAGO OHARE INTERNATIONAL AIRPORT, IL US",41.96017,-87.93164,204.8,2021-07-09,24.4,",,W",15,",,W"
USW00094846,"CHICAGO OHARE INTERNATIONAL AIRPORT, IL US",41.96017,-87.93164,204.8,2021-07-10,24.4,",,W",17.2,",,W"
USW00094846,"CHICAGO OHARE INTERNATIONAL AIRPORT, IL US",41.96017,-87.93164,204.8,2021-07-11,21.7,",,W",18.9,",,W"
USW00094846,"CHICAGO OHARE INTERNATIONAL AIRPORT, IL US",41.96017,-87.93164,204.8,2021-07-12,23.3,",,W",19.4,",,W"
USW00094846,"CHICAGO OHARE INTERNATIONAL AIRPORT, IL US",41.96017,-87.93164,204.8,2021-07-13,26.7,",,W",20,",,W"
USW00094846,"CHICAGO OHARE INTERNATIONAL AIRPORT, IL US",41.96017,-87.93164,204.8,2021-07-14,28.9,",,W",20.6,",,W"
USW00094846,"CHICAGO OHARE INTERNATIONAL AIRPORT, IL US",41.96017,-87.93164,204.8,2021-07-15,26.1,",,W",18.9,",,W"
USW00094846,"CHICAGO OHARE INTERNATIONAL AIRPORT, IL US",41.96017,-87.93164,204.8,2021-07-16,22.8,",,W",18.3,",,W"
USW00094846,"CHICAGO OHARE INTERNATIONAL AIRPORT, IL US",41.96017,-87.93164,204.8,2021-07-17,25,",,W",17.8,",,W"
USW00094846,"CHICAGO OHARE INTERNATIONAL AIRPORT, IL US",41.96017,-87.93164,204.8,2021-07-18,27.8,",,W",17.2,",,W"
USW00094846,"CHICAGO OHARE INTERNATIONAL AIRPORT, IL US",41.96017,-87.93164,204.8,2021-07-19,29.4,",,W",17.8,",,W"
USW00094846,"CHICAGO OHARE INTERNATIONAL AIRPORT, IL US",41.96017,-87.93164,204.8,2021-07-20,31.1,",,W",19.4,",,W"
USW00094846,"CHICAGO OHARE INTERNATIONAL AIRPORT, IL US",41.96017,-87.93164,204.8,2021-07-21,23.9,",,W",18.3,",,W"
USW00094846,"CHICAGO OHARE INTERNATIONAL AIRPORT, IL US",41.96017,-87.93164,204.8,2021-07-22,30,",,W",17.8,",,W"
USW00094846,"CHICAGO OHARE INTERNATIONAL AIRPORT, IL US",41.96017,-87.93164,204.8,2021-07-23,31.7,",,W",23.3,",,W"
USW00094846,"CHICAGO OHARE INTERNATIONAL AIRPORT, IL US",41.96017,-87.93164,204.8,2021-07-24,33.3,",,W",23.9,",,W"
USW00094846,"CHICAGO OHARE INTERNATIONAL AIRPORT, IL US",41.96017,-87.93164,204.8,2021-07-25,32.2,",,W",22.2,",,W"
USW00094846,"CHICAGO OHARE INTERNATIONAL AIRPORT, IL US",41.96017,-87.93164,204.8,2021-07-26,34.4,",,W",21.1,",,W"
USW00094846,"CHICAGO OHARE INTERNATIONAL AIRPORT, IL US",41.96017,-87.93164,204.8,2021-07-27,30.6,",,W",21.7,",,W"
USW00094846,"CHICAGO OHARE INTERNATIONAL AIRPORT, IL US",41.96017,-87.93164,204.8,2021-07-28,31.1,",,W",21.1,",,W"
USW00094846,"CHICAGO OHARE INTERNATIONAL AIRPORT, IL US",41.96017,-87.93164,204.8,2021-07-29,31.7,",,W",20.6,",,W"
USW00094846,"CHICAGO OHARE INTERNATIONAL AIRPORT, IL US",41.96017,-87.93164,204.8,2021-07-30,22.8,",,W",18.3,",,W"
USW00094846,"CHICAGO OHARE INTERNATIONAL AIRPORT, IL US",41.96017,-87.93164,204.8,2021-07-31,26.7,",,W",16.1,",,W"
USW00094846,"CHICAGO OHARE INTERNATIONAL AIRPORT, IL US",41.96017,-87.93164,204.8,2021-08-01,24.4,",,W",16.7,",,W"
USW00094846,"CHICAGO OHARE INTERNATIONAL AIRPORT, IL US",41.96017,-87.93164,204.8,2021-08-02,25.6,",,W",15.6,",,W"
USW00094846,"CHICAGO OHARE INTERNATIONAL AIRPORT, IL US",41.96017,-87.93164,204.8,2021-08-03,28.3,",,W",16.7,",,W"
USW00094846,"CHICAGO OHARE INTERNATIONAL AIRPORT, IL US",41.96017,-87.93164,204.8,2021-08-04,29.4,",,W",17.8,",,W"
USW00094846,"CHICAGO OHARE INTERNATIONAL AIRPORT, IL US",41.96017,-87.93164,204.8,2021-08-05,30.6,",,W",18.9,",,W"
USW00094846,"CHICAGO OHARE INTERNATIONAL AIRPORT, IL US",41.96017,-87.93164,204.8,2021-08-06,28.3,",,W",18.9,",,W"
USW00094846,"CHICAGO OHARE INTERNATIONAL AIRPORT, IL US",41.96017,-87.93164,204.8,2021-08-07,31.7,",,W",19.4,",,W"
USW00094846,"CHICAGO OHARE INTERNATIONAL AIRPORT, IL US",41.96017,-87.93164,204.8,2021-08-08,33.3,",,W",21.7,",,W"
USW00094846,"CHICAGO OHARE INTERNATIONAL AIRPORT, IL US",41.96017,-87.93164,204.8,2021-08-09,28.3,",,W",21.1,",,W"
USW00094846,"CHICAGO OHARE INTERNATIONAL AIRPORT, IL US",41.96017,-87.93164,204.8,2021-08-10,33.9,",,W",21.1,",,W"
USW00094846,"CHICAGO OHARE INTERNATIONAL AIRPORT, IL US",41.96017,-87.93164,204.8,2021-08-11,31.1,",,W",22.2,",,W"
USW00094846,"CHICAGO OHARE INTERNATIONAL AIRPORT, IL US",41.96017,-87.93164,204.8,2021-08-12,29.4,",,W",22.2,",,W"
USW00094846,"CHICAGO OHARE INTERNATIONAL AIRPORT, IL US",41.96017,-87.93164,204.8,2021-08-13,28.9,",,W",21.1,",,W"
USW00094846,"CHICAGO OHARE INTERNATIONAL AIRPORT, IL US",41.96017,-87.93164,204.8,2021-08-14,26.7,",,W",16.7,",,W"
USW00094846,"CHICAGO OHARE INTERNATIONAL AIRPORT, IL US",41.96017,-87.93164,204.8,2021-08-15,26.7,",,W",15.6,",,W"
USW00094846,"CHICAGO OHARE INTERNATIONAL AIRPORT, IL US",41.96017,-87.93164,204.8,2021-08-16,26.7,",,W",17.2,",,W"
USW00094846,"CHICAGO OHARE INTERNATIONAL AIRPORT, IL US",41.96017,-87.93164,204.8,2021-08-17,28.9,",,W",18.9,",,W"
USW00094846,"CHICAGO OHARE INTERNATIONAL AIRPORT, IL US",41.96017,-87.93164,204.8,2021-08-18,30,",,W",21.1,",,W"
USW00094846,"CHICAGO OHARE INTERNATIONAL AIRPORT, IL US",41.96017,-87.93164,204.8,2021-08-19,31.1,",,W",22.2,",,W"
USW00094846,"CHICAGO OHARE INTERNATIONAL AIRPORT, IL US",41.96017,-87.93164,204.8,2021-08-20,32.8,",,W",21.1,",,W"
USW00094846,"CHICAGO OHARE INTERNATIONAL AIRPORT, IL US",41.96017,-87.93164,204.8,2021-08-21,31.1,",,W",22.8,",,W"
USW00094846,"CHICAGO OHARE INTERNATIONAL AIRPORT, IL US",41.96017,-87.93164,204.8,2021-08-22,28.3,",,W",21.1,",,W"
USW00094846,"CHICAGO OHARE INTERNATIONAL AIRPORT, IL US",41.96017,-87.93164,204.8,2021-08-23,30.6,",,W",19.4,",,W"
USW00094846,"CHICAGO OHARE INTERNATIONAL AIRPORT, IL US",41.96017,-87.93164,204.8,2021-08-24,35,",,W",22.2,",,W"
USW00094846,"CHICAGO OHARE INTERNATIONAL AIRPORT, IL US",41.96017,-87.93164,204.8,2021-08-25,34.4,",,W",21.7,",,W"
USW00094846,"CHICAGO OHARE INTERNATIONAL AIRPORT, IL US",41.96017,-87.93164,204.8,2021-08-26,32.2,",,W",21.1,",,W"
USW00094846,"CHICAGO OHARE INTERNATIONAL AIRPORT, IL US",41.96017,-87.93164,204.8,2021-08-27,32.8,",,W",22.8,",,W"
USW00094846,"CHICAGO OHARE INTERNATIONAL AIRPORT, IL US",41.96017,-87.93164,204.8,2021-08-28,33.3,",,W",24.4,",,W"
USW00094846,"CHICAGO OHARE INTERNATIONAL AIRPORT, IL US",41.96017,-87.93164,204.8,2021-08-29,31.7,",,W",22.2,",,W"
USW00094846,"CHICAGO OHARE INTERNATIONAL AIRPORT, IL US",41.96017,-87.93164,204.8,2021-08-30,29.4,",,W",19.4,",,W"
USW00094846,"CHICAGO OHARE INTERNATIONAL AIRPORT, IL US",41.96017,-87.93164,204.8,2021-08-31,27.8,",,W",18.9,",,W"
USW00094846,"CHICAGO OHARE INTERNATIONAL AIRPORT, IL US",41.96017,-87.93164,204.8,2021-09-01,24.4,",,W",17.2,",,W"
USW00094846,"CHICAGO OHARE INTERNATIONAL AIRPORT, IL US",41.96017,-87.93164,204.8,2021-09-02,25.6,",,W",16.7,",,W"
USW00094846,"CHICAGO OHARE INTERNATIONAL AIRPORT, IL US",41.96017,-87.93164,204.8,2021-09-03,23.9,",,W",17.8,",,W"
USW00094846,"CHICAGO OHARE INTERNATIONAL AIRPORT, IL US",41.96017,-87.93164,204.8,2021-09-04,22.8,",,W",17.2,",,W"
USW00094846,"CHICAGO OHARE INTERNATIONAL AIRPORT, IL US",41.96017,-87.93164,204.8,2021-09-05,27.8,",,W",15.6,",,W"
USW00094846,"CHICAGO OHARE INTERNATIONAL AIRPORT, IL US",41.96017,-87.93164,204.8,2021-09-06,27.8,",,W",16.1,",,W"
USW00094846,"CHICAGO OHARE INTERNATIONAL AIRPORT, IL US",41.96017,-87.93164,204.8,2021-09-07,31.1,",,W",18.3,",,W"
USW00094846,"CHICAGO OHARE INTERNATIONAL AIRPORT, IL US",41.96017,-87.93164,204.8,2021-09-08,26.1,",,W",15,",,W"
USW00094846,"CHICAGO OHARE INTERNATIONAL AIRPORT, IL US",41.96017,-87.93164,204.8,2021-09-09,25,",,W",14.4,",,W"
USW00094846,"CHICAGO OHARE INTERNATIONAL AIRPORT, IL US",41.96017,-87.93164,204.8,2021-09-10,26.7,",,W",15,",,W"
USW00094846,"CHICAGO OHARE INTERNATIONAL AIRPORT, IL US",41.96017,-87.93164,204.8,2021-09-11,30.6,",,W",18.3,",,W"
USW00094846,"CHICAGO OHARE INTERNATIONAL AIRPORT, IL US",41.96017,-87.93164,204.8,2021-09-12,30.6,",,W",20,",,W"
USW00094846,"CHICAGO OHARE INTERNATIONAL AIRPORT, IL US",41.96017,-87.93164,204.8,2021-09-13,31.1,",,W",20,",,W"
USW00094846,"CHICAGO OHARE INTERNATIONAL AIRPORT, IL US",41.96017,-87.93164,204.8,2021-09-14,30,",,W",18.9,",,W"
USW00094846,"CHICAGO OHARE INTERNATIONAL AIRPORT, IL US",41.96017,-87.93164,204.8,2021-09-15,26.1,",,W",15,",,W"
USW00094846,"CHICAGO OHARE INTERNATIONAL AIRPORT, IL US",41.96017,-87.93164,204.8,2021-09-16,27.8,",,W",13.9,",,W"
USW00094846,"CHICAGO OHARE INTERNATIONAL AIRPORT, IL US",41.96017,-87.93164,204.8,2021-09-17,31.7,",,W",17.8,",,W"
USW00094846,"CHICAGO OHARE INTERNATIONAL AIRPORT, IL US",41.96017,-87.93164,204.8,2021-09-18,25,",,W",18.9,",,W"
USW00094846,"CHICAGO OHARE INTERNATIONAL AIRPORT, IL US",41.96017,-87.93164,204.8,2021-09-19,31.7,",,W",17.8,",,W"
USW00094846,"CHICAGO OHARE INTERNATIONAL AIRPORT, IL US",41.96017,-87.93164,204.8,2021-09-20,27.8,",,W",21.1,",,W"
USW00094846,"CHICAGO OHARE INTERNATIONAL AIRPORT, IL US",41.96017,-87.93164,204.8,2021-09-21,23.9,",,W",15.6,",,W"
USW00094846,"CHICAGO OHARE INTERNATIONAL AIRPORT, IL US",41.96017,-87.93164,204.8,2021-09-22,17.2,",,W",13.3,",,W"
USW00094846,"CHICAGO OHARE INTERNATIONAL AIRPORT, IL US",41.96017,-87.93164,204.8,2021-09-23,19.4,",,W",10.6,",,W"
USW00094846,"CHICAGO OHARE INTERNATIONAL AIRPORT, IL US",41.96017,-87.93164,204.8,2021-09-24,26.1,",,W",11.1,",,W"
USW00094846,"CHICAGO OHARE INTERNATIONAL AIRPORT, IL US",41.96017,-87.93164,204.8,2021-09-25,20.6,",,W",10,",,W"
USW00094846,"CHICAGO OHARE INTERNATIONAL AIRPORT, IL US",41.96017,-87.93164,204.8,2021-09-26,28.3,",,W",12.2,",,W"
USW00094846,"CHICAGO OHARE INTERNATIONAL AIRPORT, IL US",41.96017,-87.93164,204.8,2021-09-27,30.6,",,W",17.2,",,W"
USW00094846,"CHICAGO OHARE INTERNATIONAL AIRPORT, IL US",41.96017,-87.93164,204.8,2021-09-28,22.8,",,W",15.6,",,W"
USW00094846,"CHICAGO OHARE INTERNATIONAL AIRPORT, IL US",41.96017,-87.93164,204.8,2021-09-29,27.8,",,W",12.8,",,W"
USW00094846,"CHICAGO OHARE INTERNATIONAL AIRPORT, IL US",41.96017,-87.93164,204.8,2021-09-30,26.7,",,W",15,",,W"
USW00094846,"CHICAGO OHARE INTERNATIONAL AIRPORT, IL US",41.96017,-87.93164,204.8,2021-10-01,29.4,",,W",16.1,",,W"
USW00094846,"CHICAGO OHARE INTERNATIONAL AIRPORT, IL US",41.96017,-87.93164,204.8,2021-10-02,26.7,",,W",18.9,",,W"
USW00094846,"CHICAGO OHARE INTERNATIONAL AIRPORT, IL US",41.96017,-87.93164,204.8,2021-10-03,24.4,",,W",18.3,",,W"
USW00094846,"CHICAGO OHARE INTERNATIONAL AIRPORT, IL US",41.96017,-87.93164,204.8,2021-10-04,22.8,",,W",17.8,",,W"
USW00094846,"CHICAGO OHARE INTERNATIONAL AIRPORT, IL US",41.96017,-87.93164,204.8,2021-10-05,19.4,",,W",18.3,",,W"
USW00094846,"CHICAGO OHARE INTERNATIONAL AIRPORT, IL US",41.96017,-87.93164,204.8,2021-10-06,20,",,W",17.8,",,W"
USW00094846,"CHICAGO OHARE INTERNATIONAL AIRPORT, IL US",41.96017,-87.93164,204.8,2021-10-07,23.9,",,W",18.3,",,W"
USW00094846,"CHICAGO OHARE INTERNATIONAL AIRPORT, IL US",41.96017,-87.93164,204.8,2021-10-08,23.9,",,W",16.7,",,W"
USW00094846,"CHICAGO OHARE INTERNATIONAL AIRPORT, IL US",41.96017,-87.93164,204.8,2021-10-09,26.7,",,W",17.8,",,W"
USW00094846,"CHICAGO OHARE INTERNATIONAL AIRPORT, IL US",41.96017,-87.93164,204.8,2021-10-10,26.1,",,W",21.1,",,W"
USW00094846,"CHICAGO OHARE INTERNATIONAL AIRPORT, IL US",41.96017,-87.93164,204.8,2021-10-11,25,",,W",16.7,",,W"
USW00094846,"CHICAGO OHARE INTERNATIONAL AIRPORT, IL US",41.96017,-87.93164,204.8,2021-10-12,18.3,",,W",13.3,",,W"
USW00094846,"CHICAGO OHARE INTERNATIONAL AIRPORT, IL US",41.96017,-87.93164,204.8,2021-10-13,21.7,",,W",11.7,",,W"
USW00094846,"CHICAGO OHARE INTERNATIONAL AIRPORT, IL US",41.96017,-87.93164,204.8,2021-10-14,21.7,",,W",13.3,",,W"
USW00094846,"CHICAGO OHARE INTERNATIONAL AIRPORT, IL US",41.96017,-87.93164,204.8,2021-10-15,16.7,",,W",10.6,",,W"
USW00094846,"CHICAGO OHARE INTERNATIONAL AIRPORT, IL US",41.96017,-87.93164,204.8,2021-10-16,15,",,W",6.7,",,W"
USW00094846,"CHICAGO OHARE INTERNATIONAL AIRPORT, IL US",41.96017,-87.93164,204.8,2021-10-17,18.9,",,W",5.6,",,W"
USW00094846,"CHICAGO OHARE INTERNATIONAL AIRPORT, IL US",41.96017,-87.93164,204.8,2021-10-18,22.2,",,W",7.2,",,W"
USW00094846,"CHICAGO OHARE INTERNATIONAL AIRPORT, IL US",41.96017,-87.93164,204.8,2021-10-19,21.7,",,W",11.1,",,W"
USW00094846,"CHICAGO OHARE INTERNATIONAL AIRPORT, IL US",41.96017,-87.93164,204.8,2021-10-20,22.2,",,W",11.7,",,W"
USW00094846,"CHICAGO OHARE INTERNATIONAL AIRPORT, IL US",41.96017,-87.93164,204.8,2021-10-21,18.3,",,W",6.7,",,W"
USW00094846,"CHICAGO OHARE INTERNATIONAL AIRPORT, IL US",41.96017,-87.93164,204.8,2021-10-22,13.3,",,W",5,",,W"
USW00094846,"CHICAGO OHARE INTERNATIONAL AIRPORT, IL US",41.96017,-87.93164,204.8,2021-10-23,13.3,",,W",3.9,",,W"
USW00094846,"CHICAGO OHARE INTERNATIONAL AIRPORT, IL US",41.96017,-87.93164,204.8,2021-10-24,10.6,",,W",3.9,",,W"
USW00094846,"CHICAGO OHARE INTERNATIONAL AIRPORT, IL US",41.96017,-87.93164,204.8,2021-10-25,12.8,",,W",8.3,",,W"
USW00094846,"CHICAGO OHARE INTERNATIONAL AIRPORT, IL US",41.96017,-87.93164,204.8,2021-10-26,13.9,",,W",5,",,W"
USW00094846,"CHICAGO OHARE INTERNATIONAL AIRPORT, IL US",41.96017,-87.93164,204.8,2021-10-27,13.3,",,W",3.3,",,W"
USW00094846,"CHICAGO OHARE INTERNATIONAL AIRPORT, IL US",41.96017,-87.93164,204.8,2021-10-28,13.9,",,W",8.9,",,W"
USW00094846,"CHICAGO OHARE INTERNATIONAL AIRPORT, IL US",41.96017,-87.93164,204.8,2021-10-29,13.3,",,W",11.7,",,W"
USW00094846,"CHICAGO OHARE INTERNATIONAL AIRPORT, IL US",41.96017,-87.93164,204.8,2021-10-30,15,",,W",7.2,",,W"
USW00094846,"CHICAGO OHARE INTERNATIONAL AIRPORT, IL US",41.96017,-87.93164,204.8,2021-10-31,11.7,",,W",3.9,",,W"
USW00094846,"CHICAGO OHARE INTERNATIONAL AIRPORT, IL US",41.96017,-87.93164,204.8,2021-11-01,9.4,",,W",1.7,",,W"
USW00094846,"CHICAGO OHARE INTERNATIONAL AIRPORT, IL US",41.96017,-87.93164,204.8,2021-11-02,8.3,",,W",0,",,W"
USW00094846,"CHICAGO OHARE INTERNATIONAL AIRPORT, IL US",41.96017,-87.93164,204.8,2021-11-03,7.2,",,W",-1.6,",,W"
USW00094846,"CHICAGO OHARE INTERNATIONAL AIRPORT, IL US",41.96017,-87.93164,204.8,2021-11-04,8.3,",,W",-1.6,",,W"
USW00094846,"CHICAGO OHARE INTERNATIONAL AIRPORT, IL US",41.96017,-87.93164,204.8,2021-11-05,11.1,",,W",1.1,",,W"
USW00094846,"CHICAGO OHARE INTERNATIONAL AIRPORT, IL US",41.96017,-87.93164,204.8,2021-11-06,15,",,W",2.2,",,W"
USW00094846,"CHICAGO OHARE INTERNATIONAL AIRPORT, IL US",41.96017,-87.93164,204.8,2021-11-07,18.3,",,W",5,",,W"
USW00094846,"CHICAGO OHARE INTERNATIONAL AIRPORT, IL US",41.96017,-87.93164,204.8,2021-11-08,18.3,",,W",9.4,",,W"
USW00094846,"CHICAGO OHARE INTERNATIONAL AIRPORT, IL US",41.96017,-87.93164,204.8,2021-11-09,14.4,",,W",5.6,",,W"
USW00094846,"CHICAGO OHARE INTERNATIONAL AIRPORT, IL US",41.96017,-87.93164,204.8,2021-11-10,13.3,",,W",3.3,",,W"
USW00094846,"CHICAGO OHARE INTERNATIONAL AIRPORT, IL US",41.96017,-87.93164,204.8,2021-11-11,13.9,",,W",5,",,W"
USW00094846,"CHICAGO OHARE INTERNATIONAL AIRPORT, IL US",41.96017,-87.93164,204.8,2021-11-12,6.1,",,W",1.7,",,W"
USW00094846,"CHICAGO OHARE INTERNATIONAL AIRPORT, IL US",41.96017,-87.93164,204.8,2021-11-13,3.9,",,W",0.6,",,W"
USW00094846,"CHICAGO OHARE INTERNATIONAL AIRPORT, IL US",41.96017,-87.93164,204.8,2021-11-14,2.8,",,W",0.6,",,W"
USW00094846,"CHICAGO OHARE INTERNATIONAL AIRPORT, IL US",41.96017,-87.93164,204.8,2021-11-15,2.2,",,W",-1,",,W"
USW00094846,"CHICAGO OHARE INTERNATIONAL AIRPORT, IL US",41.96017,-87.93164,204.8,2021-11-16,13.3,",,W",-1,",,W"
USW00094846,"CHICAGO OHARE INTERNATIONAL AIRPORT, IL US",41.96017,-87.93164,204.8,2021-11-17,16.1,",,W",4.4,",,W"
USW00094846,"CHICAGO OHARE INTERNATIONAL AIRPORT, IL US",41.96017,-87.93164,204.8,2021-11-18,4.4,",,W",0,",,W"
USW00094846,"CHICAGO OHARE INTERNATIONAL AIRPORT, IL US",41.96017,-87.93164,204.8,2021-11-19,4.4,",,W",-3.2,",,W"
USW00094846,"CHICAGO OHARE INTERNATIONAL AIRPORT, IL US",41.96017,-87.93164,204.8,2021-11-20,10,",,W",2.2,",,W"
USW00094846,"CHICAGO OHARE INTERNATIONAL AIRPORT, IL US",41.96017,-87.93164,204.8,2021-11-21,12.8,",,W",-1,",,W"
USW00094846,"CHICAGO OHARE INTERNATIONAL AIRPORT, IL US",41.96017,-87.93164,204.8,2021-11-22,2.2,",,W",-4.9,",,W"
USW00094846,"CHICAGO OHARE INTERNATIONAL AIRPORT, IL US",41.96017,-87.93164,204.8,2021-11-23,6.1,",,W",-4.3,",,W"
USW00094846,"CHICAGO OHARE INTERNATIONAL AIRPORT, IL US",41.96017,-87.93164,204.8,2021-11-24,11.7,",,W",2.8,",,W"
USW00094846,"CHICAGO OHARE INTERNATIONAL AIRPORT, IL US",41.96017,-87.93164,204.8,2021-11-25,8.9,",,W",-4.9,",,W"
USW00094846,"CHICAGO OHARE INTERNATIONAL AIRPORT, IL US",41.96017,-87.93164,204.8,2021-11-26,-0.5,",,W",-7.7,",,W"
USW00094846,"CHICAGO OHARE INTERNATIONAL AIRPORT, IL US",41.96017,-87.93164,204.8,2021-11-27,5.6,",,W",-1,",,W"
USW00094846,"CHICAGO OHARE INTERNATIONAL AIRPORT, IL US",41.96017,-87.93164,204.8,2021-11-28,5,",,W",-2.7,",,W"
USW00094846,"CHICAGO OHARE INTERNATIONAL AIRPORT, IL US",41.96017,-87.93164,204.8,2021-11-29,5,",,W",-2.7,",,W"
USW00094846,"CHICAGO OHARE INTERNATIONAL AIRPORT, IL US",41.96017,-87.93164,204.8,2021-11-30,11.7,",,W",1.1,",,W"
USW00094846,"CHICAGO OHARE INTERNATIONAL AIRPORT, IL US",41.96017,-87.93164,204.8,2021-12-01,9.4,",,W",1.1,",,W"
USW00094846,"CHICAGO OHARE INTERNATIONAL AIRPORT, IL US",41.96017,-87.93164,204.8,2021-12-02,15,",,W",6.7,",,W"
USW00094846,"CHICAGO OHARE INTERNATIONAL AIRPORT, IL US",41.96017,-87.93164,204.8,2021-12-03,10.6,",,W",2.8,",,W"
USW00094846,"CHICAGO OHARE INTERNATIONAL AIRPORT, IL US",41.96017,-87.93164,204.8,2021-12-04,6.7,",,W",-0.5,",,W"
USW00094846,"CHICAGO OHARE INTERNATIONAL AIRPORT, IL US",41.96017,-87.93164,204.8,2021-12-05,5,",,W",1.1,",,W"
USW00094846,"CHICAGO OHARE INTERNATIONAL AIRPORT, IL US",41.96017,-87.93164,204.8,2021-12-06,3.3,",,W",-9.3,",,W"
USW00094846,"CHICAGO OHARE INTERNATIONAL AIRPORT, IL US",41.96017,-87.93164,204.8,2021-12-07,-3.2,",,W",-10.5,",,W"
USW00094846,"CHICAGO OHARE INTERNATIONAL AIRPORT, IL US",41.96017,-87.93164,204.8,2021-12-08,1.7,",,W",-3.8,",,W"
USW00094846,"CHICAGO OHARE INTERNATIONAL AIRPORT, IL US",41.96017,-87.93164,204.8,2021-12-09,7.8,",,W",-2.1,",,W"
USW00094846,"CHICAGO OHARE INTERNATIONAL AIRPORT, IL US",41.96017,-87.93164,204.8,2021-12-10,15.6,",,W",2.2,",,W"
USW00094846,"CHICAGO OHARE INTERNATIONAL AIRPORT, IL US",41.96017,-87.93164,204.8,2021-12-11,14.4,",,W",0,",,W"
USW00094846,"CHICAGO OHARE INTERNATIONAL AIRPORT, IL US",41.96017,-87.93164,204.8,2021-12-12,8.9,",,W",0,",,W"
USW00094846,"CHICAGO OHARE INTERNATIONAL AIRPORT, IL US",41.96017,-87.93164,204.8,2021-12-13,9.4,",,W",0.6,",,W"
USW00094846,"CHICAGO OHARE INTERNATIONAL AIRPORT, IL US",41.96017,-87.93164,204.8,2021-12-14,12.2,",,W",0,",,W"
USW00094846,"CHICAGO OHARE INTERNATIONAL AIRPORT, IL US",41.96017,-87.93164,204.8,2021-12-15,18.9,",,W",10,",,W"
USW00094846,"CHICAGO OHARE INTERNATIONAL AIRPORT, IL US",41.96017,-87.93164,204.8,2021-12-16,18.9,",,W",0,",,W"
USW00094846,"CHICAGO OHARE INTERNATIONAL AIRPORT, IL US",41.96017,-87.93164,204.8,2021-12-17,4.4,",,W",-3.2,",,W"
USW00094846,"CHICAGO OHARE INTERNATIONAL AIRPORT, IL US",41.96017,-87.93164,204.8,2021-12-18,4.4,",,W",-0.5,",,W"
USW00094846,"CHICAGO OHARE INTERNATIONAL AIRPORT, IL US",41.96017,-87.93164,204.8,2021-12-19,2.8,",,W",-2.1,",,W"
USW00094846,"CHICAGO OHARE INTERNATIONAL AIRPORT, IL US",41.96017,-87.93164,204.8,2021-12-20,5.6,",,W",-1,",,W"
USW00094846,"CHICAGO OHARE INTERNATIONAL AIRPORT, IL US",41.96017,-87.93164,204.8,2021-12-21,4.4,",,W",-4.9,",,W"
USW00094846,"CHICAGO OHARE INTERNATIONAL AIRPORT, IL US",41.96017,-87.93164,204.8,2021-12-22,-0.5,",,W",-7.1,",,W"
USW00094846,"CHICAGO OHARE INTERNATIONAL AIRPORT, IL US",41.96017,-87.93164,204.8,2021-12-23,7.8,",,W",-2.7,",,W"
USW00094846,"CHICAGO OHARE INTERNATIONAL AIRPORT, IL US",41.96017,-87.93164,204.8,2021-12-24,13.9,",,W",1.1,",,W"
USW00094846,"CHICAGO OHARE INTERNATIONAL AIRPORT, IL US",41.96017,-87.93164,204.8,2021-12-25,12.8,",,W",-0.5,",,W"
USW00094846,"CHICAGO OHARE INTERNATIONAL AIRPORT, IL US",41.96017,-87.93164,204.8,2021-12-26,6.1,",,W",-3.2,",,W"
USW00094846,"CHICAGO OHARE INTERNATIONAL AIRPORT, IL US",41.96017,-87.93164,204.8,2021-12-27,7.8,",,W",0,",,W"
USW00094846,"CHICAGO OHARE INTERNATIONAL AIRPORT, IL US",41.96017,-87.93164,204.8,2021-12-28,2.8,",,W",-1,",,W"
USW00094846,"CHICAGO OHARE INTERNATIONAL AIRPORT, IL US",41.96017,-87.93164,204.8,2021-12-29,2.2,",,W",-2.1,",,W"
USW00094846,"CHICAGO OHARE INTERNATIONAL AIRPORT, IL US",41.96017,-87.93164,204.8,2021-12-30,2.8,",,W",-1.6,",,W"
USW00094846,"CHICAGO OHARE INTERNATIONAL AIRPORT, IL US",41.96017,-87.93164,204.8,2021-12-31,6.1,",,W",0.6,",,W"
USW00014819,"CHICAGO MIDWAY AIRPORT, IL US",41.78412,-87.75514,185.8,2021-01-01,1.7,",,W",-4.3,",,W"
USW00014819,"CHICAGO MIDWAY AIRPORT, IL US",41.78412,-87.75514,185.8,2021-01-02,2.2,",,W",-1,",,W"
USW00014819,"CHICAGO MIDWAY AIRPORT, IL US",41.78412,-87.75514,185.8,2021-01-03,1.1,",,W",-2.7,",,W"
USW00014819,"CHICAGO MIDWAY AIRPORT, IL US",41.78412,-87.75514,185.8,2021-01-04,-0.5,",,W",-3.8,",,W"
USW00014819,"CHICAGO MIDWAY AIRPORT, IL US",41.78412,-87.75514,185.8,2021-01-05,2.8,",,W",-1.6,",,W"
USW00014819,"CHICAGO MIDWAY AIRPORT, IL US",41.78412,-87.75514,185.8,2021-01-06,4.4,",,W",-1.6,",,W"
USW00014819,"CHICAGO MIDWAY AIRPORT, IL US",41.78412,-87.75514,185.8,2021-01-07,3.9,",,W",1.7,",,W"
USW00014819,"CHICAGO MIDWAY AIRPORT, IL US",41.78412,-87.75514,185.8,2021-01-08,2.2,",,W",-0.5,",,W"
USW00014819,"CHICAGO MIDWAY AIRPORT, IL US",41.78412,-87.75514,185.8,2021-01-09,3.9,",,W",-3.2,",,W"
USW00014819,"CHICAGO MIDWAY AIRPORT, IL US",41.78412,-87.75514,185.8,2021-01-10,-0.5,",,W",-3.8,",,W"
USW00014819,"CHICAGO MIDWAY AIRPORT, IL US",41.78412,-87.75514,185.8,2021-01-11,-1,",,W",-5.5,",,W"
USW00014819,"CHICAGO MIDWAY AIRPORT, IL US",41.78412,-87.75514,185.8,2021-01-12,3.9,",,W",-3.2,",,W"
USW00014819,"CHICAGO MIDWAY AIRPORT, IL US",41.78412,-87.75514,185.8,2021-01-13,5.6,",,W",-0.5,",,W"
USW00014819,"CHICAGO MIDWAY AIRPORT, IL US",41.78412,-87.75514,185.8,2021-01-14,5,",,W",0.6,",,W"
USW00014819,"CHICAGO MIDWAY AIRPORT, IL US",41.78412,-87.75514,185.8,2021-01-15,3.3,",,W",-2.1,",,W"
USW00014819,"CHICAGO MIDWAY AIRPORT, IL US",41.78412,-87.75514,185.8,2021-01-16,2.8,",,W",-2.1,",,W"
USW00014819,"CHICAGO MIDWAY AIRPORT, IL US",41.78412,-87.75514,185.8,2021-01-17,1.1,",,W",-2.1,",,W"
USW00014819,"CHICAGO MIDWAY AIRPORT, IL US",41.78412,-87.75514,185.8,2021-01-18,-1,",,W",-4.3,",,W"
USW00014819,"CHICAGO MIDWAY AIRPORT, IL US",41.78412,-87.75514,185.8,2021-01-19,0.6,",,W",-6.6,",,W"
USW00014819,"CHICAGO MIDWAY AIRPORT, IL US",41.78412,-87.75514,185.8,2021-01-20,1.7,",,W",-9.9,",,W"
USW00014819,"CHICAGO MIDWAY AIRPORT, IL US",41.78412,-87.75514,185.8,2021-01-21,5.6,",,W",-0.5,",,W"
USW00014819,"CHICAGO MIDWAY AIRPORT, IL US",41.78412,-87.75514,185.8,2021-01-22,-0.5,",,W",-10.5,",,W"
USW00014819,"CHICAGO MIDWAY AIRPORT, IL US",41.78412,-87.75514,185.8,2021-01-23,-0.5,",,W",-11.6,",,W"
USW00014819,"CHICAGO MIDWAY AIRPORT, IL US",41.78412,-87.75514,185.8,2021-01-24,1.7,",,W",-2.7,",,W"
USW00014819,"CHICAGO MIDWAY AIRPORT, IL US",41.78412,-87.75514,185.8,2021-01-25,1.1,",,W",-1,",,W"
USW00014819,"CHICAGO MIDWAY AIRPORT, IL US",41.78412,-87.75514,185.8,2021-01-26,0.6,",,W",-3.2,",,W"
USW00014819,"CHICAGO MIDWAY AIRPORT, IL US",41.78412,-87.75514,185.8,2021-01-27,-2.1,",,W",-9.3,",,W"
USW00014819,"CHICAGO MIDWAY AIRPORT, IL US",41.78412,-87.75514,185.8,2021-01-28,-3.2,",,W",-11.6,",,W"
USW00014819,"CHICAGO MIDWAY AIRPORT, IL US",41.78412,-87.75514,185.8,2021-01-29,0,",,W",-7.1,",,W"
USW00014819,"CHICAGO MIDWAY AIRPORT, IL US",41.78412,-87.75514,185.8,2021-01-30,1.1,",,W",-1.6,",,W"
USW00014819,"CHICAGO MIDWAY AIRPORT, IL US",41.78412,-87.75514,185.8,2021-01-31,1.1,",,W",-1.6,",,W"
USW00014819,"CHICAGO MIDWAY AIRPORT, IL US",41.78412,-87.75514,185.8,2021-02-01,1.1,",,W",-4.9,",,W"
USW00014819,"CHICAGO MIDWAY AIRPORT, IL US",41.78412,-87.75514,185.8,2021-02-02,0.6,",,W",-6,",,W"
USW00014819,"CHICAGO MIDWAY AIRPORT, IL US",41.78412,-87.75514,185.8,2021-02-03,2.2,",,W",-8.2,",,W"
USW00014819,"CHICAGO MIDWAY AIRPORT, IL US",41.78412,-87.75514,185.8,2021-02-04,3.9,",,W",-7.1,",,W"
USW00014819,"CHICAGO MIDWAY AIRPORT, IL US",41.78412,-87.75514,185.8,2021-02-05,-7.1,",,W",-12.7,",,W"
USW00014819,"CHICAGO MIDWAY AIRPORT, IL US",41.78412,-87.75514,185.8,2021-02-06,-9.9,",,W",-15.5,",,W"
USW00014819,"CHICAGO MIDWAY AIRPORT, IL US",41.78412,-87.75514,185.8,2021-02-07,-14.3,",,W",-21,",,W"
USW00014819,"CHICAGO MIDWAY AIRPORT, IL US",41.78412,-87.75514,185.8,2021-02-08,-9.3,",,W",-16.6,",,W"
USW00014819,"CHICAGO MIDWAY AIRPORT, IL US",41.78412,-87.75514,185.8,2021-02-09,-7.1,",,W",-16,",,W"
USW00014819,"CHICAGO MIDWAY AIRPORT, IL US",41.78412,-87.75514,185.8,2021-02-10,-8.2,",,W",-13.8,",,W"
USW00014819,"CHICAGO MIDWAY AIRPORT, IL US",41.78412,-87.75514,185.8,2021-02-11,-4.3,",,W",-14.9,",,W"
USW00014819,"CHICAGO MIDWAY AIRPORT, IL US",41.78412,-87.75514,185.8,2021-02-12,-6,",,W",-12.7,",,W"
USW00014819,"CHICAGO MIDWAY AIRPORT, IL US",41.78412,-87.75514,185.8,2021-02-13,-9.9,",,W",-17.7,",,W"
USW00014819,"CHICAGO MIDWAY AIRPORT, IL US",41.78412,-87.75514,185.8,2021-02-14,-14.3,",,W",-19.3,",,W"
USW00014819,"CHICAGO MIDWAY AIRPORT, IL US",41.78412,-87.75514,185.8,2021-02-15,-7.7,",,W",-17.1,",,W"
USW00014819,"CHICAGO MIDWAY AIRPORT, IL US",41.78412,-87.75514,185.8,2021-02-16,-5.5,",,W",-13.2,",,W"
USW00014819,"CHICAGO MIDWAY AIRPORT, IL US",41.78412,-87.75514,185.8,2021-02-17,-4.3,",,W",-14.3,",,W"
USW00014819,"CHICAGO MIDWAY AIRPORT, IL US",41.78412,-87.75514,185.8,2021-02-18,-3.2,",,W",-9.3,",,W"
USW00014819,"CHICAGO MIDWAY AIRPORT, IL US",41.78412,-87.75514,185.8,2021-02-19,-6,",,W",-13.8,",,W"
USW00014819,"CHICAGO MIDWAY AIRPORT, IL US",41.78412,-87.75514,185.8,2021-02-20,-1.6,",,W",-15.5,",,W"
USW00014819,"CHICAGO MIDWAY AIRPORT, IL US",41.78412,-87.75514,185.8,2021-02-21,3.3,",,W",-7.1,",,W"
USW00014819,"CHICAGO MIDWAY AIRPORT, IL US",41.78412,-87.75514,185.8,2021-02-22,4.4,",,W",-3.2,",,W"
USW00014819,"CHICAGO MIDWAY AIRPORT, IL US",41.78412,-87.75514,185.8,2021-02-23,7.8,",,W",2.2,",,W"
USW00014819,"CHICAGO MIDWAY AIRPORT, IL US",41.78412,-87.75514,185.8,2021-02-24,7.2,",,W",0,",,W"
USW00014819,"CHICAGO MIDWAY AIRPORT, IL US",41.78412,-87.75514,185.8,2021-02-25,4.4,",,W",-4.3,",,W"
USW00014819,"CHICAGO MIDWAY AIRPORT, IL US",41.78412,-87.75514,185.8,2021-02-26,5.6,",,W",-4.3,",,W"
USW00014819,"CHICAGO MIDWAY AIRPORT, IL US",41.78412,-87.75514,185.8,2021-02-27,10,",,W",1.1,",,W"
USW00014819,"CHICAGO MIDWAY AIRPORT, IL US",41.78412,-87.75514,185.8,2021-02-28,9.4,",,W",1.1,",,W"
USW00014819,"CHICAGO MIDWAY AIRPORT, IL US",41.78412,-87.75514,185.8,2021-03-01,1.7,",,W",-4.3,",,W"
USW00014819,"CHICAGO MIDWAY AIRPORT, IL US",41.78412,-87.75514,185.8,2021-03-02,6.7,",,W",-5.5,",,W"
USW00014819,"CHICAGO MIDWAY AIRPORT, IL US",41.78412,-87.75514,185.8,2021-03-03,15.6,",,W",1.7,",,W"
USW00014819,"CHICAGO MIDWAY AIRPORT, IL US",41.78412,-87.75514,185.8,2021-03-04,3.9,",,W",-1,",,W"
USW00014819,"CHICAGO MIDWAY AIRPORT, IL US",41.78412,-87.75514,185.8,2021-03-05,10,",,W",-3.8,",,W"
USW00014819,"CHICAGO MIDWAY AIRPORT, IL US",41.78412,-87.75514,185.8,2021-03-06,8.9,",,W",-2.7,",,W"
USW00014819,"CHICAGO MIDWAY AIRPORT, IL US",41.78412,-87.75514,185.8,2021-03-07,11.1,",,W",-3.8,",,W"
USW00014819,"CHICAGO MIDWAY AIRPORT, IL US",41.78412,-87.75514,185.8,2021-03-08,18.3,",,W",5.6,",,W"
USW00014819,"CHICAGO MIDWAY AIRPORT, IL US",41.78412,-87.75514,185.8,2021-03-09,20.6,",,W",6.1,",,W"
USW00014819,"CHICAGO MIDWAY AIRPORT, IL US",41.78412,-87.75514,185.8,2021-03-10,20.6,",,W",12.8,",,W"
USW00014819,"CHICAGO MIDWAY AIRPORT, IL US",41.78412,-87.75514,185.8,2021-03-11,17.8,",,W",6.1,",,W"
USW00014819,"CHICAGO MIDWAY AIRPORT, IL US",41.78412,-87.75514,185.8,2021-03-12,12.8,",,W",2.2,",,W"
USW00014819,"CHICAGO MIDWAY AIRPORT, IL US",41.78412,-87.75514,185.8,2021-03-13,15.6,",,W",0.6,",,W"
USW00014819,"CHICAGO MIDWAY AIRPORT, IL US",41.78412,-87.75514,185.8,2021-03-14,8.3,",,W",3.3,",,W"
USW00014819,"CHICAGO MIDWAY AIRPORT, IL US",41.78412,-87.75514,185.8,2021-03-15,4.4,",,W",-1,",,W"
USW00014819,"CHICAGO MIDWAY AIRPORT, IL US",41.78412,-87.75514,185.8,2021-03-16,3.3,",,W",0.6,",,W"
USW00014819,"CHICAGO MIDWAY AIRPORT, IL US",41.78412,-87.75514,185.8,2021-03-17,5,",,W",0.6,",,W"
USW00014819,"CHICAGO MIDWAY AIRPORT, IL US",41.78412,-87.75514,185.8,2021-03-18,6.1,",,W",2.8,",,W"
USW00014819,"CHICAGO MIDWAY AIRPORT, IL US",41.78412,-87.75514,185.8,2021-03-19,7.8,",,W",0.6,",,W"
USW00014819,"CHICAGO MIDWAY AIRPORT, IL US",41.78412,-87.75514,185.8,2021-03-20,14.4,",,W",0,",,W"
USW00014819,"CHICAGO MIDWAY AIRPORT, IL US",41.78412,-87.75514,185.8,2021-03-21,18.9,",,W",3.9,",,W"
USW00014819,"CHICAGO MIDWAY AIRPORT, IL US",41.78412,-87.75514,185.8,2021-03-22,20,",,W",8.3,",,W"
USW00014819,"CHICAGO MIDWAY AIRPORT, IL US",41.78412,-87.75514,185.8,2021-03-23,18.9,",,W",11.1,",,W"
USW00014819,"CHICAGO MIDWAY AIRPORT, IL US",41.78412,-87.75514,185.8,2021-03-24,15.6,",,W",8.9,",,W"
USW00014819,"CHICAGO MIDWAY AIRPORT, IL US",41.78412,-87.75514,185.8,2021-03-25,10,",,W",3.3,",,W"
USW00014819,"CHICAGO MIDWAY AIRPORT, IL US",41.78412,-87.75514,185.8,2021-03-26,5.6,",,W",2.2,",,W"
USW00014819,"CHICAGO MIDWAY AIRPORT, IL US",41.78412,-87.75514,185.8,2021-03-27,18.9,",,W",2.8,",,W"
USW00014819,"CHICAGO MIDWAY AIRPORT, IL US",41.78412,-87.75514,185.8,2021-03-28,11.1,",,W",1.1,",,W"
USW00014819,"CHICAGO MIDWAY AIRPORT, IL US",41.78412,-87.75514,185.8,2021-03-29,16.7,",,W",0,",,W"
USW00014819,"CHICAGO MIDWAY AIRPORT, IL US",41.78412,-87.75514,185.8,2021-03-30,20.6,",,W",7.2,",,W"
USW00014819,"CHICAGO MIDWAY AIRPORT, IL US",41.78412,-87.75514,185.8,2021-03-31,7.2,",,W",1.1,",,W"
USW00014819,"CHICAGO MIDWAY AIRPORT, IL US",41.78412,-87.75514,185.8,2021-04-01,3.9,",,W",-3.2,",,W"
USW00014819,"CHICAGO MIDWAY AIRPORT, IL US",41.78412,-87.75514,185.8,2021-04-02,10.6,",,W",-3.2,",,W"
USW00014819,"CHICAGO MIDWAY AIRPORT, IL US",41.78412,-87.75514,185.8,2021-04-03,21.7,",,W",4.4,",,W"
USW00014819,"CHICAGO MIDWAY AIRPORT, IL US",41.78412,-87.75514,185.8,2021-04-04,24.4,",,W",6.7,",,W"
USW00014819,"CHICAGO MIDWAY AIRPORT, IL US",41.78412,-87.75514,185.8,2021-04-05,25.6,",,W",15,",,W"
USW00014819,"CHICAGO MIDWAY AIRPORT, IL US",41.78412,-87.75514,185.8,2021-04-06,27.8,",,W",14.4,",,W"
USW00014819,"CHICAGO MIDWAY AIRPORT, IL US",41.78412,-87.75514,185.8,2021-04-07,27.8,",,W",16.1,",,W"
USW00014819,"CHICAGO MIDWAY AIRPORT, IL US",41.78412,-87.75514,185.8,2021-04-08,20.6,",,W",10,",,W"
USW00014819,"CHICAGO MIDWAY AIRPORT, IL US",41.78412,-87.75514,185.8,2021-04-09,17.2,",,W",10,",,W"
USW00014819,"CHICAGO MIDWAY AIRPORT, IL US",41.78412,-87.75514,185.8,2021-04-10,13.3,",,W",8.3,",,W"
USW00014819,"CHICAGO MIDWAY AIRPORT, IL US",41.78412,-87.75514,185.8,2021-04-11,13.3,",,W",7.2,",,W"
USW00014819,"CHICAGO MIDWAY AIRPORT, IL US",41.78412,-87.75514,185.8,2021-04-12,17.8,",,W",8.9,",,W"
USW00014819,"CHICAGO MIDWAY AIRPORT, IL US",41.78412,-87.75514,185.8,2021-04-13,12.8,",,W",6.1,",,W"
USW00014819,"CHICAGO MIDWAY AIRPORT, IL US",41.78412,-87.75514,185.8,2021-04-14,11.1,",,W",2.2,",,W"
USW00014819,"CHICAGO MIDWAY AIRPORT, IL US",41.78412,-87.75514,185.8,2021-04-15,13.3,",,W",3.9,",,W"
USW00014819,"CHICAGO MIDWAY AIRPORT, IL US",41.78412,-87.75514,185.8,2021-04-16,11.1,",,W",4.4,",,W"
USW00014819,"CHICAGO MIDWAY AIRPORT, IL US",41.78412,-87.75514,185.8,2021-04-17,13.9,",,W",2.8,",,W"
USW00014819,"CHICAGO MIDWAY AIRPORT, IL US",41.78412,-87.75514,185.8,2021-04-18,17.8,",,W",3.9,",,W"
USW00014819,"CHICAGO MIDWAY AIRPORT, IL US",41.78412,-87.75514,185.8,2021-04-19,12.2,",,W",5,",,W"
USW00014819,"CHICAGO MIDWAY AIRPORT, IL US",41.78412,-87.75514,185.8,2021-04-20,5.6,",,W",0.6,",,W"
USW00014819,"CHICAGO MIDWAY AIRPORT, IL US",41.78412,-87.75514,185.8,2021-04-21,10.6,",,W",1.1,",,W"
USW00014819,"CHICAGO MIDWAY AIRPORT, IL US",41.78412,-87.75514,185.8,2021-04-22,15.6,",,W",-0.5,",,W"
USW00014819,"CHICAGO MIDWAY AIRPORT, IL US",41.78412,-87.75514,185.8,2021-04-23,17.2,",,W",6.7,",,W"
USW00014819,"CHICAGO MIDWAY AIRPORT, IL US",41.78412,-87.75514,185.8,2021-04-24,16.7,",,W",7.8,",,W"
USW00014819,"CHICAGO MIDWAY AIRPORT, IL US",41.78412,-87.75514,185.8,2021-04-25,8.9,",,W",4.4,",,W"
USW00014819,"CHICAGO MIDWAY AIRPORT, IL US",41.78412,-87.75514,185.8,2021-04-26,26.1,",,W",4.4,",,W"
USW00014819,"CHICAGO MIDWAY AIRPORT, IL US",41.78412,-87.75514,185.8,2021-04-27,30.6,",,W",14.4,",,W"
USW00014819,"CHICAGO MIDWAY AIRPORT, IL US",41.78412,-87.75514,185.8,2021-04-28,14.4,",,W",7.2,",,W"
USW00014819,"CHICAGO MIDWAY AIRPORT, IL US",41.78412,-87.75514,185.8,2021-04-29,17.8,",,W",8.3,",,W"
USW00014819,"CHICAGO MIDWAY AIRPORT, IL US",41.78412,-87.75514,185.8,2021-04-30,13.3,",,W",6.1,",,W"
USW00014819,"CHICAGO MIDWAY AIRPORT, IL US",41.78412,-87.75514,185.8,2021-05-01,28.3,",,W",6.1,",,W"
USW00014819,"CHICAGO MIDWAY AIRPORT, IL US",41.78412,-87.75514,185.8,2021-05-02,28.9,",,W",16.7,",,W"
USW00014819,"CHICAGO MIDWAY AIRPORT, IL US",41.78412,-87.75514,185.8,2021-05-03,21.7,",,W",13.3,",,W"
USW00014819,"CHICAGO MIDWAY AIRPORT, IL US",41.78412,-87.75514,185.8,2021-05-04,14.4,",,W",8.3,",,W"
USW00014819,"CHICAGO MIDWAY AIRPORT, IL US",41.78412,-87.75514,185.8,2021-05-05,15,",,W",5.6,",,W"
USW00014819,"CHICAGO MIDWAY AIRPORT, IL US",41.78412,-87.75514,185.8,2021-05-06,13.3,",,W",6.7,",,W"
USW00014819,"CHICAGO MIDWAY AIRPORT, IL US",41.78412,-87.75514,185.8,2021-05-07,15.6,",,W",5.6,",,W"
USW00014819,"CHICAGO MIDWAY AIRPORT, IL US",41.78412,-87.75514,185.8,2021-05-08,11.1,",,W",2.8,",,W"
USW00014819,"CHICAGO MIDWAY AIRPORT, IL US",41.78412,-87.75514,185.8,2021-05-09,13.3,",,W",4.4,",,W"
USW00014819,"CHICAGO MIDWAY AIRPORT, IL US",41.78412,-87.75514,185.8,2021-05-10,10.6,",,W",3.9,",,W"
USW00014819,"CHICAGO MIDWAY AIRPORT, IL US",41.78412,-87.75514,185.8,2021-05-11,11.7,",,W",2.8,",,W"
USW00014819,"CHICAGO MIDWAY AIRPORT, IL US",41.78412,-87.75514,185.8,2021-05-12,15.6,",,W",3.3,",,W"
USW00014819,"CHICAGO MIDWAY AIRPORT, IL US",41.78412,-87.75514,185.8,2021-05-13,21.1,",,W",5,",,W"
USW00014819,"CHICAGO MIDWAY AIRPORT, IL US",41.78412,-87.75514,185.8,2021-05-14,21.7,",,W",8.3,",,W"
USW00014819,"CHICAGO MIDWAY AIRPORT, IL US",41.78412,-87.75514,185.8,2021-05-15,16.1,",,W",12.2,",,W"
USW00014819,"CHICAGO MIDWAY AIRPORT, IL US",41.78412,-87.75514,185.8,2021-05-16,22.2,",,W",12.2,",,W"
USW00014819,"CHICAGO MIDWAY AIRPORT, IL US",41.78412,-87.75514,185.8,2021-05-17,21.1,",,W",13.9,",,W"
USW00014819,"CHICAGO MIDWAY AIRPORT, IL US",41.78412,-87.75514,185.8,2021-05-18,23.9,",,W",15,",,W"
USW00014819,"CHICAGO MIDWAY AIRPORT, IL US",41.78412,-87.75514,185.8,2021-05-19,23.3,",,W",17.8,",,W"
USW00014819,"CHICAGO MIDWAY AIRPORT, IL US",41.78412,-87.75514,185.8,2021-05-20,29.4,",,W",18.9,",,W"
USW00014819,"CHICAGO MIDWAY AIRPORT, IL US",41.78412,-87.75514,185.8,2021-05-21,30,",,W",19.4,",,W"
USW00014819,"CHICAGO MIDWAY AIRPORT, IL US",41.78412,-87.75514,185.8,2021-05-22,30.6,",,W",18.9,",,W"
USW00014819,"CHICAGO MIDWAY AIRPORT, IL US",41.78412,-87.75514,185.8,2021-05-23,27.8,",,W",15,",,W"
USW00014819,"CHICAGO MIDWAY AIRPORT, IL US",41.78412,-87.75514,185.8,2021-05-24,32.2,",,W",14.4,",,W"
USW00014819,"CHICAGO MIDWAY AIRPORT, IL US",41.78412,-87.75514,185.8,2021-05-25,30.6,",,W",22.8,",,W"
USW00014819,"CHICAGO MIDWAY AIRPORT, IL US",41.78412,-87.75514,185.8,2021-05-26,27.8,",,W",15,",,W"
USW00014819,"CHICAGO MIDWAY AIRPORT, IL US",41.78412,-87.75514,185.8,2021-05-27,17.2,",,W",10.6,",,W"
USW00014819,"CHICAGO MIDWAY AIRPORT, IL US",41.78412,-87.75514,185.8,2021-05-28,10.6,",,W",7.2,",,W"
USW00014819,"CHICAGO MIDWAY AIRPORT, IL US",41.78412,-87.75514,185.8,2021-05-29,16.1,",,W",7.8,",,W"
USW00014819,"CHICAGO MIDWAY AIRPORT, IL US",41.78412,-87.75514,185.8,2021-05-30,20.6,",,W",5,",,W"
USW00014819,"CHICAGO MIDWAY AIRPORT, IL US",41.78412,-87.75514,185.8,2021-05-31,21.7,",,W",12.8,",,W"
USW00014819,"CHICAGO MIDWAY AIRPORT, IL US",41.78412,-87.75514,185.8,2021-06-01,24.4,",,W",10.6,",,W"
USW00014819,"CHICAGO MIDWAY AIRPORT, IL US",41.78412,-87.75514,185.8,2021-06-02,25.6,",,W",13.3,",,W"
USW00014819,"CHICAGO MIDWAY AIRPORT, IL US",41.78412,-87.75514,185.8,2021-06-03,30.6,",,W",13.3,",,W"
USW00014819,"CHICAGO MIDWAY AIRPORT, IL US",41.78412,-87.75514,185.8,2021-06-04,32.8,",,W",21.1,",,W"
USW00014819,"CHICAGO MIDWAY AIRPORT, IL US",41.78412,-87.75514,185.8,2021-06-05,33.3,",,W",20.6,",,W"
USW00014819,"CHICAGO MIDWAY AIRPORT, IL US",41.78412,-87.75514,185.8,2021-06-06,31.1,",,W",21.7,",,W"
USW00014819,"CHICAGO MIDWAY AIRPORT, IL US",41.78412,-87.75514,185.8,2021-06-07,26.1,",,W",22.8,",,W"
USW00014819,"CHICAGO MIDWAY AIRPORT, IL US",41.78412,-87.75514,185.8,2021-06-08,32.2,",,W",21.7,",,W"
USW00014819,"CHICAGO MIDWAY AIRPORT, IL US",41.78412,-87.75514,185.8,2021-06-09,30.6,",,W",22.2,",,W"
USW00014819,"CHICAGO MIDWAY AIRPORT, IL US",41.78412,-87.75514,185.8,2021-06-10,31.7,",,W",20.6,",,W"
USW00014819,"CHICAGO MIDWAY AIRPORT, IL US",41.78412,-87.75514,185.8,2021-06-11,32.8,",,W",21.7,",,W"
USW00014819,"CHICAGO MIDWAY AIRPORT, IL US",41.78412,-87.75514,185.8,2021-06-12,33.3,",,W",21.1,",,W"
USW00014819,"CHICAGO MIDWAY AIRPORT, IL US",41.78412,-87.75514,185.8,2021-06-13,29.4,",,W",21.1,",,W"
USW00014819,"CHICAGO MIDWAY AIRPORT, IL US",41.78412,-87.75514,185.8,2021-06-14,27.8,",,W",19.4,",,W"
USW00014819,"CHICAGO MIDWAY AIRPORT, IL US",41.78412,-87.75514,185.8,2021-06-15,26.1,",,W",16.7,",,W"
USW00014819,"CHICAGO MIDWAY AIRPORT, IL US",41.78412,-87.75514,185.8,2021-06-16,25.6,",,W",16.1,",,W"
USW00014819,"CHICAGO MIDWAY AIRPORT, IL US",41.78412,-87.75514,185.8,2021-06-17,31.7,",,W",14.4,",,W"
USW00014819,"CHICAGO MIDWAY AIRPORT, IL US",41.78412,-87.75514,185.8,2021-06-18,32.8,",,W",20,",,W"
USW00014819,"CHICAGO MIDWAY AIRPORT, IL US",41.78412,-87.75514,185.8,2021-06-19,32.8,",,W",20,",,W"
USW00014819,"CHICAGO MIDWAY AIRPORT, IL US",41.78412,-87.75514,185.8,2021-06-20,28.9,",,W",19.4,",,W"
USW00014819,"CHICAGO MIDWAY AIRPORT, IL US",41.78412,-87.75514,185.8,2021-06-21,23.9,",,W",15,",,W"
USW00014819,"CHICAGO MIDWAY AIRPORT, IL US",41.78412,-87.75514,185.8,2021-06-22,23.9,",,W",12.8,",,W"
USW00014819,"CHICAGO MIDWAY AIRPORT, IL US",41.78412,-87.75514,185.8,2021-06-23,26.7,",,W",18.3,",,W"
USW00014819,"CHICAGO MIDWAY AIRPORT, IL US",41.78412,-87.75514,185.8,2021-06-24,24.4,",,W",20.6,",,W"
USW00014819,"CHICAGO MIDWAY AIRPORT, IL US",41.78412,-87.75514,185.8,2021-06-25,25,",,W",21.1,",,W"
USW00014819,"CHICAGO MIDWAY AIRPORT, IL US",41.78412,-87.75514,185.8,2021-06-26,27.8,",,W",21.7,",,W"
USW00014819,"CHICAGO MIDWAY AIRPORT, IL US",41.78412,-87.75514,185.8,2021-06-27,28.9,",,W",20,",,W"
USW00014819,"CHICAGO MIDWAY AIRPORT, IL US",41.78412,-87.75514,185.8,2021-06-28,29.4,",,W",18.9,",,W"
USW00014819,"CHICAGO MIDWAY AIRPORT, IL US",41.78412,-87.75514,185.8,2021-06-29,30.6,",,W",22.2,",,W"
USW00014819,"CHICAGO MIDWAY AIRPORT, IL US",41.78412,-87.75514,185.8,2021-06-30,27.8,",,W",21.7,",,W"
USW00014819,"CHICAGO MIDWAY AIRPORT, IL US",41.78412,-87.75514,185.8,2021-07-01,25.6,",,W",16.7,",,W"
USW00014819,"CHICAGO MIDWAY AIRPORT, IL US",41.78412,-87.75514,185.8,2021-07-02,23.3,",,W",16.1,",,W"
USW00014819,"CHICAGO MIDWAY AIRPORT, IL US",41.78412,-87.75514,185.8,2021-07-03,30,",,W",14.4,",,W"
USW00014819,"CHICAGO MIDWAY AIRPORT, IL US",41.78412,-87.75514,185.8,2021-07-04,32.2,",,W",20.6,",,W"
USW00014819,"CHICAGO MIDWAY AIRPORT, IL US",41.78412,-87.75514,185.8,2021-07-05,32.8,",,W",22.8,",,W"
USW00014819,"CHICAGO MIDWAY AIRPORT, IL US",41.78412,-87.75514,185.8,2021-07-06,33.3,",,W",25,",,W"
USW00014819,"CHICAGO MIDWAY AIRPORT, IL US",41.78412,-87.75514,185.8,2021-07-07,32.8,",,W",20.6,",,W"
USW00014819,"CHICAGO MIDWAY AIRPORT, IL US",41.78412,-87.75514,185.8,2021-07-08,20.6,",,W",16.1,",,W"
USW00014819,"CHICAGO MIDWAY AIRPORT, IL US",41.78412,-87.75514,185.8,2021-07-09,24.4,",,W",14.4,",,W"
USW00014819,"CHICAGO MIDWAY AIRPORT, IL US",41.78412,-87.75514,185.8,2021-07-10,24.4,",,W",18.3,",,W"
USW00014819,"CHICAGO MIDWAY AIRPORT, IL US",41.78412,-87.75514,185.8,2021-07-11,21.1,",,W",19.4,",,W"
USW00014819,"CHICAGO MIDWAY AIRPORT, IL US",41.78412,-87.75514,185.8,2021-07-12,23.9,",,W",19.4,",,W"
USW00014819,"CHICAGO MIDWAY AIRPORT, IL US",41.78412,-87.75514,185.8,2021-07-13,27.2,",,W",21.1,",,W"
USW00014819,"CHICAGO MIDWAY AIRPORT, IL US",41.78412,-87.75514,185.8,2021-07-14,29.4,",,W",21.1,",,W"
USW00014819,"CHICAGO MIDWAY AIRPORT, IL US",41.78412,-87.75514,185.8,2021-07-15,27.2,",,W",20,",,W"
USW00014819,"CHICAGO MIDWAY AIRPORT, IL US",41.78412,-87.75514,185.8,2021-07-16,23.9,",,W",19.4,",,W"
USW00014819,"CHICAGO MIDWAY AIRPORT, IL US",41.78412,-87.75514,185.8,2021-07-17,26.1,",,W",20.6,",,W"
USW00014819,"CHICAGO MIDWAY AIRPORT, IL US",41.78412,-87.75514,185.8,2021-07-18,28.3,",,W",20,",,W"
USW00014819,"CHICAGO MIDWAY AIRPORT, IL US",41.78412,-87.75514,185.8,2021-07-19,28.9,",,W",19.4,",,W"
USW00014819,"CHICAGO MIDWAY AIRPORT, IL US",41.78412,-87.75514,185.8,2021-07-20,31.7,",,W",19.4,",,W"
USW00014819,"CHICAGO MIDWAY AIRPORT, IL US",41.78412,-87.75514,185.8,2021-07-21,24.4,",,W",19.4,",,W"
USW00014819,"CHICAGO MIDWAY AIRPORT, IL US",41.78412,-87.75514,185.8,2021-07-22,30,",,W",18.9,",,W"
USW00014819,"CHICAGO MIDWAY AIRPORT, IL US",41.78412,-87.75514,185.8,2021-07-23,32.8,",,W",23.3,",,W"
USW00014819,"CHICAGO MIDWAY AIRPORT, IL US",41.78412,-87.75514,185.8,2021-07-24,33.9,",,W",23.9,",,W"
USW00014819,"CHICAGO MIDWAY AIRPORT, IL US",41.78412,-87.75514,185.8,2021-07-25,32.8,",,W",22.8,",,W"
USW00014819,"CHICAGO MIDWAY AIRPORT, IL US",41.78412,-87.75514,185.8,2021-07-26,33.9,",,W",20.6,",,W"
USW00014819,"CHICAGO MIDWAY AIRPORT, IL US",41.78412,-87.75514,185.8,2021-07-27,31.1,",,W",22.2,",,W"
USW00014819,"CHICAGO MIDWAY AIRPORT, IL US",41.78412,-87.75514,185.8,2021-07-28,32.2,",,W",23.3,",,W"
USW00014819,"CHICAGO MIDWAY AIRPORT, IL US",41.78412,-87.75514,185.8,2021-07-29,31.7,",,W",22.2,",,W"
USW00014819,"CHICAGO MIDWAY AIRPORT, IL US",41.78412,-87.75514,185.8,2021-07-30,24.4,",,W",19.4,",,W"
USW00014819,"CHICAGO MIDWAY AIRPORT, IL US",41.78412,-87.75514,185.8,2021-07-31,27.2,",,W",17.2,",,W"
USW00014819,"CHICAGO MIDWAY AIRPORT, IL US",41.78412,-87.75514,185.8,2021-08-01,25,",,W",17.8,",,W"
USW00014819,"CHICAGO MIDWAY AIRPORT, IL US",41.78412,-87.75514,185.8,2021-08-02,25,",,W",16.7,",,W"
USW00014819,"CHICAGO MIDWAY AIRPORT, IL US",41.78412,-87.75514,185.8,2021-08-03,27.8,",,W",17.2,",,W"
USW00014819,"CHICAGO MIDWAY AIRPORT, IL US",41.78412,-87.75514,185.8,2021-08-04,28.9,",,W",17.8,",,W"
USW00014819,"CHICAGO MIDWAY AIRPORT, IL US",41.78412,-87.75514,185.8,2021-08-05,30,",,W",18.9,",,W"
USW00014819,"CHICAGO MIDWAY AIRPORT, IL US",41.78412,-87.75514,185.8,2021-08-06,28.9,",,W",19.4,",,W"
USW00014819,"CHICAGO MIDWAY AIRPORT, IL US",41.78412,-87.75514,185.8,2021-08-07,31.7,",,W",20,",,W"
USW00014819,"CHICAGO MIDWAY AIRPORT, IL US",41.78412,-87.75514,185.8,2021-08-08,33.3,",,W",22.2,",,W"
USW00014819,"CHICAGO MIDWAY AIRPORT, IL US",41.78412,-87.75514,185.8,2021-08-09,27.8,",,W",22.2,",,W"
USW00014819,"CHICAGO MIDWAY AIRPORT, IL US",41.78412,-87.75514,185.8,2021-08-10,34.4,",,W",21.7,",,W"
USW00014819,"CHICAGO MIDWAY AIRPORT, IL US",41.78412,-87.75514,185.8,2021-08-11,31.1,",,W",22.8,",,W"
USW00014819,"CHICAGO MIDWAY AIRPORT, IL US",41.78412,-87.75514,185.8,2021-08-12,29.4,",,W",22.8,",,W"
USW00014819,"CHICAGO MIDWAY AIRPORT, IL US",41.78412,-87.75514,185.8,2021-08-13,27.8,",,W",21.1,",,W"
USW00014819,"CHICAGO MIDWAY AIRPORT, IL US",41.78412,-87.75514,185.8,2021-08-14,26.7,",,W",18.9,",,W"
USW00014819,"CHICAGO MIDWAY AIRPORT, IL US",41.78412,-87.75514,185.8,2021-08-15,27.2,",,W",16.1,",,W"
USW00014819,"CHICAGO MIDWAY AIRPORT, IL US",41.78412,-87.75514,185.8,2021-08-16,26.7,",,W",18.3,",,W"
USW00014819,"CHICAGO MIDWAY AIRPORT, IL US",41.78412,-87.75514,185.8,2021-08-17,28.3,",,W",20,",,W"
USW00014819,"CHICAGO MIDWAY AIRPORT, IL US",41.78412,-87.75514,185.8,2021-08-18,30,",,W",23.3,",,W"
USW00014819,"CHICAGO MIDWAY AIRPORT, IL US",41.78412,-87.75514,185.8,2021-08-19,30.6,",,W",23.3,",,W"
USW00014819,"CHICAGO MIDWAY AIRPORT, IL US",41.78412,-87.75514,185.8,2021-08-20,32.2,",,W",22.2,",,W"
USW00014819,"CHICAGO MIDWAY AIRPORT, IL US",41.78412,-87.75514,185.8,2021-08-21,31.7,",,W",23.9,",,W"
USW00014819,"CHICAGO MIDWAY AIRPORT, IL US",41.78412,-87.75514,185.8,2021-08-22,28.9,",,W",22.2,",,W"
USW00014819,"CHICAGO MIDWAY AIRPORT, IL US",41.78412,-87.75514,185.8,2021-08-23,31.1,",,W",20,",,W"
USW00014819,"CHICAGO MIDWAY AIRPORT, IL US",41.78412,-87.75514,185.8,2021-08-24,35.6,",,W",22.8,",,W"
USW00014819,"CHICAGO MIDWAY AIRPORT, IL US",41.78412,-87.75514,185.8,2021-08-25,34.4,",,W",22.2,",,W"
USW00014819,"CHICAGO MIDWAY AIRPORT, IL US",41.78412,-87.75514,185.8,2021-08-26,32.2,",,W",21.7,",,W"
USW00014819,"CHICAGO MIDWAY AIRPORT, IL US",41.78412,-87.75514,185.8,2021-08-27,33.3,",,W",22.8,",,W"
USW00014819,"CHICAGO MIDWAY AIRPORT, IL US",41.78412,-87.75514,185.8,2021-08-28,33.9,",,W",24.4,",,W"
USW00014819,"CHICAGO MIDWAY AIRPORT, IL US",41.78412,-87.75514,185.8,2021-08-29,32.8,",,W",23.9,",,W"
USW00014819,"CHICAGO MIDWAY AIRPORT, IL US",41.78412,-87.75514,185.8,2021-08-30,29.4,",,W",20.6,",,W"
USW00014819,"CHICAGO MIDWAY AIRPORT, IL US",41.78412,-87.75514,185.8,2021-08-31,27.8,",,W",20,",,W"
USW00014819,"CHICAGO MIDWAY AIRPORT, IL US",41.78412,-87.75514,185.8,2021-09-01,25.6,",,W",18.9,",,W"
USW00014819,"CHICAGO MIDWAY AIRPORT, IL US",41.78412,-87.75514,185.8,2021-09-02,26.1,",,W",17.2,",,W"
USW00014819,"CHICAGO MIDWAY AIRPORT, IL US",41.78412,-87.75514,185.8,2021-09-03,24.4,",,W",18.3,",,W"
USW00014819,"CHICAGO MIDWAY AIRPORT, IL US",41.78412,-87.75514,185.8,2021-09-04,23.9,",,W",17.8,",,W"
USW00014819,"CHICAGO MIDWAY AIRPORT, IL US",41.78412,-87.75514,185.8,2021-09-05,28.9,",,W",15.6,",,W"
USW00014819,"CHICAGO MIDWAY AIRPORT, IL US",41.78412,-87.75514,185.8,2021-09-06,27.8,",,W",16.7,",,W"
USW00014819,"CHICAGO MIDWAY AIRPORT, IL US",41.78412,-87.75514,185.8,2021-09-07,32.2,",,W",18.3,",,W"
USW00014819,"CHICAGO MIDWAY AIRPORT, IL US",41.78412,-87.75514,185.8,2021-09-08,27.8,",,W",14.4,",,W"
USW00014819,"CHICAGO MIDWAY AIRPORT, IL US",41.78412,-87.75514,185.8,2021-09-09,24.4,",,W",13.9,",,W"
USW00014819,"CHICAGO MIDWAY AIRPORT, IL US",41.78412,-87.75514,185.8,2021-09-10,27.2,",,W",15.6,",,W"
USW00014819,"CHICAGO MIDWAY AIRPORT, IL US",41.78412,-87.75514,185.8,2021-09-11,31.1,",,W",18.9,",,W"
USW00014819,"CHICAGO MIDWAY AIRPORT, IL US",41.78412,-87.75514,185.8,2021-09-12,32.2,",,W",21.7,",,W"
USW00014819,"CHICAGO MIDWAY AIRPORT, IL US",41.78412,-87.75514,185.8,2021-09-13,32.2,",,W",21.7,",,W"
USW00014819,"CHICAGO MIDWAY AIRPORT, IL US",41.78412,-87.75514,185.8,2021-09-14,31.1,",,W",19.4,",,W"
USW00014819,"CHICAGO MIDWAY AIRPORT, IL US",41.78412,-87.75514,185.8,2021-09-15,26.1,",,W",16.1,",,W"
USW00014819,"CHICAGO MIDWAY AIRPORT, IL US",41.78412,-87.75514,185.8,2021-09-16,28.3,",,W",15,",,W"
USW00014819,"CHICAGO MIDWAY AIRPORT, IL US",41.78412,-87.75514,185.8,2021-09-17,31.7,",,W",18.3,",,W"
USW00014819,"CHICAGO MIDWAY AIRPORT, IL US",41.78412,-87.75514,185.8,2021-09-18,26.1,",,W",20.6,",,W"
USW00014819,"CHICAGO MIDWAY AIRPORT, IL US",41.78412,-87.75514,185.8,2021-09-19,32.2,",,W",19.4,",,W"
USW00014819,"CHICAGO MIDWAY AIRPORT, IL US",41.78412,-87.75514,185.8,2021-09-20,28.9,",,W",21.7,",,W"
USW00014819,"CHICAGO MIDWAY AIRPORT, IL US",41.78412,-87.75514,185.8,2021-09-21,24.4,",,W",16.1,",,W"
USW00014819,"CHICAGO MIDWAY AIRPORT, IL US",41.78412,-87.75514,185.8,2021-09-22,17.2,",,W",13.3,",,W"
USW00014819,"CHICAGO MIDWAY AIRPORT, IL US",41.78412,-87.75514,185.8,2021-09-23,20.6,",,W",11.7,",,W"
USW00014819,"CHICAGO MIDWAY AIRPORT, IL US",41.78412,-87.75514,185.8,2021-09-24,26.7,",,W",11.1,",,W"
USW00014819,"CHICAGO MIDWAY AIRPORT, IL US",41.78412,-87.75514,185.8,2021-09-25,21.7,",,W",10,",,W"
USW00014819,"CHICAGO MIDWAY AIRPORT, IL US",41.78412,-87.75514,185.8,2021-09-26,28.9,",,W",13.3,",,W"
USW00014819,"CHICAGO MIDWAY AIRPORT, IL US",41.78412,-87.75514,185.8,2021-09-27,31.1,",,W",18.3,",,W"
USW00014819,"CHICAGO MIDWAY AIRPORT, IL US",41.78412,-87.75514,185.8,2021-09-28,22.8,",,W",17.2,",,W"
USW00014819,"CHICAGO MIDWAY AIRPORT, IL US",41.78412,-87.75514,185.8,2021-09-29,27.2,",,W",15.6,",,W"
USW00014819,"CHICAGO MIDWAY AIRPORT, IL US",41.78412,-87.75514,185.8,2021-09-30,27.2,",,W",15.6,",,W"
USW00014819,"CHICAGO MIDWAY AIRPORT, IL US",41.78412,-87.75514,185.8,2021-10-01,30,",,W",16.7,",,W"
USW00014819,"CHICAGO MIDWAY AIRPORT, IL US",41.78412,-87.75514,185.8,2021-10-02,27.8,",,W",20.6,",,W"
USW00014819,"CHICAGO MIDWAY AIRPORT, IL US",41.78412,-87.75514,185.8,2021-10-03,26.1,",,W",19.4,",,W"
USW00014819,"CHICAGO MIDWAY AIRPORT, IL US",41.78412,-87.75514,185.8,2021-10-04,22.8,",,W",18.3,",,W"
USW00014819,"CHICAGO MIDWAY AIRPORT, IL US",41.78412,-87.75514,185.8,2021-10-05,20.6,",,W",18.9,",,W"
USW00014819,"CHICAGO MIDWAY AIRPORT, IL US",41.78412,-87.75514,185.8,2021-10-06,20.6,",,W",18.3,",,W"
USW00014819,"CHICAGO MIDWAY AIRPORT, IL US",41.78412,-87.75514,185.8,2021-10-07,23.9,",,W",19.4,",,W"
USW00014819,"CHICAGO MIDWAY AIRPORT, IL US",41.78412,-87.75514,185.8,2021-10-08,24.4,",,W",17.2,",,W"
USW00014819,"CHICAGO MIDWAY AIRPORT, IL US",41.78412,-87.75514,185.8,2021-10-09,27.8,",,W",17.8,",,W"
USW00014819,"CHICAGO MIDWAY AIRPORT, IL US",41.78412,-87.75514,185.8,2021-10-10,28.9,",,W",22.2,",,W"
USW00014819,"CHICAGO MIDWAY AIRPORT, IL US",41.78412,-87.75514,185.8,2021-10-11,26.7,",,W",17.2,",,W"
USW00014819,"CHICAGO MIDWAY AIRPORT, IL US",41.78412,-87.75514,185.8,2021-10-12,18.9,",,W",13.3,",,W"
USW00014819,"CHICAGO MIDWAY AIRPORT, IL US",41.78412,-87.75514,185.8,2021-10-13,23.3,",,W",11.7,",,W"
USW00014819,"CHICAGO MIDWAY AIRPORT, IL US",41.78412,-87.75514,185.8,2021-10-14,21.7,",,W",15.6,",,W"
USW00014819,"CHICAGO MIDWAY AIRPORT, IL US",41.78412,-87.75514,185.8,2021-10-15,17.8,",,W",11.1,",,W"
USW00014819,"CHICAGO MIDWAY AIRPORT, IL US",41.78412,-87.75514,185.8,2021-10-16,15.6,",,W",6.7,",,W"
USW00014819,"CHICAGO MIDWAY AIRPORT, IL US",41.78412,-87.75514,185.8,2021-10-17,19.4,",,W",5.6,",,W"
USW00014819,"CHICAGO MIDWAY AIRPORT, IL US",41.78412,-87.75514,185.8,2021-10-18,22.2,",,W",7.2,",,W"
USW00014819,"CHICAGO MIDWAY AIRPORT, IL US",41.78412,-87.75514,185.8,2021-10-19,22.8,",,W",11.1,",,W"
USW00014819,"CHICAGO MIDWAY AIRPORT, IL US",41.78412,-87.75514,185.8,2021-10-20,22.8,",,W",11.7,",,W"
USW00014819,"CHICAGO MIDWAY AIRPORT, IL US",41.78412,-87.75514,185.8,2021-10-21,18.9,",,W",8.3,",,W"
USW00014819,"CHICAGO MIDWAY AIRPORT, IL US",41.78412,-87.75514,185.8,2021-10-22,13.3,",,W",7.2,",,W"
USW00014819,"CHICAGO MIDWAY AIRPORT, IL US",41.78412,-87.75514,185.8,2021-10-23,13.3,",,W",4.4,",,W"
USW00014819,"CHICAGO MIDWAY AIRPORT, IL US",41.78412,-87.75514,185.8,2021-10-24,11.1,",,W",5,",,W"
USW00014819,"CHICAGO MIDWAY AIRPORT, IL US",41.78412,-87.75514,185.8,2021-10-25,12.2,",,W",9.4,",,W"
USW00014819,"CHICAGO MIDWAY AIRPORT, IL US",41.78412,-87.75514,185.8,2021-10-26,13.3,",,W",5,",,W"
USW00014819,"CHICAGO MIDWAY AIRPORT, IL US",41.78412,-87.75514,185.8,2021-10-27,13.9,",,W",3.9,",,W"
USW00014819,"CHICAGO MIDWAY AIRPORT, IL US",41.78412,-87.75514,185.8,2021-10-28,13.3,",,W",8.9,",,W"
USW00014819,"CHICAGO MIDWAY AIRPORT, IL US",41.78412,-87.75514,185.8,2021-10-29,13.3,",,W",11.7,",,W"
USW00014819,"CHICAGO MIDWAY AIRPORT, IL US",41.78412,-87.75514,185.8,2021-10-30,14.4,",,W",7.2,",,W"
USW00014819,"CHICAGO MIDWAY AIRPORT, IL US",41.78412,-87.75514,185.8,2021-10-31,12.2,",,W",3.3,",,W"
USW00014819,"CHICAGO MIDWAY AIRPORT, IL US",41.78412,-87.75514,185.8,2021-11-01,9.4,",,W",1.1,",,W"
USW00014819,"CHICAGO MIDWAY AIRPORT, IL US",41.78412,-87.75514,185.8,2021-11-02,8.9,",,W",0,",,W"
USW00014819,"CHICAGO MIDWAY AIRPORT, IL US",41.78412,-87.75514,185.8,2021-11-03,7.8,",,W",-1,",,W"
USW00014819,"CHICAGO MIDWAY AIRPORT, IL US",41.78412,-87.75514,185.8,2021-11-04,8.9,",,W",-1,",,W"
USW00014819,"CHICAGO MIDWAY AIRPORT, IL US",41.78412,-87.75514,185.8,2021-11-05,11.1,",,W",1.1,",,W"
USW00014819,"CHICAGO MIDWAY AIRPORT, IL US",41.78412,-87.75514,185.8,2021-11-06,15.6,",,W",1.7,",,W"
USW00014819,"CHICAGO MIDWAY AIRPORT, IL US",41.78412,-87.75514,185.8,2021-11-07,18.9,",,W",5,",,W"
USW00014819,"CHICAGO MIDWAY AIRPORT, IL US",41.78412,-87.75514,185.8,2021-11-08,18.9,",,W",8.9,",,W"
USW00014819,"CHICAGO MIDWAY AIRPORT, IL US",41.78412,-87.75514,185.8,2021-11-09,13.9,",,W",6.1,",,W"
USW00014819,"CHICAGO MIDWAY AIRPORT, IL US",41.78412,-87.75514,185.8,2021-11-10,14.4,",,W",4.4,",,W"
USW00014819,"CHICAGO MIDWAY AIRPORT, IL US",41.78412,-87.75514,185.8,2021-11-11,14.4,",,W",3.3,",,W"
USW00014819,"CHICAGO MIDWAY AIRPORT, IL US",41.78412,-87.75514,185.8,2021-11-12,6.1,",,W",1.1,",,W"
USW00014819,"CHICAGO MIDWAY AIRPORT, IL US",41.78412,-87.75514,185.8,2021-11-13,5,",,W",1.1,",,W"
USW00014819,"CHICAGO MIDWAY AIRPORT, IL US",41.78412,-87.75514,185.8,2021-11-14,3.3,",,W",1.1,",,W"
USW00014819,"CHICAGO MIDWAY AIRPORT, IL US",41.78412,-87.75514,185.8,2021-11-15,2.2,",,W",-1,",,W"
USW00014819,"CHICAGO MIDWAY AIRPORT, IL US",41.78412,-87.75514,185.8,2021-11-16,13.9,",,W",0,",,W"
USW00014819,"CHICAGO MIDWAY AIRPORT, IL US",41.78412,-87.75514,185.8,2021-11-17,16.7,",,W",5,",,W"
USW00014819,"CHICAGO MIDWAY AIRPORT, IL US",41.78412,-87.75514,185.8,2021-11-18,5,",,W",0.6,",,W"
USW00014819,"CHICAGO MIDWAY AIRPORT, IL US",41.78412,-87.75514,185.8,2021-11-19,4.4,",,W",-3.2,",,W"
USW00014819,"CHICAGO MIDWAY AIRPORT, IL US",41.78412,-87.75514,185.8,2021-11-20,10,",,W",2.2,",,W"
USW00014819,"CHICAGO MIDWAY AIRPORT, IL US",41.78412,-87.75514,185.8,2021-11-21,12.8,",,W",-1,",,W"
USW00014819,"CHICAGO MIDWAY AIRPORT, IL US",41.78412,-87.75514,185.8,2021-11-22,2.8,",,W",-4.3,",,W"
USW00014819,"CHICAGO MIDWAY AIRPORT, IL US",41.78412,-87.75514,185.8,2021-11-23,6.1,",,W",-3.8,",,W"
USW00014819,"CHICAGO MIDWAY AIRPORT, IL US",41.78412,-87.75514,185.8,2021-11-24,11.7,",,W",2.8,",,W"
USW00014819,"CHICAGO MIDWAY AIRPORT, IL US",41.78412,-87.75514,185.8,2021-11-25,9.4,",,W",-4.3,",,W"
USW00014819,"CHICAGO MIDWAY AIRPORT, IL US",41.78412,-87.75514,185.8,2021-11-26,-0.5,",,W",-7.1,",,W"
USW00014819,"CHICAGO MIDWAY AIRPORT, IL US",41.78412,-87.75514,185.8,2021-11-27,5,",,W",-1,",,W"
USW00014819,"CHICAGO MIDWAY AIRPORT, IL US",41.78412,-87.75514,185.8,2021-11-28,5,",,W",-3.2,",,W"
USW00014819,"CHICAGO MIDWAY AIRPORT, IL US",41.78412,-87.75514,185.8,2021-11-29,5,",,W",-3.2,",,W"
USW00014819,"CHICAGO MIDWAY AIRPORT, IL US",41.78412,-87.75514,185.8,2021-11-30,11.7,",,W",0.6,",,W"
USW00014819,"CHICAGO MIDWAY AIRPORT, IL US",41.78412,-87.75514,185.8,2021-12-01,8.9,",,W",1.7,",,W"
USW00014819,"CHICAGO MIDWAY AIRPORT, IL US",41.78412,-87.75514,185.8,2021-12-02,15,",,W",6.7,",,W"
USW00014819,"CHICAGO MIDWAY AIRPORT, IL US",41.78412,-87.75514,185.8,2021-12-03,10.6,",,W",3.9,",,W"
USW00014819,"CHICAGO MIDWAY AIRPORT, IL US",41.78412,-87.75514,185.8,2021-12-04,7.8,",,W",-0.5,",,W"
USW00014819,"CHICAGO MIDWAY AIRPORT, IL US",41.78412,-87.75514,185.8,2021-12-05,6.1,",,W",1.7,",,W"
USW00014819,"CHICAGO MIDWAY AIRPORT, IL US",41.78412,-87.75514,185.8,2021-12-06,3.3,",,W",-9.3,",,W"
USW00014819,"CHICAGO MIDWAY AIRPORT, IL US",41.78412,-87.75514,185.8,2021-12-07,-3.8,",,W",-10.5,",,W"
USW00014819,"CHICAGO MIDWAY AIRPORT, IL US",41.78412,-87.75514,185.8,2021-12-08,2.2,",,W",-4.3,",,W"
USW00014819,"CHICAGO MIDWAY AIRPORT, IL US",41.78412,-87.75514,185.8,2021-12-09,8.3,",,W",-2.1,",,W"
USW00014819,"CHICAGO MIDWAY AIRPORT, IL US",41.78412,-87.75514,185.8,2021-12-10,16.1,",,W",0.6,",,W"
USW00014819,"CHICAGO MIDWAY AIRPORT, IL US",41.78412,-87.75514,185.8,2021-12-11,15,",,W",-1,",,W"
USW00014819,"CHICAGO MIDWAY AIRPORT, IL US",41.78412,-87.75514,185.8,2021-12-12,10,",,W",-1,",,W"
USW00014819,"CHICAGO MIDWAY AIRPORT, IL US",41.78412,-87.75514,185.8,2021-12-13,10,",,W",2.2,",,W"
USW00014819,"CHICAGO MIDWAY AIRPORT, IL US",41.78412,-87.75514,185.8,2021-12-14,12.8,",,W",0.6,",,W"
USW00014819,"CHICAGO MIDWAY AIRPORT, IL US",41.78412,-87.75514,185.8,2021-12-15,18.9,",,W",11.1,",,W"
USW00014819,"CHICAGO MIDWAY AIRPORT, IL US",41.78412,-87.75514,185.8,2021-12-16,19.4,",,W",1.7,",,W"
USW00014819,"CHICAGO MIDWAY AIRPORT, IL US",41.78412,-87.75514,185.8,2021-12-17,5.6,",,W",-2.1,",,W"
USW00014819,"CHICAGO MIDWAY AIRPORT, IL US",41.78412,-87.75514,185.8,2021-12-18,5.6,",,W",0.6,",,W"
USW00014819,"CHICAGO MIDWAY AIRPORT, IL US",41.78412,-87.75514,185.8,2021-12-19,4.4,",,W",0,",,W"
USW00014819,"CHICAGO MIDWAY AIRPORT, IL US",41.78412,-87.75514,185.8,2021-12-20,7.2,",,W",-0.5,",,W"
USW00014819,"CHICAGO MIDWAY AIRPORT, IL US",41.78412,-87.75514,185.8,2021-12-21,6.7,",,W",-2.7,",,W"
USW00014819,"CHICAGO MIDWAY AIRPORT, IL US",41.78412,-87.75514,185.8,2021-12-22,0,",,W",-6.6,",,W"
USW00014819,"CHICAGO MIDWAY AIRPORT, IL US",41.78412,-87.75514,185.8,2021-12-23,8.3,",,W",-2.1,",,W"
USW00014819,"CHICAGO MIDWAY AIRPORT, IL US",41.78412,-87.75514,185.8,2021-12-24,14.4,",,W",2.8,",,W"
USW00014819,"CHICAGO MIDWAY AIRPORT, IL US",41.78412,-87.75514,185.8,2021-12-25,15,",,W",1.7,",,W"
USW00014819,"CHICAGO MIDWAY AIRPORT, IL US",41.78412,-87.75514,185.8,2021-12-26,6.7,",,W",-1,",,W"
USW00014819,"CHICAGO MIDWAY AIRPORT, IL US",41.78412,-87.75514,185.8,2021-12-27,8.9,",,W",1.1,",,W"
USW00014819,"CHICAGO MIDWAY AIRPORT, IL US",41.78412,-87.75514,185.8,2021-12-28,3.9,",,W",0.6,",,W"
USW00014819,"CHICAGO MIDWAY AIRPORT, IL US",41.78412,-87.75514,185.8,2021-12-29,3.9,",,W",0,",,W"
USW00014819,"CHICAGO MIDWAY AIRPORT, IL US",41.78412,-87.75514,185.8,2021-12-30,3.9,",,W",0.6,",,W"
USW00014819,"CHICAGO MIDWAY AIRPORT, IL US",41.78412,-87.75514,185.8,2021-12-31,7.8,",,W",1.1,",,W"
USC00111550,"CHICAGO NORTHERLY ISLAND, IL US",41.8558,-87.6094,177.7,2022-01-01,3.3,",,7",-1.7,",,7"
USC00111550,"CHICAGO NORTHERLY ISLAND, IL US",41.8558,-87.6094,177.7,2022-01-02,-1.7,",,7",-8.3,",,7"
USC00111550,"CHICAGO NORTHERLY ISLAND, IL US",41.8558,-87.6094,177.7,2022-01-03,-5,",,7",-10.6,",,7"
USC00111550,"CHICAGO NORTHERLY ISLAND, IL US",41.8558,-87.6094,177.7,2022-01-04,1.1,",,7",-5.6,",,7"
USC00111550,"CHICAGO NORTHERLY ISLAND, IL US",41.8558,-87.6094,177.7,2022-01-05,0.6,",,7",-11.1,",,7"
USC00111550,"CHICAGO NORTHERLY ISLAND, IL US",41.8558,-87.6094,177.7,2022-01-06,-8.3,",,7",-14.4,",,7"
USC00111550,"CHICAGO NORTHERLY ISLAND, IL US",41.8558,-87.6094,177.7,2022-01-07,-8.3,",,7",-17.2,",,7"
USC00111550,"CHICAGO NORTHERLY ISLAND, IL US",41.8558,-87.6094,177.7,2022-01-08,1.1,",,7",-10.6,",,7"
USC00111550,"CHICAGO NORTHERLY ISLAND, IL US",41.8558,-87.6094,177.7,2022-01-09,1.1,",,7",-11.7,",,7"
USC00111550,"CHICAGO NORTHERLY ISLAND, IL US",41.8558,-87.6094,177.7,2022-01-10,-7.8,",,7",-13.3,",,7"
USC00111550,"CHICAGO NORTHERLY ISLAND, IL US",41.8558,-87.6094,177.7,2022-01-11,2.2,",,7",-13.9,",,7"
USC00111550,"CHICAGO NORTHERLY ISLAND, IL US",41.8558,-87.6094,177.7,2022-01-12,5,",,7",-0.6,",,7"
USC00111550,"CHICAGO NORTHERLY ISLAND, IL US",41.8558,-87.6094,177.7,2022-01-13,2.8,",,7",-1.1,",,7"
USC00111550,"CHICAGO NORTHERLY ISLAND, IL US",41.8558,-87.6094,177.7,2022-01-14,1.7,",,7",-3.9,",,7"
USC00111550,"CHICAGO NORTHERLY ISLAND, IL US",41.8558,-87.6094,177.7,2022-01-15,-3.9,",,7",-6.1,",,7"
USC00111550,"CHICAGO NORTHERLY ISLAND, IL US",41.8558,-87.6094,177.7,2022-01-16,-2.2,",,7",-8.9,",,7"
USC00111550,"CHICAGO NORTHERLY ISLAND, IL US",41.8558,-87.6094,177.7,2022-01-17,-2.2,",,7",-5,",,7"
USC00111550,"CHICAGO NORTHERLY ISLAND, IL US",41.8558,-87.6094,177.7,2022-01-18,6.1,",,7",-5.6,",,7"
USC00111550,"CHICAGO NORTHERLY ISLAND, IL US",41.8558,-87.6094,177.7,2022-01-19,5,",,7",-10.6,",,7"
USC00111550,"CHICAGO NORTHERLY ISLAND, IL US",41.8558,-87.6094,177.7,2022-01-20,-7.8,",,7",-12.8,",,7"
USC00111550,"CHICAGO NORTHERLY ISLAND, IL US",41.8558,-87.6094,177.7,2022-01-21,-3.9,",,7",-10.6,",,7"
USC00111550,"CHICAGO NORTHERLY ISLAND, IL US",41.8558,-87.6094,177.7,2022-01-22,0.6,",,7",-7.2,",,7"
USC00111550,"CHICAGO NORTHERLY ISLAND, IL US",41.8558,-87.6094,177.7,2022-01-23,-4.4,",,7",-10.6,",,7"
USC00111550,"CHICAGO NORTHERLY ISLAND, IL US",41.8558,-87.6094,177.7,2022-01-24,-3.3,",,7",-11.1,",,7"
USC00111550,"CHICAGO NORTHERLY ISLAND, IL US",41.8558,-87.6094,177.7,2022-01-25,-9.4,",,7",-16.7,",,7"
USC00111550,"CHICAGO NORTHERLY ISLAND, IL US",41.8558,-87.6094,177.7,2022-01-26,-10,",,7",-19.4,",,7"
USC00111550,"CHICAGO NORTHERLY ISLAND, IL US",41.8558,-87.6094,177.7,2022-01-27,0,",,7",-10,",,7"
USC00111550,"CHICAGO NORTHERLY ISLAND, IL US",41.8558,-87.6094,177.7,2022-01-28,-2.8,",,7",-10,",,7"
USC00111550,"CHICAGO NORTHERLY ISLAND, IL US",41.8558,-87.6094,177.7,2022-01-29,-6.1,",,7",-11.1,",,7"
USC00111550,"CHICAGO NORTHERLY ISLAND, IL US",41.8558,-87.6094,177.7,2022-01-30,-1.1,",,7",-8.3,",,7"
USC00111550,"CHICAGO NORTHERLY ISLAND, IL US",41.8558,-87.6094,177.7,2022-01-31,0.6,",,7",-2.2,",,7"
USC00111550,"CHICAGO NORTHERLY ISLAND, IL US",41.8558,-87.6094,177.7,2022-02-01,7.8,",,7",-0.6,",,7"
USC00111550,"CHICAGO NORTHERLY ISLAND, IL US",41.8558,-87.6094,177.7,2022-02-02,0,",,7",-6.7,",,7"
USC00111550,"CHICAGO NORTHERLY ISLAND, IL US",41.8558,-87.6094,177.7,2022-02-03,-3.3,",,7",-6.1,",,7"
USC00111550,"CHICAGO NORTHERLY ISLAND, IL US",41.8558,-87.6094,177.7,2022-02-04,-3.3,",,7",-11.1,",,7"
USC00111550,"CHICAGO NORTHERLY ISLAND, IL US",41.8558,-87.6094,177.7,2022-02-05,-7.2,",,7",-13.3,",,7"
USC00111550,"CHICAGO NORTHERLY ISLAND, IL US",41.8558,-87.6094,177.7,2022-02-06,-0.6,",,7",-8.3,",,7"
USC00111550,"CHICAGO NORTHERLY ISLAND, IL US",41.8558,-87.6094,177.7,2022-02-07,-0.6,",,7",-7.8,",,7"
USC00111550,"CHICAGO NORTHERLY ISLAND, IL US",41.8558,-87.6094,177.7,2022-02-08,3.9,",,7",-7.8,",,7"
USC00111550,"CHICAGO NORTHERLY ISLAND, IL US",41.8558,-87.6094,177.7,2022-02-09,5,",,7",0.6,",,7"
USC00111550,"CHICAGO NORTHERLY ISLAND, IL US",41.8558,-87.6094,177.7,2022-02-10,1.7,",,7",-2.8,",,7"
USC00111550,"CHICAGO NORTHERLY ISLAND, IL US",41.8558,-87.6094,177.7,2022-02-11,6.7,",,7",-5.6,",,7"
USC00111550,"CHICAGO NORTHERLY ISLAND, IL US",41.8558,-87.6094,177.7,2022-02-12,-1.1,",,7",-10.6,",,7"
USC00111550,"CHICAGO NORTHERLY ISLAND, IL US",41.8558,-87.6094,177.7,2022-02-13,-7.2,",,7",-10.6,",,7"
USC00111550,"CHICAGO NORTHERLY ISLAND, IL US",41.8558,-87.6094,177.7,2022-02-14,-3.3,",,7",-10,",,7"
USC00111550,"CHICAGO NORTHERLY ISLAND, IL US",41.8558,-87.6094,177.7,2022-02-15,7.2,",,7",-5.6,",,7"
USC00111550,"CHICAGO NORTHERLY ISLAND, IL US",41.8558,-87.6094,177.7,2022-02-16,11.7,",,7",2.8,",,7"
USC00111550,"CHICAGO NORTHERLY ISLAND, IL US",41.8558,-87.6094,177.7,2022-02-17,2.8,",,7",-7.8,",,7"
USC00111550,"CHICAGO NORTHERLY ISLAND, IL US",41.8558,-87.6094,177.7,2022-02-18,-0.6,",,7",-11.7,",,7"
USC00111550,"CHICAGO NORTHERLY ISLAND, IL US",41.8558,-87.6094,177.7,2022-02-19,-2.2,",,7",-11.7,",,7"
USC00111550,"CHICAGO NORTHERLY ISLAND, IL US",41.8558,-87.6094,177.7,2022-02-20,8.3,",,7",-8.3,",,7"
USC00111550,"CHICAGO NORTHERLY ISLAND, IL US",41.8558,-87.6094,177.7,2022-02-21,5.6,",,7",0.6,",,7"
USC00111550,"CHICAGO NORTHERLY ISLAND, IL US",41.8558,-87.6094,177.7,2022-02-22,5,",,7",-5,",,7"
USC00111550,"CHICAGO NORTHERLY ISLAND, IL US",41.8558,-87.6094,177.7,2022-02-23,-3.9,",,7",-8.9,",,7"
USC00111550,"CHICAGO NORTHERLY ISLAND, IL US",41.8558,-87.6094,177.7,2022-02-24,-2.8,",,7",-4.4,",,7"
USC00111550,"CHICAGO NORTHERLY ISLAND, IL US",41.8558,-87.6094,177.7,2022-02-25,-1.7,",,7",-6.1,",,7"
USC00111550,"CHICAGO NORTHERLY ISLAND, IL US",41.8558,-87.6094,177.7,2022-02-26,0,",,7",-8.9,",,7"
USC00111550,"CHICAGO NORTHERLY ISLAND, IL US",41.8558,-87.6094,177.7,2022-02-27,5,",,7",-2.2,",,7"
USC00111550,"CHICAGO NORTHERLY ISLAND, IL US",41.8558,-87.6094,177.7,2022-02-28,11.7,",,7",-2.2,",,7"
USC00111550,"CHICAGO NORTHERLY ISLAND, IL US",41.8558,-87.6094,177.7,2022-03-01,7.2,",,7",0,",,7"
USC00111550,"CHICAGO NORTHERLY ISLAND, IL US",41.8558,-87.6094,177.7,2022-03-02,13.9,",,7",-0.6,",,7"
USC00111550,"CHICAGO NORTHERLY ISLAND, IL US",41.8558,-87.6094,177.7,2022-03-03,1.1,",,7",-2.2,",,7"
USC00111550,"CHICAGO NORTHERLY ISLAND, IL US",41.8558,-87.6094,177.7,2022-03-04,1.7,",,7",-2.2,",,7"
USC00111550,"CHICAGO NORTHERLY ISLAND, IL US",41.8558,-87.6094,177.7,2022-03-05,20,",,7",1.1,",,7"
USC00111550,"CHICAGO NORTHERLY ISLAND, IL US",41.8558,-87.6094,177.7,2022-03-06,15.6,",,7",1.1,",,7"
USC00111550,"CHICAGO NORTHERLY ISLAND, IL US",41.8558,-87.6094,177.7,2022-03-07,2.2,",,7",-0.6,",,7"
USC00111550,"CHICAGO NORTHERLY ISLAND, IL US",41.8558,-87.6094,177.7,2022-03-08,4.4,",,7",-2.8,",,7"
USC00111550,"CHICAGO NORTHERLY ISLAND, IL US",41.8558,-87.6094,177.7,2022-03-09,5.6,",,7",-1.1,",,7"
USC00111550,"CHICAGO NORTHERLY ISLAND, IL US",41.8558,-87.6094,177.7,2022-03-10,-1.1,",,7",-5,",,7"
USC00111550,"CHICAGO NORTHERLY ISLAND, IL US",41.8558,-87.6094,177.7,2022-03-11,-0.6,",,7",-7.8,",,7"
USC00111550,"CHICAGO NORTHERLY ISLAND, IL US",41.8558,-87.6094,177.7,2022-03-12,-5,",,7",-11.1,",,7"
USC00111550,"CHICAGO NORTHERLY ISLAND, IL US",41.8558,-87.6094,177.7,2022-03-13,10.6,",,7",-6.7,",,7"
USC00111550,"CHICAGO NORTHERLY ISLAND, IL US",41.8558,-87.6094,177.7,2022-03-14,16.7,",,7",2.8,",,7"
USC00111550,"CHICAGO NORTHERLY ISLAND, IL US",41.8558,-87.6094,177.7,2022-03-15,5.6,",,7",1.1,",,7"
USC00111550,"CHICAGO NORTHERLY ISLAND, IL US",41.8558,-87.6094,177.7,2022-03-16,20,",,7",1.1,",,7"
USC00111550,"CHICAGO NORTHERLY ISLAND, IL US",41.8558,-87.6094,177.7,2022-03-17,16.7,",,7",5,",,7"
USC00111550,"CHICAGO NORTHERLY ISLAND, IL US",41.8558,-87.6094,177.7,2022-03-18,7.2,",,7",3.3,",,7"
USC00111550,"CHICAGO NORTHERLY ISLAND, IL US",41.8558,-87.6094,177.7,2022-03-19,6.1,",,7",2.2,",,7"
USC00111550,"CHICAGO NORTHERLY ISLAND, IL US",41.8558,-87.6094,177.7,2022-03-20,11.1,",,7",3.3,",,7"
USC00111550,"CHICAGO NORTHERLY ISLAND, IL US",41.8558,-87.6094,177.7,2022-03-21,22.8,",,7",4.4,",,7"
USC00111550,"CHICAGO NORTHERLY ISLAND, IL US",41.8558,-87.6094,177.7,2022-03-22,11.7,",,7",3.9,",,7"
USC00111550,"CHICAGO NORTHERLY ISLAND, IL US",41.8558,-87.6094,177.7,2022-03-23,12.2,",,7",5.6,",,7"
USC00111550,"CHICAGO NORTHERLY ISLAND, IL US",41.8558,-87.6094,177.7,2022-03-24,7.2,",,7",2.2,",,7"
USC00111550,"CHICAGO NORTHERLY ISLAND, IL US",41.8558,-87.6094,177.7,2022-03-25,8.3,",,7",1.7,",,7"
USC00111550,"CHICAGO NORTHERLY ISLAND, IL US",41.8558,-87.6094,177.7,2022-03-26,1.7,",,7",-2.2,",,7"
USC00111550,"CHICAGO NORTHERLY ISLAND, IL US",41.8558,-87.6094,177.7,2022-03-27,-0.6,",,7",-4.4,",,7"
USC00111550,"CHICAGO NORTHERLY ISLAND, IL US",41.8558,-87.6094,177.7,2022-03-28,-0.6,",,7",-3.3,",,7"
USC00111550,"CHICAGO NORTHERLY ISLAND, IL US",41.8558,-87.6094,177.7,2022-03-29,5,",,7",-2.2,",,7"
USC00111550,"CHICAGO NORTHERLY ISLAND, IL US",41.8558,-87.6094,177.7,2022-03-30,16.1,",,7",5,",,7"
USC00111550,"CHICAGO NORTHERLY ISLAND, IL US",41.8558,-87.6094,177.7,2022-03-31,9.4,",,7",0.6,",,7"
USC00111550,"CHICAGO NORTHERLY ISLAND, IL US",41.8558,-87.6094,177.7,2022-04-01,3.9,",,7",0,",,7"
USC00111550,"CHICAGO NORTHERLY ISLAND, IL US",41.8558,-87.6094,177.7,2022-04-02,6.1,",,7",1.1,",,7"
USC00111550,"CHICAGO NORTHERLY ISLAND, IL US",41.8558,-87.6094,177.7,2022-04-03,5.6,",,7",2.2,",,7"
USC00111550,"CHICAGO NORTHERLY ISLAND, IL US",41.8558,-87.6094,177.7,2022-04-04,11.7,",,7",3.3,",,7"
USC00111550,"CHICAGO NORTHERLY ISLAND, IL US",41.8558,-87.6094,177.7,2022-04-05,7.8,",,7",1.7,",,7"
USC00111550,"CHICAGO NORTHERLY ISLAND, IL US",41.8558,-87.6094,177.7,2022-04-06,13.3,",,7",6.7,",,7"
USC00111550,"CHICAGO NORTHERLY ISLAND, IL US",41.8558,-87.6094,177.7,2022-04-07,6.7,",,7",3.9,",,7"
USC00111550,"CHICAGO NORTHERLY ISLAND, IL US",41.8558,-87.6094,177.7,2022-04-08,5,",,7",0.6,",,7"
USC00111550,"CHICAGO NORTHERLY ISLAND, IL US",41.8558,-87.6094,177.7,2022-04-09,5.6,",,7",0,",,7"
USC00111550,"CHICAGO NORTHERLY ISLAND, IL US",41.8558,-87.6094,177.7,2022-04-10,15,",,7",3.3,",,7"
USC00111550,"CHICAGO NORTHERLY ISLAND, IL US",41.8558,-87.6094,177.7,2022-04-11,16.7,",,7",6.7,",,7"
USC00111550,"CHICAGO NORTHERLY ISLAND, IL US",41.8558,-87.6094,177.7,2022-04-12,18.9,",,7",5.6,",,7"
USC00111550,"CHICAGO NORTHERLY ISLAND, IL US",41.8558,-87.6094,177.7,2022-04-13,21.1,",,7",5,",,7"
USC00111550,"CHICAGO NORTHERLY ISLAND, IL US",41.8558,-87.6094,177.7,2022-04-14,10.6,",,7",2.2,",,7"
USC00111550,"CHICAGO NORTHERLY ISLAND, IL US",41.8558,-87.6094,177.7,2022-04-15,12.8,",,7",5,",,7"
USC00111550,"CHICAGO NORTHERLY ISLAND, IL US",41.8558,-87.6094,177.7,2022-04-16,5.6,",,7",1.7,",,7"
USC00111550,"CHICAGO NORTHERLY ISLAND, IL US",41.8558,-87.6094,177.7,2022-04-17,3.9,",,7",1.7,",,7"
USC00111550,"CHICAGO NORTHERLY ISLAND, IL US",41.8558,-87.6094,177.7,2022-04-18,5,",,7",0.6,",,7"
USC00111550,"CHICAGO NORTHERLY ISLAND, IL US",41.8558,-87.6094,177.7,2022-04-19,6.1,",,7",2.8,",,7"
USC00111550,"CHICAGO NORTHERLY ISLAND, IL US",41.8558,-87.6094,177.7,2022-04-20,11.7,",,7",5,",,7"
USC00111550,"CHICAGO NORTHERLY ISLAND, IL US",41.8558,-87.6094,177.7,2022-04-21,19.4,",,7",9.4,",,7"
USC00111550,"CHICAGO NORTHERLY ISLAND, IL US",41.8558,-87.6094,177.7,2022-04-22,11.7,",,7",6.7,",,7"
USC00111550,"CHICAGO NORTHERLY ISLAND, IL US",41.8558,-87.6094,177.7,2022-04-23,27.8,",,7",7.8,",,7"
USC00111550,"CHICAGO NORTHERLY ISLAND, IL US",41.8558,-87.6094,177.7,2022-04-24,22.8,",,7",13.9,",,7"
USC00111550,"CHICAGO NORTHERLY ISLAND, IL US",41.8558,-87.6094,177.7,2022-04-25,13.9,",,7",5,",,7"
USC00111550,"CHICAGO NORTHERLY ISLAND, IL US",41.8558,-87.6094,177.7,2022-04-26,9.4,",,7",3.3,",,7"
USC00111550,"CHICAGO NORTHERLY ISLAND, IL US",41.8558,-87.6094,177.7,2022-04-27,3.9,",,7",1.1,",,7"
USC00111550,"CHICAGO NORTHERLY ISLAND, IL US",41.8558,-87.6094,177.7,2022-04-28,8.3,",,7",3.3,",,7"
USC00111550,"CHICAGO NORTHERLY ISLAND, IL US",41.8558,-87.6094,177.7,2022-04-29,11.1,",,7",7.2,",,7"
USC00111550,"CHICAGO NORTHERLY ISLAND, IL US",41.8558,-87.6094,177.7,2022-04-30,16.7,",,7",8.3,",,7"
USC00111550,"CHICAGO NORTHERLY ISLAND, IL US",41.8558,-87.6094,177.7,2022-05-01,14.4,",,7",10,",,7"
USC00111550,"CHICAGO NORTHERLY ISLAND, IL US",41.8558,-87.6094,177.7,2022-05-02,11.7,",,7",7.2,",,7"
USC00111550,"CHICAGO NORTHERLY ISLAND, IL US",41.8558,-87.6094,177.7,2022-05-03,8.3,",,7",5.6,",,7"
USC00111550,"CHICAGO NORTHERLY ISLAND, IL US",41.8558,-87.6094,177.7,2022-05-04,7.8,",,7",4.4,",,7"
USC00111550,"CHICAGO NORTHERLY ISLAND, IL US",41.8558,-87.6094,177.7,2022-05-05,8.9,",,7",5.6,",,7"
USC00111550,"CHICAGO NORTHERLY ISLAND, IL US",41.8558,-87.6094,177.7,2022-05-06,10,",,7",7.2,",,7"
USC00111550,"CHICAGO NORTHERLY ISLAND, IL US",41.8558,-87.6094,177.7,2022-05-07,11.7,",,7",7.8,",,7"
USC00111550,"CHICAGO NORTHERLY ISLAND, IL US",41.8558,-87.6094,177.7,2022-05-08,13.3,",,7",6.7,",,7"
USC00111550,"CHICAGO NORTHERLY ISLAND, IL US",41.8558,-87.6094,177.7,2022-05-09,25,",,7",8.9,",,7"
USC00111550,"CHICAGO NORTHERLY ISLAND, IL US",41.8558,-87.6094,177.7,2022-05-10,30.6,",,7",16.1,",,7"
USC00111550,"CHICAGO NORTHERLY ISLAND, IL US",41.8558,-87.6094,177.7,2022-05-11,25.6,",,7",14.4,",,7"
USC00111550,"CHICAGO NORTHERLY ISLAND, IL US",41.8558,-87.6094,177.7,2022-05-12,24.4,",,7",16.1,",,7"
USC00111550,"CHICAGO NORTHERLY ISLAND, IL US",41.8558,-87.6094,177.7,2022-05-13,26.7,",,7",15.6,",,7"
USC00111550,"CHICAGO NORTHERLY ISLAND, IL US",41.8558,-87.6094,177.7,2022-05-14,24.4,",,7",16.1,",,7"
USC00111550,"CHICAGO NORTHERLY ISLAND, IL US",41.8558,-87.6094,177.7,2022-05-15,22.2,",,7",14.4,",,7"
USC00111550,"CHICAGO NORTHERLY ISLAND, IL US",41.8558,-87.6094,177.7,2022-05-16,24.4,",,7",13.9,",,7"
USC00111550,"CHICAGO NORTHERLY ISLAND, IL US",41.8558,-87.6094,177.7,2022-05-17,16.7,",,7",10,",,7"
USC00111550,"CHICAGO NORTHERLY ISLAND, IL US",41.8558,-87.6094,177.7,2022-05-18,14.4,",,7",10.6,",,7"
USC00111550,"CHICAGO NORTHERLY ISLAND, IL US",41.8558,-87.6094,177.7,2022-05-19,28.9,",,7",11.7,",,7"
USC00111550,"CHICAGO NORTHERLY ISLAND, IL US",41.8558,-87.6094,177.7,2022-05-20,30,",,7",13.3,",,7"
USC00111550,"CHICAGO NORTHERLY ISLAND, IL US",41.8558,-87.6094,177.7,2022-05-21,16.7,",,7",11.1,",,7"
USC00111550,"CHICAGO NORTHERLY ISLAND, IL US",41.8558,-87.6094,177.7,2022-05-22,14.4,",,7",10.6,",,7"
USC00111550,"CHICAGO NORTHERLY ISLAND, IL US",41.8558,-87.6094,177.7,2022-05-23,13.3,",,7",9.4,",,7"
USC00111550,"CHICAGO NORTHERLY ISLAND, IL US",41.8558,-87.6094,177.7,2022-05-24,14.4,",,7",9.4,",,7"
USC00111550,"CHICAGO NORTHERLY ISLAND, IL US",41.8558,-87.6094,177.7,2022-05-25,26.1,",,7",11.7,",,7"
USC00111550,"CHICAGO NORTHERLY ISLAND, IL US",41.8558,-87.6094,177.7,2022-05-26,25,",,7",14.4,",,7"
USC00111550,"CHICAGO NORTHERLY ISLAND, IL US",41.8558,-87.6094,177.7,2022-05-27,16.7,",,7",9.4,",,7"
USC00111550,"CHICAGO NORTHERLY ISLAND, IL US",41.8558,-87.6094,177.7,2022-05-28,19.4,",,7",11.1,",,7"
USC00111550,"CHICAGO NORTHERLY ISLAND, IL US",41.8558,-87.6094,177.7,2022-05-29,27.8,",,7",17.2,",,7"
USC00111550,"CHICAGO NORTHERLY ISLAND, IL US",41.8558,-87.6094,177.7,2022-05-30,30.6,",,7",21.7,",,7"
USC00111550,"CHICAGO NORTHERLY ISLAND, IL US",41.8558,-87.6094,177.7,2022-05-31,30.6,",,7",23.3,",,7"
USC00111550,"CHICAGO NORTHERLY ISLAND, IL US",41.8558,-87.6094,177.7,2022-06-01,25.6,",,7",13.3,",,7"
USC00111550,"CHICAGO NORTHERLY ISLAND, IL US",41.8558,-87.6094,177.7,2022-06-02,19.4,",,7",13.9,",,7"
USC00111550,"CHICAGO NORTHERLY ISLAND, IL US",41.8558,-87.6094,177.7,2022-06-03,26.1,",,7",14.4,",,7"
USC00111550,"CHICAGO NORTHERLY ISLAND, IL US",41.8558,-87.6094,177.7,2022-06-04,17.2,",,7",13.3,",,7"
USC00111550,"CHICAGO NORTHERLY ISLAND, IL US",41.8558,-87.6094,177.7,2022-06-05,21.1,",,7",13.9,",,7"
USC00111550,"CHICAGO NORTHERLY ISLAND, IL US",41.8558,-87.6094,177.7,2022-06-06,23.3,",,7",13.3,",,7"
USC00111550,"CHICAGO NORTHERLY ISLAND, IL US",41.8558,-87.6094,177.7,2022-06-07,16.1,",,7",11.7,",,7"
USC00111550,"CHICAGO NORTHERLY ISLAND, IL US",41.8558,-87.6094,177.7,2022-06-08,18.9,",,7",12.8,",,7"
USC00111550,"CHICAGO NORTHERLY ISLAND, IL US",41.8558,-87.6094,177.7,2022-06-09,24.4,",,7",12.2,",,7"
USC00111550,"CHICAGO NORTHERLY ISLAND, IL US",41.8558,-87.6094,177.7,2022-06-10,25.6,",,7",16.1,",,7"
USC00111550,"CHICAGO NORTHERLY ISLAND, IL US",41.8558,-87.6094,177.7,2022-06-11,22.8,",,7",15,",,7"
USC00111550,"CHICAGO NORTHERLY ISLAND, IL US",41.8558,-87.6094,177.7,2022-06-12,20.6,",,7",13.3,",,7"
USC00111550,"CHICAGO NORTHERLY ISLAND, IL US",41.8558,-87.6094,177.7,2022-06-13,24.4,",,7",13.9,",,7"
USC00111550,"CHICAGO NORTHERLY ISLAND, IL US",41.8558,-87.6094,177.7,2022-06-14,35.6,",,7",17.8,",,7"
USC00111550,"CHICAGO NORTHERLY ISLAND, IL US",41.8558,-87.6094,177.7,2022-06-15,35,",,7",27.8,",,7"
USC00111550,"CHICAGO NORTHERLY ISLAND, IL US",41.8558,-87.6094,177.7,2022-06-16,34.4,",,7",19.4,",,7"
USC00111550,"CHICAGO NORTHERLY ISLAND, IL US",41.8558,-87.6094,177.7,2022-06-17,26.1,",,7",17.2,",,7"
USC00111550,"CHICAGO NORTHERLY ISLAND, IL US",41.8558,-87.6094,177.7,2022-06-18,18.9,",,7",13.9,",,7"
USC00111550,"CHICAGO NORTHERLY ISLAND, IL US",41.8558,-87.6094,177.7,2022-06-19,26.1,",,7",13.9,",,7"
USC00111550,"CHICAGO NORTHERLY ISLAND, IL US",41.8558,-87.6094,177.7,2022-06-20,33.9,",,7",19.4,",,7"
USC00111550,"CHICAGO NORTHERLY ISLAND, IL US",41.8558,-87.6094,177.7,2022-06-21,36.1,",,7",23.3,",,7"
USC00111550,"CHICAGO NORTHERLY ISLAND, IL US",41.8558,-87.6094,177.7,2022-06-22,30,",,7",21.1,",,7"
USC00111550,"CHICAGO NORTHERLY ISLAND, IL US",41.8558,-87.6094,177.7,2022-06-23,23.3,",,7",18.3,",,7"
USC00111550,"CHICAGO NORTHERLY ISLAND, IL US",41.8558,-87.6094,177.7,2022-06-24,26.1,",,7",18.3,",,7"
USC00111550,"CHICAGO NORTHERLY ISLAND, IL US",41.8558,-87.6094,177.7,2022-06-25,25.6,",,7",18.9,",,7"
USC00111550,"CHICAGO NORTHERLY ISLAND, IL US",41.8558,-87.6094,177.7,2022-06-26,26.1,",,7",20,",,7"
USC00111550,"CHICAGO NORTHERLY ISLAND, IL US",41.8558,-87.6094,177.7,2022-06-27,22.8,",,7",17.8,",,7"
USC00111550,"CHICAGO NORTHERLY ISLAND, IL US",41.8558,-87.6094,177.7,2022-06-28,29.4,",,7",16.7,",,7"
USC00111550,"CHICAGO NORTHERLY ISLAND, IL US",41.8558,-87.6094,177.7,2022-06-29,27.2,",,7",20,",,7"
USC00111550,"CHICAGO NORTHERLY ISLAND, IL US",41.8558,-87.6094,177.7,2022-06-30,32.2,",,7",22.8,",,7"
USC00111550,"CHICAGO NORTHERLY ISLAND, IL US",41.8558,-87.6094,177.7,2022-07-01,26.7,",,7",18.3,",,7"
USC00111550,"CHICAGO NORTHERLY ISLAND, IL US",41.8558,-87.6094,177.7,2022-07-02,24.4,",,7",18.9,",,7"
USC00111550,"CHICAGO NORTHERLY ISLAND, IL US",41.8558,-87.6094,177.7,2022-07-03,25.6,",,7",20,",,7"
USC00111550,"CHICAGO NORTHERLY ISLAND, IL US",41.8558,-87.6094,177.7,2022-07-04,30.6,",,7",20,",,7"
USC00111550,"CHICAGO NORTHERLY ISLAND, IL US",41.8558,-87.6094,177.7,2022-07-05,31.1,",,7",19.4,",,7"
USC00111550,"CHICAGO NORTHERLY ISLAND, IL US",41.8558,-87.6094,177.7,2022-07-06,23.3,",,7",19.4,",,7"
USC00111550,"CHICAGO NORTHERLY ISLAND, IL US",41.8558,-87.6094,177.7,2022-07-07,25,",,7",19.4,",,7"
USC00111550,"CHICAGO NORTHERLY ISLAND, IL US",41.8558,-87.6094,177.7,2022-07-08,23.9,",,7",20.6,",,7"
USC00111550,"CHICAGO NORTHERLY ISLAND, IL US",41.8558,-87.6094,177.7,2022-07-09,22.8,",,7",19.4,",,7"
USC00111550,"CHICAGO NORTHERLY ISLAND, IL US",41.8558,-87.6094,177.7,2022-07-10,25,",,7",18.3,",,7"
USC00111550,"CHICAGO NORTHERLY ISLAND, IL US",41.8558,-87.6094,177.7,2022-07-11,28.9,",,7",21.1,",,7"
USC00111550,"CHICAGO NORTHERLY ISLAND, IL US",41.8558,-87.6094,177.7,2022-07-12,27.8,",,7",21.1,",,7"
USC00111550,"CHICAGO NORTHERLY ISLAND, IL US",41.8558,-87.6094,177.7,2022-07-13,26.1,",,7",18.9,",,7"
USC00111550,"CHICAGO NORTHERLY ISLAND, IL US",41.8558,-87.6094,177.7,2022-07-14,23.3,",,7",18.3,",,7"
USC00111550,"CHICAGO NORTHERLY ISLAND, IL US",41.8558,-87.6094,177.7,2022-07-15,22.2,",,7",18.9,",,7"
USC00111550,"CHICAGO NORTHERLY ISLAND, IL US",41.8558,-87.6094,177.7,2022-07-16,22.8,",,7",19.4,",,7"
USC00111550,"CHICAGO NORTHERLY ISLAND, IL US",41.8558,-87.6094,177.7,2022-07-17,22.2,",,7",20.6,",,7"
USC00111550,"CHICAGO NORTHERLY ISLAND, IL US",41.8558,-87.6094,177.7,2022-07-18,26.7,",,7",21.1,",,7"
USC00111550,"CHICAGO NORTHERLY ISLAND, IL US",41.8558,-87.6094,177.7,2022-07-19,30.6,",,7",18.3,",,7"
USC00111550,"CHICAGO NORTHERLY ISLAND, IL US",41.8558,-87.6094,177.7,2022-07-20,29.4,",,7",24.4,",,7"
USC00111550,"CHICAGO NORTHERLY ISLAND, IL US",41.8558,-87.6094,177.7,2022-07-21,32.8,",,7",22.8,",,7"
USC00111550,"CHICAGO NORTHERLY ISLAND, IL US",41.8558,-87.6094,177.7,2022-07-22,31.1,",,7",22.8,",,7"
USC00111550,"CHICAGO NORTHERLY ISLAND, IL US",41.8558,-87.6094,177.7,2022-07-23,29.4,",,7",18.9,",,7"
USC00111550,"CHICAGO NORTHERLY ISLAND, IL US",41.8558,-87.6094,177.7,2022-07-24,30,",,7",22.2,",,7"
USC00111550,"CHICAGO NORTHERLY ISLAND, IL US",41.8558,-87.6094,177.7,2022-07-25,23.9,",,7",19.4,",,7"
USC00111550,"CHICAGO NORTHERLY ISLAND, IL US",41.8558,-87.6094,177.7,2022-07-26,23.3,",,7",18.9,",,7"
USC00111550,"CHICAGO NORTHERLY ISLAND, IL US",41.8558,-87.6094,177.7,2022-07-27,27.2,",,7",21.1,",,7"
USC00111550,"CHICAGO NORTHERLY ISLAND, IL US",41.8558,-87.6094,177.7,2022-07-28,26.7,",,7",21.1,",,7"
USC00111550,"CHICAGO NORTHERLY ISLAND, IL US",41.8558,-87.6094,177.7,2022-07-29,23.9,",,7",18.9,",,7"
USC00111550,"CHICAGO NORTHERLY ISLAND, IL US",41.8558,-87.6094,177.7,2022-07-30,25.6,",,7",18.9,",,7"
USC00111550,"CHICAGO NORTHERLY ISLAND, IL US",41.8558,-87.6094,177.7,2022-07-31,28.3,",,7",20.6,",,7"
USC00111550,"CHICAGO NORTHERLY ISLAND, IL US",41.8558,-87.6094,177.7,2022-08-01,29.4,",,7",22.2,",,7"
USC00111550,"CHICAGO NORTHERLY ISLAND, IL US",41.8558,-87.6094,177.7,2022-08-02,30.6,",,7",20,",,7"
USC00111550,"CHICAGO NORTHERLY ISLAND, IL US",41.8558,-87.6094,177.7,2022-08-03,32.2,",,7",23.3,",,7"
USC00111550,"CHICAGO NORTHERLY ISLAND, IL US",41.8558,-87.6094,177.7,2022-08-04,26.7,",,7",20.6,",,7"
USC00111550,"CHICAGO NORTHERLY ISLAND, IL US",41.8558,-87.6094,177.7,2022-08-05,25.6,",,7",20,",,7"
USC00111550,"CHICAGO NORTHERLY ISLAND, IL US",41.8558,-87.6094,177.7,2022-08-06,32.8,",,7",22.2,",,7"
USC00111550,"CHICAGO NORTHERLY ISLAND, IL US",41.8558,-87.6094,177.7,2022-08-07,28.3,",,7",21.7,",,7"
USC00111550,"CHICAGO NORTHERLY ISLAND, IL US",41.8558,-87.6094,177.7,2022-08-08,26.7,",,7",17.8,",,7"
USC00111550,"CHICAGO NORTHERLY ISLAND, IL US",41.8558,-87.6094,177.7,2022-08-09,21.7,",,7",16.1,",,7"
USC00111550,"CHICAGO NORTHERLY ISLAND, IL US",41.8558,-87.6094,177.7,2022-08-10,24.4,",,7",16.1,",,7"
USC00111550,"CHICAGO NORTHERLY ISLAND, IL US",41.8558,-87.6094,177.7,2022-08-11,24.4,",,7",18.9,",,7"
USC00111550,"CHICAGO NORTHERLY ISLAND, IL US",41.8558,-87.6094,177.7,2022-08-12,23.3,",,7",18.9,",,7"
USC00111550,"CHICAGO NORTHERLY ISLAND, IL US",41.8558,-87.6094,177.7,2022-08-13,24.4,",,7",18.3,",,7"
USC00111550,"CHICAGO NORTHERLY ISLAND, IL US",41.8558,-87.6094,177.7,2022-08-14,22.8,",,7",19.4,",,7"
USC00111550,"CHICAGO NORTHERLY ISLAND, IL US",41.8558,-87.6094,177.7,2022-08-15,24.4,",,7",19.4,",,7"
USC00111550,"CHICAGO NORTHERLY ISLAND, IL US",41.8558,-87.6094,177.7,2022-08-16,25,",,7",19.4,",,7"
USC00111550,"CHICAGO NORTHERLY ISLAND, IL US",41.8558,-87.6094,177.7,2022-08-17,25,",,7",18.9,",,7"
USC00111550,"CHICAGO NORTHERLY ISLAND, IL US",41.8558,-87.6094,177.7,2022-08-18,26.1,",,7",18.3,",,7"
USC00111550,"CHICAGO NORTHERLY ISLAND, IL US",41.8558,-87.6094,177.7,2022-08-19,29.4,",,7",20,",,7"
USC00111550,"CHICAGO NORTHERLY ISLAND, IL US",41.8558,-87.6094,177.7,2022-08-20,25,",,7",18.3,",,7"
USC00111550,"CHICAGO NORTHERLY ISLAND, IL US",41.8558,-87.6094,177.7,2022-08-21,23.3,",,7",20,",,7"
USC00111550,"CHICAGO NORTHERLY ISLAND, IL US",41.8558,-87.6094,177.7,2022-08-22,23.9,",,7",18.9,",,7"
USC00111550,"CHICAGO NORTHERLY ISLAND, IL US",41.8558,-87.6094,177.7,2022-08-23,26.7,",,7",19.4,",,7"
USC00111550,"CHICAGO NORTHERLY ISLAND, IL US",41.8558,-87.6094,177.7,2022-08-24,25.6,",,7",20,",,7"
USC00111550,"CHICAGO NORTHERLY ISLAND, IL US",41.8558,-87.6094,177.7,2022-08-25,26.7,",,7",18.9,",,7"
USC00111550,"CHICAGO NORTHERLY ISLAND, IL US",41.8558,-87.6094,177.7,2022-08-26,23.3,",,7",18.9,",,7"
USC00111550,"CHICAGO NORTHERLY ISLAND, IL US",41.8558,-87.6094,177.7,2022-08-27,24.4,",,7",17.8,",,7"
USC00111550,"CHICAGO NORTHERLY ISLAND, IL US",41.8558,-87.6094,177.7,2022-08-28,31.1,",,7",20.6,",,7"
USC00111550,"CHICAGO NORTHERLY ISLAND, IL US",41.8558,-87.6094,177.7,2022-08-29,30,",,7",20.6,",,7"
USC00111550,"CHICAGO NORTHERLY ISLAND, IL US",41.8558,-87.6094,177.7,2022-08-30,26.7,",,7",20,",,7"
USC00111550,"CHICAGO NORTHERLY ISLAND, IL US",41.8558,-87.6094,177.7,2022-08-31,29.4,",,7",18.3,",,7"
USC00111550,"CHICAGO NORTHERLY ISLAND, IL US",41.8558,-87.6094,177.7,2022-09-01,30.6,",,7",21.1,",,7"
USC00111550,"CHICAGO NORTHERLY ISLAND, IL US",41.8558,-87.6094,177.7,2022-09-02,29.4,",,7",22.2,",,7"
USC00111550,"CHICAGO NORTHERLY ISLAND, IL US",41.8558,-87.6094,177.7,2022-09-03,29.4,",,7",20.6,",,7"
USC00111550,"CHICAGO NORTHERLY ISLAND, IL US",41.8558,-87.6094,177.7,2022-09-04,21.7,",,7",19.4,",,7"
USC00111550,"CHICAGO NORTHERLY ISLAND, IL US",41.8558,-87.6094,177.7,2022-09-05,21.7,",,7",18.9,",,7"
USC00111550,"CHICAGO NORTHERLY ISLAND, IL US",41.8558,-87.6094,177.7,2022-09-06,23.9,",,7",20,",,7"
USC00111550,"CHICAGO NORTHERLY ISLAND, IL US",41.8558,-87.6094,177.7,2022-09-07,24.4,",,7",18.9,",,7"
USC00111550,"CHICAGO NORTHERLY ISLAND, IL US",41.8558,-87.6094,177.7,2022-09-08,25,",,7",17.8,",,7"
USC00111550,"CHICAGO NORTHERLY ISLAND, IL US",41.8558,-87.6094,177.7,2022-09-09,27.8,",,7",17.8,",,7"
USC00111550,"CHICAGO NORTHERLY ISLAND, IL US",41.8558,-87.6094,177.7,2022-09-10,26.7,",,7",19.4,",,7"
USC00111550,"CHICAGO NORTHERLY ISLAND, IL US",41.8558,-87.6094,177.7,2022-09-11,22.2,",,7",15,",,7"
USC00111550,"CHICAGO NORTHERLY ISLAND, IL US",41.8558,-87.6094,177.7,2022-09-12,17.8,",,7",12.2,",,7"
USC00111550,"CHICAGO NORTHERLY ISLAND, IL US",41.8558,-87.6094,177.7,2022-09-13,22.8,",,7",15.6,",,7"
USC00111550,"CHICAGO NORTHERLY ISLAND, IL US",41.8558,-87.6094,177.7,2022-09-14,22.2,",,7",17.2,",,7"
USC00111550,"CHICAGO NORTHERLY ISLAND, IL US",41.8558,-87.6094,177.7,2022-09-15,27.2,",,7",17.2,",,7"
USC00111550,"CHICAGO NORTHERLY ISLAND, IL US",41.8558,-87.6094,177.7,2022-09-16,27.8,",,7",18.9,",,7"
USC00111550,"CHICAGO NORTHERLY ISLAND, IL US",41.8558,-87.6094,177.7,2022-09-17,28.9,",,7",20.6,",,7"
USC00111550,"CHICAGO NORTHERLY ISLAND, IL US",41.8558,-87.6094,177.7,2022-09-18,29.4,",,7",21.1,",,7"
USC00111550,"CHICAGO NORTHERLY ISLAND, IL US",41.8558,-87.6094,177.7,2022-09-19,22.2,",,7",17.8,",,7"
USC00111550,"CHICAGO NORTHERLY ISLAND, IL US",41.8558,-87.6094,177.7,2022-09-20,29.4,",,7",17.2,",,7"
USC00111550,"CHICAGO NORTHERLY ISLAND, IL US",41.8558,-87.6094,177.7,2022-09-21,29.4,",,7",17.2,",,7"
USC00111550,"CHICAGO NORTHERLY ISLAND, IL US",41.8558,-87.6094,177.7,2022-09-22,17.2,",,7",12.8,",,7"
USC00111550,"CHICAGO NORTHERLY ISLAND, IL US",41.8558,-87.6094,177.7,2022-09-23,17.2,",,7",12.2,",,7"
USC00111550,"CHICAGO NORTHERLY ISLAND, IL US",41.8558,-87.6094,177.7,2022-09-24,22.8,",,7",11.1,",,7"
USC00111550,"CHICAGO NORTHERLY ISLAND, IL US",41.8558,-87.6094,177.7,2022-09-25,19.4,",,7",13.9,",,7"
USC00111550,"CHICAGO NORTHERLY ISLAND, IL US",41.8558,-87.6094,177.7,2022-09-26,16.7,",,7",11.7,",,7"
USC00111550,"CHICAGO NORTHERLY ISLAND, IL US",41.8558,-87.6094,177.7,2022-09-27,15,",,7",9.4,",,7"
USC00111550,"CHICAGO NORTHERLY ISLAND, IL US",41.8558,-87.6094,177.7,2022-09-28,15.6,",,7",9.4,",,7"
USC00111550,"CHICAGO NORTHERLY ISLAND, IL US",41.8558,-87.6094,177.7,2022-09-29,15.6,",,7",10.6,",,7"
USC00111550,"CHICAGO NORTHERLY ISLAND, IL US",41.8558,-87.6094,177.7,2022-09-30,16.7,",,7",10,",,7"
USC00111550,"CHICAGO NORTHERLY ISLAND, IL US",41.8558,-87.6094,177.7,2022-10-01,18.3,",,7",15,",,7"
USC00111550,"CHICAGO NORTHERLY ISLAND, IL US",41.8558,-87.6094,177.7,2022-10-02,17.2,",,7",13.9,",,7"
USC00111550,"CHICAGO NORTHERLY ISLAND, IL US",41.8558,-87.6094,177.7,2022-10-03,16.1,",,7",11.1,",,7"
USC00111550,"CHICAGO NORTHERLY ISLAND, IL US",41.8558,-87.6094,177.7,2022-10-04,21.7,",,7",11.7,",,7"
USC00111550,"CHICAGO NORTHERLY ISLAND, IL US",41.8558,-87.6094,177.7,2022-10-05,23.9,",,7",13.3,",,7"
USC00111550,"CHICAGO NORTHERLY ISLAND, IL US",41.8558,-87.6094,177.7,2022-10-06,22.8,",,7",11.1,",,7"
USC00111550,"CHICAGO NORTHERLY ISLAND, IL US",41.8558,-87.6094,177.7,2022-10-07,11.7,",,7",7.8,",,7"
USC00111550,"CHICAGO NORTHERLY ISLAND, IL US",41.8558,-87.6094,177.7,2022-10-08,14.4,",,7",5,",,7"
USC00111550,"CHICAGO NORTHERLY ISLAND, IL US",41.8558,-87.6094,177.7,2022-10-09,20,",,7",7.8,",,7"
USC00111550,"CHICAGO NORTHERLY ISLAND, IL US",41.8558,-87.6094,177.7,2022-10-10,18.9,",,7",11.1,",,7"
USC00111550,"CHICAGO NORTHERLY ISLAND, IL US",41.8558,-87.6094,177.7,2022-10-11,19.4,",,7",12.2,",,7"
USC00111550,"CHICAGO NORTHERLY ISLAND, IL US",41.8558,-87.6094,177.7,2022-10-12,17.2,",,7",10,",,7"
USC00111550,"CHICAGO NORTHERLY ISLAND, IL US",41.8558,-87.6094,177.7,2022-10-13,17.2,",,7",4.4,",,7"
USC00111550,"CHICAGO NORTHERLY ISLAND, IL US",41.8558,-87.6094,177.7,2022-10-14,15.6,",,7",3.9,",,7"
USC00111550,"CHICAGO NORTHERLY ISLAND, IL US",41.8558,-87.6094,177.7,2022-10-15,11.7,",,7",3.3,",,7"
USC00111550,"CHICAGO NORTHERLY ISLAND, IL US",41.8558,-87.6094,177.7,2022-10-16,12.8,",,7",6.1,",,7"
USC00111550,"CHICAGO NORTHERLY ISLAND, IL US",41.8558,-87.6094,177.7,2022-10-17,6.1,",,7",3.3,",,7"
USC00111550,"CHICAGO NORTHERLY ISLAND, IL US",41.8558,-87.6094,177.7,2022-10-18,7.8,",,7",2.2,",,7"
USC00111550,"CHICAGO NORTHERLY ISLAND, IL US",41.8558,-87.6094,177.7,2022-10-19,8.9,",,7",2.2,",,7"
USC00111550,"CHICAGO NORTHERLY ISLAND, IL US",41.8558,-87.6094,177.7,2022-10-20,16.1,",,7",1.7,",,7"
USC00111550,"CHICAGO NORTHERLY ISLAND, IL US",41.8558,-87.6094,177.7,2022-10-21,23.9,",,7",7.8,",,7"
USC00111550,"CHICAGO NORTHERLY ISLAND, IL US",41.8558,-87.6094,177.7,2022-10-22,26.1,",,7",13.9,",,7"
USC00111550,"CHICAGO NORTHERLY ISLAND, IL US",41.8558,-87.6094,177.7,2022-10-23,25.6,",,7",16.1,",,7"
USC00111550,"CHICAGO NORTHERLY ISLAND, IL US",41.8558,-87.6094,177.7,2022-10-24,23.9,",,7",15,",,7"
USC00111550,"CHICAGO NORTHERLY ISLAND, IL US",41.8558,-87.6094,177.7,2022-10-25,19.4,",,7",7.8,",,7"
USC00111550,"CHICAGO NORTHERLY ISLAND, IL US",41.8558,-87.6094,177.7,2022-10-26,12.2,",,7",6.7,",,7"
USC00111550,"CHICAGO NORTHERLY ISLAND, IL US",41.8558,-87.6094,177.7,2022-10-27,11.1,",,7",6.1,",,7"
USC00111550,"CHICAGO NORTHERLY ISLAND, IL US",41.8558,-87.6094,177.7,2022-10-28,12.2,",,7",7.8,",,7"
USC00111550,"CHICAGO NORTHERLY ISLAND, IL US",41.8558,-87.6094,177.7,2022-10-29,14.4,",,7",7.2,",,7"
USC00111550,"CHICAGO NORTHERLY ISLAND, IL US",41.8558,-87.6094,177.7,2022-10-30,14.4,",,7",9.4,",,7"
USC00111550,"CHICAGO NORTHERLY ISLAND, IL US",41.8558,-87.6094,177.7,2022-10-31,13.3,",,7",11.7,",,7"
USC00111550,"CHICAGO NORTHERLY ISLAND, IL US",41.8558,-87.6094,177.7,2022-11-01,20,",,7",9.4,",,7"
USC00111550,"CHICAGO NORTHERLY ISLAND, IL US",41.8558,-87.6094,177.7,2022-11-02,21.7,",,7",10,",,7"
USC00111550,"CHICAGO NORTHERLY ISLAND, IL US",41.8558,-87.6094,177.7,2022-11-03,22.2,",,7",12.2,",,7"
USC00111550,"CHICAGO NORTHERLY ISLAND, IL US",41.8558,-87.6094,177.7,2022-11-04,22.8,",,7",15.6,",,7"
USC00111550,"CHICAGO NORTHERLY ISLAND, IL US",41.8558,-87.6094,177.7,2022-11-05,20,",,7",7.8,",,7"
USC00111550,"CHICAGO NORTHERLY ISLAND, IL US",41.8558,-87.6094,177.7,2022-11-06,16.7,",,7",7.8,",,7"
USC00111550,"CHICAGO NORTHERLY ISLAND, IL US",41.8558,-87.6094,177.7,2022-11-07,11.1,",,7",6.1,",,7"
USC00111550,"CHICAGO NORTHERLY ISLAND, IL US",41.8558,-87.6094,177.7,2022-11-08,11.7,",,7",7.2,",,7"
USC00111550,"CHICAGO NORTHERLY ISLAND, IL US",41.8558,-87.6094,177.7,2022-11-09,20.6,",,7",8.9,",,7"
USC00111550,"CHICAGO NORTHERLY ISLAND, IL US",41.8558,-87.6094,177.7,2022-11-10,23.3,",,7",16.1,",,7"
USC00111550,"CHICAGO NORTHERLY ISLAND, IL US",41.8558,-87.6094,177.7,2022-11-11,16.1,",,7",0.6,",,7"
USC00111550,"CHICAGO NORTHERLY ISLAND, IL US",41.8558,-87.6094,177.7,2022-11-12,2.8,",,7",0.6,",,7"
USC00111550,"CHICAGO NORTHERLY ISLAND, IL US",41.8558,-87.6094,177.7,2022-11-13,3.3,",,7",0,",,7"
USC00111550,"CHICAGO NORTHERLY ISLAND, IL US",41.8558,-87.6094,177.7,2022-11-14,6.1,",,7",0,",,7"
USC00111550,"CHICAGO NORTHERLY ISLAND, IL US",41.8558,-87.6094,177.7,2022-11-15,3.3,",,7",0.6,",,7"
USC00111550,"CHICAGO NORTHERLY ISLAND, IL US",41.8558,-87.6094,177.7,2022-11-16,2.2,",,7",0,",,7"
USC00111550,"CHICAGO NORTHERLY ISLAND, IL US",41.8558,-87.6094,177.7,2022-11-17,1.1,",,7",-1.7,",,7"
USC00111550,"CHICAGO NORTHERLY ISLAND, IL US",41.8558,-87.6094,177.7,2022-11-18,-0.6,",,7",-6.1,",,7"
USC00111550,"CHICAGO NORTHERLY ISLAND, IL US",41.8558,-87.6094,177.7,2022-11-19,-2.2,",,7",-7.8,",,7"
USC00111550,"CHICAGO NORTHERLY ISLAND, IL US",41.8558,-87.6094,177.7,2022-11-20,0.6,",,7",-10,",,7"
USC00111550,"CHICAGO NORTHERLY ISLAND, IL US",41.8558,-87.6094,177.7,2022-11-21,8.3,",,7",-1.1,",,7"
USC00111550,"CHICAGO NORTHERLY ISLAND, IL US",41.8558,-87.6094,177.7,2022-11-22,11.1,",,7",-3.3,",,7"
USC00111550,"CHICAGO NORTHERLY ISLAND, IL US",41.8558,-87.6094,177.7,2022-11-23,14.4,",,7",2.8,",,7"
USC00111550,"CHICAGO NORTHERLY ISLAND, IL US",41.8558,-87.6094,177.7,2022-11-24,11.7,",,7",4.4,",,7"
USC00111550,"CHICAGO NORTHERLY ISLAND, IL US",41.8558,-87.6094,177.7,2022-11-25,11.1,",,7",2.8,",,7"
USC00111550,"CHICAGO NORTHERLY ISLAND, IL US",41.8558,-87.6094,177.7,2022-11-26,12.8,",,7",2.8,",,7"
USC00111550,"CHICAGO NORTHERLY ISLAND, IL US",41.8558,-87.6094,177.7,2022-11-27,7.2,",,7",4.4,",,7"
USC00111550,"CHICAGO NORTHERLY ISLAND, IL US",41.8558,-87.6094,177.7,2022-11-28,7.2,",,7",1.7,",,7"
USC00111550,"CHICAGO NORTHERLY ISLAND, IL US",41.8558,-87.6094,177.7,2022-11-29,15,",,7",2.2,",,7"
USC00111550,"CHICAGO NORTHERLY ISLAND, IL US",41.8558,-87.6094,177.7,2022-11-30,2.2,",,7",-5.6,",,7"
USC00111550,"CHICAGO NORTHERLY ISLAND, IL US",41.8558,-87.6094,177.7,2022-12-01,2.2,",,7",-7.2,",,7"
USC00111550,"CHICAGO NORTHERLY ISLAND, IL US",41.8558,-87.6094,177.7,2022-12-02,11.1,",,7",2.2,",,7"
USC00111550,"CHICAGO NORTHERLY ISLAND, IL US",41.8558,-87.6094,177.7,2022-12-03,10.6,",,7",-4.4,",,7"
USC00111550,"CHICAGO NORTHERLY ISLAND, IL US",41.8558,-87.6094,177.7,2022-12-04,5,",,7",-6.1,",,7"
USC00111550,"CHICAGO NORTHERLY ISLAND, IL US",41.8558,-87.6094,177.7,2022-12-05,6.1,",,7",-1.7,",,7"
USC00111550,"CHICAGO NORTHERLY ISLAND, IL US",41.8558,-87.6094,177.7,2022-12-06,5.6,",,7",3.9,",,7"
USC00111550,"CHICAGO NORTHERLY ISLAND, IL US",41.8558,-87.6094,177.7,2022-12-07,6.7,",,7",2.8,",,7"
USC00111550,"CHICAGO NORTHERLY ISLAND, IL US",41.8558,-87.6094,177.7,2022-12-08,4.4,",,7",1.7,",,7"
USC00111550,"CHICAGO NORTHERLY ISLAND, IL US",41.8558,-87.6094,177.7,2022-12-09,3.3,",,7",1.7,",,7"
USC00111550,"CHICAGO NORTHERLY ISLAND, IL US",41.8558,-87.6094,177.7,2022-12-10,3.9,",,7",2.2,",,7"
USC00111550,"CHICAGO NORTHERLY ISLAND, IL US",41.8558,-87.6094,177.7,2022-12-11,3.9,",,7",2.8,",,7"
USC00111550,"CHICAGO NORTHERLY ISLAND, IL US",41.8558,-87.6094,177.7,2022-12-12,5,",,7",2.2,",,7"
USC00111550,"CHICAGO NORTHERLY ISLAND, IL US",41.8558,-87.6094,177.7,2022-12-13,3.3,",,7",1.1,",,7"
USC00111550,"CHICAGO NORTHERLY ISLAND, IL US",41.8558,-87.6094,177.7,2022-12-14,5,",,7",2.8,",,7"
USC00111550,"CHICAGO NORTHERLY ISLAND, IL US",41.8558,-87.6094,177.7,2022-12-15,3.9,",,7",-0.6,",,7"
USC00111550,"CHICAGO NORTHERLY ISLAND, IL US",41.8558,-87.6094,177.7,2022-12-16,0,",,7",-3.3,",,7"
USC00111550,"CHICAGO NORTHERLY ISLAND, IL US",41.8558,-87.6094,177.7,2022-12-17,-2.8,",,7",-6.1,",,7"
USC00111550,"CHICAGO NORTHERLY ISLAND, IL US",41.8558,-87.6094,177.7,2022-12-18,-5.6,",,7",-8.9,",,7"
USC00111550,"CHICAGO NORTHERLY ISLAND, IL US",41.8558,-87.6094,177.7,2022-12-19,-2.2,",,7",-10.6,",,7"
USC00111550,"CHICAGO NORTHERLY ISLAND, IL US",41.8558,-87.6094,177.7,2022-12-20,1.1,",,7",-4.4,",,7"
USC00111550,"CHICAGO NORTHERLY ISLAND, IL US",41.8558,-87.6094,177.7,2022-12-21,0.6,",,7",-7.8,",,7"
USC00111550,"CHICAGO NORTHERLY ISLAND, IL US",41.8558,-87.6094,177.7,2022-12-22,1.1,",,7",-20,",,7"
USC00111550,"CHICAGO NORTHERLY ISLAND, IL US",41.8558,-87.6094,177.7,2022-12-23,-17.8,",,7",-22.2,",,7"
USC00111550,"CHICAGO NORTHERLY ISLAND, IL US",41.8558,-87.6094,177.7,2022-12-24,-10,",,7",-18.3,",,7"
USC00111550,"CHICAGO NORTHERLY ISLAND, IL US",41.8558,-87.6094,177.7,2022-12-25,-8.9,",,7",-15.6,",,7"
USC00111550,"CHICAGO NORTHERLY ISLAND, IL US",41.8558,-87.6094,177.7,2022-12-26,-5.6,",,7",-10,",,7"
USC00111550,"CHICAGO NORTHERLY ISLAND, IL US",41.8558,-87.6094,177.7,2022-12-27,-3.3,",,7",-11.7,",,7"
USC00111550,"CHICAGO NORTHERLY ISLAND, IL US",41.8558,-87.6094,177.7,2022-12-28,7.8,",,7",-3.3,",,7"
USC00111550,"CHICAGO NORTHERLY ISLAND, IL US",41.8558,-87.6094,177.7,2022-12-29,13.9,",,7",6.7,",,7"
USC00111550,"CHICAGO NORTHERLY ISLAND, IL US",41.8558,-87.6094,177.7,2022-12-30,13.9,",,7",0.6,",,7"
USC00111550,"CHICAGO NORTHERLY ISLAND, IL US",41.8558,-87.6094,177.7,2022-12-31,1.7,",,7",-1.1,",,7"
USW00094846,"CHICAGO OHARE INTERNATIONAL AIRPORT, IL US",41.96017,-87.93164,204.8,2022-01-01,3.3,",,W",-4.3,",,W"
USW00094846,"CHICAGO OHARE INTERNATIONAL AIRPORT, IL US",41.96017,-87.93164,204.8,2022-01-02,-2.1,",,W",-10.5,",,W"
USW00094846,"CHICAGO OHARE INTERNATIONAL AIRPORT, IL US",41.96017,-87.93164,204.8,2022-01-03,-5.5,",,W",-12.7,",,W"
USW00094846,"CHICAGO OHARE INTERNATIONAL AIRPORT, IL US",41.96017,-87.93164,204.8,2022-01-04,1.7,",,W",-5.5,",,W"
USW00094846,"CHICAGO OHARE INTERNATIONAL AIRPORT, IL US",41.96017,-87.93164,204.8,2022-01-05,1.1,",,W",-11,",,W"
USW00094846,"CHICAGO OHARE INTERNATIONAL AIRPORT, IL US",41.96017,-87.93164,204.8,2022-01-06,-9.3,",,W",-15.5,",,W"
USW00094846,"CHICAGO OHARE INTERNATIONAL AIRPORT, IL US",41.96017,-87.93164,204.8,2022-01-07,-9.3,",,W",-18.2,",,W"
USW00094846,"CHICAGO OHARE INTERNATIONAL AIRPORT, IL US",41.96017,-87.93164,204.8,2022-01-08,1.1,",,W",-10.5,",,W"
USW00094846,"CHICAGO OHARE INTERNATIONAL AIRPORT, IL US",41.96017,-87.93164,204.8,2022-01-09,1.1,",,W",-12.7,",,W"
USW00094846,"CHICAGO OHARE INTERNATIONAL AIRPORT, IL US",41.96017,-87.93164,204.8,2022-01-10,-8.8,",,W",-14.9,",,W"
USW00094846,"CHICAGO OHARE INTERNATIONAL AIRPORT, IL US",41.96017,-87.93164,204.8,2022-01-11,2.2,",,W",-15.5,",,W"
USW00094846,"CHICAGO OHARE INTERNATIONAL AIRPORT, IL US",41.96017,-87.93164,204.8,2022-01-12,5,",,W",-0.5,",,W"
USW00094846,"CHICAGO OHARE INTERNATIONAL AIRPORT, IL US",41.96017,-87.93164,204.8,2022-01-13,4.4,",,W",-1.6,",,W"
USW00094846,"CHICAGO OHARE INTERNATIONAL AIRPORT, IL US",41.96017,-87.93164,204.8,2022-01-14,2.2,",,W",-3.2,",,W"
USW00094846,"CHICAGO OHARE INTERNATIONAL AIRPORT, IL US",41.96017,-87.93164,204.8,2022-01-15,-3.2,",,W",-8.8,",,W"
USW00094846,"CHICAGO OHARE INTERNATIONAL AIRPORT, IL US",41.96017,-87.93164,204.8,2022-01-16,-1.6,",,W",-11,",,W"
USW00094846,"CHICAGO OHARE INTERNATIONAL AIRPORT, IL US",41.96017,-87.93164,204.8,2022-01-17,-2.1,",,W",-5.5,",,W"
USW00094846,"CHICAGO OHARE INTERNATIONAL AIRPORT, IL US",41.96017,-87.93164,204.8,2022-01-18,6.7,",,W",-6.6,",,W"
USW00094846,"CHICAGO OHARE INTERNATIONAL AIRPORT, IL US",41.96017,-87.93164,204.8,2022-01-19,4.4,",,W",-12.1,",,W"
USW00094846,"CHICAGO OHARE INTERNATIONAL AIRPORT, IL US",41.96017,-87.93164,204.8,2022-01-20,-7.1,",,W",-14.3,",,W"
USW00094846,"CHICAGO OHARE INTERNATIONAL AIRPORT, IL US",41.96017,-87.93164,204.8,2022-01-21,-3.8,",,W",-14.3,",,W"
USW00094846,"CHICAGO OHARE INTERNATIONAL AIRPORT, IL US",41.96017,-87.93164,204.8,2022-01-22,0.6,",,W",-7.1,",,W"
USW00094846,"CHICAGO OHARE INTERNATIONAL AIRPORT, IL US",41.96017,-87.93164,204.8,2022-01-23,-6,",,W",-13.8,",,W"
USW00094846,"CHICAGO OHARE INTERNATIONAL AIRPORT, IL US",41.96017,-87.93164,204.8,2022-01-24,-3.2,",,W",-12.1,",,W"
USW00094846,"CHICAGO OHARE INTERNATIONAL AIRPORT, IL US",41.96017,-87.93164,204.8,2022-01-25,-11,",,W",-17.7,",,W"
USW00094846,"CHICAGO OHARE INTERNATIONAL AIRPORT, IL US",41.96017,-87.93164,204.8,2022-01-26,-9.3,",,W",-21,",,W"
USW00094846,"CHICAGO OHARE INTERNATIONAL AIRPORT, IL US",41.96017,-87.93164,204.8,2022-01-27,0,",,W",-9.9,",,W"
USW00094846,"CHICAGO OHARE INTERNATIONAL AIRPORT, IL US",41.96017,-87.93164,204.8,2022-01-28,-3.2,",,W",-11.6,",,W"
USW00094846,"CHICAGO OHARE INTERNATIONAL AIRPORT, IL US",41.96017,-87.93164,204.8,2022-01-29,-5.5,",,W",-13.8,",,W"
USW00094846,"CHICAGO OHARE INTERNATIONAL AIRPORT, IL US",41.96017,-87.93164,204.8,2022-01-30,-0.5,",,W",-11.6,",,W"
USW00094846,"CHICAGO OHARE INTERNATIONAL AIRPORT, IL US",41.96017,-87.93164,204.8,2022-01-31,0.6,",,W",-3.8,",,W"
USW00094846,"CHICAGO OHARE INTERNATIONAL AIRPORT, IL US",41.96017,-87.93164,204.8,2022-02-01,7.8,",,W",0,",,W"
USW00094846,"CHICAGO OHARE INTERNATIONAL AIRPORT, IL US",41.96017,-87.93164,204.8,2022-02-02,0.6,",,W",-8.8,",,W"
USW00094846,"CHICAGO OHARE INTERNATIONAL AIRPORT, IL US",41.96017,-87.93164,204.8,2022-02-03,-4.3,",,W",-8.8,",,W"
USW00094846,"CHICAGO OHARE INTERNATIONAL AIRPORT, IL US",41.96017,-87.93164,204.8,2022-02-04,-4.3,",,W",-12.1,",,W"
USW00094846,"CHICAGO OHARE INTERNATIONAL AIRPORT, IL US",41.96017,-87.93164,204.8,2022-02-05,-6.6,",,W",-15.5,",,W"
USW00094846,"CHICAGO OHARE INTERNATIONAL AIRPORT, IL US",41.96017,-87.93164,204.8,2022-02-06,0.6,",,W",-7.7,",,W"
USW00094846,"CHICAGO OHARE INTERNATIONAL AIRPORT, IL US",41.96017,-87.93164,204.8,2022-02-07,-0.5,",,W",-7.7,",,W"
USW00094846,"CHICAGO OHARE INTERNATIONAL AIRPORT, IL US",41.96017,-87.93164,204.8,2022-02-08,3.3,",,W",-7.1,",,W"
USW00094846,"CHICAGO OHARE INTERNATIONAL AIRPORT, IL US",41.96017,-87.93164,204.8,2022-02-09,5,",,W",0,",,W"
USW00094846,"CHICAGO OHARE INTERNATIONAL AIRPORT, IL US",41.96017,-87.93164,204.8,2022-02-10,1.7,",,W",-2.7,",,W"
USW00094846,"CHICAGO OHARE INTERNATIONAL AIRPORT, IL US",41.96017,-87.93164,204.8,2022-02-11,6.7,",,W",-2.1,",,W"
USW00094846,"CHICAGO OHARE INTERNATIONAL AIRPORT, IL US",41.96017,-87.93164,204.8,2022-02-12,-2.1,",,W",-10.5,",,W"
USW00094846,"CHICAGO OHARE INTERNATIONAL AIRPORT, IL US",41.96017,-87.93164,204.8,2022-02-13,-6.6,",,W",-11,",,W"
USW00094846,"CHICAGO OHARE INTERNATIONAL AIRPORT, IL US",41.96017,-87.93164,204.8,2022-02-14,-3.2,",,W",-9.9,",,W"
USW00094846,"CHICAGO OHARE INTERNATIONAL AIRPORT, IL US",41.96017,-87.93164,204.8,2022-02-15,7.2,",,W",-5.5,",,W"
USW00094846,"CHICAGO OHARE INTERNATIONAL AIRPORT, IL US",41.96017,-87.93164,204.8,2022-02-16,12.8,",,W",5,",,W"
USW00094846,"CHICAGO OHARE INTERNATIONAL AIRPORT, IL US",41.96017,-87.93164,204.8,2022-02-17,5,",,W",-8.8,",,W"
USW00094846,"CHICAGO OHARE INTERNATIONAL AIRPORT, IL US",41.96017,-87.93164,204.8,2022-02-18,-0.5,",,W",-13.8,",,W"
USW00094846,"CHICAGO OHARE INTERNATIONAL AIRPORT, IL US",41.96017,-87.93164,204.8,2022-02-19,-3.8,",,W",-12.7,",,W"
USW00094846,"CHICAGO OHARE INTERNATIONAL AIRPORT, IL US",41.96017,-87.93164,204.8,2022-02-20,8.3,",,W",-8.2,",,W"
USW00094846,"CHICAGO OHARE INTERNATIONAL AIRPORT, IL US",41.96017,-87.93164,204.8,2022-02-21,8.9,",,W",0,",,W"
USW00094846,"CHICAGO OHARE INTERNATIONAL AIRPORT, IL US",41.96017,-87.93164,204.8,2022-02-22,6.7,",,W",-4.9,",,W"
USW00094846,"CHICAGO OHARE INTERNATIONAL AIRPORT, IL US",41.96017,-87.93164,204.8,2022-02-23,-4.9,",,W",-9.3,",,W"
USW00094846,"CHICAGO OHARE INTERNATIONAL AIRPORT, IL US",41.96017,-87.93164,204.8,2022-02-24,-2.7,",,W",-6,",,W"
USW00094846,"CHICAGO OHARE INTERNATIONAL AIRPORT, IL US",41.96017,-87.93164,204.8,2022-02-25,-0.5,",,W",-7.7,",,W"
USW00094846,"CHICAGO OHARE INTERNATIONAL AIRPORT, IL US",41.96017,-87.93164,204.8,2022-02-26,-0.5,",,W",-10.5,",,W"
USW00094846,"CHICAGO OHARE INTERNATIONAL AIRPORT, IL US",41.96017,-87.93164,204.8,2022-02-27,6.1,",,W",-3.2,",,W"
USW00094846,"CHICAGO OHARE INTERNATIONAL AIRPORT, IL US",41.96017,-87.93164,204.8,2022-02-28,11.7,",,W",-2.7,",,W"
USW00094846,"CHICAGO OHARE INTERNATIONAL AIRPORT, IL US",41.96017,-87.93164,204.8,2022-03-01,12.2,",,W",2.2,",,W"
USW00094846,"CHICAGO OHARE INTERNATIONAL AIRPORT, IL US",41.96017,-87.93164,204.8,2022-03-02,14.4,",,W",0.6,",,W"
USW00094846,"CHICAGO OHARE INTERNATIONAL AIRPORT, IL US",41.96017,-87.93164,204.8,2022-03-03,2.2,",,W",-2.1,",,W"
USW00094846,"CHICAGO OHARE INTERNATIONAL AIRPORT, IL US",41.96017,-87.93164,204.8,2022-03-04,5,",,W",-2.1,",,W"
USW00094846,"CHICAGO OHARE INTERNATIONAL AIRPORT, IL US",41.96017,-87.93164,204.8,2022-03-05,20.6,",,W",3.9,",,W"
USW00094846,"CHICAGO OHARE INTERNATIONAL AIRPORT, IL US",41.96017,-87.93164,204.8,2022-03-06,15,",,W",1.7,",,W"
USW00094846,"CHICAGO OHARE INTERNATIONAL AIRPORT, IL US",41.96017,-87.93164,204.8,2022-03-07,2.2,",,W",-1,",,W"
USW00094846,"CHICAGO OHARE INTERNATIONAL AIRPORT, IL US",41.96017,-87.93164,204.8,2022-03-08,3.9,",,W",-2.7,",,W"
USW00094846,"CHICAGO OHARE INTERNATIONAL AIRPORT, IL US",41.96017,-87.93164,204.8,2022-03-09,5,",,W",-2.7,",,W"
USW00094846,"CHICAGO OHARE INTERNATIONAL AIRPORT, IL US",41.96017,-87.93164,204.8,2022-03-10,-0.5,",,W",-5.5,",,W"
USW00094846,"CHICAGO OHARE INTERNATIONAL AIRPORT, IL US",41.96017,-87.93164,204.8,2022-03-11,-0.5,",,W",-8.8,",,W"
USW00094846,"CHICAGO OHARE INTERNATIONAL AIRPORT, IL US",41.96017,-87.93164,204.8,2022-03-12,-4.9,",,W",-11.6,",,W"
USW00094846,"CHICAGO OHARE INTERNATIONAL AIRPORT, IL US",41.96017,-87.93164,204.8,2022-03-13,10.6,",,W",-6,",,W"
USW00094846,"CHICAGO OHARE INTERNATIONAL AIRPORT, IL US",41.96017,-87.93164,204.8,2022-03-14,17.2,",,W",2.8,",,W"
USW00094846,"CHICAGO OHARE INTERNATIONAL AIRPORT, IL US",41.96017,-87.93164,204.8,2022-03-15,12.2,",,W",2.2,",,W"
USW00094846,"CHICAGO OHARE INTERNATIONAL AIRPORT, IL US",41.96017,-87.93164,204.8,2022-03-16,21.1,",,W",2.2,",,W"
USW00094846,"CHICAGO OHARE INTERNATIONAL AIRPORT, IL US",41.96017,-87.93164,204.8,2022-03-17,22.8,",,W",8.3,",,W"
USW00094846,"CHICAGO OHARE INTERNATIONAL AIRPORT, IL US",41.96017,-87.93164,204.8,2022-03-18,8.3,",,W",4.4,",,W"
USW00094846,"CHICAGO OHARE INTERNATIONAL AIRPORT, IL US",41.96017,-87.93164,204.8,2022-03-19,6.1,",,W",2.8,",,W"
USW00094846,"CHICAGO OHARE INTERNATIONAL AIRPORT, IL US",41.96017,-87.93164,204.8,2022-03-20,17.2,",,W",1.1,",,W"
USW00094846,"CHICAGO OHARE INTERNATIONAL AIRPORT, IL US",41.96017,-87.93164,204.8,2022-03-21,23.3,",,W",5.6,",,W"
USW00094846,"CHICAGO OHARE INTERNATIONAL AIRPORT, IL US",41.96017,-87.93164,204.8,2022-03-22,13.3,",,W",7.2,",,W"
USW00094846,"CHICAGO OHARE INTERNATIONAL AIRPORT, IL US",41.96017,-87.93164,204.8,2022-03-23,14.4,",,W",7.8,",,W"
USW00094846,"CHICAGO OHARE INTERNATIONAL AIRPORT, IL US",41.96017,-87.93164,204.8,2022-03-24,7.8,",,W",3.9,",,W"
USW00094846,"CHICAGO OHARE INTERNATIONAL AIRPORT, IL US",41.96017,-87.93164,204.8,2022-03-25,8.3,",,W",1.7,",,W"
USW00094846,"CHICAGO OHARE INTERNATIONAL AIRPORT, IL US",41.96017,-87.93164,204.8,2022-03-26,1.7,",,W",-3.2,",,W"
USW00094846,"CHICAGO OHARE INTERNATIONAL AIRPORT, IL US",41.96017,-87.93164,204.8,2022-03-27,2.2,",,W",-5.5,",,W"
USW00094846,"CHICAGO OHARE INTERNATIONAL AIRPORT, IL US",41.96017,-87.93164,204.8,2022-03-28,1.7,",,W",-5.5,",,W"
USW00094846,"CHICAGO OHARE INTERNATIONAL AIRPORT, IL US",41.96017,-87.93164,204.8,2022-03-29,6.7,",,W",-1.6,",,W"
USW00094846,"CHICAGO OHARE INTERNATIONAL AIRPORT, IL US",41.96017,-87.93164,204.8,2022-03-30,15.6,",,W",6.7,",,W"
USW00094846,"CHICAGO OHARE INTERNATIONAL AIRPORT, IL US",41.96017,-87.93164,204.8,2022-03-31,8.9,",,W",0.6,",,W"
USW00094846,"CHICAGO OHARE INTERNATIONAL AIRPORT, IL US",41.96017,-87.93164,204.8,2022-04-01,7.8,",,W",-0.5,",,W"
USW00094846,"CHICAGO OHARE INTERNATIONAL AIRPORT, IL US",41.96017,-87.93164,204.8,2022-04-02,5.6,",,W",0.6,",,W"
USW00094846,"CHICAGO OHARE INTERNATIONAL AIRPORT, IL US",41.96017,-87.93164,204.8,2022-04-03,10,",,W",0.6,",,W"
USW00094846,"CHICAGO OHARE INTERNATIONAL AIRPORT, IL US",41.96017,-87.93164,204.8,2022-04-04,11.1,",,W",4.4,",,W"
USW00094846,"CHICAGO OHARE INTERNATIONAL AIRPORT, IL US",41.96017,-87.93164,204.8,2022-04-05,11.7,",,W",3.3,",,W"
USW00094846,"CHICAGO OHARE INTERNATIONAL AIRPORT, IL US",41.96017,-87.93164,204.8,2022-04-06,13.3,",,W",6.1,",,W"
USW00094846,"CHICAGO OHARE INTERNATIONAL AIRPORT, IL US",41.96017,-87.93164,204.8,2022-04-07,6.7,",,W",3.3,",,W"
USW00094846,"CHICAGO OHARE INTERNATIONAL AIRPORT, IL US",41.96017,-87.93164,204.8,2022-04-08,5,",,W",0.6,",,W"
USW00094846,"CHICAGO OHARE INTERNATIONAL AIRPORT, IL US",41.96017,-87.93164,204.8,2022-04-09,12.2,",,W",0,",,W"
USW00094846,"CHICAGO OHARE INTERNATIONAL AIRPORT, IL US",41.96017,-87.93164,204.8,2022-04-10,17.8,",,W",0,",,W"
USW00094846,"CHICAGO OHARE INTERNATIONAL AIRPORT, IL US",41.96017,-87.93164,204.8,2022-04-11,16.7,",,W",7.2,",,W"
USW00094846,"CHICAGO OHARE INTERNATIONAL AIRPORT, IL US",41.96017,-87.93164,204.8,2022-04-12,20.6,",,W",4.4,",,W"
USW00094846,"CHICAGO OHARE INTERNATIONAL AIRPORT, IL US",41.96017,-87.93164,204.8,2022-04-13,22.2,",,W",3.9,",,W"
USW00094846,"CHICAGO OHARE INTERNATIONAL AIRPORT, IL US",41.96017,-87.93164,204.8,2022-04-14,10.6,",,W",1.7,",,W"
USW00094846,"CHICAGO OHARE INTERNATIONAL AIRPORT, IL US",41.96017,-87.93164,204.8,2022-04-15,11.7,",,W",4.4,",,W"
USW00094846,"CHICAGO OHARE INTERNATIONAL AIRPORT, IL US",41.96017,-87.93164,204.8,2022-04-16,9.4,",,W",0,",,W"
USW00094846,"CHICAGO OHARE INTERNATIONAL AIRPORT, IL US",41.96017,-87.93164,204.8,2022-04-17,6.1,",,W",-1.6,",,W"
USW00094846,"CHICAGO OHARE INTERNATIONAL AIRPORT, IL US",41.96017,-87.93164,204.8,2022-04-18,5,",,W",0.6,",,W"
USW00094846,"CHICAGO OHARE INTERNATIONAL AIRPORT, IL US",41.96017,-87.93164,204.8,2022-04-19,10.6,",,W",2.2,",,W"
USW00094846,"CHICAGO OHARE INTERNATIONAL AIRPORT, IL US",41.96017,-87.93164,204.8,2022-04-20,11.1,",,W",5,",,W"
USW00094846,"CHICAGO OHARE INTERNATIONAL AIRPORT, IL US",41.96017,-87.93164,204.8,2022-04-21,20,",,W",10,",,W"
USW00094846,"CHICAGO OHARE INTERNATIONAL AIRPORT, IL US",41.96017,-87.93164,204.8,2022-04-22,11.7,",,W",7.8,",,W"
USW00094846,"CHICAGO OHARE INTERNATIONAL AIRPORT, IL US",41.96017,-87.93164,204.8,2022-04-23,28.9,",,W",10.6,",,W"
USW00094846,"CHICAGO OHARE INTERNATIONAL AIRPORT, IL US",41.96017,-87.93164,204.8,2022-04-24,22.8,",,W",12.2,",,W"
USW00094846,"CHICAGO OHARE INTERNATIONAL AIRPORT, IL US",41.96017,-87.93164,204.8,2022-04-25,12.2,",,W",5,",,W"
USW00094846,"CHICAGO OHARE INTERNATIONAL AIRPORT, IL US",41.96017,-87.93164,204.8,2022-04-26,10.6,",,W",1.1,",,W"
USW00094846,"CHICAGO OHARE INTERNATIONAL AIRPORT, IL US",41.96017,-87.93164,204.8,2022-04-27,5,",,W",0.6,",,W"
USW00094846,"CHICAGO OHARE INTERNATIONAL AIRPORT, IL US",41.96017,-87.93164,204.8,2022-04-28,10,",,W",3.3,",,W"
USW00094846,"CHICAGO OHARE INTERNATIONAL AIRPORT, IL US",41.96017,-87.93164,204.8,2022-04-29,18.9,",,W",8.3,",,W"
USW00094846,"CHICAGO OHARE INTERNATIONAL AIRPORT, IL US",41.96017,-87.93164,204.8,2022-04-30,20.6,",,W",10.6,",,W"
USW00094846,"CHICAGO OHARE INTERNATIONAL AIRPORT, IL US",41.96017,-87.93164,204.8,2022-05-01,13.3,",,W",9.4,",,W"
USW00094846,"CHICAGO OHARE INTERNATIONAL AIRPORT, IL US",41.96017,-87.93164,204.8,2022-05-02,12.2,",,W",8.9,",,W"
USW00094846,"CHICAGO OHARE INTERNATIONAL AIRPORT, IL US",41.96017,-87.93164,204.8,2022-05-03,10,",,W",6.7,",,W"
USW00094846,"CHICAGO OHARE INTERNATIONAL AIRPORT, IL US",41.96017,-87.93164,204.8,2022-05-04,13.3,",,W",3.9,",,W"
USW00094846,"CHICAGO OHARE INTERNATIONAL AIRPORT, IL US",41.96017,-87.93164,204.8,2022-05-05,11.7,",,W",5.6,",,W"
USW00094846,"CHICAGO OHARE INTERNATIONAL AIRPORT, IL US",41.96017,-87.93164,204.8,2022-05-06,11.7,",,W",8.3,",,W"
USW00094846,"CHICAGO OHARE INTERNATIONAL AIRPORT, IL US",41.96017,-87.93164,204.8,2022-05-07,17.8,",,W",6.1,",,W"
USW00094846,"CHICAGO OHARE INTERNATIONAL AIRPORT, IL US",41.96017,-87.93164,204.8,2022-05-08,18.3,",,W",6.1,",,W"
USW00094846,"CHICAGO OHARE INTERNATIONAL AIRPORT, IL US",41.96017,-87.93164,204.8,2022-05-09,28.3,",,W",13.3,",,W"
USW00094846,"CHICAGO OHARE INTERNATIONAL AIRPORT, IL US",41.96017,-87.93164,204.8,2022-05-10,31.7,",,W",20.6,",,W"
USW00094846,"CHICAGO OHARE INTERNATIONAL AIRPORT, IL US",41.96017,-87.93164,204.8,2022-05-11,32.2,",,W",23.3,",,W"
USW00094846,"CHICAGO OHARE INTERNATIONAL AIRPORT, IL US",41.96017,-87.93164,204.8,2022-05-12,32.8,",,W",23.3,",,W"
USW00094846,"CHICAGO OHARE INTERNATIONAL AIRPORT, IL US",41.96017,-87.93164,204.8,2022-05-13,31.7,",,W",20,",,W"
USW00094846,"CHICAGO OHARE INTERNATIONAL AIRPORT, IL US",41.96017,-87.93164,204.8,2022-05-14,30,",,W",19.4,",,W"
USW00094846,"CHICAGO OHARE INTERNATIONAL AIRPORT, IL US",41.96017,-87.93164,204.8,2022-05-15,24.4,",,W",14.4,",,W"
USW00094846,"CHICAGO OHARE INTERNATIONAL AIRPORT, IL US",41.96017,-87.93164,204.8,2022-05-16,25.6,",,W",12.2,",,W"
USW00094846,"CHICAGO OHARE INTERNATIONAL AIRPORT, IL US",41.96017,-87.93164,204.8,2022-05-17,20,",,W",10.6,",,W"
USW00094846,"CHICAGO OHARE INTERNATIONAL AIRPORT, IL US",41.96017,-87.93164,204.8,2022-05-18,15.6,",,W",11.1,",,W"
USW00094846,"CHICAGO OHARE INTERNATIONAL AIRPORT, IL US",41.96017,-87.93164,204.8,2022-05-19,30,",,W",11.7,",,W"
USW00094846,"CHICAGO OHARE INTERNATIONAL AIRPORT, IL US",41.96017,-87.93164,204.8,2022-05-20,30,",,W",14.4,",,W"
USW00094846,"CHICAGO OHARE INTERNATIONAL AIRPORT, IL US",41.96017,-87.93164,204.8,2022-05-21,16.7,",,W",12.2,",,W"
USW00094846,"CHICAGO OHARE INTERNATIONAL AIRPORT, IL US",41.96017,-87.93164,204.8,2022-05-22,17.2,",,W",10,",,W"
USW00094846,"CHICAGO OHARE INTERNATIONAL AIRPORT, IL US",41.96017,-87.93164,204.8,2022-05-23,16.1,",,W",7.2,",,W"
USW00094846,"CHICAGO OHARE INTERNATIONAL AIRPORT, IL US",41.96017,-87.93164,204.8,2022-05-24,18.9,",,W",9.4,",,W"
USW00094846,"CHICAGO OHARE INTERNATIONAL AIRPORT, IL US",41.96017,-87.93164,204.8,2022-05-25,26.1,",,W",12.2,",,W"
USW00094846,"CHICAGO OHARE INTERNATIONAL AIRPORT, IL US",41.96017,-87.93164,204.8,2022-05-26,25,",,W",17.8,",,W"
USW00094846,"CHICAGO OHARE INTERNATIONAL AIRPORT, IL US",41.96017,-87.93164,204.8,2022-05-27,17.8,",,W",10.6,",,W"
USW00094846,"CHICAGO OHARE INTERNATIONAL AIRPORT, IL US",41.96017,-87.93164,204.8,2022-05-28,23.3,",,W",9.4,",,W"
USW00094846,"CHICAGO OHARE INTERNATIONAL AIRPORT, IL US",41.96017,-87.93164,204.8,2022-05-29,29.4,",,W",17.2,",,W"
USW00094846,"CHICAGO OHARE INTERNATIONAL AIRPORT, IL US",41.96017,-87.93164,204.8,2022-05-30,31.7,",,W",21.1,",,W"
USW00094846,"CHICAGO OHARE INTERNATIONAL AIRPORT, IL US",41.96017,-87.93164,204.8,2022-05-31,30,",,W",23.3,",,W"
USW00094846,"CHICAGO OHARE INTERNATIONAL AIRPORT, IL US",41.96017,-87.93164,204.8,2022-06-01,23.3,",,W",15,",,W"
USW00094846,"CHICAGO OHARE INTERNATIONAL AIRPORT, IL US",41.96017,-87.93164,204.8,2022-06-02,25,",,W",14.4,",,W"
USW00094846,"CHICAGO OHARE INTERNATIONAL AIRPORT, IL US",41.96017,-87.93164,204.8,2022-06-03,27.2,",,W",14.4,",,W"
USW00094846,"CHICAGO OHARE INTERNATIONAL AIRPORT, IL US",41.96017,-87.93164,204.8,2022-06-04,21.7,",,W",12.2,",,W"
USW00094846,"CHICAGO OHARE INTERNATIONAL AIRPORT, IL US",41.96017,-87.93164,204.8,2022-06-05,25,",,W",14.4,",,W"
USW00094846,"CHICAGO OHARE INTERNATIONAL AIRPORT, IL US",41.96017,-87.93164,204.8,2022-06-06,24.4,",,W",13.9,",,W"
USW00094846,"CHICAGO OHARE INTERNATIONAL AIRPORT, IL US",41.96017,-87.93164,204.8,2022-06-07,22.2,",,W",13.3,",,W"
USW00094846,"CHICAGO OHARE INTERNATIONAL AIRPORT, IL US",41.96017,-87.93164,204.8,2022-06-08,20.6,",,W",13.3,",,W"
USW00094846,"CHICAGO OHARE INTERNATIONAL AIRPORT, IL US",41.96017,-87.93164,204.8,2022-06-09,25.6,",,W",11.7,",,W"
USW00094846,"CHICAGO OHARE INTERNATIONAL AIRPORT, IL US",41.96017,-87.93164,204.8,2022-06-10,25.6,",,W",14.4,",,W"
USW00094846,"CHICAGO OHARE INTERNATIONAL AIRPORT, IL US",41.96017,-87.93164,204.8,2022-06-11,22.8,",,W",15,",,W"
USW00094846,"CHICAGO OHARE INTERNATIONAL AIRPORT, IL US",41.96017,-87.93164,204.8,2022-06-12,21.1,",,W",14.4,",,W"
USW00094846,"CHICAGO OHARE INTERNATIONAL AIRPORT, IL US",41.96017,-87.93164,204.8,2022-06-13,31.7,",,W",13.9,",,W"
USW00094846,"CHICAGO OHARE INTERNATIONAL AIRPORT, IL US",41.96017,-87.93164,204.8,2022-06-14,36.7,",,W",18.3,",,W"
USW00094846,"CHICAGO OHARE INTERNATIONAL AIRPORT, IL US",41.96017,-87.93164,204.8,2022-06-15,35.6,",,W",24.4,",,W"
USW00094846,"CHICAGO OHARE INTERNATIONAL AIRPORT, IL US",41.96017,-87.93164,204.8,2022-06-16,34.4,",,W",22.2,",,W"
USW00094846,"CHICAGO OHARE INTERNATIONAL AIRPORT, IL US",41.96017,-87.93164,204.8,2022-06-17,28.9,",,W",17.8,",,W"
USW00094846,"CHICAGO OHARE INTERNATIONAL AIRPORT, IL US",41.96017,-87.93164,204.8,2022-06-18,22.2,",,W",12.8,",,W"
USW00094846,"CHICAGO OHARE INTERNATIONAL AIRPORT, IL US",41.96017,-87.93164,204.8,2022-06-19,29.4,",,W",11.1,",,W"
USW00094846,"CHICAGO OHARE INTERNATIONAL AIRPORT, IL US",41.96017,-87.93164,204.8,2022-06-20,35,",,W",17.8,",,W"
USW00094846,"CHICAGO OHARE INTERNATIONAL AIRPORT, IL US",41.96017,-87.93164,204.8,2022-06-21,37.2,",,W",22.8,",,W"
USW00094846,"CHICAGO OHARE INTERNATIONAL AIRPORT, IL US",41.96017,-87.93164,204.8,2022-06-22,31.7,",,W",22.2,",,W"
USW00094846,"CHICAGO OHARE INTERNATIONAL AIRPORT, IL US",41.96017,-87.93164,204.8,2022-06-23,29.4,",,W",18.3,",,W"
USW00094846,"CHICAGO OHARE INTERNATIONAL AIRPORT, IL US",41.96017,-87.93164,204.8,2022-06-24,33.3,",,W",18.3,",,W"
USW00094846,"CHICAGO OHARE INTERNATIONAL AIRPORT, IL US",41.96017,-87.93164,204.8,2022-06-25,25,",,W",19.4,",,W"
USW00094846,"CHICAGO OHARE INTERNATIONAL AIRPORT, IL US",41.96017,-87.93164,204.8,2022-06-26,26.7,",,W",18.3,",,W"
USW00094846,"CHICAGO OHARE INTERNATIONAL AIRPORT, IL US",41.96017,-87.93164,204.8,2022-06-27,26.7,",,W",15.6,",,W"
USW00094846,"CHICAGO OHARE INTERNATIONAL AIRPORT, IL US",41.96017,-87.93164,204.8,2022-06-28,30,",,W",16.1,",,W"
USW00094846,"CHICAGO OHARE INTERNATIONAL AIRPORT, IL US",41.96017,-87.93164,204.8,2022-06-29,31.1,",,W",18.9,",,W"
USW00094846,"CHICAGO OHARE INTERNATIONAL AIRPORT, IL US",41.96017,-87.93164,204.8,2022-06-30,33.3,",,W",22.8,",,W"
USW00094846,"CHICAGO OHARE INTERNATIONAL AIRPORT, IL US",41.96017,-87.93164,204.8,2022-07-01,27.8,",,W",19.4,",,W"
USW00094846,"CHICAGO OHARE INTERNATIONAL AIRPORT, IL US",41.96017,-87.93164,204.8,2022-07-02,30.6,",,W",18.3,",,W"
USW00094846,"CHICAGO OHARE INTERNATIONAL AIRPORT, IL US",41.96017,-87.93164,204.8,2022-07-03,31.1,",,W",20,",,W"
USW00094846,"CHICAGO OHARE INTERNATIONAL AIRPORT, IL US",41.96017,-87.93164,204.8,2022-07-04,30.6,",,W",20.6,",,W"
USW00094846,"CHICAGO OHARE INTERNATIONAL AIRPORT, IL US",41.96017,-87.93164,204.8,2022-07-05,34.4,",,W",20.6,",,W"
USW00094846,"CHICAGO OHARE INTERNATIONAL AIRPORT, IL US",41.96017,-87.93164,204.8,2022-07-06,26.7,",,W",20,",,W"
USW00094846,"CHICAGO OHARE INTERNATIONAL AIRPORT, IL US",41.96017,-87.93164,204.8,2022-07-07,30,",,W",20,",,W"
USW00094846,"CHICAGO OHARE INTERNATIONAL AIRPORT, IL US",41.96017,-87.93164,204.8,2022-07-08,25,",,W",19.4,",,W"
USW00094846,"CHICAGO OHARE INTERNATIONAL AIRPORT, IL US",41.96017,-87.93164,204.8,2022-07-09,24.4,",,W",17.2,",,W"
USW00094846,"CHICAGO OHARE INTERNATIONAL AIRPORT, IL US",41.96017,-87.93164,204.8,2022-07-10,30,",,W",15,",,W"
USW00094846,"CHICAGO OHARE INTERNATIONAL AIRPORT, IL US",41.96017,-87.93164,204.8,2022-07-11,29.4,",,W",21.7,",,W"
USW00094846,"CHICAGO OHARE INTERNATIONAL AIRPORT, IL US",41.96017,-87.93164,204.8,2022-07-12,30,",,W",20,",,W"
USW00094846,"CHICAGO OHARE INTERNATIONAL AIRPORT, IL US",41.96017,-87.93164,204.8,2022-07-13,26.7,",,W",17.8,",,W"
USW00094846,"CHICAGO OHARE INTERNATIONAL AIRPORT, IL US",41.96017,-87.93164,204.8,2022-07-14,26.7,",,W",16.1,",,W"
USW00094846,"CHICAGO OHARE INTERNATIONAL AIRPORT, IL US",41.96017,-87.93164,204.8,2022-07-15,22.2,",,W",18.9,",,W"
USW00094846,"CHICAGO OHARE INTERNATIONAL AIRPORT, IL US",41.96017,-87.93164,204.8,2022-07-16,23.9,",,W",19.4,",,W"
USW00094846,"CHICAGO OHARE INTERNATIONAL AIRPORT, IL US",41.96017,-87.93164,204.8,2022-07-17,25,",,W",20.6,",,W"
USW00094846,"CHICAGO OHARE INTERNATIONAL AIRPORT, IL US",41.96017,-87.93164,204.8,2022-07-18,31.7,",,W",20,",,W"
USW00094846,"CHICAGO OHARE INTERNATIONAL AIRPORT, IL US",41.96017,-87.93164,204.8,2022-07-19,32.2,",,W",21.7,",,W"
USW00094846,"CHICAGO OHARE INTERNATIONAL AIRPORT, IL US",41.96017,-87.93164,204.8,2022-07-20,30.6,",,W",24.4,",,W"
USW00094846,"CHICAGO OHARE INTERNATIONAL AIRPORT, IL US",41.96017,-87.93164,204.8,2022-07-21,33.3,",,W",20.6,",,W"
USW00094846,"CHICAGO OHARE INTERNATIONAL AIRPORT, IL US",41.96017,-87.93164,204.8,2022-07-22,32.8,",,W",20.6,",,W"
USW00094846,"CHICAGO OHARE INTERNATIONAL AIRPORT, IL US",41.96017,-87.93164,204.8,2022-07-23,30,",,W",20,",,W"
USW00094846,"CHICAGO OHARE INTERNATIONAL AIRPORT, IL US",41.96017,-87.93164,204.8,2022-07-24,30,",,W",21.7,",,W"
USW00094846,"CHICAGO OHARE INTERNATIONAL AIRPORT, IL US",41.96017,-87.93164,204.8,2022-07-25,24.4,",,W",17.8,",,W"
USW00094846,"CHICAGO OHARE INTERNATIONAL AIRPORT, IL US",41.96017,-87.93164,204.8,2022-07-26,27.8,",,W",17.8,",,W"
USW00094846,"CHICAGO OHARE INTERNATIONAL AIRPORT, IL US",41.96017,-87.93164,204.8,2022-07-27,28.3,",,W",21.1,",,W"
USW00094846,"CHICAGO OHARE INTERNATIONAL AIRPORT, IL US",41.96017,-87.93164,204.8,2022-07-28,26.7,",,W",19.4,",,W"
USW00094846,"CHICAGO OHARE INTERNATIONAL AIRPORT, IL US",41.96017,-87.93164,204.8,2022-07-29,27.2,",,W",16.7,",,W"
USW00094846,"CHICAGO OHARE INTERNATIONAL AIRPORT, IL US",41.96017,-87.93164,204.8,2022-07-30,28.3,",,W",17.2,",,W"
USW00094846,"CHICAGO OHARE INTERNATIONAL AIRPORT, IL US",41.96017,-87.93164,204.8,2022-07-31,29.4,",,W",18.9,",,W"
USW00094846,"CHICAGO OHARE INTERNATIONAL AIRPORT, IL US",41.96017,-87.93164,204.8,2022-08-01,29.4,",,W",22.2,",,W"
USW00094846,"CHICAGO OHARE INTERNATIONAL AIRPORT, IL US",41.96017,-87.93164,204.8,2022-08-02,32.2,",,W",20,",,W"
USW00094846,"CHICAGO OHARE INTERNATIONAL AIRPORT, IL US",41.96017,-87.93164,204.8,2022-08-03,32.8,",,W",23.9,",,W"
USW00094846,"CHICAGO OHARE INTERNATIONAL AIRPORT, IL US",41.96017,-87.93164,204.8,2022-08-04,28.3,",,W",20.6,",,W"
USW00094846,"CHICAGO OHARE INTERNATIONAL AIRPORT, IL US",41.96017,-87.93164,204.8,2022-08-05,31.1,",,W",19.4,",,W"
USW00094846,"CHICAGO OHARE INTERNATIONAL AIRPORT, IL US",41.96017,-87.93164,204.8,2022-08-06,35,",,W",23.3,",,W"
USW00094846,"CHICAGO OHARE INTERNATIONAL AIRPORT, IL US",41.96017,-87.93164,204.8,2022-08-07,28.3,",,W",23.9,",,W"
USW00094846,"CHICAGO OHARE INTERNATIONAL AIRPORT, IL US",41.96017,-87.93164,204.8,2022-08-08,27.2,",,W",18.3,",,W"
USW00094846,"CHICAGO OHARE INTERNATIONAL AIRPORT, IL US",41.96017,-87.93164,204.8,2022-08-09,25,",,W",16.1,",,W"
USW00094846,"CHICAGO OHARE INTERNATIONAL AIRPORT, IL US",41.96017,-87.93164,204.8,2022-08-10,29.4,",,W",15.6,",,W"
USW00094846,"CHICAGO OHARE INTERNATIONAL AIRPORT, IL US",41.96017,-87.93164,204.8,2022-08-11,26.1,",,W",16.1,",,W"
USW00094846,"CHICAGO OHARE INTERNATIONAL AIRPORT, IL US",41.96017,-87.93164,204.8,2022-08-12,25,",,W",14.4,",,W"
USW00094846,"CHICAGO OHARE INTERNATIONAL AIRPORT, IL US",41.96017,-87.93164,204.8,2022-08-13,26.1,",,W",19.4,",,W"
USW00094846,"CHICAGO OHARE INTERNATIONAL AIRPORT, IL US",41.96017,-87.93164,204.8,2022-08-14,25,",,W",18.9,",,W"
USW00094846,"CHICAGO OHARE INTERNATIONAL AIRPORT, IL US",41.96017,-87.93164,204.8,2022-08-15,26.1,",,W",18.9,",,W"
USW00094846,"CHICAGO OHARE INTERNATIONAL AIRPORT, IL US",41.96017,-87.93164,204.8,2022-08-16,27.2,",,W",16.7,",,W"
USW00094846,"CHICAGO OHARE INTERNATIONAL AIRPORT, IL US",41.96017,-87.93164,204.8,2022-08-17,27.8,",,W",16.7,",,W"
USW00094846,"CHICAGO OHARE INTERNATIONAL AIRPORT, IL US",41.96017,-87.93164,204.8,2022-08-18,28.9,",,W",16.1,",,W"
USW00094846,"CHICAGO OHARE INTERNATIONAL AIRPORT, IL US",41.96017,-87.93164,204.8,2022-08-19,30,",,W",20,",,W"
USW00094846,"CHICAGO OHARE INTERNATIONAL AIRPORT, IL US",41.96017,-87.93164,204.8,2022-08-20,25,",,W",18.3,",,W"
USW00094846,"CHICAGO OHARE INTERNATIONAL AIRPORT, IL US",41.96017,-87.93164,204.8,2022-08-21,26.1,",,W",18.9,",,W"
USW00094846,"CHICAGO OHARE INTERNATIONAL AIRPORT, IL US",41.96017,-87.93164,204.8,2022-08-22,29.4,",,W",17.8,",,W"
USW00094846,"CHICAGO OHARE INTERNATIONAL AIRPORT, IL US",41.96017,-87.93164,204.8,2022-08-23,29.4,",,W",17.8,",,W"
USW00094846,"CHICAGO OHARE INTERNATIONAL AIRPORT, IL US",41.96017,-87.93164,204.8,2022-08-24,29.4,",,W",19.4,",,W"
USW00094846,"CHICAGO OHARE INTERNATIONAL AIRPORT, IL US",41.96017,-87.93164,204.8,2022-08-25,27.2,",,W",18.9,",,W"
USW00094846,"CHICAGO OHARE INTERNATIONAL AIRPORT, IL US",41.96017,-87.93164,204.8,2022-08-26,25.6,",,W",17.2,",,W"
USW00094846,"CHICAGO OHARE INTERNATIONAL AIRPORT, IL US",41.96017,-87.93164,204.8,2022-08-27,28.3,",,W",15,",,W"
USW00094846,"CHICAGO OHARE INTERNATIONAL AIRPORT, IL US",41.96017,-87.93164,204.8,2022-08-28,31.7,",,W",20,",,W"
USW00094846,"CHICAGO OHARE INTERNATIONAL AIRPORT, IL US",41.96017,-87.93164,204.8,2022-08-29,29.4,",,W",21.1,",,W"
USW00094846,"CHICAGO OHARE INTERNATIONAL AIRPORT, IL US",41.96017,-87.93164,204.8,2022-08-30,26.7,",,W",18.3,",,W"
USW00094846,"CHICAGO OHARE INTERNATIONAL AIRPORT, IL US",41.96017,-87.93164,204.8,2022-08-31,29.4,",,W",16.7,",,W"
USW00094846,"CHICAGO OHARE INTERNATIONAL AIRPORT, IL US",41.96017,-87.93164,204.8,2022-09-01,31.1,",,W",19.4,",,W"
USW00094846,"CHICAGO OHARE INTERNATIONAL AIRPORT, IL US",41.96017,-87.93164,204.8,2022-09-02,30,",,W",21.1,",,W"
USW00094846,"CHICAGO OHARE INTERNATIONAL AIRPORT, IL US",41.96017,-87.93164,204.8,2022-09-03,31.1,",,W",20,",,W"
USW00094846,"CHICAGO OHARE INTERNATIONAL AIRPORT, IL US",41.96017,-87.93164,204.8,2022-09-04,22.8,",,W",19.4,",,W"
USW00094846,"CHICAGO OHARE INTERNATIONAL AIRPORT, IL US",41.96017,-87.93164,204.8,2022-09-05,21.1,",,W",17.8,",,W"
USW00094846,"CHICAGO OHARE INTERNATIONAL AIRPORT, IL US",41.96017,-87.93164,204.8,2022-09-06,26.7,",,W",17.8,",,W"
USW00094846,"CHICAGO OHARE INTERNATIONAL AIRPORT, IL US",41.96017,-87.93164,204.8,2022-09-07,27.2,",,W",17.2,",,W"
USW00094846,"CHICAGO OHARE INTERNATIONAL AIRPORT, IL US",41.96017,-87.93164,204.8,2022-09-08,28.9,",,W",16.7,",,W"
USW00094846,"CHICAGO OHARE INTERNATIONAL AIRPORT, IL US",41.96017,-87.93164,204.8,2022-09-09,28.9,",,W",16.7,",,W"
USW00094846,"CHICAGO OHARE INTERNATIONAL AIRPORT, IL US",41.96017,-87.93164,204.8,2022-09-10,28.9,",,W",17.2,",,W"
USW00094846,"CHICAGO OHARE INTERNATIONAL AIRPORT, IL US",41.96017,-87.93164,204.8,2022-09-11,21.7,",,W",14.4,",,W"
USW00094846,"CHICAGO OHARE INTERNATIONAL AIRPORT, IL US",41.96017,-87.93164,204.8,2022-09-12,19.4,",,W",12.2,",,W"
USW00094846,"CHICAGO OHARE INTERNATIONAL AIRPORT, IL US",41.96017,-87.93164,204.8,2022-09-13,25.6,",,W",15.6,",,W"
USW00094846,"CHICAGO OHARE INTERNATIONAL AIRPORT, IL US",41.96017,-87.93164,204.8,2022-09-14,26.1,",,W",14.4,",,W"
USW00094846,"CHICAGO OHARE INTERNATIONAL AIRPORT, IL US",41.96017,-87.93164,204.8,2022-09-15,27.2,",,W",15.6,",,W"
USW00094846,"CHICAGO OHARE INTERNATIONAL AIRPORT, IL US",41.96017,-87.93164,204.8,2022-09-16,27.8,",,W",17.2,",,W"
USW00094846,"CHICAGO OHARE INTERNATIONAL AIRPORT, IL US",41.96017,-87.93164,204.8,2022-09-17,29.4,",,W",20,",,W"
USW00094846,"CHICAGO OHARE INTERNATIONAL AIRPORT, IL US",41.96017,-87.93164,204.8,2022-09-18,29.4,",,W",19.4,",,W"
USW00094846,"CHICAGO OHARE INTERNATIONAL AIRPORT, IL US",41.96017,-87.93164,204.8,2022-09-19,25.6,",,W",17.2,",,W"
USW00094846,"CHICAGO OHARE INTERNATIONAL AIRPORT, IL US",41.96017,-87.93164,204.8,2022-09-20,30,",,W",17.2,",,W"
USW00094846,"CHICAGO OHARE INTERNATIONAL AIRPORT, IL US",41.96017,-87.93164,204.8,2022-09-21,29.4,",,W",15.6,",,W"
USW00094846,"CHICAGO OHARE INTERNATIONAL AIRPORT, IL US",41.96017,-87.93164,204.8,2022-09-22,17.8,",,W",10,",,W"
USW00094846,"CHICAGO OHARE INTERNATIONAL AIRPORT, IL US",41.96017,-87.93164,204.8,2022-09-23,17.8,",,W",10,",,W"
USW00094846,"CHICAGO OHARE INTERNATIONAL AIRPORT, IL US",41.96017,-87.93164,204.8,2022-09-24,21.7,",,W",11.1,",,W"
USW00094846,"CHICAGO OHARE INTERNATIONAL AIRPORT, IL US",41.96017,-87.93164,204.8,2022-09-25,20,",,W",12.8,",,W"
USW00094846,"CHICAGO OHARE INTERNATIONAL AIRPORT, IL US",41.96017,-87.93164,204.8,2022-09-26,17.8,",,W",10.6,",,W"
USW00094846,"CHICAGO OHARE INTERNATIONAL AIRPORT, IL US",41.96017,-87.93164,204.8,2022-09-27,16.1,",,W",7.8,",,W"
USW00094846,"CHICAGO OHARE INTERNATIONAL AIRPORT, IL US",41.96017,-87.93164,204.8,2022-09-28,16.1,",,W",7.2,",,W"
USW00094846,"CHICAGO OHARE INTERNATIONAL AIRPORT, IL US",41.96017,-87.93164,204.8,2022-09-29,17.8,",,W",6.7,",,W"
USW00094846,"CHICAGO OHARE INTERNATIONAL AIRPORT, IL US",41.96017,-87.93164,204.8,2022-09-30,19.4,",,W",8.3,",,W"
USW00094846,"CHICAGO OHARE INTERNATIONAL AIRPORT, IL US",41.96017,-87.93164,204.8,2022-10-01,20,",,W",10,",,W"
USW00094846,"CHICAGO OHARE INTERNATIONAL AIRPORT, IL US",41.96017,-87.93164,204.8,2022-10-02,18.3,",,W",10.6,",,W"
USW00094846,"CHICAGO OHARE INTERNATIONAL AIRPORT, IL US",41.96017,-87.93164,204.8,2022-10-03,21.1,",,W",7.2,",,W"
USW00094846,"CHICAGO OHARE INTERNATIONAL AIRPORT, IL US",41.96017,-87.93164,204.8,2022-10-04,23.3,",,W",7.2,",,W"
USW00094846,"CHICAGO OHARE INTERNATIONAL AIRPORT, IL US",41.96017,-87.93164,204.8,2022-10-05,24.4,",,W",8.9,",,W"
USW00094846,"CHICAGO OHARE INTERNATIONAL AIRPORT, IL US",41.96017,-87.93164,204.8,2022-10-06,24.4,",,W",10.6,",,W"
USW00094846,"CHICAGO OHARE INTERNATIONAL AIRPORT, IL US",41.96017,-87.93164,204.8,2022-10-07,13.9,",,W",4.4,",,W"
USW00094846,"CHICAGO OHARE INTERNATIONAL AIRPORT, IL US",41.96017,-87.93164,204.8,2022-10-08,14.4,",,W",3.3,",,W"
USW00094846,"CHICAGO OHARE INTERNATIONAL AIRPORT, IL US",41.96017,-87.93164,204.8,2022-10-09,20.6,",,W",5.6,",,W"
USW00094846,"CHICAGO OHARE INTERNATIONAL AIRPORT, IL US",41.96017,-87.93164,204.8,2022-10-10,22.8,",,W",7.8,",,W"
USW00094846,"CHICAGO OHARE INTERNATIONAL AIRPORT, IL US",41.96017,-87.93164,204.8,2022-10-11,20.6,",,W",10,",,W"
USW00094846,"CHICAGO OHARE INTERNATIONAL AIRPORT, IL US",41.96017,-87.93164,204.8,2022-10-12,18.3,",,W",9.4,",,W"
USW00094846,"CHICAGO OHARE INTERNATIONAL AIRPORT, IL US",41.96017,-87.93164,204.8,2022-10-13,12.8,",,W",3.3,",,W"
USW00094846,"CHICAGO OHARE INTERNATIONAL AIRPORT, IL US",41.96017,-87.93164,204.8,2022-10-14,15,",,W",3.9,",,W"
USW00094846,"CHICAGO OHARE INTERNATIONAL AIRPORT, IL US",41.96017,-87.93164,204.8,2022-10-15,11.7,",,W",1.7,",,W"
USW00094846,"CHICAGO OHARE INTERNATIONAL AIRPORT, IL US",41.96017,-87.93164,204.8,2022-10-16,12.2,",,W",4.4,",,W"
USW00094846,"CHICAGO OHARE INTERNATIONAL AIRPORT, IL US",41.96017,-87.93164,204.8,2022-10-17,6.1,",,W",2.2,",,W"
USW00094846,"CHICAGO OHARE INTERNATIONAL AIRPORT, IL US",41.96017,-87.93164,204.8,2022-10-18,9.4,",,W",1.7,",,W"
USW00094846,"CHICAGO OHARE INTERNATIONAL AIRPORT, IL US",41.96017,-87.93164,204.8,2022-10-19,8.9,",,W",0.6,",,W"
USW00094846,"CHICAGO OHARE INTERNATIONAL AIRPORT, IL US",41.96017,-87.93164,204.8,2022-10-20,16.7,",,W",0.6,",,W"
USW00094846,"CHICAGO OHARE INTERNATIONAL AIRPORT, IL US",41.96017,-87.93164,204.8,2022-10-21,24.4,",,W",6.1,",,W"
USW00094846,"CHICAGO OHARE INTERNATIONAL AIRPORT, IL US",41.96017,-87.93164,204.8,2022-10-22,26.1,",,W",13.3,",,W"
USW00094846,"CHICAGO OHARE INTERNATIONAL AIRPORT, IL US",41.96017,-87.93164,204.8,2022-10-23,26.1,",,W",16.7,",,W"
USW00094846,"CHICAGO OHARE INTERNATIONAL AIRPORT, IL US",41.96017,-87.93164,204.8,2022-10-24,24.4,",,W",17.2,",,W"
USW00094846,"CHICAGO OHARE INTERNATIONAL AIRPORT, IL US",41.96017,-87.93164,204.8,2022-10-25,21.1,",,W",7.8,",,W"
USW00094846,"CHICAGO OHARE INTERNATIONAL AIRPORT, IL US",41.96017,-87.93164,204.8,2022-10-26,12.2,",,W",4.4,",,W"
USW00094846,"CHICAGO OHARE INTERNATIONAL AIRPORT, IL US",41.96017,-87.93164,204.8,2022-10-27,12.2,",,W",2.8,",,W"
USW00094846,"CHICAGO OHARE INTERNATIONAL AIRPORT, IL US",41.96017,-87.93164,204.8,2022-10-28,16.1,",,W",6.7,",,W"
USW00094846,"CHICAGO OHARE INTERNATIONAL AIRPORT, IL US",41.96017,-87.93164,204.8,2022-10-29,19.4,",,W",3.9,",,W"
USW00094846,"CHICAGO OHARE INTERNATIONAL AIRPORT, IL US",41.96017,-87.93164,204.8,2022-10-30,18.3,",,W",7.2,",,W"
USW00094846,"CHICAGO OHARE INTERNATIONAL AIRPORT, IL US",41.96017,-87.93164,204.8,2022-10-31,13.9,",,W",10,",,W"
USW00094846,"CHICAGO OHARE INTERNATIONAL AIRPORT, IL US",41.96017,-87.93164,204.8,2022-11-01,20,",,W",7.2,",,W"
USW00094846,"CHICAGO OHARE INTERNATIONAL AIRPORT, IL US",41.96017,-87.93164,204.8,2022-11-02,22.2,",,W",6.1,",,W"
USW00094846,"CHICAGO OHARE INTERNATIONAL AIRPORT, IL US",41.96017,-87.93164,204.8,2022-11-03,22.8,",,W",11.1,",,W"
USW00094846,"CHICAGO OHARE INTERNATIONAL AIRPORT, IL US",41.96017,-87.93164,204.8,2022-11-04,22.2,",,W",16.1,",,W"
USW00094846,"CHICAGO OHARE INTERNATIONAL AIRPORT, IL US",41.96017,-87.93164,204.8,2022-11-05,20.6,",,W",7.2,",,W"
USW00094846,"CHICAGO OHARE INTERNATIONAL AIRPORT, IL US",41.96017,-87.93164,204.8,2022-11-06,16.1,",,W",7.2,",,W"
USW00094846,"CHICAGO OHARE INTERNATIONAL AIRPORT, IL US",41.96017,-87.93164,204.8,2022-11-07,12.2,",,W",3.9,",,W"
USW00094846,"CHICAGO OHARE INTERNATIONAL AIRPORT, IL US",41.96017,-87.93164,204.8,2022-11-08,12.2,",,W",6.7,",,W"
USW00094846,"CHICAGO OHARE INTERNATIONAL AIRPORT, IL US",41.96017,-87.93164,204.8,2022-11-09,21.1,",,W",8.3,",,W"
USW00094846,"CHICAGO OHARE INTERNATIONAL AIRPORT, IL US",41.96017,-87.93164,204.8,2022-11-10,24.4,",,W",15.6,",,W"
USW00094846,"CHICAGO OHARE INTERNATIONAL AIRPORT, IL US",41.96017,-87.93164,204.8,2022-11-11,16.1,",,W",0,",,W"
USW00094846,"CHICAGO OHARE INTERNATIONAL AIRPORT, IL US",41.96017,-87.93164,204.8,2022-11-12,2.2,",,W",0,",,W"
USW00094846,"CHICAGO OHARE INTERNATIONAL AIRPORT, IL US",41.96017,-87.93164,204.8,2022-11-13,3.3,",,W",-2.1,",,W"
USW00094846,"CHICAGO OHARE INTERNATIONAL AIRPORT, IL US",41.96017,-87.93164,204.8,2022-11-14,5.6,",,W",-2.7,",,W"
USW00094846,"CHICAGO OHARE INTERNATIONAL AIRPORT, IL US",41.96017,-87.93164,204.8,2022-11-15,3.3,",,W",0.6,",,W"
USW00094846,"CHICAGO OHARE INTERNATIONAL AIRPORT, IL US",41.96017,-87.93164,204.8,2022-11-16,2.8,",,W",-0.5,",,W"
USW00094846,"CHICAGO OHARE INTERNATIONAL AIRPORT, IL US",41.96017,-87.93164,204.8,2022-11-17,0.6,",,W",-1.6,",,W"
USW00094846,"CHICAGO OHARE INTERNATIONAL AIRPORT, IL US",41.96017,-87.93164,204.8,2022-11-18,-1,",,W",-6,",,W"
USW00094846,"CHICAGO OHARE INTERNATIONAL AIRPORT, IL US",41.96017,-87.93164,204.8,2022-11-19,-2.7,",,W",-8.8,",,W"
USW00094846,"CHICAGO OHARE INTERNATIONAL AIRPORT, IL US",41.96017,-87.93164,204.8,2022-11-20,1.1,",,W",-10.5,",,W"
USW00094846,"CHICAGO OHARE INTERNATIONAL AIRPORT, IL US",41.96017,-87.93164,204.8,2022-11-21,8.3,",,W",-1,",,W"
USW00094846,"CHICAGO OHARE INTERNATIONAL AIRPORT, IL US",41.96017,-87.93164,204.8,2022-11-22,11.1,",,W",-3.2,",,W"
USW00094846,"CHICAGO OHARE INTERNATIONAL AIRPORT, IL US",41.96017,-87.93164,204.8,2022-11-23,14.4,",,W",1.1,",,W"
USW00094846,"CHICAGO OHARE INTERNATIONAL AIRPORT, IL US",41.96017,-87.93164,204.8,2022-11-24,12.2,",,W",1.7,",,W"
USW00094846,"CHICAGO OHARE INTERNATIONAL AIRPORT, IL US",41.96017,-87.93164,204.8,2022-11-25,11.1,",,W",0.6,",,W"
USW00094846,"CHICAGO OHARE INTERNATIONAL AIRPORT, IL US",41.96017,-87.93164,204.8,2022-11-26,13.3,",,W",1.1,",,W"
USW00094846,"CHICAGO OHARE INTERNATIONAL AIRPORT, IL US",41.96017,-87.93164,204.8,2022-11-27,8.3,",,W",1.7,",,W"
USW00094846,"CHICAGO OHARE INTERNATIONAL AIRPORT, IL US",41.96017,-87.93164,204.8,2022-11-28,7.8,",,W",-1.6,",,W"
USW00094846,"CHICAGO OHARE INTERNATIONAL AIRPORT, IL US",41.96017,-87.93164,204.8,2022-11-29,14.4,",,W",1.1,",,W"
USW00094846,"CHICAGO OHARE INTERNATIONAL AIRPORT, IL US",41.96017,-87.93164,204.8,2022-11-30,1.7,",,W",-6.6,",,W"
USW00094846,"CHICAGO OHARE INTERNATIONAL AIRPORT, IL US",41.96017,-87.93164,204.8,2022-12-01,2.2,",,W",-7.7,",,W"
USW00094846,"CHICAGO OHARE INTERNATIONAL AIRPORT, IL US",41.96017,-87.93164,204.8,2022-12-02,11.7,",,W",2.2,",,W"
USW00094846,"CHICAGO OHARE INTERNATIONAL AIRPORT, IL US",41.96017,-87.93164,204.8,2022-12-03,10.6,",,W",-6,",,W"
USW00094846,"CHICAGO OHARE INTERNATIONAL AIRPORT, IL US",41.96017,-87.93164,204.8,2022-12-04,4.4,",,W",-7.1,",,W"
USW00094846,"CHICAGO OHARE INTERNATIONAL AIRPORT, IL US",41.96017,-87.93164,204.8,2022-12-05,6.7,",,W",-1.6,",,W"
USW00094846,"CHICAGO OHARE INTERNATIONAL AIRPORT, IL US",41.96017,-87.93164,204.8,2022-12-06,6.1,",,W",2.2,",,W"
USW00094846,"CHICAGO OHARE INTERNATIONAL AIRPORT, IL US",41.96017,-87.93164,204.8,2022-12-07,6.1,",,W",1.1,",,W"
USW00094846,"CHICAGO OHARE INTERNATIONAL AIRPORT, IL US",41.96017,-87.93164,204.8,2022-12-08,5,",,W",-1,",,W"
USW00094846,"CHICAGO OHARE INTERNATIONAL AIRPORT, IL US",41.96017,-87.93164,204.8,2022-12-09,3.3,",,W",1.1,",,W"
USW00094846,"CHICAGO OHARE INTERNATIONAL AIRPORT, IL US",41.96017,-87.93164,204.8,2022-12-10,4.4,",,W",2.8,",,W"
USW00094846,"CHICAGO OHARE INTERNATIONAL AIRPORT, IL US",41.96017,-87.93164,204.8,2022-12-11,4.4,",,W",2.2,",,W"
USW00094846,"CHICAGO OHARE INTERNATIONAL AIRPORT, IL US",41.96017,-87.93164,204.8,2022-12-12,5.6,",,W",1.7,",,W"
USW00094846,"CHICAGO OHARE INTERNATIONAL AIRPORT, IL US",41.96017,-87.93164,204.8,2022-12-13,3.3,",,W",1.7,",,W"
USW00094846,"CHICAGO OHARE INTERNATIONAL AIRPORT, IL US",41.96017,-87.93164,204.8,2022-12-14,6.7,",,W",2.8,",,W"
USW00094846,"CHICAGO OHARE INTERNATIONAL AIRPORT, IL US",41.96017,-87.93164,204.8,2022-12-15,3.3,",,W",-0.5,",,W"
USW00094846,"CHICAGO OHARE INTERNATIONAL AIRPORT, IL US",41.96017,-87.93164,204.8,2022-12-16,-0.5,",,W",-3.2,",,W"
USW00094846,"CHICAGO OHARE INTERNATIONAL AIRPORT, IL US",41.96017,-87.93164,204.8,2022-12-17,-3.2,",,W",-6,",,W"
USW00094846,"CHICAGO OHARE INTERNATIONAL AIRPORT, IL US",41.96017,-87.93164,204.8,2022-12-18,-6,",,W",-9.9,",,W"
USW00094846,"CHICAGO OHARE INTERNATIONAL AIRPORT, IL US",41.96017,-87.93164,204.8,2022-12-19,-3.2,",,W",-12.1,",,W"
USW00094846,"CHICAGO OHARE INTERNATIONAL AIRPORT, IL US",41.96017,-87.93164,204.8,2022-12-20,0.6,",,W",-7.7,",,W"
USW00094846,"CHICAGO OHARE INTERNATIONAL AIRPORT, IL US",41.96017,-87.93164,204.8,2022-12-21,0,",,W",-11.6,",,W"
USW00094846,"CHICAGO OHARE INTERNATIONAL AIRPORT, IL US",41.96017,-87.93164,204.8,2022-12-22,0.6,",,W",-21,",,W"
USW00094846,"CHICAGO OHARE INTERNATIONAL AIRPORT, IL US",41.96017,-87.93164,204.8,2022-12-23,-18.2,",,W",-22.1,",,W"
USW00094846,"CHICAGO OHARE INTERNATIONAL AIRPORT, IL US",41.96017,-87.93164,204.8,2022-12-24,-9.9,",,W",-18.2,",,W"
USW00094846,"CHICAGO OHARE INTERNATIONAL AIRPORT, IL US",41.96017,-87.93164,204.8,2022-12-25,-9.9,",,W",-16.6,",,W"
USW00094846,"CHICAGO OHARE INTERNATIONAL AIRPORT, IL US",41.96017,-87.93164,204.8,2022-12-26,-5.5,",,W",-11.6,",,W"
USW00094846,"CHICAGO OHARE INTERNATIONAL AIRPORT, IL US",41.96017,-87.93164,204.8,2022-12-27,-3.8,",,W",-13.2,",,W"
USW00094846,"CHICAGO OHARE INTERNATIONAL AIRPORT, IL US",41.96017,-87.93164,204.8,2022-12-28,7.2,",,W",-3.8,",,W"
USW00094846,"CHICAGO OHARE INTERNATIONAL AIRPORT, IL US",41.96017,-87.93164,204.8,2022-12-29,15,",,W",6.1,",,W"
USW00094846,"CHICAGO OHARE INTERNATIONAL AIRPORT, IL US",41.96017,-87.93164,204.8,2022-12-30,13.9,",,W",-1,",,W"
USW00094846,"CHICAGO OHARE INTERNATIONAL AIRPORT, IL US",41.96017,-87.93164,204.8,2022-12-31,3.9,",,W",-3.2,",,W"
USW00014819,"CHICAGO MIDWAY AIRPORT, IL US",41.78412,-87.75514,185.8,2022-01-01,5,",,W",-0.5,",,W"
USW00014819,"CHICAGO MIDWAY AIRPORT, IL US",41.78412,-87.75514,185.8,2022-01-02,0,",,W",-8.8,",,W"
USW00014819,"CHICAGO MIDWAY AIRPORT, IL US",41.78412,-87.75514,185.8,2022-01-03,-4.3,",,W",-12.1,",,W"
USW00014819,"CHICAGO MIDWAY AIRPORT, IL US",41.78412,-87.75514,185.8,2022-01-04,2.2,",,W",-4.3,",,W"
USW00014819,"CHICAGO MIDWAY AIRPORT, IL US",41.78412,-87.75514,185.8,2022-01-05,1.7,",,W",-10.5,",,W"
USW00014819,"CHICAGO MIDWAY AIRPORT, IL US",41.78412,-87.75514,185.8,2022-01-06,-8.8,",,W",-14.3,",,W"
USW00014819,"CHICAGO MIDWAY AIRPORT, IL US",41.78412,-87.75514,185.8,2022-01-07,-9.3,",,W",-17.1,",,W"
USW00014819,"CHICAGO MIDWAY AIRPORT, IL US",41.78412,-87.75514,185.8,2022-01-08,2.2,",,W",-9.3,",,W"
USW00014819,"CHICAGO MIDWAY AIRPORT, IL US",41.78412,-87.75514,185.8,2022-01-09,2.8,",,W",-11,",,W"
USW00014819,"CHICAGO MIDWAY AIRPORT, IL US",41.78412,-87.75514,185.8,2022-01-10,-6.6,",,W",-13.2,",,W"
USW00014819,"CHICAGO MIDWAY AIRPORT, IL US",41.78412,-87.75514,185.8,2022-01-11,3.3,",,W",-14.3,",,W"
USW00014819,"CHICAGO MIDWAY AIRPORT, IL US",41.78412,-87.75514,185.8,2022-01-12,5.6,",,W",-1,",,W"
USW00014819,"CHICAGO MIDWAY AIRPORT, IL US",41.78412,-87.75514,185.8,2022-01-13,5,",,W",-1.6,",,W"
USW00014819,"CHICAGO MIDWAY AIRPORT, IL US",41.78412,-87.75514,185.8,2022-01-14,3.3,",,W",-2.1,",,W"
USW00014819,"CHICAGO MIDWAY AIRPORT, IL US",41.78412,-87.75514,185.8,2022-01-15,-2.1,",,W",-6,",,W"
USW00014819,"CHICAGO MIDWAY AIRPORT, IL US",41.78412,-87.75514,185.8,2022-01-16,-1,",,W",-9.9,",,W"
USW00014819,"CHICAGO MIDWAY AIRPORT, IL US",41.78412,-87.75514,185.8,2022-01-17,-1,",,W",-3.8,",,W"
USW00014819,"CHICAGO MIDWAY AIRPORT, IL US",41.78412,-87.75514,185.8,2022-01-18,7.2,",,W",-5.5,",,W"
USW00014819,"CHICAGO MIDWAY AIRPORT, IL US",41.78412,-87.75514,185.8,2022-01-19,6.1,",,W",-10.5,",,W"
USW00014819,"CHICAGO MIDWAY AIRPORT, IL US",41.78412,-87.75514,185.8,2022-01-20,-5.5,",,W",-12.7,",,W"
USW00014819,"CHICAGO MIDWAY AIRPORT, IL US",41.78412,-87.75514,185.8,2022-01-21,-2.7,",,W",-12.1,",,W"
USW00014819,"CHICAGO MIDWAY AIRPORT, IL US",41.78412,-87.75514,185.8,2022-01-22,2.2,",,W",-6.6,",,W"
USW00014819,"CHICAGO MIDWAY AIRPORT, IL US",41.78412,-87.75514,185.8,2022-01-23,-3.8,",,W",-12.1,",,W"
USW00014819,"CHICAGO MIDWAY AIRPORT, IL US",41.78412,-87.75514,185.8,2022-01-24,-1.6,",,W",-10.5,",,W"
USW00014819,"CHICAGO MIDWAY AIRPORT, IL US",41.78412,-87.75514,185.8,2022-01-25,-9.3,",,W",-16.6,",,W"
USW00014819,"CHICAGO MIDWAY AIRPORT, IL US",41.78412,-87.75514,185.8,2022-01-26,-9.3,",,W",-20.5,",,W"
USW00014819,"CHICAGO MIDWAY AIRPORT, IL US",41.78412,-87.75514,185.8,2022-01-27,0.6,",,W",-9.9,",,W"
USW00014819,"CHICAGO MIDWAY AIRPORT, IL US",41.78412,-87.75514,185.8,2022-01-28,-1.6,",,W",-11,",,W"
USW00014819,"CHICAGO MIDWAY AIRPORT, IL US",41.78412,-87.75514,185.8,2022-01-29,-4.9,",,W",-12.7,",,W"
USW00014819,"CHICAGO MIDWAY AIRPORT, IL US",41.78412,-87.75514,185.8,2022-01-30,0.6,",,W",-9.9,",,W"
USW00014819,"CHICAGO MIDWAY AIRPORT, IL US",41.78412,-87.75514,185.8,2022-01-31,1.7,",,W",-2.1,",,W"
USW00014819,"CHICAGO MIDWAY AIRPORT, IL US",41.78412,-87.75514,185.8,2022-02-01,9.4,",,W",0.6,",,W"
USW00014819,"CHICAGO MIDWAY AIRPORT, IL US",41.78412,-87.75514,185.8,2022-02-02,0.6,",,W",-7.1,",,W"
USW00014819,"CHICAGO MIDWAY AIRPORT, IL US",41.78412,-87.75514,185.8,2022-02-03,-2.7,",,W",-7.1,",,W"
USW00014819,"CHICAGO MIDWAY AIRPORT, IL US",41.78412,-87.75514,185.8,2022-02-04,-3.2,",,W",-11,",,W"
USW00014819,"CHICAGO MIDWAY AIRPORT, IL US",41.78412,-87.75514,185.8,2022-02-05,-7.1,",,W",-14.3,",,W"
USW00014819,"CHICAGO MIDWAY AIRPORT, IL US",41.78412,-87.75514,185.8,2022-02-06,0.6,",,W",-7.7,",,W"
USW00014819,"CHICAGO MIDWAY AIRPORT, IL US",41.78412,-87.75514,185.8,2022-02-07,0,",,W",-7.7,",,W"
USW00014819,"CHICAGO MIDWAY AIRPORT, IL US",41.78412,-87.75514,185.8,2022-02-08,5,",,W",-7.7,",,W"
USW00014819,"CHICAGO MIDWAY AIRPORT, IL US",41.78412,-87.75514,185.8,2022-02-09,5.6,",,W",1.1,",,W"
USW00014819,"CHICAGO MIDWAY AIRPORT, IL US",41.78412,-87.75514,185.8,2022-02-10,2.2,",,W",-2.1,",,W"
USW00014819,"CHICAGO MIDWAY AIRPORT, IL US",41.78412,-87.75514,185.8,2022-02-11,7.2,",,W",-1,",,W"
USW00014819,"CHICAGO MIDWAY AIRPORT, IL US",41.78412,-87.75514,185.8,2022-02-12,-0.5,",,W",-9.3,",,W"
USW00014819,"CHICAGO MIDWAY AIRPORT, IL US",41.78412,-87.75514,185.8,2022-02-13,-6,",,W",-9.9,",,W"
USW00014819,"CHICAGO MIDWAY AIRPORT, IL US",41.78412,-87.75514,185.8,2022-02-14,-2.7,",,W",-9.3,",,W"
USW00014819,"CHICAGO MIDWAY AIRPORT, IL US",41.78412,-87.75514,185.8,2022-02-15,7.8,",,W",-4.9,",,W"
USW00014819,"CHICAGO MIDWAY AIRPORT, IL US",41.78412,-87.75514,185.8,2022-02-16,12.2,",,W",6.1,",,W"
USW00014819,"CHICAGO MIDWAY AIRPORT, IL US",41.78412,-87.75514,185.8,2022-02-17,6.1,",,W",-8.2,",,W"
USW00014819,"CHICAGO MIDWAY AIRPORT, IL US",41.78412,-87.75514,185.8,2022-02-18,0,",,W",-13.2,",,W"
USW00014819,"CHICAGO MIDWAY AIRPORT, IL US",41.78412,-87.75514,185.8,2022-02-19,-1.6,",,W",-11.6,",,W"
USW00014819,"CHICAGO MIDWAY AIRPORT, IL US",41.78412,-87.75514,185.8,2022-02-20,9.4,",,W",-7.7,",,W"
USW00014819,"CHICAGO MIDWAY AIRPORT, IL US",41.78412,-87.75514,185.8,2022-02-21,12.2,",,W",0.6,",,W"
USW00014819,"CHICAGO MIDWAY AIRPORT, IL US",41.78412,-87.75514,185.8,2022-02-22,12.2,",,W",-3.8,",,W"
USW00014819,"CHICAGO MIDWAY AIRPORT, IL US",41.78412,-87.75514,185.8,2022-02-23,-3.2,",,W",-7.7,",,W"
USW00014819,"CHICAGO MIDWAY AIRPORT, IL US",41.78412,-87.75514,185.8,2022-02-24,-1.6,",,W",-4.3,",,W"
USW00014819,"CHICAGO MIDWAY AIRPORT, IL US",41.78412,-87.75514,185.8,2022-02-25,-0.5,",,W",-6.6,",,W"
USW00014819,"CHICAGO MIDWAY AIRPORT, IL US",41.78412,-87.75514,185.8,2022-02-26,0.6,",,W",-9.3,",,W"
USW00014819,"CHICAGO MIDWAY AIRPORT, IL US",41.78412,-87.75514,185.8,2022-02-27,7.8,",,W",-1.6,",,W"
USW00014819,"CHICAGO MIDWAY AIRPORT, IL US",41.78412,-87.75514,185.8,2022-02-28,12.8,",,W",-1.6,",,W"
USW00014819,"CHICAGO MIDWAY AIRPORT, IL US",41.78412,-87.75514,185.8,2022-03-01,11.1,",,W",2.2,",,W"
USW00014819,"CHICAGO MIDWAY AIRPORT, IL US",41.78412,-87.75514,185.8,2022-03-02,15.6,",,W",1.1,",,W"
USW00014819,"CHICAGO MIDWAY AIRPORT, IL US",41.78412,-87.75514,185.8,2022-03-03,3.3,",,W",-1,",,W"
USW00014819,"CHICAGO MIDWAY AIRPORT, IL US",41.78412,-87.75514,185.8,2022-03-04,6.1,",,W",-1,",,W"
USW00014819,"CHICAGO MIDWAY AIRPORT, IL US",41.78412,-87.75514,185.8,2022-03-05,21.7,",,W",5.6,",,W"
USW00014819,"CHICAGO MIDWAY AIRPORT, IL US",41.78412,-87.75514,185.8,2022-03-06,16.1,",,W",2.8,",,W"
USW00014819,"CHICAGO MIDWAY AIRPORT, IL US",41.78412,-87.75514,185.8,2022-03-07,3.3,",,W",0,",,W"
USW00014819,"CHICAGO MIDWAY AIRPORT, IL US",41.78412,-87.75514,185.8,2022-03-08,5.6,",,W",-2.1,",,W"
USW00014819,"CHICAGO MIDWAY AIRPORT, IL US",41.78412,-87.75514,185.8,2022-03-09,6.7,",,W",-1,",,W"
USW00014819,"CHICAGO MIDWAY AIRPORT, IL US",41.78412,-87.75514,185.8,2022-03-10,0.6,",,W",-3.2,",,W"
USW00014819,"CHICAGO MIDWAY AIRPORT, IL US",41.78412,-87.75514,185.8,2022-03-11,0.6,",,W",-7.7,",,W"
USW00014819,"CHICAGO MIDWAY AIRPORT, IL US",41.78412,-87.75514,185.8,2022-03-12,-4.3,",,W",-10.5,",,W"
USW00014819,"CHICAGO MIDWAY AIRPORT, IL US",41.78412,-87.75514,185.8,2022-03-13,11.7,",,W",-5.5,",,W"
USW00014819,"CHICAGO MIDWAY AIRPORT, IL US",41.78412,-87.75514,185.8,2022-03-14,18.3,",,W",4.4,",,W"
USW00014819,"CHICAGO MIDWAY AIRPORT, IL US",41.78412,-87.75514,185.8,2022-03-15,12.8,",,W",1.7,",,W"
USW00014819,"CHICAGO MIDWAY AIRPORT, IL US",41.78412,-87.75514,185.8,2022-03-16,22.2,",,W",3.3,",,W"
USW00014819,"CHICAGO MIDWAY AIRPORT, IL US",41.78412,-87.75514,185.8,2022-03-17,23.3,",,W",9.4,",,W"
USW00014819,"CHICAGO MIDWAY AIRPORT, IL US",41.78412,-87.75514,185.8,2022-03-18,10,",,W",5.6,",,W"
USW00014819,"CHICAGO MIDWAY AIRPORT, IL US",41.78412,-87.75514,185.8,2022-03-19,6.7,",,W",3.9,",,W"
USW00014819,"CHICAGO MIDWAY AIRPORT, IL US",41.78412,-87.75514,185.8,2022-03-20,18.3,",,W",1.1,",,W"
USW00014819,"CHICAGO MIDWAY AIRPORT, IL US",41.78412,-87.75514,185.8,2022-03-21,25,",,W",6.7,",,W"
USW00014819,"CHICAGO MIDWAY AIRPORT, IL US",41.78412,-87.75514,185.8,2022-03-22,16.7,",,W",10,",,W"
USW00014819,"CHICAGO MIDWAY AIRPORT, IL US",41.78412,-87.75514,185.8,2022-03-23,15.6,",,W",7.8,",,W"
USW00014819,"CHICAGO MIDWAY AIRPORT, IL US",41.78412,-87.75514,185.8,2022-03-24,7.8,",,W",5,",,W"
USW00014819,"CHICAGO MIDWAY AIRPORT, IL US",41.78412,-87.75514,185.8,2022-03-25,10,",,W",2.2,",,W"
USW00014819,"CHICAGO MIDWAY AIRPORT, IL US",41.78412,-87.75514,185.8,2022-03-26,2.2,",,W",-1.6,",,W"
USW00014819,"CHICAGO MIDWAY AIRPORT, IL US",41.78412,-87.75514,185.8,2022-03-27,3.3,",,W",-3.8,",,W"
USW00014819,"CHICAGO MIDWAY AIRPORT, IL US",41.78412,-87.75514,185.8,2022-03-28,1.7,",,W",-3.8,",,W"
USW00014819,"CHICAGO MIDWAY AIRPORT, IL US",41.78412,-87.75514,185.8,2022-03-29,7.2,",,W",-0.5,",,W"
USW00014819,"CHICAGO MIDWAY AIRPORT, IL US",41.78412,-87.75514,185.8,2022-03-30,17.8,",,W",7.8,",,W"
USW00014819,"CHICAGO MIDWAY AIRPORT, IL US",41.78412,-87.75514,185.8,2022-03-31,10,",,W",1.1,",,W"
USW00014819,"CHICAGO MIDWAY AIRPORT, IL US",41.78412,-87.75514,185.8,2022-04-01,8.3,",,W",0.6,",,W"
USW00014819,"CHICAGO MIDWAY AIRPORT, IL US",41.78412,-87.75514,185.8,2022-04-02,7.2,",,W",1.7,",,W"
USW00014819,"CHICAGO MIDWAY AIRPORT, IL US",41.78412,-87.75514,185.8,2022-04-03,9.4,",,W",0.6,",,W"
USW00014819,"CHICAGO MIDWAY AIRPORT, IL US",41.78412,-87.75514,185.8,2022-04-04,12.8,",,W",6.1,",,W"
USW00014819,"CHICAGO MIDWAY AIRPORT, IL US",41.78412,-87.75514,185.8,2022-04-05,12.8,",,W",3.9,",,W"
USW00014819,"CHICAGO MIDWAY AIRPORT, IL US",41.78412,-87.75514,185.8,2022-04-06,15,",,W",7.2,",,W"
USW00014819,"CHICAGO MIDWAY AIRPORT, IL US",41.78412,-87.75514,185.8,2022-04-07,7.8,",,W",5,",,W"
USW00014819,"CHICAGO MIDWAY AIRPORT, IL US",41.78412,-87.75514,185.8,2022-04-08,6.1,",,W",1.1,",,W"
USW00014819,"CHICAGO MIDWAY AIRPORT, IL US",41.78412,-87.75514,185.8,2022-04-09,10,",,W",1.1,",,W"
USW00014819,"CHICAGO MIDWAY AIRPORT, IL US",41.78412,-87.75514,185.8,2022-04-10,17.8,",,W",2.2,",,W"
USW00014819,"CHICAGO MIDWAY AIRPORT, IL US",41.78412,-87.75514,185.8,2022-04-11,17.2,",,W",8.9,",,W"
USW00014819,"CHICAGO MIDWAY AIRPORT, IL US",41.78412,-87.75514,185.8,2022-04-12,22.2,",,W",6.1,",,W"
USW00014819,"CHICAGO MIDWAY AIRPORT, IL US",41.78412,-87.75514,185.8,2022-04-13,22.2,",,W",5.6,",,W"
USW00014819,"CHICAGO MIDWAY AIRPORT, IL US",41.78412,-87.75514,185.8,2022-04-14,12.8,",,W",2.8,",,W"
USW00014819,"CHICAGO MIDWAY AIRPORT, IL US",41.78412,-87.75514,185.8,2022-04-15,13.3,",,W",5.6,",,W"
USW00014819,"CHICAGO MIDWAY AIRPORT, IL US",41.78412,-87.75514,185.8,2022-04-16,10.6,",,W",1.7,",,W"
USW00014819,"CHICAGO MIDWAY AIRPORT, IL US",41.78412,-87.75514,185.8,2022-04-17,6.1,",,W",1.1,",,W"
USW00014819,"CHICAGO MIDWAY AIRPORT, IL US",41.78412,-87.75514,185.8,2022-04-18,5.6,",,W",1.7,",,W"
USW00014819,"CHICAGO MIDWAY AIRPORT, IL US",41.78412,-87.75514,185.8,2022-04-19,10.6,",,W",3.3,",,W"
USW00014819,"CHICAGO MIDWAY AIRPORT, IL US",41.78412,-87.75514,185.8,2022-04-20,13.3,",,W",6.1,",,W"
USW00014819,"CHICAGO MIDWAY AIRPORT, IL US",41.78412,-87.75514,185.8,2022-04-21,21.7,",,W",10.6,",,W"
USW00014819,"CHICAGO MIDWAY AIRPORT, IL US",41.78412,-87.75514,185.8,2022-04-22,16.1,",,W",10,",,W"
USW00014819,"CHICAGO MIDWAY AIRPORT, IL US",41.78412,-87.75514,185.8,2022-04-23,30,",,W",13.9,",,W"
USW00014819,"CHICAGO MIDWAY AIRPORT, IL US",41.78412,-87.75514,185.8,2022-04-24,23.9,",,W",14.4,",,W"
USW00014819,"CHICAGO MIDWAY AIRPORT, IL US",41.78412,-87.75514,185.8,2022-04-25,14.4,",,W",5.6,",,W"
USW00014819,"CHICAGO MIDWAY AIRPORT, IL US",41.78412,-87.75514,185.8,2022-04-26,12.2,",,W",3.9,",,W"
USW00014819,"CHICAGO MIDWAY AIRPORT, IL US",41.78412,-87.75514,185.8,2022-04-27,6.7,",,W",2.2,",,W"
USW00014819,"CHICAGO MIDWAY AIRPORT, IL US",41.78412,-87.75514,185.8,2022-04-28,11.1,",,W",4.4,",,W"
USW00014819,"CHICAGO MIDWAY AIRPORT, IL US",41.78412,-87.75514,185.8,2022-04-29,21.1,",,W",10.6,",,W"
USW00014819,"CHICAGO MIDWAY AIRPORT, IL US",41.78412,-87.75514,185.8,2022-04-30,22.8,",,W",11.1,",,W"
USW00014819,"CHICAGO MIDWAY AIRPORT, IL US",41.78412,-87.75514,185.8,2022-05-01,15,",,W",10.6,",,W"
USW00014819,"CHICAGO MIDWAY AIRPORT, IL US",41.78412,-87.75514,185.8,2022-05-02,13.3,",,W",8.3,",,W"
USW00014819,"CHICAGO MIDWAY AIRPORT, IL US",41.78412,-87.75514,185.8,2022-05-03,11.1,",,W",7.2,",,W"
USW00014819,"CHICAGO MIDWAY AIRPORT, IL US",41.78412,-87.75514,185.8,2022-05-04,13.9,",,W",5.6,",,W"
USW00014819,"CHICAGO MIDWAY AIRPORT, IL US",41.78412,-87.75514,185.8,2022-05-05,12.2,",,W",7.2,",,W"
USW00014819,"CHICAGO MIDWAY AIRPORT, IL US",41.78412,-87.75514,185.8,2022-05-06,12.2,",,W",10,",,W"
USW00014819,"CHICAGO MIDWAY AIRPORT, IL US",41.78412,-87.75514,185.8,2022-05-07,18.3,",,W",8.9,",,W"
USW00014819,"CHICAGO MIDWAY AIRPORT, IL US",41.78412,-87.75514,185.8,2022-05-08,20.6,",,W",7.8,",,W"
USW00014819,"CHICAGO MIDWAY AIRPORT, IL US",41.78412,-87.75514,185.8,2022-05-09,29.4,",,W",13.9,",,W"
USW00014819,"CHICAGO MIDWAY AIRPORT, IL US",41.78412,-87.75514,185.8,2022-05-10,33.3,",,W",21.1,",,W"
USW00014819,"CHICAGO MIDWAY AIRPORT, IL US",41.78412,-87.75514,185.8,2022-05-11,32.8,",,W",25,",,W"
USW00014819,"CHICAGO MIDWAY AIRPORT, IL US",41.78412,-87.75514,185.8,2022-05-12,35,",,W",24.4,",,W"
USW00014819,"CHICAGO MIDWAY AIRPORT, IL US",41.78412,-87.75514,185.8,2022-05-13,33.9,",,W",21.7,",,W"
USW00014819,"CHICAGO MIDWAY AIRPORT, IL US",41.78412,-87.75514,185.8,2022-05-14,29.4,",,W",20,",,W"
USW00014819,"CHICAGO MIDWAY AIRPORT, IL US",41.78412,-87.75514,185.8,2022-05-15,26.1,",,W",15,",,W"
USW00014819,"CHICAGO MIDWAY AIRPORT, IL US",41.78412,-87.75514,185.8,2022-05-16,26.7,",,W",13.3,",,W"
USW00014819,"CHICAGO MIDWAY AIRPORT, IL US",41.78412,-87.75514,185.8,2022-05-17,19.4,",,W",12.2,",,W"
USW00014819,"CHICAGO MIDWAY AIRPORT, IL US",41.78412,-87.75514,185.8,2022-05-18,17.8,",,W",12.8,",,W"
USW00014819,"CHICAGO MIDWAY AIRPORT, IL US",41.78412,-87.75514,185.8,2022-05-19,31.1,",,W",13.3,",,W"
USW00014819,"CHICAGO MIDWAY AIRPORT, IL US",41.78412,-87.75514,185.8,2022-05-20,31.7,",,W",16.7,",,W"
USW00014819,"CHICAGO MIDWAY AIRPORT, IL US",41.78412,-87.75514,185.8,2022-05-21,17.8,",,W",13.9,",,W"
USW00014819,"CHICAGO MIDWAY AIRPORT, IL US",41.78412,-87.75514,185.8,2022-05-22,18.3,",,W",11.7,",,W"
USW00014819,"CHICAGO MIDWAY AIRPORT, IL US",41.78412,-87.75514,185.8,2022-05-23,17.2,",,W",8.9,",,W"
USW00014819,"CHICAGO MIDWAY AIRPORT, IL US",41.78412,-87.75514,185.8,2022-05-24,20,",,W",11.1,",,W"
USW00014819,"CHICAGO MIDWAY AIRPORT, IL US",41.78412,-87.75514,185.8,2022-05-25,28.3,",,W",14.4,",,W"
USW00014819,"CHICAGO MIDWAY AIRPORT, IL US",41.78412,-87.75514,185.8,2022-05-26,26.1,",,W",18.3,",,W"
USW00014819,"CHICAGO MIDWAY AIRPORT, IL US",41.78412,-87.75514,185.8,2022-05-27,18.3,",,W",11.1,",,W"
USW00014819,"CHICAGO MIDWAY AIRPORT, IL US",41.78412,-87.75514,185.8,2022-05-28,24.4,",,W",10.6,",,W"
USW00014819,"CHICAGO MIDWAY AIRPORT, IL US",41.78412,-87.75514,185.8,2022-05-29,30.6,",,W",18.3,",,W"
USW00014819,"CHICAGO MIDWAY AIRPORT, IL US",41.78412,-87.75514,185.8,2022-05-30,33.3,",,W",22.8,",,W"
USW00014819,"CHICAGO MIDWAY AIRPORT, IL US",41.78412,-87.75514,185.8,2022-05-31,32.2,",,W",23.9,",,W"
USW00014819,"CHICAGO MIDWAY AIRPORT, IL US",41.78412,-87.75514,185.8,2022-06-01,26.1,",,W",16.1,",,W"
USW00014819,"CHICAGO MIDWAY AIRPORT, IL US",41.78412,-87.75514,185.8,2022-06-02,26.1,",,W",15.6,",,W"
USW00014819,"CHICAGO MIDWAY AIRPORT, IL US",41.78412,-87.75514,185.8,2022-06-03,28.3,",,W",16.7,",,W"
USW00014819,"CHICAGO MIDWAY AIRPORT, IL US",41.78412,-87.75514,185.8,2022-06-04,22.2,",,W",15,",,W"
USW00014819,"CHICAGO MIDWAY AIRPORT, IL US",41.78412,-87.75514,185.8,2022-06-05,27.2,",,W",17.2,",,W"
USW00014819,"CHICAGO MIDWAY AIRPORT, IL US",41.78412,-87.75514,185.8,2022-06-06,24.4,",,W",15.6,",,W"
USW00014819,"CHICAGO MIDWAY AIRPORT, IL US",41.78412,-87.75514,185.8,2022-06-07,21.7,",,W",13.9,",,W"
USW00014819,"CHICAGO MIDWAY AIRPORT, IL US",41.78412,-87.75514,185.8,2022-06-08,22.2,",,W",14.4,",,W"
USW00014819,"CHICAGO MIDWAY AIRPORT, IL US",41.78412,-87.75514,185.8,2022-06-09,26.7,",,W",11.7,",,W"
USW00014819,"CHICAGO MIDWAY AIRPORT, IL US",41.78412,-87.75514,185.8,2022-06-10,27.8,",,W",15,",,W"
USW00014819,"CHICAGO MIDWAY AIRPORT, IL US",41.78412,-87.75514,185.8,2022-06-11,24.4,",,W",15.6,",,W"
USW00014819,"CHICAGO MIDWAY AIRPORT, IL US",41.78412,-87.75514,185.8,2022-06-12,23.3,",,W",15.6,",,W"
USW00014819,"CHICAGO MIDWAY AIRPORT, IL US",41.78412,-87.75514,185.8,2022-06-13,33.9,",,W",16.7,",,W"
USW00014819,"CHICAGO MIDWAY AIRPORT, IL US",41.78412,-87.75514,185.8,2022-06-14,37.8,",,W",23.9,",,W"
USW00014819,"CHICAGO MIDWAY AIRPORT, IL US",41.78412,-87.75514,185.8,2022-06-15,37.8,",,W",28.3,",,W"
USW00014819,"CHICAGO MIDWAY AIRPORT, IL US",41.78412,-87.75514,185.8,2022-06-16,36.1,",,W",23.9,",,W"
USW00014819,"CHICAGO MIDWAY AIRPORT, IL US",41.78412,-87.75514,185.8,2022-06-17,31.1,",,W",20.6,",,W"
USW00014819,"CHICAGO MIDWAY AIRPORT, IL US",41.78412,-87.75514,185.8,2022-06-18,24.4,",,W",15,",,W"
USW00014819,"CHICAGO MIDWAY AIRPORT, IL US",41.78412,-87.75514,185.8,2022-06-19,31.1,",,W",13.9,",,W"
USW00014819,"CHICAGO MIDWAY AIRPORT, IL US",41.78412,-87.75514,185.8,2022-06-20,36.1,",,W",19.4,",,W"
USW00014819,"CHICAGO MIDWAY AIRPORT, IL US",41.78412,-87.75514,185.8,2022-06-21,38.3,",,W",22.8,",,W"
USW00014819,"CHICAGO MIDWAY AIRPORT, IL US",41.78412,-87.75514,185.8,2022-06-22,33.3,",,W",23.3,",,W"
USW00014819,"CHICAGO MIDWAY AIRPORT, IL US",41.78412,-87.75514,185.8,2022-06-23,29.4,",,W",22.2,",,W"
USW00014819,"CHICAGO MIDWAY AIRPORT, IL US",41.78412,-87.75514,185.8,2022-06-24,33.9,",,W",19.4,",,W"
USW00014819,"CHICAGO MIDWAY AIRPORT, IL US",41.78412,-87.75514,185.8,2022-06-25,27.2,",,W",20,",,W"
USW00014819,"CHICAGO MIDWAY AIRPORT, IL US",41.78412,-87.75514,185.8,2022-06-26,28.3,",,W",20,",,W"
USW00014819,"CHICAGO MIDWAY AIRPORT, IL US",41.78412,-87.75514,185.8,2022-06-27,27.2,",,W",17.2,",,W"
USW00014819,"CHICAGO MIDWAY AIRPORT, IL US",41.78412,-87.75514,185.8,2022-06-28,31.1,",,W",16.7,",,W"
USW00014819,"CHICAGO MIDWAY AIRPORT, IL US",41.78412,-87.75514,185.8,2022-06-29,31.7,",,W",21.1,",,W"
USW00014819,"CHICAGO MIDWAY AIRPORT, IL US",41.78412,-87.75514,185.8,2022-06-30,34.4,",,W",23.3,",,W"
USW00014819,"CHICAGO MIDWAY AIRPORT, IL US",41.78412,-87.75514,185.8,2022-07-01,29.4,",,W",20.6,",,W"
USW00014819,"CHICAGO MIDWAY AIRPORT, IL US",41.78412,-87.75514,185.8,2022-07-02,30,",,W",18.3,",,W"
USW00014819,"CHICAGO MIDWAY AIRPORT, IL US",41.78412,-87.75514,185.8,2022-07-03,31.1,",,W",20.6,",,W"
USW00014819,"CHICAGO MIDWAY AIRPORT, IL US",41.78412,-87.75514,185.8,2022-07-04,32.2,",,W",22.2,",,W"
USW00014819,"CHICAGO MIDWAY AIRPORT, IL US",41.78412,-87.75514,185.8,2022-07-05,35,",,W",21.1,",,W"
USW00014819,"CHICAGO MIDWAY AIRPORT, IL US",41.78412,-87.75514,185.8,2022-07-06,27.8,",,W",22.2,",,W"
USW00014819,"CHICAGO MIDWAY AIRPORT, IL US",41.78412,-87.75514,185.8,2022-07-07,30,",,W",22.2,",,W"
USW00014819,"CHICAGO MIDWAY AIRPORT, IL US",41.78412,-87.75514,185.8,2022-07-08,27.2,",,W",22.2,",,W"
USW00014819,"CHICAGO MIDWAY AIRPORT, IL US",41.78412,-87.75514,185.8,2022-07-09,26.1,",,W",20.6,",,W"
USW00014819,"CHICAGO MIDWAY AIRPORT, IL US",41.78412,-87.75514,185.8,2022-07-10,31.1,",,W",16.7,",,W"
USW00014819,"CHICAGO MIDWAY AIRPORT, IL US",41.78412,-87.75514,185.8,2022-07-11,30.6,",,W",22.2,",,W"
USW00014819,"CHICAGO MIDWAY AIRPORT, IL US",41.78412,-87.75514,185.8,2022-07-12,31.1,",,W",21.7,",,W"
USW00014819,"CHICAGO MIDWAY AIRPORT, IL US",41.78412,-87.75514,185.8,2022-07-13,29.4,",,W",21.1,",,W"
USW00014819,"CHICAGO MIDWAY AIRPORT, IL US",41.78412,-87.75514,185.8,2022-07-14,27.8,",,W",17.8,",,W"
USW00014819,"CHICAGO MIDWAY AIRPORT, IL US",41.78412,-87.75514,185.8,2022-07-15,24.4,",,W",20.6,",,W"
USW00014819,"CHICAGO MIDWAY AIRPORT, IL US",41.78412,-87.75514,185.8,2022-07-16,25.6,",,W",21.7,",,W"
USW00014819,"CHICAGO MIDWAY AIRPORT, IL US",41.78412,-87.75514,185.8,2022-07-17,25,",,W",21.7,",,W"
USW00014819,"CHICAGO MIDWAY AIRPORT, IL US",41.78412,-87.75514,185.8,2022-07-18,32.8,",,W",21.7,",,W"
USW00014819,"CHICAGO MIDWAY AIRPORT, IL US",41.78412,-87.75514,185.8,2022-07-19,32.8,",,W",22.8,",,W"
USW00014819,"CHICAGO MIDWAY AIRPORT, IL US",41.78412,-87.75514,185.8,2022-07-20,31.7,",,W",25.6,",,W"
USW00014819,"CHICAGO MIDWAY AIRPORT, IL US",41.78412,-87.75514,185.8,2022-07-21,34.4,",,W",22.2,",,W"
USW00014819,"CHICAGO MIDWAY AIRPORT, IL US",41.78412,-87.75514,185.8,2022-07-22,33.3,",,W",21.7,",,W"
USW00014819,"CHICAGO MIDWAY AIRPORT, IL US",41.78412,-87.75514,185.8,2022-07-23,31.1,",,W",21.7,",,W"
USW00014819,"CHICAGO MIDWAY AIRPORT, IL US",41.78412,-87.75514,185.8,2022-07-24,31.1,",,W",23.3,",,W"
USW00014819,"CHICAGO MIDWAY AIRPORT, IL US",41.78412,-87.75514,185.8,2022-07-25,26.1,",,W",20.6,",,W"
USW00014819,"CHICAGO MIDWAY AIRPORT, IL US",41.78412,-87.75514,185.8,2022-07-26,28.3,",,W",20,",,W"
USW00014819,"CHICAGO MIDWAY AIRPORT, IL US",41.78412,-87.75514,185.8,2022-07-27,30.6,",,W",21.7,",,W"
USW00014819,"CHICAGO MIDWAY AIRPORT, IL US",41.78412,-87.75514,185.8,2022-07-28,28.3,",,W",21.1,",,W"
USW00014819,"CHICAGO MIDWAY AIRPORT, IL US",41.78412,-87.75514,185.8,2022-07-29,28.3,",,W",17.8,",,W"
USW00014819,"CHICAGO MIDWAY AIRPORT, IL US",41.78412,-87.75514,185.8,2022-07-30,29.4,",,W",18.9,",,W"
USW00014819,"CHICAGO MIDWAY AIRPORT, IL US",41.78412,-87.75514,185.8,2022-07-31,30,",,W",20,",,W"
USW00014819,"CHICAGO MIDWAY AIRPORT, IL US",41.78412,-87.75514,185.8,2022-08-01,31.7,",,W",23.9,",,W"
USW00014819,"CHICAGO MIDWAY AIRPORT, IL US",41.78412,-87.75514,185.8,2022-08-02,32.8,",,W",21.7,",,W"
USW00014819,"CHICAGO MIDWAY AIRPORT, IL US",41.78412,-87.75514,185.8,2022-08-03,35,",,W",24.4,",,W"
USW00014819,"CHICAGO MIDWAY AIRPORT, IL US",41.78412,-87.75514,185.8,2022-08-04,29.4,",,W",23.9,",,W"
USW00014819,"CHICAGO MIDWAY AIRPORT, IL US",41.78412,-87.75514,185.8,2022-08-05,31.1,",,W",22.8,",,W"
USW00014819,"CHICAGO MIDWAY AIRPORT, IL US",41.78412,-87.75514,185.8,2022-08-06,35,",,W",25,",,W"
USW00014819,"CHICAGO MIDWAY AIRPORT, IL US",41.78412,-87.75514,185.8,2022-08-07,28.9,",,W",25.6,",,W"
USW00014819,"CHICAGO MIDWAY AIRPORT, IL US",41.78412,-87.75514,185.8,2022-08-08,28.9,",,W",20.6,",,W"
USW00014819,"CHICAGO MIDWAY AIRPORT, IL US",41.78412,-87.75514,185.8,2022-08-09,25.6,",,W",18.3,",,W"
USW00014819,"CHICAGO MIDWAY AIRPORT, IL US",41.78412,-87.75514,185.8,2022-08-10,30.6,",,W",16.7,",,W"
USW00014819,"CHICAGO MIDWAY AIRPORT, IL US",41.78412,-87.75514,185.8,2022-08-11,26.7,",,W",20,",,W"
USW00014819,"CHICAGO MIDWAY AIRPORT, IL US",41.78412,-87.75514,185.8,2022-08-12,27.2,",,W",17.2,",,W"
USW00014819,"CHICAGO MIDWAY AIRPORT, IL US",41.78412,-87.75514,185.8,2022-08-13,26.7,",,W",20.6,",,W"
USW00014819,"CHICAGO MIDWAY AIRPORT, IL US",41.78412,-87.75514,185.8,2022-08-14,26.7,",,W",21.7,",,W"
USW00014819,"CHICAGO MIDWAY AIRPORT, IL US",41.78412,-87.75514,185.8,2022-08-15,27.2,",,W",20.6,",,W"
USW00014819,"CHICAGO MIDWAY AIRPORT, IL US",41.78412,-87.75514,185.8,2022-08-16,28.9,",,W",19.4,",,W"
USW00014819,"CHICAGO MIDWAY AIRPORT, IL US",41.78412,-87.75514,185.8,2022-08-17,28.9,",,W",18.3,",,W"
USW00014819,"CHICAGO MIDWAY AIRPORT, IL US",41.78412,-87.75514,185.8,2022-08-18,30,",,W",17.2,",,W"
USW00014819,"CHICAGO MIDWAY AIRPORT, IL US",41.78412,-87.75514,185.8,2022-08-19,31.1,",,W",20.6,",,W"
USW00014819,"CHICAGO MIDWAY AIRPORT, IL US",41.78412,-87.75514,185.8,2022-08-20,26.1,",,W",20,",,W"
USW00014819,"CHICAGO MIDWAY AIRPORT, IL US",41.78412,-87.75514,185.8,2022-08-21,27.2,",,W",20,",,W"
USW00014819,"CHICAGO MIDWAY AIRPORT, IL US",41.78412,-87.75514,185.8,2022-08-22,28.9,",,W",18.3,",,W"
USW00014819,"CHICAGO MIDWAY AIRPORT, IL US",41.78412,-87.75514,185.8,2022-08-23,30,",,W",18.3,",,W"
USW00014819,"CHICAGO MIDWAY AIRPORT, IL US",41.78412,-87.75514,185.8,2022-08-24,30.6,",,W",19.4,",,W"
USW00014819,"CHICAGO MIDWAY AIRPORT, IL US",41.78412,-87.75514,185.8,2022-08-25,28.3,",,W",20,",,W"
USW00014819,"CHICAGO MIDWAY AIRPORT, IL US",41.78412,-87.75514,185.8,2022-08-26,26.7,",,W",19.4,",,W"
USW00014819,"CHICAGO MIDWAY AIRPORT, IL US",41.78412,-87.75514,185.8,2022-08-27,28.9,",,W",16.7,",,W"
USW00014819,"CHICAGO MIDWAY AIRPORT, IL US",41.78412,-87.75514,185.8,2022-08-28,33.3,",,W",22.2,",,W"
USW00014819,"CHICAGO MIDWAY AIRPORT, IL US",41.78412,-87.75514,185.8,2022-08-29,30.6,",,W",22.2,",,W"
USW00014819,"CHICAGO MIDWAY AIRPORT, IL US",41.78412,-87.75514,185.8,2022-08-30,27.8,",,W",19.4,",,W"
USW00014819,"CHICAGO MIDWAY AIRPORT, IL US",41.78412,-87.75514,185.8,2022-08-31,30.6,",,W",17.8,",,W"
USW00014819,"CHICAGO MIDWAY AIRPORT, IL US",41.78412,-87.75514,185.8,2022-09-01,32.2,",,W",20.6,",,W"
USW00014819,"CHICAGO MIDWAY AIRPORT, IL US",41.78412,-87.75514,185.8,2022-09-02,31.1,",,W",21.7,",,W"
USW00014819,"CHICAGO MIDWAY AIRPORT, IL US",41.78412,-87.75514,185.8,2022-09-03,32.8,",,W",21.7,",,W"
USW00014819,"CHICAGO MIDWAY AIRPORT, IL US",41.78412,-87.75514,185.8,2022-09-04,23.9,",,W",21.1,",,W"
USW00014819,"CHICAGO MIDWAY AIRPORT, IL US",41.78412,-87.75514,185.8,2022-09-05,22.8,",,W",20.6,",,W"
USW00014819,"CHICAGO MIDWAY AIRPORT, IL US",41.78412,-87.75514,185.8,2022-09-06,27.2,",,W",21.1,",,W"
USW00014819,"CHICAGO MIDWAY AIRPORT, IL US",41.78412,-87.75514,185.8,2022-09-07,28.3,",,W",20,",,W"
USW00014819,"CHICAGO MIDWAY AIRPORT, IL US",41.78412,-87.75514,185.8,2022-09-08,30,",,W",17.2,",,W"
USW00014819,"CHICAGO MIDWAY AIRPORT, IL US",41.78412,-87.75514,185.8,2022-09-09,30.6,",,W",18.3,",,W"
USW00014819,"CHICAGO MIDWAY AIRPORT, IL US",41.78412,-87.75514,185.8,2022-09-10,30.6,",,W",18.9,",,W"
USW00014819,"CHICAGO MIDWAY AIRPORT, IL US",41.78412,-87.75514,185.8,2022-09-11,23.3,",,W",16.1,",,W"
USW00014819,"CHICAGO MIDWAY AIRPORT, IL US",41.78412,-87.75514,185.8,2022-09-12,20,",,W",13.3,",,W"
USW00014819,"CHICAGO MIDWAY AIRPORT, IL US",41.78412,-87.75514,185.8,2022-09-13,26.7,",,W",16.7,",,W"
USW00014819,"CHICAGO MIDWAY AIRPORT, IL US",41.78412,-87.75514,185.8,2022-09-14,27.2,",,W",15,",,W"
USW00014819,"CHICAGO MIDWAY AIRPORT, IL US",41.78412,-87.75514,185.8,2022-09-15,28.9,",,W",17.2,",,W"
USW00014819,"CHICAGO MIDWAY AIRPORT, IL US",41.78412,-87.75514,185.8,2022-09-16,29.4,",,W",18.9,",,W"
USW00014819,"CHICAGO MIDWAY AIRPORT, IL US",41.78412,-87.75514,185.8,2022-09-17,31.1,",,W",21.7,",,W"
USW00014819,"CHICAGO MIDWAY AIRPORT, IL US",41.78412,-87.75514,185.8,2022-09-18,30.6,",,W",22.2,",,W"
USW00014819,"CHICAGO MIDWAY AIRPORT, IL US",41.78412,-87.75514,185.8,2022-09-19,26.1,",,W",19.4,",,W"
USW00014819,"CHICAGO MIDWAY AIRPORT, IL US",41.78412,-87.75514,185.8,2022-09-20,34.4,",,W",18.9,",,W"
USW00014819,"CHICAGO MIDWAY AIRPORT, IL US",41.78412,-87.75514,185.8,2022-09-21,31.7,",,W",17.8,",,W"
USW00014819,"CHICAGO MIDWAY AIRPORT, IL US",41.78412,-87.75514,185.8,2022-09-22,19.4,",,W",13.3,",,W"
USW00014819,"CHICAGO MIDWAY AIRPORT, IL US",41.78412,-87.75514,185.8,2022-09-23,18.3,",,W",11.1,",,W"
USW00014819,"CHICAGO MIDWAY AIRPORT, IL US",41.78412,-87.75514,185.8,2022-09-24,23.9,",,W",12.8,",,W"
USW00014819,"CHICAGO MIDWAY AIRPORT, IL US",41.78412,-87.75514,185.8,2022-09-25,20.6,",,W",14.4,",,W"
USW00014819,"CHICAGO MIDWAY AIRPORT, IL US",41.78412,-87.75514,185.8,2022-09-26,18.3,",,W",11.7,",,W"
USW00014819,"CHICAGO MIDWAY AIRPORT, IL US",41.78412,-87.75514,185.8,2022-09-27,17.2,",,W",8.9,",,W"
USW00014819,"CHICAGO MIDWAY AIRPORT, IL US",41.78412,-87.75514,185.8,2022-09-28,17.2,",,W",9.4,",,W"
USW00014819,"CHICAGO MIDWAY AIRPORT, IL US",41.78412,-87.75514,185.8,2022-09-29,17.8,",,W",7.8,",,W"
USW00014819,"CHICAGO MIDWAY AIRPORT, IL US",41.78412,-87.75514,185.8,2022-09-30,19.4,",,W",9.4,",,W"
USW00014819,"CHICAGO MIDWAY AIRPORT, IL US",41.78412,-87.75514,185.8,2022-10-01,21.1,",,W",11.1,",,W"
USW00014819,"CHICAGO MIDWAY AIRPORT, IL US",41.78412,-87.75514,185.8,2022-10-02,20.6,",,W",14.4,",,W"
USW00014819,"CHICAGO MIDWAY AIRPORT, IL US",41.78412,-87.75514,185.8,2022-10-03,20.6,",,W",10,",,W"
USW00014819,"CHICAGO MIDWAY AIRPORT, IL US",41.78412,-87.75514,185.8,2022-10-04,24.4,",,W",8.3,",,W"
USW00014819,"CHICAGO MIDWAY AIRPORT, IL US",41.78412,-87.75514,185.8,2022-10-05,25.6,",,W",10.6,",,W"
USW00014819,"CHICAGO MIDWAY AIRPORT, IL US",41.78412,-87.75514,185.8,2022-10-06,25,",,W",12.2,",,W"
USW00014819,"CHICAGO MIDWAY AIRPORT, IL US",41.78412,-87.75514,185.8,2022-10-07,14.4,",,W",5.6,",,W"
USW00014819,"CHICAGO MIDWAY AIRPORT, IL US",41.78412,-87.75514,185.8,2022-10-08,15.6,",,W",3.3,",,W"
USW00014819,"CHICAGO MIDWAY AIRPORT, IL US",41.78412,-87.75514,185.8,2022-10-09,21.7,",,W",7.8,",,W"
USW00014819,"CHICAGO MIDWAY AIRPORT, IL US",41.78412,-87.75514,185.8,2022-10-10,24.4,",,W",10,",,W"
USW00014819,"CHICAGO MIDWAY AIRPORT, IL US",41.78412,-87.75514,185.8,2022-10-11,21.7,",,W",12.2,",,W"
USW00014819,"CHICAGO MIDWAY AIRPORT, IL US",41.78412,-87.75514,185.8,2022-10-12,18.3,",,W",10.6,",,W"
USW00014819,"CHICAGO MIDWAY AIRPORT, IL US",41.78412,-87.75514,185.8,2022-10-13,15,",,W",5,",,W"
USW00014819,"CHICAGO MIDWAY AIRPORT, IL US",41.78412,-87.75514,185.8,2022-10-14,17.2,",,W",4.4,",,W"
USW00014819,"CHICAGO MIDWAY AIRPORT, IL US",41.78412,-87.75514,185.8,2022-10-15,12.8,",,W",2.8,",,W"
USW00014819,"CHICAGO MIDWAY AIRPORT, IL US",41.78412,-87.75514,185.8,2022-10-16,13.9,",,W",5.6,",,W"
USW00014819,"CHICAGO MIDWAY AIRPORT, IL US",41.78412,-87.75514,185.8,2022-10-17,7.2,",,W",3.9,",,W"
USW00014819,"CHICAGO MIDWAY AIRPORT, IL US",41.78412,-87.75514,185.8,2022-10-18,10,",,W",2.8,",,W"
USW00014819,"CHICAGO MIDWAY AIRPORT, IL US",41.78412,-87.75514,185.8,2022-10-19,10,",,W",1.7,",,W"
USW00014819,"CHICAGO MIDWAY AIRPORT, IL US",41.78412,-87.75514,185.8,2022-10-20,17.2,",,W",1.1,",,W"
USW00014819,"CHICAGO MIDWAY AIRPORT, IL US",41.78412,-87.75514,185.8,2022-10-21,25.6,",,W",7.2,",,W"
USW00014819,"CHICAGO MIDWAY AIRPORT, IL US",41.78412,-87.75514,185.8,2022-10-22,27.8,",,W",14.4,",,W"
USW00014819,"CHICAGO MIDWAY AIRPORT, IL US",41.78412,-87.75514,185.8,2022-10-23,27.2,",,W",17.8,",,W"
USW00014819,"CHICAGO MIDWAY AIRPORT, IL US",41.78412,-87.75514,185.8,2022-10-24,26.1,",,W",17.8,",,W"
USW00014819,"CHICAGO MIDWAY AIRPORT, IL US",41.78412,-87.75514,185.8,2022-10-25,21.7,",,W",9.4,",,W"
USW00014819,"CHICAGO MIDWAY AIRPORT, IL US",41.78412,-87.75514,185.8,2022-10-26,13.9,",,W",6.1,",,W"
USW00014819,"CHICAGO MIDWAY AIRPORT, IL US",41.78412,-87.75514,185.8,2022-10-27,12.2,",,W",5,",,W"
USW00014819,"CHICAGO MIDWAY AIRPORT, IL US",41.78412,-87.75514,185.8,2022-10-28,16.1,",,W",7.8,",,W"
USW00014819,"CHICAGO MIDWAY AIRPORT, IL US",41.78412,-87.75514,185.8,2022-10-29,19.4,",,W",6.1,",,W"
USW00014819,"CHICAGO MIDWAY AIRPORT, IL US",41.78412,-87.75514,185.8,2022-10-30,19.4,",,W",9.4,",,W"
USW00014819,"CHICAGO MIDWAY AIRPORT, IL US",41.78412,-87.75514,185.8,2022-10-31,16.1,",,W",11.1,",,W"
USW00014819,"CHICAGO MIDWAY AIRPORT, IL US",41.78412,-87.75514,185.8,2022-11-01,21.1,",,W",7.8,",,W"
USW00014819,"CHICAGO MIDWAY AIRPORT, IL US",41.78412,-87.75514,185.8,2022-11-02,23.3,",,W",9.4,",,W"
USW00014819,"CHICAGO MIDWAY AIRPORT, IL US",41.78412,-87.75514,185.8,2022-11-03,23.9,",,W",12.8,",,W"
USW00014819,"CHICAGO MIDWAY AIRPORT, IL US",41.78412,-87.75514,185.8,2022-11-04,24.4,",,W",16.7,",,W"
USW00014819,"CHICAGO MIDWAY AIRPORT, IL US",41.78412,-87.75514,185.8,2022-11-05,21.7,",,W",8.3,",,W"
USW00014819,"CHICAGO MIDWAY AIRPORT, IL US",41.78412,-87.75514,185.8,2022-11-06,17.8,",,W",8.3,",,W"
USW00014819,"CHICAGO MIDWAY AIRPORT, IL US",41.78412,-87.75514,185.8,2022-11-07,14.4,",,W",5.6,",,W"
USW00014819,"CHICAGO MIDWAY AIRPORT, IL US",41.78412,-87.75514,185.8,2022-11-08,12.2,",,W",6.7,",,W"
USW00014819,"CHICAGO MIDWAY AIRPORT, IL US",41.78412,-87.75514,185.8,2022-11-09,21.1,",,W",8.9,",,W"
USW00014819,"CHICAGO MIDWAY AIRPORT, IL US",41.78412,-87.75514,185.8,2022-11-10,24.4,",,W",15,",,W"
USW00014819,"CHICAGO MIDWAY AIRPORT, IL US",41.78412,-87.75514,185.8,2022-11-11,15.6,",,W",0.6,",,W"
USW00014819,"CHICAGO MIDWAY AIRPORT, IL US",41.78412,-87.75514,185.8,2022-11-12,2.8,",,W",0.6,",,W"
USW00014819,"CHICAGO MIDWAY AIRPORT, IL US",41.78412,-87.75514,185.8,2022-11-13,2.2,",,W",-1,",,W"
USW00014819,"CHICAGO MIDWAY AIRPORT, IL US",41.78412,-87.75514,185.8,2022-11-14,5,",,W",-2.1,",,W"
USW00014819,"CHICAGO MIDWAY AIRPORT, IL US",41.78412,-87.75514,185.8,2022-11-15,2.8,",,W",0,",,W"
USW00014819,"CHICAGO MIDWAY AIRPORT, IL US",41.78412,-87.75514,185.8,2022-11-16,1.7,",,W",-0.5,",,W"
USW00014819,"CHICAGO MIDWAY AIRPORT, IL US",41.78412,-87.75514,185.8,2022-11-17,1.1,",,W",-1.6,",,W"
USW00014819,"CHICAGO MIDWAY AIRPORT, IL US",41.78412,-87.75514,185.8,2022-11-18,-1,",,W",-6,",,W"
USW00014819,"CHICAGO MIDWAY AIRPORT, IL US",41.78412,-87.75514,185.8,2022-11-19,-2.7,",,W",-8.8,",,W"
USW00014819,"CHICAGO MIDWAY AIRPORT, IL US",41.78412,-87.75514,185.8,2022-11-20,0.6,",,W",-10.5,",,W"
USW00014819,"CHICAGO MIDWAY AIRPORT, IL US",41.78412,-87.75514,185.8,2022-11-21,8.3,",,W",-1.6,",,W"
USW00014819,"CHICAGO MIDWAY AIRPORT, IL US",41.78412,-87.75514,185.8,2022-11-22,11.1,",,W",-2.1,",,W"
USW00014819,"CHICAGO MIDWAY AIRPORT, IL US",41.78412,-87.75514,185.8,2022-11-23,15,",,W",0.6,",,W"
USW00014819,"CHICAGO MIDWAY AIRPORT, IL US",41.78412,-87.75514,185.8,2022-11-24,11.7,",,W",3.3,",,W"
USW00014819,"CHICAGO MIDWAY AIRPORT, IL US",41.78412,-87.75514,185.8,2022-11-25,11.1,",,W",0.6,",,W"
USW00014819,"CHICAGO MIDWAY AIRPORT, IL US",41.78412,-87.75514,185.8,2022-11-26,13.3,",,W",0.6,",,W"
USW00014819,"CHICAGO MIDWAY AIRPORT, IL US",41.78412,-87.75514,185.8,2022-11-27,7.8,",,W",1.7,",,W"
USW00014819,"CHICAGO MIDWAY AIRPORT, IL US",41.78412,-87.75514,185.8,2022-11-28,7.8,",,W",-0.5,",,W"
USW00014819,"CHICAGO MIDWAY AIRPORT, IL US",41.78412,-87.75514,185.8,2022-11-29,15,",,W",1.7,",,W"
USW00014819,"CHICAGO MIDWAY AIRPORT, IL US",41.78412,-87.75514,185.8,2022-11-30,1.7,",,W",-6.6,",,W"
USW00014819,"CHICAGO MIDWAY AIRPORT, IL US",41.78412,-87.75514,185.8,2022-12-01,2.8,",,W",-7.7,",,W"
USW00014819,"CHICAGO MIDWAY AIRPORT, IL US",41.78412,-87.75514,185.8,2022-12-02,11.1,",,W",2.2,",,W"
USW00014819,"CHICAGO MIDWAY AIRPORT, IL US",41.78412,-87.75514,185.8,2022-12-03,11.1,",,W",-6,",,W"
USW00014819,"CHICAGO MIDWAY AIRPORT, IL US",41.78412,-87.75514,185.8,2022-12-04,4.4,",,W",-7.7,",,W"
USW00014819,"CHICAGO MIDWAY AIRPORT, IL US",41.78412,-87.75514,185.8,2022-12-05,6.7,",,W",-2.1,",,W"
USW00014819,"CHICAGO MIDWAY AIRPORT, IL US",41.78412,-87.75514,185.8,2022-12-06,6.7,",,W",2.2,",,W"
USW00014819,"CHICAGO MIDWAY AIRPORT, IL US",41.78412,-87.75514,185.8,2022-12-07,6.1,",,W",3.3,",,W"
USW00014819,"CHICAGO MIDWAY AIRPORT, IL US",41.78412,-87.75514,185.8,2022-12-08,5.6,",,W",1.7,",,W"
USW00014819,"CHICAGO MIDWAY AIRPORT, IL US",41.78412,-87.75514,185.8,2022-12-09,3.3,",,W",1.7,",,W"
USW00014819,"CHICAGO MIDWAY AIRPORT, IL US",41.78412,-87.75514,185.8,2022-12-10,3.9,",,W",2.8,",,W"
USW00014819,"CHICAGO MIDWAY AIRPORT, IL US",41.78412,-87.75514,185.8,2022-12-11,4.4,",,W",2.8,",,W"
USW00014819,"CHICAGO MIDWAY AIRPORT, IL US",41.78412,-87.75514,185.8,2022-12-12,5.6,",,W",2.8,",,W"
USW00014819,"CHICAGO MIDWAY AIRPORT, IL US",41.78412,-87.75514,185.8,2022-12-13,3.3,",,W",1.1,",,W"
USW00014819,"CHICAGO MIDWAY AIRPORT, IL US",41.78412,-87.75514,185.8,2022-12-14,6.7,",,W",2.8,",,W"
USW00014819,"CHICAGO MIDWAY AIRPORT, IL US",41.78412,-87.75514,185.8,2022-12-15,3.3,",,W",-0.5,",,W"
USW00014819,"CHICAGO MIDWAY AIRPORT, IL US",41.78412,-87.75514,185.8,2022-12-16,-0.5,",,W",-3.2,",,W"
USW00014819,"CHICAGO MIDWAY AIRPORT, IL US",41.78412,-87.75514,185.8,2022-12-17,-3.2,",,W",-6.6,",,W"
USW00014819,"CHICAGO MIDWAY AIRPORT, IL US",41.78412,-87.75514,185.8,2022-12-18,-6,",,W",-9.9,",,W"
USW00014819,"CHICAGO MIDWAY AIRPORT, IL US",41.78412,-87.75514,185.8,2022-12-19,-3.2,",,W",-12.1,",,W"
USW00014819,"CHICAGO MIDWAY AIRPORT, IL US",41.78412,-87.75514,185.8,2022-12-20,0.6,",,W",-5.5,",,W"
USW00014819,"CHICAGO MIDWAY AIRPORT, IL US",41.78412,-87.75514,185.8,2022-12-21,0,",,W",-8.2,",,W"
USW00014819,"CHICAGO MIDWAY AIRPORT, IL US",41.78412,-87.75514,185.8,2022-12-22,1.1,",,W",-21,",,W"
USW00014819,"CHICAGO MIDWAY AIRPORT, IL US",41.78412,-87.75514,185.8,2022-12-23,-18.2,",,W",-22.7,",,W"
USW00014819,"CHICAGO MIDWAY AIRPORT, IL US",41.78412,-87.75514,185.8,2022-12-24,-10.5,",,W",-18.2,",,W"
USW00014819,"CHICAGO MIDWAY AIRPORT, IL US",41.78412,-87.75514,185.8,2022-12-25,-9.9,",,W",-16.6,",,W"
USW00014819,"CHICAGO MIDWAY AIRPORT, IL US",41.78412,-87.75514,185.8,2022-12-26,-5.5,",,W",-11,",,W"
USW00014819,"CHICAGO MIDWAY AIRPORT, IL US",41.78412,-87.75514,185.8,2022-12-27,-3.2,",,W",-13.2,",,W"
USW00014819,"CHICAGO MIDWAY AIRPORT, IL US",41.78412,-87.75514,185.8,2022-12-28,7.2,",,W",-3.8,",,W"
USW00014819,"CHICAGO MIDWAY AIRPORT, IL US",41.78412,-87.75514,185.8,2022-12-29,13.9,",,W",6.7,",,W"
USW00014819,"CHICAGO MIDWAY AIRPORT, IL US",41.78412,-87.75514,185.8,2022-12-30,13.9,",,W",-0.5,",,W"
USW00014819,"CHICAGO MIDWAY AIRPORT, IL US",41.78412,-87.75514,185.8,2022-12-31,3.9,",,W",-2.7,",,W"
USC00111550,"CHICAGO NORTHERLY ISLAND, IL US",41.8558,-87.6094,177.7,2023-01-01,7.2,",,7",1.1,",,7"
USC00111550,"CHICAGO NORTHERLY ISLAND, IL US",41.8558,-87.6094,177.7,2023-01-02,5.6,",,7",0,",,7"
USC00111550,"CHICAGO NORTHERLY ISLAND, IL US",41.8558,-87.6094,177.7,2023-01-03,8.3,",,7",2.2,",,7"
USC00111550,"CHICAGO NORTHERLY ISLAND, IL US",41.8558,-87.6094,177.7,2023-01-04,7.2,",,7",0.6,",,7"
USC00111550,"CHICAGO NORTHERLY ISLAND, IL US",41.8558,-87.6094,177.7,2023-01-05,1.1,",,7",-0.6,",,7"
USC00111550,"CHICAGO NORTHERLY ISLAND, IL US",41.8558,-87.6094,177.7,2023-01-06,0.6,",,7",-3.3,",,7"
USC00111550,"CHICAGO NORTHERLY ISLAND, IL US",41.8558,-87.6094,177.7,2023-01-07,0.6,",,7",-1.7,",,7"
USC00111550,"CHICAGO NORTHERLY ISLAND, IL US",41.8558,-87.6094,177.7,2023-01-08,1.7,",,7",-3.3,",,7"
USC00111550,"CHICAGO NORTHERLY ISLAND, IL US",41.8558,-87.6094,177.7,2023-01-09,6.7,",,7",-3.3,",,7"
USC00111550,"CHICAGO NORTHERLY ISLAND, IL US",41.8558,-87.6094,177.7,2023-01-10,7.2,",,7",1.1,",,7"
USC00111550,"CHICAGO NORTHERLY ISLAND, IL US",41.8558,-87.6094,177.7,2023-01-11,8.9,",,7",1.7,",,7"
USC00111550,"CHICAGO NORTHERLY ISLAND, IL US",41.8558,-87.6094,177.7,2023-01-12,4.4,",,7",1.1,",,7"
USC00111550,"CHICAGO NORTHERLY ISLAND, IL US",41.8558,-87.6094,177.7,2023-01-13,1.7,",,7",-2.2,",,7"
USC00111550,"CHICAGO NORTHERLY ISLAND, IL US",41.8558,-87.6094,177.7,2023-01-14,0,",,7",-4.4,",,7"
USC00111550,"CHICAGO NORTHERLY ISLAND, IL US",41.8558,-87.6094,177.7,2023-01-15,5.6,",,7",-3.3,",,7"
USC00111550,"CHICAGO NORTHERLY ISLAND, IL US",41.8558,-87.6094,177.7,2023-01-16,11.1,",,7",2.2,",,7"
USC00111550,"CHICAGO NORTHERLY ISLAND, IL US",41.8558,-87.6094,177.7,2023-01-17,10.6,",,7",2.8,",,7"
USC00111550,"CHICAGO NORTHERLY ISLAND, IL US",41.8558,-87.6094,177.7,2023-01-18,3.3,",,7",1.7,",,7"
USC00111550,"CHICAGO NORTHERLY ISLAND, IL US",41.8558,-87.6094,177.7,2023-01-19,5,",,7",1.7,",,7"
USC00111550,"CHICAGO NORTHERLY ISLAND, IL US",41.8558,-87.6094,177.7,2023-01-20,1.7,",,7",-0.6,",,7"
USC00111550,"CHICAGO NORTHERLY ISLAND, IL US",41.8558,-87.6094,177.7,2023-01-21,0,",,7",-2.2,",,7"
USC00111550,"CHICAGO NORTHERLY ISLAND, IL US",41.8558,-87.6094,177.7,2023-01-22,0.6,",,7",-2.2,",,7"
USC00111550,"CHICAGO NORTHERLY ISLAND, IL US",41.8558,-87.6094,177.7,2023-01-23,0,",,7",-5.6,",,7"
USC00111550,"CHICAGO NORTHERLY ISLAND, IL US",41.8558,-87.6094,177.7,2023-01-24,3.9,",,7",-2.2,",,7"
USC00111550,"CHICAGO NORTHERLY ISLAND, IL US",41.8558,-87.6094,177.7,2023-01-25,1.1,",,7",-0.6,",,7"
USC00111550,"CHICAGO NORTHERLY ISLAND, IL US",41.8558,-87.6094,177.7,2023-01-26,0,",,7",-7.8,",,7"
USC00111550,"CHICAGO NORTHERLY ISLAND, IL US",41.8558,-87.6094,177.7,2023-01-27,2.2,",,7",-9.4,",,7"
USC00111550,"CHICAGO NORTHERLY ISLAND, IL US",41.8558,-87.6094,177.7,2023-01-28,-0.6,",,7",-5.6,",,7"
USC00111550,"CHICAGO NORTHERLY ISLAND, IL US",41.8558,-87.6094,177.7,2023-01-29,-0.6,",,7",-6.7,",,7"
USC00111550,"CHICAGO NORTHERLY ISLAND, IL US",41.8558,-87.6094,177.7,2023-01-30,-6.1,",,7",-13.3,",,7"
USC00111550,"CHICAGO NORTHERLY ISLAND, IL US",41.8558,-87.6094,177.7,2023-01-31,-8.9,",,7",-14.4,",,7"
USC00111550,"CHICAGO NORTHERLY ISLAND, IL US",41.8558,-87.6094,177.7,2023-02-01,-1.7,",,7",-12.8,",,7"
USC00111550,"CHICAGO NORTHERLY ISLAND, IL US",41.8558,-87.6094,177.7,2023-02-02,1.7,",,7",-10.6,",,7"
USC00111550,"CHICAGO NORTHERLY ISLAND, IL US",41.8558,-87.6094,177.7,2023-02-03,-10.6,",,7",-15.6,",,7"
USC00111550,"CHICAGO NORTHERLY ISLAND, IL US",41.8558,-87.6094,177.7,2023-02-04,6.1,",,7",-10.6,",,7"
USC00111550,"CHICAGO NORTHERLY ISLAND, IL US",41.8558,-87.6094,177.7,2023-02-05,6.1,",,7",-1.1,",,7"
USC00111550,"CHICAGO NORTHERLY ISLAND, IL US",41.8558,-87.6094,177.7,2023-02-06,8.3,",,7",-2.8,",,7"
USC00111550,"CHICAGO NORTHERLY ISLAND, IL US",41.8558,-87.6094,177.7,2023-02-07,10.6,",,7",0.6,",,7"
USC00111550,"CHICAGO NORTHERLY ISLAND, IL US",41.8558,-87.6094,177.7,2023-02-08,2.8,",,7",-1.1,",,7"
USC00111550,"CHICAGO NORTHERLY ISLAND, IL US",41.8558,-87.6094,177.7,2023-02-09,7.2,",,7",1.1,",,7"
USC00111550,"CHICAGO NORTHERLY ISLAND, IL US",41.8558,-87.6094,177.7,2023-02-10,3.9,",,7",-1.7,",,7"
USC00111550,"CHICAGO NORTHERLY ISLAND, IL US",41.8558,-87.6094,177.7,2023-02-11,8.3,",,7",-3.3,",,7"
USC00111550,"CHICAGO NORTHERLY ISLAND, IL US",41.8558,-87.6094,177.7,2023-02-12,11.1,",,7",0.6,",,7"
USC00111550,"CHICAGO NORTHERLY ISLAND, IL US",41.8558,-87.6094,177.7,2023-02-13,11.1,",,7",2.2,",,7"
USC00111550,"CHICAGO NORTHERLY ISLAND, IL US",41.8558,-87.6094,177.7,2023-02-14,12.2,",,7",2.2,",,7"
USC00111550,"CHICAGO NORTHERLY ISLAND, IL US",41.8558,-87.6094,177.7,2023-02-15,11.7,",,7",1.1,",,7"
USC00111550,"CHICAGO NORTHERLY ISLAND, IL US",41.8558,-87.6094,177.7,2023-02-16,1.7,",,7",-3.3,",,7"
USC00111550,"CHICAGO NORTHERLY ISLAND, IL US",41.8558,-87.6094,177.7,2023-02-17,-2.2,",,7",-6.1,",,7"
USC00111550,"CHICAGO NORTHERLY ISLAND, IL US",41.8558,-87.6094,177.7,2023-02-18,7.8,",,7",-3.9,",,7"
USC00111550,"CHICAGO NORTHERLY ISLAND, IL US",41.8558,-87.6094,177.7,2023-02-19,11.1,",,7",3.9,",,7"
USC00111550,"CHICAGO NORTHERLY ISLAND, IL US",41.8558,-87.6094,177.7,2023-02-20,6.7,",,7",-0.6,",,7"
USC00111550,"CHICAGO NORTHERLY ISLAND, IL US",41.8558,-87.6094,177.7,2023-02-21,5.6,",,7",-3.3,",,7"
USC00111550,"CHICAGO NORTHERLY ISLAND, IL US",41.8558,-87.6094,177.7,2023-02-22,1.7,",,7",0.6,",,7"
USC00111550,"CHICAGO NORTHERLY ISLAND, IL US",41.8558,-87.6094,177.7,2023-02-23,3.3,",,7",-3.9,",,7"
USC00111550,"CHICAGO NORTHERLY ISLAND, IL US",41.8558,-87.6094,177.7,2023-02-24,-2.2,",,7",-6.1,",,7"
USC00111550,"CHICAGO NORTHERLY ISLAND, IL US",41.8558,-87.6094,177.7,2023-02-25,3.3,",,7",-2.8,",,7"
USC00111550,"CHICAGO NORTHERLY ISLAND, IL US",41.8558,-87.6094,177.7,2023-02-26,6.7,",,7",-0.6,",,7"
USC00111550,"CHICAGO NORTHERLY ISLAND, IL US",41.8558,-87.6094,177.7,2023-02-27,14.4,",,7",2.2,",,7"
USC00111550,"CHICAGO NORTHERLY ISLAND, IL US",41.8558,-87.6094,177.7,2023-02-28,5.6,",,7",2.2,",,7"
USC00111550,"CHICAGO NORTHERLY ISLAND, IL US",41.8558,-87.6094,177.7,2023-03-01,12.2,",,7",1.7,",,7"
USC00111550,"CHICAGO NORTHERLY ISLAND, IL US",41.8558,-87.6094,177.7,2023-03-02,4.4,",,7",0.6,",,7"
USC00111550,"CHICAGO NORTHERLY ISLAND, IL US",41.8558,-87.6094,177.7,2023-03-03,2.8,",,7",1.1,",,7"
USC00111550,"CHICAGO NORTHERLY ISLAND, IL US",41.8558,-87.6094,177.7,2023-03-04,9.4,",,7",0,",,7"
USC00111550,"CHICAGO NORTHERLY ISLAND, IL US",41.8558,-87.6094,177.7,2023-03-05,5.6,",,7",2.2,",,7"
USC00111550,"CHICAGO NORTHERLY ISLAND, IL US",41.8558,-87.6094,177.7,2023-03-06,7.8,",,7",2.2,",,7"
USC00111550,"CHICAGO NORTHERLY ISLAND, IL US",41.8558,-87.6094,177.7,2023-03-07,5.6,",,7",1.7,",,7"
USC00111550,"CHICAGO NORTHERLY ISLAND, IL US",41.8558,-87.6094,177.7,2023-03-08,4.4,",,7",1.7,",,7"
USC00111550,"CHICAGO NORTHERLY ISLAND, IL US",41.8558,-87.6094,177.7,2023-03-09,3.9,",,7",0.6,",,7"
USC00111550,"CHICAGO NORTHERLY ISLAND, IL US",41.8558,-87.6094,177.7,2023-03-10,2.2,",,7",0,",,7"
USC00111550,"CHICAGO NORTHERLY ISLAND, IL US",41.8558,-87.6094,177.7,2023-03-11,2.8,",,7",0,",,7"
USC00111550,"CHICAGO NORTHERLY ISLAND, IL US",41.8558,-87.6094,177.7,2023-03-12,2.8,",,7",-1.1,",,7"
USC00111550,"CHICAGO NORTHERLY ISLAND, IL US",41.8558,-87.6094,177.7,2023-03-13,0,",,7",-2.2,",,7"
USC00111550,"CHICAGO NORTHERLY ISLAND, IL US",41.8558,-87.6094,177.7,2023-03-14,0,",,7",-5,",,7"
USC00111550,"CHICAGO NORTHERLY ISLAND, IL US",41.8558,-87.6094,177.7,2023-03-15,8.9,",,7",-3.9,",,7"
USC00111550,"CHICAGO NORTHERLY ISLAND, IL US",41.8558,-87.6094,177.7,2023-03-16,10,",,7",5,",,7"
USC00111550,"CHICAGO NORTHERLY ISLAND, IL US",41.8558,-87.6094,177.7,2023-03-17,10.6,",,7",-5,",,7"
USC00111550,"CHICAGO NORTHERLY ISLAND, IL US",41.8558,-87.6094,177.7,2023-03-18,-4.4,",,7",-10.6,",,7"
USC00111550,"CHICAGO NORTHERLY ISLAND, IL US",41.8558,-87.6094,177.7,2023-03-19,4.4,",,7",-6.7,",,7"
USC00111550,"CHICAGO NORTHERLY ISLAND, IL US",41.8558,-87.6094,177.7,2023-03-20,10,",,7",-1.7,",,7"
USC00111550,"CHICAGO NORTHERLY ISLAND, IL US",41.8558,-87.6094,177.7,2023-03-21,12.2,",,7",2.8,",,7"
USC00111550,"CHICAGO NORTHERLY ISLAND, IL US",41.8558,-87.6094,177.7,2023-03-22,10.6,",,7",3.9,",,7"
USC00111550,"CHICAGO NORTHERLY ISLAND, IL US",41.8558,-87.6094,177.7,2023-03-23,7.8,",,7",1.7,",,7"
USC00111550,"CHICAGO NORTHERLY ISLAND, IL US",41.8558,-87.6094,177.7,2023-03-24,5,",,7",2.2,",,7"
USC00111550,"CHICAGO NORTHERLY ISLAND, IL US",41.8558,-87.6094,177.7,2023-03-25,6.7,",,7",1.1,",,7"
USC00111550,"CHICAGO NORTHERLY ISLAND, IL US",41.8558,-87.6094,177.7,2023-03-26,6.1,",,7",1.7,",,7"
USC00111550,"CHICAGO NORTHERLY ISLAND, IL US",41.8558,-87.6094,177.7,2023-03-27,5.6,",,7",1.1,",,7"
USC00111550,"CHICAGO NORTHERLY ISLAND, IL US",41.8558,-87.6094,177.7,2023-03-28,9.4,",,7",0.6,",,7"
USC00111550,"CHICAGO NORTHERLY ISLAND, IL US",41.8558,-87.6094,177.7,2023-03-29,5.6,",,7",-1.1,",,7"
USC00111550,"CHICAGO NORTHERLY ISLAND, IL US",41.8558,-87.6094,177.7,2023-03-30,12.8,",,7",-2.2,",,7"
USC00111550,"CHICAGO NORTHERLY ISLAND, IL US",41.8558,-87.6094,177.7,2023-03-31,20.6,",,7",10,",,7"
USC00111550,"CHICAGO NORTHERLY ISLAND, IL US",41.8558,-87.6094,177.7,2023-04-01,10,",,7",1.1,",,7"
USC00111550,"CHICAGO NORTHERLY ISLAND, IL US",41.8558,-87.6094,177.7,2023-04-02,12.8,",,7",-0.6,",,7"
USC00111550,"CHICAGO NORTHERLY ISLAND, IL US",41.8558,-87.6094,177.7,2023-04-03,14.4,",,7",5,",,7"
USC00111550,"CHICAGO NORTHERLY ISLAND, IL US",41.8558,-87.6094,177.7,2023-04-04,20,",,7",5,",,7"
USC00111550,"CHICAGO NORTHERLY ISLAND, IL US",41.8558,-87.6094,177.7,2023-04-05,22.2,",,7",4.4,",,7"
USC00111550,"CHICAGO NORTHERLY ISLAND, IL US",41.8558,-87.6094,177.7,2023-04-06,11.1,",,7",1.1,",,7"
USC00111550,"CHICAGO NORTHERLY ISLAND, IL US",41.8558,-87.6094,177.7,2023-04-07,7.2,",,7",2.8,",,7"
USC00111550,"CHICAGO NORTHERLY ISLAND, IL US",41.8558,-87.6094,177.7,2023-04-08,10.6,",,7",2.8,",,7"
USC00111550,"CHICAGO NORTHERLY ISLAND, IL US",41.8558,-87.6094,177.7,2023-04-09,18.9,",,7",5,",,7"
USC00111550,"CHICAGO NORTHERLY ISLAND, IL US",41.8558,-87.6094,177.7,2023-04-10,20.6,",,7",7.2,",,7"
USC00111550,"CHICAGO NORTHERLY ISLAND, IL US",41.8558,-87.6094,177.7,2023-04-11,25,",,7",12.8,",,7"
USC00111550,"CHICAGO NORTHERLY ISLAND, IL US",41.8558,-87.6094,177.7,2023-04-12,27.2,",,7",15,",,7"
USC00111550,"CHICAGO NORTHERLY ISLAND, IL US",41.8558,-87.6094,177.7,2023-04-13,28.3,",,7",14.4,",,7"
USC00111550,"CHICAGO NORTHERLY ISLAND, IL US",41.8558,-87.6094,177.7,2023-04-14,21.1,",,7",11.7,",,7"
USC00111550,"CHICAGO NORTHERLY ISLAND, IL US",41.8558,-87.6094,177.7,2023-04-15,27.2,",,7",15,",,7"
USC00111550,"CHICAGO NORTHERLY ISLAND, IL US",41.8558,-87.6094,177.7,2023-04-16,18.3,",,7",1.1,",,7"
USC00111550,"CHICAGO NORTHERLY ISLAND, IL US",41.8558,-87.6094,177.7,2023-04-17,4.4,",,7",0,",,7"
USC00111550,"CHICAGO NORTHERLY ISLAND, IL US",41.8558,-87.6094,177.7,2023-04-18,11.1,",,7",1.7,",,7"
USC00111550,"CHICAGO NORTHERLY ISLAND, IL US",41.8558,-87.6094,177.7,2023-04-19,12.8,",,7",5.6,",,7"
USC00111550,"CHICAGO NORTHERLY ISLAND, IL US",41.8558,-87.6094,177.7,2023-04-20,26.1,",,7",9.4,",,7"
USC00111550,"CHICAGO NORTHERLY ISLAND, IL US",41.8558,-87.6094,177.7,2023-04-21,16.1,",,7",7.8,",,7"
USC00111550,"CHICAGO NORTHERLY ISLAND, IL US",41.8558,-87.6094,177.7,2023-04-22,8.3,",,7",3.3,",,7"
USC00111550,"CHICAGO NORTHERLY ISLAND, IL US",41.8558,-87.6094,177.7,2023-04-23,5.6,",,7",2.2,",,7"
USC00111550,"CHICAGO NORTHERLY ISLAND, IL US",41.8558,-87.6094,177.7,2023-04-24,10,",,7",2.8,",,7"
USC00111550,"CHICAGO NORTHERLY ISLAND, IL US",41.8558,-87.6094,177.7,2023-09-14,20,",,7",13.9,",,7"
USC00111550,"CHICAGO NORTHERLY ISLAND, IL US",41.8558,-87.6094,177.7,2023-09-15,23.3,",,7",13.9,",,7"
USC00111550,"CHICAGO NORTHERLY ISLAND, IL US",41.8558,-87.6094,177.7,2023-09-16,21.7,",,7",16.7,",,7"
USC00111550,"CHICAGO NORTHERLY ISLAND, IL US",41.8558,-87.6094,177.7,2023-09-17,20,",,7",15,",,7"
USC00111550,"CHICAGO NORTHERLY ISLAND, IL US",41.8558,-87.6094,177.7,2023-09-18,20.6,",,7",15,",,7"
USC00111550,"CHICAGO NORTHERLY ISLAND, IL US",41.8558,-87.6094,177.7,2023-09-19,20,",,7",13.9,",,7"
USC00111550,"CHICAGO NORTHERLY ISLAND, IL US",41.8558,-87.6094,177.7,2023-09-20,26.7,",,7",17.2,",,7"
USC00111550,"CHICAGO NORTHERLY ISLAND, IL US",41.8558,-87.6094,177.7,2023-09-21,21.1,",,7",15.6,",,7"
USC00111550,"CHICAGO NORTHERLY ISLAND, IL US",41.8558,-87.6094,177.7,2023-09-22,22.8,",,7",18.3,",,7"
USC00111550,"CHICAGO NORTHERLY ISLAND, IL US",41.8558,-87.6094,177.7,2023-09-23,22.2,",,7",17.8,",,7"
USC00111550,"CHICAGO NORTHERLY ISLAND, IL US",41.8558,-87.6094,177.7,2023-09-24,22.2,",,7",15.6,",,7"
USC00111550,"CHICAGO NORTHERLY ISLAND, IL US",41.8558,-87.6094,177.7,2023-09-25,21.7,",,7",17.8,",,7"
USC00111550,"CHICAGO NORTHERLY ISLAND, IL US",41.8558,-87.6094,177.7,2023-09-26,21.1,",,7",17.2,",,7"
USC00111550,"CHICAGO NORTHERLY ISLAND, IL US",41.8558,-87.6094,177.7,2023-09-27,20.6,",,7",17.2,",,7"
USC00111550,"CHICAGO NORTHERLY ISLAND, IL US",41.8558,-87.6094,177.7,2023-09-28,20.6,",,7",17.2,",,7"
USC00111550,"CHICAGO NORTHERLY ISLAND, IL US",41.8558,-87.6094,177.7,2023-09-29,20.6,",,7",16.1,",,7"
USC00111550,"CHICAGO NORTHERLY ISLAND, IL US",41.8558,-87.6094,177.7,2023-09-30,22.8,",,7",15.6,",,7"
USC00111550,"CHICAGO NORTHERLY ISLAND, IL US",41.8558,-87.6094,177.7,2023-10-01,23.3,",,7",17.2,",,7"
USC00111550,"CHICAGO NORTHERLY ISLAND, IL US",41.8558,-87.6094,177.7,2023-10-02,25,",,7",17.2,",,7"
USC00111550,"CHICAGO NORTHERLY ISLAND, IL US",41.8558,-87.6094,177.7,2023-10-03,28.9,",,7",17.8,",,7"
USC00111550,"CHICAGO NORTHERLY ISLAND, IL US",41.8558,-87.6094,177.7,2023-10-04,28.9,",,7",19.4,",,7"
USC00111550,"CHICAGO NORTHERLY ISLAND, IL US",41.8558,-87.6094,177.7,2023-10-05,21.1,",,7",16.7,",,7"
USC00111550,"CHICAGO NORTHERLY ISLAND, IL US",41.8558,-87.6094,177.7,2023-10-06,16.7,",,7",8.3,",,7"
USC00111550,"CHICAGO NORTHERLY ISLAND, IL US",41.8558,-87.6094,177.7,2023-10-07,14.4,",,7",7.8,",,7"
USC00111550,"CHICAGO NORTHERLY ISLAND, IL US",41.8558,-87.6094,177.7,2023-10-08,12.2,",,7",7.8,",,7"
USC00111550,"CHICAGO NORTHERLY ISLAND, IL US",41.8558,-87.6094,177.7,2023-10-09,13.9,",,7",7.8,",,7"
USC00111550,"CHICAGO NORTHERLY ISLAND, IL US",41.8558,-87.6094,177.7,2023-10-10,16.7,",,7",6.1,",,7"
USC00111550,"CHICAGO NORTHERLY ISLAND, IL US",41.8558,-87.6094,177.7,2023-10-11,17.8,",,7",7.8,",,7"
USC00111550,"CHICAGO NORTHERLY ISLAND, IL US",41.8558,-87.6094,177.7,2023-10-12,15.6,",,7",11.7,",,7"
USC00111550,"CHICAGO NORTHERLY ISLAND, IL US",41.8558,-87.6094,177.7,2023-10-13,14.4,",,7",12.2,",,7"
USC00111550,"CHICAGO NORTHERLY ISLAND, IL US",41.8558,-87.6094,177.7,2023-10-14,12.8,",,7",10.6,",,7"
USC00111550,"CHICAGO NORTHERLY ISLAND, IL US",41.8558,-87.6094,177.7,2023-10-15,13.9,",,7",7.8,",,7"
USC00111550,"CHICAGO NORTHERLY ISLAND, IL US",41.8558,-87.6094,177.7,2023-10-16,12.2,",,7",8.3,",,7"
USC00111550,"CHICAGO NORTHERLY ISLAND, IL US",41.8558,-87.6094,177.7,2023-10-17,16.7,",,7",7.2,",,7"
USC00111550,"CHICAGO NORTHERLY ISLAND, IL US",41.8558,-87.6094,177.7,2023-10-18,18.9,",,7",8.3,",,7"
USC00111550,"CHICAGO NORTHERLY ISLAND, IL US",41.8558,-87.6094,177.7,2023-10-19,14.4,",,7",11.7,",,7"
USC00111550,"CHICAGO NORTHERLY ISLAND, IL US",41.8558,-87.6094,177.7,2023-10-20,14.4,",,7",11.1,",,7"
USC00111550,"CHICAGO NORTHERLY ISLAND, IL US",41.8558,-87.6094,177.7,2023-10-21,17.2,",,7",8.3,",,7"
USC00111550,"CHICAGO NORTHERLY ISLAND, IL US",41.8558,-87.6094,177.7,2023-10-22,12.2,",,7",6.7,",,7"
USC00111550,"CHICAGO NORTHERLY ISLAND, IL US",41.8558,-87.6094,177.7,2023-10-23,18.9,",,7",6.7,",,7"
USC00111550,"CHICAGO NORTHERLY ISLAND, IL US",41.8558,-87.6094,177.7,2023-10-24,27.2,",,7",15.6,",,7"
USC00111550,"CHICAGO NORTHERLY ISLAND, IL US",41.8558,-87.6094,177.7,2023-10-25,19.4,",,7",14.4,",,7"
USC00111550,"CHICAGO NORTHERLY ISLAND, IL US",41.8558,-87.6094,177.7,2023-10-26,21.7,",,7",17.2,",,7"
USC00111550,"CHICAGO NORTHERLY ISLAND, IL US",41.8558,-87.6094,177.7,2023-10-27,21.1,",,7",7.2,",,7"
USC00111550,"CHICAGO NORTHERLY ISLAND, IL US",41.8558,-87.6094,177.7,2023-10-28,10,",,7",5,",,7"
USC00111550,"CHICAGO NORTHERLY ISLAND, IL US",41.8558,-87.6094,177.7,2023-10-29,10,",,7",3.9,",,7"
USC00111550,"CHICAGO NORTHERLY ISLAND, IL US",41.8558,-87.6094,177.7,2023-10-30,5.6,",,7",0.6,",,7"
USC00111550,"CHICAGO NORTHERLY ISLAND, IL US",41.8558,-87.6094,177.7,2023-10-31,2.2,",,7",-1.1,",,7"
USC00111550,"CHICAGO NORTHERLY ISLAND, IL US",41.8558,-87.6094,177.7,2023-11-01,5,",,7",-0.6,",,7"
USC00111550,"CHICAGO NORTHERLY ISLAND, IL US",41.8558,-87.6094,177.7,2023-11-02,12.2,",,7",1.1,",,7"
USC00111550,"CHICAGO NORTHERLY ISLAND, IL US",41.8558,-87.6094,177.7,2023-11-03,14.4,",,7",6.7,",,7"
USC00111550,"CHICAGO NORTHERLY ISLAND, IL US",41.8558,-87.6094,177.7,2023-11-04,13.3,",,7",6.7,",,7"
USC00111550,"CHICAGO NORTHERLY ISLAND, IL US",41.8558,-87.6094,177.7,2023-11-05,15,",,7",6.1,",,7"
USC00111550,"CHICAGO NORTHERLY ISLAND, IL US",41.8558,-87.6094,177.7,2023-11-06,20.6,",,7",11.7,",,7"
USC00111550,"CHICAGO NORTHERLY ISLAND, IL US",41.8558,-87.6094,177.7,2023-11-07,13.9,",,7",7.8,",,7"
USC00111550,"CHICAGO NORTHERLY ISLAND, IL US",41.8558,-87.6094,177.7,2023-11-08,14.4,",,7",8.3,",,7"
USC00111550,"CHICAGO NORTHERLY ISLAND, IL US",41.8558,-87.6094,177.7,2023-11-09,13.3,",,7",6.1,",,7"
USC00111550,"CHICAGO NORTHERLY ISLAND, IL US",41.8558,-87.6094,177.7,2023-11-10,9.4,",,7",3.9,",,7"
USC00111550,"CHICAGO NORTHERLY ISLAND, IL US",41.8558,-87.6094,177.7,2023-11-11,10,",,7",2.8,",,7"
USC00111550,"CHICAGO NORTHERLY ISLAND, IL US",41.8558,-87.6094,177.7,2023-11-12,14.4,",,7",5.6,",,7"
USC00111550,"CHICAGO NORTHERLY ISLAND, IL US",41.8558,-87.6094,177.7,2023-11-13,16.7,",,7",7.2,",,7"
USC00111550,"CHICAGO NORTHERLY ISLAND, IL US",41.8558,-87.6094,177.7,2023-11-14,16.1,",,7",5.6,",,7"
USC00111550,"CHICAGO NORTHERLY ISLAND, IL US",41.8558,-87.6094,177.7,2023-11-15,18.3,",,7",7.2,",,7"
USC00111550,"CHICAGO NORTHERLY ISLAND, IL US",41.8558,-87.6094,177.7,2023-11-16,18.9,",,7",8.9,",,7"
USC00111550,"CHICAGO NORTHERLY ISLAND, IL US",41.8558,-87.6094,177.7,2023-11-17,16.7,",,7",5,",,7"
USC00111550,"CHICAGO NORTHERLY ISLAND, IL US",41.8558,-87.6094,177.7,2023-11-18,11.7,",,7",2.2,",,7"
USC00111550,"CHICAGO NORTHERLY ISLAND, IL US",41.8558,-87.6094,177.7,2023-11-19,11.7,",,7",5,",,7"
USC00111550,"CHICAGO NORTHERLY ISLAND, IL US",41.8558,-87.6094,177.7,2023-11-20,9.4,",,7",5.6,",,7"
USC00111550,"CHICAGO NORTHERLY ISLAND, IL US",41.8558,-87.6094,177.7,2023-11-21,7.2,",,7",4.4,",,7"
USC00111550,"CHICAGO NORTHERLY ISLAND, IL US",41.8558,-87.6094,177.7,2023-11-22,7.2,",,7",2.8,",,7"
USC00111550,"CHICAGO NORTHERLY ISLAND, IL US",41.8558,-87.6094,177.7,2023-11-23,7.8,",,7",1.7,",,7"
USC00111550,"CHICAGO NORTHERLY ISLAND, IL US",41.8558,-87.6094,177.7,2023-11-24,4.4,",,7",-0.6,",,7"
USC00111550,"CHICAGO NORTHERLY ISLAND, IL US",41.8558,-87.6094,177.7,2023-11-25,3.9,",,7",-1.1,",,7"
USC00111550,"CHICAGO NORTHERLY ISLAND, IL US",41.8558,-87.6094,177.7,2023-11-26,1.1,",,7",-1.7,",,7"
USC00111550,"CHICAGO NORTHERLY ISLAND, IL US",41.8558,-87.6094,177.7,2023-11-27,-1.1,",,7",-7.2,",,7"
USC00111550,"CHICAGO NORTHERLY ISLAND, IL US",41.8558,-87.6094,177.7,2023-11-28,-3.3,",,7",-8.9,",,7"
USC00111550,"CHICAGO NORTHERLY ISLAND, IL US",41.8558,-87.6094,177.7,2023-11-29,5.6,",,7",-5.6,",,7"
USC00111550,"CHICAGO NORTHERLY ISLAND, IL US",41.8558,-87.6094,177.7,2023-11-30,11.7,",,7",1.1,",,7"
USC00111550,"CHICAGO NORTHERLY ISLAND, IL US",41.8558,-87.6094,177.7,2023-12-01,6.7,",,7",5,",,7"
USC00111550,"CHICAGO NORTHERLY ISLAND, IL US",41.8558,-87.6094,177.7,2023-12-02,5.6,",,7",4.4,",,7"
USC00111550,"CHICAGO NORTHERLY ISLAND, IL US",41.8558,-87.6094,177.7,2023-12-03,5,",,7",2.8,",,7"
USC00111550,"CHICAGO NORTHERLY ISLAND, IL US",41.8558,-87.6094,177.7,2023-12-04,4.4,",,7",2.2,",,7"
USC00111550,"CHICAGO NORTHERLY ISLAND, IL US",41.8558,-87.6094,177.7,2023-12-05,4.4,",,7",0.6,",,7"
USC00111550,"CHICAGO NORTHERLY ISLAND, IL US",41.8558,-87.6094,177.7,2023-12-06,4.4,",,7",1.1,",,7"
USC00111550,"CHICAGO NORTHERLY ISLAND, IL US",41.8558,-87.6094,177.7,2023-12-07,11.1,",,7",2.2,",,7"
USC00111550,"CHICAGO NORTHERLY ISLAND, IL US",41.8558,-87.6094,177.7,2023-12-08,12.8,",,7",7.2,",,7"
USC00111550,"CHICAGO NORTHERLY ISLAND, IL US",41.8558,-87.6094,177.7,2023-12-09,13.3,",,7",1.7,",,7"
USC00111550,"CHICAGO NORTHERLY ISLAND, IL US",41.8558,-87.6094,177.7,2023-12-10,2.2,",,7",-1.1,",,7"
USC00111550,"CHICAGO NORTHERLY ISLAND, IL US",41.8558,-87.6094,177.7,2023-12-11,2.2,",,7",-2.2,",,7"
USC00111550,"CHICAGO NORTHERLY ISLAND, IL US",41.8558,-87.6094,177.7,2023-12-12,3.9,",,7",-0.6,",,7"
USC00111550,"CHICAGO NORTHERLY ISLAND, IL US",41.8558,-87.6094,177.7,2023-12-13,5.6,",,7",-2.2,",,7"
USC00111550,"CHICAGO NORTHERLY ISLAND, IL US",41.8558,-87.6094,177.7,2023-12-14,10.6,",,7",1.1,",,7"
USC00111550,"CHICAGO NORTHERLY ISLAND, IL US",41.8558,-87.6094,177.7,2023-12-15,12.2,",,7",3.9,",,7"
USC00111550,"CHICAGO NORTHERLY ISLAND, IL US",41.8558,-87.6094,177.7,2023-12-16,6.7,",,7",4.4,",,7"
USC00111550,"CHICAGO NORTHERLY ISLAND, IL US",41.8558,-87.6094,177.7,2023-12-17,6.7,",,7",2.2,",,7"
USC00111550,"CHICAGO NORTHERLY ISLAND, IL US",41.8558,-87.6094,177.7,2023-12-18,2.8,",,7",-5,",,7"
USC00111550,"CHICAGO NORTHERLY ISLAND, IL US",41.8558,-87.6094,177.7,2023-12-19,0.6,",,7",-6.7,",,7"
USC00111550,"CHICAGO NORTHERLY ISLAND, IL US",41.8558,-87.6094,177.7,2023-12-20,6.7,",,7",0,",,7"
USC00111550,"CHICAGO NORTHERLY ISLAND, IL US",41.8558,-87.6094,177.7,2023-12-21,5.6,",,7",1.7,",,7"
USC00111550,"CHICAGO NORTHERLY ISLAND, IL US",41.8558,-87.6094,177.7,2023-12-22,7.2,",,7",3.9,",,7"
USC00111550,"CHICAGO NORTHERLY ISLAND, IL US",41.8558,-87.6094,177.7,2023-12-23,7.8,",,7",5,",,7"
USC00111550,"CHICAGO NORTHERLY ISLAND, IL US",41.8558,-87.6094,177.7,2023-12-24,10,",,7",6.1,",,7"
USC00111550,"CHICAGO NORTHERLY ISLAND, IL US",41.8558,-87.6094,177.7,2023-12-25,11.1,",,7",6.1,",,7"
USC00111550,"CHICAGO NORTHERLY ISLAND, IL US",41.8558,-87.6094,177.7,2023-12-26,10.6,",,7",0.6,",,7"
USC00111550,"CHICAGO NORTHERLY ISLAND, IL US",41.8558,-87.6094,177.7,2023-12-27,5,",,7",0.6,",,7"
USC00111550,"CHICAGO NORTHERLY ISLAND, IL US",41.8558,-87.6094,177.7,2023-12-28,5.6,",,7",2.8,",,7"
USC00111550,"CHICAGO NORTHERLY ISLAND, IL US",41.8558,-87.6094,177.7,2023-12-29,5,",,7",1.1,",,7"
USC00111550,"CHICAGO NORTHERLY ISLAND, IL US",41.8558,-87.6094,177.7,2023-12-30,3.3,",,7",-1.7,",,7"
USC00111550,"CHICAGO NORTHERLY ISLAND, IL US",41.8558,-87.6094,177.7,2023-12-31,2.8,",,7",-0.6,",,7"
USW00094846,"CHICAGO OHARE INTERNATIONAL AIRPORT, IL US",41.96017,-87.93164,204.8,2023-01-01,7.2,",,W",2.8,",,W"
USW00094846,"CHICAGO OHARE INTERNATIONAL AIRPORT, IL US",41.96017,-87.93164,204.8,2023-01-02,6.1,",,W",0,",,W"
USW00094846,"CHICAGO OHARE INTERNATIONAL AIRPORT, IL US",41.96017,-87.93164,204.8,2023-01-03,8.9,",,W",3.9,",,W"
USW00094846,"CHICAGO OHARE INTERNATIONAL AIRPORT, IL US",41.96017,-87.93164,204.8,2023-01-04,6.7,",,W",0.6,",,W"
USW00094846,"CHICAGO OHARE INTERNATIONAL AIRPORT, IL US",41.96017,-87.93164,204.8,2023-01-05,1.1,",,W",0,",,W"
USW00094846,"CHICAGO OHARE INTERNATIONAL AIRPORT, IL US",41.96017,-87.93164,204.8,2023-01-06,1.1,",,W",-3.8,",,W"
USW00094846,"CHICAGO OHARE INTERNATIONAL AIRPORT, IL US",41.96017,-87.93164,204.8,2023-01-07,0,",,W",-2.7,",,W"
USW00094846,"CHICAGO OHARE INTERNATIONAL AIRPORT, IL US",41.96017,-87.93164,204.8,2023-01-08,0.6,",,W",-3.2,",,W"
USW00094846,"CHICAGO OHARE INTERNATIONAL AIRPORT, IL US",41.96017,-87.93164,204.8,2023-01-09,6.7,",,W",-3.8,",,W"
USW00094846,"CHICAGO OHARE INTERNATIONAL AIRPORT, IL US",41.96017,-87.93164,204.8,2023-01-10,10,",,W",1.1,",,W"
USW00094846,"CHICAGO OHARE INTERNATIONAL AIRPORT, IL US",41.96017,-87.93164,204.8,2023-01-11,13.9,",,W",3.3,",,W"
USW00094846,"CHICAGO OHARE INTERNATIONAL AIRPORT, IL US",41.96017,-87.93164,204.8,2023-01-12,6.1,",,W",2.2,",,W"
USW00094846,"CHICAGO OHARE INTERNATIONAL AIRPORT, IL US",41.96017,-87.93164,204.8,2023-01-13,2.2,",,W",-3.2,",,W"
USW00094846,"CHICAGO OHARE INTERNATIONAL AIRPORT, IL US",41.96017,-87.93164,204.8,2023-01-14,-0.5,",,W",-4.3,",,W"
USW00094846,"CHICAGO OHARE INTERNATIONAL AIRPORT, IL US",41.96017,-87.93164,204.8,2023-01-15,6.7,",,W",-3.2,",,W"
USW00094846,"CHICAGO OHARE INTERNATIONAL AIRPORT, IL US",41.96017,-87.93164,204.8,2023-01-16,11.1,",,W",4.4,",,W"
USW00094846,"CHICAGO OHARE INTERNATIONAL AIRPORT, IL US",41.96017,-87.93164,204.8,2023-01-17,9.4,",,W",2.8,",,W"
USW00094846,"CHICAGO OHARE INTERNATIONAL AIRPORT, IL US",41.96017,-87.93164,204.8,2023-01-18,5,",,W",2.2,",,W"
USW00094846,"CHICAGO OHARE INTERNATIONAL AIRPORT, IL US",41.96017,-87.93164,204.8,2023-01-19,5.6,",,W",1.1,",,W"
USW00094846,"CHICAGO OHARE INTERNATIONAL AIRPORT, IL US",41.96017,-87.93164,204.8,2023-01-20,1.7,",,W",-1.6,",,W"
USW00094846,"CHICAGO OHARE INTERNATIONAL AIRPORT, IL US",41.96017,-87.93164,204.8,2023-01-21,0,",,W",-2.1,",,W"
USW00094846,"CHICAGO OHARE INTERNATIONAL AIRPORT, IL US",41.96017,-87.93164,204.8,2023-01-22,1.1,",,W",-3.2,",,W"
USW00094846,"CHICAGO OHARE INTERNATIONAL AIRPORT, IL US",41.96017,-87.93164,204.8,2023-01-23,-1,",,W",-6,",,W"
USW00094846,"CHICAGO OHARE INTERNATIONAL AIRPORT, IL US",41.96017,-87.93164,204.8,2023-01-24,2.2,",,W",-2.1,",,W"
USW00094846,"CHICAGO OHARE INTERNATIONAL AIRPORT, IL US",41.96017,-87.93164,204.8,2023-01-25,1.1,",,W",-0.5,",,W"
USW00094846,"CHICAGO OHARE INTERNATIONAL AIRPORT, IL US",41.96017,-87.93164,204.8,2023-01-26,0,",,W",-9.3,",,W"
USW00094846,"CHICAGO OHARE INTERNATIONAL AIRPORT, IL US",41.96017,-87.93164,204.8,2023-01-27,2.2,",,W",-10.5,",,W"
USW00094846,"CHICAGO OHARE INTERNATIONAL AIRPORT, IL US",41.96017,-87.93164,204.8,2023-01-28,-0.5,",,W",-7.1,",,W"
USW00094846,"CHICAGO OHARE INTERNATIONAL AIRPORT, IL US",41.96017,-87.93164,204.8,2023-01-29,-0.5,",,W",-7.7,",,W"
USW00094846,"CHICAGO OHARE INTERNATIONAL AIRPORT, IL US",41.96017,-87.93164,204.8,2023-01-30,-7.7,",,W",-14.9,",,W"
USW00094846,"CHICAGO OHARE INTERNATIONAL AIRPORT, IL US",41.96017,-87.93164,204.8,2023-01-31,-11,",,W",-18.2,",,W"
USW00094846,"CHICAGO OHARE INTERNATIONAL AIRPORT, IL US",41.96017,-87.93164,204.8,2023-02-01,-2.7,",,W",-14.3,",,W"
USW00094846,"CHICAGO OHARE INTERNATIONAL AIRPORT, IL US",41.96017,-87.93164,204.8,2023-02-02,0.6,",,W",-12.1,",,W"
USW00094846,"CHICAGO OHARE INTERNATIONAL AIRPORT, IL US",41.96017,-87.93164,204.8,2023-02-03,-11.6,",,W",-18.2,",,W"
USW00094846,"CHICAGO OHARE INTERNATIONAL AIRPORT, IL US",41.96017,-87.93164,204.8,2023-02-04,5.6,",,W",-11.6,",,W"
USW00094846,"CHICAGO OHARE INTERNATIONAL AIRPORT, IL US",41.96017,-87.93164,204.8,2023-02-05,5,",,W",-2.1,",,W"
USW00094846,"CHICAGO OHARE INTERNATIONAL AIRPORT, IL US",41.96017,-87.93164,204.8,2023-02-06,8.3,",,W",-4.9,",,W"
USW00094846,"CHICAGO OHARE INTERNATIONAL AIRPORT, IL US",41.96017,-87.93164,204.8,2023-02-07,10.6,",,W",0,",,W"
USW00094846,"CHICAGO OHARE INTERNATIONAL AIRPORT, IL US",41.96017,-87.93164,204.8,2023-02-08,6.7,",,W",-2.7,",,W"
USW00094846,"CHICAGO OHARE INTERNATIONAL AIRPORT, IL US",41.96017,-87.93164,204.8,2023-02-09,5.6,",,W",2.2,",,W"
USW00094846,"CHICAGO OHARE INTERNATIONAL AIRPORT, IL US",41.96017,-87.93164,204.8,2023-02-10,3.3,",,W",-2.7,",,W"
USW00094846,"CHICAGO OHARE INTERNATIONAL AIRPORT, IL US",41.96017,-87.93164,204.8,2023-02-11,8.3,",,W",-4.9,",,W"
USW00094846,"CHICAGO OHARE INTERNATIONAL AIRPORT, IL US",41.96017,-87.93164,204.8,2023-02-12,11.1,",,W",-1,",,W"
USW00094846,"CHICAGO OHARE INTERNATIONAL AIRPORT, IL US",41.96017,-87.93164,204.8,2023-02-13,11.1,",,W",1.1,",,W"
USW00094846,"CHICAGO OHARE INTERNATIONAL AIRPORT, IL US",41.96017,-87.93164,204.8,2023-02-14,12.8,",,W",0.6,",,W"
USW00094846,"CHICAGO OHARE INTERNATIONAL AIRPORT, IL US",41.96017,-87.93164,204.8,2023-02-15,10.6,",,W",1.1,",,W"
USW00094846,"CHICAGO OHARE INTERNATIONAL AIRPORT, IL US",41.96017,-87.93164,204.8,2023-02-16,1.7,",,W",-4.3,",,W"
USW00094846,"CHICAGO OHARE INTERNATIONAL AIRPORT, IL US",41.96017,-87.93164,204.8,2023-02-17,-3.2,",,W",-8.2,",,W"
USW00094846,"CHICAGO OHARE INTERNATIONAL AIRPORT, IL US",41.96017,-87.93164,204.8,2023-02-18,6.7,",,W",-3.8,",,W"
USW00094846,"CHICAGO OHARE INTERNATIONAL AIRPORT, IL US",41.96017,-87.93164,204.8,2023-02-19,10.6,",,W",3.3,",,W"
USW00094846,"CHICAGO OHARE INTERNATIONAL AIRPORT, IL US",41.96017,-87.93164,204.8,2023-02-20,8.9,",,W",-1.6,",,W"
USW00094846,"CHICAGO OHARE INTERNATIONAL AIRPORT, IL US",41.96017,-87.93164,204.8,2023-02-21,4.4,",,W",-4.3,",,W"
USW00094846,"CHICAGO OHARE INTERNATIONAL AIRPORT, IL US",41.96017,-87.93164,204.8,2023-02-22,2.2,",,W",0.6,",,W"
USW00094846,"CHICAGO OHARE INTERNATIONAL AIRPORT, IL US",41.96017,-87.93164,204.8,2023-02-23,4.4,",,W",-4.9,",,W"
USW00094846,"CHICAGO OHARE INTERNATIONAL AIRPORT, IL US",41.96017,-87.93164,204.8,2023-02-24,-1.6,",,W",-7.7,",,W"
USW00094846,"CHICAGO OHARE INTERNATIONAL AIRPORT, IL US",41.96017,-87.93164,204.8,2023-02-25,3.3,",,W",-3.2,",,W"
USW00094846,"CHICAGO OHARE INTERNATIONAL AIRPORT, IL US",41.96017,-87.93164,204.8,2023-02-26,11.1,",,W",-2.1,",,W"
USW00094846,"CHICAGO OHARE INTERNATIONAL AIRPORT, IL US",41.96017,-87.93164,204.8,2023-02-27,14.4,",,W",3.3,",,W"
USW00094846,"CHICAGO OHARE INTERNATIONAL AIRPORT, IL US",41.96017,-87.93164,204.8,2023-02-28,11.1,",,W",3.3,",,W"
USW00094846,"CHICAGO OHARE INTERNATIONAL AIRPORT, IL US",41.96017,-87.93164,204.8,2023-03-01,13.3,",,W",3.3,",,W"
USW00094846,"CHICAGO OHARE INTERNATIONAL AIRPORT, IL US",41.96017,-87.93164,204.8,2023-03-02,4.4,",,W",0.6,",,W"
USW00094846,"CHICAGO OHARE INTERNATIONAL AIRPORT, IL US",41.96017,-87.93164,204.8,2023-03-03,3.3,",,W",0.6,",,W"
USW00094846,"CHICAGO OHARE INTERNATIONAL AIRPORT, IL US",41.96017,-87.93164,204.8,2023-03-04,10,",,W",-1.6,",,W"
USW00094846,"CHICAGO OHARE INTERNATIONAL AIRPORT, IL US",41.96017,-87.93164,204.8,2023-03-05,10,",,W",-0.5,",,W"
USW00094846,"CHICAGO OHARE INTERNATIONAL AIRPORT, IL US",41.96017,-87.93164,204.8,2023-03-06,12.8,",,W",4.4,",,W"
USW00094846,"CHICAGO OHARE INTERNATIONAL AIRPORT, IL US",41.96017,-87.93164,204.8,2023-03-07,7.2,",,W",2.2,",,W"
USW00094846,"CHICAGO OHARE INTERNATIONAL AIRPORT, IL US",41.96017,-87.93164,204.8,2023-03-08,8.3,",,W",2.2,",,W"
USW00094846,"CHICAGO OHARE INTERNATIONAL AIRPORT, IL US",41.96017,-87.93164,204.8,2023-03-09,4.4,",,W",0.6,",,W"
USW00094846,"CHICAGO OHARE INTERNATIONAL AIRPORT, IL US",41.96017,-87.93164,204.8,2023-03-10,2.8,",,W",0.6,",,W"
USW00094846,"CHICAGO OHARE INTERNATIONAL AIRPORT, IL US",41.96017,-87.93164,204.8,2023-03-11,3.9,",,W",0,",,W"
USW00094846,"CHICAGO OHARE INTERNATIONAL AIRPORT, IL US",41.96017,-87.93164,204.8,2023-03-12,2.8,",,W",-1,",,W"
USW00094846,"CHICAGO OHARE INTERNATIONAL AIRPORT, IL US",41.96017,-87.93164,204.8,2023-03-13,0.6,",,W",-3.2,",,W"
USW00094846,"CHICAGO OHARE INTERNATIONAL AIRPORT, IL US",41.96017,-87.93164,204.8,2023-03-14,3.3,",,W",-6.6,",,W"
USW00094846,"CHICAGO OHARE INTERNATIONAL AIRPORT, IL US",41.96017,-87.93164,204.8,2023-03-15,10,",,W",-4.9,",,W"
USW00094846,"CHICAGO OHARE INTERNATIONAL AIRPORT, IL US",41.96017,-87.93164,204.8,2023-03-16,10,",,W",5,",,W"
USW00094846,"CHICAGO OHARE INTERNATIONAL AIRPORT, IL US",41.96017,-87.93164,204.8,2023-03-17,8.3,",,W",-6,",,W"
USW00094846,"CHICAGO OHARE INTERNATIONAL AIRPORT, IL US",41.96017,-87.93164,204.8,2023-03-18,-3.8,",,W",-11,",,W"
USW00094846,"CHICAGO OHARE INTERNATIONAL AIRPORT, IL US",41.96017,-87.93164,204.8,2023-03-19,4.4,",,W",-7.1,",,W"
USW00094846,"CHICAGO OHARE INTERNATIONAL AIRPORT, IL US",41.96017,-87.93164,204.8,2023-03-20,11.1,",,W",-1,",,W"
USW00094846,"CHICAGO OHARE INTERNATIONAL AIRPORT, IL US",41.96017,-87.93164,204.8,2023-03-21,12.2,",,W",2.8,",,W"
USW00094846,"CHICAGO OHARE INTERNATIONAL AIRPORT, IL US",41.96017,-87.93164,204.8,2023-03-22,11.7,",,W",4.4,",,W"
USW00094846,"CHICAGO OHARE INTERNATIONAL AIRPORT, IL US",41.96017,-87.93164,204.8,2023-03-23,8.9,",,W",2.2,",,W"
USW00094846,"CHICAGO OHARE INTERNATIONAL AIRPORT, IL US",41.96017,-87.93164,204.8,2023-03-24,7.2,",,W",1.7,",,W"
USW00094846,"CHICAGO OHARE INTERNATIONAL AIRPORT, IL US",41.96017,-87.93164,204.8,2023-03-25,6.7,",,W",1.1,",,W"
USW00094846,"CHICAGO OHARE INTERNATIONAL AIRPORT, IL US",41.96017,-87.93164,204.8,2023-03-26,8.9,",,W",1.1,",,W"
USW00094846,"CHICAGO OHARE INTERNATIONAL AIRPORT, IL US",41.96017,-87.93164,204.8,2023-03-27,7.8,",,W",0,",,W"
USW00094846,"CHICAGO OHARE INTERNATIONAL AIRPORT, IL US",41.96017,-87.93164,204.8,2023-03-28,10.6,",,W",-1,",,W"
USW00094846,"CHICAGO OHARE INTERNATIONAL AIRPORT, IL US",41.96017,-87.93164,204.8,2023-03-29,5.6,",,W",-1.6,",,W"
USW00094846,"CHICAGO OHARE INTERNATIONAL AIRPORT, IL US",41.96017,-87.93164,204.8,2023-03-30,13.9,",,W",-2.7,",,W"
USW00094846,"CHICAGO OHARE INTERNATIONAL AIRPORT, IL US",41.96017,-87.93164,204.8,2023-03-31,21.1,",,W",9.4,",,W"
USW00094846,"CHICAGO OHARE INTERNATIONAL AIRPORT, IL US",41.96017,-87.93164,204.8,2023-04-01,8.9,",,W",0,",,W"
USW00094846,"CHICAGO OHARE INTERNATIONAL AIRPORT, IL US",41.96017,-87.93164,204.8,2023-04-02,13.3,",,W",-1,",,W"
USW00094846,"CHICAGO OHARE INTERNATIONAL AIRPORT, IL US",41.96017,-87.93164,204.8,2023-04-03,17.8,",,W",6.7,",,W"
USW00094846,"CHICAGO OHARE INTERNATIONAL AIRPORT, IL US",41.96017,-87.93164,204.8,2023-04-04,20.6,",,W",6.7,",,W"
USW00094846,"CHICAGO OHARE INTERNATIONAL AIRPORT, IL US",41.96017,-87.93164,204.8,2023-04-05,22.2,",,W",3.3,",,W"
USW00094846,"CHICAGO OHARE INTERNATIONAL AIRPORT, IL US",41.96017,-87.93164,204.8,2023-04-06,11.1,",,W",0,",,W"
USW00094846,"CHICAGO OHARE INTERNATIONAL AIRPORT, IL US",41.96017,-87.93164,204.8,2023-04-07,9.4,",,W",1.7,",,W"
USW00094846,"CHICAGO OHARE INTERNATIONAL AIRPORT, IL US",41.96017,-87.93164,204.8,2023-04-08,17.2,",,W",2.2,",,W"
USW00094846,"CHICAGO OHARE INTERNATIONAL AIRPORT, IL US",41.96017,-87.93164,204.8,2023-04-09,20,",,W",5,",,W"
USW00094846,"CHICAGO OHARE INTERNATIONAL AIRPORT, IL US",41.96017,-87.93164,204.8,2023-04-10,21.7,",,W",9.4,",,W"
USW00094846,"CHICAGO OHARE INTERNATIONAL AIRPORT, IL US",41.96017,-87.93164,204.8,2023-04-11,26.1,",,W",11.1,",,W"
USW00094846,"CHICAGO OHARE INTERNATIONAL AIRPORT, IL US",41.96017,-87.93164,204.8,2023-04-12,27.8,",,W",13.9,",,W"
USW00094846,"CHICAGO OHARE INTERNATIONAL AIRPORT, IL US",41.96017,-87.93164,204.8,2023-04-13,28.3,",,W",13.9,",,W"
USW00094846,"CHICAGO OHARE INTERNATIONAL AIRPORT, IL US",41.96017,-87.93164,204.8,2023-04-14,28.3,",,W",13.3,",,W"
USW00094846,"CHICAGO OHARE INTERNATIONAL AIRPORT, IL US",41.96017,-87.93164,204.8,2023-04-15,28.3,",,W",17.8,",,W"
USW00094846,"CHICAGO OHARE INTERNATIONAL AIRPORT, IL US",41.96017,-87.93164,204.8,2023-04-16,17.8,",,W",1.1,",,W"
USW00094846,"CHICAGO OHARE INTERNATIONAL AIRPORT, IL US",41.96017,-87.93164,204.8,2023-04-17,3.9,",,W",0,",,W"
USW00094846,"CHICAGO OHARE INTERNATIONAL AIRPORT, IL US",41.96017,-87.93164,204.8,2023-04-18,14.4,",,W",0.6,",,W"
USW00094846,"CHICAGO OHARE INTERNATIONAL AIRPORT, IL US",41.96017,-87.93164,204.8,2023-04-19,17.8,",,W",5.6,",,W"
USW00094846,"CHICAGO OHARE INTERNATIONAL AIRPORT, IL US",41.96017,-87.93164,204.8,2023-04-20,26.1,",,W",8.9,",,W"
USW00094846,"CHICAGO OHARE INTERNATIONAL AIRPORT, IL US",41.96017,-87.93164,204.8,2023-04-21,17.2,",,W",6.7,",,W"
USW00094846,"CHICAGO OHARE INTERNATIONAL AIRPORT, IL US",41.96017,-87.93164,204.8,2023-04-22,8.3,",,W",1.7,",,W"
USW00094846,"CHICAGO OHARE INTERNATIONAL AIRPORT, IL US",41.96017,-87.93164,204.8,2023-04-23,5.6,",,W",2.2,",,W"
USW00094846,"CHICAGO OHARE INTERNATIONAL AIRPORT, IL US",41.96017,-87.93164,204.8,2023-04-24,12.2,",,W",2.2,",,W"
USW00094846,"CHICAGO OHARE INTERNATIONAL AIRPORT, IL US",41.96017,-87.93164,204.8,2023-04-25,7.8,",,W",1.7,",,W"
USW00094846,"CHICAGO OHARE INTERNATIONAL AIRPORT, IL US",41.96017,-87.93164,204.8,2023-04-26,11.1,",,W",-0.5,",,W"
USW00094846,"CHICAGO OHARE INTERNATIONAL AIRPORT, IL US",41.96017,-87.93164,204.8,2023-04-27,19.4,",,W",2.8,",,W"
USW00094846,"CHICAGO OHARE INTERNATIONAL AIRPORT, IL US",41.96017,-87.93164,204.8,2023-04-28,17.2,",,W",7.2,",,W"
USW00094846,"CHICAGO OHARE INTERNATIONAL AIRPORT, IL US",41.96017,-87.93164,204.8,2023-04-29,15,",,W",6.1,",,W"
USW00094846,"CHICAGO OHARE INTERNATIONAL AIRPORT, IL US",41.96017,-87.93164,204.8,2023-04-30,8.9,",,W",4.4,",,W"
USW00094846,"CHICAGO OHARE INTERNATIONAL AIRPORT, IL US",41.96017,-87.93164,204.8,2023-05-01,10,",,W",4.4,",,W"
USW00094846,"CHICAGO OHARE INTERNATIONAL AIRPORT, IL US",41.96017,-87.93164,204.8,2023-05-02,12.2,",,W",5.6,",,W"
USW00094846,"CHICAGO OHARE INTERNATIONAL AIRPORT, IL US",41.96017,-87.93164,204.8,2023-05-03,15,",,W",3.3,",,W"
USW00094846,"CHICAGO OHARE INTERNATIONAL AIRPORT, IL US",41.96017,-87.93164,204.8,2023-05-04,22.2,",,W",5.6,",,W"
USW00094846,"CHICAGO OHARE INTERNATIONAL AIRPORT, IL US",41.96017,-87.93164,204.8,2023-05-05,25.6,",,W",12.8,",,W"
USW00094846,"CHICAGO OHARE INTERNATIONAL AIRPORT, IL US",41.96017,-87.93164,204.8,2023-05-06,25.6,",,W",15,",,W"
USW00094846,"CHICAGO OHARE INTERNATIONAL AIRPORT, IL US",41.96017,-87.93164,204.8,2023-05-07,30.6,",,W",14.4,",,W"
USW00094846,"CHICAGO OHARE INTERNATIONAL AIRPORT, IL US",41.96017,-87.93164,204.8,2023-05-08,15.6,",,W",10.6,",,W"
USW00094846,"CHICAGO OHARE INTERNATIONAL AIRPORT, IL US",41.96017,-87.93164,204.8,2023-05-09,21.1,",,W",7.8,",,W"
USW00094846,"CHICAGO OHARE INTERNATIONAL AIRPORT, IL US",41.96017,-87.93164,204.8,2023-05-10,27.2,",,W",9.4,",,W"
USW00094846,"CHICAGO OHARE INTERNATIONAL AIRPORT, IL US",41.96017,-87.93164,204.8,2023-05-11,28.9,",,W",12.8,",,W"
USW00094846,"CHICAGO OHARE INTERNATIONAL AIRPORT, IL US",41.96017,-87.93164,204.8,2023-05-12,25,",,W",13.9,",,W"
USW00094846,"CHICAGO OHARE INTERNATIONAL AIRPORT, IL US",41.96017,-87.93164,204.8,2023-05-13,21.1,",,W",13.3,",,W"
USW00094846,"CHICAGO OHARE INTERNATIONAL AIRPORT, IL US",41.96017,-87.93164,204.8,2023-05-14,17.2,",,W",11.1,",,W"
USW00094846,"CHICAGO OHARE INTERNATIONAL AIRPORT, IL US",41.96017,-87.93164,204.8,2023-05-15,20,",,W",10.6,",,W"
USW00094846,"CHICAGO OHARE INTERNATIONAL AIRPORT, IL US",41.96017,-87.93164,204.8,2023-05-16,27.2,",,W",10.6,",,W"
USW00094846,"CHICAGO OHARE INTERNATIONAL AIRPORT, IL US",41.96017,-87.93164,204.8,2023-05-17,16.1,",,W",7.2,",,W"
USW00094846,"CHICAGO OHARE INTERNATIONAL AIRPORT, IL US",41.96017,-87.93164,204.8,2023-05-18,23.9,",,W",6.7,",,W"
USW00094846,"CHICAGO OHARE INTERNATIONAL AIRPORT, IL US",41.96017,-87.93164,204.8,2023-05-19,24.4,",,W",12.2,",,W"
USW00094846,"CHICAGO OHARE INTERNATIONAL AIRPORT, IL US",41.96017,-87.93164,204.8,2023-05-20,22.8,",,W",8.3,",,W"
USW00094846,"CHICAGO OHARE INTERNATIONAL AIRPORT, IL US",41.96017,-87.93164,204.8,2023-05-21,27.2,",,W",12.2,",,W"
USW00094846,"CHICAGO OHARE INTERNATIONAL AIRPORT, IL US",41.96017,-87.93164,204.8,2023-05-22,28.3,",,W",12.8,",,W"
USW00094846,"CHICAGO OHARE INTERNATIONAL AIRPORT, IL US",41.96017,-87.93164,204.8,2023-05-23,30,",,W",13.9,",,W"
USW00094846,"CHICAGO OHARE INTERNATIONAL AIRPORT, IL US",41.96017,-87.93164,204.8,2023-05-24,19.4,",,W",11.1,",,W"
USW00094846,"CHICAGO OHARE INTERNATIONAL AIRPORT, IL US",41.96017,-87.93164,204.8,2023-05-25,16.7,",,W",7.8,",,W"
USW00094846,"CHICAGO OHARE INTERNATIONAL AIRPORT, IL US",41.96017,-87.93164,204.8,2023-05-26,21.1,",,W",7.2,",,W"
USW00094846,"CHICAGO OHARE INTERNATIONAL AIRPORT, IL US",41.96017,-87.93164,204.8,2023-05-27,23.3,",,W",8.3,",,W"
USW00094846,"CHICAGO OHARE INTERNATIONAL AIRPORT, IL US",41.96017,-87.93164,204.8,2023-05-28,26.7,",,W",11.7,",,W"
USW00094846,"CHICAGO OHARE INTERNATIONAL AIRPORT, IL US",41.96017,-87.93164,204.8,2023-05-29,30,",,W",11.7,",,W"
USW00094846,"CHICAGO OHARE INTERNATIONAL AIRPORT, IL US",41.96017,-87.93164,204.8,2023-05-30,32.8,",,W",15,",,W"
USW00094846,"CHICAGO OHARE INTERNATIONAL AIRPORT, IL US",41.96017,-87.93164,204.8,2023-05-31,32.8,",,W",20.6,",,W"
USW00094846,"CHICAGO OHARE INTERNATIONAL AIRPORT, IL US",41.96017,-87.93164,204.8,2023-06-01,32.8,",,W",20,",,W"
USW00094846,"CHICAGO OHARE INTERNATIONAL AIRPORT, IL US",41.96017,-87.93164,204.8,2023-06-02,32.8,",,W",18.3,",,W"
USW00094846,"CHICAGO OHARE INTERNATIONAL AIRPORT, IL US",41.96017,-87.93164,204.8,2023-06-03,30.6,",,W",17.2,",,W"
USW00094846,"CHICAGO OHARE INTERNATIONAL AIRPORT, IL US",41.96017,-87.93164,204.8,2023-06-04,25,",,W",15,",,W"
USW00094846,"CHICAGO OHARE INTERNATIONAL AIRPORT, IL US",41.96017,-87.93164,204.8,2023-06-05,28.9,",,W",13.3,",,W"
USW00094846,"CHICAGO OHARE INTERNATIONAL AIRPORT, IL US",41.96017,-87.93164,204.8,2023-06-06,25,",,W",16.1,",,W"
USW00094846,"CHICAGO OHARE INTERNATIONAL AIRPORT, IL US",41.96017,-87.93164,204.8,2023-06-07,23.9,",,W",12.8,",,W"
USW00094846,"CHICAGO OHARE INTERNATIONAL AIRPORT, IL US",41.96017,-87.93164,204.8,2023-06-08,23.9,",,W",10.6,",,W"
USW00094846,"CHICAGO OHARE INTERNATIONAL AIRPORT, IL US",41.96017,-87.93164,204.8,2023-06-09,28.3,",,W",12.8,",,W"
USW00094846,"CHICAGO OHARE INTERNATIONAL AIRPORT, IL US",41.96017,-87.93164,204.8,2023-06-10,30,",,W",16.7,",,W"
USW00094846,"CHICAGO OHARE INTERNATIONAL AIRPORT, IL US",41.96017,-87.93164,204.8,2023-06-11,17.8,",,W",10,",,W"
USW00094846,"CHICAGO OHARE INTERNATIONAL AIRPORT, IL US",41.96017,-87.93164,204.8,2023-06-12,21.1,",,W",9.4,",,W"
USW00094846,"CHICAGO OHARE INTERNATIONAL AIRPORT, IL US",41.96017,-87.93164,204.8,2023-06-13,18.3,",,W",12.8,",,W"
USW00094846,"CHICAGO OHARE INTERNATIONAL AIRPORT, IL US",41.96017,-87.93164,204.8,2023-06-14,25,",,W",15,",,W"
USW00094846,"CHICAGO OHARE INTERNATIONAL AIRPORT, IL US",41.96017,-87.93164,204.8,2023-06-15,26.7,",,W",11.7,",,W"
USW00094846,"CHICAGO OHARE INTERNATIONAL AIRPORT, IL US",41.96017,-87.93164,204.8,2023-06-16,20,",,W",11.1,",,W"
USW00094846,"CHICAGO OHARE INTERNATIONAL AIRPORT, IL US",41.96017,-87.93164,204.8,2023-06-17,27.2,",,W",11.7,",,W"
USW00094846,"CHICAGO OHARE INTERNATIONAL AIRPORT, IL US",41.96017,-87.93164,204.8,2023-06-18,30,",,W",15.6,",,W"
USW00094846,"CHICAGO OHARE INTERNATIONAL AIRPORT, IL US",41.96017,-87.93164,204.8,2023-06-19,30.6,",,W",16.1,",,W"
USW00094846,"CHICAGO OHARE INTERNATIONAL AIRPORT, IL US",41.96017,-87.93164,204.8,2023-06-20,28.3,",,W",15.6,",,W"
USW00094846,"CHICAGO OHARE INTERNATIONAL AIRPORT, IL US",41.96017,-87.93164,204.8,2023-06-21,31.1,",,W",16.1,",,W"
USW00094846,"CHICAGO OHARE INTERNATIONAL AIRPORT, IL US",41.96017,-87.93164,204.8,2023-06-22,30,",,W",18.9,",,W"
USW00094846,"CHICAGO OHARE INTERNATIONAL AIRPORT, IL US",41.96017,-87.93164,204.8,2023-06-23,30,",,W",18.3,",,W"
USW00094846,"CHICAGO OHARE INTERNATIONAL AIRPORT, IL US",41.96017,-87.93164,204.8,2023-06-24,33.9,",,W",18.9,",,W"
USW00094846,"CHICAGO OHARE INTERNATIONAL AIRPORT, IL US",41.96017,-87.93164,204.8,2023-06-25,30,",,W",20,",,W"
USW00094846,"CHICAGO OHARE INTERNATIONAL AIRPORT, IL US",41.96017,-87.93164,204.8,2023-06-26,23.9,",,W",20,",,W"
USW00094846,"CHICAGO OHARE INTERNATIONAL AIRPORT, IL US",41.96017,-87.93164,204.8,2023-06-27,25.6,",,W",17.2,",,W"
USW00094846,"CHICAGO OHARE INTERNATIONAL AIRPORT, IL US",41.96017,-87.93164,204.8,2023-06-28,29.4,",,W",14.4,",,W"
USW00094846,"CHICAGO OHARE INTERNATIONAL AIRPORT, IL US",41.96017,-87.93164,204.8,2023-06-29,31.1,",,W",22.2,",,W"
USW00094846,"CHICAGO OHARE INTERNATIONAL AIRPORT, IL US",41.96017,-87.93164,204.8,2023-06-30,32.8,",,W",22.2,",,W"
USW00094846,"CHICAGO OHARE INTERNATIONAL AIRPORT, IL US",41.96017,-87.93164,204.8,2023-07-01,30,",,W",22.2,",,W"
USW00094846,"CHICAGO OHARE INTERNATIONAL AIRPORT, IL US",41.96017,-87.93164,204.8,2023-07-02,22.8,",,W",18.9,",,W"
USW00094846,"CHICAGO OHARE INTERNATIONAL AIRPORT, IL US",41.96017,-87.93164,204.8,2023-07-03,31.1,",,W",17.8,",,W"
USW00094846,"CHICAGO OHARE INTERNATIONAL AIRPORT, IL US",41.96017,-87.93164,204.8,2023-07-04,33.3,",,W",21.1,",,W"
USW00094846,"CHICAGO OHARE INTERNATIONAL AIRPORT, IL US",41.96017,-87.93164,204.8,2023-07-05,32.8,",,W",21.7,",,W"
USW00094846,"CHICAGO OHARE INTERNATIONAL AIRPORT, IL US",41.96017,-87.93164,204.8,2023-07-06,27.8,",,W",18.9,",,W"
USW00094846,"CHICAGO OHARE INTERNATIONAL AIRPORT, IL US",41.96017,-87.93164,204.8,2023-07-07,27.2,",,W",17.8,",,W"
USW00094846,"CHICAGO OHARE INTERNATIONAL AIRPORT, IL US",41.96017,-87.93164,204.8,2023-07-08,24.4,",,W",17.8,",,W"
USW00094846,"CHICAGO OHARE INTERNATIONAL AIRPORT, IL US",41.96017,-87.93164,204.8,2023-07-09,29.4,",,W",16.1,",,W"
USW00094846,"CHICAGO OHARE INTERNATIONAL AIRPORT, IL US",41.96017,-87.93164,204.8,2023-07-10,30.6,",,W",18.3,",,W"
USW00094846,"CHICAGO OHARE INTERNATIONAL AIRPORT, IL US",41.96017,-87.93164,204.8,2023-07-11,30,",,W",20.6,",,W"
USW00094846,"CHICAGO OHARE INTERNATIONAL AIRPORT, IL US",41.96017,-87.93164,204.8,2023-07-12,24.4,",,W",17.8,",,W"
USW00094846,"CHICAGO OHARE INTERNATIONAL AIRPORT, IL US",41.96017,-87.93164,204.8,2023-07-13,25.6,",,W",17.2,",,W"
USW00094846,"CHICAGO OHARE INTERNATIONAL AIRPORT, IL US",41.96017,-87.93164,204.8,2023-07-14,32.2,",,W",20,",,W"
USW00094846,"CHICAGO OHARE INTERNATIONAL AIRPORT, IL US",41.96017,-87.93164,204.8,2023-07-15,29.4,",,W",21.1,",,W"
USW00094846,"CHICAGO OHARE INTERNATIONAL AIRPORT, IL US",41.96017,-87.93164,204.8,2023-07-16,27.2,",,W",19.4,",,W"
USW00094846,"CHICAGO OHARE INTERNATIONAL AIRPORT, IL US",41.96017,-87.93164,204.8,2023-07-17,26.7,",,W",18.9,",,W"
USW00094846,"CHICAGO OHARE INTERNATIONAL AIRPORT, IL US",41.96017,-87.93164,204.8,2023-07-18,27.2,",,W",17.2,",,W"
USW00094846,"CHICAGO OHARE INTERNATIONAL AIRPORT, IL US",41.96017,-87.93164,204.8,2023-07-19,30,",,W",17.2,",,W"
USW00094846,"CHICAGO OHARE INTERNATIONAL AIRPORT, IL US",41.96017,-87.93164,204.8,2023-07-20,30.6,",,W",20,",,W"
USW00094846,"CHICAGO OHARE INTERNATIONAL AIRPORT, IL US",41.96017,-87.93164,204.8,2023-07-21,27.8,",,W",17.8,",,W"
USW00094846,"CHICAGO OHARE INTERNATIONAL AIRPORT, IL US",41.96017,-87.93164,204.8,2023-07-22,29.4,",,W",18.3,",,W"
USW00094846,"CHICAGO OHARE INTERNATIONAL AIRPORT, IL US",41.96017,-87.93164,204.8,2023-07-23,28.9,",,W",17.8,",,W"
USW00094846,"CHICAGO OHARE INTERNATIONAL AIRPORT, IL US",41.96017,-87.93164,204.8,2023-07-24,31.7,",,W",20,",,W"
USW00094846,"CHICAGO OHARE INTERNATIONAL AIRPORT, IL US",41.96017,-87.93164,204.8,2023-07-25,32.8,",,W",21.1,",,W"
USW00094846,"CHICAGO OHARE INTERNATIONAL AIRPORT, IL US",41.96017,-87.93164,204.8,2023-07-26,32.2,",,W",21.7,",,W"
USW00094846,"CHICAGO OHARE INTERNATIONAL AIRPORT, IL US",41.96017,-87.93164,204.8,2023-07-27,33.3,",,W",22.2,",,W"
USW00094846,"CHICAGO OHARE INTERNATIONAL AIRPORT, IL US",41.96017,-87.93164,204.8,2023-07-28,33.9,",,W",21.1,",,W"
USW00094846,"CHICAGO OHARE INTERNATIONAL AIRPORT, IL US",41.96017,-87.93164,204.8,2023-07-29,28.3,",,W",20.6,",,W"
USW00094846,"CHICAGO OHARE INTERNATIONAL AIRPORT, IL US",41.96017,-87.93164,204.8,2023-07-30,26.7,",,W",19.4,",,W"
USW00094846,"CHICAGO OHARE INTERNATIONAL AIRPORT, IL US",41.96017,-87.93164,204.8,2023-07-31,28.3,",,W",17.8,",,W"
USW00094846,"CHICAGO OHARE INTERNATIONAL AIRPORT, IL US",41.96017,-87.93164,204.8,2023-08-01,29.4,",,W",20.6,",,W"
USW00094846,"CHICAGO OHARE INTERNATIONAL AIRPORT, IL US",41.96017,-87.93164,204.8,2023-08-02,29.4,",,W",20,",,W"
USW00094846,"CHICAGO OHARE INTERNATIONAL AIRPORT, IL US",41.96017,-87.93164,204.8,2023-08-03,32.2,",,W",19.4,",,W"
USW00094846,"CHICAGO OHARE INTERNATIONAL AIRPORT, IL US",41.96017,-87.93164,204.8,2023-08-04,30,",,W",21.1,",,W"
USW00094846,"CHICAGO OHARE INTERNATIONAL AIRPORT, IL US",41.96017,-87.93164,204.8,2023-08-05,25,",,W",20.6,",,W"
USW00094846,"CHICAGO OHARE INTERNATIONAL AIRPORT, IL US",41.96017,-87.93164,204.8,2023-08-06,22.8,",,W",18.9,",,W"
USW00094846,"CHICAGO OHARE INTERNATIONAL AIRPORT, IL US",41.96017,-87.93164,204.8,2023-08-07,27.8,",,W",18.9,",,W"
USW00094846,"CHICAGO OHARE INTERNATIONAL AIRPORT, IL US",41.96017,-87.93164,204.8,2023-08-08,29.4,",,W",17.8,",,W"
USW00094846,"CHICAGO OHARE INTERNATIONAL AIRPORT, IL US",41.96017,-87.93164,204.8,2023-08-09,26.1,",,W",18.9,",,W"
USW00094846,"CHICAGO OHARE INTERNATIONAL AIRPORT, IL US",41.96017,-87.93164,204.8,2023-08-10,30,",,W",18.3,",,W"
USW00094846,"CHICAGO OHARE INTERNATIONAL AIRPORT, IL US",41.96017,-87.93164,204.8,2023-08-11,29.4,",,W",21.1,",,W"
USW00094846,"CHICAGO OHARE INTERNATIONAL AIRPORT, IL US",41.96017,-87.93164,204.8,2023-08-12,30.6,",,W",20,",,W"
USW00094846,"CHICAGO OHARE INTERNATIONAL AIRPORT, IL US",41.96017,-87.93164,204.8,2023-08-13,27.2,",,W",18.9,",,W"
USW00094846,"CHICAGO OHARE INTERNATIONAL AIRPORT, IL US",41.96017,-87.93164,204.8,2023-08-14,24.4,",,W",17.8,",,W"
USW00094846,"CHICAGO OHARE INTERNATIONAL AIRPORT, IL US",41.96017,-87.93164,204.8,2023-08-15,25.6,",,W",16.7,",,W"
USW00094846,"CHICAGO OHARE INTERNATIONAL AIRPORT, IL US",41.96017,-87.93164,204.8,2023-08-16,27.8,",,W",15.6,",,W"
USW00094846,"CHICAGO OHARE INTERNATIONAL AIRPORT, IL US",41.96017,-87.93164,204.8,2023-08-17,26.7,",,W",17.2,",,W"
USW00094846,"CHICAGO OHARE INTERNATIONAL AIRPORT, IL US",41.96017,-87.93164,204.8,2023-08-18,26.1,",,W",15,",,W"
USW00094846,"CHICAGO OHARE INTERNATIONAL AIRPORT, IL US",41.96017,-87.93164,204.8,2023-08-19,28.9,",,W",17.2,",,W"
USW00094846,"CHICAGO OHARE INTERNATIONAL AIRPORT, IL US",41.96017,-87.93164,204.8,2023-08-20,32.8,",,W",21.1,",,W"
USW00094846,"CHICAGO OHARE INTERNATIONAL AIRPORT, IL US",41.96017,-87.93164,204.8,2023-08-21,27.8,",,W",20.6,",,W"
USW00094846,"CHICAGO OHARE INTERNATIONAL AIRPORT, IL US",41.96017,-87.93164,204.8,2023-08-22,32.2,",,W",20.6,",,W"
USW00094846,"CHICAGO OHARE INTERNATIONAL AIRPORT, IL US",41.96017,-87.93164,204.8,2023-08-23,36.7,",,W",25,",,W"
USW00094846,"CHICAGO OHARE INTERNATIONAL AIRPORT, IL US",41.96017,-87.93164,204.8,2023-08-24,37.8,",,W",23.9,",,W"
USW00094846,"CHICAGO OHARE INTERNATIONAL AIRPORT, IL US",41.96017,-87.93164,204.8,2023-08-25,27.8,",,W",21.7,",,W"
USW00094846,"CHICAGO OHARE INTERNATIONAL AIRPORT, IL US",41.96017,-87.93164,204.8,2023-08-26,25,",,W",17.2,",,W"
USW00094846,"CHICAGO OHARE INTERNATIONAL AIRPORT, IL US",41.96017,-87.93164,204.8,2023-08-27,23.9,",,W",16.1,",,W"
USW00094846,"CHICAGO OHARE INTERNATIONAL AIRPORT, IL US",41.96017,-87.93164,204.8,2023-08-28,27.8,",,W",15,",,W"
USW00094846,"CHICAGO OHARE INTERNATIONAL AIRPORT, IL US",41.96017,-87.93164,204.8,2023-08-29,30.6,",,W",17.2,",,W"
USW00094846,"CHICAGO OHARE INTERNATIONAL AIRPORT, IL US",41.96017,-87.93164,204.8,2023-08-30,21.7,",,W",12.8,",,W"
USW00094846,"CHICAGO OHARE INTERNATIONAL AIRPORT, IL US",41.96017,-87.93164,204.8,2023-08-31,26.1,",,W",12.2,",,W"
USW00094846,"CHICAGO OHARE INTERNATIONAL AIRPORT, IL US",41.96017,-87.93164,204.8,2023-09-01,29.4,",,W",14.4,",,W"
USW00094846,"CHICAGO OHARE INTERNATIONAL AIRPORT, IL US",41.96017,-87.93164,204.8,2023-09-02,31.7,",,W",17.8,",,W"
USW00094846,"CHICAGO OHARE INTERNATIONAL AIRPORT, IL US",41.96017,-87.93164,204.8,2023-09-03,34.4,",,W",21.1,",,W"
USW00094846,"CHICAGO OHARE INTERNATIONAL AIRPORT, IL US",41.96017,-87.93164,204.8,2023-09-04,34.4,",,W",21.7,",,W"
USW00094846,"CHICAGO OHARE INTERNATIONAL AIRPORT, IL US",41.96017,-87.93164,204.8,2023-09-05,34.4,",,W",23.3,",,W"
USW00094846,"CHICAGO OHARE INTERNATIONAL AIRPORT, IL US",41.96017,-87.93164,204.8,2023-09-06,28.3,",,W",21.7,",,W"
USW00094846,"CHICAGO OHARE INTERNATIONAL AIRPORT, IL US",41.96017,-87.93164,204.8,2023-09-07,21.7,",,W",17.8,",,W"
USW00094846,"CHICAGO OHARE INTERNATIONAL AIRPORT, IL US",41.96017,-87.93164,204.8,2023-09-08,20,",,W",14.4,",,W"
USW00094846,"CHICAGO OHARE INTERNATIONAL AIRPORT, IL US",41.96017,-87.93164,204.8,2023-09-09,24.4,",,W",13.3,",,W"
USW00094846,"CHICAGO OHARE INTERNATIONAL AIRPORT, IL US",41.96017,-87.93164,204.8,2023-09-10,28.3,",,W",12.2,",,W"
USW00094846,"CHICAGO OHARE INTERNATIONAL AIRPORT, IL US",41.96017,-87.93164,204.8,2023-09-11,21.1,",,W",16.1,",,W"
USW00094846,"CHICAGO OHARE INTERNATIONAL AIRPORT, IL US",41.96017,-87.93164,204.8,2023-09-12,22.2,",,W",13.9,",,W"
USW00094846,"CHICAGO OHARE INTERNATIONAL AIRPORT, IL US",41.96017,-87.93164,204.8,2023-09-13,22.2,",,W",12.2,",,W"
USW00094846,"CHICAGO OHARE INTERNATIONAL AIRPORT, IL US",41.96017,-87.93164,204.8,2023-09-14,23.3,",,W",11.7,",,W"
USW00094846,"CHICAGO OHARE INTERNATIONAL AIRPORT, IL US",41.96017,-87.93164,204.8,2023-09-15,26.1,",,W",12.2,",,W"
USW00094846,"CHICAGO OHARE INTERNATIONAL AIRPORT, IL US",41.96017,-87.93164,204.8,2023-09-16,21.1,",,W",15.6,",,W"
USW00094846,"CHICAGO OHARE INTERNATIONAL AIRPORT, IL US",41.96017,-87.93164,204.8,2023-09-17,17.8,",,W",13.9,",,W"
USW00094846,"CHICAGO OHARE INTERNATIONAL AIRPORT, IL US",41.96017,-87.93164,204.8,2023-09-18,22.8,",,W",11.7,",,W"
USW00094846,"CHICAGO OHARE INTERNATIONAL AIRPORT, IL US",41.96017,-87.93164,204.8,2023-09-19,20,",,W",14.4,",,W"
USW00094846,"CHICAGO OHARE INTERNATIONAL AIRPORT, IL US",41.96017,-87.93164,204.8,2023-09-20,26.7,",,W",17.2,",,W"
USW00094846,"CHICAGO OHARE INTERNATIONAL AIRPORT, IL US",41.96017,-87.93164,204.8,2023-09-21,27.2,",,W",18.9,",,W"
USW00094846,"CHICAGO OHARE INTERNATIONAL AIRPORT, IL US",41.96017,-87.93164,204.8,2023-09-22,26.7,",,W",18.9,",,W"
USW00094846,"CHICAGO OHARE INTERNATIONAL AIRPORT, IL US",41.96017,-87.93164,204.8,2023-09-23,27.2,",,W",18.3,",,W"
USW00094846,"CHICAGO OHARE INTERNATIONAL AIRPORT, IL US",41.96017,-87.93164,204.8,2023-09-24,26.1,",,W",15,",,W"
USW00094846,"CHICAGO OHARE INTERNATIONAL AIRPORT, IL US",41.96017,-87.93164,204.8,2023-09-25,23.9,",,W",17.8,",,W"
USW00094846,"CHICAGO OHARE INTERNATIONAL AIRPORT, IL US",41.96017,-87.93164,204.8,2023-09-26,22.8,",,W",17.2,",,W"
USW00094846,"CHICAGO OHARE INTERNATIONAL AIRPORT, IL US",41.96017,-87.93164,204.8,2023-09-27,22.2,",,W",17.2,",,W"
USW00094846,"CHICAGO OHARE INTERNATIONAL AIRPORT, IL US",41.96017,-87.93164,204.8,2023-09-28,21.7,",,W",16.1,",,W"
USW00094846,"CHICAGO OHARE INTERNATIONAL AIRPORT, IL US",41.96017,-87.93164,204.8,2023-09-29,25,",,W",15,",,W"
USW00094846,"CHICAGO OHARE INTERNATIONAL AIRPORT, IL US",41.96017,-87.93164,204.8,2023-09-30,28.9,",,W",16.1,",,W"
USW00094846,"CHICAGO OHARE INTERNATIONAL AIRPORT, IL US",41.96017,-87.93164,204.8,2023-10-01,30.6,",,W",17.2,",,W"
USW00094846,"CHICAGO OHARE INTERNATIONAL AIRPORT, IL US",41.96017,-87.93164,204.8,2023-10-02,30,",,W",17.8,",,W"
USW00094846,"CHICAGO OHARE INTERNATIONAL AIRPORT, IL US",41.96017,-87.93164,204.8,2023-10-03,30.6,",,W",17.8,",,W"
USW00094846,"CHICAGO OHARE INTERNATIONAL AIRPORT, IL US",41.96017,-87.93164,204.8,2023-10-04,28.9,",,W",20,",,W"
USW00094846,"CHICAGO OHARE INTERNATIONAL AIRPORT, IL US",41.96017,-87.93164,204.8,2023-10-05,22.8,",,W",15.6,",,W"
USW00094846,"CHICAGO OHARE INTERNATIONAL AIRPORT, IL US",41.96017,-87.93164,204.8,2023-10-06,16.7,",,W",9.4,",,W"
USW00094846,"CHICAGO OHARE INTERNATIONAL AIRPORT, IL US",41.96017,-87.93164,204.8,2023-10-07,16.1,",,W",7.8,",,W"
USW00094846,"CHICAGO OHARE INTERNATIONAL AIRPORT, IL US",41.96017,-87.93164,204.8,2023-10-08,13.9,",,W",7.2,",,W"
USW00094846,"CHICAGO OHARE INTERNATIONAL AIRPORT, IL US",41.96017,-87.93164,204.8,2023-10-09,15,",,W",6.7,",,W"
USW00094846,"CHICAGO OHARE INTERNATIONAL AIRPORT, IL US",41.96017,-87.93164,204.8,2023-10-10,17.8,",,W",5.6,",,W"
USW00094846,"CHICAGO OHARE INTERNATIONAL AIRPORT, IL US",41.96017,-87.93164,204.8,2023-10-11,19.4,",,W",5.6,",,W"
USW00094846,"CHICAGO OHARE INTERNATIONAL AIRPORT, IL US",41.96017,-87.93164,204.8,2023-10-12,16.7,",,W",12.8,",,W"
USW00094846,"CHICAGO OHARE INTERNATIONAL AIRPORT, IL US",41.96017,-87.93164,204.8,2023-10-13,15.6,",,W",13.3,",,W"
USW00094846,"CHICAGO OHARE INTERNATIONAL AIRPORT, IL US",41.96017,-87.93164,204.8,2023-10-14,13.9,",,W",9.4,",,W"
USW00094846,"CHICAGO OHARE INTERNATIONAL AIRPORT, IL US",41.96017,-87.93164,204.8,2023-10-15,15.6,",,W",8.3,",,W"
USW00094846,"CHICAGO OHARE INTERNATIONAL AIRPORT, IL US",41.96017,-87.93164,204.8,2023-10-16,13.3,",,W",6.1,",,W"
USW00094846,"CHICAGO OHARE INTERNATIONAL AIRPORT, IL US",41.96017,-87.93164,204.8,2023-10-17,17.8,",,W",5,",,W"
USW00094846,"CHICAGO OHARE INTERNATIONAL AIRPORT, IL US",41.96017,-87.93164,204.8,2023-10-18,20,",,W",7.8,",,W"
USW00094846,"CHICAGO OHARE INTERNATIONAL AIRPORT, IL US",41.96017,-87.93164,204.8,2023-10-19,16.1,",,W",12.2,",,W"
USW00094846,"CHICAGO OHARE INTERNATIONAL AIRPORT, IL US",41.96017,-87.93164,204.8,2023-10-20,16.1,",,W",8.9,",,W"
USW00094846,"CHICAGO OHARE INTERNATIONAL AIRPORT, IL US",41.96017,-87.93164,204.8,2023-10-21,18.3,",,W",8.3,",,W"
USW00094846,"CHICAGO OHARE INTERNATIONAL AIRPORT, IL US",41.96017,-87.93164,204.8,2023-10-22,16.1,",,W",5.6,",,W"
USW00094846,"CHICAGO OHARE INTERNATIONAL AIRPORT, IL US",41.96017,-87.93164,204.8,2023-10-23,19.4,",,W",7.2,",,W"
USW00094846,"CHICAGO OHARE INTERNATIONAL AIRPORT, IL US",41.96017,-87.93164,204.8,2023-10-24,28.3,",,W",16.7,",,W"
USW00094846,"CHICAGO OHARE INTERNATIONAL AIRPORT, IL US",41.96017,-87.93164,204.8,2023-10-25,20.6,",,W",16.1,",,W"
USW00094846,"CHICAGO OHARE INTERNATIONAL AIRPORT, IL US",41.96017,-87.93164,204.8,2023-10-26,22.2,",,W",18.3,",,W"
USW00094846,"CHICAGO OHARE INTERNATIONAL AIRPORT, IL US",41.96017,-87.93164,204.8,2023-10-27,22.2,",,W",7.2,",,W"
USW00094846,"CHICAGO OHARE INTERNATIONAL AIRPORT, IL US",41.96017,-87.93164,204.8,2023-10-28,11.1,",,W",3.9,",,W"
USW00094846,"CHICAGO OHARE INTERNATIONAL AIRPORT, IL US",41.96017,-87.93164,204.8,2023-10-29,8.3,",,W",3.9,",,W"
USW00094846,"CHICAGO OHARE INTERNATIONAL AIRPORT, IL US",41.96017,-87.93164,204.8,2023-10-30,6.7,",,W",-0.5,",,W"
USW00094846,"CHICAGO OHARE INTERNATIONAL AIRPORT, IL US",41.96017,-87.93164,204.8,2023-10-31,3.3,",,W",-1,",,W"
USW00094846,"CHICAGO OHARE INTERNATIONAL AIRPORT, IL US",41.96017,-87.93164,204.8,2023-11-01,5.6,",,W",-1.6,",,W"
USW00094846,"CHICAGO OHARE INTERNATIONAL AIRPORT, IL US",41.96017,-87.93164,204.8,2023-11-02,13.9,",,W",1.7,",,W"
USW00094846,"CHICAGO OHARE INTERNATIONAL AIRPORT, IL US",41.96017,-87.93164,204.8,2023-11-03,15,",,W",8.3,",,W"
USW00094846,"CHICAGO OHARE INTERNATIONAL AIRPORT, IL US",41.96017,-87.93164,204.8,2023-11-04,15.6,",,W",5,",,W"
USW00094846,"CHICAGO OHARE INTERNATIONAL AIRPORT, IL US",41.96017,-87.93164,204.8,2023-11-05,16.7,",,W",3.3,",,W"
USW00094846,"CHICAGO OHARE INTERNATIONAL AIRPORT, IL US",41.96017,-87.93164,204.8,2023-11-06,20.6,",,W",12.8,",,W"
USW00094846,"CHICAGO OHARE INTERNATIONAL AIRPORT, IL US",41.96017,-87.93164,204.8,2023-11-07,13.3,",,W",5,",,W"
USW00094846,"CHICAGO OHARE INTERNATIONAL AIRPORT, IL US",41.96017,-87.93164,204.8,2023-11-08,13.3,",,W",8.3,",,W"
USW00094846,"CHICAGO OHARE INTERNATIONAL AIRPORT, IL US",41.96017,-87.93164,204.8,2023-11-09,13.3,",,W",4.4,",,W"
USW00094846,"CHICAGO OHARE INTERNATIONAL AIRPORT, IL US",41.96017,-87.93164,204.8,2023-11-10,8.3,",,W",1.7,",,W"
USW00094846,"CHICAGO OHARE INTERNATIONAL AIRPORT, IL US",41.96017,-87.93164,204.8,2023-11-11,10.6,",,W",-1,",,W"
USW00094846,"CHICAGO OHARE INTERNATIONAL AIRPORT, IL US",41.96017,-87.93164,204.8,2023-11-12,13.9,",,W",5.6,",,W"
USW00094846,"CHICAGO OHARE INTERNATIONAL AIRPORT, IL US",41.96017,-87.93164,204.8,2023-11-13,17.2,",,W",3.3,",,W"
USW00094846,"CHICAGO OHARE INTERNATIONAL AIRPORT, IL US",41.96017,-87.93164,204.8,2023-11-14,16.1,",,W",0,",,W"
USW00094846,"CHICAGO OHARE INTERNATIONAL AIRPORT, IL US",41.96017,-87.93164,204.8,2023-11-15,17.8,",,W",6.1,",,W"
USW00094846,"CHICAGO OHARE INTERNATIONAL AIRPORT, IL US",41.96017,-87.93164,204.8,2023-11-16,18.9,",,W",6.7,",,W"
USW00094846,"CHICAGO OHARE INTERNATIONAL AIRPORT, IL US",41.96017,-87.93164,204.8,2023-11-17,15.6,",,W",1.1,",,W"
USW00094846,"CHICAGO OHARE INTERNATIONAL AIRPORT, IL US",41.96017,-87.93164,204.8,2023-11-18,11.7,",,W",-0.5,",,W"
USW00094846,"CHICAGO OHARE INTERNATIONAL AIRPORT, IL US",41.96017,-87.93164,204.8,2023-11-19,12.2,",,W",1.7,",,W"
USW00094846,"CHICAGO OHARE INTERNATIONAL AIRPORT, IL US",41.96017,-87.93164,204.8,2023-11-20,10,",,W",5.6,",,W"
USW00094846,"CHICAGO OHARE INTERNATIONAL AIRPORT, IL US",41.96017,-87.93164,204.8,2023-11-21,6.7,",,W",2.2,",,W"
USW00094846,"CHICAGO OHARE INTERNATIONAL AIRPORT, IL US",41.96017,-87.93164,204.8,2023-11-22,7.8,",,W",1.1,",,W"
USW00094846,"CHICAGO OHARE INTERNATIONAL AIRPORT, IL US",41.96017,-87.93164,204.8,2023-11-23,8.9,",,W",0,",,W"
USW00094846,"CHICAGO OHARE INTERNATIONAL AIRPORT, IL US",41.96017,-87.93164,204.8,2023-11-24,1.1,",,W",-3.8,",,W"
USW00094846,"CHICAGO OHARE INTERNATIONAL AIRPORT, IL US",41.96017,-87.93164,204.8,2023-11-25,3.9,",,W",-4.3,",,W"
USW00094846,"CHICAGO OHARE INTERNATIONAL AIRPORT, IL US",41.96017,-87.93164,204.8,2023-11-26,0.6,",,W",-2.1,",,W"
USW00094846,"CHICAGO OHARE INTERNATIONAL AIRPORT, IL US",41.96017,-87.93164,204.8,2023-11-27,-1.6,",,W",-7.7,",,W"
USW00094846,"CHICAGO OHARE INTERNATIONAL AIRPORT, IL US",41.96017,-87.93164,204.8,2023-11-28,-4.3,",,W",-9.9,",,W"
USW00094846,"CHICAGO OHARE INTERNATIONAL AIRPORT, IL US",41.96017,-87.93164,204.8,2023-11-29,4.4,",,W",-6.6,",,W"
USW00094846,"CHICAGO OHARE INTERNATIONAL AIRPORT, IL US",41.96017,-87.93164,204.8,2023-11-30,10.6,",,W",0,",,W"
USW00094846,"CHICAGO OHARE INTERNATIONAL AIRPORT, IL US",41.96017,-87.93164,204.8,2023-12-01,6.7,",,W",3.9,",,W"
USW00094846,"CHICAGO OHARE INTERNATIONAL AIRPORT, IL US",41.96017,-87.93164,204.8,2023-12-02,6.1,",,W",3.9,",,W"
USW00094846,"CHICAGO OHARE INTERNATIONAL AIRPORT, IL US",41.96017,-87.93164,204.8,2023-12-03,4.4,",,W",2.2,",,W"
USW00094846,"CHICAGO OHARE INTERNATIONAL AIRPORT, IL US",41.96017,-87.93164,204.8,2023-12-04,5,",,W",0,",,W"
USW00094846,"CHICAGO OHARE INTERNATIONAL AIRPORT, IL US",41.96017,-87.93164,204.8,2023-12-05,5,",,W",0,",,W"
USW00094846,"CHICAGO OHARE INTERNATIONAL AIRPORT, IL US",41.96017,-87.93164,204.8,2023-12-06,3.9,",,W",0,",,W"
USW00094846,"CHICAGO OHARE INTERNATIONAL AIRPORT, IL US",41.96017,-87.93164,204.8,2023-12-07,10.6,",,W",2.2,",,W"
USW00094846,"CHICAGO OHARE INTERNATIONAL AIRPORT, IL US",41.96017,-87.93164,204.8,2023-12-08,13.3,",,W",7.8,",,W"
USW00094846,"CHICAGO OHARE INTERNATIONAL AIRPORT, IL US",41.96017,-87.93164,204.8,2023-12-09,12.2,",,W",1.7,",,W"
USW00094846,"CHICAGO OHARE INTERNATIONAL AIRPORT, IL US",41.96017,-87.93164,204.8,2023-12-10,1.7,",,W",-1,",,W"
USW00094846,"CHICAGO OHARE INTERNATIONAL AIRPORT, IL US",41.96017,-87.93164,204.8,2023-12-11,2.2,",,W",-2.1,",,W"
USW00094846,"CHICAGO OHARE INTERNATIONAL AIRPORT, IL US",41.96017,-87.93164,204.8,2023-12-12,3.3,",,W",-2.7,",,W"
USW00094846,"CHICAGO OHARE INTERNATIONAL AIRPORT, IL US",41.96017,-87.93164,204.8,2023-12-13,5,",,W",-4.9,",,W"
USW00094846,"CHICAGO OHARE INTERNATIONAL AIRPORT, IL US",41.96017,-87.93164,204.8,2023-12-14,10.6,",,W",0,",,W"
USW00094846,"CHICAGO OHARE INTERNATIONAL AIRPORT, IL US",41.96017,-87.93164,204.8,2023-12-15,11.7,",,W",1.7,",,W"
USW00094846,"CHICAGO OHARE INTERNATIONAL AIRPORT, IL US",41.96017,-87.93164,204.8,2023-12-16,7.8,",,W",5,",,W"
USW00094846,"CHICAGO OHARE INTERNATIONAL AIRPORT, IL US",41.96017,-87.93164,204.8,2023-12-17,6.7,",,W",2.2,",,W"
USW00094846,"CHICAGO OHARE INTERNATIONAL AIRPORT, IL US",41.96017,-87.93164,204.8,2023-12-18,2.2,",,W",-6.6,",,W"
USW00094846,"CHICAGO OHARE INTERNATIONAL AIRPORT, IL US",41.96017,-87.93164,204.8,2023-12-19,0.6,",,W",-8.2,",,W"
USW00094846,"CHICAGO OHARE INTERNATIONAL AIRPORT, IL US",41.96017,-87.93164,204.8,2023-12-20,7.2,",,W",-1,",,W"
USW00094846,"CHICAGO OHARE INTERNATIONAL AIRPORT, IL US",41.96017,-87.93164,204.8,2023-12-21,8.9,",,W",0.6,",,W"
USW00094846,"CHICAGO OHARE INTERNATIONAL AIRPORT, IL US",41.96017,-87.93164,204.8,2023-12-22,7.2,",,W",6.1,",,W"
USW00094846,"CHICAGO OHARE INTERNATIONAL AIRPORT, IL US",41.96017,-87.93164,204.8,2023-12-23,9.4,",,W",6.1,",,W"
USW00094846,"CHICAGO OHARE INTERNATIONAL AIRPORT, IL US",41.96017,-87.93164,204.8,2023-12-24,12.8,",,W",8.9,",,W"
USW00094846,"CHICAGO OHARE INTERNATIONAL AIRPORT, IL US",41.96017,-87.93164,204.8,2023-12-25,15,",,W",10,",,W"
USW00094846,"CHICAGO OHARE INTERNATIONAL AIRPORT, IL US",41.96017,-87.93164,204.8,2023-12-26,10,",,W",-0.5,",,W"
USW00094846,"CHICAGO OHARE INTERNATIONAL AIRPORT, IL US",41.96017,-87.93164,204.8,2023-12-27,5.6,",,W",-1,",,W"
USW00094846,"CHICAGO OHARE INTERNATIONAL AIRPORT, IL US",41.96017,-87.93164,204.8,2023-12-28,5.6,",,W",1.1,",,W"
USW00094846,"CHICAGO OHARE INTERNATIONAL AIRPORT, IL US",41.96017,-87.93164,204.8,2023-12-29,4.4,",,W",-0.5,",,W"
USW00094846,"CHICAGO OHARE INTERNATIONAL AIRPORT, IL US",41.96017,-87.93164,204.8,2023-12-30,2.8,",,W",-2.7,",,W"
USW00094846,"CHICAGO OHARE INTERNATIONAL AIRPORT, IL US",41.96017,-87.93164,204.8,2023-12-31,2.2,",,W",-0.5,",,W"
USW00014819,"CHICAGO MIDWAY AIRPORT, IL US",41.78412,-87.75514,185.8,2023-01-01,7.2,",,W",2.8,",,W"
USW00014819,"CHICAGO MIDWAY AIRPORT, IL US",41.78412,-87.75514,185.8,2023-01-02,6.7,",,W",0,",,W"
USW00014819,"CHICAGO MIDWAY AIRPORT, IL US",41.78412,-87.75514,185.8,2023-01-03,9.4,",,W",4.4,",,W"
USW00014819,"CHICAGO MIDWAY AIRPORT, IL US",41.78412,-87.75514,185.8,2023-01-04,7.2,",,W",0.6,",,W"
USW00014819,"CHICAGO MIDWAY AIRPORT, IL US",41.78412,-87.75514,185.8,2023-01-05,1.1,",,W",-0.5,",,W"
USW00014819,"CHICAGO MIDWAY AIRPORT, IL US",41.78412,-87.75514,185.8,2023-01-06,0.6,",,W",-3.8,",,W"
USW00014819,"CHICAGO MIDWAY AIRPORT, IL US",41.78412,-87.75514,185.8,2023-01-07,0.6,",,W",-2.1,",,W"
USW00014819,"CHICAGO MIDWAY AIRPORT, IL US",41.78412,-87.75514,185.8,2023-01-08,1.7,",,W",-3.2,",,W"
USW00014819,"CHICAGO MIDWAY AIRPORT, IL US",41.78412,-87.75514,185.8,2023-01-09,6.7,",,W",-3.8,",,W"
USW00014819,"CHICAGO MIDWAY AIRPORT, IL US",41.78412,-87.75514,185.8,2023-01-10,9.4,",,W",2.2,",,W"
USW00014819,"CHICAGO MIDWAY AIRPORT, IL US",41.78412,-87.75514,185.8,2023-01-11,11.7,",,W",3.3,",,W"
USW00014819,"CHICAGO MIDWAY AIRPORT, IL US",41.78412,-87.75514,185.8,2023-01-12,7.2,",,W",1.7,",,W"
USW00014819,"CHICAGO MIDWAY AIRPORT, IL US",41.78412,-87.75514,185.8,2023-01-13,1.7,",,W",-2.7,",,W"
USW00014819,"CHICAGO MIDWAY AIRPORT, IL US",41.78412,-87.75514,185.8,2023-01-14,-0.5,",,W",-4.3,",,W"
USW00014819,"CHICAGO MIDWAY AIRPORT, IL US",41.78412,-87.75514,185.8,2023-01-15,6.1,",,W",-3.2,",,W"
USW00014819,"CHICAGO MIDWAY AIRPORT, IL US",41.78412,-87.75514,185.8,2023-01-16,11.1,",,W",4.4,",,W"
USW00014819,"CHICAGO MIDWAY AIRPORT, IL US",41.78412,-87.75514,185.8,2023-01-17,10,",,W",2.8,",,W"
USW00014819,"CHICAGO MIDWAY AIRPORT, IL US",41.78412,-87.75514,185.8,2023-01-18,3.9,",,W",2.2,",,W"
USW00014819,"CHICAGO MIDWAY AIRPORT, IL US",41.78412,-87.75514,185.8,2023-01-19,5.6,",,W",1.1,",,W"
USW00014819,"CHICAGO MIDWAY AIRPORT, IL US",41.78412,-87.75514,185.8,2023-01-20,1.7,",,W",-1,",,W"
USW00014819,"CHICAGO MIDWAY AIRPORT, IL US",41.78412,-87.75514,185.8,2023-01-21,0,",,W",-2.1,",,W"
USW00014819,"CHICAGO MIDWAY AIRPORT, IL US",41.78412,-87.75514,185.8,2023-01-22,1.1,",,W",-1.6,",,W"
USW00014819,"CHICAGO MIDWAY AIRPORT, IL US",41.78412,-87.75514,185.8,2023-01-23,0,",,W",-5.5,",,W"
USW00014819,"CHICAGO MIDWAY AIRPORT, IL US",41.78412,-87.75514,185.8,2023-01-24,2.8,",,W",-2.1,",,W"
USW00014819,"CHICAGO MIDWAY AIRPORT, IL US",41.78412,-87.75514,185.8,2023-01-25,1.7,",,W",-0.5,",,W"
USW00014819,"CHICAGO MIDWAY AIRPORT, IL US",41.78412,-87.75514,185.8,2023-01-26,0,",,W",-9.3,",,W"
USW00014819,"CHICAGO MIDWAY AIRPORT, IL US",41.78412,-87.75514,185.8,2023-01-27,2.8,",,W",-9.9,",,W"
USW00014819,"CHICAGO MIDWAY AIRPORT, IL US",41.78412,-87.75514,185.8,2023-01-28,-0.5,",,W",-6.6,",,W"
USW00014819,"CHICAGO MIDWAY AIRPORT, IL US",41.78412,-87.75514,185.8,2023-01-29,-0.5,",,W",-7.7,",,W"
USW00014819,"CHICAGO MIDWAY AIRPORT, IL US",41.78412,-87.75514,185.8,2023-01-30,-7.1,",,W",-14.3,",,W"
USW00014819,"CHICAGO MIDWAY AIRPORT, IL US",41.78412,-87.75514,185.8,2023-01-31,-9.9,",,W",-16,",,W"
USW00014819,"CHICAGO MIDWAY AIRPORT, IL US",41.78412,-87.75514,185.8,2023-02-01,-2.1,",,W",-14.3,",,W"
USW00014819,"CHICAGO MIDWAY AIRPORT, IL US",41.78412,-87.75514,185.8,2023-02-02,1.1,",,W",-11,",,W"
USW00014819,"CHICAGO MIDWAY AIRPORT, IL US",41.78412,-87.75514,185.8,2023-02-03,-11,",,W",-17.1,",,W"
USW00014819,"CHICAGO MIDWAY AIRPORT, IL US",41.78412,-87.75514,185.8,2023-02-04,6.1,",,W",-11,",,W"
USW00014819,"CHICAGO MIDWAY AIRPORT, IL US",41.78412,-87.75514,185.8,2023-02-05,6.1,",,W",-1.6,",,W"
USW00014819,"CHICAGO MIDWAY AIRPORT, IL US",41.78412,-87.75514,185.8,2023-02-06,8.3,",,W",-4.9,",,W"
USW00014819,"CHICAGO MIDWAY AIRPORT, IL US",41.78412,-87.75514,185.8,2023-02-07,10,",,W",-1,",,W"
USW00014819,"CHICAGO MIDWAY AIRPORT, IL US",41.78412,-87.75514,185.8,2023-02-08,6.1,",,W",-3.8,",,W"
USW00014819,"CHICAGO MIDWAY AIRPORT, IL US",41.78412,-87.75514,185.8,2023-02-09,8.3,",,W",2.2,",,W"
USW00014819,"CHICAGO MIDWAY AIRPORT, IL US",41.78412,-87.75514,185.8,2023-02-10,4.4,",,W",-3.2,",,W"
USW00014819,"CHICAGO MIDWAY AIRPORT, IL US",41.78412,-87.75514,185.8,2023-02-11,8.3,",,W",-4.9,",,W"
USW00014819,"CHICAGO MIDWAY AIRPORT, IL US",41.78412,-87.75514,185.8,2023-02-12,11.1,",,W",-2.1,",,W"
USW00014819,"CHICAGO MIDWAY AIRPORT, IL US",41.78412,-87.75514,185.8,2023-02-13,11.7,",,W",1.1,",,W"
USW00014819,"CHICAGO MIDWAY AIRPORT, IL US",41.78412,-87.75514,185.8,2023-02-14,12.2,",,W",2.2,",,W"
USW00014819,"CHICAGO MIDWAY AIRPORT, IL US",41.78412,-87.75514,185.8,2023-02-15,11.7,",,W",2.2,",,W"
USW00014819,"CHICAGO MIDWAY AIRPORT, IL US",41.78412,-87.75514,185.8,2023-02-16,2.2,",,W",-3.8,",,W"
USW00014819,"CHICAGO MIDWAY AIRPORT, IL US",41.78412,-87.75514,185.8,2023-02-17,-2.7,",,W",-7.1,",,W"
USW00014819,"CHICAGO MIDWAY AIRPORT, IL US",41.78412,-87.75514,185.8,2023-02-18,7.8,",,W",-4.3,",,W"
USW00014819,"CHICAGO MIDWAY AIRPORT, IL US",41.78412,-87.75514,185.8,2023-02-19,11.7,",,W",3.9,",,W"
USW00014819,"CHICAGO MIDWAY AIRPORT, IL US",41.78412,-87.75514,185.8,2023-02-20,7.8,",,W",-1,",,W"
USW00014819,"CHICAGO MIDWAY AIRPORT, IL US",41.78412,-87.75514,185.8,2023-02-21,5,",,W",-3.8,",,W"
USW00014819,"CHICAGO MIDWAY AIRPORT, IL US",41.78412,-87.75514,185.8,2023-02-22,2.2,",,W",1.1,",,W"
USW00014819,"CHICAGO MIDWAY AIRPORT, IL US",41.78412,-87.75514,185.8,2023-02-23,6.1,",,W",-4.9,",,W"
USW00014819,"CHICAGO MIDWAY AIRPORT, IL US",41.78412,-87.75514,185.8,2023-02-24,-2.1,",,W",-7.7,",,W"
USW00014819,"CHICAGO MIDWAY AIRPORT, IL US",41.78412,-87.75514,185.8,2023-02-25,3.3,",,W",-2.7,",,W"
USW00014819,"CHICAGO MIDWAY AIRPORT, IL US",41.78412,-87.75514,185.8,2023-02-26,10,",,W",-2.1,",,W"
USW00014819,"CHICAGO MIDWAY AIRPORT, IL US",41.78412,-87.75514,185.8,2023-02-27,15,",,W",3.9,",,W"
USW00014819,"CHICAGO MIDWAY AIRPORT, IL US",41.78412,-87.75514,185.8,2023-02-28,10.6,",,W",2.8,",,W"
USW00014819,"CHICAGO MIDWAY AIRPORT, IL US",41.78412,-87.75514,185.8,2023-03-01,13.9,",,W",2.8,",,W"
USW00014819,"CHICAGO MIDWAY AIRPORT, IL US",41.78412,-87.75514,185.8,2023-03-02,3.3,",,W",1.1,",,W"
USW00014819,"CHICAGO MIDWAY AIRPORT, IL US",41.78412,-87.75514,185.8,2023-03-03,3.9,",,W",0,",,W"
USW00014819,"CHICAGO MIDWAY AIRPORT, IL US",41.78412,-87.75514,185.8,2023-03-04,10,",,W",-2.1,",,W"
USW00014819,"CHICAGO MIDWAY AIRPORT, IL US",41.78412,-87.75514,185.8,2023-03-05,9.4,",,W",-1,",,W"
USW00014819,"CHICAGO MIDWAY AIRPORT, IL US",41.78412,-87.75514,185.8,2023-03-06,13.3,",,W",3.3,",,W"
USW00014819,"CHICAGO MIDWAY AIRPORT, IL US",41.78412,-87.75514,185.8,2023-03-07,6.7,",,W",2.2,",,W"
USW00014819,"CHICAGO MIDWAY AIRPORT, IL US",41.78412,-87.75514,185.8,2023-03-08,7.8,",,W",2.2,",,W"
USW00014819,"CHICAGO MIDWAY AIRPORT, IL US",41.78412,-87.75514,185.8,2023-03-09,5,",,W",0.6,",,W"
USW00014819,"CHICAGO MIDWAY AIRPORT, IL US",41.78412,-87.75514,185.8,2023-03-10,2.8,",,W",0.6,",,W"
USW00014819,"CHICAGO MIDWAY AIRPORT, IL US",41.78412,-87.75514,185.8,2023-03-11,3.9,",,W",0.6,",,W"
USW00014819,"CHICAGO MIDWAY AIRPORT, IL US",41.78412,-87.75514,185.8,2023-03-12,2.8,",,W",-1,",,W"
USW00014819,"CHICAGO MIDWAY AIRPORT, IL US",41.78412,-87.75514,185.8,2023-03-13,0.6,",,W",-3.2,",,W"
USW00014819,"CHICAGO MIDWAY AIRPORT, IL US",41.78412,-87.75514,185.8,2023-03-14,2.8,",,W",-5.5,",,W"
USW00014819,"CHICAGO MIDWAY AIRPORT, IL US",41.78412,-87.75514,185.8,2023-03-15,10,",,W",-3.8,",,W"
USW00014819,"CHICAGO MIDWAY AIRPORT, IL US",41.78412,-87.75514,185.8,2023-03-16,11.1,",,W",5.6,",,W"
USW00014819,"CHICAGO MIDWAY AIRPORT, IL US",41.78412,-87.75514,185.8,2023-03-17,11.1,",,W",-4.9,",,W"
USW00014819,"CHICAGO MIDWAY AIRPORT, IL US",41.78412,-87.75514,185.8,2023-03-18,-3.2,",,W",-10.5,",,W"
USW00014819,"CHICAGO MIDWAY AIRPORT, IL US",41.78412,-87.75514,185.8,2023-03-19,5,",,W",-7.1,",,W"
USW00014819,"CHICAGO MIDWAY AIRPORT, IL US",41.78412,-87.75514,185.8,2023-03-20,11.1,",,W",-2.1,",,W"
USW00014819,"CHICAGO MIDWAY AIRPORT, IL US",41.78412,-87.75514,185.8,2023-03-21,13.3,",,W",2.8,",,W"
USW00014819,"CHICAGO MIDWAY AIRPORT, IL US",41.78412,-87.75514,185.8,2023-03-22,11.7,",,W",5,",,W"
USW00014819,"CHICAGO MIDWAY AIRPORT, IL US",41.78412,-87.75514,185.8,2023-03-23,9.4,",,W",2.8,",,W"
USW00014819,"CHICAGO MIDWAY AIRPORT, IL US",41.78412,-87.75514,185.8,2023-03-24,7.2,",,W",2.8,",,W"
USW00014819,"CHICAGO MIDWAY AIRPORT, IL US",41.78412,-87.75514,185.8,2023-03-25,7.2,",,W",1.7,",,W"
USW00014819,"CHICAGO MIDWAY AIRPORT, IL US",41.78412,-87.75514,185.8,2023-03-26,8.9,",,W",1.1,",,W"
USW00014819,"CHICAGO MIDWAY AIRPORT, IL US",41.78412,-87.75514,185.8,2023-03-27,8.3,",,W",0,",,W"
USW00014819,"CHICAGO MIDWAY AIRPORT, IL US",41.78412,-87.75514,185.8,2023-03-28,11.1,",,W",-1,",,W"
USW00014819,"CHICAGO MIDWAY AIRPORT, IL US",41.78412,-87.75514,185.8,2023-03-29,6.1,",,W",-1,",,W"
USW00014819,"CHICAGO MIDWAY AIRPORT, IL US",41.78412,-87.75514,185.8,2023-03-30,14.4,",,W",-2.7,",,W"
USW00014819,"CHICAGO MIDWAY AIRPORT, IL US",41.78412,-87.75514,185.8,2023-03-31,21.1,",,W",10,",,W"
USW00014819,"CHICAGO MIDWAY AIRPORT, IL US",41.78412,-87.75514,185.8,2023-04-01,10,",,W",1.7,",,W"
USW00014819,"CHICAGO MIDWAY AIRPORT, IL US",41.78412,-87.75514,185.8,2023-04-02,13.3,",,W",0,",,W"
USW00014819,"CHICAGO MIDWAY AIRPORT, IL US",41.78412,-87.75514,185.8,2023-04-03,16.1,",,W",7.2,",,W"
USW00014819,"CHICAGO MIDWAY AIRPORT, IL US",41.78412,-87.75514,185.8,2023-04-04,22.2,",,W",7.2,",,W"
USW00014819,"CHICAGO MIDWAY AIRPORT, IL US",41.78412,-87.75514,185.8,2023-04-05,22.8,",,W",3.9,",,W"
USW00014819,"CHICAGO MIDWAY AIRPORT, IL US",41.78412,-87.75514,185.8,2023-04-06,12.2,",,W",0.6,",,W"
USW00014819,"CHICAGO MIDWAY AIRPORT, IL US",41.78412,-87.75514,185.8,2023-04-07,9.4,",,W",3.3,",,W"
USW00014819,"CHICAGO MIDWAY AIRPORT, IL US",41.78412,-87.75514,185.8,2023-04-08,17.8,",,W",3.3,",,W"
USW00014819,"CHICAGO MIDWAY AIRPORT, IL US",41.78412,-87.75514,185.8,2023-04-09,20,",,W",6.7,",,W"
USW00014819,"CHICAGO MIDWAY AIRPORT, IL US",41.78412,-87.75514,185.8,2023-04-10,21.7,",,W",8.9,",,W"
USW00014819,"CHICAGO MIDWAY AIRPORT, IL US",41.78412,-87.75514,185.8,2023-04-11,26.7,",,W",11.1,",,W"
USW00014819,"CHICAGO MIDWAY AIRPORT, IL US",41.78412,-87.75514,185.8,2023-04-12,28.3,",,W",15,",,W"
USW00014819,"CHICAGO MIDWAY AIRPORT, IL US",41.78412,-87.75514,185.8,2023-04-13,28.9,",,W",13.3,",,W"
USW00014819,"CHICAGO MIDWAY AIRPORT, IL US",41.78412,-87.75514,185.8,2023-04-14,28.9,",,W",13.3,",,W"
USW00014819,"CHICAGO MIDWAY AIRPORT, IL US",41.78412,-87.75514,185.8,2023-04-15,28.3,",,W",17.8,",,W"
USW00014819,"CHICAGO MIDWAY AIRPORT, IL US",41.78412,-87.75514,185.8,2023-04-16,17.8,",,W",1.7,",,W"
USW00014819,"CHICAGO MIDWAY AIRPORT, IL US",41.78412,-87.75514,185.8,2023-04-17,4.4,",,W",0,",,W"
USW00014819,"CHICAGO MIDWAY AIRPORT, IL US",41.78412,-87.75514,185.8,2023-04-18,15,",,W",0.6,",,W"
USW00014819,"CHICAGO MIDWAY AIRPORT, IL US",41.78412,-87.75514,185.8,2023-04-19,22.2,",,W",6.7,",,W"
USW00014819,"CHICAGO MIDWAY AIRPORT, IL US",41.78412,-87.75514,185.8,2023-04-20,27.2,",,W",9.4,",,W"
USW00014819,"CHICAGO MIDWAY AIRPORT, IL US",41.78412,-87.75514,185.8,2023-04-21,17.2,",,W",7.2,",,W"
USW00014819,"CHICAGO MIDWAY AIRPORT, IL US",41.78412,-87.75514,185.8,2023-04-22,8.3,",,W",3.3,",,W"
USW00014819,"CHICAGO MIDWAY AIRPORT, IL US",41.78412,-87.75514,185.8,2023-04-23,5.6,",,W",2.2,",,W"
USW00014819,"CHICAGO MIDWAY AIRPORT, IL US",41.78412,-87.75514,185.8,2023-04-24,12.2,",,W",1.7,",,W"
USW00014819,"CHICAGO MIDWAY AIRPORT, IL US",41.78412,-87.75514,185.8,2023-04-25,8.9,",,W",1.1,",,W"
USW00014819,"CHICAGO MIDWAY AIRPORT, IL US",41.78412,-87.75514,185.8,2023-04-26,10,",,W",1.1,",,W"
USW00014819,"CHICAGO MIDWAY AIRPORT, IL US",41.78412,-87.75514,185.8,2023-04-27,19.4,",,W",3.3,",,W"
USW00014819,"CHICAGO MIDWAY AIRPORT, IL US",41.78412,-87.75514,185.8,2023-04-28,16.1,",,W",8.3,",,W"
USW00014819,"CHICAGO MIDWAY AIRPORT, IL US",41.78412,-87.75514,185.8,2023-04-29,15,",,W",5.6,",,W"
USW00014819,"CHICAGO MIDWAY AIRPORT, IL US",41.78412,-87.75514,185.8,2023-04-30,10,",,W",4.4,",,W"
USW00014819,"CHICAGO MIDWAY AIRPORT, IL US",41.78412,-87.75514,185.8,2023-05-01,10,",,W",5,",,W"
USW00014819,"CHICAGO MIDWAY AIRPORT, IL US",41.78412,-87.75514,185.8,2023-05-02,12.8,",,W",6.1,",,W"
USW00014819,"CHICAGO MIDWAY AIRPORT, IL US",41.78412,-87.75514,185.8,2023-05-03,13.9,",,W",5,",,W"
USW00014819,"CHICAGO MIDWAY AIRPORT, IL US",41.78412,-87.75514,185.8,2023-05-04,22.8,",,W",5,",,W"
USW00014819,"CHICAGO MIDWAY AIRPORT, IL US",41.78412,-87.75514,185.8,2023-05-05,26.1,",,W",13.3,",,W"
USW00014819,"CHICAGO MIDWAY AIRPORT, IL US",41.78412,-87.75514,185.8,2023-05-06,26.1,",,W",15.6,",,W"
USW00014819,"CHICAGO MIDWAY AIRPORT, IL US",41.78412,-87.75514,185.8,2023-05-07,29.4,",,W",15.6,",,W"
USW00014819,"CHICAGO MIDWAY AIRPORT, IL US",41.78412,-87.75514,185.8,2023-05-08,20,",,W",10.6,",,W"
USW00014819,"CHICAGO MIDWAY AIRPORT, IL US",41.78412,-87.75514,185.8,2023-05-09,21.1,",,W",9.4,",,W"
USW00014819,"CHICAGO MIDWAY AIRPORT, IL US",41.78412,-87.75514,185.8,2023-05-10,26.7,",,W",10.6,",,W"
USW00014819,"CHICAGO MIDWAY AIRPORT, IL US",41.78412,-87.75514,185.8,2023-05-11,28.3,",,W",13.9,",,W"
USW00014819,"CHICAGO MIDWAY AIRPORT, IL US",41.78412,-87.75514,185.8,2023-05-12,24.4,",,W",15.6,",,W"
USW00014819,"CHICAGO MIDWAY AIRPORT, IL US",41.78412,-87.75514,185.8,2023-05-13,20,",,W",13.9,",,W"
USW00014819,"CHICAGO MIDWAY AIRPORT, IL US",41.78412,-87.75514,185.8,2023-05-14,18.3,",,W",12.8,",,W"
USW00014819,"CHICAGO MIDWAY AIRPORT, IL US",41.78412,-87.75514,185.8,2023-05-15,20,",,W",11.7,",,W"
USW00014819,"CHICAGO MIDWAY AIRPORT, IL US",41.78412,-87.75514,185.8,2023-05-16,27.2,",,W",10.6,",,W"
USW00014819,"CHICAGO MIDWAY AIRPORT, IL US",41.78412,-87.75514,185.8,2023-05-17,17.2,",,W",8.3,",,W"
USW00014819,"CHICAGO MIDWAY AIRPORT, IL US",41.78412,-87.75514,185.8,2023-05-18,23.9,",,W",8.3,",,W"
USW00014819,"CHICAGO MIDWAY AIRPORT, IL US",41.78412,-87.75514,185.8,2023-05-19,23.9,",,W",12.2,",,W"
USW00014819,"CHICAGO MIDWAY AIRPORT, IL US",41.78412,-87.75514,185.8,2023-05-20,21.1,",,W",10,",,W"
USW00014819,"CHICAGO MIDWAY AIRPORT, IL US",41.78412,-87.75514,185.8,2023-05-21,26.7,",,W",12.2,",,W"
USW00014819,"CHICAGO MIDWAY AIRPORT, IL US",41.78412,-87.75514,185.8,2023-05-22,27.8,",,W",12.8,",,W"
USW00014819,"CHICAGO MIDWAY AIRPORT, IL US",41.78412,-87.75514,185.8,2023-05-23,29.4,",,W",15,",,W"
USW00014819,"CHICAGO MIDWAY AIRPORT, IL US",41.78412,-87.75514,185.8,2023-05-24,21.1,",,W",12.2,",,W"
USW00014819,"CHICAGO MIDWAY AIRPORT, IL US",41.78412,-87.75514,185.8,2023-05-25,16.7,",,W",10,",,W"
USW00014819,"CHICAGO MIDWAY AIRPORT, IL US",41.78412,-87.75514,185.8,2023-05-26,21.1,",,W",10,",,W"
USW00014819,"CHICAGO MIDWAY AIRPORT, IL US",41.78412,-87.75514,185.8,2023-05-27,23.3,",,W",8.9,",,W"
USW00014819,"CHICAGO MIDWAY AIRPORT, IL US",41.78412,-87.75514,185.8,2023-05-28,26.1,",,W",13.3,",,W"
USW00014819,"CHICAGO MIDWAY AIRPORT, IL US",41.78412,-87.75514,185.8,2023-05-29,28.3,",,W",12.8,",,W"
USW00014819,"CHICAGO MIDWAY AIRPORT, IL US",41.78412,-87.75514,185.8,2023-05-30,31.7,",,W",16.7,",,W"
USW00014819,"CHICAGO MIDWAY AIRPORT, IL US",41.78412,-87.75514,185.8,2023-05-31,32.8,",,W",21.1,",,W"
USW00014819,"CHICAGO MIDWAY AIRPORT, IL US",41.78412,-87.75514,185.8,2023-06-01,32.8,",,W",20.6,",,W"
USW00014819,"CHICAGO MIDWAY AIRPORT, IL US",41.78412,-87.75514,185.8,2023-06-02,32.8,",,W",20.6,",,W"
USW00014819,"CHICAGO MIDWAY AIRPORT, IL US",41.78412,-87.75514,185.8,2023-06-03,31.7,",,W",20,",,W"
USW00014819,"CHICAGO MIDWAY AIRPORT, IL US",41.78412,-87.75514,185.8,2023-06-04,25.6,",,W",16.7,",,W"
USW00014819,"CHICAGO MIDWAY AIRPORT, IL US",41.78412,-87.75514,185.8,2023-06-05,29.4,",,W",14.4,",,W"
USW00014819,"CHICAGO MIDWAY AIRPORT, IL US",41.78412,-87.75514,185.8,2023-06-06,26.7,",,W",16.7,",,W"
USW00014819,"CHICAGO MIDWAY AIRPORT, IL US",41.78412,-87.75514,185.8,2023-06-07,23.9,",,W",15,",,W"
USW00014819,"CHICAGO MIDWAY AIRPORT, IL US",41.78412,-87.75514,185.8,2023-06-08,23.3,",,W",13.3,",,W"
USW00014819,"CHICAGO MIDWAY AIRPORT, IL US",41.78412,-87.75514,185.8,2023-06-09,26.1,",,W",12.2,",,W"
USW00014819,"CHICAGO MIDWAY AIRPORT, IL US",41.78412,-87.75514,185.8,2023-06-10,30.6,",,W",16.1,",,W"
USW00014819,"CHICAGO MIDWAY AIRPORT, IL US",41.78412,-87.75514,185.8,2023-06-11,19.4,",,W",11.7,",,W"
USW00014819,"CHICAGO MIDWAY AIRPORT, IL US",41.78412,-87.75514,185.8,2023-06-12,21.1,",,W",11.1,",,W"
USW00014819,"CHICAGO MIDWAY AIRPORT, IL US",41.78412,-87.75514,185.8,2023-06-13,19.4,",,W",13.3,",,W"
USW00014819,"CHICAGO MIDWAY AIRPORT, IL US",41.78412,-87.75514,185.8,2023-06-14,22.8,",,W",15,",,W"
USW00014819,"CHICAGO MIDWAY AIRPORT, IL US",41.78412,-87.75514,185.8,2023-06-15,28.3,",,W",12.2,",,W"
USW00014819,"CHICAGO MIDWAY AIRPORT, IL US",41.78412,-87.75514,185.8,2023-06-16,20,",,W",12.2,",,W"
USW00014819,"CHICAGO MIDWAY AIRPORT, IL US",41.78412,-87.75514,185.8,2023-06-17,26.1,",,W",11.1,",,W"
USW00014819,"CHICAGO MIDWAY AIRPORT, IL US",41.78412,-87.75514,185.8,2023-06-18,30,",,W",16.7,",,W"
USW00014819,"CHICAGO MIDWAY AIRPORT, IL US",41.78412,-87.75514,185.8,2023-06-19,30,",,W",18.3,",,W"
USW00014819,"CHICAGO MIDWAY AIRPORT, IL US",41.78412,-87.75514,185.8,2023-06-20,28.9,",,W",16.7,",,W"
USW00014819,"CHICAGO MIDWAY AIRPORT, IL US",41.78412,-87.75514,185.8,2023-06-21,31.1,",,W",19.4,",,W"
USW00014819,"CHICAGO MIDWAY AIRPORT, IL US",41.78412,-87.75514,185.8,2023-06-22,29.4,",,W",20.6,",,W"
USW00014819,"CHICAGO MIDWAY AIRPORT, IL US",41.78412,-87.75514,185.8,2023-06-23,29.4,",,W",20.6,",,W"
USW00014819,"CHICAGO MIDWAY AIRPORT, IL US",41.78412,-87.75514,185.8,2023-06-24,33.3,",,W",18.9,",,W"
USW00014819,"CHICAGO MIDWAY AIRPORT, IL US",41.78412,-87.75514,185.8,2023-06-25,30.6,",,W",19.4,",,W"
USW00014819,"CHICAGO MIDWAY AIRPORT, IL US",41.78412,-87.75514,185.8,2023-06-26,24.4,",,W",20.6,",,W"
USW00014819,"CHICAGO MIDWAY AIRPORT, IL US",41.78412,-87.75514,185.8,2023-06-27,24.4,",,W",17.8,",,W"
USW00014819,"CHICAGO MIDWAY AIRPORT, IL US",41.78412,-87.75514,185.8,2023-06-28,28.9,",,W",15,",,W"
USW00014819,"CHICAGO MIDWAY AIRPORT, IL US",41.78412,-87.75514,185.8,2023-06-29,30.6,",,W",22.8,",,W"
USW00014819,"CHICAGO MIDWAY AIRPORT, IL US",41.78412,-87.75514,185.8,2023-06-30,32.2,",,W",21.1,",,W"
USW00014819,"CHICAGO MIDWAY AIRPORT, IL US",41.78412,-87.75514,185.8,2023-07-01,30,",,W",22.8,",,W"
USW00014819,"CHICAGO MIDWAY AIRPORT, IL US",41.78412,-87.75514,185.8,2023-07-02,23.9,",,W",18.9,",,W"
USW00014819,"CHICAGO MIDWAY AIRPORT, IL US",41.78412,-87.75514,185.8,2023-07-03,30,",,W",17.2,",,W"
USW00014819,"CHICAGO MIDWAY AIRPORT, IL US",41.78412,-87.75514,185.8,2023-07-04,33.3,",,W",20.6,",,W"
USW00014819,"CHICAGO MIDWAY AIRPORT, IL US",41.78412,-87.75514,185.8,2023-07-05,33.3,",,W",21.7,",,W"
USW00014819,"CHICAGO MIDWAY AIRPORT, IL US",41.78412,-87.75514,185.8,2023-07-06,26.7,",,W",20,",,W"
USW00014819,"CHICAGO MIDWAY AIRPORT, IL US",41.78412,-87.75514,185.8,2023-07-07,27.2,",,W",18.3,",,W"
USW00014819,"CHICAGO MIDWAY AIRPORT, IL US",41.78412,-87.75514,185.8,2023-07-08,23.9,",,W",17.2,",,W"
USW00014819,"CHICAGO MIDWAY AIRPORT, IL US",41.78412,-87.75514,185.8,2023-07-09,29.4,",,W",15.6,",,W"
USW00014819,"CHICAGO MIDWAY AIRPORT, IL US",41.78412,-87.75514,185.8,2023-07-10,29.4,",,W",18.3,",,W"
USW00014819,"CHICAGO MIDWAY AIRPORT, IL US",41.78412,-87.75514,185.8,2023-07-11,31.1,",,W",20.6,",,W"
USW00014819,"CHICAGO MIDWAY AIRPORT, IL US",41.78412,-87.75514,185.8,2023-07-12,26.7,",,W",17.2,",,W"
USW00014819,"CHICAGO MIDWAY AIRPORT, IL US",41.78412,-87.75514,185.8,2023-07-13,25.6,",,W",17.8,",,W"
USW00014819,"CHICAGO MIDWAY AIRPORT, IL US",41.78412,-87.75514,185.8,2023-07-14,32.2,",,W",20.6,",,W"
USW00014819,"CHICAGO MIDWAY AIRPORT, IL US",41.78412,-87.75514,185.8,2023-07-15,28.9,",,W",21.1,",,W"
USW00014819,"CHICAGO MIDWAY AIRPORT, IL US",41.78412,-87.75514,185.8,2023-07-16,27.8,",,W",19.4,",,W"
USW00014819,"CHICAGO MIDWAY AIRPORT, IL US",41.78412,-87.75514,185.8,2023-07-17,26.7,",,W",18.9,",,W"
USW00014819,"CHICAGO MIDWAY AIRPORT, IL US",41.78412,-87.75514,185.8,2023-07-18,25.6,",,W",16.7,",,W"
USW00014819,"CHICAGO MIDWAY AIRPORT, IL US",41.78412,-87.75514,185.8,2023-07-19,29.4,",,W",16.7,",,W"
USW00014819,"CHICAGO MIDWAY AIRPORT, IL US",41.78412,-87.75514,185.8,2023-07-20,31.1,",,W",21.7,",,W"
USW00014819,"CHICAGO MIDWAY AIRPORT, IL US",41.78412,-87.75514,185.8,2023-07-21,27.2,",,W",20,",,W"
USW00014819,"CHICAGO MIDWAY AIRPORT, IL US",41.78412,-87.75514,185.8,2023-07-22,30,",,W",17.8,",,W"
USW00014819,"CHICAGO MIDWAY AIRPORT, IL US",41.78412,-87.75514,185.8,2023-07-23,29.4,",,W",18.3,",,W"
USW00014819,"CHICAGO MIDWAY AIRPORT, IL US",41.78412,-87.75514,185.8,2023-07-24,30.6,",,W",20.6,",,W"
USW00014819,"CHICAGO MIDWAY AIRPORT, IL US",41.78412,-87.75514,185.8,2023-07-25,32.2,",,W",20.6,",,W"
USW00014819,"CHICAGO MIDWAY AIRPORT, IL US",41.78412,-87.75514,185.8,2023-07-26,32.8,",,W",24.4,",,W"
USW00014819,"CHICAGO MIDWAY AIRPORT, IL US",41.78412,-87.75514,185.8,2023-07-27,32.8,",,W",23.9,",,W"
USW00014819,"CHICAGO MIDWAY AIRPORT, IL US",41.78412,-87.75514,185.8,2023-07-28,33.9,",,W",21.7,",,W"
USW00014819,"CHICAGO MIDWAY AIRPORT, IL US",41.78412,-87.75514,185.8,2023-07-29,28.3,",,W",21.1,",,W"
USW00014819,"CHICAGO MIDWAY AIRPORT, IL US",41.78412,-87.75514,185.8,2023-07-30,26.7,",,W",19.4,",,W"
USW00014819,"CHICAGO MIDWAY AIRPORT, IL US",41.78412,-87.75514,185.8,2023-07-31,27.8,",,W",17.8,",,W"
USW00014819,"CHICAGO MIDWAY AIRPORT, IL US",41.78412,-87.75514,185.8,2023-08-01,29.4,",,W",20.6,",,W"
USW00014819,"CHICAGO MIDWAY AIRPORT, IL US",41.78412,-87.75514,185.8,2023-08-02,29.4,",,W",20.6,",,W"
USW00014819,"CHICAGO MIDWAY AIRPORT, IL US",41.78412,-87.75514,185.8,2023-08-03,32.2,",,W",18.9,",,W"
USW00014819,"CHICAGO MIDWAY AIRPORT, IL US",41.78412,-87.75514,185.8,2023-08-04,29.4,",,W",22.2,",,W"
USW00014819,"CHICAGO MIDWAY AIRPORT, IL US",41.78412,-87.75514,185.8,2023-08-05,24.4,",,W",19.4,",,W"
USW00014819,"CHICAGO MIDWAY AIRPORT, IL US",41.78412,-87.75514,185.8,2023-08-06,22.2,",,W",18.9,",,W"
USW00014819,"CHICAGO MIDWAY AIRPORT, IL US",41.78412,-87.75514,185.8,2023-08-07,26.7,",,W",19.4,",,W"
USW00014819,"CHICAGO MIDWAY AIRPORT, IL US",41.78412,-87.75514,185.8,2023-08-08,29.4,",,W",17.8,",,W"
USW00014819,"CHICAGO MIDWAY AIRPORT, IL US",41.78412,-87.75514,185.8,2023-08-09,26.1,",,W",18.9,",,W"
USW00014819,"CHICAGO MIDWAY AIRPORT, IL US",41.78412,-87.75514,185.8,2023-08-10,29.4,",,W",18.3,",,W"
USW00014819,"CHICAGO MIDWAY AIRPORT, IL US",41.78412,-87.75514,185.8,2023-08-11,29.4,",,W",21.7,",,W"
USW00014819,"CHICAGO MIDWAY AIRPORT, IL US",41.78412,-87.75514,185.8,2023-08-12,30.6,",,W",22.2,",,W"
USW00014819,"CHICAGO MIDWAY AIRPORT, IL US",41.78412,-87.75514,185.8,2023-08-13,27.2,",,W",19.4,",,W"
USW00014819,"CHICAGO MIDWAY AIRPORT, IL US",41.78412,-87.75514,185.8,2023-08-14,24.4,",,W",17.8,",,W"
USW00014819,"CHICAGO MIDWAY AIRPORT, IL US",41.78412,-87.75514,185.8,2023-08-15,25.6,",,W",17.2,",,W"
USW00014819,"CHICAGO MIDWAY AIRPORT, IL US",41.78412,-87.75514,185.8,2023-08-16,27.2,",,W",14.4,",,W"
USW00014819,"CHICAGO MIDWAY AIRPORT, IL US",41.78412,-87.75514,185.8,2023-08-17,27.2,",,W",16.7,",,W"
USW00014819,"CHICAGO MIDWAY AIRPORT, IL US",41.78412,-87.75514,185.8,2023-08-18,26.1,",,W",14.4,",,W"
USW00014819,"CHICAGO MIDWAY AIRPORT, IL US",41.78412,-87.75514,185.8,2023-08-19,28.3,",,W",17.2,",,W"
USW00014819,"CHICAGO MIDWAY AIRPORT, IL US",41.78412,-87.75514,185.8,2023-08-20,32.8,",,W",22.2,",,W"
USW00014819,"CHICAGO MIDWAY AIRPORT, IL US",41.78412,-87.75514,185.8,2023-08-21,28.3,",,W",21.7,",,W"
USW00014819,"CHICAGO MIDWAY AIRPORT, IL US",41.78412,-87.75514,185.8,2023-08-22,31.1,",,W",21.1,",,W"
USW00014819,"CHICAGO MIDWAY AIRPORT, IL US",41.78412,-87.75514,185.8,2023-08-23,36.7,",,W",23.9,",,W"
USW00014819,"CHICAGO MIDWAY AIRPORT, IL US",41.78412,-87.75514,185.8,2023-08-24,37.8,",,W",23.3,",,W"
USW00014819,"CHICAGO MIDWAY AIRPORT, IL US",41.78412,-87.75514,185.8,2023-08-25,27.8,",,W",21.7,",,W"
USW00014819,"CHICAGO MIDWAY AIRPORT, IL US",41.78412,-87.75514,185.8,2023-08-26,24.4,",,W",18.3,",,W"
USW00014819,"CHICAGO MIDWAY AIRPORT, IL US",41.78412,-87.75514,185.8,2023-08-27,23.9,",,W",18.9,",,W"
USW00014819,"CHICAGO MIDWAY AIRPORT, IL US",41.78412,-87.75514,185.8,2023-08-28,25.6,",,W",15.6,",,W"
USW00014819,"CHICAGO MIDWAY AIRPORT, IL US",41.78412,-87.75514,185.8,2023-08-29,30,",,W",17.2,",,W"
USW00014819,"CHICAGO MIDWAY AIRPORT, IL US",41.78412,-87.75514,185.8,2023-08-30,21.7,",,W",13.9,",,W"
USW00014819,"CHICAGO MIDWAY AIRPORT, IL US",41.78412,-87.75514,185.8,2023-08-31,24.4,",,W",12.2,",,W"
USW00014819,"CHICAGO MIDWAY AIRPORT, IL US",41.78412,-87.75514,185.8,2023-09-01,28.3,",,W",15.6,",,W"
USW00014819,"CHICAGO MIDWAY AIRPORT, IL US",41.78412,-87.75514,185.8,2023-09-02,31.1,",,W",17.8,",,W"
USW00014819,"CHICAGO MIDWAY AIRPORT, IL US",41.78412,-87.75514,185.8,2023-09-03,33.9,",,W",20,",,W"
USW00014819,"CHICAGO MIDWAY AIRPORT, IL US",41.78412,-87.75514,185.8,2023-09-04,33.9,",,W",21.7,",,W"
USW00014819,"CHICAGO MIDWAY AIRPORT, IL US",41.78412,-87.75514,185.8,2023-09-05,33.3,",,W",24.4,",,W"
USW00014819,"CHICAGO MIDWAY AIRPORT, IL US",41.78412,-87.75514,185.8,2023-09-06,27.2,",,W",19.4,",,W"
USW00014819,"CHICAGO MIDWAY AIRPORT, IL US",41.78412,-87.75514,185.8,2023-09-07,21.7,",,W",17.8,",,W"
USW00014819,"CHICAGO MIDWAY AIRPORT, IL US",41.78412,-87.75514,185.8,2023-09-08,20.6,",,W",15.6,",,W"
USW00014819,"CHICAGO MIDWAY AIRPORT, IL US",41.78412,-87.75514,185.8,2023-09-09,23.9,",,W",13.3,",,W"
USW00014819,"CHICAGO MIDWAY AIRPORT, IL US",41.78412,-87.75514,185.8,2023-09-10,26.7,",,W",12.8,",,W"
USW00014819,"CHICAGO MIDWAY AIRPORT, IL US",41.78412,-87.75514,185.8,2023-09-11,21.7,",,W",15.6,",,W"
USW00014819,"CHICAGO MIDWAY AIRPORT, IL US",41.78412,-87.75514,185.8,2023-09-12,21.7,",,W",13.3,",,W"
USW00014819,"CHICAGO MIDWAY AIRPORT, IL US",41.78412,-87.75514,185.8,2023-09-13,21.7,",,W",12.2,",,W"
USW00014819,"CHICAGO MIDWAY AIRPORT, IL US",41.78412,-87.75514,185.8,2023-09-14,21.7,",,W",10.6,",,W"
USW00014819,"CHICAGO MIDWAY AIRPORT, IL US",41.78412,-87.75514,185.8,2023-09-15,25,",,W",12.2,",,W"
USW00014819,"CHICAGO MIDWAY AIRPORT, IL US",41.78412,-87.75514,185.8,2023-09-16,22.2,",,W",15.6,",,W"
USW00014819,"CHICAGO MIDWAY AIRPORT, IL US",41.78412,-87.75514,185.8,2023-09-17,20.6,",,W",12.8,",,W"
USW00014819,"CHICAGO MIDWAY AIRPORT, IL US",41.78412,-87.75514,185.8,2023-09-18,21.7,",,W",11.7,",,W"
USW00014819,"CHICAGO MIDWAY AIRPORT, IL US",41.78412,-87.75514,185.8,2023-09-19,19.4,",,W",14.4,",,W"
USW00014819,"CHICAGO MIDWAY AIRPORT, IL US",41.78412,-87.75514,185.8,2023-09-20,26.7,",,W",16.1,",,W"
USW00014819,"CHICAGO MIDWAY AIRPORT, IL US",41.78412,-87.75514,185.8,2023-09-21,24.4,",,W",18.9,",,W"
USW00014819,"CHICAGO MIDWAY AIRPORT, IL US",41.78412,-87.75514,185.8,2023-09-22,25.6,",,W",18.3,",,W"
USW00014819,"CHICAGO MIDWAY AIRPORT, IL US",41.78412,-87.75514,185.8,2023-09-23,25.6,",,W",17.8,",,W"
USW00014819,"CHICAGO MIDWAY AIRPORT, IL US",41.78412,-87.75514,185.8,2023-09-24,25,",,W",15,",,W"
USW00014819,"CHICAGO MIDWAY AIRPORT, IL US",41.78412,-87.75514,185.8,2023-09-25,24.4,",,W",17.2,",,W"
USW00014819,"CHICAGO MIDWAY AIRPORT, IL US",41.78412,-87.75514,185.8,2023-09-26,23.3,",,W",17.8,",,W"
USW00014819,"CHICAGO MIDWAY AIRPORT, IL US",41.78412,-87.75514,185.8,2023-09-27,21.1,",,W",17.2,",,W"
USW00014819,"CHICAGO MIDWAY AIRPORT, IL US",41.78412,-87.75514,185.8,2023-09-28,21.1,",,W",16.1,",,W"
USW00014819,"CHICAGO MIDWAY AIRPORT, IL US",41.78412,-87.75514,185.8,2023-09-29,24.4,",,W",13.9,",,W"
USW00014819,"CHICAGO MIDWAY AIRPORT, IL US",41.78412,-87.75514,185.8,2023-09-30,28.3,",,W",15,",,W"
USW00014819,"CHICAGO MIDWAY AIRPORT, IL US",41.78412,-87.75514,185.8,2023-10-01,29.4,",,W",17.2,",,W"
USW00014819,"CHICAGO MIDWAY AIRPORT, IL US",41.78412,-87.75514,185.8,2023-10-02,29.4,",,W",17.2,",,W"
USW00014819,"CHICAGO MIDWAY AIRPORT, IL US",41.78412,-87.75514,185.8,2023-10-03,30.6,",,W",18.3,",,W"
USW00014819,"CHICAGO MIDWAY AIRPORT, IL US",41.78412,-87.75514,185.8,2023-10-04,29.4,",,W",20.6,",,W"
USW00014819,"CHICAGO MIDWAY AIRPORT, IL US",41.78412,-87.75514,185.8,2023-10-05,21.7,",,W",15.6,",,W"
USW00014819,"CHICAGO MIDWAY AIRPORT, IL US",41.78412,-87.75514,185.8,2023-10-06,16.1,",,W",7.2,",,W"
USW00014819,"CHICAGO MIDWAY AIRPORT, IL US",41.78412,-87.75514,185.8,2023-10-07,15,",,W",7.2,",,W"
USW00014819,"CHICAGO MIDWAY AIRPORT, IL US",41.78412,-87.75514,185.8,2023-10-08,13.3,",,W",7.2,",,W"
USW00014819,"CHICAGO MIDWAY AIRPORT, IL US",41.78412,-87.75514,185.8,2023-10-09,15,",,W",6.1,",,W"
USW00014819,"CHICAGO MIDWAY AIRPORT, IL US",41.78412,-87.75514,185.8,2023-10-10,17.2,",,W",4.4,",,W"
USW00014819,"CHICAGO MIDWAY AIRPORT, IL US",41.78412,-87.75514,185.8,2023-10-11,19.4,",,W",5,",,W"
USW00014819,"CHICAGO MIDWAY AIRPORT, IL US",41.78412,-87.75514,185.8,2023-10-12,17.2,",,W",11.7,",,W"
USW00014819,"CHICAGO MIDWAY AIRPORT, IL US",41.78412,-87.75514,185.8,2023-10-13,15,",,W",12.2,",,W"
USW00014819,"CHICAGO MIDWAY AIRPORT, IL US",41.78412,-87.75514,185.8,2023-10-14,13.3,",,W",10,",,W"
USW00014819,"CHICAGO MIDWAY AIRPORT, IL US",41.78412,-87.75514,185.8,2023-10-15,15,",,W",7.8,",,W"
USW00014819,"CHICAGO MIDWAY AIRPORT, IL US",41.78412,-87.75514,185.8,2023-10-16,12.2,",,W",6.1,",,W"
USW00014819,"CHICAGO MIDWAY AIRPORT, IL US",41.78412,-87.75514,185.8,2023-10-17,17.2,",,W",4.4,",,W"
USW00014819,"CHICAGO MIDWAY AIRPORT, IL US",41.78412,-87.75514,185.8,2023-10-18,19.4,",,W",7.8,",,W"
USW00014819,"CHICAGO MIDWAY AIRPORT, IL US",41.78412,-87.75514,185.8,2023-10-19,14.4,",,W",12.2,",,W"
USW00014819,"CHICAGO MIDWAY AIRPORT, IL US",41.78412,-87.75514,185.8,2023-10-20,15.6,",,W",8.3,",,W"
USW00014819,"CHICAGO MIDWAY AIRPORT, IL US",41.78412,-87.75514,185.8,2023-10-21,18.3,",,W",7.2,",,W"
USW00014819,"CHICAGO MIDWAY AIRPORT, IL US",41.78412,-87.75514,185.8,2023-10-22,15,",,W",5.6,",,W"
USW00014819,"CHICAGO MIDWAY AIRPORT, IL US",41.78412,-87.75514,185.8,2023-10-23,19.4,",,W",7.2,",,W"
USW00014819,"CHICAGO MIDWAY AIRPORT, IL US",41.78412,-87.75514,185.8,2023-10-24,27.8,",,W",14.4,",,W"
USW00014819,"CHICAGO MIDWAY AIRPORT, IL US",41.78412,-87.75514,185.8,2023-10-25,19.4,",,W",15.6,",,W"
USW00014819,"CHICAGO MIDWAY AIRPORT, IL US",41.78412,-87.75514,185.8,2023-10-26,22.2,",,W",17.8,",,W"
USW00014819,"CHICAGO MIDWAY AIRPORT, IL US",41.78412,-87.75514,185.8,2023-10-27,21.7,",,W",7.8,",,W"
USW00014819,"CHICAGO MIDWAY AIRPORT, IL US",41.78412,-87.75514,185.8,2023-10-28,10,",,W",4.4,",,W"
USW00014819,"CHICAGO MIDWAY AIRPORT, IL US",41.78412,-87.75514,185.8,2023-10-29,9.4,",,W",3.9,",,W"
USW00014819,"CHICAGO MIDWAY AIRPORT, IL US",41.78412,-87.75514,185.8,2023-10-30,6.7,",,W",-0.5,",,W"
USW00014819,"CHICAGO MIDWAY AIRPORT, IL US",41.78412,-87.75514,185.8,2023-10-31,2.8,",,W",-1.6,",,W"
USW00014819,"CHICAGO MIDWAY AIRPORT, IL US",41.78412,-87.75514,185.8,2023-11-01,5,",,W",-2.7,",,W"
USW00014819,"CHICAGO MIDWAY AIRPORT, IL US",41.78412,-87.75514,185.8,2023-11-02,12.8,",,W",1.1,",,W"
USW00014819,"CHICAGO MIDWAY AIRPORT, IL US",41.78412,-87.75514,185.8,2023-11-03,14.4,",,W",6.7,",,W"
USW00014819,"CHICAGO MIDWAY AIRPORT, IL US",41.78412,-87.75514,185.8,2023-11-04,15,",,W",5.6,",,W"
USW00014819,"CHICAGO MIDWAY AIRPORT, IL US",41.78412,-87.75514,185.8,2023-11-05,16.1,",,W",2.2,",,W"
USW00014819,"CHICAGO MIDWAY AIRPORT, IL US",41.78412,-87.75514,185.8,2023-11-06,21.7,",,W",12.2,",,W"
USW00014819,"CHICAGO MIDWAY AIRPORT, IL US",41.78412,-87.75514,185.8,2023-11-07,13.9,",,W",7.8,",,W"
USW00014819,"CHICAGO MIDWAY AIRPORT, IL US",41.78412,-87.75514,185.8,2023-11-08,16.1,",,W",8.9,",,W"
USW00014819,"CHICAGO MIDWAY AIRPORT, IL US",41.78412,-87.75514,185.8,2023-11-09,13.9,",,W",5.6,",,W"
USW00014819,"CHICAGO MIDWAY AIRPORT, IL US",41.78412,-87.75514,185.8,2023-11-10,8.9,",,W",1.7,",,W"
USW00014819,"CHICAGO MIDWAY AIRPORT, IL US",41.78412,-87.75514,185.8,2023-11-11,11.1,",,W",-0.5,",,W"
USW00014819,"CHICAGO MIDWAY AIRPORT, IL US",41.78412,-87.75514,185.8,2023-11-12,14.4,",,W",5.6,",,W"
USW00014819,"CHICAGO MIDWAY AIRPORT, IL US",41.78412,-87.75514,185.8,2023-11-13,17.8,",,W",3.9,",,W"
USW00014819,"CHICAGO MIDWAY AIRPORT, IL US",41.78412,-87.75514,185.8,2023-11-14,17.2,",,W",2.2,",,W"
USW00014819,"CHICAGO MIDWAY AIRPORT, IL US",41.78412,-87.75514,185.8,2023-11-15,19.4,",,W",6.1,",,W"
USW00014819,"CHICAGO MIDWAY AIRPORT, IL US",41.78412,-87.75514,185.8,2023-11-16,19.4,",,W",8.3,",,W"
USW00014819,"CHICAGO MIDWAY AIRPORT, IL US",41.78412,-87.75514,185.8,2023-11-17,17.2,",,W",2.2,",,W"
USW00014819,"CHICAGO MIDWAY AIRPORT, IL US",41.78412,-87.75514,185.8,2023-11-18,11.7,",,W",0,",,W"
USW00014819,"CHICAGO MIDWAY AIRPORT, IL US",41.78412,-87.75514,185.8,2023-11-19,12.2,",,W",2.2,",,W"
USW00014819,"CHICAGO MIDWAY AIRPORT, IL US",41.78412,-87.75514,185.8,2023-11-20,10,",,W",6.1,",,W"
USW00014819,"CHICAGO MIDWAY AIRPORT, IL US",41.78412,-87.75514,185.8,2023-11-21,7.8,",,W",2.8,",,W"
USW00014819,"CHICAGO MIDWAY AIRPORT, IL US",41.78412,-87.75514,185.8,2023-11-22,8.3,",,W",0.6,",,W"
USW00014819,"CHICAGO MIDWAY AIRPORT, IL US",41.78412,-87.75514,185.8,2023-11-23,8.9,",,W",1.1,",,W"
USW00014819,"CHICAGO MIDWAY AIRPORT, IL US",41.78412,-87.75514,185.8,2023-11-24,2.8,",,W",-1.6,",,W"
USW00014819,"CHICAGO MIDWAY AIRPORT, IL US",41.78412,-87.75514,185.8,2023-11-25,3.9,",,W",-1.6,",,W"
USW00014819,"CHICAGO MIDWAY AIRPORT, IL US",41.78412,-87.75514,185.8,2023-11-26,1.7,",,W",-1.6,",,W"
USW00014819,"CHICAGO MIDWAY AIRPORT, IL US",41.78412,-87.75514,185.8,2023-11-27,-1,",,W",-7.1,",,W"
USW00014819,"CHICAGO MIDWAY AIRPORT, IL US",41.78412,-87.75514,185.8,2023-11-28,-3.2,",,W",-8.8,",,W"
USW00014819,"CHICAGO MIDWAY AIRPORT, IL US",41.78412,-87.75514,185.8,2023-11-29,5.6,",,W",-6,",,W"
USW00014819,"CHICAGO MIDWAY AIRPORT, IL US",41.78412,-87.75514,185.8,2023-11-30,12.8,",,W",0,",,W"
USW00014819,"CHICAGO MIDWAY AIRPORT, IL US",41.78412,-87.75514,185.8,2023-12-01,7.8,",,W",6.1,",,W"
USW00014819,"CHICAGO MIDWAY AIRPORT, IL US",41.78412,-87.75514,185.8,2023-12-02,7.8,",,W",5,",,W"
USW00014819,"CHICAGO MIDWAY AIRPORT, IL US",41.78412,-87.75514,185.8,2023-12-03,5.6,",,W",3.3,",,W"
USW00014819,"CHICAGO MIDWAY AIRPORT, IL US",41.78412,-87.75514,185.8,2023-12-04,5.6,",,W",1.1,",,W"
USW00014819,"CHICAGO MIDWAY AIRPORT, IL US",41.78412,-87.75514,185.8,2023-12-05,5.6,",,W",0.6,",,W"
USW00014819,"CHICAGO MIDWAY AIRPORT, IL US",41.78412,-87.75514,185.8,2023-12-06,5,",,W",0,",,W"
USW00014819,"CHICAGO MIDWAY AIRPORT, IL US",41.78412,-87.75514,185.8,2023-12-07,11.7,",,W",2.8,",,W"
USW00014819,"CHICAGO MIDWAY AIRPORT, IL US",41.78412,-87.75514,185.8,2023-12-08,13.3,",,W",7.2,",,W"
USW00014819,"CHICAGO MIDWAY AIRPORT, IL US",41.78412,-87.75514,185.8,2023-12-09,13.9,",,W",2.2,",,W"
USW00014819,"CHICAGO MIDWAY AIRPORT, IL US",41.78412,-87.75514,185.8,2023-12-10,2.2,",,W",0,",,W"
USW00014819,"CHICAGO MIDWAY AIRPORT, IL US",41.78412,-87.75514,185.8,2023-12-11,2.8,",,W",-1.6,",,W"
USW00014819,"CHICAGO MIDWAY AIRPORT, IL US",41.78412,-87.75514,185.8,2023-12-12,4.4,",,W",-2.1,",,W"
USW00014819,"CHICAGO MIDWAY AIRPORT, IL US",41.78412,-87.75514,185.8,2023-12-13,5.6,",,W",-4.9,",,W"
USW00014819,"CHICAGO MIDWAY AIRPORT, IL US",41.78412,-87.75514,185.8,2023-12-14,11.1,",,W",-0.5,",,W"
USW00014819,"CHICAGO MIDWAY AIRPORT, IL US",41.78412,-87.75514,185.8,2023-12-15,12.2,",,W",2.2,",,W"
USW00014819,"CHICAGO MIDWAY AIRPORT, IL US",41.78412,-87.75514,185.8,2023-12-16,9.4,",,W",5.6,",,W"
USW00014819,"CHICAGO MIDWAY AIRPORT, IL US",41.78412,-87.75514,185.8,2023-12-17,7.2,",,W",2.8,",,W"
USW00014819,"CHICAGO MIDWAY AIRPORT, IL US",41.78412,-87.75514,185.8,2023-12-18,2.8,",,W",-5.5,",,W"
USW00014819,"CHICAGO MIDWAY AIRPORT, IL US",41.78412,-87.75514,185.8,2023-12-19,1.1,",,W",-7.7,",,W"
USW00014819,"CHICAGO MIDWAY AIRPORT, IL US",41.78412,-87.75514,185.8,2023-12-20,6.1,",,W",-0.5,",,W"
USW00014819,"CHICAGO MIDWAY AIRPORT, IL US",41.78412,-87.75514,185.8,2023-12-21,10,",,W",1.7,",,W"
USW00014819,"CHICAGO MIDWAY AIRPORT, IL US",41.78412,-87.75514,185.8,2023-12-22,8.3,",,W",6.7,",,W"
USW00014819,"CHICAGO MIDWAY AIRPORT, IL US",41.78412,-87.75514,185.8,2023-12-23,10.6,",,W",7.2,",,W"
USW00014819,"CHICAGO MIDWAY AIRPORT, IL US",41.78412,-87.75514,185.8,2023-12-24,13.3,",,W",10,",,W"
USW00014819,"CHICAGO MIDWAY AIRPORT, IL US",41.78412,-87.75514,185.8,2023-12-25,15.6,",,W",10.6,",,W"
USW00014819,"CHICAGO MIDWAY AIRPORT, IL US",41.78412,-87.75514,185.8,2023-12-26,10.6,",,W",0.6,",,W"
USW00014819,"CHICAGO MIDWAY AIRPORT, IL US",41.78412,-87.75514,185.8,2023-12-27,6.7,",,W",-0.5,",,W"
USW00014819,"CHICAGO MIDWAY AIRPORT, IL US",41.78412,-87.75514,185.8,2023-12-28,6.7,",,W",3.3,",,W"
USW00014819,"CHICAGO MIDWAY AIRPORT, IL US",41.78412,-87.75514,185.8,2023-12-29,6.7,",,W",0,",,W"
USW00014819,"CHICAGO MIDWAY AIRPORT, IL US",41.78412,-87.75514,185.8,2023-12-30,3.9,",,W",-1.6,",,W"
USW00014819,"CHICAGO MIDWAY AIRPORT, IL US",41.78412,-87.75514,185.8,2023-12-31,3.3,",,W",0,",,W"
USC00111550,"CHICAGO NORTHERLY ISLAND, IL US",41.8558,-87.6094,177.7,2024-01-01,1.7,",,7",-2.2,",,7"
USC00111550,"CHICAGO NORTHERLY ISLAND, IL US",41.8558,-87.6094,177.7,2024-01-02,3.9,",,7",-2.8,",,7"
USC00111550,"CHICAGO NORTHERLY ISLAND, IL US",41.8558,-87.6094,177.7,2024-01-03,2.2,",,7",-0.6,",,7"
USC00111550,"CHICAGO NORTHERLY ISLAND, IL US",41.8558,-87.6094,177.7,2024-01-04,2.2,",,7",-1.1,",,7"
USC00111550,"CHICAGO NORTHERLY ISLAND, IL US",41.8558,-87.6094,177.7,2024-01-05,2.8,",,7",-1.7,",,7"
USC00111550,"CHICAGO NORTHERLY ISLAND, IL US",41.8558,-87.6094,177.7,2024-01-06,1.7,",,7",-0.6,",,7"
USC00111550,"CHICAGO NORTHERLY ISLAND, IL US",41.8558,-87.6094,177.7,2024-01-07,1.1,",,7",0,",,7"
USC00111550,"CHICAGO NORTHERLY ISLAND, IL US",41.8558,-87.6094,177.7,2024-01-08,2.2,",,7",-0.6,",,7"
USC00111550,"CHICAGO NORTHERLY ISLAND, IL US",41.8558,-87.6094,177.7,2024-01-09,2.8,",,7",0.6,",,7"
USC00111550,"CHICAGO NORTHERLY ISLAND, IL US",41.8558,-87.6094,177.7,2024-01-10,1.7,",,7",-1.1,",,7"
USC00111550,"CHICAGO NORTHERLY ISLAND, IL US",41.8558,-87.6094,177.7,2024-01-11,1.7,",,7",-1.7,",,7"
USC00111550,"CHICAGO NORTHERLY ISLAND, IL US",41.8558,-87.6094,177.7,2024-01-12,3.3,",,7",-0.6,",,7"
USC00111550,"CHICAGO NORTHERLY ISLAND, IL US",41.8558,-87.6094,177.7,2024-01-13,0.6,",,7",-16.7,",,7"
USC00111550,"CHICAGO NORTHERLY ISLAND, IL US",41.8558,-87.6094,177.7,2024-01-14,-16.1,",,7",-22.8,",,7"
USC00111550,"CHICAGO NORTHERLY ISLAND, IL US",41.8558,-87.6094,177.7,2024-01-15,-15,",,7",-22.8,",,7"
USC00111550,"CHICAGO NORTHERLY ISLAND, IL US",41.8558,-87.6094,177.7,2024-01-16,-15.6,",,7",-20.6,",,7"
USC00111550,"CHICAGO NORTHERLY ISLAND, IL US",41.8558,-87.6094,177.7,2024-01-17,-5.6,",,7",-15.6,",,7"
USC00111550,"CHICAGO NORTHERLY ISLAND, IL US",41.8558,-87.6094,177.7,2024-01-18,-3.9,",,7",-10.6,",,7"
USC00111550,"CHICAGO NORTHERLY ISLAND, IL US",41.8558,-87.6094,177.7,2024-01-19,-8.9,",,7",-13.3,",,7"
USC00111550,"CHICAGO NORTHERLY ISLAND, IL US",41.8558,-87.6094,177.7,2024-01-20,-6.1,",,7",-13.9,",,7"
USC00111550,"CHICAGO NORTHERLY ISLAND, IL US",41.8558,-87.6094,177.7,2024-01-21,-5.6,",,7",-14.4,",,7"
USC00111550,"CHICAGO NORTHERLY ISLAND, IL US",41.8558,-87.6094,177.7,2024-01-22,0.6,",,7",-5.6,",,7"
USC00111550,"CHICAGO NORTHERLY ISLAND, IL US",41.8558,-87.6094,177.7,2024-01-23,2.8,",,7",0,",,7"
USC00111550,"CHICAGO NORTHERLY ISLAND, IL US",41.8558,-87.6094,177.7,2024-01-24,3.3,",,7",0,",,7"
USC00111550,"CHICAGO NORTHERLY ISLAND, IL US",41.8558,-87.6094,177.7,2024-01-25,3.9,",,7",1.7,",,7"
USC00111550,"CHICAGO NORTHERLY ISLAND, IL US",41.8558,-87.6094,177.7,2024-01-26,4.4,",,7",1.7,",,7"
USC00111550,"CHICAGO NORTHERLY ISLAND, IL US",41.8558,-87.6094,177.7,2024-01-27,3.9,",,7",1.1,",,7"
USC00111550,"CHICAGO NORTHERLY ISLAND, IL US",41.8558,-87.6094,177.7,2024-01-28,3.3,",,7",1.1,",,7"
USC00111550,"CHICAGO NORTHERLY ISLAND, IL US",41.8558,-87.6094,177.7,2024-01-29,4.4,",,7",-1.1,",,7"
USC00111550,"CHICAGO NORTHERLY ISLAND, IL US",41.8558,-87.6094,177.7,2024-01-30,3.9,",,7",2.2,",,7"
USC00111550,"CHICAGO NORTHERLY ISLAND, IL US",41.8558,-87.6094,177.7,2024-01-31,3.9,",,7",2.8,",,7"
USC00111550,"CHICAGO NORTHERLY ISLAND, IL US",41.8558,-87.6094,177.7,2024-02-01,10.6,",,7",2.2,",,7"
USC00111550,"CHICAGO NORTHERLY ISLAND, IL US",41.8558,-87.6094,177.7,2024-02-02,3.9,",,7",-0.6,",,7"
USC00111550,"CHICAGO NORTHERLY ISLAND, IL US",41.8558,-87.6094,177.7,2024-02-03,1.7,",,7",-1.1,",,7"
USC00111550,"CHICAGO NORTHERLY ISLAND, IL US",41.8558,-87.6094,177.7,2024-02-04,4.4,",,7",0,",,7"
USC00111550,"CHICAGO NORTHERLY ISLAND, IL US",41.8558,-87.6094,177.7,2024-02-05,4.4,",,7",0,",,7"
USC00111550,"CHICAGO NORTHERLY ISLAND, IL US",41.8558,-87.6094,177.7,2024-02-06,3.3,",,7",-0.6,",,7"
USC00111550,"CHICAGO NORTHERLY ISLAND, IL US",41.8558,-87.6094,177.7,2024-02-07,7.8,",,7",0,",,7"
USC00111550,"CHICAGO NORTHERLY ISLAND, IL US",41.8558,-87.6094,177.7,2024-02-08,14.4,",,7",6.7,",,7"
USC00111550,"CHICAGO NORTHERLY ISLAND, IL US",41.8558,-87.6094,177.7,2024-02-09,13.3,",,7",3.9,",,7"
USC00111550,"CHICAGO NORTHERLY ISLAND, IL US",41.8558,-87.6094,177.7,2024-02-10,5.6,",,7",0.6,",,7"
USC00111550,"CHICAGO NORTHERLY ISLAND, IL US",41.8558,-87.6094,177.7,2024-02-11,2.8,",,7",-1.1,",,7"
USC00111550,"CHICAGO NORTHERLY ISLAND, IL US",41.8558,-87.6094,177.7,2024-02-12,7.2,",,7",-1.7,",,7"
USC00111550,"CHICAGO NORTHERLY ISLAND, IL US",41.8558,-87.6094,177.7,2024-02-13,4.4,",,7",0.6,",,7"
USC00111550,"CHICAGO NORTHERLY ISLAND, IL US",41.8558,-87.6094,177.7,2024-02-14,5.6,",,7",-1.1,",,7"
USC00111550,"CHICAGO NORTHERLY ISLAND, IL US",41.8558,-87.6094,177.7,2024-02-15,6.7,",,7",0,",,7"
USC00111550,"CHICAGO NORTHERLY ISLAND, IL US",41.8558,-87.6094,177.7,2024-02-16,0,",,7",-6.1,",,7"
USC00111550,"CHICAGO NORTHERLY ISLAND, IL US",41.8558,-87.6094,177.7,2024-02-17,-1.7,",,7",-10,",,7"
USC00111550,"CHICAGO NORTHERLY ISLAND, IL US",41.8558,-87.6094,177.7,2024-02-18,7.2,",,7",-4.4,",,7"
USC00111550,"CHICAGO NORTHERLY ISLAND, IL US",41.8558,-87.6094,177.7,2024-02-19,6.1,",,7",-2.2,",,7"
USC00111550,"CHICAGO NORTHERLY ISLAND, IL US",41.8558,-87.6094,177.7,2024-02-20,13.9,",,7",0,",,7"
USC00111550,"CHICAGO NORTHERLY ISLAND, IL US",41.8558,-87.6094,177.7,2024-02-21,18.3,",,7",5.6,",,7"
USC00111550,"CHICAGO NORTHERLY ISLAND, IL US",41.8558,-87.6094,177.7,2024-02-22,10.6,",,7",3.9,",,7"
USC00111550,"CHICAGO NORTHERLY ISLAND, IL US",41.8558,-87.6094,177.7,2024-02-23,10,",,7",-2.8,",,7"
USC00111550,"CHICAGO NORTHERLY ISLAND, IL US",41.8558,-87.6094,177.7,2024-02-24,0.6,",,7",-4.4,",,7"
USC00111550,"CHICAGO NORTHERLY ISLAND, IL US",41.8558,-87.6094,177.7,2024-02-25,15,",,7",0,",,7"
USC00111550,"CHICAGO NORTHERLY ISLAND, IL US",41.8558,-87.6094,177.7,2024-02-26,21.1,",,7",4.4,",,7"
USC00111550,"CHICAGO NORTHERLY ISLAND, IL US",41.8558,-87.6094,177.7,2024-02-27,21.7,",,7",9.4,",,7"
USC00111550,"CHICAGO NORTHERLY ISLAND, IL US",41.8558,-87.6094,177.7,2024-02-28,12.2,",,7",-6.1,",,7"
USC00111550,"CHICAGO NORTHERLY ISLAND, IL US",41.8558,-87.6094,177.7,2024-02-29,6.7,",,7",-5.6,",,7"
USC00111550,"CHICAGO NORTHERLY ISLAND, IL US",41.8558,-87.6094,177.7,2024-03-01,7.8,",,7",0.6,",,7"
USC00111550,"CHICAGO NORTHERLY ISLAND, IL US",41.8558,-87.6094,177.7,2024-03-02,15,",,7",2.8,",,7"
USC00111550,"CHICAGO NORTHERLY ISLAND, IL US",41.8558,-87.6094,177.7,2024-03-03,22.2,",,7",5.6,",,7"
USC00111550,"CHICAGO NORTHERLY ISLAND, IL US",41.8558,-87.6094,177.7,2024-03-04,21.1,",,7",4.4,",,7"
USC00111550,"CHICAGO NORTHERLY ISLAND, IL US",41.8558,-87.6094,177.7,2024-03-05,5,",,7",3.3,",,7"
USC00111550,"CHICAGO NORTHERLY ISLAND, IL US",41.8558,-87.6094,177.7,2024-03-06,6.1,",,7",3.3,",,7"
USC00111550,"CHICAGO NORTHERLY ISLAND, IL US",41.8558,-87.6094,177.7,2024-03-07,6.1,",,7",2.8,",,7"
USC00111550,"CHICAGO NORTHERLY ISLAND, IL US",41.8558,-87.6094,177.7,2024-03-08,5.6,",,7",3.9,",,7"
USC00111550,"CHICAGO NORTHERLY ISLAND, IL US",41.8558,-87.6094,177.7,2024-03-09,7.2,",,7",2.2,",,7"
USC00111550,"CHICAGO NORTHERLY ISLAND, IL US",41.8558,-87.6094,177.7,2024-03-12,21.1,",,7",10,",,7"
USC00111550,"CHICAGO NORTHERLY ISLAND, IL US",41.8558,-87.6094,177.7,2024-03-13,15,",,7",7.2,",,7"
USC00111550,"CHICAGO NORTHERLY ISLAND, IL US",41.8558,-87.6094,177.7,2024-03-14,17.2,",,7",4.4,",,7"
USC00111550,"CHICAGO NORTHERLY ISLAND, IL US",41.8558,-87.6094,177.7,2024-03-15,6.7,",,7",2.8,",,7"
USC00111550,"CHICAGO NORTHERLY ISLAND, IL US",41.8558,-87.6094,177.7,2024-03-16,13.9,",,7",5,",,7"
USC00111550,"CHICAGO NORTHERLY ISLAND, IL US",41.8558,-87.6094,177.7,2024-03-17,6.1,",,7",-1.1,",,7"
USC00111550,"CHICAGO NORTHERLY ISLAND, IL US",41.8558,-87.6094,177.7,2024-03-18,2.2,",,7",-3.3,",,7"
USC00111550,"CHICAGO NORTHERLY ISLAND, IL US",41.8558,-87.6094,177.7,2024-03-19,13.9,",,7",-1.1,",,7"
USC00111550,"CHICAGO NORTHERLY ISLAND, IL US",41.8558,-87.6094,177.7,2024-03-20,6.7,",,7",-1.1,",,7"
USC00111550,"CHICAGO NORTHERLY ISLAND, IL US",41.8558,-87.6094,177.7,2024-03-21,2.2,",,7",-1.7,",,7"
USC00111550,"CHICAGO NORTHERLY ISLAND, IL US",41.8558,-87.6094,177.7,2024-03-22,2.8,",,7",-1.1,",,7"
USC00111550,"CHICAGO NORTHERLY ISLAND, IL US",41.8558,-87.6094,177.7,2024-03-26,14.4,",,7",0.6,",,7"
USC00111550,"CHICAGO NORTHERLY ISLAND, IL US",41.8558,-87.6094,177.7,2024-03-27,5.6,",,7",-1.7,",,7"
USC00111550,"CHICAGO NORTHERLY ISLAND, IL US",41.8558,-87.6094,177.7,2024-03-28,10,",,7",0,",,7"
USC00111550,"CHICAGO NORTHERLY ISLAND, IL US",41.8558,-87.6094,177.7,2024-03-29,6.7,",,7",2.8,",,7"
USC00111550,"CHICAGO NORTHERLY ISLAND, IL US",41.8558,-87.6094,177.7,2024-03-30,11.1,",,7",3.9,",,7"
USC00111550,"CHICAGO NORTHERLY ISLAND, IL US",41.8558,-87.6094,177.7,2024-03-31,6.7,",,7",3.3,",,7"
USC00111550,"CHICAGO NORTHERLY ISLAND, IL US",41.8558,-87.6094,177.7,2024-04-01,7.2,",,7",4.4,",,7"
USC00111550,"CHICAGO NORTHERLY ISLAND, IL US",41.8558,-87.6094,177.7,2024-04-02,14.4,",,7",2.2,",,7"
USC00111550,"CHICAGO NORTHERLY ISLAND, IL US",41.8558,-87.6094,177.7,2024-04-03,3.9,",,7",1.1,",,7"
USC00111550,"CHICAGO NORTHERLY ISLAND, IL US",41.8558,-87.6094,177.7,2024-04-04,5.6,",,7",2.2,",,7"
USC00111550,"CHICAGO NORTHERLY ISLAND, IL US",41.8558,-87.6094,177.7,2024-04-05,7.2,",,7",3.3,",,7"
USC00111550,"CHICAGO NORTHERLY ISLAND, IL US",41.8558,-87.6094,177.7,2024-04-06,7.8,",,7",3.3,",,7"
USC00111550,"CHICAGO NORTHERLY ISLAND, IL US",41.8558,-87.6094,177.7,2024-04-07,7.8,",,7",3.9,",,7"
USC00111550,"CHICAGO NORTHERLY ISLAND, IL US",41.8558,-87.6094,177.7,2024-04-08,22.2,",,7",7.2,",,7"
USC00111550,"CHICAGO NORTHERLY ISLAND, IL US",41.8558,-87.6094,177.7,2024-04-09,17.2,",,7",11.7,",,7"
USC00111550,"CHICAGO NORTHERLY ISLAND, IL US",41.8558,-87.6094,177.7,2024-04-10,13.9,",,7",8.9,",,7"
USC00111550,"CHICAGO NORTHERLY ISLAND, IL US",41.8558,-87.6094,177.7,2024-04-11,12.2,",,7",7.8,",,7"
USC00111550,"CHICAGO NORTHERLY ISLAND, IL US",41.8558,-87.6094,177.7,2024-04-12,16.7,",,7",7.8,",,7"
USC00111550,"CHICAGO NORTHERLY ISLAND, IL US",41.8558,-87.6094,177.7,2024-04-13,21.1,",,7",8.9,",,7"
USC00111550,"CHICAGO NORTHERLY ISLAND, IL US",41.8558,-87.6094,177.7,2024-04-14,23.9,",,7",10,",,7"
USC00111550,"CHICAGO NORTHERLY ISLAND, IL US",41.8558,-87.6094,177.7,2024-04-15,16.7,",,7",8.3,",,7"
USC00111550,"CHICAGO NORTHERLY ISLAND, IL US",41.8558,-87.6094,177.7,2024-04-16,22.2,",,7",8.3,",,7"
USC00111550,"CHICAGO NORTHERLY ISLAND, IL US",41.8558,-87.6094,177.7,2024-04-17,20,",,7",12.8,",,7"
USC00111550,"CHICAGO NORTHERLY ISLAND, IL US",41.8558,-87.6094,177.7,2024-04-18,12.8,",,7",7.8,",,7"
USC00111550,"CHICAGO NORTHERLY ISLAND, IL US",41.8558,-87.6094,177.7,2024-04-19,13.3,",,7",6.1,",,7"
USC00111550,"CHICAGO NORTHERLY ISLAND, IL US",41.8558,-87.6094,177.7,2024-04-20,7.2,",,7",2.8,",,7"
USC00111550,"CHICAGO NORTHERLY ISLAND, IL US",41.8558,-87.6094,177.7,2024-04-21,12.2,",,7",2.8,",,7"
USC00111550,"CHICAGO NORTHERLY ISLAND, IL US",41.8558,-87.6094,177.7,2024-04-22,18.9,",,7",7.2,",,7"
USC00111550,"CHICAGO NORTHERLY ISLAND, IL US",41.8558,-87.6094,177.7,2024-04-23,16.1,",,7",4.4,",,7"
USC00111550,"CHICAGO NORTHERLY ISLAND, IL US",41.8558,-87.6094,177.7,2024-04-24,6.1,",,7",2.2,",,7"
USC00111550,"CHICAGO NORTHERLY ISLAND, IL US",41.8558,-87.6094,177.7,2024-04-25,10,",,7",2.8,",,7"
USC00111550,"CHICAGO NORTHERLY ISLAND, IL US",41.8558,-87.6094,177.7,2024-04-26,17.2,",,7",6.7,",,7"
USC00111550,"CHICAGO NORTHERLY ISLAND, IL US",41.8558,-87.6094,177.7,2024-04-27,25,",,7",12.2,",,7"
USC00111550,"CHICAGO NORTHERLY ISLAND, IL US",41.8558,-87.6094,177.7,2024-04-28,23.9,",,7",11.7,",,7"
USC00111550,"CHICAGO NORTHERLY ISLAND, IL US",41.8558,-87.6094,177.7,2024-04-29,21.1,",,7",13.9,",,7"
USC00111550,"CHICAGO NORTHERLY ISLAND, IL US",41.8558,-87.6094,177.7,2024-04-30,21.1,",,7",11.1,",,7"
USC00111550,"CHICAGO NORTHERLY ISLAND, IL US",41.8558,-87.6094,177.7,2024-05-01,23.9,",,7",12.8,",,7"
USC00111550,"CHICAGO NORTHERLY ISLAND, IL US",41.8558,-87.6094,177.7,2024-05-02,20,",,7",10.6,",,7"
USC00111550,"CHICAGO NORTHERLY ISLAND, IL US",41.8558,-87.6094,177.7,2024-05-03,16.7,",,7",10,",,7"
USC00111550,"CHICAGO NORTHERLY ISLAND, IL US",41.8558,-87.6094,177.7,2024-05-04,20,",,7",10.6,",,7"
USC00111550,"CHICAGO NORTHERLY ISLAND, IL US",41.8558,-87.6094,177.7,2024-05-05,15.6,",,7",9.4,",,7"
USC00111550,"CHICAGO NORTHERLY ISLAND, IL US",41.8558,-87.6094,177.7,2024-05-06,17.2,",,7",10,",,7"
USC00111550,"CHICAGO NORTHERLY ISLAND, IL US",41.8558,-87.6094,177.7,2024-05-07,23.3,",,7",12.8,",,7"
USC00111550,"CHICAGO NORTHERLY ISLAND, IL US",41.8558,-87.6094,177.7,2024-05-08,20.6,",,7",12.8,",,7"
USC00111550,"CHICAGO NORTHERLY ISLAND, IL US",41.8558,-87.6094,177.7,2024-05-09,15,",,7",10.6,",,7"
USC00111550,"CHICAGO NORTHERLY ISLAND, IL US",41.8558,-87.6094,177.7,2024-05-10,19.4,",,7",9.4,",,7"
USC00111550,"CHICAGO NORTHERLY ISLAND, IL US",41.8558,-87.6094,177.7,2024-05-11,18.3,",,7",11.7,",,7"
USC00111550,"CHICAGO NORTHERLY ISLAND, IL US",41.8558,-87.6094,177.7,2024-05-12,28.3,",,7",11.7,",,7"
USC00111550,"CHICAGO NORTHERLY ISLAND, IL US",41.8558,-87.6094,177.7,2024-05-13,26.7,",,7",12.8,",,7"
USC00111550,"CHICAGO NORTHERLY ISLAND, IL US",41.8558,-87.6094,177.7,2024-05-14,13.3,",,7",10.6,",,7"
USC00111550,"CHICAGO NORTHERLY ISLAND, IL US",41.8558,-87.6094,177.7,2024-05-15,16.7,",,7",11.1,",,7"
USC00111550,"CHICAGO NORTHERLY ISLAND, IL US",41.8558,-87.6094,177.7,2024-05-16,23.9,",,7",11.1,",,7"
USC00111550,"CHICAGO NORTHERLY ISLAND, IL US",41.8558,-87.6094,177.7,2024-05-17,23.3,",,7",14.4,",,7"
USC00111550,"CHICAGO NORTHERLY ISLAND, IL US",41.8558,-87.6094,177.7,2024-05-18,28.9,",,7",14.4,",,7"
USC00111550,"CHICAGO NORTHERLY ISLAND, IL US",41.8558,-87.6094,177.7,2024-05-19,23.3,",,7",14.4,",,7"
USC00111550,"CHICAGO NORTHERLY ISLAND, IL US",41.8558,-87.6094,177.7,2024-05-20,28.3,",,7",15,",,7"
USC00111550,"CHICAGO NORTHERLY ISLAND, IL US",41.8558,-87.6094,177.7,2024-05-21,31.1,",,7",15,",,7"
USC00111550,"CHICAGO NORTHERLY ISLAND, IL US",41.8558,-87.6094,177.7,2024-05-22,26.7,",,7",17.2,",,7"
USC00111550,"CHICAGO NORTHERLY ISLAND, IL US",41.8558,-87.6094,177.7,2024-05-23,22.8,",,7",16.7,",,7"
USC00111550,"CHICAGO NORTHERLY ISLAND, IL US",41.8558,-87.6094,177.7,2024-05-24,23.3,",,7",16.7,",,7"
USC00111550,"CHICAGO NORTHERLY ISLAND, IL US",41.8558,-87.6094,177.7,2024-05-25,20,",,7",13.9,",,7"
USC00111550,"CHICAGO NORTHERLY ISLAND, IL US",41.8558,-87.6094,177.7,2024-05-26,22.2,",,7",13.9,",,7"
USC00111550,"CHICAGO NORTHERLY ISLAND, IL US",41.8558,-87.6094,177.7,2024-05-27,22.2,",,7",14.4,",,7"
USC00111550,"CHICAGO NORTHERLY ISLAND, IL US",41.8558,-87.6094,177.7,2024-05-28,18.3,",,7",12.2,",,7"
USC00111550,"CHICAGO NORTHERLY ISLAND, IL US",41.8558,-87.6094,177.7,2024-05-29,16.7,",,7",11.7,",,7"
USC00111550,"CHICAGO NORTHERLY ISLAND, IL US",41.8558,-87.6094,177.7,2024-05-30,17.2,",,7",11.7,",,7"
USC00111550,"CHICAGO NORTHERLY ISLAND, IL US",41.8558,-87.6094,177.7,2024-05-31,21.7,",,7",12.2,",,7"
USC00111550,"CHICAGO NORTHERLY ISLAND, IL US",41.8558,-87.6094,177.7,2024-06-01,19.4,",,7",14.4,",,7"
USC00111550,"CHICAGO NORTHERLY ISLAND, IL US",41.8558,-87.6094,177.7,2024-06-02,19.4,",,7",13.9,",,7"
USC00111550,"CHICAGO NORTHERLY ISLAND, IL US",41.8558,-87.6094,177.7,2024-06-03,29.4,",,7",14.4,",,7"
USC00111550,"CHICAGO NORTHERLY ISLAND, IL US",41.8558,-87.6094,177.7,2024-06-04,25,",,7",18.9,",,7"
USC00111550,"CHICAGO NORTHERLY ISLAND, IL US",41.8558,-87.6094,177.7,2024-06-05,26.1,",,7",20,",,7"
USC00111550,"CHICAGO NORTHERLY ISLAND, IL US",41.8558,-87.6094,177.7,2024-06-06,25,",,7",18.9,",,7"
USC00111550,"CHICAGO NORTHERLY ISLAND, IL US",41.8558,-87.6094,177.7,2024-06-07,24.4,",,7",15.6,",,7"
USC00111550,"CHICAGO NORTHERLY ISLAND, IL US",41.8558,-87.6094,177.7,2024-06-08,24.4,",,7",13.3,",,7"
USC00111550,"CHICAGO NORTHERLY ISLAND, IL US",41.8558,-87.6094,177.7,2024-06-09,26.1,",,7",13.3,",,7"
USC00111550,"CHICAGO NORTHERLY ISLAND, IL US",41.8558,-87.6094,177.7,2024-06-10,17.2,",,7",11.7,",,7"
USC00111550,"CHICAGO NORTHERLY ISLAND, IL US",41.8558,-87.6094,177.7,2024-06-11,21.7,",,7",11.7,",,7"
USC00111550,"CHICAGO NORTHERLY ISLAND, IL US",41.8558,-87.6094,177.7,2024-06-12,31.1,",,7",20,",,7"
USC00111550,"CHICAGO NORTHERLY ISLAND, IL US",41.8558,-87.6094,177.7,2024-06-13,31.1,",,7",19.4,",,7"
USC00111550,"CHICAGO NORTHERLY ISLAND, IL US",41.8558,-87.6094,177.7,2024-06-14,23.9,",,7",16.7,",,7"
USC00111550,"CHICAGO NORTHERLY ISLAND, IL US",41.8558,-87.6094,177.7,2024-06-15,25,",,7",16.7,",,7"
USC00111550,"CHICAGO NORTHERLY ISLAND, IL US",41.8558,-87.6094,177.7,2024-06-16,33.9,",,7",18.3,",,7"
USC00111550,"CHICAGO NORTHERLY ISLAND, IL US",41.8558,-87.6094,177.7,2024-06-17,34.4,",,7",22.8,",,7"
USC00111550,"CHICAGO NORTHERLY ISLAND, IL US",41.8558,-87.6094,177.7,2024-06-18,32.8,",,7",25,",,7"
USC00111550,"CHICAGO NORTHERLY ISLAND, IL US",41.8558,-87.6094,177.7,2024-06-19,33.3,",,7",21.7,",,7"
USC00111550,"CHICAGO NORTHERLY ISLAND, IL US",41.8558,-87.6094,177.7,2024-06-20,22.2,",,7",17.2,",,7"
USC00111550,"CHICAGO NORTHERLY ISLAND, IL US",41.8558,-87.6094,177.7,2024-06-21,32.2,",,7",17.8,",,7"
USC00111550,"CHICAGO NORTHERLY ISLAND, IL US",41.8558,-87.6094,177.7,2024-06-22,32.8,",,7",18.3,",,7"
USC00111550,"CHICAGO NORTHERLY ISLAND, IL US",41.8558,-87.6094,177.7,2024-06-23,25.6,",,7",18.9,",,7"
USC00111550,"CHICAGO NORTHERLY ISLAND, IL US",41.8558,-87.6094,177.7,2024-06-24,26.7,",,7",20,",,7"
USC00111550,"CHICAGO NORTHERLY ISLAND, IL US",41.8558,-87.6094,177.7,2024-06-25,28.9,",,7",21.1,",,7"
USC00111550,"CHICAGO NORTHERLY ISLAND, IL US",41.8558,-87.6094,177.7,2024-06-26,29.4,",,7",17.8,",,7"
USC00111550,"CHICAGO NORTHERLY ISLAND, IL US",41.8558,-87.6094,177.7,2024-06-27,20,",,7",16.7,",,7"
USC00111550,"CHICAGO NORTHERLY ISLAND, IL US",41.8558,-87.6094,177.7,2024-06-28,23.3,",,7",18.3,",,7"
USC00111550,"CHICAGO NORTHERLY ISLAND, IL US",41.8558,-87.6094,177.7,2024-06-29,31.1,",,7",20.6,",,7"
USC00111550,"CHICAGO NORTHERLY ISLAND, IL US",41.8558,-87.6094,177.7,2024-06-30,22.2,",,7",16.1,",,7"
USC00111550,"CHICAGO NORTHERLY ISLAND, IL US",41.8558,-87.6094,177.7,2024-07-01,20.6,",,7",16.1,",,7"
USC00111550,"CHICAGO NORTHERLY ISLAND, IL US",41.8558,-87.6094,177.7,2024-07-02,28.3,",,7",18.3,",,7"
USC00111550,"CHICAGO NORTHERLY ISLAND, IL US",41.8558,-87.6094,177.7,2024-07-03,28.3,",,7",22.2,",,7"
USC00111550,"CHICAGO NORTHERLY ISLAND, IL US",41.8558,-87.6094,177.7,2024-07-04,26.1,",,7",20.6,",,7"
USC00111550,"CHICAGO NORTHERLY ISLAND, IL US",41.8558,-87.6094,177.7,2024-07-05,27.8,",,7",19.4,",,7"
USC00111550,"CHICAGO NORTHERLY ISLAND, IL US",41.8558,-87.6094,177.7,2024-07-06,23.9,",,7",18.3,",,7"
USC00111550,"CHICAGO NORTHERLY ISLAND, IL US",41.8558,-87.6094,177.7,2024-07-07,30,",,7",18.9,",,7"
USC00111550,"CHICAGO NORTHERLY ISLAND, IL US",41.8558,-87.6094,177.7,2024-07-08,29.4,",,7",20,",,7"
USC00111550,"CHICAGO NORTHERLY ISLAND, IL US",41.8558,-87.6094,177.7,2024-07-09,24.4,",,7",19.4,",,7"
USC00111550,"CHICAGO NORTHERLY ISLAND, IL US",41.8558,-87.6094,177.7,2024-07-10,25,",,7",18.9,",,7"
USC00111550,"CHICAGO NORTHERLY ISLAND, IL US",41.8558,-87.6094,177.7,2024-07-11,23.3,",,7",19.4,",,7"
USC00111550,"CHICAGO NORTHERLY ISLAND, IL US",41.8558,-87.6094,177.7,2024-07-12,25,",,7",19.4,",,7"
USC00111550,"CHICAGO NORTHERLY ISLAND, IL US",41.8558,-87.6094,177.7,2024-07-13,32.2,",,7",19.4,",,7"
USC00111550,"CHICAGO NORTHERLY ISLAND, IL US",41.8558,-87.6094,177.7,2024-07-14,31.1,",,7",19.4,",,7"
USC00111550,"CHICAGO NORTHERLY ISLAND, IL US",41.8558,-87.6094,177.7,2024-07-15,31.7,",,7",20.6,",,7"
USC00111550,"CHICAGO NORTHERLY ISLAND, IL US",41.8558,-87.6094,177.7,2024-07-16,29.4,",,7",20.6,",,7"
USC00111550,"CHICAGO NORTHERLY ISLAND, IL US",41.8558,-87.6094,177.7,2024-07-17,26.1,",,7",20,",,7"
USC00111550,"CHICAGO NORTHERLY ISLAND, IL US",41.8558,-87.6094,177.7,2024-07-18,22.2,",,7",18.3,",,7"
USC00111550,"CHICAGO NORTHERLY ISLAND, IL US",41.8558,-87.6094,177.7,2024-07-19,23.9,",,7",17.8,",,7"
USC00111550,"CHICAGO NORTHERLY ISLAND, IL US",41.8558,-87.6094,177.7,2024-07-20,25,",,7",20,",,7"
USC00111550,"CHICAGO NORTHERLY ISLAND, IL US",41.8558,-87.6094,177.7,2024-07-21,26.1,",,7",20,",,7"
USC00111550,"CHICAGO NORTHERLY ISLAND, IL US",41.8558,-87.6094,177.7,2024-07-22,25,",,7",20,",,7"
USC00111550,"CHICAGO NORTHERLY ISLAND, IL US",41.8558,-87.6094,177.7,2024-07-23,29.4,",,7",19.4,",,7"
USC00111550,"CHICAGO NORTHERLY ISLAND, IL US",41.8558,-87.6094,177.7,2024-07-24,23.9,",,7",20,",,7"
USC00111550,"CHICAGO NORTHERLY ISLAND, IL US",41.8558,-87.6094,177.7,2024-07-25,22.8,",,7",19.4,",,7"
USC00111550,"CHICAGO NORTHERLY ISLAND, IL US",41.8558,-87.6094,177.7,2024-07-26,24.4,",,7",18.9,",,7"
USC00111550,"CHICAGO NORTHERLY ISLAND, IL US",41.8558,-87.6094,177.7,2024-07-27,26.1,",,7",18.9,",,7"
USC00111550,"CHICAGO NORTHERLY ISLAND, IL US",41.8558,-87.6094,177.7,2024-07-28,28.3,",,7",21.1,",,7"
USC00111550,"CHICAGO NORTHERLY ISLAND, IL US",41.8558,-87.6094,177.7,2024-07-29,27.8,",,7",22.2,",,7"
USC00111550,"CHICAGO NORTHERLY ISLAND, IL US",41.8558,-87.6094,177.7,2024-07-30,27.8,",,7",21.7,",,7"
USC00111550,"CHICAGO NORTHERLY ISLAND, IL US",41.8558,-87.6094,177.7,2024-07-31,32.2,",,7",23.3,",,7"
USC00111550,"CHICAGO NORTHERLY ISLAND, IL US",41.8558,-87.6094,177.7,2024-08-01,28.3,",,7",21.1,",,7"
USC00111550,"CHICAGO NORTHERLY ISLAND, IL US",41.8558,-87.6094,177.7,2024-08-02,27.2,",,7",21.1,",,7"
USC00111550,"CHICAGO NORTHERLY ISLAND, IL US",41.8558,-87.6094,177.7,2024-08-03,27.2,",,7",23.3,",,7"
USC00111550,"CHICAGO NORTHERLY ISLAND, IL US",41.8558,-87.6094,177.7,2024-08-04,29.4,",,7",22.2,",,7"
USC00111550,"CHICAGO NORTHERLY ISLAND, IL US",41.8558,-87.6094,177.7,2024-08-05,31.1,",,7",22.2,",,7"
USC00111550,"CHICAGO NORTHERLY ISLAND, IL US",41.8558,-87.6094,177.7,2024-08-06,25.6,",,7",20.6,",,7"
USC00111550,"CHICAGO NORTHERLY ISLAND, IL US",41.8558,-87.6094,177.7,2024-08-07,24.4,",,7",20,",,7"
USC00111550,"CHICAGO NORTHERLY ISLAND, IL US",41.8558,-87.6094,177.7,2024-08-08,26.7,",,7",20,",,7"
USC00111550,"CHICAGO NORTHERLY ISLAND, IL US",41.8558,-87.6094,177.7,2024-08-09,22.8,",,7",17.2,",,7"
USC00111550,"CHICAGO NORTHERLY ISLAND, IL US",41.8558,-87.6094,177.7,2024-08-10,23.9,",,7",15.6,",,7"
USC00111550,"CHICAGO NORTHERLY ISLAND, IL US",41.8558,-87.6094,177.7,2024-08-11,27.2,",,7",16.7,",,7"
USC00111550,"CHICAGO NORTHERLY ISLAND, IL US",41.8558,-87.6094,177.7,2024-08-12,26.7,",,7",18.9,",,7"
USC00111550,"CHICAGO NORTHERLY ISLAND, IL US",41.8558,-87.6094,177.7,2024-08-13,26.7,",,7",20,",,7"
USC00111550,"CHICAGO NORTHERLY ISLAND, IL US",41.8558,-87.6094,177.7,2024-08-14,26.1,",,7",20.6,",,7"
USC00111550,"CHICAGO NORTHERLY ISLAND, IL US",41.8558,-87.6094,177.7,2024-08-15,23.3,",,7",19.4,",,7"
USC00111550,"CHICAGO NORTHERLY ISLAND, IL US",41.8558,-87.6094,177.7,2024-08-16,30,",,7",19.4,",,7"
USC00111550,"CHICAGO NORTHERLY ISLAND, IL US",41.8558,-87.6094,177.7,2024-08-17,25,",,7",21.1,",,7"
USC00111550,"CHICAGO NORTHERLY ISLAND, IL US",41.8558,-87.6094,177.7,2024-08-18,24.4,",,7",20.6,",,7"
USC00111550,"CHICAGO NORTHERLY ISLAND, IL US",41.8558,-87.6094,177.7,2024-08-19,23.9,",,7",18.9,",,7"
USC00111550,"CHICAGO NORTHERLY ISLAND, IL US",41.8558,-87.6094,177.7,2024-08-20,21.7,",,7",17.2,",,7"
USC00111550,"CHICAGO NORTHERLY ISLAND, IL US",41.8558,-87.6094,177.7,2024-08-21,22.2,",,7",16.1,",,7"
USC00111550,"CHICAGO NORTHERLY ISLAND, IL US",41.8558,-87.6094,177.7,2024-08-22,23.9,",,7",16.1,",,7"
USC00111550,"CHICAGO NORTHERLY ISLAND, IL US",41.8558,-87.6094,177.7,2024-08-23,26.1,",,7",17.2,",,7"
USC00111550,"CHICAGO NORTHERLY ISLAND, IL US",41.8558,-87.6094,177.7,2024-08-24,27.2,",,7",18.9,",,7"
USC00111550,"CHICAGO NORTHERLY ISLAND, IL US",41.8558,-87.6094,177.7,2024-08-25,32.8,",,7",23.9,",,7"
USC00111550,"CHICAGO NORTHERLY ISLAND, IL US",41.8558,-87.6094,177.7,2024-08-26,34.4,",,7",25,",,7"
USC00111550,"CHICAGO NORTHERLY ISLAND, IL US",41.8558,-87.6094,177.7,2024-08-27,35,",,7",21.1,",,7"
USC00111550,"CHICAGO NORTHERLY ISLAND, IL US",41.8558,-87.6094,177.7,2024-08-28,28.9,",,7",21.7,",,7"
USC00111550,"CHICAGO NORTHERLY ISLAND, IL US",41.8558,-87.6094,177.7,2024-08-29,25,",,7",21.1,",,7"
USC00111550,"CHICAGO NORTHERLY ISLAND, IL US",41.8558,-87.6094,177.7,2024-08-30,27.8,",,7",22.2,",,7"
USC00111550,"CHICAGO NORTHERLY ISLAND, IL US",41.8558,-87.6094,177.7,2024-08-31,25.6,",,7",19.4,",,7"
USC00111550,"CHICAGO NORTHERLY ISLAND, IL US",41.8558,-87.6094,177.7,2024-09-01,23.9,",,7",19.4,",,7"
USC00111550,"CHICAGO NORTHERLY ISLAND, IL US",41.8558,-87.6094,177.7,2024-09-02,21.7,",,7",18.3,",,7"
USC00111550,"CHICAGO NORTHERLY ISLAND, IL US",41.8558,-87.6094,177.7,2024-09-03,22.8,",,7",15.6,",,7"
USC00111550,"CHICAGO NORTHERLY ISLAND, IL US",41.8558,-87.6094,177.7,2024-09-04,24.4,",,7",16.1,",,7"
USC00111550,"CHICAGO NORTHERLY ISLAND, IL US",41.8558,-87.6094,177.7,2024-09-05,30,",,7",19.4,",,7"
USC00111550,"CHICAGO NORTHERLY ISLAND, IL US",41.8558,-87.6094,177.7,2024-09-06,22.2,",,7",15,",,7"
USC00111550,"CHICAGO NORTHERLY ISLAND, IL US",41.8558,-87.6094,177.7,2024-09-07,18.3,",,7",10.6,",,7"
USC00111550,"CHICAGO NORTHERLY ISLAND, IL US",41.8558,-87.6094,177.7,2024-09-08,22.2,",,7",12.2,",,7"
USC00111550,"CHICAGO NORTHERLY ISLAND, IL US",41.8558,-87.6094,177.7,2024-09-09,26.7,",,7",15,",,7"
USC00111550,"CHICAGO NORTHERLY ISLAND, IL US",41.8558,-87.6094,177.7,2024-09-10,27.8,",,7",17.2,",,7"
USC00111550,"CHICAGO NORTHERLY ISLAND, IL US",41.8558,-87.6094,177.7,2024-09-11,25.6,",,7",18.3,",,7"
USC00111550,"CHICAGO NORTHERLY ISLAND, IL US",41.8558,-87.6094,177.7,2024-09-12,26.1,",,7",18.3,",,7"
USC00111550,"CHICAGO NORTHERLY ISLAND, IL US",41.8558,-87.6094,177.7,2024-09-13,25.6,",,7",20,",,7"
USC00111550,"CHICAGO NORTHERLY ISLAND, IL US",41.8558,-87.6094,177.7,2024-09-14,26.7,",,7",20.6,",,7"
USC00111550,"CHICAGO NORTHERLY ISLAND, IL US",41.8558,-87.6094,177.7,2024-09-15,26.7,",,7",20.6,",,7"
USC00111550,"CHICAGO NORTHERLY ISLAND, IL US",41.8558,-87.6094,177.7,2024-09-16,27.2,",,7",18.9,",,7"
USC00111550,"CHICAGO NORTHERLY ISLAND, IL US",41.8558,-87.6094,177.7,2024-09-17,25.6,",,7",17.8,",,7"
USC00111550,"CHICAGO NORTHERLY ISLAND, IL US",41.8558,-87.6094,177.7,2024-09-18,27.2,",,7",17.8,",,7"
USC00111550,"CHICAGO NORTHERLY ISLAND, IL US",41.8558,-87.6094,177.7,2024-09-19,26.1,",,7",18.9,",,7"
USC00111550,"CHICAGO NORTHERLY ISLAND, IL US",41.8558,-87.6094,177.7,2024-09-20,29.4,",,7",21.7,",,7"
USC00111550,"CHICAGO NORTHERLY ISLAND, IL US",41.8558,-87.6094,177.7,2024-09-21,27.2,",,7",19.4,",,7"
USC00111550,"CHICAGO NORTHERLY ISLAND, IL US",41.8558,-87.6094,177.7,2024-09-22,25.6,",,7",18.3,",,7"
USC00111550,"CHICAGO NORTHERLY ISLAND, IL US",41.8558,-87.6094,177.7,2024-09-23,19.4,",,7",17.2,",,7"
USC00111550,"CHICAGO NORTHERLY ISLAND, IL US",41.8558,-87.6094,177.7,2024-09-24,19.4,",,7",16.7,",,7"
USC00111550,"CHICAGO NORTHERLY ISLAND, IL US",41.8558,-87.6094,177.7,2024-09-25,22.8,",,7",15.6,",,7"
USC00111550,"CHICAGO NORTHERLY ISLAND, IL US",41.8558,-87.6094,177.7,2024-09-26,22.8,",,7",16.1,",,7"
USC00111550,"CHICAGO NORTHERLY ISLAND, IL US",41.8558,-87.6094,177.7,2024-09-27,21.7,",,7",19.4,",,7"
USC00111550,"CHICAGO NORTHERLY ISLAND, IL US",41.8558,-87.6094,177.7,2024-09-28,21.1,",,7",18.3,",,7"
USC00111550,"CHICAGO NORTHERLY ISLAND, IL US",41.8558,-87.6094,177.7,2024-09-29,22.2,",,7",18.9,",,7"
USC00111550,"CHICAGO NORTHERLY ISLAND, IL US",41.8558,-87.6094,177.7,2024-09-30,22.8,",,7",18.9,",,7"
USC00111550,"CHICAGO NORTHERLY ISLAND, IL US",41.8558,-87.6094,177.7,2024-10-01,20.6,",,7",15.6,",,7"
USC00111550,"CHICAGO NORTHERLY ISLAND, IL US",41.8558,-87.6094,177.7,2024-10-02,21.7,",,7",12.8,",,7"
USC00111550,"CHICAGO NORTHERLY ISLAND, IL US",41.8558,-87.6094,177.7,2024-10-03,23.3,",,7",13.3,",,7"
USC00111550,"CHICAGO NORTHERLY ISLAND, IL US",41.8558,-87.6094,177.7,2024-10-04,21.1,",,7",16.7,",,7"
USC00111550,"CHICAGO NORTHERLY ISLAND, IL US",41.8558,-87.6094,177.7,2024-10-05,28.9,",,7",16.7,",,7"
USC00111550,"CHICAGO NORTHERLY ISLAND, IL US",41.8558,-87.6094,177.7,2024-10-06,23.3,",,7",14.4,",,7"
USC00111550,"CHICAGO NORTHERLY ISLAND, IL US",41.8558,-87.6094,177.7,2024-10-07,17.8,",,7",12.2,",,7"
USC00111550,"CHICAGO NORTHERLY ISLAND, IL US",41.8558,-87.6094,177.7,2024-10-08,22.8,",,7",12.8,",,7"
USC00111550,"CHICAGO NORTHERLY ISLAND, IL US",41.8558,-87.6094,177.7,2024-10-09,18.9,",,7",11.7,",,7"
USC00111550,"CHICAGO NORTHERLY ISLAND, IL US",41.8558,-87.6094,177.7,2024-10-10,18.9,",,7",14.4,",,7"
USC00111550,"CHICAGO NORTHERLY ISLAND, IL US",41.8558,-87.6094,177.7,2024-10-11,27.8,",,7",13.9,",,7"
USC00111550,"CHICAGO NORTHERLY ISLAND, IL US",41.8558,-87.6094,177.7,2024-10-12,18.9,",,7",15,",,7"
USC00111550,"CHICAGO NORTHERLY ISLAND, IL US",41.8558,-87.6094,177.7,2024-10-13,18.9,",,7",10,",,7"
USC00111550,"CHICAGO NORTHERLY ISLAND, IL US",41.8558,-87.6094,177.7,2024-10-14,12.8,",,7",7.2,",,7"
USC00111550,"CHICAGO NORTHERLY ISLAND, IL US",41.8558,-87.6094,177.7,2024-10-15,10,",,7",5.6,",,7"
USC00111550,"CHICAGO NORTHERLY ISLAND, IL US",41.8558,-87.6094,177.7,2024-10-16,12.8,",,7",5,",,7"
USC00111550,"CHICAGO NORTHERLY ISLAND, IL US",41.8558,-87.6094,177.7,2024-10-17,18.3,",,7",5.6,",,7"
USC00111550,"CHICAGO NORTHERLY ISLAND, IL US",41.8558,-87.6094,177.7,2024-10-18,20.6,",,7",8.3,",,7"
USC00111550,"CHICAGO NORTHERLY ISLAND, IL US",41.8558,-87.6094,177.7,2024-10-19,21.7,",,7",10,",,7"
USC00111550,"CHICAGO NORTHERLY ISLAND, IL US",41.8558,-87.6094,177.7,2024-10-20,25,",,7",11.7,",,7"
USC00111550,"CHICAGO NORTHERLY ISLAND, IL US",41.8558,-87.6094,177.7,2024-10-21,27.2,",,7",13.3,",,7"
USC00111550,"CHICAGO NORTHERLY ISLAND, IL US",41.8558,-87.6094,177.7,2024-10-22,23.3,",,7",12.8,",,7"
USC00111550,"CHICAGO NORTHERLY ISLAND, IL US",41.8558,-87.6094,177.7,2024-10-23,17.8,",,7",10.6,",,7"
USC00111550,"CHICAGO NORTHERLY ISLAND, IL US",41.8558,-87.6094,177.7,2024-10-24,18.3,",,7",9.4,",,7"
USC00111550,"CHICAGO NORTHERLY ISLAND, IL US",41.8558,-87.6094,177.7,2024-10-25,17.8,",,7",9.4,",,7"
USC00111550,"CHICAGO NORTHERLY ISLAND, IL US",41.8558,-87.6094,177.7,2024-10-26,13.3,",,7",9.4,",,7"
USC00111550,"CHICAGO NORTHERLY ISLAND, IL US",41.8558,-87.6094,177.7,2024-10-27,14.4,",,7",6.7,",,7"
USC00111550,"CHICAGO NORTHERLY ISLAND, IL US",41.8558,-87.6094,177.7,2024-10-28,19.4,",,7",8.3,",,7"
USC00111550,"CHICAGO NORTHERLY ISLAND, IL US",41.8558,-87.6094,177.7,2024-10-29,27.2,",,7",18.9,",,7"
USC00111550,"CHICAGO NORTHERLY ISLAND, IL US",41.8558,-87.6094,177.7,2024-10-30,26.1,",,7",20,",,7"
USC00111550,"CHICAGO NORTHERLY ISLAND, IL US",41.8558,-87.6094,177.7,2024-10-31,21.7,",,7",6.7,",,7"
USC00111550,"CHICAGO NORTHERLY ISLAND, IL US",41.8558,-87.6094,177.7,2024-11-01,9.4,",,7",5,",,7"
USC00111550,"CHICAGO NORTHERLY ISLAND, IL US",41.8558,-87.6094,177.7,2024-11-02,13.3,",,7",5,",,7"
USC00111550,"CHICAGO NORTHERLY ISLAND, IL US",41.8558,-87.6094,177.7,2024-11-03,17.8,",,7",10.6,",,7"
USC00111550,"CHICAGO NORTHERLY ISLAND, IL US",41.8558,-87.6094,177.7,2024-11-04,20,",,7",16.7,",,7"
USC00111550,"CHICAGO NORTHERLY ISLAND, IL US",41.8558,-87.6094,177.7,2024-11-05,19.4,",,7",16.1,",,7"
USC00111550,"CHICAGO NORTHERLY ISLAND, IL US",41.8558,-87.6094,177.7,2024-11-06,16.1,",,7",10,",,7"
USC00111550,"CHICAGO NORTHERLY ISLAND, IL US",41.8558,-87.6094,177.7,2024-11-07,13.9,",,7",7.8,",,7"
USC00111550,"CHICAGO NORTHERLY ISLAND, IL US",41.8558,-87.6094,177.7,2024-11-08,17.2,",,7",7.8,",,7"
USC00111550,"CHICAGO NORTHERLY ISLAND, IL US",41.8558,-87.6094,177.7,2024-11-09,11.7,",,7",8.9,",,7"
USC00111550,"CHICAGO NORTHERLY ISLAND, IL US",41.8558,-87.6094,177.7,2024-11-10,17.2,",,7",8.9,",,7"
USC00111550,"CHICAGO NORTHERLY ISLAND, IL US",41.8558,-87.6094,177.7,2024-11-11,14.4,",,7",6.7,",,7"
USC00111550,"CHICAGO NORTHERLY ISLAND, IL US",41.8558,-87.6094,177.7,2024-11-12,9.4,",,7",6.7,",,7"
USC00111550,"CHICAGO NORTHERLY ISLAND, IL US",41.8558,-87.6094,177.7,2024-11-13,11.1,",,7",6.1,",,7"
USC00111550,"CHICAGO NORTHERLY ISLAND, IL US",41.8558,-87.6094,177.7,2024-11-14,12.2,",,7",8.9,",,7"
USC00111550,"CHICAGO NORTHERLY ISLAND, IL US",41.8558,-87.6094,177.7,2024-11-15,11.1,",,7",8.9,",,7"
USC00111550,"CHICAGO NORTHERLY ISLAND, IL US",41.8558,-87.6094,177.7,2024-11-16,11.1,",,7",7.8,",,7"
USC00111550,"CHICAGO NORTHERLY ISLAND, IL US",41.8558,-87.6094,177.7,2024-11-17,15,",,7",7.8,",,7"
USC00111550,"CHICAGO NORTHERLY ISLAND, IL US",41.8558,-87.6094,177.7,2024-11-18,13.3,",,7",10,",,7"
USC00111550,"CHICAGO NORTHERLY ISLAND, IL US",41.8558,-87.6094,177.7,2024-11-19,17.8,",,7",9.4,",,7"
USC00111550,"CHICAGO NORTHERLY ISLAND, IL US",41.8558,-87.6094,177.7,2024-11-20,9.4,",,7",0.6,",,7"
USC00111550,"CHICAGO NORTHERLY ISLAND, IL US",41.8558,-87.6094,177.7,2024-11-21,6.7,",,7",-1.7,",,7"
USC00111550,"CHICAGO NORTHERLY ISLAND, IL US",41.8558,-87.6094,177.7,2024-11-22,8.3,",,7",3.3,",,7"
USC00111550,"CHICAGO NORTHERLY ISLAND, IL US",41.8558,-87.6094,177.7,2024-11-23,6.1,",,7",2.8,",,7"
USC00111550,"CHICAGO NORTHERLY ISLAND, IL US",41.8558,-87.6094,177.7,2024-11-24,11.7,",,7",2.8,",,7"
USC00111550,"CHICAGO NORTHERLY ISLAND, IL US",41.8558,-87.6094,177.7,2024-11-25,11.7,",,7",2.8,",,7"
USC00111550,"CHICAGO NORTHERLY ISLAND, IL US",41.8558,-87.6094,177.7,2024-11-26,4.4,",,7",-2.8,",,7"
USC00111550,"CHICAGO NORTHERLY ISLAND, IL US",41.8558,-87.6094,177.7,2024-11-27,6.1,",,7",2.2,",,7"
USC00111550,"CHICAGO NORTHERLY ISLAND, IL US",41.8558,-87.6094,177.7,2024-11-28,3.9,",,7",-2.2,",,7"
USC00111550,"CHICAGO NORTHERLY ISLAND, IL US",41.8558,-87.6094,177.7,2024-11-29,-1.7,",,7",-6.7,",,7"
USC00111550,"CHICAGO NORTHERLY ISLAND, IL US",41.8558,-87.6094,177.7,2024-11-30,-3.3,",,7",-9.4,",,7"
USC00111550,"CHICAGO NORTHERLY ISLAND, IL US",41.8558,-87.6094,177.7,2024-12-01,-2.2,",,7",-9.4,",,7"
USC00111550,"CHICAGO NORTHERLY ISLAND, IL US",41.8558,-87.6094,177.7,2024-12-02,-2.8,",,7",-8.3,",,7"
USC00111550,"CHICAGO NORTHERLY ISLAND, IL US",41.8558,-87.6094,177.7,2024-12-03,-0.6,",,7",-6.1,",,7"
USC00111550,"CHICAGO NORTHERLY ISLAND, IL US",41.8558,-87.6094,177.7,2024-12-04,3.9,",,7",-7.8,",,7"
USC00111550,"CHICAGO NORTHERLY ISLAND, IL US",41.8558,-87.6094,177.7,2024-12-05,-1.7,",,7",-10.6,",,7"
USC00111550,"CHICAGO NORTHERLY ISLAND, IL US",41.8558,-87.6094,177.7,2024-12-06,0,",,7",-8.9,",,7"
USC00111550,"CHICAGO NORTHERLY ISLAND, IL US",41.8558,-87.6094,177.7,2024-12-07,9.4,",,7",-3.9,",,7"
USC00111550,"CHICAGO NORTHERLY ISLAND, IL US",41.8558,-87.6094,177.7,2024-12-08,13.3,",,7",5,",,7"
USC00111550,"CHICAGO NORTHERLY ISLAND, IL US",41.8558,-87.6094,177.7,2024-12-09,12.2,",,7",6.7,",,7"
USC00111550,"CHICAGO NORTHERLY ISLAND, IL US",41.8558,-87.6094,177.7,2024-12-10,7.2,",,7",-1.1,",,7"
USC00111550,"CHICAGO NORTHERLY ISLAND, IL US",41.8558,-87.6094,177.7,2024-12-11,0,",,7",-11.1,",,7"
USC00111550,"CHICAGO NORTHERLY ISLAND, IL US",41.8558,-87.6094,177.7,2024-12-12,-8.9,",,7",-15,",,7"
USC00111550,"CHICAGO NORTHERLY ISLAND, IL US",41.8558,-87.6094,177.7,2024-12-13,-2.8,",,7",-11.1,",,7"
USC00111550,"CHICAGO NORTHERLY ISLAND, IL US",41.8558,-87.6094,177.7,2024-12-14,2.2,",,7",-3.3,",,7"
USC00111550,"CHICAGO NORTHERLY ISLAND, IL US",41.8558,-87.6094,177.7,2024-12-15,7.2,",,7",1.7,",,7"
USC00111550,"CHICAGO NORTHERLY ISLAND, IL US",41.8558,-87.6094,177.7,2024-12-16,11.7,",,7",2.8,",,7"
USC00111550,"CHICAGO NORTHERLY ISLAND, IL US",41.8558,-87.6094,177.7,2024-12-17,3.3,",,7",1.1,",,7"
USC00111550,"CHICAGO NORTHERLY ISLAND, IL US",41.8558,-87.6094,177.7,2024-12-18,2.8,",,7",-3.3,",,7"
USC00111550,"CHICAGO NORTHERLY ISLAND, IL US",41.8558,-87.6094,177.7,2024-12-19,0.6,",,7",-3.3,",,7"
USC00111550,"CHICAGO NORTHERLY ISLAND, IL US",41.8558,-87.6094,177.7,2024-12-20,1.7,",,7",-3.3,",,7"
USC00111550,"CHICAGO NORTHERLY ISLAND, IL US",41.8558,-87.6094,177.7,2024-12-21,-2.8,",,7",-6.1,",,7"
USC00111550,"CHICAGO NORTHERLY ISLAND, IL US",41.8558,-87.6094,177.7,2024-12-22,0.6,",,7",-5.6,",,7"
USC00111550,"CHICAGO NORTHERLY ISLAND, IL US",41.8558,-87.6094,177.7,2024-12-23,5,",,7",0,",,7"
USC00111550,"CHICAGO NORTHERLY ISLAND, IL US",41.8558,-87.6094,177.7,2024-12-24,2.8,",,7",0.6,",,7"
USC00111550,"CHICAGO NORTHERLY ISLAND, IL US",41.8558,-87.6094,177.7,2024-12-25,2.2,",,7",0,",,7"
USC00111550,"CHICAGO NORTHERLY ISLAND, IL US",41.8558,-87.6094,177.7,2024-12-26,7.8,",,7",1.7,",,7"
USC00111550,"CHICAGO NORTHERLY ISLAND, IL US",41.8558,-87.6094,177.7,2024-12-27,11.1,",,7",3.3,",,7"
USC00111550,"CHICAGO NORTHERLY ISLAND, IL US",41.8558,-87.6094,177.7,2024-12-28,11.1,",,7",3.3,",,7"
USC00111550,"CHICAGO NORTHERLY ISLAND, IL US",41.8558,-87.6094,177.7,2024-12-29,6.1,",,7",2.2,",,7"
USC00111550,"CHICAGO NORTHERLY ISLAND, IL US",41.8558,-87.6094,177.7,2024-12-30,5.6,",,7",0.6,",,7"
USC00111550,"CHICAGO NORTHERLY ISLAND, IL US",41.8558,-87.6094,177.7,2024-12-31,3.9,",,7",1.1,",,7"
USW00094846,"CHICAGO OHARE INTERNATIONAL AIRPORT, IL US",41.96017,-87.93164,204.8,2024-01-01,0,",,W",-2.7,",,W"
USW00094846,"CHICAGO OHARE INTERNATIONAL AIRPORT, IL US",41.96017,-87.93164,204.8,2024-01-02,3.9,",,W",-3.2,",,W"
USW00094846,"CHICAGO OHARE INTERNATIONAL AIRPORT, IL US",41.96017,-87.93164,204.8,2024-01-03,2.2,",,W",-0.5,",,W"
USW00094846,"CHICAGO OHARE INTERNATIONAL AIRPORT, IL US",41.96017,-87.93164,204.8,2024-01-04,2.8,",,W",-4.3,",,W"
USW00094846,"CHICAGO OHARE INTERNATIONAL AIRPORT, IL US",41.96017,-87.93164,204.8,2024-01-05,2.8,",,W",-3.2,",,W"
USW00094846,"CHICAGO OHARE INTERNATIONAL AIRPORT, IL US",41.96017,-87.93164,204.8,2024-01-06,1.1,",,W",-0.5,",,W"
USW00094846,"CHICAGO OHARE INTERNATIONAL AIRPORT, IL US",41.96017,-87.93164,204.8,2024-01-07,1.1,",,W",-0.5,",,W"
USW00094846,"CHICAGO OHARE INTERNATIONAL AIRPORT, IL US",41.96017,-87.93164,204.8,2024-01-08,2.2,",,W",-1,",,W"
USW00094846,"CHICAGO OHARE INTERNATIONAL AIRPORT, IL US",41.96017,-87.93164,204.8,2024-01-09,2.2,",,W",0.6,",,W"
USW00094846,"CHICAGO OHARE INTERNATIONAL AIRPORT, IL US",41.96017,-87.93164,204.8,2024-01-10,1.1,",,W",-1,",,W"
USW00094846,"CHICAGO OHARE INTERNATIONAL AIRPORT, IL US",41.96017,-87.93164,204.8,2024-01-11,1.1,",,W",-2.7,",,W"
USW00094846,"CHICAGO OHARE INTERNATIONAL AIRPORT, IL US",41.96017,-87.93164,204.8,2024-01-12,2.2,",,W",-1,",,W"
USW00094846,"CHICAGO OHARE INTERNATIONAL AIRPORT, IL US",41.96017,-87.93164,204.8,2024-01-13,0.6,",,W",-17.1,",,W"
USW00094846,"CHICAGO OHARE INTERNATIONAL AIRPORT, IL US",41.96017,-87.93164,204.8,2024-01-14,-16,",,W",-23.2,",,W"
USW00094846,"CHICAGO OHARE INTERNATIONAL AIRPORT, IL US",41.96017,-87.93164,204.8,2024-01-15,-16.6,",,W",-23.2,",,W"
USW00094846,"CHICAGO OHARE INTERNATIONAL AIRPORT, IL US",41.96017,-87.93164,204.8,2024-01-16,-16,",,W",-21.6,",,W"
USW00094846,"CHICAGO OHARE INTERNATIONAL AIRPORT, IL US",41.96017,-87.93164,204.8,2024-01-17,-6.6,",,W",-16.6,",,W"
USW00094846,"CHICAGO OHARE INTERNATIONAL AIRPORT, IL US",41.96017,-87.93164,204.8,2024-01-18,-2.1,",,W",-11,",,W"
USW00094846,"CHICAGO OHARE INTERNATIONAL AIRPORT, IL US",41.96017,-87.93164,204.8,2024-01-19,-9.9,",,W",-14.9,",,W"
USW00094846,"CHICAGO OHARE INTERNATIONAL AIRPORT, IL US",41.96017,-87.93164,204.8,2024-01-20,-7.7,",,W",-15.5,",,W"
USW00094846,"CHICAGO OHARE INTERNATIONAL AIRPORT, IL US",41.96017,-87.93164,204.8,2024-01-21,-6,",,W",-17.1,",,W"
USW00094846,"CHICAGO OHARE INTERNATIONAL AIRPORT, IL US",41.96017,-87.93164,204.8,2024-01-22,1.1,",,W",-6,",,W"
USW00094846,"CHICAGO OHARE INTERNATIONAL AIRPORT, IL US",41.96017,-87.93164,204.8,2024-01-23,2.8,",,W",0.6,",,W"
USW00094846,"CHICAGO OHARE INTERNATIONAL AIRPORT, IL US",41.96017,-87.93164,204.8,2024-01-24,3.3,",,W",1.1,",,W"
USW00094846,"CHICAGO OHARE INTERNATIONAL AIRPORT, IL US",41.96017,-87.93164,204.8,2024-01-25,3.3,",,W",1.7,",,W"
USW00094846,"CHICAGO OHARE INTERNATIONAL AIRPORT, IL US",41.96017,-87.93164,204.8,2024-01-26,4.4,",,W",2.8,",,W"
USW00094846,"CHICAGO OHARE INTERNATIONAL AIRPORT, IL US",41.96017,-87.93164,204.8,2024-01-27,5,",,W",2.2,",,W"
USW00094846,"CHICAGO OHARE INTERNATIONAL AIRPORT, IL US",41.96017,-87.93164,204.8,2024-01-28,3.9,",,W",0.6,",,W"
USW00094846,"CHICAGO OHARE INTERNATIONAL AIRPORT, IL US",41.96017,-87.93164,204.8,2024-01-29,3.9,",,W",-1,",,W"
USW00094846,"CHICAGO OHARE INTERNATIONAL AIRPORT, IL US",41.96017,-87.93164,204.8,2024-01-30,5,",,W",2.8,",,W"
USW00094846,"CHICAGO OHARE INTERNATIONAL AIRPORT, IL US",41.96017,-87.93164,204.8,2024-01-31,3.3,",,W",2.2,",,W"
USW00094846,"CHICAGO OHARE INTERNATIONAL AIRPORT, IL US",41.96017,-87.93164,204.8,2024-02-01,12.8,",,W",1.7,",,W"
USW00094846,"CHICAGO OHARE INTERNATIONAL AIRPORT, IL US",41.96017,-87.93164,204.8,2024-02-02,5.6,",,W",-0.5,",,W"
USW00094846,"CHICAGO OHARE INTERNATIONAL AIRPORT, IL US",41.96017,-87.93164,204.8,2024-02-03,5.6,",,W",-1.6,",,W"
USW00094846,"CHICAGO OHARE INTERNATIONAL AIRPORT, IL US",41.96017,-87.93164,204.8,2024-02-04,7.8,",,W",-1.6,",,W"
USW00094846,"CHICAGO OHARE INTERNATIONAL AIRPORT, IL US",41.96017,-87.93164,204.8,2024-02-05,5,",,W",-1,",,W"
USW00094846,"CHICAGO OHARE INTERNATIONAL AIRPORT, IL US",41.96017,-87.93164,204.8,2024-02-06,8.9,",,W",-1,",,W"
USW00094846,"CHICAGO OHARE INTERNATIONAL AIRPORT, IL US",41.96017,-87.93164,204.8,2024-02-07,9.4,",,W",-1,",,W"
USW00094846,"CHICAGO OHARE INTERNATIONAL AIRPORT, IL US",41.96017,-87.93164,204.8,2024-02-08,15,",,W",6.1,",,W"
USW00094846,"CHICAGO OHARE INTERNATIONAL AIRPORT, IL US",41.96017,-87.93164,204.8,2024-02-09,13.3,",,W",2.2,",,W"
USW00094846,"CHICAGO OHARE INTERNATIONAL AIRPORT, IL US",41.96017,-87.93164,204.8,2024-02-10,5.6,",,W",-1,",,W"
USW00094846,"CHICAGO OHARE INTERNATIONAL AIRPORT, IL US",41.96017,-87.93164,204.8,2024-02-11,5,",,W",-3.8,",,W"
USW00094846,"CHICAGO OHARE INTERNATIONAL AIRPORT, IL US",41.96017,-87.93164,204.8,2024-02-12,7.8,",,W",-3.8,",,W"
USW00094846,"CHICAGO OHARE INTERNATIONAL AIRPORT, IL US",41.96017,-87.93164,204.8,2024-02-13,4.4,",,W",-1.6,",,W"
USW00094846,"CHICAGO OHARE INTERNATIONAL AIRPORT, IL US",41.96017,-87.93164,204.8,2024-02-14,8.3,",,W",-3.2,",,W"
USW00094846,"CHICAGO OHARE INTERNATIONAL AIRPORT, IL US",41.96017,-87.93164,204.8,2024-02-15,6.7,",,W",-1,",,W"
USW00094846,"CHICAGO OHARE INTERNATIONAL AIRPORT, IL US",41.96017,-87.93164,204.8,2024-02-16,0.6,",,W",-7.7,",,W"
USW00094846,"CHICAGO OHARE INTERNATIONAL AIRPORT, IL US",41.96017,-87.93164,204.8,2024-02-17,-1.6,",,W",-10.5,",,W"
USW00094846,"CHICAGO OHARE INTERNATIONAL AIRPORT, IL US",41.96017,-87.93164,204.8,2024-02-18,7.8,",,W",-4.3,",,W"
USW00094846,"CHICAGO OHARE INTERNATIONAL AIRPORT, IL US",41.96017,-87.93164,204.8,2024-02-19,10,",,W",-4.9,",,W"
USW00094846,"CHICAGO OHARE INTERNATIONAL AIRPORT, IL US",41.96017,-87.93164,204.8,2024-02-20,13.9,",,W",-1.6,",,W"
USW00094846,"CHICAGO OHARE INTERNATIONAL AIRPORT, IL US",41.96017,-87.93164,204.8,2024-02-21,17.2,",,W",7.2,",,W"
USW00094846,"CHICAGO OHARE INTERNATIONAL AIRPORT, IL US",41.96017,-87.93164,204.8,2024-02-22,16.1,",,W",5.6,",,W"
USW00094846,"CHICAGO OHARE INTERNATIONAL AIRPORT, IL US",41.96017,-87.93164,204.8,2024-02-23,11.1,",,W",-2.1,",,W"
USW00094846,"CHICAGO OHARE INTERNATIONAL AIRPORT, IL US",41.96017,-87.93164,204.8,2024-02-24,1.7,",,W",-6.6,",,W"
USW00094846,"CHICAGO OHARE INTERNATIONAL AIRPORT, IL US",41.96017,-87.93164,204.8,2024-02-25,16.1,",,W",0,",,W"
USW00094846,"CHICAGO OHARE INTERNATIONAL AIRPORT, IL US",41.96017,-87.93164,204.8,2024-02-26,21.7,",,W",2.8,",,W"
USW00094846,"CHICAGO OHARE INTERNATIONAL AIRPORT, IL US",41.96017,-87.93164,204.8,2024-02-27,23.3,",,W",11.1,",,W"
USW00094846,"CHICAGO OHARE INTERNATIONAL AIRPORT, IL US",41.96017,-87.93164,204.8,2024-02-28,11.7,",,W",-6.6,",,W"
USW00094846,"CHICAGO OHARE INTERNATIONAL AIRPORT, IL US",41.96017,-87.93164,204.8,2024-02-29,7.2,",,W",-6.6,",,W"
USW00094846,"CHICAGO OHARE INTERNATIONAL AIRPORT, IL US",41.96017,-87.93164,204.8,2024-03-01,7.8,",,W",-0.5,",,W"
USW00094846,"CHICAGO OHARE INTERNATIONAL AIRPORT, IL US",41.96017,-87.93164,204.8,2024-03-02,15.6,",,W",1.7,",,W"
USW00094846,"CHICAGO OHARE INTERNATIONAL AIRPORT, IL US",41.96017,-87.93164,204.8,2024-03-03,22.8,",,W",6.1,",,W"
USW00094846,"CHICAGO OHARE INTERNATIONAL AIRPORT, IL US",41.96017,-87.93164,204.8,2024-03-04,22.2,",,W",6.7,",,W"
USW00094846,"CHICAGO OHARE INTERNATIONAL AIRPORT, IL US",41.96017,-87.93164,204.8,2024-03-05,7.2,",,W",4.4,",,W"
USW00094846,"CHICAGO OHARE INTERNATIONAL AIRPORT, IL US",41.96017,-87.93164,204.8,2024-03-06,8.3,",,W",2.8,",,W"
USW00094846,"CHICAGO OHARE INTERNATIONAL AIRPORT, IL US",41.96017,-87.93164,204.8,2024-03-07,10.6,",,W",2.2,",,W"
USW00094846,"CHICAGO OHARE INTERNATIONAL AIRPORT, IL US",41.96017,-87.93164,204.8,2024-03-08,7.8,",,W",3.9,",,W"
USW00094846,"CHICAGO OHARE INTERNATIONAL AIRPORT, IL US",41.96017,-87.93164,204.8,2024-03-09,7.2,",,W",0.6,",,W"
USW00094846,"CHICAGO OHARE INTERNATIONAL AIRPORT, IL US",41.96017,-87.93164,204.8,2024-03-10,8.3,",,W",-1,",,W"
USW00094846,"CHICAGO OHARE INTERNATIONAL AIRPORT, IL US",41.96017,-87.93164,204.8,2024-03-11,19.4,",,W",0.6,",,W"
USW00094846,"CHICAGO OHARE INTERNATIONAL AIRPORT, IL US",41.96017,-87.93164,204.8,2024-03-12,21.7,",,W",8.3,",,W"
USW00094846,"CHICAGO OHARE INTERNATIONAL AIRPORT, IL US",41.96017,-87.93164,204.8,2024-03-13,20.6,",,W",8.9,",,W"
USW00094846,"CHICAGO OHARE INTERNATIONAL AIRPORT, IL US",41.96017,-87.93164,204.8,2024-03-14,17.8,",,W",4.4,",,W"
USW00094846,"CHICAGO OHARE INTERNATIONAL AIRPORT, IL US",41.96017,-87.93164,204.8,2024-03-15,12.2,",,W",2.8,",,W"
USW00094846,"CHICAGO OHARE INTERNATIONAL AIRPORT, IL US",41.96017,-87.93164,204.8,2024-03-16,14.4,",,W",4.4,",,W"
USW00094846,"CHICAGO OHARE INTERNATIONAL AIRPORT, IL US",41.96017,-87.93164,204.8,2024-03-17,5,",,W",-1.6,",,W"
USW00094846,"CHICAGO OHARE INTERNATIONAL AIRPORT, IL US",41.96017,-87.93164,204.8,2024-03-18,2.8,",,W",-4.3,",,W"
USW00094846,"CHICAGO OHARE INTERNATIONAL AIRPORT, IL US",41.96017,-87.93164,204.8,2024-03-19,14.4,",,W",-1.6,",,W"
USW00094846,"CHICAGO OHARE INTERNATIONAL AIRPORT, IL US",41.96017,-87.93164,204.8,2024-03-20,6.7,",,W",-1.6,",,W"
USW00094846,"CHICAGO OHARE INTERNATIONAL AIRPORT, IL US",41.96017,-87.93164,204.8,2024-03-21,5,",,W",-2.7,",,W"
USW00094846,"CHICAGO OHARE INTERNATIONAL AIRPORT, IL US",41.96017,-87.93164,204.8,2024-03-22,3.9,",,W",-0.5,",,W"
USW00094846,"CHICAGO OHARE INTERNATIONAL AIRPORT, IL US",41.96017,-87.93164,204.8,2024-03-23,3.3,",,W",-2.1,",,W"
USW00094846,"CHICAGO OHARE INTERNATIONAL AIRPORT, IL US",41.96017,-87.93164,204.8,2024-03-24,8.9,",,W",0.6,",,W"
USW00094846,"CHICAGO OHARE INTERNATIONAL AIRPORT, IL US",41.96017,-87.93164,204.8,2024-03-25,17.2,",,W",7.8,",,W"
USW00094846,"CHICAGO OHARE INTERNATIONAL AIRPORT, IL US",41.96017,-87.93164,204.8,2024-03-26,12.8,",,W",0,",,W"
USW00094846,"CHICAGO OHARE INTERNATIONAL AIRPORT, IL US",41.96017,-87.93164,204.8,2024-03-27,5.6,",,W",-1.6,",,W"
USW00094846,"CHICAGO OHARE INTERNATIONAL AIRPORT, IL US",41.96017,-87.93164,204.8,2024-03-28,10.6,",,W",-1.6,",,W"
USW00094846,"CHICAGO OHARE INTERNATIONAL AIRPORT, IL US",41.96017,-87.93164,204.8,2024-03-29,12.2,",,W",0,",,W"
USW00094846,"CHICAGO OHARE INTERNATIONAL AIRPORT, IL US",41.96017,-87.93164,204.8,2024-03-30,16.1,",,W",4.4,",,W"
USW00094846,"CHICAGO OHARE INTERNATIONAL AIRPORT, IL US",41.96017,-87.93164,204.8,2024-03-31,12.2,",,W",3.3,",,W"
USW00094846,"CHICAGO OHARE INTERNATIONAL AIRPORT, IL US",41.96017,-87.93164,204.8,2024-04-01,8.9,",,W",5.6,",,W"
USW00094846,"CHICAGO OHARE INTERNATIONAL AIRPORT, IL US",41.96017,-87.93164,204.8,2024-04-02,7.2,",,W",2.2,",,W"
USW00094846,"CHICAGO OHARE INTERNATIONAL AIRPORT, IL US",41.96017,-87.93164,204.8,2024-04-03,3.9,",,W",1.1,",,W"
USW00094846,"CHICAGO OHARE INTERNATIONAL AIRPORT, IL US",41.96017,-87.93164,204.8,2024-04-04,7.2,",,W",2.2,",,W"
USW00094846,"CHICAGO OHARE INTERNATIONAL AIRPORT, IL US",41.96017,-87.93164,204.8,2024-04-05,9.4,",,W",2.2,",,W"
USW00094846,"CHICAGO OHARE INTERNATIONAL AIRPORT, IL US",41.96017,-87.93164,204.8,2024-04-06,11.7,",,W",0,",,W"
USW00094846,"CHICAGO OHARE INTERNATIONAL AIRPORT, IL US",41.96017,-87.93164,204.8,2024-04-07,10,",,W",3.9,",,W"
USW00094846,"CHICAGO OHARE INTERNATIONAL AIRPORT, IL US",41.96017,-87.93164,204.8,2024-04-08,21.7,",,W",8.3,",,W"
USW00094846,"CHICAGO OHARE INTERNATIONAL AIRPORT, IL US",41.96017,-87.93164,204.8,2024-04-09,17.2,",,W",9.4,",,W"
USW00094846,"CHICAGO OHARE INTERNATIONAL AIRPORT, IL US",41.96017,-87.93164,204.8,2024-04-10,20.6,",,W",7.2,",,W"
USW00094846,"CHICAGO OHARE INTERNATIONAL AIRPORT, IL US",41.96017,-87.93164,204.8,2024-04-11,15.6,",,W",9.4,",,W"
USW00094846,"CHICAGO OHARE INTERNATIONAL AIRPORT, IL US",41.96017,-87.93164,204.8,2024-04-12,17.8,",,W",9.4,",,W"
USW00094846,"CHICAGO OHARE INTERNATIONAL AIRPORT, IL US",41.96017,-87.93164,204.8,2024-04-13,21.7,",,W",6.7,",,W"
USW00094846,"CHICAGO OHARE INTERNATIONAL AIRPORT, IL US",41.96017,-87.93164,204.8,2024-04-14,27.2,",,W",11.7,",,W"
USW00094846,"CHICAGO OHARE INTERNATIONAL AIRPORT, IL US",41.96017,-87.93164,204.8,2024-04-15,24.4,",,W",8.9,",,W"
USW00094846,"CHICAGO OHARE INTERNATIONAL AIRPORT, IL US",41.96017,-87.93164,204.8,2024-04-16,27.2,",,W",10.6,",,W"
USW00094846,"CHICAGO OHARE INTERNATIONAL AIRPORT, IL US",41.96017,-87.93164,204.8,2024-04-17,20,",,W",11.7,",,W"
USW00094846,"CHICAGO OHARE INTERNATIONAL AIRPORT, IL US",41.96017,-87.93164,204.8,2024-04-18,14.4,",,W",8.3,",,W"
USW00094846,"CHICAGO OHARE INTERNATIONAL AIRPORT, IL US",41.96017,-87.93164,204.8,2024-04-19,13.3,",,W",5,",,W"
USW00094846,"CHICAGO OHARE INTERNATIONAL AIRPORT, IL US",41.96017,-87.93164,204.8,2024-04-20,7.2,",,W",1.7,",,W"
USW00094846,"CHICAGO OHARE INTERNATIONAL AIRPORT, IL US",41.96017,-87.93164,204.8,2024-04-21,14.4,",,W",0.6,",,W"
USW00094846,"CHICAGO OHARE INTERNATIONAL AIRPORT, IL US",41.96017,-87.93164,204.8,2024-04-22,19.4,",,W",5,",,W"
USW00094846,"CHICAGO OHARE INTERNATIONAL AIRPORT, IL US",41.96017,-87.93164,204.8,2024-04-23,17.8,",,W",5,",,W"
USW00094846,"CHICAGO OHARE INTERNATIONAL AIRPORT, IL US",41.96017,-87.93164,204.8,2024-04-24,8.3,",,W",1.7,",,W"
USW00094846,"CHICAGO OHARE INTERNATIONAL AIRPORT, IL US",41.96017,-87.93164,204.8,2024-04-25,14.4,",,W",0.6,",,W"
USW00094846,"CHICAGO OHARE INTERNATIONAL AIRPORT, IL US",41.96017,-87.93164,204.8,2024-04-26,17.2,",,W",6.1,",,W"
USW00094846,"CHICAGO OHARE INTERNATIONAL AIRPORT, IL US",41.96017,-87.93164,204.8,2024-04-27,26.1,",,W",15,",,W"
USW00094846,"CHICAGO OHARE INTERNATIONAL AIRPORT, IL US",41.96017,-87.93164,204.8,2024-04-28,23.9,",,W",15,",,W"
USW00094846,"CHICAGO OHARE INTERNATIONAL AIRPORT, IL US",41.96017,-87.93164,204.8,2024-04-29,21.1,",,W",12.2,",,W"
USW00094846,"CHICAGO OHARE INTERNATIONAL AIRPORT, IL US",41.96017,-87.93164,204.8,2024-04-30,23.3,",,W",10,",,W"
USW00094846,"CHICAGO OHARE INTERNATIONAL AIRPORT, IL US",41.96017,-87.93164,204.8,2024-05-01,23.9,",,W",14.4,",,W"
USW00094846,"CHICAGO OHARE INTERNATIONAL AIRPORT, IL US",41.96017,-87.93164,204.8,2024-05-02,27.2,",,W",12.2,",,W"
USW00094846,"CHICAGO OHARE INTERNATIONAL AIRPORT, IL US",41.96017,-87.93164,204.8,2024-05-03,20.6,",,W",11.7,",,W"
USW00094846,"CHICAGO OHARE INTERNATIONAL AIRPORT, IL US",41.96017,-87.93164,204.8,2024-05-04,27.2,",,W",8.3,",,W"
USW00094846,"CHICAGO OHARE INTERNATIONAL AIRPORT, IL US",41.96017,-87.93164,204.8,2024-05-05,17.8,",,W",10,",,W"
USW00094846,"CHICAGO OHARE INTERNATIONAL AIRPORT, IL US",41.96017,-87.93164,204.8,2024-05-06,21.1,",,W",8.9,",,W"
USW00094846,"CHICAGO OHARE INTERNATIONAL AIRPORT, IL US",41.96017,-87.93164,204.8,2024-05-07,23.9,",,W",14.4,",,W"
USW00094846,"CHICAGO OHARE INTERNATIONAL AIRPORT, IL US",41.96017,-87.93164,204.8,2024-05-08,26.1,",,W",11.7,",,W"
USW00094846,"CHICAGO OHARE INTERNATIONAL AIRPORT, IL US",41.96017,-87.93164,204.8,2024-05-09,17.2,",,W",9.4,",,W"
USW00094846,"CHICAGO OHARE INTERNATIONAL AIRPORT, IL US",41.96017,-87.93164,204.8,2024-05-10,19.4,",,W",7.8,",,W"
USW00094846,"CHICAGO OHARE INTERNATIONAL AIRPORT, IL US",41.96017,-87.93164,204.8,2024-05-11,21.1,",,W",10.6,",,W"
USW00094846,"CHICAGO OHARE INTERNATIONAL AIRPORT, IL US",41.96017,-87.93164,204.8,2024-05-12,28.3,",,W",9.4,",,W"
USW00094846,"CHICAGO OHARE INTERNATIONAL AIRPORT, IL US",41.96017,-87.93164,204.8,2024-05-13,27.2,",,W",16.7,",,W"
USW00094846,"CHICAGO OHARE INTERNATIONAL AIRPORT, IL US",41.96017,-87.93164,204.8,2024-05-14,16.7,",,W",10.6,",,W"
USW00094846,"CHICAGO OHARE INTERNATIONAL AIRPORT, IL US",41.96017,-87.93164,204.8,2024-05-15,19.4,",,W",11.1,",,W"
USW00094846,"CHICAGO OHARE INTERNATIONAL AIRPORT, IL US",41.96017,-87.93164,204.8,2024-05-16,23.9,",,W",11.1,",,W"
USW00094846,"CHICAGO OHARE INTERNATIONAL AIRPORT, IL US",41.96017,-87.93164,204.8,2024-05-17,27.2,",,W",15,",,W"
USW00094846,"CHICAGO OHARE INTERNATIONAL AIRPORT, IL US",41.96017,-87.93164,204.8,2024-05-18,29.4,",,W",15,",,W"
USW00094846,"CHICAGO OHARE INTERNATIONAL AIRPORT, IL US",41.96017,-87.93164,204.8,2024-05-19,24.4,",,W",16.7,",,W"
USW00094846,"CHICAGO OHARE INTERNATIONAL AIRPORT, IL US",41.96017,-87.93164,204.8,2024-05-20,30,",,W",16.1,",,W"
USW00094846,"CHICAGO OHARE INTERNATIONAL AIRPORT, IL US",41.96017,-87.93164,204.8,2024-05-21,31.7,",,W",16.1,",,W"
USW00094846,"CHICAGO OHARE INTERNATIONAL AIRPORT, IL US",41.96017,-87.93164,204.8,2024-05-22,26.7,",,W",16.1,",,W"
USW00094846,"CHICAGO OHARE INTERNATIONAL AIRPORT, IL US",41.96017,-87.93164,204.8,2024-05-23,27.2,",,W",14.4,",,W"
USW00094846,"CHICAGO OHARE INTERNATIONAL AIRPORT, IL US",41.96017,-87.93164,204.8,2024-05-24,25,",,W",17.8,",,W"
USW00094846,"CHICAGO OHARE INTERNATIONAL AIRPORT, IL US",41.96017,-87.93164,204.8,2024-05-25,24.4,",,W",13.3,",,W"
USW00094846,"CHICAGO OHARE INTERNATIONAL AIRPORT, IL US",41.96017,-87.93164,204.8,2024-05-26,22.8,",,W",14.4,",,W"
USW00094846,"CHICAGO OHARE INTERNATIONAL AIRPORT, IL US",41.96017,-87.93164,204.8,2024-05-27,23.3,",,W",14.4,",,W"
USW00094846,"CHICAGO OHARE INTERNATIONAL AIRPORT, IL US",41.96017,-87.93164,204.8,2024-05-28,22.2,",,W",12.2,",,W"
USW00094846,"CHICAGO OHARE INTERNATIONAL AIRPORT, IL US",41.96017,-87.93164,204.8,2024-05-29,21.1,",,W",9.4,",,W"
USW00094846,"CHICAGO OHARE INTERNATIONAL AIRPORT, IL US",41.96017,-87.93164,204.8,2024-05-30,21.1,",,W",7.2,",,W"
USW00094846,"CHICAGO OHARE INTERNATIONAL AIRPORT, IL US",41.96017,-87.93164,204.8,2024-05-31,26.1,",,W",10,",,W"
USW00094846,"CHICAGO OHARE INTERNATIONAL AIRPORT, IL US",41.96017,-87.93164,204.8,2024-06-01,20,",,W",15.6,",,W"
USW00094846,"CHICAGO OHARE INTERNATIONAL AIRPORT, IL US",41.96017,-87.93164,204.8,2024-06-02,25,",,W",15,",,W"
USW00094846,"CHICAGO OHARE INTERNATIONAL AIRPORT, IL US",41.96017,-87.93164,204.8,2024-06-03,30,",,W",14.4,",,W"
USW00094846,"CHICAGO OHARE INTERNATIONAL AIRPORT, IL US",41.96017,-87.93164,204.8,2024-06-04,29.4,",,W",20.6,",,W"
USW00094846,"CHICAGO OHARE INTERNATIONAL AIRPORT, IL US",41.96017,-87.93164,204.8,2024-06-05,26.1,",,W",20.6,",,W"
USW00094846,"CHICAGO OHARE INTERNATIONAL AIRPORT, IL US",41.96017,-87.93164,204.8,2024-06-06,25.6,",,W",17.8,",,W"
USW00094846,"CHICAGO OHARE INTERNATIONAL AIRPORT, IL US",41.96017,-87.93164,204.8,2024-06-07,25.6,",,W",15,",,W"
USW00094846,"CHICAGO OHARE INTERNATIONAL AIRPORT, IL US",41.96017,-87.93164,204.8,2024-06-08,25,",,W",12.8,",,W"
USW00094846,"CHICAGO OHARE INTERNATIONAL AIRPORT, IL US",41.96017,-87.93164,204.8,2024-06-09,26.7,",,W",12.8,",,W"
USW00094846,"CHICAGO OHARE INTERNATIONAL AIRPORT, IL US",41.96017,-87.93164,204.8,2024-06-10,20.6,",,W",11.7,",,W"
USW00094846,"CHICAGO OHARE INTERNATIONAL AIRPORT, IL US",41.96017,-87.93164,204.8,2024-06-11,25.6,",,W",10,",,W"
USW00094846,"CHICAGO OHARE INTERNATIONAL AIRPORT, IL US",41.96017,-87.93164,204.8,2024-06-12,32.8,",,W",18.9,",,W"
USW00094846,"CHICAGO OHARE INTERNATIONAL AIRPORT, IL US",41.96017,-87.93164,204.8,2024-06-13,32.8,",,W",21.7,",,W"
USW00094846,"CHICAGO OHARE INTERNATIONAL AIRPORT, IL US",41.96017,-87.93164,204.8,2024-06-14,30,",,W",15.6,",,W"
USW00094846,"CHICAGO OHARE INTERNATIONAL AIRPORT, IL US",41.96017,-87.93164,204.8,2024-06-15,30,",,W",14.4,",,W"
USW00094846,"CHICAGO OHARE INTERNATIONAL AIRPORT, IL US",41.96017,-87.93164,204.8,2024-06-16,35,",,W",21.7,",,W"
USW00094846,"CHICAGO OHARE INTERNATIONAL AIRPORT, IL US",41.96017,-87.93164,204.8,2024-06-17,36.1,",,W",25,",,W"
USW00094846,"CHICAGO OHARE INTERNATIONAL AIRPORT, IL US",41.96017,-87.93164,204.8,2024-06-18,34.4,",,W",25.6,",,W"
USW00094846,"CHICAGO OHARE INTERNATIONAL AIRPORT, IL US",41.96017,-87.93164,204.8,2024-06-19,33.9,",,W",22.8,",,W"
USW00094846,"CHICAGO OHARE INTERNATIONAL AIRPORT, IL US",41.96017,-87.93164,204.8,2024-06-20,29.4,",,W",17.8,",,W"
USW00094846,"CHICAGO OHARE INTERNATIONAL AIRPORT, IL US",41.96017,-87.93164,204.8,2024-06-21,34.4,",,W",18.9,",,W"
USW00094846,"CHICAGO OHARE INTERNATIONAL AIRPORT, IL US",41.96017,-87.93164,204.8,2024-06-22,33.9,",,W",20.6,",,W"
USW00094846,"CHICAGO OHARE INTERNATIONAL AIRPORT, IL US",41.96017,-87.93164,204.8,2024-06-23,26.7,",,W",20.6,",,W"
USW00094846,"CHICAGO OHARE INTERNATIONAL AIRPORT, IL US",41.96017,-87.93164,204.8,2024-06-24,31.1,",,W",18.3,",,W"
USW00094846,"CHICAGO OHARE INTERNATIONAL AIRPORT, IL US",41.96017,-87.93164,204.8,2024-06-25,29.4,",,W",21.7,",,W"
USW00094846,"CHICAGO OHARE INTERNATIONAL AIRPORT, IL US",41.96017,-87.93164,204.8,2024-06-26,30.6,",,W",17.8,",,W"
USW00094846,"CHICAGO OHARE INTERNATIONAL AIRPORT, IL US",41.96017,-87.93164,204.8,2024-06-27,23.3,",,W",16.1,",,W"
USW00094846,"CHICAGO OHARE INTERNATIONAL AIRPORT, IL US",41.96017,-87.93164,204.8,2024-06-28,23.3,",,W",18.3,",,W"
USW00094846,"CHICAGO OHARE INTERNATIONAL AIRPORT, IL US",41.96017,-87.93164,204.8,2024-06-29,31.1,",,W",21.1,",,W"
USW00094846,"CHICAGO OHARE INTERNATIONAL AIRPORT, IL US",41.96017,-87.93164,204.8,2024-06-30,21.7,",,W",15,",,W"
USW00094846,"CHICAGO OHARE INTERNATIONAL AIRPORT, IL US",41.96017,-87.93164,204.8,2024-07-01,23.9,",,W",12.2,",,W"
USW00094846,"CHICAGO OHARE INTERNATIONAL AIRPORT, IL US",41.96017,-87.93164,204.8,2024-07-02,29.4,",,W",19.4,",,W"
USW00094846,"CHICAGO OHARE INTERNATIONAL AIRPORT, IL US",41.96017,-87.93164,204.8,2024-07-03,31.1,",,W",22.8,",,W"
USW00094846,"CHICAGO OHARE INTERNATIONAL AIRPORT, IL US",41.96017,-87.93164,204.8,2024-07-04,28.9,",,W",20.6,",,W"
USW00094846,"CHICAGO OHARE INTERNATIONAL AIRPORT, IL US",41.96017,-87.93164,204.8,2024-07-05,27.8,",,W",20,",,W"
USW00094846,"CHICAGO OHARE INTERNATIONAL AIRPORT, IL US",41.96017,-87.93164,204.8,2024-07-06,28.3,",,W",17.8,",,W"
USW00094846,"CHICAGO OHARE INTERNATIONAL AIRPORT, IL US",41.96017,-87.93164,204.8,2024-07-07,30.6,",,W",18.9,",,W"
USW00094846,"CHICAGO OHARE INTERNATIONAL AIRPORT, IL US",41.96017,-87.93164,204.8,2024-07-08,30,",,W",20.6,",,W"
USW00094846,"CHICAGO OHARE INTERNATIONAL AIRPORT, IL US",41.96017,-87.93164,204.8,2024-07-09,27.2,",,W",20.6,",,W"
USW00094846,"CHICAGO OHARE INTERNATIONAL AIRPORT, IL US",41.96017,-87.93164,204.8,2024-07-10,28.9,",,W",18.9,",,W"
USW00094846,"CHICAGO OHARE INTERNATIONAL AIRPORT, IL US",41.96017,-87.93164,204.8,2024-07-11,27.2,",,W",18.9,",,W"
USW00094846,"CHICAGO OHARE INTERNATIONAL AIRPORT, IL US",41.96017,-87.93164,204.8,2024-07-12,30,",,W",17.8,",,W"
USW00094846,"CHICAGO OHARE INTERNATIONAL AIRPORT, IL US",41.96017,-87.93164,204.8,2024-07-13,32.8,",,W",19.4,",,W"
USW00094846,"CHICAGO OHARE INTERNATIONAL AIRPORT, IL US",41.96017,-87.93164,204.8,2024-07-14,31.1,",,W",19.4,",,W"
USW00094846,"CHICAGO OHARE INTERNATIONAL AIRPORT, IL US",41.96017,-87.93164,204.8,2024-07-15,32.2,",,W",20.6,",,W"
USW00094846,"CHICAGO OHARE INTERNATIONAL AIRPORT, IL US",41.96017,-87.93164,204.8,2024-07-16,29.4,",,W",20.6,",,W"
USW00094846,"CHICAGO OHARE INTERNATIONAL AIRPORT, IL US",41.96017,-87.93164,204.8,2024-07-17,27.8,",,W",17.8,",,W"
USW00094846,"CHICAGO OHARE INTERNATIONAL AIRPORT, IL US",41.96017,-87.93164,204.8,2024-07-18,23.9,",,W",16.1,",,W"
USW00094846,"CHICAGO OHARE INTERNATIONAL AIRPORT, IL US",41.96017,-87.93164,204.8,2024-07-19,26.7,",,W",15.6,",,W"
USW00094846,"CHICAGO OHARE INTERNATIONAL AIRPORT, IL US",41.96017,-87.93164,204.8,2024-07-20,27.2,",,W",17.2,",,W"
USW00094846,"CHICAGO OHARE INTERNATIONAL AIRPORT, IL US",41.96017,-87.93164,204.8,2024-07-21,28.9,",,W",18.9,",,W"
USW00094846,"CHICAGO OHARE INTERNATIONAL AIRPORT, IL US",41.96017,-87.93164,204.8,2024-07-22,28.9,",,W",18.3,",,W"
USW00094846,"CHICAGO OHARE INTERNATIONAL AIRPORT, IL US",41.96017,-87.93164,204.8,2024-07-23,29.4,",,W",19.4,",,W"
USW00094846,"CHICAGO OHARE INTERNATIONAL AIRPORT, IL US",41.96017,-87.93164,204.8,2024-07-24,23.9,",,W",19.4,",,W"
USW00094846,"CHICAGO OHARE INTERNATIONAL AIRPORT, IL US",41.96017,-87.93164,204.8,2024-07-25,25.6,",,W",16.7,",,W"
USW00094846,"CHICAGO OHARE INTERNATIONAL AIRPORT, IL US",41.96017,-87.93164,204.8,2024-07-26,27.2,",,W",16.1,",,W"
USW00094846,"CHICAGO OHARE INTERNATIONAL AIRPORT, IL US",41.96017,-87.93164,204.8,2024-07-27,29.4,",,W",18.9,",,W"
USW00094846,"CHICAGO OHARE INTERNATIONAL AIRPORT, IL US",41.96017,-87.93164,204.8,2024-07-28,29.4,",,W",21.1,",,W"
USW00094846,"CHICAGO OHARE INTERNATIONAL AIRPORT, IL US",41.96017,-87.93164,204.8,2024-07-29,28.9,",,W",21.7,",,W"
USW00094846,"CHICAGO OHARE INTERNATIONAL AIRPORT, IL US",41.96017,-87.93164,204.8,2024-07-30,32.2,",,W",21.1,",,W"
USW00094846,"CHICAGO OHARE INTERNATIONAL AIRPORT, IL US",41.96017,-87.93164,204.8,2024-07-31,33.3,",,W",22.2,",,W"
USW00094846,"CHICAGO OHARE INTERNATIONAL AIRPORT, IL US",41.96017,-87.93164,204.8,2024-08-01,31.1,",,W",20.6,",,W"
USW00094846,"CHICAGO OHARE INTERNATIONAL AIRPORT, IL US",41.96017,-87.93164,204.8,2024-08-02,30.6,",,W",20.6,",,W"
USW00094846,"CHICAGO OHARE INTERNATIONAL AIRPORT, IL US",41.96017,-87.93164,204.8,2024-08-03,32.8,",,W",22.8,",,W"
USW00094846,"CHICAGO OHARE INTERNATIONAL AIRPORT, IL US",41.96017,-87.93164,204.8,2024-08-04,32.8,",,W",21.7,",,W"
USW00094846,"CHICAGO OHARE INTERNATIONAL AIRPORT, IL US",41.96017,-87.93164,204.8,2024-08-05,32.8,",,W",23.3,",,W"
USW00094846,"CHICAGO OHARE INTERNATIONAL AIRPORT, IL US",41.96017,-87.93164,204.8,2024-08-06,23.9,",,W",19.4,",,W"
USW00094846,"CHICAGO OHARE INTERNATIONAL AIRPORT, IL US",41.96017,-87.93164,204.8,2024-08-07,25.6,",,W",17.8,",,W"
USW00094846,"CHICAGO OHARE INTERNATIONAL AIRPORT, IL US",41.96017,-87.93164,204.8,2024-08-08,28.3,",,W",17.8,",,W"
USW00094846,"CHICAGO OHARE INTERNATIONAL AIRPORT, IL US",41.96017,-87.93164,204.8,2024-08-09,22.2,",,W",15.6,",,W"
USW00094846,"CHICAGO OHARE INTERNATIONAL AIRPORT, IL US",41.96017,-87.93164,204.8,2024-08-10,23.9,",,W",13.3,",,W"
USW00094846,"CHICAGO OHARE INTERNATIONAL AIRPORT, IL US",41.96017,-87.93164,204.8,2024-08-11,26.7,",,W",14.4,",,W"
USW00094846,"CHICAGO OHARE INTERNATIONAL AIRPORT, IL US",41.96017,-87.93164,204.8,2024-08-12,27.8,",,W",16.1,",,W"
USW00094846,"CHICAGO OHARE INTERNATIONAL AIRPORT, IL US",41.96017,-87.93164,204.8,2024-08-13,30,",,W",17.8,",,W"
USW00094846,"CHICAGO OHARE INTERNATIONAL AIRPORT, IL US",41.96017,-87.93164,204.8,2024-08-14,30,",,W",18.9,",,W"
USW00094846,"CHICAGO OHARE INTERNATIONAL AIRPORT, IL US",41.96017,-87.93164,204.8,2024-08-15,24.4,",,W",19.4,",,W"
USW00094846,"CHICAGO OHARE INTERNATIONAL AIRPORT, IL US",41.96017,-87.93164,204.8,2024-08-16,30.6,",,W",19.4,",,W"
USW00094846,"CHICAGO OHARE INTERNATIONAL AIRPORT, IL US",41.96017,-87.93164,204.8,2024-08-17,28.9,",,W",20.6,",,W"
USW00094846,"CHICAGO OHARE INTERNATIONAL AIRPORT, IL US",41.96017,-87.93164,204.8,2024-08-18,26.7,",,W",20,",,W"
USW00094846,"CHICAGO OHARE INTERNATIONAL AIRPORT, IL US",41.96017,-87.93164,204.8,2024-08-19,25,",,W",17.2,",,W"
USW00094846,"CHICAGO OHARE INTERNATIONAL AIRPORT, IL US",41.96017,-87.93164,204.8,2024-08-20,22.2,",,W",14.4,",,W"
USW00094846,"CHICAGO OHARE INTERNATIONAL AIRPORT, IL US",41.96017,-87.93164,204.8,2024-08-21,24.4,",,W",13.3,",,W"
USW00094846,"CHICAGO OHARE INTERNATIONAL AIRPORT, IL US",41.96017,-87.93164,204.8,2024-08-22,26.7,",,W",12.8,",,W"
USW00094846,"CHICAGO OHARE INTERNATIONAL AIRPORT, IL US",41.96017,-87.93164,204.8,2024-08-23,27.8,",,W",15,",,W"
USW00094846,"CHICAGO OHARE INTERNATIONAL AIRPORT, IL US",41.96017,-87.93164,204.8,2024-08-24,32.8,",,W",17.8,",,W"
USW00094846,"CHICAGO OHARE INTERNATIONAL AIRPORT, IL US",41.96017,-87.93164,204.8,2024-08-25,33.9,",,W",23.3,",,W"
USW00094846,"CHICAGO OHARE INTERNATIONAL AIRPORT, IL US",41.96017,-87.93164,204.8,2024-08-26,35.6,",,W",26.1,",,W"
USW00094846,"CHICAGO OHARE INTERNATIONAL AIRPORT, IL US",41.96017,-87.93164,204.8,2024-08-27,37.2,",,W",23.3,",,W"
USW00094846,"CHICAGO OHARE INTERNATIONAL AIRPORT, IL US",41.96017,-87.93164,204.8,2024-08-28,28.9,",,W",21.7,",,W"
USW00094846,"CHICAGO OHARE INTERNATIONAL AIRPORT, IL US",41.96017,-87.93164,204.8,2024-08-29,31.1,",,W",21.7,",,W"
USW00094846,"CHICAGO OHARE INTERNATIONAL AIRPORT, IL US",41.96017,-87.93164,204.8,2024-08-30,28.3,",,W",20.6,",,W"
USW00094846,"CHICAGO OHARE INTERNATIONAL AIRPORT, IL US",41.96017,-87.93164,204.8,2024-08-31,28.9,",,W",16.7,",,W"
USW00094846,"CHICAGO OHARE INTERNATIONAL AIRPORT, IL US",41.96017,-87.93164,204.8,2024-09-01,24.4,",,W",15.6,",,W"
USW00094846,"CHICAGO OHARE INTERNATIONAL AIRPORT, IL US",41.96017,-87.93164,204.8,2024-09-02,24.4,",,W",14.4,",,W"
USW00094846,"CHICAGO OHARE INTERNATIONAL AIRPORT, IL US",41.96017,-87.93164,204.8,2024-09-03,25.6,",,W",14.4,",,W"
USW00094846,"CHICAGO OHARE INTERNATIONAL AIRPORT, IL US",41.96017,-87.93164,204.8,2024-09-04,28.9,",,W",14.4,",,W"
USW00094846,"CHICAGO OHARE INTERNATIONAL AIRPORT, IL US",41.96017,-87.93164,204.8,2024-09-05,30.6,",,W",17.8,",,W"
USW00094846,"CHICAGO OHARE INTERNATIONAL AIRPORT, IL US",41.96017,-87.93164,204.8,2024-09-06,21.1,",,W",12.2,",,W"
USW00094846,"CHICAGO OHARE INTERNATIONAL AIRPORT, IL US",41.96017,-87.93164,204.8,2024-09-07,19.4,",,W",8.9,",,W"
USW00094846,"CHICAGO OHARE INTERNATIONAL AIRPORT, IL US",41.96017,-87.93164,204.8,2024-09-08,22.2,",,W",9.4,",,W"
USW00094846,"CHICAGO OHARE INTERNATIONAL AIRPORT, IL US",41.96017,-87.93164,204.8,2024-09-09,27.2,",,W",13.9,",,W"
USW00094846,"CHICAGO OHARE INTERNATIONAL AIRPORT, IL US",41.96017,-87.93164,204.8,2024-09-10,27.8,",,W",14.4,",,W"
USW00094846,"CHICAGO OHARE INTERNATIONAL AIRPORT, IL US",41.96017,-87.93164,204.8,2024-09-11,30.6,",,W",15,",,W"
USW00094846,"CHICAGO OHARE INTERNATIONAL AIRPORT, IL US",41.96017,-87.93164,204.8,2024-09-12,30.6,",,W",17.2,",,W"
USW00094846,"CHICAGO OHARE INTERNATIONAL AIRPORT, IL US",41.96017,-87.93164,204.8,2024-09-13,29.4,",,W",18.9,",,W"
USW00094846,"CHICAGO OHARE INTERNATIONAL AIRPORT, IL US",41.96017,-87.93164,204.8,2024-09-14,31.1,",,W",19.4,",,W"
USW00094846,"CHICAGO OHARE INTERNATIONAL AIRPORT, IL US",41.96017,-87.93164,204.8,2024-09-15,32.2,",,W",19.4,",,W"
USW00094846,"CHICAGO OHARE INTERNATIONAL AIRPORT, IL US",41.96017,-87.93164,204.8,2024-09-16,32.2,",,W",18.3,",,W"
USW00094846,"CHICAGO OHARE INTERNATIONAL AIRPORT, IL US",41.96017,-87.93164,204.8,2024-09-17,29.4,",,W",16.7,",,W"
USW00094846,"CHICAGO OHARE INTERNATIONAL AIRPORT, IL US",41.96017,-87.93164,204.8,2024-09-18,31.1,",,W",16.1,",,W"
USW00094846,"CHICAGO OHARE INTERNATIONAL AIRPORT, IL US",41.96017,-87.93164,204.8,2024-09-19,31.7,",,W",16.7,",,W"
USW00094846,"CHICAGO OHARE INTERNATIONAL AIRPORT, IL US",41.96017,-87.93164,204.8,2024-09-20,32.8,",,W",20.6,",,W"
USW00094846,"CHICAGO OHARE INTERNATIONAL AIRPORT, IL US",41.96017,-87.93164,204.8,2024-09-21,33.3,",,W",17.2,",,W"
USW00094846,"CHICAGO OHARE INTERNATIONAL AIRPORT, IL US",41.96017,-87.93164,204.8,2024-09-22,25.6,",,W",17.8,",,W"
USW00094846,"CHICAGO OHARE INTERNATIONAL AIRPORT, IL US",41.96017,-87.93164,204.8,2024-09-23,19.4,",,W",15.6,",,W"
USW00094846,"CHICAGO OHARE INTERNATIONAL AIRPORT, IL US",41.96017,-87.93164,204.8,2024-09-24,19.4,",,W",16.7,",,W"
USW00094846,"CHICAGO OHARE INTERNATIONAL AIRPORT, IL US",41.96017,-87.93164,204.8,2024-09-25,25,",,W",13.9,",,W"
USW00094846,"CHICAGO OHARE INTERNATIONAL AIRPORT, IL US",41.96017,-87.93164,204.8,2024-09-26,25,",,W",13.9,",,W"
USW00094846,"CHICAGO OHARE INTERNATIONAL AIRPORT, IL US",41.96017,-87.93164,204.8,2024-09-27,22.2,",,W",18.3,",,W"
USW00094846,"CHICAGO OHARE INTERNATIONAL AIRPORT, IL US",41.96017,-87.93164,204.8,2024-09-28,22.2,",,W",18.3,",,W"
USW00094846,"CHICAGO OHARE INTERNATIONAL AIRPORT, IL US",41.96017,-87.93164,204.8,2024-09-29,23.3,",,W",18.9,",,W"
USW00094846,"CHICAGO OHARE INTERNATIONAL AIRPORT, IL US",41.96017,-87.93164,204.8,2024-09-30,26.1,",,W",17.2,",,W"
USW00094846,"CHICAGO OHARE INTERNATIONAL AIRPORT, IL US",41.96017,-87.93164,204.8,2024-10-01,21.1,",,W",12.8,",,W"
USW00094846,"CHICAGO OHARE INTERNATIONAL AIRPORT, IL US",41.96017,-87.93164,204.8,2024-10-02,22.2,",,W",8.9,",,W"
USW00094846,"CHICAGO OHARE INTERNATIONAL AIRPORT, IL US",41.96017,-87.93164,204.8,2024-10-03,26.7,",,W",12.2,",,W"
USW00094846,"CHICAGO OHARE INTERNATIONAL AIRPORT, IL US",41.96017,-87.93164,204.8,2024-10-04,21.1,",,W",14.4,",,W"
USW00094846,"CHICAGO OHARE INTERNATIONAL AIRPORT, IL US",41.96017,-87.93164,204.8,2024-10-05,29.4,",,W",14.4,",,W"
USW00094846,"CHICAGO OHARE INTERNATIONAL AIRPORT, IL US",41.96017,-87.93164,204.8,2024-10-06,23.9,",,W",12.2,",,W"
USW00094846,"CHICAGO OHARE INTERNATIONAL AIRPORT, IL US",41.96017,-87.93164,204.8,2024-10-07,20,",,W",8.9,",,W"
USW00094846,"CHICAGO OHARE INTERNATIONAL AIRPORT, IL US",41.96017,-87.93164,204.8,2024-10-08,23.3,",,W",10,",,W"
USW00094846,"CHICAGO OHARE INTERNATIONAL AIRPORT, IL US",41.96017,-87.93164,204.8,2024-10-09,21.1,",,W",10.6,",,W"
USW00094846,"CHICAGO OHARE INTERNATIONAL AIRPORT, IL US",41.96017,-87.93164,204.8,2024-10-10,22.8,",,W",11.7,",,W"
USW00094846,"CHICAGO OHARE INTERNATIONAL AIRPORT, IL US",41.96017,-87.93164,204.8,2024-10-11,28.3,",,W",12.8,",,W"
USW00094846,"CHICAGO OHARE INTERNATIONAL AIRPORT, IL US",41.96017,-87.93164,204.8,2024-10-12,20,",,W",15.6,",,W"
USW00094846,"CHICAGO OHARE INTERNATIONAL AIRPORT, IL US",41.96017,-87.93164,204.8,2024-10-13,19.4,",,W",9.4,",,W"
USW00094846,"CHICAGO OHARE INTERNATIONAL AIRPORT, IL US",41.96017,-87.93164,204.8,2024-10-14,13.9,",,W",5,",,W"
USW00094846,"CHICAGO OHARE INTERNATIONAL AIRPORT, IL US",41.96017,-87.93164,204.8,2024-10-15,10.6,",,W",5,",,W"
USW00094846,"CHICAGO OHARE INTERNATIONAL AIRPORT, IL US",41.96017,-87.93164,204.8,2024-10-16,14.4,",,W",2.8,",,W"
USW00094846,"CHICAGO OHARE INTERNATIONAL AIRPORT, IL US",41.96017,-87.93164,204.8,2024-10-17,17.8,",,W",3.3,",,W"
USW00094846,"CHICAGO OHARE INTERNATIONAL AIRPORT, IL US",41.96017,-87.93164,204.8,2024-10-18,20.6,",,W",5.6,",,W"
USW00094846,"CHICAGO OHARE INTERNATIONAL AIRPORT, IL US",41.96017,-87.93164,204.8,2024-10-19,21.7,",,W",6.7,",,W"
USW00094846,"CHICAGO OHARE INTERNATIONAL AIRPORT, IL US",41.96017,-87.93164,204.8,2024-10-20,26.1,",,W",10.6,",,W"
USW00094846,"CHICAGO OHARE INTERNATIONAL AIRPORT, IL US",41.96017,-87.93164,204.8,2024-10-21,27.2,",,W",12.2,",,W"
USW00094846,"CHICAGO OHARE INTERNATIONAL AIRPORT, IL US",41.96017,-87.93164,204.8,2024-10-22,22.8,",,W",12.8,",,W"
USW00094846,"CHICAGO OHARE INTERNATIONAL AIRPORT, IL US",41.96017,-87.93164,204.8,2024-10-23,18.3,",,W",6.7,",,W"
USW00094846,"CHICAGO OHARE INTERNATIONAL AIRPORT, IL US",41.96017,-87.93164,204.8,2024-10-24,17.8,",,W",4.4,",,W"
USW00094846,"CHICAGO OHARE INTERNATIONAL AIRPORT, IL US",41.96017,-87.93164,204.8,2024-10-25,19.4,",,W",8.9,",,W"
USW00094846,"CHICAGO OHARE INTERNATIONAL AIRPORT, IL US",41.96017,-87.93164,204.8,2024-10-26,15,",,W",6.1,",,W"
USW00094846,"CHICAGO OHARE INTERNATIONAL AIRPORT, IL US",41.96017,-87.93164,204.8,2024-10-27,15,",,W",2.8,",,W"
USW00094846,"CHICAGO OHARE INTERNATIONAL AIRPORT, IL US",41.96017,-87.93164,204.8,2024-10-28,19.4,",,W",6.1,",,W"
USW00094846,"CHICAGO OHARE INTERNATIONAL AIRPORT, IL US",41.96017,-87.93164,204.8,2024-10-29,27.8,",,W",19.4,",,W"
USW00094846,"CHICAGO OHARE INTERNATIONAL AIRPORT, IL US",41.96017,-87.93164,204.8,2024-10-30,26.7,",,W",20,",,W"
USW00094846,"CHICAGO OHARE INTERNATIONAL AIRPORT, IL US",41.96017,-87.93164,204.8,2024-10-31,21.7,",,W",6.1,",,W"
USW00094846,"CHICAGO OHARE INTERNATIONAL AIRPORT, IL US",41.96017,-87.93164,204.8,2024-11-01,12.2,",,W",3.9,",,W"
USW00094846,"CHICAGO OHARE INTERNATIONAL AIRPORT, IL US",41.96017,-87.93164,204.8,2024-11-02,15,",,W",3.3,",,W"
USW00094846,"CHICAGO OHARE INTERNATIONAL AIRPORT, IL US",41.96017,-87.93164,204.8,2024-11-03,17.8,",,W",9.4,",,W"
USW00094846,"CHICAGO OHARE INTERNATIONAL AIRPORT, IL US",41.96017,-87.93164,204.8,2024-11-04,20,",,W",17.2,",,W"
USW00094846,"CHICAGO OHARE INTERNATIONAL AIRPORT, IL US",41.96017,-87.93164,204.8,2024-11-05,19.4,",,W",15.6,",,W"
USW00094846,"CHICAGO OHARE INTERNATIONAL AIRPORT, IL US",41.96017,-87.93164,204.8,2024-11-06,15.6,",,W",9.4,",,W"
USW00094846,"CHICAGO OHARE INTERNATIONAL AIRPORT, IL US",41.96017,-87.93164,204.8,2024-11-07,15,",,W",6.7,",,W"
USW00094846,"CHICAGO OHARE INTERNATIONAL AIRPORT, IL US",41.96017,-87.93164,204.8,2024-11-08,16.7,",,W",6.7,",,W"
USW00094846,"CHICAGO OHARE INTERNATIONAL AIRPORT, IL US",41.96017,-87.93164,204.8,2024-11-09,13.3,",,W",7.2,",,W"
USW00094846,"CHICAGO OHARE INTERNATIONAL AIRPORT, IL US",41.96017,-87.93164,204.8,2024-11-10,17.2,",,W",9.4,",,W"
USW00094846,"CHICAGO OHARE INTERNATIONAL AIRPORT, IL US",41.96017,-87.93164,204.8,2024-11-11,14.4,",,W",5.6,",,W"
USW00094846,"CHICAGO OHARE INTERNATIONAL AIRPORT, IL US",41.96017,-87.93164,204.8,2024-11-12,10,",,W",4.4,",,W"
USW00094846,"CHICAGO OHARE INTERNATIONAL AIRPORT, IL US",41.96017,-87.93164,204.8,2024-11-13,11.1,",,W",4.4,",,W"
USW00094846,"CHICAGO OHARE INTERNATIONAL AIRPORT, IL US",41.96017,-87.93164,204.8,2024-11-14,12.2,",,W",8.9,",,W"
USW00094846,"CHICAGO OHARE INTERNATIONAL AIRPORT, IL US",41.96017,-87.93164,204.8,2024-11-15,13.3,",,W",5.6,",,W"
USW00094846,"CHICAGO OHARE INTERNATIONAL AIRPORT, IL US",41.96017,-87.93164,204.8,2024-11-16,11.1,",,W",5.6,",,W"
USW00094846,"CHICAGO OHARE INTERNATIONAL AIRPORT, IL US",41.96017,-87.93164,204.8,2024-11-17,15,",,W",7.8,",,W"
USW00094846,"CHICAGO OHARE INTERNATIONAL AIRPORT, IL US",41.96017,-87.93164,204.8,2024-11-18,15.6,",,W",9.4,",,W"
USW00094846,"CHICAGO OHARE INTERNATIONAL AIRPORT, IL US",41.96017,-87.93164,204.8,2024-11-19,17.2,",,W",8.3,",,W"
USW00094846,"CHICAGO OHARE INTERNATIONAL AIRPORT, IL US",41.96017,-87.93164,204.8,2024-11-20,8.9,",,W",0,",,W"
USW00094846,"CHICAGO OHARE INTERNATIONAL AIRPORT, IL US",41.96017,-87.93164,204.8,2024-11-21,3.9,",,W",-1,",,W"
USW00094846,"CHICAGO OHARE INTERNATIONAL AIRPORT, IL US",41.96017,-87.93164,204.8,2024-11-22,8.9,",,W",2.8,",,W"
USW00094846,"CHICAGO OHARE INTERNATIONAL AIRPORT, IL US",41.96017,-87.93164,204.8,2024-11-23,6.1,",,W",2.8,",,W"
USW00094846,"CHICAGO OHARE INTERNATIONAL AIRPORT, IL US",41.96017,-87.93164,204.8,2024-11-24,11.1,",,W",2.8,",,W"
USW00094846,"CHICAGO OHARE INTERNATIONAL AIRPORT, IL US",41.96017,-87.93164,204.8,2024-11-25,11.1,",,W",1.7,",,W"
USW00094846,"CHICAGO OHARE INTERNATIONAL AIRPORT, IL US",41.96017,-87.93164,204.8,2024-11-26,3.9,",,W",-3.8,",,W"
USW00094846,"CHICAGO OHARE INTERNATIONAL AIRPORT, IL US",41.96017,-87.93164,204.8,2024-11-27,6.7,",,W",1.1,",,W"
USW00094846,"CHICAGO OHARE INTERNATIONAL AIRPORT, IL US",41.96017,-87.93164,204.8,2024-11-28,1.7,",,W",-3.2,",,W"
USW00094846,"CHICAGO OHARE INTERNATIONAL AIRPORT, IL US",41.96017,-87.93164,204.8,2024-11-29,-2.1,",,W",-7.7,",,W"
USW00094846,"CHICAGO OHARE INTERNATIONAL AIRPORT, IL US",41.96017,-87.93164,204.8,2024-11-30,-3.8,",,W",-9.9,",,W"
USW00094846,"CHICAGO OHARE INTERNATIONAL AIRPORT, IL US",41.96017,-87.93164,204.8,2024-12-01,-2.7,",,W",-9.9,",,W"
USW00094846,"CHICAGO OHARE INTERNATIONAL AIRPORT, IL US",41.96017,-87.93164,204.8,2024-12-02,-3.8,",,W",-9.9,",,W"
USW00094846,"CHICAGO OHARE INTERNATIONAL AIRPORT, IL US",41.96017,-87.93164,204.8,2024-12-03,-0.5,",,W",-7.1,",,W"
USW00094846,"CHICAGO OHARE INTERNATIONAL AIRPORT, IL US",41.96017,-87.93164,204.8,2024-12-04,3.9,",,W",-8.8,",,W"
USW00094846,"CHICAGO OHARE INTERNATIONAL AIRPORT, IL US",41.96017,-87.93164,204.8,2024-12-05,-1.6,",,W",-11,",,W"
USW00094846,"CHICAGO OHARE INTERNATIONAL AIRPORT, IL US",41.96017,-87.93164,204.8,2024-12-06,0,",,W",-9.3,",,W"
USW00094846,"CHICAGO OHARE INTERNATIONAL AIRPORT, IL US",41.96017,-87.93164,204.8,2024-12-07,10,",,W",-4.3,",,W"
USW00094846,"CHICAGO OHARE INTERNATIONAL AIRPORT, IL US",41.96017,-87.93164,204.8,2024-12-08,12.8,",,W",3.3,",,W"
USW00094846,"CHICAGO OHARE INTERNATIONAL AIRPORT, IL US",41.96017,-87.93164,204.8,2024-12-09,11.7,",,W",5.6,",,W"
USW00094846,"CHICAGO OHARE INTERNATIONAL AIRPORT, IL US",41.96017,-87.93164,204.8,2024-12-10,5.6,",,W",-1,",,W"
USW00094846,"CHICAGO OHARE INTERNATIONAL AIRPORT, IL US",41.96017,-87.93164,204.8,2024-12-11,0,",,W",-11.6,",,W"
USW00094846,"CHICAGO OHARE INTERNATIONAL AIRPORT, IL US",41.96017,-87.93164,204.8,2024-12-12,-9.3,",,W",-15.5,",,W"
USW00094846,"CHICAGO OHARE INTERNATIONAL AIRPORT, IL US",41.96017,-87.93164,204.8,2024-12-13,-2.7,",,W",-15.5,",,W"
USW00094846,"CHICAGO OHARE INTERNATIONAL AIRPORT, IL US",41.96017,-87.93164,204.8,2024-12-14,3.9,",,W",-3.8,",,W"
USW00094846,"CHICAGO OHARE INTERNATIONAL AIRPORT, IL US",41.96017,-87.93164,204.8,2024-12-15,7.2,",,W",3.3,",,W"
USW00094846,"CHICAGO OHARE INTERNATIONAL AIRPORT, IL US",41.96017,-87.93164,204.8,2024-12-16,10.6,",,W",2.8,",,W"
USW00094846,"CHICAGO OHARE INTERNATIONAL AIRPORT, IL US",41.96017,-87.93164,204.8,2024-12-17,3.9,",,W",0.6,",,W"
USW00094846,"CHICAGO OHARE INTERNATIONAL AIRPORT, IL US",41.96017,-87.93164,204.8,2024-12-18,1.7,",,W",-3.8,",,W"
USW00094846,"CHICAGO OHARE INTERNATIONAL AIRPORT, IL US",41.96017,-87.93164,204.8,2024-12-19,0.6,",,W",-3.8,",,W"
USW00094846,"CHICAGO OHARE INTERNATIONAL AIRPORT, IL US",41.96017,-87.93164,204.8,2024-12-20,1.7,",,W",-6,",,W"
USW00094846,"CHICAGO OHARE INTERNATIONAL AIRPORT, IL US",41.96017,-87.93164,204.8,2024-12-21,-2.7,",,W",-9.9,",,W"
USW00094846,"CHICAGO OHARE INTERNATIONAL AIRPORT, IL US",41.96017,-87.93164,204.8,2024-12-22,0.6,",,W",-9.9,",,W"
USW00094846,"CHICAGO OHARE INTERNATIONAL AIRPORT, IL US",41.96017,-87.93164,204.8,2024-12-23,3.9,",,W",0,",,W"
USW00094846,"CHICAGO OHARE INTERNATIONAL AIRPORT, IL US",41.96017,-87.93164,204.8,2024-12-24,3.3,",,W",-1,",,W"
USW00094846,"CHICAGO OHARE INTERNATIONAL AIRPORT, IL US",41.96017,-87.93164,204.8,2024-12-25,3.9,",,W",0,",,W"
USW00094846,"CHICAGO OHARE INTERNATIONAL AIRPORT, IL US",41.96017,-87.93164,204.8,2024-12-26,8.9,",,W",3.3,",,W"
USW00094846,"CHICAGO OHARE INTERNATIONAL AIRPORT, IL US",41.96017,-87.93164,204.8,2024-12-27,11.1,",,W",7.2,",,W"
USW00094846,"CHICAGO OHARE INTERNATIONAL AIRPORT, IL US",41.96017,-87.93164,204.8,2024-12-28,10.6,",,W",5.6,",,W"
USW00094846,"CHICAGO OHARE INTERNATIONAL AIRPORT, IL US",41.96017,-87.93164,204.8,2024-12-29,7.8,",,W",2.2,",,W"
USW00094846,"CHICAGO OHARE INTERNATIONAL AIRPORT, IL US",41.96017,-87.93164,204.8,2024-12-30,5.6,",,W",0,",,W"
USW00094846,"CHICAGO OHARE INTERNATIONAL AIRPORT, IL US",41.96017,-87.93164,204.8,2024-12-31,5.6,",,W",1.1,",,W"
USW00014819,"CHICAGO MIDWAY AIRPORT, IL US",41.78412,-87.75514,185.8,2024-01-01,1.1,",,W",-1.6,",,W"
USW00014819,"CHICAGO MIDWAY AIRPORT, IL US",41.78412,-87.75514,185.8,2024-01-02,5,",,W",-2.1,",,W"
USW00014819,"CHICAGO MIDWAY AIRPORT, IL US",41.78412,-87.75514,185.8,2024-01-03,2.8,",,W",0,",,W"
USW00014819,"CHICAGO MIDWAY AIRPORT, IL US",41.78412,-87.75514,185.8,2024-01-04,3.3,",,W",-2.1,",,W"
USW00014819,"CHICAGO MIDWAY AIRPORT, IL US",41.78412,-87.75514,185.8,2024-01-05,2.8,",,W",-2.1,",,W"
USW00014819,"CHICAGO MIDWAY AIRPORT, IL US",41.78412,-87.75514,185.8,2024-01-06,1.7,",,W",-0.5,",,W"
USW00014819,"CHICAGO MIDWAY AIRPORT, IL US",41.78412,-87.75514,185.8,2024-01-07,1.7,",,W",0.6,",,W"
USW00014819,"CHICAGO MIDWAY AIRPORT, IL US",41.78412,-87.75514,185.8,2024-01-08,3.3,",,W",0,",,W"
USW00014819,"CHICAGO MIDWAY AIRPORT, IL US",41.78412,-87.75514,185.8,2024-01-09,2.8,",,W",1.1,",,W"
USW00014819,"CHICAGO MIDWAY AIRPORT, IL US",41.78412,-87.75514,185.8,2024-01-10,1.7,",,W",-0.5,",,W"
USW00014819,"CHICAGO MIDWAY AIRPORT, IL US",41.78412,-87.75514,185.8,2024-01-11,1.7,",,W",-2.1,",,W"
USW00014819,"CHICAGO MIDWAY AIRPORT, IL US",41.78412,-87.75514,185.8,2024-01-12,3.3,",,W",-0.5,",,W"
USW00014819,"CHICAGO MIDWAY AIRPORT, IL US",41.78412,-87.75514,185.8,2024-01-13,1.1,",,W",-16.6,",,W"
USW00014819,"CHICAGO MIDWAY AIRPORT, IL US",41.78412,-87.75514,185.8,2024-01-14,-16.6,",,W",-22.7,",,W"
USW00014819,"CHICAGO MIDWAY AIRPORT, IL US",41.78412,-87.75514,185.8,2024-01-15,-15.5,",,W",-22.7,",,W"
USW00014819,"CHICAGO MIDWAY AIRPORT, IL US",41.78412,-87.75514,185.8,2024-01-16,-14.9,",,W",-20.5,",,W"
USW00014819,"CHICAGO MIDWAY AIRPORT, IL US",41.78412,-87.75514,185.8,2024-01-17,-4.9,",,W",-15.5,",,W"
USW00014819,"CHICAGO MIDWAY AIRPORT, IL US",41.78412,-87.75514,185.8,2024-01-18,-2.1,",,W",-10.5,",,W"
USW00014819,"CHICAGO MIDWAY AIRPORT, IL US",41.78412,-87.75514,185.8,2024-01-19,-8.8,",,W",-14.3,",,W"
USW00014819,"CHICAGO MIDWAY AIRPORT, IL US",41.78412,-87.75514,185.8,2024-01-20,-6.6,",,W",-14.9,",,W"
USW00014819,"CHICAGO MIDWAY AIRPORT, IL US",41.78412,-87.75514,185.8,2024-01-21,-5.5,",,W",-16.6,",,W"
USW00014819,"CHICAGO MIDWAY AIRPORT, IL US",41.78412,-87.75514,185.8,2024-01-22,1.7,",,W",-5.5,",,W"
USW00014819,"CHICAGO MIDWAY AIRPORT, IL US",41.78412,-87.75514,185.8,2024-01-23,3.3,",,W",1.1,",,W"
USW00014819,"CHICAGO MIDWAY AIRPORT, IL US",41.78412,-87.75514,185.8,2024-01-24,4.4,",,W",1.1,",,W"
USW00014819,"CHICAGO MIDWAY AIRPORT, IL US",41.78412,-87.75514,185.8,2024-01-25,5.6,",,W",3.3,",,W"
USW00014819,"CHICAGO MIDWAY AIRPORT, IL US",41.78412,-87.75514,185.8,2024-01-26,5.6,",,W",3.9,",,W"
USW00014819,"CHICAGO MIDWAY AIRPORT, IL US",41.78412,-87.75514,185.8,2024-01-27,5.6,",,W",3.3,",,W"
USW00014819,"CHICAGO MIDWAY AIRPORT, IL US",41.78412,-87.75514,185.8,2024-01-28,5,",,W",1.7,",,W"
USW00014819,"CHICAGO MIDWAY AIRPORT, IL US",41.78412,-87.75514,185.8,2024-01-29,4.4,",,W",-0.5,",,W"
USW00014819,"CHICAGO MIDWAY AIRPORT, IL US",41.78412,-87.75514,185.8,2024-01-30,5.6,",,W",2.8,",,W"
USW00014819,"CHICAGO MIDWAY AIRPORT, IL US",41.78412,-87.75514,185.8,2024-01-31,4.4,",,W",2.8,",,W"
USW00014819,"CHICAGO MIDWAY AIRPORT, IL US",41.78412,-87.75514,185.8,2024-02-01,13.3,",,W",2.2,",,W"
USW00014819,"CHICAGO MIDWAY AIRPORT, IL US",41.78412,-87.75514,185.8,2024-02-02,6.1,",,W",0.6,",,W"
USW00014819,"CHICAGO MIDWAY AIRPORT, IL US",41.78412,-87.75514,185.8,2024-02-03,4.4,",,W",-0.5,",,W"
USW00014819,"CHICAGO MIDWAY AIRPORT, IL US",41.78412,-87.75514,185.8,2024-02-04,8.3,",,W",0,",,W"
USW00014819,"CHICAGO MIDWAY AIRPORT, IL US",41.78412,-87.75514,185.8,2024-02-05,6.7,",,W",0.6,",,W"
USW00014819,"CHICAGO MIDWAY AIRPORT, IL US",41.78412,-87.75514,185.8,2024-02-06,6.1,",,W",0.6,",,W"
USW00014819,"CHICAGO MIDWAY AIRPORT, IL US",41.78412,-87.75514,185.8,2024-02-07,8.9,",,W",-1,",,W"
USW00014819,"CHICAGO MIDWAY AIRPORT, IL US",41.78412,-87.75514,185.8,2024-02-08,15.6,",,W",8.3,",,W"
USW00014819,"CHICAGO MIDWAY AIRPORT, IL US",41.78412,-87.75514,185.8,2024-02-09,14.4,",,W",3.3,",,W"
USW00014819,"CHICAGO MIDWAY AIRPORT, IL US",41.78412,-87.75514,185.8,2024-02-10,6.1,",,W",0.6,",,W"
USW00014819,"CHICAGO MIDWAY AIRPORT, IL US",41.78412,-87.75514,185.8,2024-02-11,6.1,",,W",-1.6,",,W"
USW00014819,"CHICAGO MIDWAY AIRPORT, IL US",41.78412,-87.75514,185.8,2024-02-12,7.8,",,W",-3.8,",,W"
USW00014819,"CHICAGO MIDWAY AIRPORT, IL US",41.78412,-87.75514,185.8,2024-02-13,5.6,",,W",-1,",,W"
USW00014819,"CHICAGO MIDWAY AIRPORT, IL US",41.78412,-87.75514,185.8,2024-02-14,8.9,",,W",-2.7,",,W"
USW00014819,"CHICAGO MIDWAY AIRPORT, IL US",41.78412,-87.75514,185.8,2024-02-15,7.8,",,W",0,",,W"
USW00014819,"CHICAGO MIDWAY AIRPORT, IL US",41.78412,-87.75514,185.8,2024-02-16,0.6,",,W",-5.5,",,W"
USW00014819,"CHICAGO MIDWAY AIRPORT, IL US",41.78412,-87.75514,185.8,2024-02-17,-1,",,W",-9.9,",,W"
USW00014819,"CHICAGO MIDWAY AIRPORT, IL US",41.78412,-87.75514,185.8,2024-02-18,8.3,",,W",-4.3,",,W"
USW00014819,"CHICAGO MIDWAY AIRPORT, IL US",41.78412,-87.75514,185.8,2024-02-19,11.1,",,W",-3.2,",,W"
USW00014819,"CHICAGO MIDWAY AIRPORT, IL US",41.78412,-87.75514,185.8,2024-02-20,14.4,",,W",0,",,W"
USW00014819,"CHICAGO MIDWAY AIRPORT, IL US",41.78412,-87.75514,185.8,2024-02-21,20,",,W",7.8,",,W"
USW00014819,"CHICAGO MIDWAY AIRPORT, IL US",41.78412,-87.75514,185.8,2024-02-22,16.1,",,W",7.8,",,W"
USW00014819,"CHICAGO MIDWAY AIRPORT, IL US",41.78412,-87.75514,185.8,2024-02-23,11.1,",,W",-1.6,",,W"
USW00014819,"CHICAGO MIDWAY AIRPORT, IL US",41.78412,-87.75514,185.8,2024-02-24,2.2,",,W",-4.3,",,W"
USW00014819,"CHICAGO MIDWAY AIRPORT, IL US",41.78412,-87.75514,185.8,2024-02-25,16.7,",,W",0,",,W"
USW00014819,"CHICAGO MIDWAY AIRPORT, IL US",41.78412,-87.75514,185.8,2024-02-26,22.2,",,W",5.6,",,W"
USW00014819,"CHICAGO MIDWAY AIRPORT, IL US",41.78412,-87.75514,185.8,2024-02-27,23.3,",,W",11.7,",,W"
USW00014819,"CHICAGO MIDWAY AIRPORT, IL US",41.78412,-87.75514,185.8,2024-02-28,11.7,",,W",-4.9,",,W"
USW00014819,"CHICAGO MIDWAY AIRPORT, IL US",41.78412,-87.75514,185.8,2024-02-29,7.8,",,W",-6.6,",,W"
USW00014819,"CHICAGO MIDWAY AIRPORT, IL US",41.78412,-87.75514,185.8,2024-03-01,8.3,",,W",0,",,W"
USW00014819,"CHICAGO MIDWAY AIRPORT, IL US",41.78412,-87.75514,185.8,2024-03-02,15.6,",,W",2.8,",,W"
USW00014819,"CHICAGO MIDWAY AIRPORT, IL US",41.78412,-87.75514,185.8,2024-03-03,23.3,",,W",7.2,",,W"
USW00014819,"CHICAGO MIDWAY AIRPORT, IL US",41.78412,-87.75514,185.8,2024-03-04,22.2,",,W",7.2,",,W"
USW00014819,"CHICAGO MIDWAY AIRPORT, IL US",41.78412,-87.75514,185.8,2024-03-05,7.2,",,W",4.4,",,W"
USW00014819,"CHICAGO MIDWAY AIRPORT, IL US",41.78412,-87.75514,185.8,2024-03-06,10,",,W",4.4,",,W"
USW00014819,"CHICAGO MIDWAY AIRPORT, IL US",41.78412,-87.75514,185.8,2024-03-07,10,",,W",3.9,",,W"
USW00014819,"CHICAGO MIDWAY AIRPORT, IL US",41.78412,-87.75514,185.8,2024-03-08,8.3,",,W",5,",,W"
USW00014819,"CHICAGO MIDWAY AIRPORT, IL US",41.78412,-87.75514,185.8,2024-03-09,8.3,",,W",1.1,",,W"
USW00014819,"CHICAGO MIDWAY AIRPORT, IL US",41.78412,-87.75514,185.8,2024-03-10,9.4,",,W",-0.5,",,W"
USW00014819,"CHICAGO MIDWAY AIRPORT, IL US",41.78412,-87.75514,185.8,2024-03-11,20,",,W",0.6,",,W"
USW00014819,"CHICAGO MIDWAY AIRPORT, IL US",41.78412,-87.75514,185.8,2024-03-12,22.2,",,W",8.9,",,W"
USW00014819,"CHICAGO MIDWAY AIRPORT, IL US",41.78412,-87.75514,185.8,2024-03-13,20.6,",,W",8.9,",,W"
USW00014819,"CHICAGO MIDWAY AIRPORT, IL US",41.78412,-87.75514,185.8,2024-03-14,19.4,",,W",5.6,",,W"
USW00014819,"CHICAGO MIDWAY AIRPORT, IL US",41.78412,-87.75514,185.8,2024-03-15,11.1,",,W",3.3,",,W"
USW00014819,"CHICAGO MIDWAY AIRPORT, IL US",41.78412,-87.75514,185.8,2024-03-16,15.6,",,W",4.4,",,W"
USW00014819,"CHICAGO MIDWAY AIRPORT, IL US",41.78412,-87.75514,185.8,2024-03-17,6.1,",,W",-0.5,",,W"
USW00014819,"CHICAGO MIDWAY AIRPORT, IL US",41.78412,-87.75514,185.8,2024-03-18,2.8,",,W",-3.2,",,W"
USW00014819,"CHICAGO MIDWAY AIRPORT, IL US",41.78412,-87.75514,185.8,2024-03-19,15,",,W",-1,",,W"
USW00014819,"CHICAGO MIDWAY AIRPORT, IL US",41.78412,-87.75514,185.8,2024-03-20,7.2,",,W",-0.5,",,W"
USW00014819,"CHICAGO MIDWAY AIRPORT, IL US",41.78412,-87.75514,185.8,2024-03-21,5,",,W",-2.1,",,W"
USW00014819,"CHICAGO MIDWAY AIRPORT, IL US",41.78412,-87.75514,185.8,2024-03-22,4.4,",,W",-0.5,",,W"
USW00014819,"CHICAGO MIDWAY AIRPORT, IL US",41.78412,-87.75514,185.8,2024-03-23,4.4,",,W",0,",,W"
USW00014819,"CHICAGO MIDWAY AIRPORT, IL US",41.78412,-87.75514,185.8,2024-03-24,10,",,W",0.6,",,W"
USW00014819,"CHICAGO MIDWAY AIRPORT, IL US",41.78412,-87.75514,185.8,2024-03-25,18.9,",,W",8.3,",,W"
USW00014819,"CHICAGO MIDWAY AIRPORT, IL US",41.78412,-87.75514,185.8,2024-03-26,14.4,",,W",1.1,",,W"
USW00014819,"CHICAGO MIDWAY AIRPORT, IL US",41.78412,-87.75514,185.8,2024-03-27,6.7,",,W",-1,",,W"
USW00014819,"CHICAGO MIDWAY AIRPORT, IL US",41.78412,-87.75514,185.8,2024-03-28,11.1,",,W",-0.5,",,W"
USW00014819,"CHICAGO MIDWAY AIRPORT, IL US",41.78412,-87.75514,185.8,2024-03-29,11.7,",,W",2.2,",,W"
USW00014819,"CHICAGO MIDWAY AIRPORT, IL US",41.78412,-87.75514,185.8,2024-03-30,17.8,",,W",5,",,W"
USW00014819,"CHICAGO MIDWAY AIRPORT, IL US",41.78412,-87.75514,185.8,2024-03-31,10.6,",,W",4.4,",,W"
USW00014819,"CHICAGO MIDWAY AIRPORT, IL US",41.78412,-87.75514,185.8,2024-04-01,10.6,",,W",6.7,",,W"
USW00014819,"CHICAGO MIDWAY AIRPORT, IL US",41.78412,-87.75514,185.8,2024-04-02,16.7,",,W",2.8,",,W"
USW00014819,"CHICAGO MIDWAY AIRPORT, IL US",41.78412,-87.75514,185.8,2024-04-03,4.4,",,W",1.7,",,W"
USW00014819,"CHICAGO MIDWAY AIRPORT, IL US",41.78412,-87.75514,185.8,2024-04-04,6.1,",,W",3.3,",,W"
USW00014819,"CHICAGO MIDWAY AIRPORT, IL US",41.78412,-87.75514,185.8,2024-04-05,10,",,W",2.8,",,W"
USW00014819,"CHICAGO MIDWAY AIRPORT, IL US",41.78412,-87.75514,185.8,2024-04-06,11.7,",,W",0.6,",,W"
USW00014819,"CHICAGO MIDWAY AIRPORT, IL US",41.78412,-87.75514,185.8,2024-04-07,11.1,",,W",4.4,",,W"
USW00014819,"CHICAGO MIDWAY AIRPORT, IL US",41.78412,-87.75514,185.8,2024-04-08,22.8,",,W",8.9,",,W"
USW00014819,"CHICAGO MIDWAY AIRPORT, IL US",41.78412,-87.75514,185.8,2024-04-09,17.8,",,W",10,",,W"
USW00014819,"CHICAGO MIDWAY AIRPORT, IL US",41.78412,-87.75514,185.8,2024-04-10,20,",,W",6.7,",,W"
USW00014819,"CHICAGO MIDWAY AIRPORT, IL US",41.78412,-87.75514,185.8,2024-04-11,14.4,",,W",10,",,W"
USW00014819,"CHICAGO MIDWAY AIRPORT, IL US",41.78412,-87.75514,185.8,2024-04-12,18.3,",,W",7.8,",,W"
USW00014819,"CHICAGO MIDWAY AIRPORT, IL US",41.78412,-87.75514,185.8,2024-04-13,21.7,",,W",6.1,",,W"
USW00014819,"CHICAGO MIDWAY AIRPORT, IL US",41.78412,-87.75514,185.8,2024-04-14,27.2,",,W",14.4,",,W"
USW00014819,"CHICAGO MIDWAY AIRPORT, IL US",41.78412,-87.75514,185.8,2024-04-15,23.3,",,W",10,",,W"
USW00014819,"CHICAGO MIDWAY AIRPORT, IL US",41.78412,-87.75514,185.8,2024-04-16,27.2,",,W",11.7,",,W"
USW00014819,"CHICAGO MIDWAY AIRPORT, IL US",41.78412,-87.75514,185.8,2024-04-17,21.1,",,W",12.2,",,W"
USW00014819,"CHICAGO MIDWAY AIRPORT, IL US",41.78412,-87.75514,185.8,2024-04-18,15.6,",,W",8.3,",,W"
USW00014819,"CHICAGO MIDWAY AIRPORT, IL US",41.78412,-87.75514,185.8,2024-04-19,14.4,",,W",6.1,",,W"
USW00014819,"CHICAGO MIDWAY AIRPORT, IL US",41.78412,-87.75514,185.8,2024-04-20,9.4,",,W",2.2,",,W"
USW00014819,"CHICAGO MIDWAY AIRPORT, IL US",41.78412,-87.75514,185.8,2024-04-21,15,",,W",1.7,",,W"
USW00014819,"CHICAGO MIDWAY AIRPORT, IL US",41.78412,-87.75514,185.8,2024-04-22,20,",,W",5.6,",,W"
USW00014819,"CHICAGO MIDWAY AIRPORT, IL US",41.78412,-87.75514,185.8,2024-04-23,17.8,",,W",6.1,",,W"
USW00014819,"CHICAGO MIDWAY AIRPORT, IL US",41.78412,-87.75514,185.8,2024-04-24,8.3,",,W",2.8,",,W"
USW00014819,"CHICAGO MIDWAY AIRPORT, IL US",41.78412,-87.75514,185.8,2024-04-25,13.9,",,W",1.1,",,W"
USW00014819,"CHICAGO MIDWAY AIRPORT, IL US",41.78412,-87.75514,185.8,2024-04-26,17.8,",,W",7.2,",,W"
USW00014819,"CHICAGO MIDWAY AIRPORT, IL US",41.78412,-87.75514,185.8,2024-04-27,26.1,",,W",15.6,",,W"
USW00014819,"CHICAGO MIDWAY AIRPORT, IL US",41.78412,-87.75514,185.8,2024-04-28,25,",,W",16.7,",,W"
USW00014819,"CHICAGO MIDWAY AIRPORT, IL US",41.78412,-87.75514,185.8,2024-04-29,21.1,",,W",12.2,",,W"
USW00014819,"CHICAGO MIDWAY AIRPORT, IL US",41.78412,-87.75514,185.8,2024-04-30,23.9,",,W",10,",,W"
USW00014819,"CHICAGO MIDWAY AIRPORT, IL US",41.78412,-87.75514,185.8,2024-05-01,25.6,",,W",15.6,",,W"
USW00014819,"CHICAGO MIDWAY AIRPORT, IL US",41.78412,-87.75514,185.8,2024-05-02,27.8,",,W",13.9,",,W"
USW00014819,"CHICAGO MIDWAY AIRPORT, IL US",41.78412,-87.75514,185.8,2024-05-03,20,",,W",11.7,",,W"
USW00014819,"CHICAGO MIDWAY AIRPORT, IL US",41.78412,-87.75514,185.8,2024-05-04,27.8,",,W",10.6,",,W"
USW00014819,"CHICAGO MIDWAY AIRPORT, IL US",41.78412,-87.75514,185.8,2024-05-05,18.3,",,W",11.1,",,W"
USW00014819,"CHICAGO MIDWAY AIRPORT, IL US",41.78412,-87.75514,185.8,2024-05-06,21.7,",,W",10,",,W"
USW00014819,"CHICAGO MIDWAY AIRPORT, IL US",41.78412,-87.75514,185.8,2024-05-07,25,",,W",15.6,",,W"
USW00014819,"CHICAGO MIDWAY AIRPORT, IL US",41.78412,-87.75514,185.8,2024-05-08,25.6,",,W",12.2,",,W"
USW00014819,"CHICAGO MIDWAY AIRPORT, IL US",41.78412,-87.75514,185.8,2024-05-09,18.3,",,W",10.6,",,W"
USW00014819,"CHICAGO MIDWAY AIRPORT, IL US",41.78412,-87.75514,185.8,2024-05-10,20.6,",,W",8.9,",,W"
USW00014819,"CHICAGO MIDWAY AIRPORT, IL US",41.78412,-87.75514,185.8,2024-05-11,21.7,",,W",11.1,",,W"
USW00014819,"CHICAGO MIDWAY AIRPORT, IL US",41.78412,-87.75514,185.8,2024-05-12,28.9,",,W",10.6,",,W"
USW00014819,"CHICAGO MIDWAY AIRPORT, IL US",41.78412,-87.75514,185.8,2024-05-13,27.8,",,W",16.7,",,W"
USW00014819,"CHICAGO MIDWAY AIRPORT, IL US",41.78412,-87.75514,185.8,2024-05-14,17.8,",,W",11.7,",,W"
USW00014819,"CHICAGO MIDWAY AIRPORT, IL US",41.78412,-87.75514,185.8,2024-05-15,21.1,",,W",12.2,",,W"
USW00014819,"CHICAGO MIDWAY AIRPORT, IL US",41.78412,-87.75514,185.8,2024-05-16,24.4,",,W",11.1,",,W"
USW00014819,"CHICAGO MIDWAY AIRPORT, IL US",41.78412,-87.75514,185.8,2024-05-17,27.2,",,W",15.6,",,W"
USW00014819,"CHICAGO MIDWAY AIRPORT, IL US",41.78412,-87.75514,185.8,2024-05-18,30.6,",,W",16.1,",,W"
USW00014819,"CHICAGO MIDWAY AIRPORT, IL US",41.78412,-87.75514,185.8,2024-05-19,25,",,W",17.2,",,W"
USW00014819,"CHICAGO MIDWAY AIRPORT, IL US",41.78412,-87.75514,185.8,2024-05-20,29.4,",,W",17.2,",,W"
USW00014819,"CHICAGO MIDWAY AIRPORT, IL US",41.78412,-87.75514,185.8,2024-05-21,32.8,",,W",17.2,",,W"
USW00014819,"CHICAGO MIDWAY AIRPORT, IL US",41.78412,-87.75514,185.8,2024-05-22,27.2,",,W",17.8,",,W"
USW00014819,"CHICAGO MIDWAY AIRPORT, IL US",41.78412,-87.75514,185.8,2024-05-23,26.7,",,W",13.9,",,W"
USW00014819,"CHICAGO MIDWAY AIRPORT, IL US",41.78412,-87.75514,185.8,2024-05-24,26.1,",,W",18.9,",,W"
USW00014819,"CHICAGO MIDWAY AIRPORT, IL US",41.78412,-87.75514,185.8,2024-05-25,23.3,",,W",15,",,W"
USW00014819,"CHICAGO MIDWAY AIRPORT, IL US",41.78412,-87.75514,185.8,2024-05-26,23.9,",,W",15,",,W"
USW00014819,"CHICAGO MIDWAY AIRPORT, IL US",41.78412,-87.75514,185.8,2024-05-27,23.9,",,W",15,",,W"
USW00014819,"CHICAGO MIDWAY AIRPORT, IL US",41.78412,-87.75514,185.8,2024-05-28,22.8,",,W",13.3,",,W"
USW00014819,"CHICAGO MIDWAY AIRPORT, IL US",41.78412,-87.75514,185.8,2024-05-29,21.7,",,W",11.7,",,W"
USW00014819,"CHICAGO MIDWAY AIRPORT, IL US",41.78412,-87.75514,185.8,2024-05-30,21.7,",,W",9.4,",,W"
USW00014819,"CHICAGO MIDWAY AIRPORT, IL US",41.78412,-87.75514,185.8,2024-05-31,27.2,",,W",12.2,",,W"
USW00014819,"CHICAGO MIDWAY AIRPORT, IL US",41.78412,-87.75514,185.8,2024-06-01,20.6,",,W",16.1,",,W"
USW00014819,"CHICAGO MIDWAY AIRPORT, IL US",41.78412,-87.75514,185.8,2024-06-02,24.4,",,W",15.6,",,W"
USW00014819,"CHICAGO MIDWAY AIRPORT, IL US",41.78412,-87.75514,185.8,2024-06-03,31.7,",,W",16.1,",,W"
USW00014819,"CHICAGO MIDWAY AIRPORT, IL US",41.78412,-87.75514,185.8,2024-06-04,30.6,",,W",21.7,",,W"
USW00014819,"CHICAGO MIDWAY AIRPORT, IL US",41.78412,-87.75514,185.8,2024-06-05,27.2,",,W",20.6,",,W"
USW00014819,"CHICAGO MIDWAY AIRPORT, IL US",41.78412,-87.75514,185.8,2024-06-06,26.7,",,W",18.3,",,W"
USW00014819,"CHICAGO MIDWAY AIRPORT, IL US",41.78412,-87.75514,185.8,2024-06-07,26.7,",,W",15.6,",,W"
USW00014819,"CHICAGO MIDWAY AIRPORT, IL US",41.78412,-87.75514,185.8,2024-06-08,26.7,",,W",13.3,",,W"
USW00014819,"CHICAGO MIDWAY AIRPORT, IL US",41.78412,-87.75514,185.8,2024-06-09,27.8,",,W",12.8,",,W"
USW00014819,"CHICAGO MIDWAY AIRPORT, IL US",41.78412,-87.75514,185.8,2024-06-10,20.6,",,W",12.8,",,W"
USW00014819,"CHICAGO MIDWAY AIRPORT, IL US",41.78412,-87.75514,185.8,2024-06-11,26.1,",,W",10,",,W"
USW00014819,"CHICAGO MIDWAY AIRPORT, IL US",41.78412,-87.75514,185.8,2024-06-12,33.3,",,W",20,",,W"
USW00014819,"CHICAGO MIDWAY AIRPORT, IL US",41.78412,-87.75514,185.8,2024-06-13,32.8,",,W",22.8,",,W"
USW00014819,"CHICAGO MIDWAY AIRPORT, IL US",41.78412,-87.75514,185.8,2024-06-14,30.6,",,W",18.3,",,W"
USW00014819,"CHICAGO MIDWAY AIRPORT, IL US",41.78412,-87.75514,185.8,2024-06-15,30,",,W",16.7,",,W"
USW00014819,"CHICAGO MIDWAY AIRPORT, IL US",41.78412,-87.75514,185.8,2024-06-16,35.6,",,W",21.7,",,W"
USW00014819,"CHICAGO MIDWAY AIRPORT, IL US",41.78412,-87.75514,185.8,2024-06-17,36.1,",,W",26.1,",,W"
USW00014819,"CHICAGO MIDWAY AIRPORT, IL US",41.78412,-87.75514,185.8,2024-06-18,35,",,W",26.1,",,W"
USW00014819,"CHICAGO MIDWAY AIRPORT, IL US",41.78412,-87.75514,185.8,2024-06-19,35,",,W",25.6,",,W"
USW00014819,"CHICAGO MIDWAY AIRPORT, IL US",41.78412,-87.75514,185.8,2024-06-20,30,",,W",19.4,",,W"
USW00014819,"CHICAGO MIDWAY AIRPORT, IL US",41.78412,-87.75514,185.8,2024-06-21,35,",,W",20,",,W"
USW00014819,"CHICAGO MIDWAY AIRPORT, IL US",41.78412,-87.75514,185.8,2024-06-22,35,",,W",22.8,",,W"
USW00014819,"CHICAGO MIDWAY AIRPORT, IL US",41.78412,-87.75514,185.8,2024-06-23,28.3,",,W",21.7,",,W"
USW00014819,"CHICAGO MIDWAY AIRPORT, IL US",41.78412,-87.75514,185.8,2024-06-24,31.1,",,W",19.4,",,W"
USW00014819,"CHICAGO MIDWAY AIRPORT, IL US",41.78412,-87.75514,185.8,2024-06-25,29.4,",,W",22.8,",,W"
USW00014819,"CHICAGO MIDWAY AIRPORT, IL US",41.78412,-87.75514,185.8,2024-06-26,30.6,",,W",18.9,",,W"
USW00014819,"CHICAGO MIDWAY AIRPORT, IL US",41.78412,-87.75514,185.8,2024-06-27,22.8,",,W",17.2,",,W"
USW00014819,"CHICAGO MIDWAY AIRPORT, IL US",41.78412,-87.75514,185.8,2024-06-28,24.4,",,W",19.4,",,W"
USW00014819,"CHICAGO MIDWAY AIRPORT, IL US",41.78412,-87.75514,185.8,2024-06-29,31.7,",,W",22.8,",,W"
USW00014819,"CHICAGO MIDWAY AIRPORT, IL US",41.78412,-87.75514,185.8,2024-06-30,22.8,",,W",16.1,",,W"
USW00014819,"CHICAGO MIDWAY AIRPORT, IL US",41.78412,-87.75514,185.8,2024-07-01,23.3,",,W",15.6,",,W"
USW00014819,"CHICAGO MIDWAY AIRPORT, IL US",41.78412,-87.75514,185.8,2024-07-02,30,",,W",19.4,",,W"
USW00014819,"CHICAGO MIDWAY AIRPORT, IL US",41.78412,-87.75514,185.8,2024-07-03,32.2,",,W",23.9,",,W"
USW00014819,"CHICAGO MIDWAY AIRPORT, IL US",41.78412,-87.75514,185.8,2024-07-04,28.9,",,W",22.2,",,W"
USW00014819,"CHICAGO MIDWAY AIRPORT, IL US",41.78412,-87.75514,185.8,2024-07-05,29.4,",,W",21.1,",,W"
USW00014819,"CHICAGO MIDWAY AIRPORT, IL US",41.78412,-87.75514,185.8,2024-07-06,27.2,",,W",18.3,",,W"
USW00014819,"CHICAGO MIDWAY AIRPORT, IL US",41.78412,-87.75514,185.8,2024-07-07,31.7,",,W",19.4,",,W"
USW00014819,"CHICAGO MIDWAY AIRPORT, IL US",41.78412,-87.75514,185.8,2024-07-08,30.6,",,W",21.7,",,W"
USW00014819,"CHICAGO MIDWAY AIRPORT, IL US",41.78412,-87.75514,185.8,2024-07-09,26.7,",,W",20.6,",,W"
USW00014819,"CHICAGO MIDWAY AIRPORT, IL US",41.78412,-87.75514,185.8,2024-07-10,28.9,",,W",19.4,",,W"
USW00014819,"CHICAGO MIDWAY AIRPORT, IL US",41.78412,-87.75514,185.8,2024-07-11,27.2,",,W",20.6,",,W"
USW00014819,"CHICAGO MIDWAY AIRPORT, IL US",41.78412,-87.75514,185.8,2024-07-12,29.4,",,W",19.4,",,W"
USW00014819,"CHICAGO MIDWAY AIRPORT, IL US",41.78412,-87.75514,185.8,2024-07-13,33.3,",,W",20,",,W"
USW00014819,"CHICAGO MIDWAY AIRPORT, IL US",41.78412,-87.75514,185.8,2024-07-14,31.7,",,W",20.6,",,W"
USW00014819,"CHICAGO MIDWAY AIRPORT, IL US",41.78412,-87.75514,185.8,2024-07-15,32.8,",,W",21.1,",,W"
USW00014819,"CHICAGO MIDWAY AIRPORT, IL US",41.78412,-87.75514,185.8,2024-07-16,30.6,",,W",21.1,",,W"
USW00014819,"CHICAGO MIDWAY AIRPORT, IL US",41.78412,-87.75514,185.8,2024-07-17,28.9,",,W",20.6,",,W"
USW00014819,"CHICAGO MIDWAY AIRPORT, IL US",41.78412,-87.75514,185.8,2024-07-18,23.9,",,W",18.3,",,W"
USW00014819,"CHICAGO MIDWAY AIRPORT, IL US",41.78412,-87.75514,185.8,2024-07-19,26.7,",,W",16.1,",,W"
USW00014819,"CHICAGO MIDWAY AIRPORT, IL US",41.78412,-87.75514,185.8,2024-07-20,27.2,",,W",17.8,",,W"
USW00014819,"CHICAGO MIDWAY AIRPORT, IL US",41.78412,-87.75514,185.8,2024-07-21,28.9,",,W",19.4,",,W"
USW00014819,"CHICAGO MIDWAY AIRPORT, IL US",41.78412,-87.75514,185.8,2024-07-22,28.9,",,W",19.4,",,W"
USW00014819,"CHICAGO MIDWAY AIRPORT, IL US",41.78412,-87.75514,185.8,2024-07-23,30,",,W",19.4,",,W"
USW00014819,"CHICAGO MIDWAY AIRPORT, IL US",41.78412,-87.75514,185.8,2024-07-24,25,",,W",19.4,",,W"
USW00014819,"CHICAGO MIDWAY AIRPORT, IL US",41.78412,-87.75514,185.8,2024-07-25,25.6,",,W",18.9,",,W"
USW00014819,"CHICAGO MIDWAY AIRPORT, IL US",41.78412,-87.75514,185.8,2024-07-26,27.2,",,W",16.1,",,W"
USW00014819,"CHICAGO MIDWAY AIRPORT, IL US",41.78412,-87.75514,185.8,2024-07-27,30,",,W",19.4,",,W"
USW00014819,"CHICAGO MIDWAY AIRPORT, IL US",41.78412,-87.75514,185.8,2024-07-28,28.3,",,W",21.1,",,W"
USW00014819,"CHICAGO MIDWAY AIRPORT, IL US",41.78412,-87.75514,185.8,2024-07-29,29.4,",,W",22.8,",,W"
USW00014819,"CHICAGO MIDWAY AIRPORT, IL US",41.78412,-87.75514,185.8,2024-07-30,33.3,",,W",21.7,",,W"
USW00014819,"CHICAGO MIDWAY AIRPORT, IL US",41.78412,-87.75514,185.8,2024-07-31,33.3,",,W",22.8,",,W"
USW00014819,"CHICAGO MIDWAY AIRPORT, IL US",41.78412,-87.75514,185.8,2024-08-01,31.7,",,W",21.1,",,W"
USW00014819,"CHICAGO MIDWAY AIRPORT, IL US",41.78412,-87.75514,185.8,2024-08-02,30.6,",,W",21.1,",,W"
USW00014819,"CHICAGO MIDWAY AIRPORT, IL US",41.78412,-87.75514,185.8,2024-08-03,32.8,",,W",22.2,",,W"
USW00014819,"CHICAGO MIDWAY AIRPORT, IL US",41.78412,-87.75514,185.8,2024-08-04,32.2,",,W",22.2,",,W"
USW00014819,"CHICAGO MIDWAY AIRPORT, IL US",41.78412,-87.75514,185.8,2024-08-05,33.3,",,W",23.9,",,W"
USW00014819,"CHICAGO MIDWAY AIRPORT, IL US",41.78412,-87.75514,185.8,2024-08-06,26.1,",,W",21.1,",,W"
USW00014819,"CHICAGO MIDWAY AIRPORT, IL US",41.78412,-87.75514,185.8,2024-08-07,25.6,",,W",20.6,",,W"
USW00014819,"CHICAGO MIDWAY AIRPORT, IL US",41.78412,-87.75514,185.8,2024-08-08,29.4,",,W",17.8,",,W"
USW00014819,"CHICAGO MIDWAY AIRPORT, IL US",41.78412,-87.75514,185.8,2024-08-09,23.3,",,W",16.1,",,W"
USW00014819,"CHICAGO MIDWAY AIRPORT, IL US",41.78412,-87.75514,185.8,2024-08-10,24.4,",,W",13.9,",,W"
USW00014819,"CHICAGO MIDWAY AIRPORT, IL US",41.78412,-87.75514,185.8,2024-08-11,26.7,",,W",15,",,W"
USW00014819,"CHICAGO MIDWAY AIRPORT, IL US",41.78412,-87.75514,185.8,2024-08-12,27.2,",,W",16.1,",,W"
USW00014819,"CHICAGO MIDWAY AIRPORT, IL US",41.78412,-87.75514,185.8,2024-08-13,30,",,W",17.8,",,W"
USW00014819,"CHICAGO MIDWAY AIRPORT, IL US",41.78412,-87.75514,185.8,2024-08-14,30,",,W",18.9,",,W"
USW00014819,"CHICAGO MIDWAY AIRPORT, IL US",41.78412,-87.75514,185.8,2024-08-15,25,",,W",20.6,",,W"
USW00014819,"CHICAGO MIDWAY AIRPORT, IL US",41.78412,-87.75514,185.8,2024-08-16,31.1,",,W",20,",,W"
USW00014819,"CHICAGO MIDWAY AIRPORT, IL US",41.78412,-87.75514,185.8,2024-08-17,28.3,",,W",21.1,",,W"
USW00014819,"CHICAGO MIDWAY AIRPORT, IL US",41.78412,-87.75514,185.8,2024-08-18,26.1,",,W",20,",,W"
USW00014819,"CHICAGO MIDWAY AIRPORT, IL US",41.78412,-87.75514,185.8,2024-08-19,25,",,W",17.8,",,W"
USW00014819,"CHICAGO MIDWAY AIRPORT, IL US",41.78412,-87.75514,185.8,2024-08-20,22.8,",,W",15.6,",,W"
USW00014819,"CHICAGO MIDWAY AIRPORT, IL US",41.78412,-87.75514,185.8,2024-08-21,24.4,",,W",13.9,",,W"
USW00014819,"CHICAGO MIDWAY AIRPORT, IL US",41.78412,-87.75514,185.8,2024-08-22,26.7,",,W",13.3,",,W"
USW00014819,"CHICAGO MIDWAY AIRPORT, IL US",41.78412,-87.75514,185.8,2024-08-23,27.8,",,W",16.1,",,W"
USW00014819,"CHICAGO MIDWAY AIRPORT, IL US",41.78412,-87.75514,185.8,2024-08-24,32.8,",,W",17.8,",,W"
USW00014819,"CHICAGO MIDWAY AIRPORT, IL US",41.78412,-87.75514,185.8,2024-08-25,33.3,",,W",23.3,",,W"
USW00014819,"CHICAGO MIDWAY AIRPORT, IL US",41.78412,-87.75514,185.8,2024-08-26,35,",,W",25,",,W"
USW00014819,"CHICAGO MIDWAY AIRPORT, IL US",41.78412,-87.75514,185.8,2024-08-27,37.2,",,W",23.9,",,W"
USW00014819,"CHICAGO MIDWAY AIRPORT, IL US",41.78412,-87.75514,185.8,2024-08-28,30.6,",,W",22.8,",,W"
USW00014819,"CHICAGO MIDWAY AIRPORT, IL US",41.78412,-87.75514,185.8,2024-08-29,29.4,",,W",22.8,",,W"
USW00014819,"CHICAGO MIDWAY AIRPORT, IL US",41.78412,-87.75514,185.8,2024-08-30,30.6,",,W",22.2,",,W"
USW00014819,"CHICAGO MIDWAY AIRPORT, IL US",41.78412,-87.75514,185.8,2024-08-31,29.4,",,W",17.2,",,W"
USW00014819,"CHICAGO MIDWAY AIRPORT, IL US",41.78412,-87.75514,185.8,2024-09-01,25,",,W",17.8,",,W"
USW00014819,"CHICAGO MIDWAY AIRPORT, IL US",41.78412,-87.75514,185.8,2024-09-02,23.9,",,W",16.1,",,W"
USW00014819,"CHICAGO MIDWAY AIRPORT, IL US",41.78412,-87.75514,185.8,2024-09-03,25.6,",,W",15.6,",,W"
USW00014819,"CHICAGO MIDWAY AIRPORT, IL US",41.78412,-87.75514,185.8,2024-09-04,28.9,",,W",15.6,",,W"
USW00014819,"CHICAGO MIDWAY AIRPORT, IL US",41.78412,-87.75514,185.8,2024-09-05,30.6,",,W",18.9,",,W"
USW00014819,"CHICAGO MIDWAY AIRPORT, IL US",41.78412,-87.75514,185.8,2024-09-06,22.8,",,W",15.6,",,W"
USW00014819,"CHICAGO MIDWAY AIRPORT, IL US",41.78412,-87.75514,185.8,2024-09-07,19.4,",,W",10.6,",,W"
USW00014819,"CHICAGO MIDWAY AIRPORT, IL US",41.78412,-87.75514,185.8,2024-09-08,22.8,",,W",9.4,",,W"
USW00014819,"CHICAGO MIDWAY AIRPORT, IL US",41.78412,-87.75514,185.8,2024-09-09,27.8,",,W",13.9,",,W"
USW00014819,"CHICAGO MIDWAY AIRPORT, IL US",41.78412,-87.75514,185.8,2024-09-10,28.3,",,W",14.4,",,W"
USW00014819,"CHICAGO MIDWAY AIRPORT, IL US",41.78412,-87.75514,185.8,2024-09-11,31.1,",,W",15,",,W"
USW00014819,"CHICAGO MIDWAY AIRPORT, IL US",41.78412,-87.75514,185.8,2024-09-12,30.6,",,W",18.3,",,W"
USW00014819,"CHICAGO MIDWAY AIRPORT, IL US",41.78412,-87.75514,185.8,2024-09-13,29.4,",,W",20,",,W"
USW00014819,"CHICAGO MIDWAY AIRPORT, IL US",41.78412,-87.75514,185.8,2024-09-14,30.6,",,W",20.6,",,W"
USW00014819,"CHICAGO MIDWAY AIRPORT, IL US",41.78412,-87.75514,185.8,2024-09-15,31.7,",,W",20.6,",,W"
USW00014819,"CHICAGO MIDWAY AIRPORT, IL US",41.78412,-87.75514,185.8,2024-09-16,32.2,",,W",19.4,",,W"
USW00014819,"CHICAGO MIDWAY AIRPORT, IL US",41.78412,-87.75514,185.8,2024-09-17,29.4,",,W",16.7,",,W"
USW00014819,"CHICAGO MIDWAY AIRPORT, IL US",41.78412,-87.75514,185.8,2024-09-18,31.7,",,W",17.8,",,W"
USW00014819,"CHICAGO MIDWAY AIRPORT, IL US",41.78412,-87.75514,185.8,2024-09-19,32.2,",,W",17.2,",,W"
USW00014819,"CHICAGO MIDWAY AIRPORT, IL US",41.78412,-87.75514,185.8,2024-09-20,33.3,",,W",21.7,",,W"
USW00014819,"CHICAGO MIDWAY AIRPORT, IL US",41.78412,-87.75514,185.8,2024-09-21,33.9,",,W",18.3,",,W"
USW00014819,"CHICAGO MIDWAY AIRPORT, IL US",41.78412,-87.75514,185.8,2024-09-22,25,",,W",18.3,",,W"
USW00014819,"CHICAGO MIDWAY AIRPORT, IL US",41.78412,-87.75514,185.8,2024-09-23,20,",,W",17.2,",,W"
USW00014819,"CHICAGO MIDWAY AIRPORT, IL US",41.78412,-87.75514,185.8,2024-09-24,20,",,W",17.2,",,W"
USW00014819,"CHICAGO MIDWAY AIRPORT, IL US",41.78412,-87.75514,185.8,2024-09-25,25.6,",,W",14.4,",,W"
USW00014819,"CHICAGO MIDWAY AIRPORT, IL US",41.78412,-87.75514,185.8,2024-09-26,25,",,W",13.9,",,W"
USW00014819,"CHICAGO MIDWAY AIRPORT, IL US",41.78412,-87.75514,185.8,2024-09-27,22.8,",,W",20,",,W"
USW00014819,"CHICAGO MIDWAY AIRPORT, IL US",41.78412,-87.75514,185.8,2024-09-28,22.8,",,W",18.9,",,W"
USW00014819,"CHICAGO MIDWAY AIRPORT, IL US",41.78412,-87.75514,185.8,2024-09-29,23.3,",,W",20.6,",,W"
USW00014819,"CHICAGO MIDWAY AIRPORT, IL US",41.78412,-87.75514,185.8,2024-09-30,25.6,",,W",17.8,",,W"
USW00014819,"CHICAGO MIDWAY AIRPORT, IL US",41.78412,-87.75514,185.8,2024-10-01,21.7,",,W",13.3,",,W"
USW00014819,"CHICAGO MIDWAY AIRPORT, IL US",41.78412,-87.75514,185.8,2024-10-02,22.2,",,W",9.4,",,W"
USW00014819,"CHICAGO MIDWAY AIRPORT, IL US",41.78412,-87.75514,185.8,2024-10-03,26.7,",,W",11.7,",,W"
USW00014819,"CHICAGO MIDWAY AIRPORT, IL US",41.78412,-87.75514,185.8,2024-10-04,22.2,",,W",16.1,",,W"
USW00014819,"CHICAGO MIDWAY AIRPORT, IL US",41.78412,-87.75514,185.8,2024-10-05,30,",,W",15.6,",,W"
USW00014819,"CHICAGO MIDWAY AIRPORT, IL US",41.78412,-87.75514,185.8,2024-10-06,23.9,",,W",12.8,",,W"
USW00014819,"CHICAGO MIDWAY AIRPORT, IL US",41.78412,-87.75514,185.8,2024-10-07,20.6,",,W",10,",,W"
USW00014819,"CHICAGO MIDWAY AIRPORT, IL US",41.78412,-87.75514,185.8,2024-10-08,23.3,",,W",10,",,W"
USW00014819,"CHICAGO MIDWAY AIRPORT, IL US",41.78412,-87.75514,185.8,2024-10-09,21.1,",,W",11.7,",,W"
USW00014819,"CHICAGO MIDWAY AIRPORT, IL US",41.78412,-87.75514,185.8,2024-10-10,22.2,",,W",12.8,",,W"
USW00014819,"CHICAGO MIDWAY AIRPORT, IL US",41.78412,-87.75514,185.8,2024-10-11,28.9,",,W",12.2,",,W"
USW00014819,"CHICAGO MIDWAY AIRPORT, IL US",41.78412,-87.75514,185.8,2024-10-12,21.1,",,W",15,",,W"
USW00014819,"CHICAGO MIDWAY AIRPORT, IL US",41.78412,-87.75514,185.8,2024-10-13,20,",,W",10,",,W"
USW00014819,"CHICAGO MIDWAY AIRPORT, IL US",41.78412,-87.75514,185.8,2024-10-14,14.4,",,W",6.7,",,W"
USW00014819,"CHICAGO MIDWAY AIRPORT, IL US",41.78412,-87.75514,185.8,2024-10-15,9.4,",,W",6.1,",,W"
USW00014819,"CHICAGO MIDWAY AIRPORT, IL US",41.78412,-87.75514,185.8,2024-10-16,14.4,",,W",3.3,",,W"
USW00014819,"CHICAGO MIDWAY AIRPORT, IL US",41.78412,-87.75514,185.8,2024-10-17,18.3,",,W",3.3,",,W"
USW00014819,"CHICAGO MIDWAY AIRPORT, IL US",41.78412,-87.75514,185.8,2024-10-18,20.6,",,W",7.2,",,W"
USW00014819,"CHICAGO MIDWAY AIRPORT, IL US",41.78412,-87.75514,185.8,2024-10-19,22.2,",,W",6.7,",,W"
USW00014819,"CHICAGO MIDWAY AIRPORT, IL US",41.78412,-87.75514,185.8,2024-10-20,26.1,",,W",9.4,",,W"
USW00014819,"CHICAGO MIDWAY AIRPORT, IL US",41.78412,-87.75514,185.8,2024-10-21,27.8,",,W",11.7,",,W"
USW00014819,"CHICAGO MIDWAY AIRPORT, IL US",41.78412,-87.75514,185.8,2024-10-22,23.9,",,W",12.8,",,W"
USW00014819,"CHICAGO MIDWAY AIRPORT, IL US",41.78412,-87.75514,185.8,2024-10-23,18.3,",,W",7.8,",,W"
USW00014819,"CHICAGO MIDWAY AIRPORT, IL US",41.78412,-87.75514,185.8,2024-10-24,18.3,",,W",5.6,",,W"
USW00014819,"CHICAGO MIDWAY AIRPORT, IL US",41.78412,-87.75514,185.8,2024-10-25,20,",,W",8.9,",,W"
USW00014819,"CHICAGO MIDWAY AIRPORT, IL US",41.78412,-87.75514,185.8,2024-10-26,15,",,W",7.2,",,W"
USW00014819,"CHICAGO MIDWAY AIRPORT, IL US",41.78412,-87.75514,185.8,2024-10-27,15,",,W",4.4,",,W"
USW00014819,"CHICAGO MIDWAY AIRPORT, IL US",41.78412,-87.75514,185.8,2024-10-28,20,",,W",7.2,",,W"
USW00014819,"CHICAGO MIDWAY AIRPORT, IL US",41.78412,-87.75514,185.8,2024-10-29,28.3,",,W",20,",,W"
USW00014819,"CHICAGO MIDWAY AIRPORT, IL US",41.78412,-87.75514,185.8,2024-10-30,27.2,",,W",20.6,",,W"
USW00014819,"CHICAGO MIDWAY AIRPORT, IL US",41.78412,-87.75514,185.8,2024-10-31,22.2,",,W",6.7,",,W"
USW00014819,"CHICAGO MIDWAY AIRPORT, IL US",41.78412,-87.75514,185.8,2024-11-01,12.2,",,W",3.9,",,W"
USW00014819,"CHICAGO MIDWAY AIRPORT, IL US",41.78412,-87.75514,185.8,2024-11-02,15,",,W",5,",,W"
USW00014819,"CHICAGO MIDWAY AIRPORT, IL US",41.78412,-87.75514,185.8,2024-11-03,18.3,",,W",10,",,W"
USW00014819,"CHICAGO MIDWAY AIRPORT, IL US",41.78412,-87.75514,185.8,2024-11-04,20.6,",,W",17.8,",,W"
USW00014819,"CHICAGO MIDWAY AIRPORT, IL US",41.78412,-87.75514,185.8,2024-11-05,20,",,W",16.1,",,W"
USW00014819,"CHICAGO MIDWAY AIRPORT, IL US",41.78412,-87.75514,185.8,2024-11-06,16.1,",,W",10.6,",,W"
USW00014819,"CHICAGO MIDWAY AIRPORT, IL US",41.78412,-87.75514,185.8,2024-11-07,15.6,",,W",7.2,",,W"
USW00014819,"CHICAGO MIDWAY AIRPORT, IL US",41.78412,-87.75514,185.8,2024-11-08,17.8,",,W",6.1,",,W"
USW00014819,"CHICAGO MIDWAY AIRPORT, IL US",41.78412,-87.75514,185.8,2024-11-09,13.3,",,W",8.9,",,W"
USW00014819,"CHICAGO MIDWAY AIRPORT, IL US",41.78412,-87.75514,185.8,2024-11-10,17.8,",,W",10,",,W"
USW00014819,"CHICAGO MIDWAY AIRPORT, IL US",41.78412,-87.75514,185.8,2024-11-11,15,",,W",7.2,",,W"
USW00014819,"CHICAGO MIDWAY AIRPORT, IL US",41.78412,-87.75514,185.8,2024-11-12,10,",,W",5.6,",,W"
USW00014819,"CHICAGO MIDWAY AIRPORT, IL US",41.78412,-87.75514,185.8,2024-11-13,11.7,",,W",3.9,",,W"
USW00014819,"CHICAGO MIDWAY AIRPORT, IL US",41.78412,-87.75514,185.8,2024-11-14,12.8,",,W",9.4,",,W"
USW00014819,"CHICAGO MIDWAY AIRPORT, IL US",41.78412,-87.75514,185.8,2024-11-15,12.8,",,W",7.2,",,W"
USW00014819,"CHICAGO MIDWAY AIRPORT, IL US",41.78412,-87.75514,185.8,2024-11-16,11.7,",,W",6.7,",,W"
USW00014819,"CHICAGO MIDWAY AIRPORT, IL US",41.78412,-87.75514,185.8,2024-11-17,15.6,",,W",8.3,",,W"
USW00014819,"CHICAGO MIDWAY AIRPORT, IL US",41.78412,-87.75514,185.8,2024-11-18,16.7,",,W",10.6,",,W"
USW00014819,"CHICAGO MIDWAY AIRPORT, IL US",41.78412,-87.75514,185.8,2024-11-19,18.3,",,W",8.3,",,W"
USW00014819,"CHICAGO MIDWAY AIRPORT, IL US",41.78412,-87.75514,185.8,2024-11-20,10,",,W",1.1,",,W"
USW00014819,"CHICAGO MIDWAY AIRPORT, IL US",41.78412,-87.75514,185.8,2024-11-21,4.4,",,W",-0.5,",,W"
USW00014819,"CHICAGO MIDWAY AIRPORT, IL US",41.78412,-87.75514,185.8,2024-11-22,8.9,",,W",2.2,",,W"
USW00014819,"CHICAGO MIDWAY AIRPORT, IL US",41.78412,-87.75514,185.8,2024-11-23,7.2,",,W",3.3,",,W"
USW00014819,"CHICAGO MIDWAY AIRPORT, IL US",41.78412,-87.75514,185.8,2024-11-24,12.2,",,W",3.3,",,W"
USW00014819,"CHICAGO MIDWAY AIRPORT, IL US",41.78412,-87.75514,185.8,2024-11-25,12.8,",,W",2.8,",,W"
USW00014819,"CHICAGO MIDWAY AIRPORT, IL US",41.78412,-87.75514,185.8,2024-11-26,4.4,",,W",-2.7,",,W"
USW00014819,"CHICAGO MIDWAY AIRPORT, IL US",41.78412,-87.75514,185.8,2024-11-27,6.7,",,W",2.2,",,W"
USW00014819,"CHICAGO MIDWAY AIRPORT, IL US",41.78412,-87.75514,185.8,2024-11-28,3.9,",,W",-2.1,",,W"
USW00014819,"CHICAGO MIDWAY AIRPORT, IL US",41.78412,-87.75514,185.8,2024-11-29,-1.6,",,W",-7.1,",,W"
USW00014819,"CHICAGO MIDWAY AIRPORT, IL US",41.78412,-87.75514,185.8,2024-11-30,-3.2,",,W",-9.3,",,W"
USW00014819,"CHICAGO MIDWAY AIRPORT, IL US",41.78412,-87.75514,185.8,2024-12-01,-2.1,",,W",-9.9,",,W"
USW00014819,"CHICAGO MIDWAY AIRPORT, IL US",41.78412,-87.75514,185.8,2024-12-02,-2.1,",,W",-9.9,",,W"
USW00014819,"CHICAGO MIDWAY AIRPORT, IL US",41.78412,-87.75514,185.8,2024-12-03,0,",,W",-7.7,",,W"
USW00014819,"CHICAGO MIDWAY AIRPORT, IL US",41.78412,-87.75514,185.8,2024-12-04,4.4,",,W",-7.7,",,W"
USW00014819,"CHICAGO MIDWAY AIRPORT, IL US",41.78412,-87.75514,185.8,2024-12-05,-1.6,",,W",-10.5,",,W"
USW00014819,"CHICAGO MIDWAY AIRPORT, IL US",41.78412,-87.75514,185.8,2024-12-06,0.6,",,W",-9.3,",,W"
USW00014819,"CHICAGO MIDWAY AIRPORT, IL US",41.78412,-87.75514,185.8,2024-12-07,10.6,",,W",-3.8,",,W"
USW00014819,"CHICAGO MIDWAY AIRPORT, IL US",41.78412,-87.75514,185.8,2024-12-08,13.9,",,W",4.4,",,W"
USW00014819,"CHICAGO MIDWAY AIRPORT, IL US",41.78412,-87.75514,185.8,2024-12-09,12.8,",,W",7.2,",,W"
USW00014819,"CHICAGO MIDWAY AIRPORT, IL US",41.78412,-87.75514,185.8,2024-12-10,7.2,",,W",-0.5,",,W"
USW00014819,"CHICAGO MIDWAY AIRPORT, IL US",41.78412,-87.75514,185.8,2024-12-11,0.6,",,W",-10.5,",,W"
USW00014819,"CHICAGO MIDWAY AIRPORT, IL US",41.78412,-87.75514,185.8,2024-12-12,-8.8,",,W",-14.9,",,W"
USW00014819,"CHICAGO MIDWAY AIRPORT, IL US",41.78412,-87.75514,185.8,2024-12-13,-2.1,",,W",-12.7,",,W"
USW00014819,"CHICAGO MIDWAY AIRPORT, IL US",41.78412,-87.75514,185.8,2024-12-14,5,",,W",-3.2,",,W"
USW00014819,"CHICAGO MIDWAY AIRPORT, IL US",41.78412,-87.75514,185.8,2024-12-15,7.8,",,W",4.4,",,W"
USW00014819,"CHICAGO MIDWAY AIRPORT, IL US",41.78412,-87.75514,185.8,2024-12-16,12.2,",,W",2.8,",,W"
USW00014819,"CHICAGO MIDWAY AIRPORT, IL US",41.78412,-87.75514,185.8,2024-12-17,3.9,",,W",0.6,",,W"
USW00014819,"CHICAGO MIDWAY AIRPORT, IL US",41.78412,-87.75514,185.8,2024-12-18,2.8,",,W",-2.7,",,W"
USW00014819,"CHICAGO MIDWAY AIRPORT, IL US",41.78412,-87.75514,185.8,2024-12-19,1.1,",,W",-2.7,",,W"
USW00014819,"CHICAGO MIDWAY AIRPORT, IL US",41.78412,-87.75514,185.8,2024-12-20,2.2,",,W",-4.3,",,W"
USW00014819,"CHICAGO MIDWAY AIRPORT, IL US",41.78412,-87.75514,185.8,2024-12-21,-1.6,",,W",-8.2,",,W"
USW00014819,"CHICAGO MIDWAY AIRPORT, IL US",41.78412,-87.75514,185.8,2024-12-22,1.1,",,W",-8.2,",,W"
USW00014819,"CHICAGO MIDWAY AIRPORT, IL US",41.78412,-87.75514,185.8,2024-12-23,5.6,",,W",0.6,",,W"
USW00014819,"CHICAGO MIDWAY AIRPORT, IL US",41.78412,-87.75514,185.8,2024-12-24,3.9,",,W",1.7,",,W"
USW00014819,"CHICAGO MIDWAY AIRPORT, IL US",41.78412,-87.75514,185.8,2024-12-25,3.9,",,W",1.1,",,W"
USW00014819,"CHICAGO MIDWAY AIRPORT, IL US",41.78412,-87.75514,185.8,2024-12-26,9.4,",,W",3.9,",,W"
USW00014819,"CHICAGO MIDWAY AIRPORT, IL US",41.78412,-87.75514,185.8,2024-12-27,12.2,",,W",8.3,",,W"
USW00014819,"CHICAGO MIDWAY AIRPORT, IL US",41.78412,-87.75514,185.8,2024-12-28,11.7,",,W",7.2,",,W"
USW00014819,"CHICAGO MIDWAY AIRPORT, IL US",41.78412,-87.75514,185.8,2024-12-29,9.4,",,W",3.3,",,W"
USW00014819,"CHICAGO MIDWAY AIRPORT, IL US",41.78412,-87.75514,185.8,2024-12-30,5.6,",,W",1.1,",,W"
USW00014819,"CHICAGO MIDWAY AIRPORT, IL US",41.78412,-87.75514,185.8,2024-12-31,6.1,",,W",1.7,",,W"
