id,station,name,tmax_noaa,tmin_noaa,date,tmax,tmin
1,USC00111550,"CHICAGO NORTHERLY ISLAND, IL US",5,-4.4,2017-01-01,5,-5.9
2,USC00111550,"CHICAGO NORTHERLY ISLAND, IL US",3.3,-1.1,2017-01-02,4.35,-2.2
3,USC00111550,"CHICAGO NORTHERLY ISLAND, IL US",4.4,-5.6,2017-01-03,4.79,-3.64
4,USC00111550,"CHICAGO NORTHERLY ISLAND, IL US",-5.6,-12.2,2017-01-04,-5.38,-12.21
5,USC00111550,"CHICAGO NORTHERLY ISLAND, IL US",-10,-14.4,2017-01-05,-9.71,-14.57
6,USC00111550,"CHICAGO NORTHERLY ISLAND, IL US",-11.7,-16.7,2017-01-06,-11.87,-16.99
7,USC00111550,"CHICAGO NORTHERLY ISLAND, IL US",-7.2,-15.6,2017-01-07,-7.51,-16.85
8,USC00111550,"CHICAGO NORTHERLY ISLAND, IL US",-7.2,-14.4,2017-01-08,-6.59,-15.41
9,USC00111550,"CHICAGO NORTHERLY ISLAND, IL US",0.6,-7.2,2017-01-09,1.53,-9.82
10,USC00111550,"CHICAGO NORTHERLY ISLAND, IL US",11.1,-2.8,2017-01-10,10.66,-3.84
11,USC00111550,"CHICAGO NORTHERLY ISLAND, IL US",7.8,-2.8,2017-01-11,7.72,-3.33
12,USC00111550,"CHICAGO NORTHERLY ISLAND, IL US",-1.7,-5.6,2017-01-12,-1.06,-5.36
13,USC00111550,"CHICAGO NORTHERLY ISLAND, IL US",-2.2,-7.2,2017-01-13,-1.76,-7.61
14,USC00111550,"CHICAGO NORTHERLY ISLAND, IL US",0.6,-2.2,2017-01-14,1,-5.5
15,USC00111550,"CHICAGO NORTHERLY ISLAND, IL US",1.1,-3.9,2017-01-15,1.74,-6.26
16,USC00111550,"CHICAGO NORTHERLY ISLAND, IL US",2.8,-0.6,2017-01-16,4.43,-2.28
17,USC00111550,"CHICAGO NORTHERLY ISLAND, IL US",6.1,1.7,2017-01-17,5.53,1.06
18,USC00111550,"CHICAGO NORTHERLY ISLAND, IL US",3.9,1.1,2017-01-18,2.98,0.65
19,USC00111550,"CHICAGO NORTHERLY ISLAND, IL US",2.2,1.1,2017-01-19,4.45,0.21
20,USC00111550,"CHICAGO NORTHERLY ISLAND, IL US",3.9,1.7,2017-01-20,7.01,2.06
21,USC00111550,"CHICAGO NORTHERLY ISLAND, IL US",15,2.8,2017-01-21,15.54,3.52
22,USC00111550,"CHICAGO NORTHERLY ISLAND, IL US",5,1.7,2017-01-22,6.64,2.95
23,USC00111550,"CHICAGO NORTHERLY ISLAND, IL US",5.6,2.2,2017-01-23,5.56,2.54
24,USC00111550,"CHICAGO NORTHERLY ISLAND, IL US",3.9,1.1,2017-01-24,3.76,1.42
25,USC00111550,"CHICAGO NORTHERLY ISLAND, IL US",6.1,1.1,2017-01-25,6.45,1.46
26,USC00111550,"CHICAGO NORTHERLY ISLAND, IL US",1.7,-0.6,2017-01-26,1.51,-0.82
27,USC00111550,"CHICAGO NORTHERLY ISLAND, IL US",0,-3.9,2017-01-27,-0.72,-3.75
28,USC00111550,"CHICAGO NORTHERLY ISLAND, IL US",-1.1,-3.9,2017-01-28,-1.09,-4.02
29,USC00111550,"CHICAGO NORTHERLY ISLAND, IL US",-2.2,-5,2017-01-29,-1.91,-4.93
30,USC00111550,"CHICAGO NORTHERLY ISLAND, IL US",3.3,-7.8,2017-01-30,2.73,-8.67
31,USC00111550,"CHICAGO NORTHERLY ISLAND, IL US",5,2.2,2017-01-31,4.88,-1.89
32,USC00111550,"CHICAGO NORTHERLY ISLAND, IL US",3.3,-4.4,2017-02-01,3.46,-3.53
33,USC00111550,"CHICAGO NORTHERLY ISLAND, IL US",-4.4,-8.9,2017-02-02,-3.7,-9.55
34,USC00111550,"CHICAGO NORTHERLY ISLAND, IL US",-1.7,-8.9,2017-02-03,-1.82,-9.35
35,USC00111550,"CHICAGO NORTHERLY ISLAND, IL US",1.1,-7.8,2017-02-04,1.05,-9.91
36,USC00111550,"CHICAGO NORTHERLY ISLAND, IL US",3.9,-1.1,2017-02-05,4.04,-4.4
37,USC00111550,"CHICAGO NORTHERLY ISLAND, IL US",12.8,-1.7,2017-02-06,12.28,-3.78
38,USC00111550,"CHICAGO NORTHERLY ISLAND, IL US",11.1,1.1,2017-02-07,10.96,0.12
39,USC00111550,"CHICAGO NORTHERLY ISLAND, IL US",1.1,-6.7,2017-02-08,0.85,-5.14
40,USC00111550,"CHICAGO NORTHERLY ISLAND, IL US",-3.3,-10,2017-02-09,-3.51,-10.26
41,USC00111550,"CHICAGO NORTHERLY ISLAND, IL US",7.2,-7.8,2017-02-10,5.91,-8.8
42,USC00111550,"CHICAGO NORTHERLY ISLAND, IL US",8.9,2.2,2017-02-11,9.61,-0.18
43,USC00111550,"CHICAGO NORTHERLY ISLAND, IL US",7.8,1.1,2017-02-12,8.66,0.65
44,USC00111550,"CHICAGO NORTHERLY ISLAND, IL US",6.7,-0.6,2017-02-13,7.19,-2.46
45,USC00111550,"CHICAGO NORTHERLY ISLAND, IL US",10,1.1,2017-02-14,10.25,0.21
46,USC00111550,"CHICAGO NORTHERLY ISLAND, IL US",1.7,-1.7,2017-02-15,1.7,-2.35
47,USC00111550,"CHICAGO NORTHERLY ISLAND, IL US",4.4,-1.1,2017-02-16,4.77,-1.66
48,USC00111550,"CHICAGO NORTHERLY ISLAND, IL US",18.9,-0.6,2017-02-17,18.45,-1.21
49,USC00111550,"CHICAGO NORTHERLY ISLAND, IL US",18.3,5.6,2017-02-18,20.02,4.51
50,USC00111550,"CHICAGO NORTHERLY ISLAND, IL US",13.3,3.9,2017-02-19,17.26,2.11
51,USC00111550,"CHICAGO NORTHERLY ISLAND, IL US",15,3.3,2017-02-20,18.88,4.79
52,USC00111550,"CHICAGO NORTHERLY ISLAND, IL US",17.8,6.1,2017-02-21,18.77,8.75
53,USC00111550,"CHICAGO NORTHERLY ISLAND, IL US",18.9,11.7,2017-02-22,19.28,10.25
54,USC00111550,"CHICAGO NORTHERLY ISLAND, IL US",15,2.8,2017-02-23,14.47,4.31
55,USC00111550,"CHICAGO NORTHERLY ISLAND, IL US",6.1,0.6,2017-02-24,6.98,1.2
56,USC00111550,"CHICAGO NORTHERLY ISLAND, IL US",1.1,-5,2017-02-25,0.78,-4.79
57,USC00111550,"CHICAGO NORTHERLY ISLAND, IL US",8.9,-3.9,2017-02-26,8.42,-5.02
58,USC00111550,"CHICAGO NORTHERLY ISLAND, IL US",8.3,1.1,2017-02-27,10.99,-0.96
59,USC00111550,"CHICAGO NORTHERLY ISLAND, IL US",14.4,4.4,2017-02-28,14.94,4.76
60,USC00111550,"CHICAGO NORTHERLY ISLAND, IL US",11.7,0,2017-03-01,10.51,1.19
61,USC00111550,"CHICAGO NORTHERLY ISLAND, IL US",1.1,-2.2,2017-03-02,2.03,-2.73
62,USC00111550,"CHICAGO NORTHERLY ISLAND, IL US",0,-5.6,2017-03-03,0.38,-5.92
63,USC00111550,"CHICAGO NORTHERLY ISLAND, IL US",2.8,-2.8,2017-03-04,3.98,-3.44
64,USC00111550,"CHICAGO NORTHERLY ISLAND, IL US",15.6,0.6,2017-03-05,15.64,-0.13
65,USC00111550,"CHICAGO NORTHERLY ISLAND, IL US",17.2,10.6,2017-03-06,17.55,8.13
66,USC00111550,"CHICAGO NORTHERLY ISLAND, IL US",17.8,7.2,2017-03-07,15.97,7.02
67,USC00111550,"CHICAGO NORTHERLY ISLAND, IL US",10.6,5,2017-03-08,11.33,4.51
68,USC00111550,"CHICAGO NORTHERLY ISLAND, IL US",5.6,1.1,2017-03-09,5.61,0.08
69,USC00111550,"CHICAGO NORTHERLY ISLAND, IL US",2.8,-5,2017-03-10,2.12,-4.45
70,USC00111550,"CHICAGO NORTHERLY ISLAND, IL US",-3.3,-7.2,2017-03-11,-1.82,-7.59
71,USC00111550,"CHICAGO NORTHERLY ISLAND, IL US",-0.6,-5,2017-03-12,0.89,-7.08
72,USC00111550,"CHICAGO NORTHERLY ISLAND, IL US",-1.1,-3.3,2017-03-13,-0.32,-4.57
73,USC00111550,"CHICAGO NORTHERLY ISLAND, IL US",-2.2,-6.1,2017-03-14,-1.89,-7.05
74,USC00111550,"CHICAGO NORTHERLY ISLAND, IL US",0.6,-6.7,2017-03-15,0.56,-8.07
75,USC00111550,"CHICAGO NORTHERLY ISLAND, IL US",5,-4.4,2017-03-16,4.44,-7.42
76,USC00111550,"CHICAGO NORTHERLY ISLAND, IL US",8.9,1.1,2017-03-17,8.65,-1.69
77,USC00111550,"CHICAGO NORTHERLY ISLAND, IL US",6.7,3.3,2017-03-18,6.84,2.03
78,USC00111550,"CHICAGO NORTHERLY ISLAND, IL US",9.4,1.1,2017-03-19,10.39,-0.39
79,USC00111550,"CHICAGO NORTHERLY ISLAND, IL US",10,3.3,2017-03-20,11.72,2.95
80,USC00111550,"CHICAGO NORTHERLY ISLAND, IL US",9.4,0,2017-03-21,11.24,0.09
81,USC00111550,"CHICAGO NORTHERLY ISLAND, IL US",0.6,-2.2,2017-03-22,2.23,-2.53
82,USC00111550,"CHICAGO NORTHERLY ISLAND, IL US",10,0,2017-03-23,10.51,-1.99
83,USC00111550,"CHICAGO NORTHERLY ISLAND, IL US",26.1,3.3,2017-03-24,26.12,2.74
84,USC00111550,"CHICAGO NORTHERLY ISLAND, IL US",7.2,3.3,2017-03-25,11.32,3.66
85,USC00111550,"CHICAGO NORTHERLY ISLAND, IL US",15.6,5.6,2017-03-26,16.1,6.38
86,USC00111550,"CHICAGO NORTHERLY ISLAND, IL US",10.6,3.9,2017-03-27,10.95,5.33
87,USC00111550,"CHICAGO NORTHERLY ISLAND, IL US",5.6,1.1,2017-03-28,7.13,2.2
88,USC00111550,"CHICAGO NORTHERLY ISLAND, IL US",6.1,0.6,2017-03-29,8.7,1.07
89,USC00111550,"CHICAGO NORTHERLY ISLAND, IL US",5.6,3.3,2017-03-30,7.38,3.28
90,USC00111550,"CHICAGO NORTHERLY ISLAND, IL US",4.4,2.2,2017-03-31,5.19,2.48
91,USC00111550,"CHICAGO NORTHERLY ISLAND, IL US",8.9,2.8,2017-04-01,11.48,1.42
92,USC00111550,"CHICAGO NORTHERLY ISLAND, IL US",10,5,2017-04-02,14.47,3.88
93,USC00111550,"CHICAGO NORTHERLY ISLAND, IL US",7.8,5,2017-04-03,11.39,6.5
94,USC00111550,"CHICAGO NORTHERLY ISLAND, IL US",8.9,5,2017-04-04,11.35,6.05
95,USC00111550,"CHICAGO NORTHERLY ISLAND, IL US",5.6,3.3,2017-04-05,7.37,3.87
96,USC00111550,"CHICAGO NORTHERLY ISLAND, IL US",6.7,2.8,2017-04-06,8.54,2.93
97,USC00111550,"CHICAGO NORTHERLY ISLAND, IL US",8.9,3.9,2017-04-07,10.26,2.75
98,USC00111550,"CHICAGO NORTHERLY ISLAND, IL US",18.9,5.6,2017-04-08,19.17,3.12
99,USC00111550,"CHICAGO NORTHERLY ISLAND, IL US",23.9,14.4,2017-04-09,24.46,11.48
100,USC00111550,"CHICAGO NORTHERLY ISLAND, IL US",24.4,3.9,2017-04-10,24.62,7.68
101,USC00111550,"CHICAGO NORTHERLY ISLAND, IL US",12.2,3.9,2017-04-11,12.83,4.41
102,USC00111550,"CHICAGO NORTHERLY ISLAND, IL US",9.4,6.1,2017-04-12,12.07,3.41
103,USC00111550,"CHICAGO NORTHERLY ISLAND, IL US",10.6,5.6,2017-04-13,13.87,6.24
104,USC00111550,"CHICAGO NORTHERLY ISLAND, IL US",18.3,6.1,2017-04-14,20.17,6.87
105,USC00111550,"CHICAGO NORTHERLY ISLAND, IL US",26.7,11.1,2017-04-15,27.44,12.34
106,USC00111550,"CHICAGO NORTHERLY ISLAND, IL US",22.2,15,2017-04-16,23.01,13.75
107,USC00111550,"CHICAGO NORTHERLY ISLAND, IL US",17.2,6.1,2017-04-17,19.83,6.27
108,USC00111550,"CHICAGO NORTHERLY ISLAND, IL US",24.4,6.1,2017-04-18,24.63,5.2
109,USC00111550,"CHICAGO NORTHERLY ISLAND, IL US",20.6,6.1,2017-04-19,21.28,7.76
110,USC00111550,"CHICAGO NORTHERLY ISLAND, IL US",22.8,7.8,2017-04-20,23.43,7.86
111,USC00111550,"CHICAGO NORTHERLY ISLAND, IL US",10.6,6.7,2017-04-21,11.82,6.34
112,USC00111550,"CHICAGO NORTHERLY ISLAND, IL US",10.6,6.1,2017-04-22,12.86,5.25
113,USC00111550,"CHICAGO NORTHERLY ISLAND, IL US",15.6,6.1,2017-04-23,19.15,3.08
114,USC00111550,"CHICAGO NORTHERLY ISLAND, IL US",16.1,5,2017-04-24,21.07,4.23
115,USC00111550,"CHICAGO NORTHERLY ISLAND, IL US",20,10.6,2017-04-25,24.33,10.69
116,USC00111550,"CHICAGO NORTHERLY ISLAND, IL US",24.4,12.8,2017-04-26,25.09,14.68
117,USC00111550,"CHICAGO NORTHERLY ISLAND, IL US",15.6,6.7,2017-04-27,15.84,7.36
118,USC00111550,"CHICAGO NORTHERLY ISLAND, IL US",10,6.7,2017-04-28,13.78,5.28
119,USC00111550,"CHICAGO NORTHERLY ISLAND, IL US",7.2,4.4,2017-04-29,8.54,5.01
120,USC00111550,"CHICAGO NORTHERLY ISLAND, IL US",11.7,5.6,2017-04-30,11.72,5.62
121,USC00111550,"CHICAGO NORTHERLY ISLAND, IL US",13.3,7.2,2017-05-01,14.44,6.94
122,USC00111550,"CHICAGO NORTHERLY ISLAND, IL US",10,5,2017-05-02,10.39,4.97
123,USC00111550,"CHICAGO NORTHERLY ISLAND, IL US",10.6,6.1,2017-05-03,12.42,3.24
124,USC00111550,"CHICAGO NORTHERLY ISLAND, IL US",9.4,7.2,2017-05-04,10.65,6.61
125,USC00111550,"CHICAGO NORTHERLY ISLAND, IL US",10.6,5,2017-05-05,12.36,5.54
126,USC00111550,"CHICAGO NORTHERLY ISLAND, IL US",10.6,6.1,2017-05-06,12.44,6.07
127,USC00111550,"CHICAGO NORTHERLY ISLAND, IL US",9.4,5,2017-05-07,11.96,3.23
128,USC00111550,"CHICAGO NORTHERLY ISLAND, IL US",7.8,4.4,2017-05-08,11.32,2.16
129,USC00111550,"CHICAGO NORTHERLY ISLAND, IL US",10,5.6,2017-05-09,14.34,5.31
130,USC00111550,"CHICAGO NORTHERLY ISLAND, IL US",13.3,8.3,2017-05-10,17.21,7.46
131,USC00111550,"CHICAGO NORTHERLY ISLAND, IL US",13.9,7.8,2017-05-11,16.39,8.39
132,USC00111550,"CHICAGO NORTHERLY ISLAND, IL US",13.9,9.4,2017-05-12,18.74,7.53
133,USC00111550,"CHICAGO NORTHERLY ISLAND, IL US",25.6,10.6,2017-05-13,26.65,8.06
134,USC00111550,"CHICAGO NORTHERLY ISLAND, IL US",13.9,8.9,2017-05-14,18.26,9.77
135,USC00111550,"CHICAGO NORTHERLY ISLAND, IL US",20.6,8.9,2017-05-15,25.69,9.16
136,USC00111550,"CHICAGO NORTHERLY ISLAND, IL US",30,14.4,2017-05-16,30.85,15.85
137,USC00111550,"CHICAGO NORTHERLY ISLAND, IL US",28.3,17.8,2017-05-17,29.22,18.9
138,USC00111550,"CHICAGO NORTHERLY ISLAND, IL US",25.6,8.3,2017-05-18,26.75,11.72
139,USC00111550,"CHICAGO NORTHERLY ISLAND, IL US",10,5.6,2017-05-19,11.8,6.03
140,USC00111550,"CHICAGO NORTHERLY ISLAND, IL US",15,8.9,2017-05-20,17.21,8.33
141,USC00111550,"CHICAGO NORTHERLY ISLAND, IL US",18.9,11.1,2017-05-21,19.03,10.67
142,USC00111550,"CHICAGO NORTHERLY ISLAND, IL US",23.3,10,2017-05-22,23.23,9.07
143,USC00111550,"CHICAGO NORTHERLY ISLAND, IL US",16.7,12.2,2017-05-23,18.33,12.46
144,USC00111550,"CHICAGO NORTHERLY ISLAND, IL US",12.8,9.4,2017-05-24,15.28,10.19
145,USC00111550,"CHICAGO NORTHERLY ISLAND, IL US",16.7,11.1,2017-05-25,18.55,10.7
146,USC00111550,"CHICAGO NORTHERLY ISLAND, IL US",16.1,12.2,2017-05-26,20.5,10.36
147,USC00111550,"CHICAGO NORTHERLY ISLAND, IL US",16.1,11.1,2017-05-27,21.46,11.66
148,USC00111550,"CHICAGO NORTHERLY ISLAND, IL US",22.8,12.8,2017-05-28,24.24,13.12
149,USC00111550,"CHICAGO NORTHERLY ISLAND, IL US",24.4,14.4,2017-05-29,25.19,13.89
150,USC00111550,"CHICAGO NORTHERLY ISLAND, IL US",22.8,13.3,2017-05-30,23.1,12.4
151,USC00111550,"CHICAGO NORTHERLY ISLAND, IL US",22.2,14.4,2017-05-31,22.78,11.92
152,USC00111550,"CHICAGO NORTHERLY ISLAND, IL US",18.3,13.3,2017-06-01,23.23,11.14
153,USC00111550,"CHICAGO NORTHERLY ISLAND, IL US",24.4,13.9,2017-06-02,27.97,12.31
154,USC00111550,"CHICAGO NORTHERLY ISLAND, IL US",28.3,16.7,2017-06-03,29,15.24
155,USC00111550,"CHICAGO NORTHERLY ISLAND, IL US",31.7,17.8,2017-06-04,32.29,19.27
156,USC00111550,"CHICAGO NORTHERLY ISLAND, IL US",22.2,13.3,2017-06-05,23.49,14.14
157,USC00111550,"CHICAGO NORTHERLY ISLAND, IL US",18.9,12.8,2017-06-06,21.13,12.05
158,USC00111550,"CHICAGO NORTHERLY ISLAND, IL US",20,12.8,2017-06-07,22.22,12.19
159,USC00111550,"CHICAGO NORTHERLY ISLAND, IL US",22.8,13.9,2017-06-08,26.29,11.81
160,USC00111550,"CHICAGO NORTHERLY ISLAND, IL US",28.3,15.6,2017-06-09,29.93,16.31
161,USC00111550,"CHICAGO NORTHERLY ISLAND, IL US",31.7,15.6,2017-06-10,32.32,17.58
162,USC00111550,"CHICAGO NORTHERLY ISLAND, IL US",33.3,22.2,2017-06-11,33.72,21.53
163,USC00111550,"CHICAGO NORTHERLY ISLAND, IL US",33.9,18.3,2017-06-12,34.68,21.56
164,USC00111550,"CHICAGO NORTHERLY ISLAND, IL US",23.9,17.8,2017-06-13,29.35,19.32
165,USC00111550,"CHICAGO NORTHERLY ISLAND, IL US",31.1,18.3,2017-06-14,32.41,18.68
166,USC00111550,"CHICAGO NORTHERLY ISLAND, IL US",28.9,20.6,2017-06-15,31.44,20.1
167,USC00111550,"CHICAGO NORTHERLY ISLAND, IL US",30,18.9,2017-06-16,30.01,19.45
168,USC00111550,"CHICAGO NORTHERLY ISLAND, IL US",30,18.3,2017-06-17,30.79,20.13
169,USC00111550,"CHICAGO NORTHERLY ISLAND, IL US",25.6,21.1,2017-06-18,26.64,20.73
170,USC00111550,"CHICAGO NORTHERLY ISLAND, IL US",25,17.2,2017-06-19,25.53,16.29
171,USC00111550,"CHICAGO NORTHERLY ISLAND, IL US",25.6,15,2017-06-20,26.34,14.3
172,USC00111550,"CHICAGO NORTHERLY ISLAND, IL US",21.7,14.4,2017-06-21,24.82,13.18
173,USC00111550,"CHICAGO NORTHERLY ISLAND, IL US",30.6,18.3,2017-06-22,31.3,19.37
174,USC00111550,"CHICAGO NORTHERLY ISLAND, IL US",26.1,17.2,2017-06-23,27.71,18.43
175,USC00111550,"CHICAGO NORTHERLY ISLAND, IL US",23.3,17.8,2017-06-24,23.86,15.94
176,USC00111550,"CHICAGO NORTHERLY ISLAND, IL US",21.7,14.4,2017-06-25,22.46,13.35
177,USC00111550,"CHICAGO NORTHERLY ISLAND, IL US",22.2,14.4,2017-06-26,22.61,12.34
178,USC00111550,"CHICAGO NORTHERLY ISLAND, IL US",21.1,13.9,2017-06-27,23.99,11.46
179,USC00111550,"CHICAGO NORTHERLY ISLAND, IL US",27.2,16.7,2017-06-28,26.96,14.8
180,USC00111550,"CHICAGO NORTHERLY ISLAND, IL US",27.8,17.8,2017-06-29,28.28,18.32
181,USC00111550,"CHICAGO NORTHERLY ISLAND, IL US",25,19.4,2017-06-30,27.66,18.74
182,USC00111550,"CHICAGO NORTHERLY ISLAND, IL US",27.8,20,2017-07-01,28.42,19.06
183,USC00111550,"CHICAGO NORTHERLY ISLAND, IL US",31.1,18.9,2017-07-02,31.21,16.43
184,USC00111550,"CHICAGO NORTHERLY ISLAND, IL US",23.3,18.3,2017-07-03,25.78,18.41
185,USC00111550,"CHICAGO NORTHERLY ISLAND, IL US",25,18.3,2017-07-04,27.14,18.29
186,USC00111550,"CHICAGO NORTHERLY ISLAND, IL US",25.6,19.4,2017-07-05,29.3,19.31
187,USC00111550,"CHICAGO NORTHERLY ISLAND, IL US",31.1,23.3,2017-07-06,32.53,20.81
188,USC00111550,"CHICAGO NORTHERLY ISLAND, IL US",28.9,18.9,2017-07-07,29.4,19.63
189,USC00111550,"CHICAGO NORTHERLY ISLAND, IL US",22.8,17.8,2017-07-08,24.57,16.52
190,USC00111550,"CHICAGO NORTHERLY ISLAND, IL US",29.4,18.9,2017-07-09,29.62,15.8
191,USC00111550,"CHICAGO NORTHERLY ISLAND, IL US",28.3,19.4,2017-07-10,28.69,19.5
192,USC00111550,"CHICAGO NORTHERLY ISLAND, IL US",26.7,21.1,2017-07-11,28.61,20.93
193,USC00111550,"CHICAGO NORTHERLY ISLAND, IL US",26.1,20,2017-07-12,26.64,20.3
194,USC00111550,"CHICAGO NORTHERLY ISLAND, IL US",28.3,23.3,2017-07-13,28.7,21.37
195,USC00111550,"CHICAGO NORTHERLY ISLAND, IL US",23.3,18.3,2017-07-14,23.54,17.82
196,USC00111550,"CHICAGO NORTHERLY ISLAND, IL US",27.2,17.8,2017-07-15,27.26,16.39
197,USC00111550,"CHICAGO NORTHERLY ISLAND, IL US",25,17.8,2017-07-16,24.92,17.65
198,USC00111550,"CHICAGO NORTHERLY ISLAND, IL US",22.2,17.2,2017-07-17,23.99,14.87
199,USC00111550,"CHICAGO NORTHERLY ISLAND, IL US",27.8,17.8,2017-07-18,30.11,15.57
200,USC00111550,"CHICAGO NORTHERLY ISLAND, IL US",27.2,20.6,2017-07-19,29.05,19.95
201,USC00111550,"CHICAGO NORTHERLY ISLAND, IL US",30.6,20,2017-07-20,31.37,20.3
202,USC00111550,"CHICAGO NORTHERLY ISLAND, IL US",27.2,22.2,2017-07-21,30.34,21.66
203,USC00111550,"CHICAGO NORTHERLY ISLAND, IL US",25.6,21.7,2017-07-22,29.22,21.92
204,USC00111550,"CHICAGO NORTHERLY ISLAND, IL US",28.9,20.6,2017-07-23,31.18,20.97
205,USC00111550,"CHICAGO NORTHERLY ISLAND, IL US",22.2,19.4,2017-07-24,22.96,18.85
206,USC00111550,"CHICAGO NORTHERLY ISLAND, IL US",25,19.4,2017-07-25,27.27,16.87
207,USC00111550,"CHICAGO NORTHERLY ISLAND, IL US",29.4,20,2017-07-26,29.54,18.89
208,USC00111550,"CHICAGO NORTHERLY ISLAND, IL US",25.6,21.1,2017-07-27,26.67,21.39
209,USC00111550,"CHICAGO NORTHERLY ISLAND, IL US",23.9,21.1,2017-07-28,25.42,19.97
210,USC00111550,"CHICAGO NORTHERLY ISLAND, IL US",24.4,18.9,2017-07-29,25.38,16.77
211,USC00111550,"CHICAGO NORTHERLY ISLAND, IL US",25.6,20,2017-07-30,27.53,17.22
212,USC00111550,"CHICAGO NORTHERLY ISLAND, IL US",26.7,20.6,2017-07-31,28.92,18.12
213,USC00111550,"CHICAGO NORTHERLY ISLAND, IL US",26.1,20.6,2017-08-01,28.89,19.11
214,USC00111550,"CHICAGO NORTHERLY ISLAND, IL US",27.8,21.1,2017-08-02,29.49,19.23
215,USC00111550,"CHICAGO NORTHERLY ISLAND, IL US",28.9,18.3,2017-08-03,29.31,17.67
216,USC00111550,"CHICAGO NORTHERLY ISLAND, IL US",19.4,13.9,2017-08-04,20.14,13.25
217,USC00111550,"CHICAGO NORTHERLY ISLAND, IL US",25.6,16.1,2017-08-05,25.98,14.67
218,USC00111550,"CHICAGO NORTHERLY ISLAND, IL US",25.6,19.4,2017-08-06,25.29,17.15
219,USC00111550,"CHICAGO NORTHERLY ISLAND, IL US",23.3,18.3,2017-08-07,24.31,15.8
220,USC00111550,"CHICAGO NORTHERLY ISLAND, IL US",25.6,17.8,2017-08-08,27.49,14.2
221,USC00111550,"CHICAGO NORTHERLY ISLAND, IL US",25.6,20.6,2017-08-09,27.59,16.91
222,USC00111550,"CHICAGO NORTHERLY ISLAND, IL US",28.3,20,2017-08-10,29.02,16.86
223,USC00111550,"CHICAGO NORTHERLY ISLAND, IL US",25.6,20,2017-08-11,26.15,18.61
224,USC00111550,"CHICAGO NORTHERLY ISLAND, IL US",23.3,18.3,2017-08-12,23.77,16.27
225,USC00111550,"CHICAGO NORTHERLY ISLAND, IL US",23.3,18.3,2017-08-13,24.85,14.44
226,USC00111550,"CHICAGO NORTHERLY ISLAND, IL US",25.6,19.4,2017-08-14,27.68,17
227,USC00111550,"CHICAGO NORTHERLY ISLAND, IL US",26.1,21.1,2017-08-15,27.54,19.3
228,USC00111550,"CHICAGO NORTHERLY ISLAND, IL US",26.7,21.1,2017-08-16,29.98,18.61
229,USC00111550,"CHICAGO NORTHERLY ISLAND, IL US",27.8,22.2,2017-08-17,28.39,21.69
230,USC00111550,"CHICAGO NORTHERLY ISLAND, IL US",28.3,20,2017-08-18,28.18,19.38
231,USC00111550,"CHICAGO NORTHERLY ISLAND, IL US",25,19.4,2017-08-19,27.21,17.56
232,USC00111550,"CHICAGO NORTHERLY ISLAND, IL US",28.9,20,2017-08-20,30.74,17.59
233,USC00111550,"CHICAGO NORTHERLY ISLAND, IL US",28.9,21.7,2017-08-21,29.91,21.22
234,USC00111550,"CHICAGO NORTHERLY ISLAND, IL US",27.2,20,2017-08-22,27.21,19.4
235,USC00111550,"CHICAGO NORTHERLY ISLAND, IL US",23.3,17.2,2017-08-23,24.65,15.54
236,USC00111550,"CHICAGO NORTHERLY ISLAND, IL US",22.8,16.7,2017-08-24,23.66,13.93
237,USC00111550,"CHICAGO NORTHERLY ISLAND, IL US",21.1,15,2017-08-25,22.91,11.64
238,USC00111550,"CHICAGO NORTHERLY ISLAND, IL US",22.8,16.7,2017-08-26,24.49,13.78
239,USC00111550,"CHICAGO NORTHERLY ISLAND, IL US",25,17.2,2017-08-27,25.47,16.25
240,USC00111550,"CHICAGO NORTHERLY ISLAND, IL US",24.4,17.8,2017-08-28,25.83,17.41
241,USC00111550,"CHICAGO NORTHERLY ISLAND, IL US",23.3,18.3,2017-08-29,24.29,16.63
242,USC00111550,"CHICAGO NORTHERLY ISLAND, IL US",24.4,17.8,2017-08-30,26.06,15.62
243,USC00111550,"CHICAGO NORTHERLY ISLAND, IL US",21.7,18.3,2017-08-31,22.97,16.94
244,USC00111550,"CHICAGO NORTHERLY ISLAND, IL US",19.4,14.4,2017-09-01,20.65,12.72
245,USC00111550,"CHICAGO NORTHERLY ISLAND, IL US",21.7,15.6,2017-09-02,22.72,10.64
246,USC00111550,"CHICAGO NORTHERLY ISLAND, IL US",27.2,15.6,2017-09-03,28.16,13.09
247,USC00111550,"CHICAGO NORTHERLY ISLAND, IL US",27.8,18.9,2017-09-04,28.52,17.35
248,USC00111550,"CHICAGO NORTHERLY ISLAND, IL US",20.6,13.9,2017-09-05,21.38,13.13
249,USC00111550,"CHICAGO NORTHERLY ISLAND, IL US",18.9,11.1,2017-09-06,19.16,10.26
250,USC00111550,"CHICAGO NORTHERLY ISLAND, IL US",21.1,12.8,2017-09-07,20.67,11.44
251,USC00111550,"CHICAGO NORTHERLY ISLAND, IL US",18.9,16.1,2017-09-08,20.13,13.37
252,USC00111550,"CHICAGO NORTHERLY ISLAND, IL US",19.4,15,2017-09-09,21.34,12.89
253,USC00111550,"CHICAGO NORTHERLY ISLAND, IL US",19.4,12.2,2017-09-10,21.18,10.12
254,USC00111550,"CHICAGO NORTHERLY ISLAND, IL US",20.6,13.9,2017-09-11,22.69,11.1
255,USC00111550,"CHICAGO NORTHERLY ISLAND, IL US",22.8,17.2,2017-09-12,24.11,12.52
256,USC00111550,"CHICAGO NORTHERLY ISLAND, IL US",21.7,17.2,2017-09-13,23.23,15.09
257,USC00111550,"CHICAGO NORTHERLY ISLAND, IL US",23.3,16.1,2017-09-14,25.58,14.61
258,USC00111550,"CHICAGO NORTHERLY ISLAND, IL US",25.6,18.3,2017-09-15,29.37,16.5
259,USC00111550,"CHICAGO NORTHERLY ISLAND, IL US",30.6,19.4,2017-09-16,31.17,18.41
260,USC00111550,"CHICAGO NORTHERLY ISLAND, IL US",28.3,18.3,2017-09-17,30.41,18.06
261,USC00111550,"CHICAGO NORTHERLY ISLAND, IL US",21.7,17.8,2017-09-18,23.78,14.89
262,USC00111550,"CHICAGO NORTHERLY ISLAND, IL US",22.8,18.3,2017-09-19,24.76,16.98
263,USC00111550,"CHICAGO NORTHERLY ISLAND, IL US",32.8,18.9,2017-09-20,32.81,17.51
264,USC00111550,"CHICAGO NORTHERLY ISLAND, IL US",32.2,22.2,2017-09-21,33.62,21.33
265,USC00111550,"CHICAGO NORTHERLY ISLAND, IL US",32.2,22.2,2017-09-22,34.18,21.87
266,USC00111550,"CHICAGO NORTHERLY ISLAND, IL US",27.8,21.7,2017-09-23,32.89,21.54
267,USC00111550,"CHICAGO NORTHERLY ISLAND, IL US",27.8,20.6,2017-09-24,32.24,20.61
268,USC00111550,"CHICAGO NORTHERLY ISLAND, IL US",27.2,20.6,2017-09-25,31.75,19.28
269,USC00111550,"CHICAGO NORTHERLY ISLAND, IL US",32.2,22.2,2017-09-26,33.28,20.42
270,USC00111550,"CHICAGO NORTHERLY ISLAND, IL US",22.8,15,2017-09-27,23.15,15.37
271,USC00111550,"CHICAGO NORTHERLY ISLAND, IL US",20,14.4,2017-09-28,21.52,12.22
272,USC00111550,"CHICAGO NORTHERLY ISLAND, IL US",20,16.1,2017-09-29,20.67,13.71
273,USC00111550,"CHICAGO NORTHERLY ISLAND, IL US",17.2,14.4,2017-09-30,19.09,11.55
274,USC00111550,"CHICAGO NORTHERLY ISLAND, IL US",21.1,11.7,2017-10-01,21.68,9.22
275,USC00111550,"CHICAGO NORTHERLY ISLAND, IL US",28.3,16.1,2017-10-02,28.04,13.75
276,USC00111550,"CHICAGO NORTHERLY ISLAND, IL US",25,19.4,2017-10-03,25.81,18.46
277,USC00111550,"CHICAGO NORTHERLY ISLAND, IL US",22.2,17.2,2017-10-04,23.37,17
278,USC00111550,"CHICAGO NORTHERLY ISLAND, IL US",20.6,15,2017-10-05,22.88,12.98
279,USC00111550,"CHICAGO NORTHERLY ISLAND, IL US",20.6,16.1,2017-10-06,21.92,14.75
280,USC00111550,"CHICAGO NORTHERLY ISLAND, IL US",26.7,16.1,2017-10-07,26.78,15.86
281,USC00111550,"CHICAGO NORTHERLY ISLAND, IL US",22.8,13.9,2017-10-08,25.25,12.87
282,USC00111550,"CHICAGO NORTHERLY ISLAND, IL US",23.9,15,2017-10-09,26.39,12.31
283,USC00111550,"CHICAGO NORTHERLY ISLAND, IL US",17.2,14.4,2017-10-10,19.34,14.18
284,USC00111550,"CHICAGO NORTHERLY ISLAND, IL US",16.7,13.9,2017-10-11,16.58,13.62
285,USC00111550,"CHICAGO NORTHERLY ISLAND, IL US",15.6,13.3,2017-10-12,15.55,13.17
286,USC00111550,"CHICAGO NORTHERLY ISLAND, IL US",23.3,12.2,2017-10-13,22.69,12.47
287,USC00111550,"CHICAGO NORTHERLY ISLAND, IL US",17.8,15.6,2017-10-14,19.68,14.89
288,USC00111550,"CHICAGO NORTHERLY ISLAND, IL US",19.4,9.4,2017-10-15,18.2,10.66
289,USC00111550,"CHICAGO NORTHERLY ISLAND, IL US",17.2,7.8,2017-10-16,17.21,6.56
290,USC00111550,"CHICAGO NORTHERLY ISLAND, IL US",21.1,10,2017-10-17,21.34,8.21
291,USC00111550,"CHICAGO NORTHERLY ISLAND, IL US",21.1,10.6,2017-10-18,21.43,9.23
292,USC00111550,"CHICAGO NORTHERLY ISLAND, IL US",17.8,12.8,2017-10-19,19.41,10.79
293,USC00111550,"CHICAGO NORTHERLY ISLAND, IL US",26.1,14.4,2017-10-20,25.97,10.51
294,USC00111550,"CHICAGO NORTHERLY ISLAND, IL US",25,17.2,2017-10-21,25.18,15.28
295,USC00111550,"CHICAGO NORTHERLY ISLAND, IL US",21.7,11.1,2017-10-22,22.08,12.73
296,USC00111550,"CHICAGO NORTHERLY ISLAND, IL US",12.2,10,2017-10-23,12.96,10.28
297,USC00111550,"CHICAGO NORTHERLY ISLAND, IL US",10.6,6.1,2017-10-24,9.76,6.28
298,USC00111550,"CHICAGO NORTHERLY ISLAND, IL US",12.2,3.9,2017-10-25,11.58,2.97
299,USC00111550,"CHICAGO NORTHERLY ISLAND, IL US",15.6,5,2017-10-26,15.29,2.63
300,USC00111550,"CHICAGO NORTHERLY ISLAND, IL US",12.8,3.3,2017-10-27,10.9,3.19
301,USC00111550,"CHICAGO NORTHERLY ISLAND, IL US",5,2.8,2017-10-28,4.86,2.37
302,USC00111550,"CHICAGO NORTHERLY ISLAND, IL US",7.8,2.2,2017-10-29,8.11,1.13
303,USC00111550,"CHICAGO NORTHERLY ISLAND, IL US",9.4,3.3,2017-10-30,10.2,2.26
304,USC00111550,"CHICAGO NORTHERLY ISLAND, IL US",4.4,1.7,2017-10-31,5.39,1.53
305,USC00111550,"CHICAGO NORTHERLY ISLAND, IL US",7.2,2.8,2017-11-01,7.63,2.11
306,USC00111550,"CHICAGO NORTHERLY ISLAND, IL US",10.6,7.2,2017-11-02,11.08,5.69
307,USC00111550,"CHICAGO NORTHERLY ISLAND, IL US",9.4,5,2017-11-03,9.51,4.81
308,USC00111550,"CHICAGO NORTHERLY ISLAND, IL US",11.1,6.1,2017-11-04,10.79,5.53
309,USC00111550,"CHICAGO NORTHERLY ISLAND, IL US",11.1,7.2,2017-11-05,11.54,6.66
310,USC00111550,"CHICAGO NORTHERLY ISLAND, IL US",7.2,1.7,2017-11-06,7.06,1.35
311,USC00111550,"CHICAGO NORTHERLY ISLAND, IL US",8.3,3.9,2017-11-07,8.13,1.64
312,USC00111550,"CHICAGO NORTHERLY ISLAND, IL US",8.3,2.2,2017-11-08,8.36,-1.3
313,USC00111550,"CHICAGO NORTHERLY ISLAND, IL US",7.8,-4.4,2017-11-09,8.16,-3.85
314,USC00111550,"CHICAGO NORTHERLY ISLAND, IL US",0,-5.6,2017-11-10,0.06,-6.38
315,USC00111550,"CHICAGO NORTHERLY ISLAND, IL US",3.9,-3.3,2017-11-11,3.51,-4.28
316,USC00111550,"CHICAGO NORTHERLY ISLAND, IL US",5.6,3.3,2017-11-12,5.17,0.83
317,USC00111550,"CHICAGO NORTHERLY ISLAND, IL US",5.6,1.7,2017-11-13,5.7,0.15
318,USC00111550,"CHICAGO NORTHERLY ISLAND, IL US",9.4,1.1,2017-11-14,9.69,-0.56
319,USC00111550,"CHICAGO NORTHERLY ISLAND, IL US",10.6,1.7,2017-11-15,10.58,2.09
320,USC00111550,"CHICAGO NORTHERLY ISLAND, IL US",3.9,1.1,2017-11-16,4.06,0.61
321,USC00111550,"CHICAGO NORTHERLY ISLAND, IL US",8.3,1.7,2017-11-17,8.1,1.9
322,USC00111550,"CHICAGO NORTHERLY ISLAND, IL US",8.3,2.2,2017-11-18,8.07,1.85
323,USC00111550,"CHICAGO NORTHERLY ISLAND, IL US",3.9,-1.1,2017-11-19,3.51,-1.04
324,USC00111550,"CHICAGO NORTHERLY ISLAND, IL US",11.7,0,2017-11-20,11.15,-0.97
325,USC00111550,"CHICAGO NORTHERLY ISLAND, IL US",7.2,-1.7,2017-11-21,7.42,-0.52
326,USC00111550,"CHICAGO NORTHERLY ISLAND, IL US",2.2,-3.3,2017-11-22,2.39,-4.21
327,USC00111550,"CHICAGO NORTHERLY ISLAND, IL US",8.3,0,2017-11-23,8.56,-1.64
328,USC00111550,"CHICAGO NORTHERLY ISLAND, IL US",15.6,2.8,2017-11-24,16.08,0.13
329,USC00111550,"CHICAGO NORTHERLY ISLAND, IL US",11.7,3.9,2017-11-25,11.96,2.44
330,USC00111550,"CHICAGO NORTHERLY ISLAND, IL US",9.4,0,2017-11-26,9.55,-1.88
331,USC00111550,"CHICAGO NORTHERLY ISLAND, IL US",13.9,3.9,2017-11-27,13.77,0.79
332,USC00111550,"CHICAGO NORTHERLY ISLAND, IL US",16.1,8.3,2017-11-28,16.43,5.92
333,USC00111550,"CHICAGO NORTHERLY ISLAND, IL US",8.3,3.3,2017-11-29,9.17,1.63
334,USC00111550,"CHICAGO NORTHERLY ISLAND, IL US",11.7,6.1,2017-11-30,12.14,3.54
335,USC00111550,"CHICAGO NORTHERLY ISLAND, IL US",11.7,3.3,2017-12-01,12,-1
336,USC00111550,"CHICAGO NORTHERLY ISLAND, IL US",12.2,3.9,2017-12-02,12.71,0.97
337,USC00111550,"CHICAGO NORTHERLY ISLAND, IL US",13.9,3.9,2017-12-03,14.3,-0.84
338,USC00111550,"CHICAGO NORTHERLY ISLAND, IL US",17.8,8.3,2017-12-04,17.78,4.88
339,USC00111550,"CHICAGO NORTHERLY ISLAND, IL US",8.3,-1.7,2017-12-05,7.13,-1.61
340,USC00111550,"CHICAGO NORTHERLY ISLAND, IL US",1.7,-2.8,2017-12-06,2.13,-3.02
341,USC00111550,"CHICAGO NORTHERLY ISLAND, IL US",-1.7,-6.7,2017-12-07,-1.64,-6.78
342,USC00111550,"CHICAGO NORTHERLY ISLAND, IL US",2.8,-7.2,2017-12-08,2.55,-7.97
343,USC00111550,"CHICAGO NORTHERLY ISLAND, IL US",-0.6,-5,2017-12-09,-0.29,-6.27
344,USC00111550,"CHICAGO NORTHERLY ISLAND, IL US",1.1,-6.1,2017-12-10,1.33,-6.36
345,USC00111550,"CHICAGO NORTHERLY ISLAND, IL US",3.9,-2.8,2017-12-11,3.4,-4.47
346,USC00111550,"CHICAGO NORTHERLY ISLAND, IL US",0,-7.2,2017-12-12,-0.67,-7.46
347,USC00111550,"CHICAGO NORTHERLY ISLAND, IL US",2.8,-5.6,2017-12-13,2.65,-6.03
348,USC00111550,"CHICAGO NORTHERLY ISLAND, IL US",-0.6,-6.7,2017-12-14,-1,-7.99
349,USC00111550,"CHICAGO NORTHERLY ISLAND, IL US",3.3,-5,2017-12-15,2.59,-6.62
350,USC00111550,"CHICAGO NORTHERLY ISLAND, IL US",8.3,1.1,2017-12-16,8.26,-1.66
351,USC00111550,"CHICAGO NORTHERLY ISLAND, IL US",7.2,1.1,2017-12-17,7.26,-1.17
352,USC00111550,"CHICAGO NORTHERLY ISLAND, IL US",7.2,5.6,2017-12-18,7.56,3.35
353,USC00111550,"CHICAGO NORTHERLY ISLAND, IL US",10,2.8,2017-12-19,10.3,2.72
354,USC00111550,"CHICAGO NORTHERLY ISLAND, IL US",3.3,-1.1,2017-12-20,3.15,-1.55
355,USC00111550,"CHICAGO NORTHERLY ISLAND, IL US",3.3,0.6,2017-12-21,4.27,-0.5
356,USC00111550,"CHICAGO NORTHERLY ISLAND, IL US",3.9,0.6,2017-12-22,4.16,0.82
357,USC00111550,"CHICAGO NORTHERLY ISLAND, IL US",1.1,-5.6,2017-12-23,1.22,-4.66
358,USC00111550,"CHICAGO NORTHERLY ISLAND, IL US",-3.3,-6.7,2017-12-24,-3.68,-6.77
359,USC00111550,"CHICAGO NORTHERLY ISLAND, IL US",-5.6,-14.4,2017-12-25,-5.93,-13.4
360,USC00111550,"CHICAGO NORTHERLY ISLAND, IL US",-13.9,-17.8,2017-12-26,-12.99,-18.17
361,USC00111550,"CHICAGO NORTHERLY ISLAND, IL US",-12.2,-17.8,2017-12-27,-12.44,-18.54
362,USC00111550,"CHICAGO NORTHERLY ISLAND, IL US",-10,-15,2017-12-28,-9.62,-17.12
363,USC00111550,"CHICAGO NORTHERLY ISLAND, IL US",-9.4,-11.7,2017-12-29,-9.41,-13.32
364,USC00111550,"CHICAGO NORTHERLY ISLAND, IL US",-9.4,-16.7,2017-12-30,-10.05,-16.41
365,USC00111550,"CHICAGO NORTHERLY ISLAND, IL US",-9.4,-16.7,2017-12-31,-9.45,-17.53
366,USW00094846,"CHICAGO OHARE INTERNATIONAL AIRPORT, IL US",4.4,-8.2,2017-01-01,4.44,-7.2
367,USW00094846,"CHICAGO OHARE INTERNATIONAL AIRPORT, IL US",4.4,-3.8,2017-01-02,4.34,-4.1
368,USW00094846,"CHICAGO OHARE INTERNATIONAL AIRPORT, IL US",3.9,-7.1,2017-01-03,4.23,-4.39
369,USW00094846,"CHICAGO OHARE INTERNATIONAL AIRPORT, IL US",-7.1,-13.8,2017-01-04,-6.27,-13.08
370,USW00094846,"CHICAGO OHARE INTERNATIONAL AIRPORT, IL US",-10.5,-16,2017-01-05,-9.92,-15.26
371,USW00094846,"CHICAGO OHARE INTERNATIONAL AIRPORT, IL US",-12.7,-17.7,2017-01-06,-12.59,-17.84
372,USW00094846,"CHICAGO OHARE INTERNATIONAL AIRPORT, IL US",-7.7,-17.7,2017-01-07,-7.98,-17.74
373,USW00094846,"CHICAGO OHARE INTERNATIONAL AIRPORT, IL US",-7.1,-16.6,2017-01-08,-6.58,-16.92
374,USW00094846,"CHICAGO OHARE INTERNATIONAL AIRPORT, IL US",0.6,-7.1,2017-01-09,1.38,-12.03
375,USW00094846,"CHICAGO OHARE INTERNATIONAL AIRPORT, IL US",10.6,-3.8,2017-01-10,9.88,-4.77
376,USW00094846,"CHICAGO OHARE INTERNATIONAL AIRPORT, IL US",6.1,-3.8,2017-01-11,6.82,-4.13
377,USW00094846,"CHICAGO OHARE INTERNATIONAL AIRPORT, IL US",-2.1,-7.1,2017-01-12,-1.88,-6.67
378,USW00094846,"CHICAGO OHARE INTERNATIONAL AIRPORT, IL US",-2.7,-8.8,2017-01-13,-2.34,-8.95
379,USW00094846,"CHICAGO OHARE INTERNATIONAL AIRPORT, IL US",1.7,-6,2017-01-14,0.77,-7.36
380,USW00094846,"CHICAGO OHARE INTERNATIONAL AIRPORT, IL US",2.2,-6.6,2017-01-15,1.85,-7.46
381,USW00094846,"CHICAGO OHARE INTERNATIONAL AIRPORT, IL US",2.8,-1,2017-01-16,3.28,-3.99
382,USW00094846,"CHICAGO OHARE INTERNATIONAL AIRPORT, IL US",3.9,1.7,2017-01-17,4.17,0.46
383,USW00094846,"CHICAGO OHARE INTERNATIONAL AIRPORT, IL US",2.2,-1,2017-01-18,2.47,-0.06
384,USW00094846,"CHICAGO OHARE INTERNATIONAL AIRPORT, IL US",5.6,-1,2017-01-19,5.01,-0.7
385,USW00094846,"CHICAGO OHARE INTERNATIONAL AIRPORT, IL US",6.1,3.3,2017-01-20,7.04,1.55
386,USW00094846,"CHICAGO OHARE INTERNATIONAL AIRPORT, IL US",15,4.4,2017-01-21,14.62,3.29
387,USW00094846,"CHICAGO OHARE INTERNATIONAL AIRPORT, IL US",7.8,3.3,2017-01-22,7.27,2.21
388,USW00094846,"CHICAGO OHARE INTERNATIONAL AIRPORT, IL US",5.6,2.2,2017-01-23,5.78,2.08
389,USW00094846,"CHICAGO OHARE INTERNATIONAL AIRPORT, IL US",3.3,1.1,2017-01-24,3.28,1.47
390,USW00094846,"CHICAGO OHARE INTERNATIONAL AIRPORT, IL US",5.6,1.1,2017-01-25,5.36,1.16
391,USW00094846,"CHICAGO OHARE INTERNATIONAL AIRPORT, IL US",1.1,-1,2017-01-26,1.22,-1.15
392,USW00094846,"CHICAGO OHARE INTERNATIONAL AIRPORT, IL US",-0.5,-4.3,2017-01-27,-1.37,-3.92
393,USW00094846,"CHICAGO OHARE INTERNATIONAL AIRPORT, IL US",-1.6,-4.3,2017-01-28,-1.58,-4.67
394,USW00094846,"CHICAGO OHARE INTERNATIONAL AIRPORT, IL US",-2.1,-6,2017-01-29,-2.3,-5.55
395,USW00094846,"CHICAGO OHARE INTERNATIONAL AIRPORT, IL US",2.8,-9.3,2017-01-30,2.66,-10.1
396,USW00094846,"CHICAGO OHARE INTERNATIONAL AIRPORT, IL US",3.9,1.7,2017-01-31,4.57,-3.89
397,USW00094846,"CHICAGO OHARE INTERNATIONAL AIRPORT, IL US",3.3,-6,2017-02-01,3.43,-3.79
398,USW00094846,"CHICAGO OHARE INTERNATIONAL AIRPORT, IL US",-4.3,-9.9,2017-02-02,-3.81,-10.37
399,USW00094846,"CHICAGO OHARE INTERNATIONAL AIRPORT, IL US",-2.1,-9.9,2017-02-03,-2.07,-10.24
400,USW00094846,"CHICAGO OHARE INTERNATIONAL AIRPORT, IL US",0.6,-12.1,2017-02-04,0.84,-11.05
401,USW00094846,"CHICAGO OHARE INTERNATIONAL AIRPORT, IL US",3.3,-4.3,2017-02-05,3.48,-6.57
402,USW00094846,"CHICAGO OHARE INTERNATIONAL AIRPORT, IL US",12.8,-6,2017-02-06,11.62,-5.2
403,USW00094846,"CHICAGO OHARE INTERNATIONAL AIRPORT, IL US",10,0,2017-02-07,9.68,-1.33
404,USW00094846,"CHICAGO OHARE INTERNATIONAL AIRPORT, IL US",0,-7.1,2017-02-08,0.12,-5.22
405,USW00094846,"CHICAGO OHARE INTERNATIONAL AIRPORT, IL US",-3.8,-10.5,2017-02-09,-3.74,-10.96
406,USW00094846,"CHICAGO OHARE INTERNATIONAL AIRPORT, IL US",5,-7.7,2017-02-10,4.83,-9.24
407,USW00094846,"CHICAGO OHARE INTERNATIONAL AIRPORT, IL US",9.4,1.1,2017-02-11,9.07,-1.66
408,USW00094846,"CHICAGO OHARE INTERNATIONAL AIRPORT, IL US",8.3,-0.5,2017-02-12,8.17,-0.48
409,USW00094846,"CHICAGO OHARE INTERNATIONAL AIRPORT, IL US",6.7,-3.8,2017-02-13,6.81,-3.81
410,USW00094846,"CHICAGO OHARE INTERNATIONAL AIRPORT, IL US",10,-0.5,2017-02-14,10.26,-1.16
411,USW00094846,"CHICAGO OHARE INTERNATIONAL AIRPORT, IL US",1.7,-3.2,2017-02-15,2.1,-3.07
412,USW00094846,"CHICAGO OHARE INTERNATIONAL AIRPORT, IL US",5,-1,2017-02-16,4.9,-2.17
413,USW00094846,"CHICAGO OHARE INTERNATIONAL AIRPORT, IL US",19.4,-2.7,2017-02-17,17.87,-2.38
414,USW00094846,"CHICAGO OHARE INTERNATIONAL AIRPORT, IL US",21.1,4.4,2017-02-18,20.26,2.47
415,USW00094846,"CHICAGO OHARE INTERNATIONAL AIRPORT, IL US",20.6,1.7,2017-02-19,18.74,0.96
416,USW00094846,"CHICAGO OHARE INTERNATIONAL AIRPORT, IL US",21.1,5,2017-02-20,19.69,3.42
417,USW00094846,"CHICAGO OHARE INTERNATIONAL AIRPORT, IL US",18.9,9.4,2017-02-21,18.84,7.94
418,USW00094846,"CHICAGO OHARE INTERNATIONAL AIRPORT, IL US",20,10,2017-02-22,19.49,9.08
419,USW00094846,"CHICAGO OHARE INTERNATIONAL AIRPORT, IL US",15,3.3,2017-02-23,13.19,4.46
420,USW00094846,"CHICAGO OHARE INTERNATIONAL AIRPORT, IL US",4.4,0.6,2017-02-24,5.23,1.05
421,USW00094846,"CHICAGO OHARE INTERNATIONAL AIRPORT, IL US",0.6,-4.9,2017-02-25,-0.21,-5.66
422,USW00094846,"CHICAGO OHARE INTERNATIONAL AIRPORT, IL US",9.4,-6,2017-02-26,7.94,-5.75
423,USW00094846,"CHICAGO OHARE INTERNATIONAL AIRPORT, IL US",12.2,-2.7,2017-02-27,11.29,-2.59
424,USW00094846,"CHICAGO OHARE INTERNATIONAL AIRPORT, IL US",15.6,8.3,2017-02-28,14.87,3.57
425,USW00094846,"CHICAGO OHARE INTERNATIONAL AIRPORT, IL US",12.2,0,2017-03-01,9.48,1.47
426,USW00094846,"CHICAGO OHARE INTERNATIONAL AIRPORT, IL US",1.7,-2.7,2017-03-02,2.02,-3.35
427,USW00094846,"CHICAGO OHARE INTERNATIONAL AIRPORT, IL US",0.6,-6,2017-03-03,0.55,-6.95
428,USW00094846,"CHICAGO OHARE INTERNATIONAL AIRPORT, IL US",5.6,-2.1,2017-03-04,4.76,-4.37
429,USW00094846,"CHICAGO OHARE INTERNATIONAL AIRPORT, IL US",15.6,0,2017-03-05,14.35,-0.6
430,USW00094846,"CHICAGO OHARE INTERNATIONAL AIRPORT, IL US",18.3,11.1,2017-03-06,17.45,6.58
431,USW00094846,"CHICAGO OHARE INTERNATIONAL AIRPORT, IL US",18.3,6.7,2017-03-07,14.94,6.08
432,USW00094846,"CHICAGO OHARE INTERNATIONAL AIRPORT, IL US",11.7,4.4,2017-03-08,11.02,3.74
433,USW00094846,"CHICAGO OHARE INTERNATIONAL AIRPORT, IL US",5.6,-1.6,2017-03-09,5.54,-1.32
434,USW00094846,"CHICAGO OHARE INTERNATIONAL AIRPORT, IL US",2.2,-4.9,2017-03-10,1.31,-4.89
435,USW00094846,"CHICAGO OHARE INTERNATIONAL AIRPORT, IL US",0,-7.7,2017-03-11,-1.17,-8.69
436,USW00094846,"CHICAGO OHARE INTERNATIONAL AIRPORT, IL US",2.2,-7.7,2017-03-12,1.2,-8.39
437,USW00094846,"CHICAGO OHARE INTERNATIONAL AIRPORT, IL US",-0.5,-2.7,2017-03-13,-0.19,-5.74
438,USW00094846,"CHICAGO OHARE INTERNATIONAL AIRPORT, IL US",-2.1,-7.1,2017-03-14,-2.04,-7.58
439,USW00094846,"CHICAGO OHARE INTERNATIONAL AIRPORT, IL US",0.6,-8.8,2017-03-15,0.17,-9.62
440,USW00094846,"CHICAGO OHARE INTERNATIONAL AIRPORT, IL US",5.6,-7.7,2017-03-16,4.67,-8.68
441,USW00094846,"CHICAGO OHARE INTERNATIONAL AIRPORT, IL US",10,2.2,2017-03-17,9.18,-3.11
442,USW00094846,"CHICAGO OHARE INTERNATIONAL AIRPORT, IL US",7.2,0,2017-03-18,6.68,1.21
443,USW00094846,"CHICAGO OHARE INTERNATIONAL AIRPORT, IL US",11.7,-1.6,2017-03-19,10.53,-1.89
444,USW00094846,"CHICAGO OHARE INTERNATIONAL AIRPORT, IL US",12.2,2.8,2017-03-20,11.95,1.23
445,USW00094846,"CHICAGO OHARE INTERNATIONAL AIRPORT, IL US",12.2,0.6,2017-03-21,11.78,-0.05
446,USW00094846,"CHICAGO OHARE INTERNATIONAL AIRPORT, IL US",2.8,-2.1,2017-03-22,3.06,-2.92
447,USW00094846,"CHICAGO OHARE INTERNATIONAL AIRPORT, IL US",10,-1.6,2017-03-23,9.79,-2.86
448,USW00094846,"CHICAGO OHARE INTERNATIONAL AIRPORT, IL US",27.8,5.6,2017-03-24,25.45,2.33
449,USW00094846,"CHICAGO OHARE INTERNATIONAL AIRPORT, IL US",8.3,5,2017-03-25,9.94,3.74
450,USW00094846,"CHICAGO OHARE INTERNATIONAL AIRPORT, IL US",16.7,8.3,2017-03-26,15.48,5.77
451,USW00094846,"CHICAGO OHARE INTERNATIONAL AIRPORT, IL US",11.1,5.6,2017-03-27,11.16,5.76
452,USW00094846,"CHICAGO OHARE INTERNATIONAL AIRPORT, IL US",10,2.2,2017-03-28,9.14,2.82
453,USW00094846,"CHICAGO OHARE INTERNATIONAL AIRPORT, IL US",9.4,1.7,2017-03-29,8.57,1.05
454,USW00094846,"CHICAGO OHARE INTERNATIONAL AIRPORT, IL US",7.2,3.9,2017-03-30,6.8,2.56
455,USW00094846,"CHICAGO OHARE INTERNATIONAL AIRPORT, IL US",6.7,2.2,2017-03-31,6.03,2.24
456,USW00094846,"CHICAGO OHARE INTERNATIONAL AIRPORT, IL US",15,1.1,2017-04-01,13.11,0.26
457,USW00094846,"CHICAGO OHARE INTERNATIONAL AIRPORT, IL US",16.1,5.6,2017-04-02,14.9,3.04
458,USW00094846,"CHICAGO OHARE INTERNATIONAL AIRPORT, IL US",12.2,7.8,2017-04-03,11.7,6.6
459,USW00094846,"CHICAGO OHARE INTERNATIONAL AIRPORT, IL US",13.3,6.1,2017-04-04,12.55,6.29
460,USW00094846,"CHICAGO OHARE INTERNATIONAL AIRPORT, IL US",8.3,4.4,2017-04-05,7.52,4.21
461,USW00094846,"CHICAGO OHARE INTERNATIONAL AIRPORT, IL US",10.6,3.3,2017-04-06,9.98,2.49
462,USW00094846,"CHICAGO OHARE INTERNATIONAL AIRPORT, IL US",12.2,2.8,2017-04-07,11.84,1.78
463,USW00094846,"CHICAGO OHARE INTERNATIONAL AIRPORT, IL US",20,2.8,2017-04-08,18.97,2.36
464,USW00094846,"CHICAGO OHARE INTERNATIONAL AIRPORT, IL US",25,13.9,2017-04-09,24.06,9.31
465,USW00094846,"CHICAGO OHARE INTERNATIONAL AIRPORT, IL US",25.6,5,2017-04-10,24.58,8.8
466,USW00094846,"CHICAGO OHARE INTERNATIONAL AIRPORT, IL US",12.2,5,2017-04-11,12.59,4.6
467,USW00094846,"CHICAGO OHARE INTERNATIONAL AIRPORT, IL US",15,3.3,2017-04-12,14.08,2.26
468,USW00094846,"CHICAGO OHARE INTERNATIONAL AIRPORT, IL US",15.6,6.7,2017-04-13,14.58,5.27
469,USW00094846,"CHICAGO OHARE INTERNATIONAL AIRPORT, IL US",18.9,8.3,2017-04-14,19.87,6.55
470,USW00094846,"CHICAGO OHARE INTERNATIONAL AIRPORT, IL US",27.8,16.1,2017-04-15,27.17,11.51
471,USW00094846,"CHICAGO OHARE INTERNATIONAL AIRPORT, IL US",22.8,11.1,2017-04-16,22.96,13.35
472,USW00094846,"CHICAGO OHARE INTERNATIONAL AIRPORT, IL US",20.6,6.7,2017-04-17,20.69,6.15
473,USW00094846,"CHICAGO OHARE INTERNATIONAL AIRPORT, IL US",24.4,5,2017-04-18,24.31,4.64
474,USW00094846,"CHICAGO OHARE INTERNATIONAL AIRPORT, IL US",21.1,7.2,2017-04-19,20.57,7.39
475,USW00094846,"CHICAGO OHARE INTERNATIONAL AIRPORT, IL US",22.8,8.9,2017-04-20,22.17,7.65
476,USW00094846,"CHICAGO OHARE INTERNATIONAL AIRPORT, IL US",11.7,6.7,2017-04-21,12.87,5.85
477,USW00094846,"CHICAGO OHARE INTERNATIONAL AIRPORT, IL US",15.6,3.3,2017-04-22,14.34,4.3
478,USW00094846,"CHICAGO OHARE INTERNATIONAL AIRPORT, IL US",22.2,2.8,2017-04-23,20.52,2.06
479,USW00094846,"CHICAGO OHARE INTERNATIONAL AIRPORT, IL US",22.8,4.4,2017-04-24,21.84,3.22
480,USW00094846,"CHICAGO OHARE INTERNATIONAL AIRPORT, IL US",26.1,11.1,2017-04-25,24.89,9.1
481,USW00094846,"CHICAGO OHARE INTERNATIONAL AIRPORT, IL US",23.3,15.6,2017-04-26,24.08,14.31
482,USW00094846,"CHICAGO OHARE INTERNATIONAL AIRPORT, IL US",16.7,5,2017-04-27,14.91,6.74
483,USW00094846,"CHICAGO OHARE INTERNATIONAL AIRPORT, IL US",15.6,4.4,2017-04-28,13.85,4.12
484,USW00094846,"CHICAGO OHARE INTERNATIONAL AIRPORT, IL US",7.8,4.4,2017-04-29,8.43,4.49
485,USW00094846,"CHICAGO OHARE INTERNATIONAL AIRPORT, IL US",8.3,5.6,2017-04-30,9.83,4.69
486,USW00094846,"CHICAGO OHARE INTERNATIONAL AIRPORT, IL US",13.9,7.2,2017-05-01,13.87,5.94
487,USW00094846,"CHICAGO OHARE INTERNATIONAL AIRPORT, IL US",10.6,5,2017-05-02,10.57,4.51
488,USW00094846,"CHICAGO OHARE INTERNATIONAL AIRPORT, IL US",13.3,1.7,2017-05-03,13.07,2.05
489,USW00094846,"CHICAGO OHARE INTERNATIONAL AIRPORT, IL US",12.2,6.1,2017-05-04,12.17,5.24
490,USW00094846,"CHICAGO OHARE INTERNATIONAL AIRPORT, IL US",16.1,5,2017-05-05,14.82,4.81
491,USW00094846,"CHICAGO OHARE INTERNATIONAL AIRPORT, IL US",14.4,6.7,2017-05-06,14.11,5.36
492,USW00094846,"CHICAGO OHARE INTERNATIONAL AIRPORT, IL US",15,2.2,2017-05-07,13.97,1.93
493,USW00094846,"CHICAGO OHARE INTERNATIONAL AIRPORT, IL US",13.9,1.1,2017-05-08,13.43,1.27
494,USW00094846,"CHICAGO OHARE INTERNATIONAL AIRPORT, IL US",16.1,5.6,2017-05-09,15.36,4.55
495,USW00094846,"CHICAGO OHARE INTERNATIONAL AIRPORT, IL US",19.4,6.7,2017-05-10,18.66,6.37
496,USW00094846,"CHICAGO OHARE INTERNATIONAL AIRPORT, IL US",18.3,9.4,2017-05-11,18.2,8.53
497,USW00094846,"CHICAGO OHARE INTERNATIONAL AIRPORT, IL US",22.8,7.2,2017-05-12,20.78,7.05
498,USW00094846,"CHICAGO OHARE INTERNATIONAL AIRPORT, IL US",27.8,8.3,2017-05-13,26.9,7.74
499,USW00094846,"CHICAGO OHARE INTERNATIONAL AIRPORT, IL US",21.7,10.6,2017-05-14,21.1,9.48
500,USW00094846,"CHICAGO OHARE INTERNATIONAL AIRPORT, IL US",27.8,10,2017-05-15,26.43,8.72
501,USW00094846,"CHICAGO OHARE INTERNATIONAL AIRPORT, IL US",30.6,16.1,2017-05-16,30.7,14.75
502,USW00094846,"CHICAGO OHARE INTERNATIONAL AIRPORT, IL US",28.9,16.7,2017-05-17,29.07,17.74
503,USW00094846,"CHICAGO OHARE INTERNATIONAL AIRPORT, IL US",25.6,8.9,2017-05-18,25.56,12.61
504,USW00094846,"CHICAGO OHARE INTERNATIONAL AIRPORT, IL US",10,6.1,2017-05-19,12.23,5.68
505,USW00094846,"CHICAGO OHARE INTERNATIONAL AIRPORT, IL US",17.8,8.9,2017-05-20,16.89,7.21
506,USW00094846,"CHICAGO OHARE INTERNATIONAL AIRPORT, IL US",18.3,10.6,2017-05-21,18.14,9.72
507,USW00094846,"CHICAGO OHARE INTERNATIONAL AIRPORT, IL US",22.8,8.9,2017-05-22,22.56,8.3
508,USW00094846,"CHICAGO OHARE INTERNATIONAL AIRPORT, IL US",16.7,12.8,2017-05-23,17.78,11.58
509,USW00094846,"CHICAGO OHARE INTERNATIONAL AIRPORT, IL US",16.7,11.7,2017-05-24,16.09,10.83
510,USW00094846,"CHICAGO OHARE INTERNATIONAL AIRPORT, IL US",20.6,11.1,2017-05-25,20.04,10.87
511,USW00094846,"CHICAGO OHARE INTERNATIONAL AIRPORT, IL US",21.7,11.1,2017-05-26,20.59,10.42
512,USW00094846,"CHICAGO OHARE INTERNATIONAL AIRPORT, IL US",25.6,11.1,2017-05-27,23.78,11
513,USW00094846,"CHICAGO OHARE INTERNATIONAL AIRPORT, IL US",25,13.3,2017-05-28,24.46,12.56
514,USW00094846,"CHICAGO OHARE INTERNATIONAL AIRPORT, IL US",25,12.8,2017-05-29,24.53,13.11
515,USW00094846,"CHICAGO OHARE INTERNATIONAL AIRPORT, IL US",23.3,12.2,2017-05-30,23.22,11.74
516,USW00094846,"CHICAGO OHARE INTERNATIONAL AIRPORT, IL US",23.3,11.1,2017-05-31,22.82,10.66
517,USW00094846,"CHICAGO OHARE INTERNATIONAL AIRPORT, IL US",27.2,10.6,2017-06-01,24.81,10.23
518,USW00094846,"CHICAGO OHARE INTERNATIONAL AIRPORT, IL US",30,11.7,2017-06-02,28.71,11.23
519,USW00094846,"CHICAGO OHARE INTERNATIONAL AIRPORT, IL US",28.9,13.9,2017-06-03,29.12,14.33
520,USW00094846,"CHICAGO OHARE INTERNATIONAL AIRPORT, IL US",33.3,18.9,2017-06-04,32.16,18.67
521,USW00094846,"CHICAGO OHARE INTERNATIONAL AIRPORT, IL US",23.9,15,2017-06-05,23.65,14.25
522,USW00094846,"CHICAGO OHARE INTERNATIONAL AIRPORT, IL US",24.4,12.2,2017-06-06,23.33,11.16
523,USW00094846,"CHICAGO OHARE INTERNATIONAL AIRPORT, IL US",25,13.3,2017-06-07,23.61,11.64
524,USW00094846,"CHICAGO OHARE INTERNATIONAL AIRPORT, IL US",28.3,11.7,2017-06-08,27.26,10.79
525,USW00094846,"CHICAGO OHARE INTERNATIONAL AIRPORT, IL US",30.6,18.3,2017-06-09,30.31,16.19
526,USW00094846,"CHICAGO OHARE INTERNATIONAL AIRPORT, IL US",32.2,17.8,2017-06-10,31.95,17.16
527,USW00094846,"CHICAGO OHARE INTERNATIONAL AIRPORT, IL US",33.9,22.8,2017-06-11,33.42,21.05
528,USW00094846,"CHICAGO OHARE INTERNATIONAL AIRPORT, IL US",35,22.8,2017-06-12,34.3,21.89
529,USW00094846,"CHICAGO OHARE INTERNATIONAL AIRPORT, IL US",31.1,20,2017-06-13,30.61,19.25
530,USW00094846,"CHICAGO OHARE INTERNATIONAL AIRPORT, IL US",33.3,20,2017-06-14,32.62,18.76
531,USW00094846,"CHICAGO OHARE INTERNATIONAL AIRPORT, IL US",32.8,20,2017-06-15,32.16,19.63
532,USW00094846,"CHICAGO OHARE INTERNATIONAL AIRPORT, IL US",30,19.4,2017-06-16,29.41,18.67
533,USW00094846,"CHICAGO OHARE INTERNATIONAL AIRPORT, IL US",30.6,20.6,2017-06-17,30.07,19.49
534,USW00094846,"CHICAGO OHARE INTERNATIONAL AIRPORT, IL US",26.1,20.6,2017-06-18,26.29,20.08
535,USW00094846,"CHICAGO OHARE INTERNATIONAL AIRPORT, IL US",26.7,16.7,2017-06-19,25.65,15.75
536,USW00094846,"CHICAGO OHARE INTERNATIONAL AIRPORT, IL US",26.7,14.4,2017-06-20,26.14,13.71
537,USW00094846,"CHICAGO OHARE INTERNATIONAL AIRPORT, IL US",26.7,12.8,2017-06-21,25.6,12.3
538,USW00094846,"CHICAGO OHARE INTERNATIONAL AIRPORT, IL US",31.1,20,2017-06-22,30.96,18.11
539,USW00094846,"CHICAGO OHARE INTERNATIONAL AIRPORT, IL US",28.3,18.9,2017-06-23,28.03,18.35
540,USW00094846,"CHICAGO OHARE INTERNATIONAL AIRPORT, IL US",23.9,15,2017-06-24,23.9,14.51
541,USW00094846,"CHICAGO OHARE INTERNATIONAL AIRPORT, IL US",22.2,12.2,2017-06-25,22.16,11.94
542,USW00094846,"CHICAGO OHARE INTERNATIONAL AIRPORT, IL US",23.9,12.2,2017-06-26,22.66,11.42
543,USW00094846,"CHICAGO OHARE INTERNATIONAL AIRPORT, IL US",25.6,10,2017-06-27,24.48,10.09
544,USW00094846,"CHICAGO OHARE INTERNATIONAL AIRPORT, IL US",26.7,14.4,2017-06-28,26.35,13.79
545,USW00094846,"CHICAGO OHARE INTERNATIONAL AIRPORT, IL US",27.2,18.9,2017-06-29,27.52,17.45
546,USW00094846,"CHICAGO OHARE INTERNATIONAL AIRPORT, IL US",28.9,17.8,2017-06-30,27.78,18.18
547,USW00094846,"CHICAGO OHARE INTERNATIONAL AIRPORT, IL US",27.8,18.9,2017-07-01,27.87,18.16
548,USW00094846,"CHICAGO OHARE INTERNATIONAL AIRPORT, IL US",31.7,16.7,2017-07-02,30.91,15.47
549,USW00094846,"CHICAGO OHARE INTERNATIONAL AIRPORT, IL US",26.7,18.9,2017-07-03,26.51,17.66
550,USW00094846,"CHICAGO OHARE INTERNATIONAL AIRPORT, IL US",28.3,17.8,2017-07-04,27.67,17.31
551,USW00094846,"CHICAGO OHARE INTERNATIONAL AIRPORT, IL US",31.7,18.3,2017-07-05,29.99,18.23
552,USW00094846,"CHICAGO OHARE INTERNATIONAL AIRPORT, IL US",33.9,20.6,2017-07-06,32.7,20.1
553,USW00094846,"CHICAGO OHARE INTERNATIONAL AIRPORT, IL US",31.7,17.2,2017-07-07,30.45,19.64
554,USW00094846,"CHICAGO OHARE INTERNATIONAL AIRPORT, IL US",26.7,16.7,2017-07-08,26.11,15.62
555,USW00094846,"CHICAGO OHARE INTERNATIONAL AIRPORT, IL US",30,17.2,2017-07-09,29.43,15.44
556,USW00094846,"CHICAGO OHARE INTERNATIONAL AIRPORT, IL US",28.9,19.4,2017-07-10,28.56,18.23
557,USW00094846,"CHICAGO OHARE INTERNATIONAL AIRPORT, IL US",29.4,21.1,2017-07-11,29.05,20
558,USW00094846,"CHICAGO OHARE INTERNATIONAL AIRPORT, IL US",27.2,20,2017-07-12,26.77,19.95
559,USW00094846,"CHICAGO OHARE INTERNATIONAL AIRPORT, IL US",28.3,22.2,2017-07-13,28.01,20.74
560,USW00094846,"CHICAGO OHARE INTERNATIONAL AIRPORT, IL US",22.8,17.2,2017-07-14,23.05,17.07
561,USW00094846,"CHICAGO OHARE INTERNATIONAL AIRPORT, IL US",27.2,15.6,2017-07-15,26.65,15.13
562,USW00094846,"CHICAGO OHARE INTERNATIONAL AIRPORT, IL US",25.6,15.6,2017-07-16,24.82,16.07
563,USW00094846,"CHICAGO OHARE INTERNATIONAL AIRPORT, IL US",26.1,13.3,2017-07-17,25.2,13.41
564,USW00094846,"CHICAGO OHARE INTERNATIONAL AIRPORT, IL US",31.7,15.6,2017-07-18,29.96,14.83
565,USW00094846,"CHICAGO OHARE INTERNATIONAL AIRPORT, IL US",31.1,21.1,2017-07-19,30.17,19.37
566,USW00094846,"CHICAGO OHARE INTERNATIONAL AIRPORT, IL US",31.1,20.6,2017-07-20,31.13,20.04
567,USW00094846,"CHICAGO OHARE INTERNATIONAL AIRPORT, IL US",31.7,22.2,2017-07-21,30.65,21.04
568,USW00094846,"CHICAGO OHARE INTERNATIONAL AIRPORT, IL US",31.1,22.2,2017-07-22,29.93,21.43
569,USW00094846,"CHICAGO OHARE INTERNATIONAL AIRPORT, IL US",32.2,21.1,2017-07-23,31.31,20.48
570,USW00094846,"CHICAGO OHARE INTERNATIONAL AIRPORT, IL US",23.3,18.9,2017-07-24,23.22,17.88
571,USW00094846,"CHICAGO OHARE INTERNATIONAL AIRPORT, IL US",27.8,16.1,2017-07-25,27.51,15.89
572,USW00094846,"CHICAGO OHARE INTERNATIONAL AIRPORT, IL US",29.4,18.3,2017-07-26,29.07,18.19
573,USW00094846,"CHICAGO OHARE INTERNATIONAL AIRPORT, IL US",27.8,21.1,2017-07-27,27.32,20.54
574,USW00094846,"CHICAGO OHARE INTERNATIONAL AIRPORT, IL US",26.1,19.4,2017-07-28,26.12,19.13
575,USW00094846,"CHICAGO OHARE INTERNATIONAL AIRPORT, IL US",26.1,17.8,2017-07-29,25.67,16.03
576,USW00094846,"CHICAGO OHARE INTERNATIONAL AIRPORT, IL US",28.9,16.7,2017-07-30,28.06,15.74
577,USW00094846,"CHICAGO OHARE INTERNATIONAL AIRPORT, IL US",30,18.3,2017-07-31,28.91,17.17
578,USW00094846,"CHICAGO OHARE INTERNATIONAL AIRPORT, IL US",30,19.4,2017-08-01,29.22,18.49
579,USW00094846,"CHICAGO OHARE INTERNATIONAL AIRPORT, IL US",30.6,18.9,2017-08-02,29.86,18.59
580,USW00094846,"CHICAGO OHARE INTERNATIONAL AIRPORT, IL US",28.9,16.1,2017-08-03,29.21,17.36
581,USW00094846,"CHICAGO OHARE INTERNATIONAL AIRPORT, IL US",20,13.3,2017-08-04,21.26,12.84
582,USW00094846,"CHICAGO OHARE INTERNATIONAL AIRPORT, IL US",26.7,15.6,2017-08-05,25.55,13.84
583,USW00094846,"CHICAGO OHARE INTERNATIONAL AIRPORT, IL US",25,17.2,2017-08-06,25.13,16.23
584,USW00094846,"CHICAGO OHARE INTERNATIONAL AIRPORT, IL US",24.4,16.1,2017-08-07,24.45,15.07
585,USW00094846,"CHICAGO OHARE INTERNATIONAL AIRPORT, IL US",28.9,14.4,2017-08-08,27.81,12.97
586,USW00094846,"CHICAGO OHARE INTERNATIONAL AIRPORT, IL US",28.3,16.1,2017-08-09,27.71,15.46
587,USW00094846,"CHICAGO OHARE INTERNATIONAL AIRPORT, IL US",28.9,16.7,2017-08-10,28.87,16.14
588,USW00094846,"CHICAGO OHARE INTERNATIONAL AIRPORT, IL US",25.6,18.3,2017-08-11,25.27,17.5
589,USW00094846,"CHICAGO OHARE INTERNATIONAL AIRPORT, IL US",25,15.6,2017-08-12,24.06,14.58
590,USW00094846,"CHICAGO OHARE INTERNATIONAL AIRPORT, IL US",26.7,13.9,2017-08-13,24.95,13.3
591,USW00094846,"CHICAGO OHARE INTERNATIONAL AIRPORT, IL US",28.3,16.7,2017-08-14,27.61,15.4
592,USW00094846,"CHICAGO OHARE INTERNATIONAL AIRPORT, IL US",28.9,20,2017-08-15,28.33,18.02
593,USW00094846,"CHICAGO OHARE INTERNATIONAL AIRPORT, IL US",31.1,19.4,2017-08-16,30.14,17.78
594,USW00094846,"CHICAGO OHARE INTERNATIONAL AIRPORT, IL US",27.8,22.2,2017-08-17,27.99,20.63
595,USW00094846,"CHICAGO OHARE INTERNATIONAL AIRPORT, IL US",27.8,19.4,2017-08-18,27.5,18.48
596,USW00094846,"CHICAGO OHARE INTERNATIONAL AIRPORT, IL US",30,17.2,2017-08-19,28.02,16.3
597,USW00094846,"CHICAGO OHARE INTERNATIONAL AIRPORT, IL US",32.2,17.2,2017-08-20,30.32,16.55
598,USW00094846,"CHICAGO OHARE INTERNATIONAL AIRPORT, IL US",30.6,21.7,2017-08-21,29.59,19.82
599,USW00094846,"CHICAGO OHARE INTERNATIONAL AIRPORT, IL US",27.8,17.8,2017-08-22,27.14,18.94
600,USW00094846,"CHICAGO OHARE INTERNATIONAL AIRPORT, IL US",26.1,15.6,2017-08-23,25.24,14.2
601,USW00094846,"CHICAGO OHARE INTERNATIONAL AIRPORT, IL US",23.9,13.3,2017-08-24,23.7,13.18
602,USW00094846,"CHICAGO OHARE INTERNATIONAL AIRPORT, IL US",23.3,11.1,2017-08-25,23.33,10.58
603,USW00094846,"CHICAGO OHARE INTERNATIONAL AIRPORT, IL US",25.6,13.3,2017-08-26,24.56,12.69
604,USW00094846,"CHICAGO OHARE INTERNATIONAL AIRPORT, IL US",25.6,16.7,2017-08-27,25.25,15.21
605,USW00094846,"CHICAGO OHARE INTERNATIONAL AIRPORT, IL US",26.7,17.8,2017-08-28,26.13,16.84
606,USW00094846,"CHICAGO OHARE INTERNATIONAL AIRPORT, IL US",24.4,16.1,2017-08-29,24.31,15.57
607,USW00094846,"CHICAGO OHARE INTERNATIONAL AIRPORT, IL US",27.8,15.6,2017-08-30,26.68,14.65
608,USW00094846,"CHICAGO OHARE INTERNATIONAL AIRPORT, IL US",22.8,17.8,2017-08-31,22.93,16.38
609,USW00094846,"CHICAGO OHARE INTERNATIONAL AIRPORT, IL US",20.6,10,2017-09-01,20.56,12.12
610,USW00094846,"CHICAGO OHARE INTERNATIONAL AIRPORT, IL US",23.9,10,2017-09-02,22.88,9.19
611,USW00094846,"CHICAGO OHARE INTERNATIONAL AIRPORT, IL US",28.9,13.9,2017-09-03,27.86,11.4
612,USW00094846,"CHICAGO OHARE INTERNATIONAL AIRPORT, IL US",27.8,16.7,2017-09-04,27.49,15.59
613,USW00094846,"CHICAGO OHARE INTERNATIONAL AIRPORT, IL US",21.1,12.2,2017-09-05,21.06,11.73
614,USW00094846,"CHICAGO OHARE INTERNATIONAL AIRPORT, IL US",19.4,9.4,2017-09-06,19.28,9
615,USW00094846,"CHICAGO OHARE INTERNATIONAL AIRPORT, IL US",21.7,11.1,2017-09-07,20.77,10.05
616,USW00094846,"CHICAGO OHARE INTERNATIONAL AIRPORT, IL US",20.6,14.4,2017-09-08,20.52,12.29
617,USW00094846,"CHICAGO OHARE INTERNATIONAL AIRPORT, IL US",22.2,12.2,2017-09-09,21.57,11.61
618,USW00094846,"CHICAGO OHARE INTERNATIONAL AIRPORT, IL US",21.1,10,2017-09-10,21.27,8.78
619,USW00094846,"CHICAGO OHARE INTERNATIONAL AIRPORT, IL US",23.9,11.1,2017-09-11,23.41,9.42
620,USW00094846,"CHICAGO OHARE INTERNATIONAL AIRPORT, IL US",25,12.2,2017-09-12,24.73,11.08
621,USW00094846,"CHICAGO OHARE INTERNATIONAL AIRPORT, IL US",25,14.4,2017-09-13,24.56,13.35
622,USW00094846,"CHICAGO OHARE INTERNATIONAL AIRPORT, IL US",27.2,15,2017-09-14,26.38,14.15
623,USW00094846,"CHICAGO OHARE INTERNATIONAL AIRPORT, IL US",30.6,16.7,2017-09-15,29.81,16.02
624,USW00094846,"CHICAGO OHARE INTERNATIONAL AIRPORT, IL US",31.1,18.3,2017-09-16,30.88,17.71
625,USW00094846,"CHICAGO OHARE INTERNATIONAL AIRPORT, IL US",30,17.2,2017-09-17,30.01,16.89
626,USW00094846,"CHICAGO OHARE INTERNATIONAL AIRPORT, IL US",25,14.4,2017-09-18,25.02,12.93
627,USW00094846,"CHICAGO OHARE INTERNATIONAL AIRPORT, IL US",26.1,17.8,2017-09-19,25.39,15.34
628,USW00094846,"CHICAGO OHARE INTERNATIONAL AIRPORT, IL US",33.3,16.7,2017-09-20,32.39,16.53
629,USW00094846,"CHICAGO OHARE INTERNATIONAL AIRPORT, IL US",34.4,22.2,2017-09-21,33.41,20.13
630,USW00094846,"CHICAGO OHARE INTERNATIONAL AIRPORT, IL US",34.4,21.7,2017-09-22,34.36,21.2
631,USW00094846,"CHICAGO OHARE INTERNATIONAL AIRPORT, IL US",35,22.2,2017-09-23,33.8,20.91
632,USW00094846,"CHICAGO OHARE INTERNATIONAL AIRPORT, IL US",33.9,21.1,2017-09-24,32.71,19.73
633,USW00094846,"CHICAGO OHARE INTERNATIONAL AIRPORT, IL US",33.3,19.4,2017-09-25,32.65,18.5
634,USW00094846,"CHICAGO OHARE INTERNATIONAL AIRPORT, IL US",33.3,21.1,2017-09-26,33.21,19.35
635,USW00094846,"CHICAGO OHARE INTERNATIONAL AIRPORT, IL US",22.2,13.3,2017-09-27,23.56,14.49
636,USW00094846,"CHICAGO OHARE INTERNATIONAL AIRPORT, IL US",23.3,11.7,2017-09-28,22.41,10.22
637,USW00094846,"CHICAGO OHARE INTERNATIONAL AIRPORT, IL US",21.1,13.3,2017-09-29,21.02,11.78
638,USW00094846,"CHICAGO OHARE INTERNATIONAL AIRPORT, IL US",20,11.7,2017-09-30,19.8,10.27
639,USW00094846,"CHICAGO OHARE INTERNATIONAL AIRPORT, IL US",22.2,8.9,2017-10-01,21.7,8.13
640,USW00094846,"CHICAGO OHARE INTERNATIONAL AIRPORT, IL US",28.3,14.4,2017-10-02,27.54,12.21
641,USW00094846,"CHICAGO OHARE INTERNATIONAL AIRPORT, IL US",25.6,19.4,2017-10-03,25.59,18
642,USW00094846,"CHICAGO OHARE INTERNATIONAL AIRPORT, IL US",24.4,14.4,2017-10-04,23.63,17.07
643,USW00094846,"CHICAGO OHARE INTERNATIONAL AIRPORT, IL US",25,12.2,2017-10-05,23.7,11.21
644,USW00094846,"CHICAGO OHARE INTERNATIONAL AIRPORT, IL US",20.6,15.6,2017-10-06,21.28,13.09
645,USW00094846,"CHICAGO OHARE INTERNATIONAL AIRPORT, IL US",26.1,15.6,2017-10-07,25.46,15.19
646,USW00094846,"CHICAGO OHARE INTERNATIONAL AIRPORT, IL US",25.6,12.2,2017-10-08,25.4,11.85
647,USW00094846,"CHICAGO OHARE INTERNATIONAL AIRPORT, IL US",27.2,11.1,2017-10-09,26.91,10.87
648,USW00094846,"CHICAGO OHARE INTERNATIONAL AIRPORT, IL US",17.2,14.4,2017-10-10,18.57,12.79
649,USW00094846,"CHICAGO OHARE INTERNATIONAL AIRPORT, IL US",16.7,13.3,2017-10-11,16.06,13.28
650,USW00094846,"CHICAGO OHARE INTERNATIONAL AIRPORT, IL US",15.6,13.3,2017-10-12,15.26,12.77
651,USW00094846,"CHICAGO OHARE INTERNATIONAL AIRPORT, IL US",22.8,12.8,2017-10-13,21.65,12
652,USW00094846,"CHICAGO OHARE INTERNATIONAL AIRPORT, IL US",18.9,16.7,2017-10-14,19.79,14.15
653,USW00094846,"CHICAGO OHARE INTERNATIONAL AIRPORT, IL US",20,8.3,2017-10-15,17.26,10.55
654,USW00094846,"CHICAGO OHARE INTERNATIONAL AIRPORT, IL US",17.2,6.1,2017-10-16,16.88,5.46
655,USW00094846,"CHICAGO OHARE INTERNATIONAL AIRPORT, IL US",21.1,9.4,2017-10-17,21.05,6.98
656,USW00094846,"CHICAGO OHARE INTERNATIONAL AIRPORT, IL US",21.7,8.3,2017-10-18,21.59,8.44
657,USW00094846,"CHICAGO OHARE INTERNATIONAL AIRPORT, IL US",21.1,10.6,2017-10-19,20.54,9.39
658,USW00094846,"CHICAGO OHARE INTERNATIONAL AIRPORT, IL US",25.6,10.6,2017-10-20,25.45,9.3
659,USW00094846,"CHICAGO OHARE INTERNATIONAL AIRPORT, IL US",25,15.6,2017-10-21,25,14.04
660,USW00094846,"CHICAGO OHARE INTERNATIONAL AIRPORT, IL US",21.1,10.6,2017-10-22,21.02,12.98
661,USW00094846,"CHICAGO OHARE INTERNATIONAL AIRPORT, IL US",12.2,10,2017-10-23,12.63,9.84
662,USW00094846,"CHICAGO OHARE INTERNATIONAL AIRPORT, IL US",10,5.6,2017-10-24,9.45,6.04
663,USW00094846,"CHICAGO OHARE INTERNATIONAL AIRPORT, IL US",11.7,3.3,2017-10-25,11.43,2.52
664,USW00094846,"CHICAGO OHARE INTERNATIONAL AIRPORT, IL US",15.6,2.2,2017-10-26,15.09,2.05
665,USW00094846,"CHICAGO OHARE INTERNATIONAL AIRPORT, IL US",11.1,3.3,2017-10-27,9.3,2.56
666,USW00094846,"CHICAGO OHARE INTERNATIONAL AIRPORT, IL US",4.4,2.2,2017-10-28,4.48,1.83
667,USW00094846,"CHICAGO OHARE INTERNATIONAL AIRPORT, IL US",7.8,0.6,2017-10-29,7.76,0.57
668,USW00094846,"CHICAGO OHARE INTERNATIONAL AIRPORT, IL US",10,2.8,2017-10-30,9.69,1.56
669,USW00094846,"CHICAGO OHARE INTERNATIONAL AIRPORT, IL US",4.4,1.1,2017-10-31,5.27,0.98
670,USW00094846,"CHICAGO OHARE INTERNATIONAL AIRPORT, IL US",6.7,2.2,2017-11-01,7.22,1.39
671,USW00094846,"CHICAGO OHARE INTERNATIONAL AIRPORT, IL US",10.6,6.7,2017-11-02,10.11,4.62
672,USW00094846,"CHICAGO OHARE INTERNATIONAL AIRPORT, IL US",8.9,3.3,2017-11-03,8.99,3.21
673,USW00094846,"CHICAGO OHARE INTERNATIONAL AIRPORT, IL US",10,5.6,2017-11-04,9.82,4.46
674,USW00094846,"CHICAGO OHARE INTERNATIONAL AIRPORT, IL US",11.1,5.6,2017-11-05,10.8,5.79
675,USW00094846,"CHICAGO OHARE INTERNATIONAL AIRPORT, IL US",6.1,0,2017-11-06,6.53,-0.36
676,USW00094846,"CHICAGO OHARE INTERNATIONAL AIRPORT, IL US",7.2,0,2017-11-07,7.47,-0.07
677,USW00094846,"CHICAGO OHARE INTERNATIONAL AIRPORT, IL US",7.8,-1.6,2017-11-08,8.14,-2.87
678,USW00094846,"CHICAGO OHARE INTERNATIONAL AIRPORT, IL US",7.8,-6,2017-11-09,7.72,-4.34
679,USW00094846,"CHICAGO OHARE INTERNATIONAL AIRPORT, IL US",-1,-7.7,2017-11-10,-0.34,-8.14
680,USW00094846,"CHICAGO OHARE INTERNATIONAL AIRPORT, IL US",3.3,-3.2,2017-11-11,2.92,-5.57
681,USW00094846,"CHICAGO OHARE INTERNATIONAL AIRPORT, IL US",4.4,2.2,2017-11-12,4.23,-0.34
682,USW00094846,"CHICAGO OHARE INTERNATIONAL AIRPORT, IL US",4.4,-0.5,2017-11-13,4.61,-1.25
683,USW00094846,"CHICAGO OHARE INTERNATIONAL AIRPORT, IL US",9.4,-1,2017-11-14,9.11,-1.44
684,USW00094846,"CHICAGO OHARE INTERNATIONAL AIRPORT, IL US",11.1,1.7,2017-11-15,10.41,1
685,USW00094846,"CHICAGO OHARE INTERNATIONAL AIRPORT, IL US",3.3,0.6,2017-11-16,3.77,-0.25
686,USW00094846,"CHICAGO OHARE INTERNATIONAL AIRPORT, IL US",8.9,1.7,2017-11-17,7.74,0.98
687,USW00094846,"CHICAGO OHARE INTERNATIONAL AIRPORT, IL US",8.9,1.7,2017-11-18,7.25,1.1
688,USW00094846,"CHICAGO OHARE INTERNATIONAL AIRPORT, IL US",2.8,-1,2017-11-19,2.86,-1.78
689,USW00094846,"CHICAGO OHARE INTERNATIONAL AIRPORT, IL US",11.1,-1,2017-11-20,10.51,-1.66
690,USW00094846,"CHICAGO OHARE INTERNATIONAL AIRPORT, IL US",6.7,-2.7,2017-11-21,7.01,-1.18
691,USW00094846,"CHICAGO OHARE INTERNATIONAL AIRPORT, IL US",1.7,-5.5,2017-11-22,2.19,-6.34
692,USW00094846,"CHICAGO OHARE INTERNATIONAL AIRPORT, IL US",7.8,0,2017-11-23,7.98,-3.28
693,USW00094846,"CHICAGO OHARE INTERNATIONAL AIRPORT, IL US",17.2,0,2017-11-24,16.06,-1.47
694,USW00094846,"CHICAGO OHARE INTERNATIONAL AIRPORT, IL US",12.8,0,2017-11-25,11.63,1.63
695,USW00094846,"CHICAGO OHARE INTERNATIONAL AIRPORT, IL US",9.4,-2.7,2017-11-26,9.75,-3.58
696,USW00094846,"CHICAGO OHARE INTERNATIONAL AIRPORT, IL US",13.9,-0.5,2017-11-27,13.2,-1.35
697,USW00094846,"CHICAGO OHARE INTERNATIONAL AIRPORT, IL US",16.1,6.1,2017-11-28,15.61,3.68
698,USW00094846,"CHICAGO OHARE INTERNATIONAL AIRPORT, IL US",8.3,1.1,2017-11-29,9,-0.8
699,USW00094846,"CHICAGO OHARE INTERNATIONAL AIRPORT, IL US",12.2,3.9,2017-11-30,11.77,1.3
700,USW00094846,"CHICAGO OHARE INTERNATIONAL AIRPORT, IL US",11.7,-2.1,2017-12-01,11.49,-2.69
701,USW00094846,"CHICAGO OHARE INTERNATIONAL AIRPORT, IL US",12.2,0.6,2017-12-02,12.24,-0.46
702,USW00094846,"CHICAGO OHARE INTERNATIONAL AIRPORT, IL US",14.4,-1.6,2017-12-03,14.14,-2.44
703,USW00094846,"CHICAGO OHARE INTERNATIONAL AIRPORT, IL US",18.3,6.7,2017-12-04,17.65,2.89
704,USW00094846,"CHICAGO OHARE INTERNATIONAL AIRPORT, IL US",6.7,-2.7,2017-12-05,5.71,-1.99
705,USW00094846,"CHICAGO OHARE INTERNATIONAL AIRPORT, IL US",1.7,-3.2,2017-12-06,1.61,-3.6
706,USW00094846,"CHICAGO OHARE INTERNATIONAL AIRPORT, IL US",-1.6,-7.1,2017-12-07,-1.77,-7.72
707,USW00094846,"CHICAGO OHARE INTERNATIONAL AIRPORT, IL US",2.8,-7.7,2017-12-08,2.16,-8.33
708,USW00094846,"CHICAGO OHARE INTERNATIONAL AIRPORT, IL US",0,-6.6,2017-12-09,-0.7,-7.35
709,USW00094846,"CHICAGO OHARE INTERNATIONAL AIRPORT, IL US",1.7,-6.6,2017-12-10,0.72,-7.32
710,USW00094846,"CHICAGO OHARE INTERNATIONAL AIRPORT, IL US",3.9,-4.9,2017-12-11,3.2,-6.01
711,USW00094846,"CHICAGO OHARE INTERNATIONAL AIRPORT, IL US",-0.5,-8.2,2017-12-12,-0.96,-8.53
712,USW00094846,"CHICAGO OHARE INTERNATIONAL AIRPORT, IL US",3.3,-5.5,2017-12-13,2.33,-7.51
713,USW00094846,"CHICAGO OHARE INTERNATIONAL AIRPORT, IL US",-2.7,-8.8,2017-12-14,-1.2,-9.26
714,USW00094846,"CHICAGO OHARE INTERNATIONAL AIRPORT, IL US",2.8,-6,2017-12-15,2.29,-8.06
715,USW00094846,"CHICAGO OHARE INTERNATIONAL AIRPORT, IL US",7.8,-2.7,2017-12-16,7.63,-2.47
716,USW00094846,"CHICAGO OHARE INTERNATIONAL AIRPORT, IL US",5.6,-1.6,2017-12-17,6.39,-1.83
717,USW00094846,"CHICAGO OHARE INTERNATIONAL AIRPORT, IL US",7.8,3.9,2017-12-18,7.52,2.26
718,USW00094846,"CHICAGO OHARE INTERNATIONAL AIRPORT, IL US",10,1.7,2017-12-19,9.66,1.93
719,USW00094846,"CHICAGO OHARE INTERNATIONAL AIRPORT, IL US",2.8,-2.7,2017-12-20,2.78,-2.59
720,USW00094846,"CHICAGO OHARE INTERNATIONAL AIRPORT, IL US",4.4,0,2017-12-21,4.15,-1.24
721,USW00094846,"CHICAGO OHARE INTERNATIONAL AIRPORT, IL US",3.9,0.6,2017-12-22,3.71,0.53
722,USW00094846,"CHICAGO OHARE INTERNATIONAL AIRPORT, IL US",0.6,-7.1,2017-12-23,0.39,-5.43
723,USW00094846,"CHICAGO OHARE INTERNATIONAL AIRPORT, IL US",-5.5,-7.7,2017-12-24,-4.71,-7.75
724,USW00094846,"CHICAGO OHARE INTERNATIONAL AIRPORT, IL US",-6,-16.6,2017-12-25,-6.59,-13.59
725,USW00094846,"CHICAGO OHARE INTERNATIONAL AIRPORT, IL US",-14.9,-19.3,2017-12-26,-13.5,-19.64
726,USW00094846,"CHICAGO OHARE INTERNATIONAL AIRPORT, IL US",-13.8,-19.9,2017-12-27,-13.57,-20.71
727,USW00094846,"CHICAGO OHARE INTERNATIONAL AIRPORT, IL US",-9.3,-17.7,2017-12-28,-10.15,-19.17
728,USW00094846,"CHICAGO OHARE INTERNATIONAL AIRPORT, IL US",-9.3,-12.7,2017-12-29,-9.96,-14.45
729,USW00094846,"CHICAGO OHARE INTERNATIONAL AIRPORT, IL US",-9.3,-18.2,2017-12-30,-10.85,-17.39
730,USW00094846,"CHICAGO OHARE INTERNATIONAL AIRPORT, IL US",-10.5,-18.2,2017-12-31,-10.66,-19.09
731,USW00014819,"CHICAGO MIDWAY AIRPORT, IL US",5,-5.5,2017-01-01,4.86,-6.1
732,USW00014819,"CHICAGO MIDWAY AIRPORT, IL US",5,-0.5,2017-01-02,4.45,-2.59
733,USW00014819,"CHICAGO MIDWAY AIRPORT, IL US",5.6,-6,2017-01-03,4.93,-4.81
734,USW00014819,"CHICAGO MIDWAY AIRPORT, IL US",-6,-12.1,2017-01-04,-4.85,-12.31
735,USW00014819,"CHICAGO MIDWAY AIRPORT, IL US",-9.3,-14.9,2017-01-05,-9.67,-14.74
736,USW00014819,"CHICAGO MIDWAY AIRPORT, IL US",-12.1,-17.1,2017-01-06,-12.15,-17.26
737,USW00014819,"CHICAGO MIDWAY AIRPORT, IL US",-7.1,-16.6,2017-01-07,-7.67,-17.57
738,USW00014819,"CHICAGO MIDWAY AIRPORT, IL US",-6.6,-15.5,2017-01-08,-6.56,-16.51
739,USW00014819,"CHICAGO MIDWAY AIRPORT, IL US",1.7,-7.1,2017-01-09,1.21,-11
740,USW00014819,"CHICAGO MIDWAY AIRPORT, IL US",11.1,-2.7,2017-01-10,10.15,-4.28
741,USW00014819,"CHICAGO MIDWAY AIRPORT, IL US",7.2,-2.7,2017-01-11,7.85,-3.45
742,USW00014819,"CHICAGO MIDWAY AIRPORT, IL US",-0.5,-5.5,2017-01-12,-0.58,-5.66
743,USW00014819,"CHICAGO MIDWAY AIRPORT, IL US",-1.6,-7.7,2017-01-13,-1.52,-8
744,USW00014819,"CHICAGO MIDWAY AIRPORT, IL US",1.7,-3.8,2017-01-14,0.8,-5.73
745,USW00014819,"CHICAGO MIDWAY AIRPORT, IL US",1.7,-5.5,2017-01-15,1.54,-6.17
746,USW00014819,"CHICAGO MIDWAY AIRPORT, IL US",3.9,0.6,2017-01-16,4.53,-2.48
747,USW00014819,"CHICAGO MIDWAY AIRPORT, IL US",2.2,0,2017-01-18,2.86,0.23
748,USW00014819,"CHICAGO MIDWAY AIRPORT, IL US",5.6,0,2017-01-19,4.66,-0.02
749,USW00014819,"CHICAGO MIDWAY AIRPORT, IL US",8.3,2.8,2017-01-20,7.21,1.78
750,USW00014819,"CHICAGO MIDWAY AIRPORT, IL US",15.6,4.4,2017-01-21,15.23,3.55
751,USW00014819,"CHICAGO MIDWAY AIRPORT, IL US",7.8,4.4,2017-01-22,7.1,2.88
752,USW00014819,"CHICAGO MIDWAY AIRPORT, IL US",6.1,3.9,2017-01-23,5.77,2.73
753,USW00014819,"CHICAGO MIDWAY AIRPORT, IL US",3.9,2.2,2017-01-24,3.73,1.73
754,USW00014819,"CHICAGO MIDWAY AIRPORT, IL US",6.7,1.7,2017-01-25,6.31,1.54
755,USW00014819,"CHICAGO MIDWAY AIRPORT, IL US",1.7,0,2017-01-26,1.58,-0.99
756,USW00014819,"CHICAGO MIDWAY AIRPORT, IL US",0,-3.8,2017-01-27,-0.98,-3.74
757,USW00014819,"CHICAGO MIDWAY AIRPORT, IL US",-1,-3.2,2017-01-28,-1.23,-4.02
758,USW00014819,"CHICAGO MIDWAY AIRPORT, IL US",-1.6,-4.9,2017-01-29,-2.01,-5.59
759,USW00014819,"CHICAGO MIDWAY AIRPORT, IL US",3.9,-8.2,2017-01-30,2.79,-9.19
760,USW00014819,"CHICAGO MIDWAY AIRPORT, IL US",6.1,2.2,2017-01-31,5.05,-2.94
761,USW00014819,"CHICAGO MIDWAY AIRPORT, IL US",3.9,-4.9,2017-02-01,3.74,-3.55
762,USW00014819,"CHICAGO MIDWAY AIRPORT, IL US",-3.8,-9.3,2017-02-02,-3.22,-10.05
763,USW00014819,"CHICAGO MIDWAY AIRPORT, IL US",-1.6,-9.3,2017-02-03,-2.06,-9.68
764,USW00014819,"CHICAGO MIDWAY AIRPORT, IL US",1.1,-8.8,2017-02-04,1.19,-10.04
765,USW00014819,"CHICAGO MIDWAY AIRPORT, IL US",5,-1.6,2017-02-05,4.04,-5.3
766,USW00014819,"CHICAGO MIDWAY AIRPORT, IL US",12.8,-2.7,2017-02-06,11.58,-3.65
767,USW00014819,"CHICAGO MIDWAY AIRPORT, IL US",11.7,1.1,2017-02-07,11.47,-0.21
768,USW00014819,"CHICAGO MIDWAY AIRPORT, IL US",1.1,-6.6,2017-02-08,1.42,-4.97
769,USW00014819,"CHICAGO MIDWAY AIRPORT, IL US",-3.8,-9.9,2017-02-09,-3.38,-10.52
770,USW00014819,"CHICAGO MIDWAY AIRPORT, IL US",6.7,-7.7,2017-02-10,4.77,-9.08
771,USW00014819,"CHICAGO MIDWAY AIRPORT, IL US",11.1,3.3,2017-02-11,9.88,-0.91
772,USW00014819,"CHICAGO MIDWAY AIRPORT, IL US",9.4,0,2017-02-12,8.51,-0.13
773,USW00014819,"CHICAGO MIDWAY AIRPORT, IL US",7.2,-2.7,2017-02-13,6.9,-2.91
774,USW00014819,"CHICAGO MIDWAY AIRPORT, IL US",10.6,1.1,2017-02-14,10.21,-0.57
775,USW00014819,"CHICAGO MIDWAY AIRPORT, IL US",2.2,-2.1,2017-02-15,2.24,-2.29
776,USW00014819,"CHICAGO MIDWAY AIRPORT, IL US",5.6,-0.5,2017-02-16,5.06,-1.68
777,USW00014819,"CHICAGO MIDWAY AIRPORT, IL US",19.4,0,2017-02-17,17.69,-1.1
778,USW00014819,"CHICAGO MIDWAY AIRPORT, IL US",21.1,7.2,2017-02-18,20.16,3.99
779,USW00014819,"CHICAGO MIDWAY AIRPORT, IL US",19.4,3.3,2017-02-19,18.43,2.25
780,USW00014819,"CHICAGO MIDWAY AIRPORT, IL US",20.6,7.8,2017-02-20,19.7,4.74
781,USW00014819,"CHICAGO MIDWAY AIRPORT, IL US",18.3,11.7,2017-02-21,18.95,8.91
782,USW00014819,"CHICAGO MIDWAY AIRPORT, IL US",19.4,11.1,2017-02-22,19.25,10.23
783,USW00014819,"CHICAGO MIDWAY AIRPORT, IL US",15,3.3,2017-02-23,14.68,4.89
784,USW00014819,"CHICAGO MIDWAY AIRPORT, IL US",6.7,0.6,2017-02-24,7.8,1.24
785,USW00014819,"CHICAGO MIDWAY AIRPORT, IL US",0.6,-4.9,2017-02-25,1.01,-4.84
786,USW00014819,"CHICAGO MIDWAY AIRPORT, IL US",9.4,-4.3,2017-02-26,7.75,-5.23
787,USW00014819,"CHICAGO MIDWAY AIRPORT, IL US",12.2,0.6,2017-02-27,11.33,-1.36
788,USW00014819,"CHICAGO MIDWAY AIRPORT, IL US",15,8.3,2017-02-28,14.97,4.28
789,USW00014819,"CHICAGO MIDWAY AIRPORT, IL US",12.2,0,2017-03-01,11.42,2.25
790,USW00014819,"CHICAGO MIDWAY AIRPORT, IL US",2.2,-2.7,2017-03-02,2.67,-3.06
791,USW00014819,"CHICAGO MIDWAY AIRPORT, IL US",0.6,-6,2017-03-03,0.87,-6.18
792,USW00014819,"CHICAGO MIDWAY AIRPORT, IL US",5.6,-1.6,2017-03-04,4.64,-3.78
793,USW00014819,"CHICAGO MIDWAY AIRPORT, IL US",16.1,0.6,2017-03-05,14.89,-0.36
794,USW00014819,"CHICAGO MIDWAY AIRPORT, IL US",17.8,11.1,2017-03-06,17.33,7.19
795,USW00014819,"CHICAGO MIDWAY AIRPORT, IL US",17.8,6.7,2017-03-07,15.64,7.08
796,USW00014819,"CHICAGO MIDWAY AIRPORT, IL US",11.1,4.4,2017-03-08,11.28,4.12
797,USW00014819,"CHICAGO MIDWAY AIRPORT, IL US",5,1.1,2017-03-09,6.4,-0.37
798,USW00014819,"CHICAGO MIDWAY AIRPORT, IL US",2.8,-4.9,2017-03-10,2.36,-4.25
799,USW00014819,"CHICAGO MIDWAY AIRPORT, IL US",-1,-7.7,2017-03-11,-1.08,-7.84
800,USW00014819,"CHICAGO MIDWAY AIRPORT, IL US",2.2,-6.6,2017-03-12,1.34,-7.44
801,USW00014819,"CHICAGO MIDWAY AIRPORT, IL US",-0.6,-3.2,2017-03-13,0.03,-4.99
802,USW00014819,"CHICAGO MIDWAY AIRPORT, IL US",-1.6,-6.6,2017-03-14,-1.81,-6.8
803,USW00014819,"CHICAGO MIDWAY AIRPORT, IL US",0.6,-8.2,2017-03-15,0.29,-8.58
804,USW00014819,"CHICAGO MIDWAY AIRPORT, IL US",5.6,-7.1,2017-03-16,3.98,-7.83
805,USW00014819,"CHICAGO MIDWAY AIRPORT, IL US",10,1.7,2017-03-17,9.19,-2.42
806,USW00014819,"CHICAGO MIDWAY AIRPORT, IL US",7.2,2.2,2017-03-18,7.15,1.71
807,USW00014819,"CHICAGO MIDWAY AIRPORT, IL US",11.7,-0.5,2017-03-19,10.62,-0.84
808,USW00014819,"CHICAGO MIDWAY AIRPORT, IL US",12.2,5,2017-03-20,12.05,2.15
809,USW00014819,"CHICAGO MIDWAY AIRPORT, IL US",12.8,0.6,2017-03-21,11.75,0.39
810,USW00014819,"CHICAGO MIDWAY AIRPORT, IL US",1.7,-1.6,2017-03-22,3.16,-2.13
811,USW00014819,"CHICAGO MIDWAY AIRPORT, IL US",10.6,0,2017-03-23,9.86,-1.73
812,USW00014819,"CHICAGO MIDWAY AIRPORT, IL US",27.8,5,2017-03-24,24.98,2.54
813,USW00014819,"CHICAGO MIDWAY AIRPORT, IL US",9.4,4.4,2017-03-25,12.26,3.45
814,USW00014819,"CHICAGO MIDWAY AIRPORT, IL US",16.7,8.9,2017-03-26,15.81,6.58
815,USW00014819,"CHICAGO MIDWAY AIRPORT, IL US",10.6,5.6,2017-03-27,11.97,6.25
816,USW00014819,"CHICAGO MIDWAY AIRPORT, IL US",8.3,2.8,2017-03-28,8.23,2.75
817,USW00014819,"CHICAGO MIDWAY AIRPORT, IL US",9.4,2.2,2017-03-29,9.46,1.52
818,USW00014819,"CHICAGO MIDWAY AIRPORT, IL US",7.8,3.9,2017-03-30,8,3.15
819,USW00014819,"CHICAGO MIDWAY AIRPORT, IL US",5,2.8,2017-03-31,5.55,2.54
820,USW00014819,"CHICAGO MIDWAY AIRPORT, IL US",13.3,0.6,2017-04-01,12.13,0.83
821,USW00014819,"CHICAGO MIDWAY AIRPORT, IL US",15.6,5.6,2017-04-02,14.74,3.61
822,USW00014819,"CHICAGO MIDWAY AIRPORT, IL US",11.1,7.8,2017-04-03,12.19,6.59
823,USW00014819,"CHICAGO MIDWAY AIRPORT, IL US",13.3,7.8,2017-04-04,12.02,6.74
824,USW00014819,"CHICAGO MIDWAY AIRPORT, IL US",8.9,3.9,2017-04-05,8.27,4.33
825,USW00014819,"CHICAGO MIDWAY AIRPORT, IL US",11.1,3.3,2017-04-06,9.49,2.72
826,USW00014819,"CHICAGO MIDWAY AIRPORT, IL US",12.2,2.8,2017-04-07,11.16,2.4
827,USW00014819,"CHICAGO MIDWAY AIRPORT, IL US",19.4,4.4,2017-04-08,18.75,3.1
828,USW00014819,"CHICAGO MIDWAY AIRPORT, IL US",25,13.9,2017-04-09,24.15,10.18
829,USW00014819,"CHICAGO MIDWAY AIRPORT, IL US",25.6,5.6,2017-04-10,24.84,8.11
830,USW00014819,"CHICAGO MIDWAY AIRPORT, IL US",12.8,5.6,2017-04-11,13.81,4.97
831,USW00014819,"CHICAGO MIDWAY AIRPORT, IL US",13.9,3.9,2017-04-12,13.54,3.25
832,USW00014819,"CHICAGO MIDWAY AIRPORT, IL US",16.7,7.2,2017-04-13,15.46,5.91
833,USW00014819,"CHICAGO MIDWAY AIRPORT, IL US",20.6,7.8,2017-04-14,20.82,7.08
834,USW00014819,"CHICAGO MIDWAY AIRPORT, IL US",27.8,17.2,2017-04-15,27.27,12.42
835,USW00014819,"CHICAGO MIDWAY AIRPORT, IL US",23.3,13.9,2017-04-16,23.43,13.97
836,USW00014819,"CHICAGO MIDWAY AIRPORT, IL US",20.6,7.2,2017-04-17,20.8,6.61
837,USW00014819,"CHICAGO MIDWAY AIRPORT, IL US",25,6.7,2017-04-18,24.66,5.36
838,USW00014819,"CHICAGO MIDWAY AIRPORT, IL US",21.1,7.8,2017-04-19,21.73,7.59
839,USW00014819,"CHICAGO MIDWAY AIRPORT, IL US",23.9,10,2017-04-20,23.13,8.2
840,USW00014819,"CHICAGO MIDWAY AIRPORT, IL US",11.1,7.2,2017-04-21,13.11,6.59
841,USW00014819,"CHICAGO MIDWAY AIRPORT, IL US",14.4,6.7,2017-04-22,13.52,5.43
842,USW00014819,"CHICAGO MIDWAY AIRPORT, IL US",20.6,3.9,2017-04-23,19.51,3.06
843,USW00014819,"CHICAGO MIDWAY AIRPORT, IL US",22.2,5.6,2017-04-24,22.02,4.01
844,USW00014819,"CHICAGO MIDWAY AIRPORT, IL US",26.7,13.9,2017-04-25,25.06,10.42
845,USW00014819,"CHICAGO MIDWAY AIRPORT, IL US",25,16.1,2017-04-26,24.95,14.65
846,USW00014819,"CHICAGO MIDWAY AIRPORT, IL US",16.1,6.1,2017-04-27,16.75,7.49
847,USW00014819,"CHICAGO MIDWAY AIRPORT, IL US",15,5.6,2017-04-28,13.81,5.02
848,USW00014819,"CHICAGO MIDWAY AIRPORT, IL US",8.3,5,2017-04-29,9.33,4.72
849,USW00014819,"CHICAGO MIDWAY AIRPORT, IL US",11.1,6.7,2017-04-30,11.55,5.46
850,USW00014819,"CHICAGO MIDWAY AIRPORT, IL US",14.4,7.2,2017-05-01,14.1,6.72
851,USW00014819,"CHICAGO MIDWAY AIRPORT, IL US",10.6,5.6,2017-05-02,10.46,4.89
852,USW00014819,"CHICAGO MIDWAY AIRPORT, IL US",13.3,3.3,2017-05-03,12.9,3.11
853,USW00014819,"CHICAGO MIDWAY AIRPORT, IL US",11.1,7.8,2017-05-04,11.26,6.16
854,USW00014819,"CHICAGO MIDWAY AIRPORT, IL US",14.4,6.1,2017-05-05,13.53,5.51
855,USW00014819,"CHICAGO MIDWAY AIRPORT, IL US",13.9,6.7,2017-05-06,13.56,5.86
856,USW00014819,"CHICAGO MIDWAY AIRPORT, IL US",14.4,3.3,2017-05-07,13.29,2.84
857,USW00014819,"CHICAGO MIDWAY AIRPORT, IL US",12.8,3.9,2017-05-08,13.12,1.9
858,USW00014819,"CHICAGO MIDWAY AIRPORT, IL US",15.6,6.1,2017-05-09,15.2,4.97
859,USW00014819,"CHICAGO MIDWAY AIRPORT, IL US",18.3,10,2017-05-10,18.38,7.29
860,USW00014819,"CHICAGO MIDWAY AIRPORT, IL US",17.2,9.4,2017-05-11,17.84,8.92
861,USW00014819,"CHICAGO MIDWAY AIRPORT, IL US",21.7,8.3,2017-05-12,19.7,7.68
862,USW00014819,"CHICAGO MIDWAY AIRPORT, IL US",27.2,8.9,2017-05-13,26.85,8.46
863,USW00014819,"CHICAGO MIDWAY AIRPORT, IL US",21.7,11.7,2017-05-14,21.23,9.91
864,USW00014819,"CHICAGO MIDWAY AIRPORT, IL US",29.4,10.6,2017-05-15,27.02,9.42
865,USW00014819,"CHICAGO MIDWAY AIRPORT, IL US",31.7,19.4,2017-05-16,31,15.56
866,USW00014819,"CHICAGO MIDWAY AIRPORT, IL US",30,18.3,2017-05-17,29.46,18.41
867,USW00014819,"CHICAGO MIDWAY AIRPORT, IL US",26.7,10,2017-05-18,27.02,12.59
868,USW00014819,"CHICAGO MIDWAY AIRPORT, IL US",10,6.7,2017-05-19,12.64,6.25
869,USW00014819,"CHICAGO MIDWAY AIRPORT, IL US",20,10,2017-05-20,17.42,8.08
870,USW00014819,"CHICAGO MIDWAY AIRPORT, IL US",18.9,11.1,2017-05-21,18.97,10.35
871,USW00014819,"CHICAGO MIDWAY AIRPORT, IL US",23.9,9.4,2017-05-22,23.02,8.87
872,USW00014819,"CHICAGO MIDWAY AIRPORT, IL US",18.3,13.9,2017-05-23,18.85,12.04
873,USW00014819,"CHICAGO MIDWAY AIRPORT, IL US",16.1,11.1,2017-05-24,15.93,10.86
874,USW00014819,"CHICAGO MIDWAY AIRPORT, IL US",21.1,12.2,2017-05-25,19.34,11.1
875,USW00014819,"CHICAGO MIDWAY AIRPORT, IL US",21.7,11.1,2017-05-26,21.14,10.7
876,USW00014819,"CHICAGO MIDWAY AIRPORT, IL US",23.9,13.3,2017-05-27,23.09,11.85
877,USW00014819,"CHICAGO MIDWAY AIRPORT, IL US",25,15,2017-05-28,24.74,13.11
878,USW00014819,"CHICAGO MIDWAY AIRPORT, IL US",25.6,16.1,2017-05-29,25.25,14.12
879,USW00014819,"CHICAGO MIDWAY AIRPORT, IL US",23.3,13.3,2017-05-30,23.6,12.37
880,USW00014819,"CHICAGO MIDWAY AIRPORT, IL US",23.3,12.2,2017-05-31,23.02,11.48
881,USW00014819,"CHICAGO MIDWAY AIRPORT, IL US",26.1,12.8,2017-06-01,24.14,11.39
882,USW00014819,"CHICAGO MIDWAY AIRPORT, IL US",29.4,14.4,2017-06-02,28.38,12.46
883,USW00014819,"CHICAGO MIDWAY AIRPORT, IL US",30,17.2,2017-06-03,29.84,15.44
884,USW00014819,"CHICAGO MIDWAY AIRPORT, IL US",32.8,21.1,2017-06-04,32.35,19.06
885,USW00014819,"CHICAGO MIDWAY AIRPORT, IL US",25.6,15,2017-06-05,25.37,14.53
886,USW00014819,"CHICAGO MIDWAY AIRPORT, IL US",23.9,12.8,2017-06-06,22.62,11.92
887,USW00014819,"CHICAGO MIDWAY AIRPORT, IL US",24.4,14.4,2017-06-07,23.09,12.49
888,USW00014819,"CHICAGO MIDWAY AIRPORT, IL US",28.3,13.9,2017-06-08,27,11.87
889,USW00014819,"CHICAGO MIDWAY AIRPORT, IL US",31.7,18.9,2017-06-09,30.62,16.1
890,USW00014819,"CHICAGO MIDWAY AIRPORT, IL US",32.8,20,2017-06-10,32.31,17.96
891,USW00014819,"CHICAGO MIDWAY AIRPORT, IL US",34.4,21.7,2017-06-11,33.76,20.89
892,USW00014819,"CHICAGO MIDWAY AIRPORT, IL US",35,23.3,2017-06-12,34.61,21.54
893,USW00014819,"CHICAGO MIDWAY AIRPORT, IL US",31.7,21.7,2017-06-13,31.28,19.94
894,USW00014819,"CHICAGO MIDWAY AIRPORT, IL US",32.2,20,2017-06-14,32.78,19.37
895,USW00014819,"CHICAGO MIDWAY AIRPORT, IL US",32.8,21.1,2017-06-15,32.21,20.2
896,USW00014819,"CHICAGO MIDWAY AIRPORT, IL US",30,19.4,2017-06-16,29.72,19.06
897,USW00014819,"CHICAGO MIDWAY AIRPORT, IL US",31.1,22.8,2017-06-17,30.51,20.04
898,USW00014819,"CHICAGO MIDWAY AIRPORT, IL US",26.7,21.1,2017-06-18,27.09,20.57
899,USW00014819,"CHICAGO MIDWAY AIRPORT, IL US",26.1,16.1,2017-06-19,25.94,16.17
900,USW00014819,"CHICAGO MIDWAY AIRPORT, IL US",26.7,15,2017-06-20,26.77,14.36
901,USW00014819,"CHICAGO MIDWAY AIRPORT, IL US",26.1,13.9,2017-06-21,25.82,13.24
902,USW00014819,"CHICAGO MIDWAY AIRPORT, IL US",31.7,23.3,2017-06-22,31.03,18.89
903,USW00014819,"CHICAGO MIDWAY AIRPORT, IL US",28.3,19.4,2017-06-23,28.62,18.76
904,USW00014819,"CHICAGO MIDWAY AIRPORT, IL US",23.9,16.7,2017-06-24,24.18,14.88
905,USW00014819,"CHICAGO MIDWAY AIRPORT, IL US",22.8,13.3,2017-06-25,22.53,12.77
906,USW00014819,"CHICAGO MIDWAY AIRPORT, IL US",23.3,12.8,2017-06-26,23.05,12.03
907,USW00014819,"CHICAGO MIDWAY AIRPORT, IL US",25,12.2,2017-06-27,24.6,10.94
908,USW00014819,"CHICAGO MIDWAY AIRPORT, IL US",28.3,17.2,2017-06-28,27.34,14.69
909,USW00014819,"CHICAGO MIDWAY AIRPORT, IL US",28.3,20,2017-06-29,28.09,18.04
910,USW00014819,"CHICAGO MIDWAY AIRPORT, IL US",28.3,19.4,2017-06-30,27.8,18.74
911,USW00014819,"CHICAGO MIDWAY AIRPORT, IL US",28.3,20,2017-07-01,28.43,18.9
912,USW00014819,"CHICAGO MIDWAY AIRPORT, IL US",31.7,16.7,2017-07-02,31.26,16.01
913,USW00014819,"CHICAGO MIDWAY AIRPORT, IL US",27.8,20.6,2017-07-03,27.53,18.1
914,USW00014819,"CHICAGO MIDWAY AIRPORT, IL US",28.9,20,2017-07-04,28.26,18.36
915,USW00014819,"CHICAGO MIDWAY AIRPORT, IL US",30.6,21.7,2017-07-05,30.04,19.58
916,USW00014819,"CHICAGO MIDWAY AIRPORT, IL US",33.3,22.2,2017-07-06,33,20.78
917,USW00014819,"CHICAGO MIDWAY AIRPORT, IL US",31.1,19.4,2017-07-07,30.82,19.98
918,USW00014819,"CHICAGO MIDWAY AIRPORT, IL US",25.6,17.8,2017-07-08,25.82,16.58
919,USW00014819,"CHICAGO MIDWAY AIRPORT, IL US",30.6,16.1,2017-07-09,29.86,15.65
920,USW00014819,"CHICAGO MIDWAY AIRPORT, IL US",29.4,20,2017-07-10,29.04,18.77
921,USW00014819,"CHICAGO MIDWAY AIRPORT, IL US",30,22.2,2017-07-11,29.36,20.94
922,USW00014819,"CHICAGO MIDWAY AIRPORT, IL US",26.7,20.6,2017-07-12,26.7,20.61
923,USW00014819,"CHICAGO MIDWAY AIRPORT, IL US",28.9,22.2,2017-07-13,28.42,21.55
924,USW00014819,"CHICAGO MIDWAY AIRPORT, IL US",23.9,17.8,2017-07-14,24.41,17.83
925,USW00014819,"CHICAGO MIDWAY AIRPORT, IL US",28.3,16.1,2017-07-15,27.01,15.97
926,USW00014819,"CHICAGO MIDWAY AIRPORT, IL US",27.2,18.3,2017-07-16,25.36,17.16
927,USW00014819,"CHICAGO MIDWAY AIRPORT, IL US",26.1,14.4,2017-07-17,25.18,14.44
928,USW00014819,"CHICAGO MIDWAY AIRPORT, IL US",31.7,21.7,2017-07-19,30.55,19.78
929,USW00014819,"CHICAGO MIDWAY AIRPORT, IL US",31.7,21.1,2017-07-20,31.6,20.43
930,USW00014819,"CHICAGO MIDWAY AIRPORT, IL US",31.7,22.8,2017-07-21,30.78,21.75
931,USW00014819,"CHICAGO MIDWAY AIRPORT, IL US",30.6,22.2,2017-07-22,30.19,21.81
932,USW00014819,"CHICAGO MIDWAY AIRPORT, IL US",32.8,21.7,2017-07-23,31.57,20.96
933,USW00014819,"CHICAGO MIDWAY AIRPORT, IL US",23.9,20,2017-07-24,23.39,18.99
934,USW00014819,"CHICAGO MIDWAY AIRPORT, IL US",27.8,18.9,2017-07-25,28.08,16.91
935,USW00014819,"CHICAGO MIDWAY AIRPORT, IL US",29.4,20,2017-07-26,29.02,18.62
936,USW00014819,"CHICAGO MIDWAY AIRPORT, IL US",27.8,22.2,2017-07-27,27.53,20.99
937,USW00014819,"CHICAGO MIDWAY AIRPORT, IL US",26.1,21.1,2017-07-28,26.26,20.1
938,USW00014819,"CHICAGO MIDWAY AIRPORT, IL US",25.6,18.3,2017-07-29,25.88,16.88
939,USW00014819,"CHICAGO MIDWAY AIRPORT, IL US",28.9,17.8,2017-07-30,28.12,16.81
940,USW00014819,"CHICAGO MIDWAY AIRPORT, IL US",30,20,2017-07-31,29.02,17.95
941,USW00014819,"CHICAGO MIDWAY AIRPORT, IL US",30,21.7,2017-08-01,29.39,19.22
942,USW00014819,"CHICAGO MIDWAY AIRPORT, IL US",30.6,20,2017-08-02,29.79,19.19
943,USW00014819,"CHICAGO MIDWAY AIRPORT, IL US",30,17.2,2017-08-03,29.84,17.51
944,USW00014819,"CHICAGO MIDWAY AIRPORT, IL US",20,13.3,2017-08-04,21.61,13.14
945,USW00014819,"CHICAGO MIDWAY AIRPORT, IL US",26.1,15,2017-08-05,25.38,14.18
946,USW00014819,"CHICAGO MIDWAY AIRPORT, IL US",25,18.9,2017-08-06,25.45,17.03
947,USW00014819,"CHICAGO MIDWAY AIRPORT, IL US",25,15.6,2017-08-07,24.8,15.64
948,USW00014819,"CHICAGO MIDWAY AIRPORT, IL US",28.9,15,2017-08-08,27.8,13.66
949,USW00014819,"CHICAGO MIDWAY AIRPORT, IL US",28.3,17.8,2017-08-09,28.07,16.4
950,USW00014819,"CHICAGO MIDWAY AIRPORT, IL US",29.4,18.3,2017-08-10,29.15,16.82
951,USW00014819,"CHICAGO MIDWAY AIRPORT, IL US",26.7,18.9,2017-08-11,26.15,18.15
952,USW00014819,"CHICAGO MIDWAY AIRPORT, IL US",24.4,16.1,2017-08-12,24.07,15.82
953,USW00014819,"CHICAGO MIDWAY AIRPORT, IL US",25,15,2017-08-13,25.1,14.33
954,USW00014819,"CHICAGO MIDWAY AIRPORT, IL US",28.9,18.3,2017-08-14,27.94,16.17
955,USW00014819,"CHICAGO MIDWAY AIRPORT, IL US",28.9,20,2017-08-15,28.72,18.81
956,USW00014819,"CHICAGO MIDWAY AIRPORT, IL US",28.9,22.8,2017-08-17,28.52,21.44
957,USW00014819,"CHICAGO MIDWAY AIRPORT, IL US",28.3,19.4,2017-08-18,28.14,19.09
958,USW00014819,"CHICAGO MIDWAY AIRPORT, IL US",27.8,17.8,2017-08-19,27.99,17.12
959,USW00014819,"CHICAGO MIDWAY AIRPORT, IL US",31.7,19.4,2017-08-20,30.78,17.66
960,USW00014819,"CHICAGO MIDWAY AIRPORT, IL US",30.6,22.2,2017-08-21,30.31,20.39
961,USW00014819,"CHICAGO MIDWAY AIRPORT, IL US",27.2,17.8,2017-08-22,27.64,19.15
962,USW00014819,"CHICAGO MIDWAY AIRPORT, IL US",25.6,15.6,2017-08-23,25.29,15.1
963,USW00014819,"CHICAGO MIDWAY AIRPORT, IL US",24.4,15,2017-08-24,24.29,13.7
964,USW00014819,"CHICAGO MIDWAY AIRPORT, IL US",22.8,11.7,2017-08-25,23.54,11.39
965,USW00014819,"CHICAGO MIDWAY AIRPORT, IL US",25.6,15,2017-08-26,24.62,13.47
966,USW00014819,"CHICAGO MIDWAY AIRPORT, IL US",26.1,17.8,2017-08-27,25.86,15.66
967,USW00014819,"CHICAGO MIDWAY AIRPORT, IL US",25.6,18.9,2017-08-28,25.99,17.21
968,USW00014819,"CHICAGO MIDWAY AIRPORT, IL US",24.4,17.2,2017-08-29,24.99,16.25
969,USW00014819,"CHICAGO MIDWAY AIRPORT, IL US",27.2,16.1,2017-08-30,26.22,15.58
970,USW00014819,"CHICAGO MIDWAY AIRPORT, IL US",23.3,18.9,2017-08-31,23.87,16.56
971,USW00014819,"CHICAGO MIDWAY AIRPORT, IL US",20.6,14.4,2017-09-01,21.21,12.9
972,USW00014819,"CHICAGO MIDWAY AIRPORT, IL US",23.3,10,2017-09-02,22.9,10.2
973,USW00014819,"CHICAGO MIDWAY AIRPORT, IL US",28.9,13.9,2017-09-03,28,11.91
974,USW00014819,"CHICAGO MIDWAY AIRPORT, IL US",28.9,18.3,2017-09-04,28.16,16.23
975,USW00014819,"CHICAGO MIDWAY AIRPORT, IL US",22.2,12.8,2017-09-05,21.78,12.59
976,USW00014819,"CHICAGO MIDWAY AIRPORT, IL US",19.4,10,2017-09-06,19.61,9.79
977,USW00014819,"CHICAGO MIDWAY AIRPORT, IL US",21.1,11.7,2017-09-07,20.99,10.81
978,USW00014819,"CHICAGO MIDWAY AIRPORT, IL US",22.2,15,2017-09-08,21.36,13.01
979,USW00014819,"CHICAGO MIDWAY AIRPORT, IL US",21.7,13.9,2017-09-09,22.07,12.78
980,USW00014819,"CHICAGO MIDWAY AIRPORT, IL US",21.1,11.7,2017-09-10,21.89,9.87
981,USW00014819,"CHICAGO MIDWAY AIRPORT, IL US",23.3,12.8,2017-09-11,23.47,10.57
982,USW00014819,"CHICAGO MIDWAY AIRPORT, IL US",27.2,14.4,2017-09-12,24.85,12.44
983,USW00014819,"CHICAGO MIDWAY AIRPORT, IL US",24.4,17.8,2017-09-13,23.79,15.37
984,USW00014819,"CHICAGO MIDWAY AIRPORT, IL US",26.7,15,2017-09-14,26.23,14.75
985,USW00014819,"CHICAGO MIDWAY AIRPORT, IL US",31.1,17.8,2017-09-15,29.78,16.32
986,USW00014819,"CHICAGO MIDWAY AIRPORT, IL US",31.1,19.4,2017-09-16,31.17,18.19
987,USW00014819,"CHICAGO MIDWAY AIRPORT, IL US",31.1,18.9,2017-09-17,30.55,17.34
988,USW00014819,"CHICAGO MIDWAY AIRPORT, IL US",24.4,15,2017-09-18,25.25,14.46
989,USW00014819,"CHICAGO MIDWAY AIRPORT, IL US",25.6,18.9,2017-09-19,25.66,16.91
990,USW00014819,"CHICAGO MIDWAY AIRPORT, IL US",33.3,18.9,2017-09-20,32.6,17.64
991,USW00014819,"CHICAGO MIDWAY AIRPORT, IL US",35,23.3,2017-09-21,33.72,20.7
992,USW00014819,"CHICAGO MIDWAY AIRPORT, IL US",35,23.9,2017-09-22,34.58,21.98
993,USW00014819,"CHICAGO MIDWAY AIRPORT, IL US",35,23.9,2017-09-23,33.84,21.78
994,USW00014819,"CHICAGO MIDWAY AIRPORT, IL US",33.3,22.8,2017-09-24,32.91,20.7
995,USW00014819,"CHICAGO MIDWAY AIRPORT, IL US",33.3,21.7,2017-09-25,32.5,19.6
996,USW00014819,"CHICAGO MIDWAY AIRPORT, IL US",33.9,22.2,2017-09-26,33.64,20.37
997,USW00014819,"CHICAGO MIDWAY AIRPORT, IL US",22.8,14.4,2017-09-27,24.45,15.39
998,USW00014819,"CHICAGO MIDWAY AIRPORT, IL US",22.8,12.2,2017-09-28,22.11,11.73
999,USW00014819,"CHICAGO MIDWAY AIRPORT, IL US",21.1,15.6,2017-09-29,21.31,13.32
1000,USW00014819,"CHICAGO MIDWAY AIRPORT, IL US",18.9,13.9,2017-09-30,19.8,11.58
1001,USW00014819,"CHICAGO MIDWAY AIRPORT, IL US",22.2,11.1,2017-10-01,21.98,9.38
1002,USW00014819,"CHICAGO MIDWAY AIRPORT, IL US",28.3,16.7,2017-10-02,27.73,12.9
1003,USW00014819,"CHICAGO MIDWAY AIRPORT, IL US",26.1,19.4,2017-10-03,25.67,18.14
1004,USW00014819,"CHICAGO MIDWAY AIRPORT, IL US",22.2,16.7,2017-10-04,23.08,17.16
1005,USW00014819,"CHICAGO MIDWAY AIRPORT, IL US",24.4,13.3,2017-10-05,23.63,13.19
1006,USW00014819,"CHICAGO MIDWAY AIRPORT, IL US",22.2,16.7,2017-10-06,22.62,14.45
1007,USW00014819,"CHICAGO MIDWAY AIRPORT, IL US",26.7,16.1,2017-10-07,26,15.61
1008,USW00014819,"CHICAGO MIDWAY AIRPORT, IL US",26.7,13.3,2017-10-08,25.68,12.64
1009,USW00014819,"CHICAGO MIDWAY AIRPORT, IL US",27.8,12.8,2017-10-09,26.98,11.89
1010,USW00014819,"CHICAGO MIDWAY AIRPORT, IL US",23.3,15,2017-10-10,20.34,13.29
1011,USW00014819,"CHICAGO MIDWAY AIRPORT, IL US",17.2,13.9,2017-10-11,16.87,13.77
1012,USW00014819,"CHICAGO MIDWAY AIRPORT, IL US",15.6,13.9,2017-10-12,15.57,13.06
1013,USW00014819,"CHICAGO MIDWAY AIRPORT, IL US",23.3,12.2,2017-10-13,22.2,12.12
1014,USW00014819,"CHICAGO MIDWAY AIRPORT, IL US",20,16.7,2017-10-14,20.1,14.27
1015,USW00014819,"CHICAGO MIDWAY AIRPORT, IL US",20,8.9,2017-10-15,18.41,10.96
1016,USW00014819,"CHICAGO MIDWAY AIRPORT, IL US",17.2,6.1,2017-10-16,17.05,6.06
1017,USW00014819,"CHICAGO MIDWAY AIRPORT, IL US",21.7,9.4,2017-10-17,21.19,7.43
1018,USW00014819,"CHICAGO MIDWAY AIRPORT, IL US",21.7,10,2017-10-18,21.57,8.84
1019,USW00014819,"CHICAGO MIDWAY AIRPORT, IL US",20.6,11.7,2017-10-19,20.53,10.21
1020,USW00014819,"CHICAGO MIDWAY AIRPORT, IL US",26.7,12.2,2017-10-20,25.8,10.24
1021,USW00014819,"CHICAGO MIDWAY AIRPORT, IL US",25.6,16.7,2017-10-21,25.25,14.81
1022,USW00014819,"CHICAGO MIDWAY AIRPORT, IL US",22.2,11.1,2017-10-22,22.21,12.78
1023,USW00014819,"CHICAGO MIDWAY AIRPORT, IL US",12.2,10,2017-10-23,13.36,10.09
1024,USW00014819,"CHICAGO MIDWAY AIRPORT, IL US",10,5.6,2017-10-24,9.85,6.01
1025,USW00014819,"CHICAGO MIDWAY AIRPORT, IL US",12.2,3.3,2017-10-25,11.45,2.88
1026,USW00014819,"CHICAGO MIDWAY AIRPORT, IL US",16.1,3.9,2017-10-26,15.11,2.7
1027,USW00014819,"CHICAGO MIDWAY AIRPORT, IL US",12.2,2.8,2017-10-27,11.21,2.83
1028,USW00014819,"CHICAGO MIDWAY AIRPORT, IL US",4.4,2.2,2017-10-28,4.73,2.19
1029,USW00014819,"CHICAGO MIDWAY AIRPORT, IL US",7.8,0.6,2017-10-29,7.79,0.71
1030,USW00014819,"CHICAGO MIDWAY AIRPORT, IL US",10.6,3.3,2017-10-30,10.03,1.89
1031,USW00014819,"CHICAGO MIDWAY AIRPORT, IL US",5,1.7,2017-10-31,5.64,1.43
1032,USW00014819,"CHICAGO MIDWAY AIRPORT, IL US",7.2,2.8,2017-11-01,7.46,1.77
1033,USW00014819,"CHICAGO MIDWAY AIRPORT, IL US",11.1,7.2,2017-11-02,10.89,5.03
1034,USW00014819,"CHICAGO MIDWAY AIRPORT, IL US",10,4.4,2017-11-03,9.61,4.48
1035,USW00014819,"CHICAGO MIDWAY AIRPORT, IL US",10.6,6.1,2017-11-04,10.69,5.3
1036,USW00014819,"CHICAGO MIDWAY AIRPORT, IL US",11.7,6.7,2017-11-05,11.41,6.14
1037,USW00014819,"CHICAGO MIDWAY AIRPORT, IL US",6.7,0.6,2017-11-06,7.36,1
1038,USW00014819,"CHICAGO MIDWAY AIRPORT, IL US",8.9,0.6,2017-11-07,8.1,1.07
1039,USW00014819,"CHICAGO MIDWAY AIRPORT, IL US",8.3,-1.6,2017-11-08,8.43,-1.78
1040,USW00014819,"CHICAGO MIDWAY AIRPORT, IL US",8.3,-5.5,2017-11-09,8.26,-4.11
1041,USW00014819,"CHICAGO MIDWAY AIRPORT, IL US",-0.5,-6.6,2017-11-10,0.83,-7.08
1042,USW00014819,"CHICAGO MIDWAY AIRPORT, IL US",3.9,-3.2,2017-11-11,3.33,-4.8
1043,USW00014819,"CHICAGO MIDWAY AIRPORT, IL US",5,3.3,2017-11-12,5.03,0.18
1044,USW00014819,"CHICAGO MIDWAY AIRPORT, IL US",5.6,0,2017-11-13,5.4,-0.27
1045,USW00014819,"CHICAGO MIDWAY AIRPORT, IL US",10,0.6,2017-11-14,9.34,-0.62
1046,USW00014819,"CHICAGO MIDWAY AIRPORT, IL US",11.1,1.1,2017-11-15,10.4,1.28
1047,USW00014819,"CHICAGO MIDWAY AIRPORT, IL US",3.9,0,2017-11-16,4.39,-0.1
1048,USW00014819,"CHICAGO MIDWAY AIRPORT, IL US",8.9,2.2,2017-11-17,7.99,1.29
1049,USW00014819,"CHICAGO MIDWAY AIRPORT, IL US",8.9,2.2,2017-11-18,8.35,1.03
1050,USW00014819,"CHICAGO MIDWAY AIRPORT, IL US",3.3,-1,2017-11-19,3.41,-1.16
1051,USW00014819,"CHICAGO MIDWAY AIRPORT, IL US",12.2,-0.5,2017-11-20,10.54,-1.31
1052,USW00014819,"CHICAGO MIDWAY AIRPORT, IL US",7.2,-2.1,2017-11-21,7.64,-0.97
1053,USW00014819,"CHICAGO MIDWAY AIRPORT, IL US",1.7,-4.9,2017-11-22,2.51,-5.12
1054,USW00014819,"CHICAGO MIDWAY AIRPORT, IL US",8.9,0,2017-11-23,8.57,-2.57
1055,USW00014819,"CHICAGO MIDWAY AIRPORT, IL US",16.7,1.1,2017-11-24,15.55,-0.63
1056,USW00014819,"CHICAGO MIDWAY AIRPORT, IL US",12.8,2.2,2017-11-25,12.29,2.18
1057,USW00014819,"CHICAGO MIDWAY AIRPORT, IL US",9.4,-2.1,2017-11-26,9.7,-2.57
1058,USW00014819,"CHICAGO MIDWAY AIRPORT, IL US",13.9,2.2,2017-11-27,13.41,-0.07
1059,USW00014819,"CHICAGO MIDWAY AIRPORT, IL US",16.7,7.8,2017-11-28,16.33,5.12
1060,USW00014819,"CHICAGO MIDWAY AIRPORT, IL US",8.9,1.7,2017-11-29,9.89,0.13
1061,USW00014819,"CHICAGO MIDWAY AIRPORT, IL US",12.8,3.9,2017-11-30,12,2.53
1062,USW00014819,"CHICAGO MIDWAY AIRPORT, IL US",11.7,-0.5,2017-12-01,11.73,-1.69
1063,USW00014819,"CHICAGO MIDWAY AIRPORT, IL US",12.2,1.7,2017-12-02,12.43,0.22
1064,USW00014819,"CHICAGO MIDWAY AIRPORT, IL US",14.4,-0.5,2017-12-03,14.29,-1.59
1065,USW00014819,"CHICAGO MIDWAY AIRPORT, IL US",18.3,7.8,2017-12-04,17.55,4.03
1066,USW00014819,"CHICAGO MIDWAY AIRPORT, IL US",7.8,-2.1,2017-12-05,7.47,-1.57
1067,USW00014819,"CHICAGO MIDWAY AIRPORT, IL US",2.2,-3.2,2017-12-06,1.99,-3.24
1068,USW00014819,"CHICAGO MIDWAY AIRPORT, IL US",-1.6,-7.1,2017-12-07,-1.4,-7.05
1069,USW00014819,"CHICAGO MIDWAY AIRPORT, IL US",2.8,-7.7,2017-12-08,2.14,-8.39
1070,USW00014819,"CHICAGO MIDWAY AIRPORT, IL US",0,-6.6,2017-12-09,-0.17,-7.08
1071,USW00014819,"CHICAGO MIDWAY AIRPORT, IL US",2.2,-6.6,2017-12-10,1.39,-6.7
1072,USW00014819,"CHICAGO MIDWAY AIRPORT, IL US",4.4,-3.2,2017-12-11,3.79,-4.86
1073,USW00014819,"CHICAGO MIDWAY AIRPORT, IL US",0,-7.7,2017-12-12,-0.51,-7.65
1074,USW00014819,"CHICAGO MIDWAY AIRPORT, IL US",3.3,-5.5,2017-12-13,2.41,-6.68
1075,USW00014819,"CHICAGO MIDWAY AIRPORT, IL US",-1,-7.7,2017-12-14,-0.59,-8.09
1076,USW00014819,"CHICAGO MIDWAY AIRPORT, IL US",3.3,-6,2017-12-15,2.32,-7.34
1077,USW00014819,"CHICAGO MIDWAY AIRPORT, IL US",8.9,1.1,2017-12-16,7.9,-1.73
1078,USW00014819,"CHICAGO MIDWAY AIRPORT, IL US",8.3,0,2017-12-17,7.81,-1.31
1079,USW00014819,"CHICAGO MIDWAY AIRPORT, IL US",7.2,5,2017-12-18,7.6,2.6
1080,USW00014819,"CHICAGO MIDWAY AIRPORT, IL US",10.6,2.8,2017-12-19,10.04,2.5
1081,USW00014819,"CHICAGO MIDWAY AIRPORT, IL US",2.8,-1,2017-12-20,3.86,-1.6
1082,USW00014819,"CHICAGO MIDWAY AIRPORT, IL US",5,1.1,2017-12-21,4.25,-0.5
1083,USW00014819,"CHICAGO MIDWAY AIRPORT, IL US",5,1.7,2017-12-22,4.53,0.5
1084,USW00014819,"CHICAGO MIDWAY AIRPORT, IL US",1.7,-6,2017-12-23,1.6,-4.32
1085,USW00014819,"CHICAGO MIDWAY AIRPORT, IL US",-4.3,-7.1,2017-12-24,-3.47,-6.53
1086,USW00014819,"CHICAGO MIDWAY AIRPORT, IL US",-5.5,-15.5,2017-12-25,-5.84,-13.29
1087,USW00014819,"CHICAGO MIDWAY AIRPORT, IL US",-13.8,-18.2,2017-12-26,-12.85,-18.66
1088,USW00014819,"CHICAGO MIDWAY AIRPORT, IL US",-13.2,-19.3,2017-12-27,-12.99,-19.67
1089,USW00014819,"CHICAGO MIDWAY AIRPORT, IL US",-9.9,-16.6,2017-12-28,-10.09,-18.21
1090,USW00014819,"CHICAGO MIDWAY AIRPORT, IL US",-8.8,-12.1,2017-12-29,-9.43,-13.85
1091,USW00014819,"CHICAGO MIDWAY AIRPORT, IL US",-9.3,-17.7,2017-12-30,-9.9,-16.52
1092,USW00014819,"CHICAGO MIDWAY AIRPORT, IL US",-9.3,-17.7,2017-12-31,-9.95,-18.19
1093,USC00111550,"CHICAGO NORTHERLY ISLAND, IL US",-14.4,-20.6,2018-01-01,-14.44,-20.41
1094,USC00111550,"CHICAGO NORTHERLY ISLAND, IL US",-13.3,-21.7,2018-01-02,-12.77,-22.28
1095,USC00111550,"CHICAGO NORTHERLY ISLAND, IL US",-7.8,-13.3,2018-01-03,-7.63,-17.11
1096,USC00111550,"CHICAGO NORTHERLY ISLAND, IL US",-10,-15.6,2018-01-04,-9.77,-15.67
1097,USC00111550,"CHICAGO NORTHERLY ISLAND, IL US",-10.6,-16.1,2018-01-05,-10.46,-16.93
1098,USC00111550,"CHICAGO NORTHERLY ISLAND, IL US",-7.2,-15.6,2018-01-06,-7.73,-17.13
1099,USC00111550,"CHICAGO NORTHERLY ISLAND, IL US",0,-13.3,2018-01-07,0.21,-15.42
1100,USC00111550,"CHICAGO NORTHERLY ISLAND, IL US",2.8,-0.6,2018-01-08,3.39,-3.39
1101,USC00111550,"CHICAGO NORTHERLY ISLAND, IL US",1.7,-2.2,2018-01-09,2.2,-3.48
1102,USC00111550,"CHICAGO NORTHERLY ISLAND, IL US",13.3,-0.6,2018-01-10,12.92,-1.77
1103,USC00111550,"CHICAGO NORTHERLY ISLAND, IL US",15.6,-4.4,2018-01-11,15.17,-2.12
1104,USC00111550,"CHICAGO NORTHERLY ISLAND, IL US",-3.9,-8.3,2018-01-12,-2.98,-7.79
1105,USC00111550,"CHICAGO NORTHERLY ISLAND, IL US",-8.3,-12.8,2018-01-13,-7.72,-13.48
1106,USC00111550,"CHICAGO NORTHERLY ISLAND, IL US",-5.6,-12.2,2018-01-14,-6.27,-15.23
1107,USC00111550,"CHICAGO NORTHERLY ISLAND, IL US",-4.4,-12.2,2018-01-15,-4.01,-13.59
1108,USC00111550,"CHICAGO NORTHERLY ISLAND, IL US",-3.9,-13.9,2018-01-16,-3.6,-14.09
1109,USC00111550,"CHICAGO NORTHERLY ISLAND, IL US",-5.6,-12.8,2018-01-17,-5.33,-14.75
1110,USC00111550,"CHICAGO NORTHERLY ISLAND, IL US",0.6,-7.8,2018-01-18,0.19,-10.65
1111,USC00111550,"CHICAGO NORTHERLY ISLAND, IL US",4.4,-2.2,2018-01-19,4.39,-4.29
1112,USC00111550,"CHICAGO NORTHERLY ISLAND, IL US",7.8,1.1,2018-01-20,7.99,-0.28
1113,USC00111550,"CHICAGO NORTHERLY ISLAND, IL US",5,1.7,2018-01-21,7.52,1.93
1114,USC00111550,"CHICAGO NORTHERLY ISLAND, IL US",11.7,2.2,2018-01-22,12.1,2.7
1115,USC00111550,"CHICAGO NORTHERLY ISLAND, IL US",3.9,-2.2,2018-01-23,3.06,-1.67
1116,USC00111550,"CHICAGO NORTHERLY ISLAND, IL US",-1.1,-2.8,2018-01-24,-0.89,-2.72
1117,USC00111550,"CHICAGO NORTHERLY ISLAND, IL US",7.2,-3.3,2018-01-25,6.46,-3.85
1118,USC00111550,"CHICAGO NORTHERLY ISLAND, IL US",11.1,3.3,2018-01-26,11.3,0.33
1119,USC00111550,"CHICAGO NORTHERLY ISLAND, IL US",10.6,3.9,2018-01-27,10.59,3.28
1120,USC00111550,"CHICAGO NORTHERLY ISLAND, IL US",4.4,-0.6,2018-01-28,5.05,-1.9
1121,USC00111550,"CHICAGO NORTHERLY ISLAND, IL US",-0.6,-6.7,2018-01-29,-0.67,-6.18
1122,USC00111550,"CHICAGO NORTHERLY ISLAND, IL US",-0.6,-7.8,2018-01-30,-0.18,-9.32
1123,USC00111550,"CHICAGO NORTHERLY ISLAND, IL US",5.6,-0.6,2018-01-31,5.65,-3.5
1124,USC00111550,"CHICAGO NORTHERLY ISLAND, IL US",2.8,-12.8,2018-02-01,1.31,-9.54
1125,USC00111550,"CHICAGO NORTHERLY ISLAND, IL US",-5.6,-14.4,2018-02-02,-5.02,-14.84
1126,USC00111550,"CHICAGO NORTHERLY ISLAND, IL US",4.4,-5.6,2018-02-03,4.05,-8.7
1127,USC00111550,"CHICAGO NORTHERLY ISLAND, IL US",1.1,-12.8,2018-02-04,0.04,-10.99
1128,USC00111550,"CHICAGO NORTHERLY ISLAND, IL US",-10.6,-17.2,2018-02-05,-9.99,-18.95
1129,USC00111550,"CHICAGO NORTHERLY ISLAND, IL US",-6.1,-12.8,2018-02-06,-5.6,-15.05
1130,USC00111550,"CHICAGO NORTHERLY ISLAND, IL US",-5.6,-10.6,2018-02-07,-5.58,-12.23
1131,USC00111550,"CHICAGO NORTHERLY ISLAND, IL US",-5.6,-11.7,2018-02-08,-4.81,-14
1132,USC00111550,"CHICAGO NORTHERLY ISLAND, IL US",-2.8,-6.1,2018-02-09,-1.92,-8.15
1133,USC00111550,"CHICAGO NORTHERLY ISLAND, IL US",-3.3,-7.8,2018-02-10,-3.36,-8.08
1134,USC00111550,"CHICAGO NORTHERLY ISLAND, IL US",-4.4,-10.6,2018-02-11,-4.03,-10.21
1135,USC00111550,"CHICAGO NORTHERLY ISLAND, IL US",-5,-10.6,2018-02-12,-2.65,-13.71
1136,USC00111550,"CHICAGO NORTHERLY ISLAND, IL US",1.7,-7.8,2018-02-13,2.21,-10.96
1137,USC00111550,"CHICAGO NORTHERLY ISLAND, IL US",7.8,-1.1,2018-02-14,7.84,-5.07
1138,USC00111550,"CHICAGO NORTHERLY ISLAND, IL US",7.2,2.2,2018-02-15,8.68,1.04
1139,USC00111550,"CHICAGO NORTHERLY ISLAND, IL US",2.2,-5,2018-02-16,2.84,-4.26
1140,USC00111550,"CHICAGO NORTHERLY ISLAND, IL US",1.7,-7.8,2018-02-17,2.15,-8.87
1141,USC00111550,"CHICAGO NORTHERLY ISLAND, IL US",5.6,-5,2018-02-18,5.41,-7.82
1142,USC00111550,"CHICAGO NORTHERLY ISLAND, IL US",15.6,2.2,2018-02-19,15.01,0.16
1143,USC00111550,"CHICAGO NORTHERLY ISLAND, IL US",18.3,1.1,2018-02-20,18.3,2.13
1144,USC00111550,"CHICAGO NORTHERLY ISLAND, IL US",1.1,-2.2,2018-02-21,1.9,-2.14
1145,USC00111550,"CHICAGO NORTHERLY ISLAND, IL US",2.8,-1.1,2018-02-22,4.45,-1.41
1146,USC00111550,"CHICAGO NORTHERLY ISLAND, IL US",6.7,1.7,2018-02-23,7.04,1.29
1147,USC00111550,"CHICAGO NORTHERLY ISLAND, IL US",8.9,0.6,2018-02-24,9.47,0.8
1148,USC00111550,"CHICAGO NORTHERLY ISLAND, IL US",10.6,1.1,2018-02-25,9.41,1.08
1149,USC00111550,"CHICAGO NORTHERLY ISLAND, IL US",12.2,1.1,2018-02-26,12.2,-1.47
1150,USC00111550,"CHICAGO NORTHERLY ISLAND, IL US",16.1,6.1,2018-02-27,16.69,3.65
1151,USC00111550,"CHICAGO NORTHERLY ISLAND, IL US",14.4,1.7,2018-02-28,15.39,3.4
1152,USC00111550,"CHICAGO NORTHERLY ISLAND, IL US",3.3,1.1,2018-03-01,5.55,0.93
1153,USC00111550,"CHICAGO NORTHERLY ISLAND, IL US",3.9,-0.6,2018-03-02,6.08,-1.14
1154,USC00111550,"CHICAGO NORTHERLY ISLAND, IL US",3.3,-0.6,2018-03-03,5.58,-1.08
1155,USC00111550,"CHICAGO NORTHERLY ISLAND, IL US",3.9,1.1,2018-03-04,7.03,-0.39
1156,USC00111550,"CHICAGO NORTHERLY ISLAND, IL US",3.3,0,2018-03-05,4.39,0.17
1157,USC00111550,"CHICAGO NORTHERLY ISLAND, IL US",3.9,0,2018-03-06,5,0.1
1158,USC00111550,"CHICAGO NORTHERLY ISLAND, IL US",0.6,-3.3,2018-03-07,1.37,-3.35
1159,USC00111550,"CHICAGO NORTHERLY ISLAND, IL US",1.1,-3.9,2018-03-08,1.72,-4.38
1160,USC00111550,"CHICAGO NORTHERLY ISLAND, IL US",1.7,-3.3,2018-03-09,3.12,-4.89
1161,USC00111550,"CHICAGO NORTHERLY ISLAND, IL US",2.8,-1.1,2018-03-10,4.42,-4.53
1162,USC00111550,"CHICAGO NORTHERLY ISLAND, IL US",3.3,-0.6,2018-03-11,4.26,-2.37
1163,USC00111550,"CHICAGO NORTHERLY ISLAND, IL US",6.1,0.6,2018-03-12,6.88,-1.57
1164,USC00111550,"CHICAGO NORTHERLY ISLAND, IL US",1.7,-3.3,2018-03-13,1.89,-3.92
1165,USC00111550,"CHICAGO NORTHERLY ISLAND, IL US",8.3,-3.9,2018-03-14,8.11,-5.18
1166,USC00111550,"CHICAGO NORTHERLY ISLAND, IL US",5.6,-1.1,2018-03-15,7.4,-2.65
1167,USC00111550,"CHICAGO NORTHERLY ISLAND, IL US",1.1,-2.2,2018-03-16,2.72,-1.96
1168,USC00111550,"CHICAGO NORTHERLY ISLAND, IL US",5.6,0.6,2018-03-17,6.26,-1.18
1169,USC00111550,"CHICAGO NORTHERLY ISLAND, IL US",12.2,0.6,2018-03-18,12.89,-2.56
1170,USC00111550,"CHICAGO NORTHERLY ISLAND, IL US",5.6,0.6,2018-03-19,8.26,-0.07
1171,USC00111550,"CHICAGO NORTHERLY ISLAND, IL US",1.7,-2.2,2018-03-20,2.85,-2.22
1172,USC00111550,"CHICAGO NORTHERLY ISLAND, IL US",2.2,-1.1,2018-03-21,3.55,-1.83
1173,USC00111550,"CHICAGO NORTHERLY ISLAND, IL US",3.3,-0.6,2018-03-22,6.77,-2.95
1174,USC00111550,"CHICAGO NORTHERLY ISLAND, IL US",3.3,0,2018-03-23,5.26,-1.99
1175,USC00111550,"CHICAGO NORTHERLY ISLAND, IL US",3.3,0.6,2018-03-24,4.69,-0.3
1176,USC00111550,"CHICAGO NORTHERLY ISLAND, IL US",3.3,-2.2,2018-03-25,4.85,-2.93
1177,USC00111550,"CHICAGO NORTHERLY ISLAND, IL US",8.9,0.6,2018-03-26,10.97,-0.91
1178,USC00111550,"CHICAGO NORTHERLY ISLAND, IL US",11.1,3.9,2018-03-27,11.19,3.09
1179,USC00111550,"CHICAGO NORTHERLY ISLAND, IL US",5.6,2.8,2018-03-28,9.51,3.04
1180,USC00111550,"CHICAGO NORTHERLY ISLAND, IL US",6.1,1.7,2018-03-29,8.62,2.29
1181,USC00111550,"CHICAGO NORTHERLY ISLAND, IL US",6.7,1.1,2018-03-30,8.01,0.89
1182,USC00111550,"CHICAGO NORTHERLY ISLAND, IL US",13.9,1.1,2018-03-31,14.65,0.68
1183,USC00111550,"CHICAGO NORTHERLY ISLAND, IL US",1.1,-2.8,2018-04-01,2.79,-3.22
1184,USC00111550,"CHICAGO NORTHERLY ISLAND, IL US",3.9,-2.8,2018-04-02,5.57,-4.79
1185,USC00111550,"CHICAGO NORTHERLY ISLAND, IL US",3.9,1.7,2018-04-03,5.18,-0.23
1186,USC00111550,"CHICAGO NORTHERLY ISLAND, IL US",1.7,-2.8,2018-04-04,2.31,-2.92
1187,USC00111550,"CHICAGO NORTHERLY ISLAND, IL US",5,-2.8,2018-04-05,5.79,-4.44
1188,USC00111550,"CHICAGO NORTHERLY ISLAND, IL US",3.3,-2.2,2018-04-06,3.99,-3.3
1189,USC00111550,"CHICAGO NORTHERLY ISLAND, IL US",0,-5.6,2018-04-07,2.46,-5.97
1190,USC00111550,"CHICAGO NORTHERLY ISLAND, IL US",1.7,-2.2,2018-04-08,3.27,-5.36
1191,USC00111550,"CHICAGO NORTHERLY ISLAND, IL US",2.8,-1.1,2018-04-09,3.77,-1.8
1192,USC00111550,"CHICAGO NORTHERLY ISLAND, IL US",6.7,0,2018-04-10,7.57,-2.06
1193,USC00111550,"CHICAGO NORTHERLY ISLAND, IL US",17.8,3.9,2018-04-11,18.1,2.49
1194,USC00111550,"CHICAGO NORTHERLY ISLAND, IL US",21.7,3.9,2018-04-12,23.16,5.03
1195,USC00111550,"CHICAGO NORTHERLY ISLAND, IL US",7.2,3.3,2018-04-13,11.72,3.68
1196,USC00111550,"CHICAGO NORTHERLY ISLAND, IL US",3.9,2.2,2018-04-14,5.7,2.67
1197,USC00111550,"CHICAGO NORTHERLY ISLAND, IL US",2.8,-1.7,2018-04-15,3.65,-0.79
1198,USC00111550,"CHICAGO NORTHERLY ISLAND, IL US",1.7,-2.8,2018-04-16,1.67,-2.41
1199,USC00111550,"CHICAGO NORTHERLY ISLAND, IL US",3.9,-1.1,2018-04-17,5.4,-1.48
1200,USC00111550,"CHICAGO NORTHERLY ISLAND, IL US",2.2,0.6,2018-04-18,3.56,-1.65
1201,USC00111550,"CHICAGO NORTHERLY ISLAND, IL US",7.8,1.1,2018-04-19,9.43,0.54
1202,USC00111550,"CHICAGO NORTHERLY ISLAND, IL US",7.8,3.9,2018-04-20,12.85,0.65
1203,USC00111550,"CHICAGO NORTHERLY ISLAND, IL US",7.2,3.3,2018-04-21,10.98,2.78
1204,USC00111550,"CHICAGO NORTHERLY ISLAND, IL US",10.6,4.4,2018-04-22,14.88,4.98
1205,USC00111550,"CHICAGO NORTHERLY ISLAND, IL US",11.1,5,2018-04-23,14.67,5.11
1206,USC00111550,"CHICAGO NORTHERLY ISLAND, IL US",12.8,6.1,2018-04-24,15.71,6.76
1207,USC00111550,"CHICAGO NORTHERLY ISLAND, IL US",7.8,3.3,2018-04-25,10.19,3.47
1208,USC00111550,"CHICAGO NORTHERLY ISLAND, IL US",13.3,3.9,2018-04-26,16.68,1.54
1209,USC00111550,"CHICAGO NORTHERLY ISLAND, IL US",13.3,3.9,2018-04-27,13.03,4.19
1210,USC00111550,"CHICAGO NORTHERLY ISLAND, IL US",7.2,2.8,2018-04-28,9.09,2.39
1211,USC00111550,"CHICAGO NORTHERLY ISLAND, IL US",6.7,2.2,2018-04-29,11.42,0.26
1212,USC00111550,"CHICAGO NORTHERLY ISLAND, IL US",25.6,6.1,2018-04-30,25.72,3.75
1213,USC00111550,"CHICAGO NORTHERLY ISLAND, IL US",28.3,15,2018-05-01,29.49,13.41
1214,USC00111550,"CHICAGO NORTHERLY ISLAND, IL US",30,11.7,2018-05-02,30.65,16.54
1215,USC00111550,"CHICAGO NORTHERLY ISLAND, IL US",19.4,6.7,2018-05-03,21.51,11.57
1216,USC00111550,"CHICAGO NORTHERLY ISLAND, IL US",22.8,14.4,2018-05-04,23.67,13.91
1217,USC00111550,"CHICAGO NORTHERLY ISLAND, IL US",27.2,10.6,2018-05-05,27.65,12.11
1218,USC00111550,"CHICAGO NORTHERLY ISLAND, IL US",15.6,8.9,2018-05-06,19.68,9.55
1219,USC00111550,"CHICAGO NORTHERLY ISLAND, IL US",17.8,8.3,2018-05-07,21.55,7.91
1220,USC00111550,"CHICAGO NORTHERLY ISLAND, IL US",24.4,14.4,2018-05-08,26.79,12.56
1221,USC00111550,"CHICAGO NORTHERLY ISLAND, IL US",27.8,13.3,2018-05-09,27.76,14.15
1222,USC00111550,"CHICAGO NORTHERLY ISLAND, IL US",18.3,7.8,2018-05-10,21.17,10.8
1223,USC00111550,"CHICAGO NORTHERLY ISLAND, IL US",10.6,7.2,2018-05-11,13.19,7.68
1224,USC00111550,"CHICAGO NORTHERLY ISLAND, IL US",8.9,6.1,2018-05-12,10.84,6.87
1225,USC00111550,"CHICAGO NORTHERLY ISLAND, IL US",11.7,7.2,2018-05-13,16.42,8.1
1226,USC00111550,"CHICAGO NORTHERLY ISLAND, IL US",28.3,8.9,2018-05-14,28.82,9.94
1227,USC00111550,"CHICAGO NORTHERLY ISLAND, IL US",17.8,8.9,2018-05-15,20.06,11
1228,USC00111550,"CHICAGO NORTHERLY ISLAND, IL US",19.4,9.4,2018-05-16,23.21,7.99
1229,USC00111550,"CHICAGO NORTHERLY ISLAND, IL US",16.7,8.9,2018-05-17,20.05,10.34
1230,USC00111550,"CHICAGO NORTHERLY ISLAND, IL US",12.8,10,2018-05-18,18.69,10.08
1231,USC00111550,"CHICAGO NORTHERLY ISLAND, IL US",13.3,10.6,2018-05-19,18.15,11.7
1232,USC00111550,"CHICAGO NORTHERLY ISLAND, IL US",10.6,6.1,2018-05-20,13.9,6.8
1233,USC00111550,"CHICAGO NORTHERLY ISLAND, IL US",14.4,7.8,2018-05-21,16.69,8.14
1234,USC00111550,"CHICAGO NORTHERLY ISLAND, IL US",12.2,8.9,2018-05-22,16.57,10.35
1235,USC00111550,"CHICAGO NORTHERLY ISLAND, IL US",17.2,10.6,2018-05-23,22.87,9.9
1236,USC00111550,"CHICAGO NORTHERLY ISLAND, IL US",21.7,12.8,2018-05-24,27.42,12.6
1237,USC00111550,"CHICAGO NORTHERLY ISLAND, IL US",30.6,20,2018-05-25,31.75,17.62
1238,USC00111550,"CHICAGO NORTHERLY ISLAND, IL US",31.1,19.4,2018-05-31,31.39,20.04
1239,USC00111550,"CHICAGO NORTHERLY ISLAND, IL US",23.9,10.6,2018-06-01,24.23,12.84
1240,USC00111550,"CHICAGO NORTHERLY ISLAND, IL US",17.2,10,2018-06-02,20.87,10.47
1241,USC00111550,"CHICAGO NORTHERLY ISLAND, IL US",25,14.4,2018-06-03,25.72,14.18
1242,USC00111550,"CHICAGO NORTHERLY ISLAND, IL US",26.1,15,2018-06-04,26.58,12.77
1243,USC00111550,"CHICAGO NORTHERLY ISLAND, IL US",22.8,10,2018-06-05,21.23,11.9
1244,USC00111550,"CHICAGO NORTHERLY ISLAND, IL US",20.6,10.6,2018-06-06,24.1,9.46
1245,USC00111550,"CHICAGO NORTHERLY ISLAND, IL US",20.6,13.9,2018-06-07,25.3,14.7
1246,USC00111550,"CHICAGO NORTHERLY ISLAND, IL US",17.8,12.8,2018-06-08,21.89,14.32
1247,USC00111550,"CHICAGO NORTHERLY ISLAND, IL US",19.4,12.2,2018-06-09,24.1,13.56
1248,USC00111550,"CHICAGO NORTHERLY ISLAND, IL US",19.4,13.9,2018-06-10,21.28,15.02
1249,USC00111550,"CHICAGO NORTHERLY ISLAND, IL US",16.7,13.9,2018-06-11,19.87,14.71
1250,USC00111550,"CHICAGO NORTHERLY ISLAND, IL US",20.6,15.6,2018-06-12,24.94,16.6
1251,USC00111550,"CHICAGO NORTHERLY ISLAND, IL US",24.4,16.7,2018-06-13,26.54,17.2
1252,USC00111550,"CHICAGO NORTHERLY ISLAND, IL US",23.9,16.7,2018-06-14,26.47,15.31
1253,USC00111550,"CHICAGO NORTHERLY ISLAND, IL US",27.8,16.1,2018-06-15,30.4,16.55
1254,USC00111550,"CHICAGO NORTHERLY ISLAND, IL US",28.9,18.3,2018-06-16,32.53,19.7
1255,USC00111550,"CHICAGO NORTHERLY ISLAND, IL US",33.9,25.6,2018-06-17,34.57,24.35
1256,USC00111550,"CHICAGO NORTHERLY ISLAND, IL US",33.9,16.7,2018-06-18,34.64,19.86
1257,USC00111550,"CHICAGO NORTHERLY ISLAND, IL US",21.7,15.6,2018-06-19,26.79,17.06
1258,USC00111550,"CHICAGO NORTHERLY ISLAND, IL US",21.7,16.1,2018-06-20,25.01,17.18
1259,USC00111550,"CHICAGO NORTHERLY ISLAND, IL US",17.8,15,2018-06-21,19.71,16.49
1260,USC00111550,"CHICAGO NORTHERLY ISLAND, IL US",17.2,15,2018-06-22,18.58,15.52
1261,USC00111550,"CHICAGO NORTHERLY ISLAND, IL US",21.7,16.1,2018-06-23,24.72,16.07
1262,USC00111550,"CHICAGO NORTHERLY ISLAND, IL US",22.8,15.6,2018-06-24,25.45,16.73
1263,USC00111550,"CHICAGO NORTHERLY ISLAND, IL US",21.1,15.6,2018-06-25,24.9,16.03
1264,USC00111550,"CHICAGO NORTHERLY ISLAND, IL US",26.1,17.2,2018-06-26,27.66,18.02
1265,USC00111550,"CHICAGO NORTHERLY ISLAND, IL US",22.8,17.8,2018-06-27,25.17,18.51
1266,USC00111550,"CHICAGO NORTHERLY ISLAND, IL US",26.1,18.3,2018-06-28,28.82,17.79
1267,USC00111550,"CHICAGO NORTHERLY ISLAND, IL US",33.9,20.6,2018-06-29,34.6,20.82
1268,USC00111550,"CHICAGO NORTHERLY ISLAND, IL US",33.3,25,2018-06-30,34.46,25.24
1269,USC00111550,"CHICAGO NORTHERLY ISLAND, IL US",33.3,24.4,2018-07-01,33.98,23.96
1270,USC00111550,"CHICAGO NORTHERLY ISLAND, IL US",24.4,17.8,2018-07-02,27.38,19.23
1271,USC00111550,"CHICAGO NORTHERLY ISLAND, IL US",27.2,17.2,2018-07-03,30.83,17.02
1272,USC00111550,"CHICAGO NORTHERLY ISLAND, IL US",32.2,20.6,2018-07-04,33.17,22.09
1273,USC00111550,"CHICAGO NORTHERLY ISLAND, IL US",28.9,22.2,2018-07-05,32.75,22.04
1274,USC00111550,"CHICAGO NORTHERLY ISLAND, IL US",23.9,17.8,2018-07-06,24.81,18.04
1275,USC00111550,"CHICAGO NORTHERLY ISLAND, IL US",22.8,17.8,2018-07-07,25.9,15.2
1276,USC00111550,"CHICAGO NORTHERLY ISLAND, IL US",25.6,17.2,2018-07-08,29.11,16.03
1277,USC00111550,"CHICAGO NORTHERLY ISLAND, IL US",32.2,21.1,2018-07-09,32.76,18.15
1278,USC00111550,"CHICAGO NORTHERLY ISLAND, IL US",27.2,20.6,2018-07-10,29.17,21.32
1279,USC00111550,"CHICAGO NORTHERLY ISLAND, IL US",25.6,20.6,2018-07-11,28.73,19.37
1280,USC00111550,"CHICAGO NORTHERLY ISLAND, IL US",30,20,2018-07-12,30.48,19.59
1281,USC00111550,"CHICAGO NORTHERLY ISLAND, IL US",33.3,22.2,2018-07-13,33.64,21.15
1282,USC00111550,"CHICAGO NORTHERLY ISLAND, IL US",26.7,21.7,2018-07-14,28.01,22.08
1283,USC00111550,"CHICAGO NORTHERLY ISLAND, IL US",27.8,21.7,2018-07-15,30.97,21.72
1284,USC00111550,"CHICAGO NORTHERLY ISLAND, IL US",29.4,22.2,2018-07-16,32.06,22.22
1285,USC00111550,"CHICAGO NORTHERLY ISLAND, IL US",26.7,20,2018-07-17,27.34,19.29
1286,USC00111550,"CHICAGO NORTHERLY ISLAND, IL US",23.9,20,2018-07-18,25.43,16.79
1287,USC00111550,"CHICAGO NORTHERLY ISLAND, IL US",31.1,20.6,2018-07-19,30.8,17.13
1288,USC00111550,"CHICAGO NORTHERLY ISLAND, IL US",25,20.6,2018-07-20,26.81,19.92
1289,USC00111550,"CHICAGO NORTHERLY ISLAND, IL US",22.8,20,2018-07-21,24.78,20.22
1290,USC00111550,"CHICAGO NORTHERLY ISLAND, IL US",23.3,20,2018-07-22,24.66,19.86
1291,USC00111550,"CHICAGO NORTHERLY ISLAND, IL US",24.4,20,2018-07-23,25.72,19.04
1292,USC00111550,"CHICAGO NORTHERLY ISLAND, IL US",25,20,2018-07-24,27.71,18.98
1293,USC00111550,"CHICAGO NORTHERLY ISLAND, IL US",26.1,21.7,2018-07-25,29.7,19.68
1294,USC00111550,"CHICAGO NORTHERLY ISLAND, IL US",27.2,20,2018-07-26,27.31,19.61
1295,USC00111550,"CHICAGO NORTHERLY ISLAND, IL US",24.4,17.8,2018-07-27,25.31,16.92
1296,USC00111550,"CHICAGO NORTHERLY ISLAND, IL US",23.9,18.9,2018-07-28,26.3,15.86
1297,USC00111550,"CHICAGO NORTHERLY ISLAND, IL US",25,18.9,2018-07-29,26.6,16.31
1298,USC00111550,"CHICAGO NORTHERLY ISLAND, IL US",25,18.3,2018-07-30,26.47,16.07
1299,USC00111550,"CHICAGO NORTHERLY ISLAND, IL US",25,20,2018-07-31,25.82,18.32
1300,USC00111550,"CHICAGO NORTHERLY ISLAND, IL US",30,19.4,2018-08-01,29.88,17.35
1301,USC00111550,"CHICAGO NORTHERLY ISLAND, IL US",29.4,21.1,2018-08-02,30.35,19.83
1302,USC00111550,"CHICAGO NORTHERLY ISLAND, IL US",25.6,20,2018-08-03,28.66,17.97
1303,USC00111550,"CHICAGO NORTHERLY ISLAND, IL US",35.6,22.2,2018-08-04,35.58,20.5
1304,USC00111550,"CHICAGO NORTHERLY ISLAND, IL US",33.9,25,2018-08-05,34.6,23.72
1305,USC00111550,"CHICAGO NORTHERLY ISLAND, IL US",25.6,21.1,2018-08-06,28.54,20.67
1306,USC00111550,"CHICAGO NORTHERLY ISLAND, IL US",26.1,20.6,2018-08-07,27.85,19.85
1307,USC00111550,"CHICAGO NORTHERLY ISLAND, IL US",26.1,21.1,2018-08-08,27.21,20.09
1308,USC00111550,"CHICAGO NORTHERLY ISLAND, IL US",32.2,20.6,2018-08-09,32.29,19.35
1309,USC00111550,"CHICAGO NORTHERLY ISLAND, IL US",26.7,21.7,2018-08-10,28.18,20.94
1310,USC00111550,"CHICAGO NORTHERLY ISLAND, IL US",27.2,22.2,2018-08-11,30.05,19.89
1311,USC00111550,"CHICAGO NORTHERLY ISLAND, IL US",27.2,22.2,2018-08-12,29.59,20.18
1312,USC00111550,"CHICAGO NORTHERLY ISLAND, IL US",27.8,21.1,2018-08-13,30.21,18.93
1313,USC00111550,"CHICAGO NORTHERLY ISLAND, IL US",30,23.3,2018-08-14,31.32,20.25
1314,USC00111550,"CHICAGO NORTHERLY ISLAND, IL US",28.3,21.7,2018-08-15,29.34,21.21
1315,USC00111550,"CHICAGO NORTHERLY ISLAND, IL US",26.7,21.7,2018-08-16,28.74,20.97
1316,USC00111550,"CHICAGO NORTHERLY ISLAND, IL US",25.6,20,2018-08-17,27.95,20.18
1317,USC00111550,"CHICAGO NORTHERLY ISLAND, IL US",26.7,22.2,2018-08-18,27.2,20.91
1318,USC00111550,"CHICAGO NORTHERLY ISLAND, IL US",27.2,21.7,2018-08-19,28.42,19.44
1319,USC00111550,"CHICAGO NORTHERLY ISLAND, IL US",24.4,21.1,2018-08-20,25.75,20.28
1320,USC00111550,"CHICAGO NORTHERLY ISLAND, IL US",24.4,20,2018-08-21,25.51,19.64
1321,USC00111550,"CHICAGO NORTHERLY ISLAND, IL US",25.6,16.7,2018-08-22,26.06,15.5
1322,USC00111550,"CHICAGO NORTHERLY ISLAND, IL US",26.7,17.8,2018-08-23,27.11,14.7
1323,USC00111550,"CHICAGO NORTHERLY ISLAND, IL US",23.3,17.2,2018-08-24,23.6,16.2
1324,USC00111550,"CHICAGO NORTHERLY ISLAND, IL US",30,18.3,2018-08-25,29.44,18.53
1325,USC00111550,"CHICAGO NORTHERLY ISLAND, IL US",33.3,22.2,2018-08-26,33.78,21.51
1326,USC00111550,"CHICAGO NORTHERLY ISLAND, IL US",33.9,25,2018-08-27,34.29,24.64
1327,USC00111550,"CHICAGO NORTHERLY ISLAND, IL US",32.2,20,2018-08-28,32.76,20.52
1328,USC00111550,"CHICAGO NORTHERLY ISLAND, IL US",23.9,18.3,2018-08-29,25.54,18.29
1329,USC00111550,"CHICAGO NORTHERLY ISLAND, IL US",21.7,18.3,2018-08-30,22.58,16.19
1330,USC00111550,"CHICAGO NORTHERLY ISLAND, IL US",26.7,17.2,2018-08-31,28.72,15.14
1331,USC00111550,"CHICAGO NORTHERLY ISLAND, IL US",29.4,22.2,2018-09-01,29.95,20.5
1332,USC00111550,"CHICAGO NORTHERLY ISLAND, IL US",32.2,21.1,2018-09-02,32.64,21.64
1333,USC00111550,"CHICAGO NORTHERLY ISLAND, IL US",26.7,20.6,2018-09-03,29.8,21.3
1334,USC00111550,"CHICAGO NORTHERLY ISLAND, IL US",33.3,22.2,2018-09-04,33.55,20.95
1335,USC00111550,"CHICAGO NORTHERLY ISLAND, IL US",32.8,20,2018-09-05,33.02,21.35
1336,USC00111550,"CHICAGO NORTHERLY ISLAND, IL US",21.1,18.9,2018-09-06,23.23,19.11
1337,USC00111550,"CHICAGO NORTHERLY ISLAND, IL US",21.1,18.9,2018-09-07,21.37,18.08
1338,USC00111550,"CHICAGO NORTHERLY ISLAND, IL US",19.4,16.7,2018-09-08,20.2,16.51
1339,USC00111550,"CHICAGO NORTHERLY ISLAND, IL US",20,16.1,2018-09-09,20.66,15.14
1340,USC00111550,"CHICAGO NORTHERLY ISLAND, IL US",21.1,16.7,2018-09-10,22.03,14.76
1341,USC00111550,"CHICAGO NORTHERLY ISLAND, IL US",21.7,15.6,2018-09-11,24.85,13.66
1342,USC00111550,"CHICAGO NORTHERLY ISLAND, IL US",22.8,16.1,2018-09-12,25.9,14.69
1343,USC00111550,"CHICAGO NORTHERLY ISLAND, IL US",21.7,16.1,2018-09-13,24.56,14.24
1344,USC00111550,"CHICAGO NORTHERLY ISLAND, IL US",29.4,16.1,2018-09-14,29.32,15.85
1345,USC00111550,"CHICAGO NORTHERLY ISLAND, IL US",24.4,18.9,2018-09-15,27.12,16.83
1346,USC00111550,"CHICAGO NORTHERLY ISLAND, IL US",26.1,20,2018-09-16,29.51,18.85
1347,USC00111550,"CHICAGO NORTHERLY ISLAND, IL US",28.9,20.6,2018-09-17,31.78,19.17
1348,USC00111550,"CHICAGO NORTHERLY ISLAND, IL US",25.6,19.4,2018-09-18,25.25,19.06
1349,USC00111550,"CHICAGO NORTHERLY ISLAND, IL US",22.8,18.9,2018-09-19,24.78,18.36
1350,USC00111550,"CHICAGO NORTHERLY ISLAND, IL US",33.3,20,2018-09-20,33.23,19.29
1351,USC00111550,"CHICAGO NORTHERLY ISLAND, IL US",27.8,15,2018-09-21,27.54,16.04
1352,USC00111550,"CHICAGO NORTHERLY ISLAND, IL US",19.4,12.2,2018-09-23,21.08,10.13
1353,USC00111550,"CHICAGO NORTHERLY ISLAND, IL US",20.6,16.1,2018-09-24,22.38,13.11
1354,USC00111550,"CHICAGO NORTHERLY ISLAND, IL US",28.3,17.8,2018-09-25,28.11,16.49
1355,USC00111550,"CHICAGO NORTHERLY ISLAND, IL US",19.4,11.7,2018-09-26,20.09,10.71
1356,USC00111550,"CHICAGO NORTHERLY ISLAND, IL US",20,12.2,2018-09-27,20.5,9.04
1357,USC00111550,"CHICAGO NORTHERLY ISLAND, IL US",16.7,10,2018-09-28,17.37,8.95
1358,USC00111550,"CHICAGO NORTHERLY ISLAND, IL US",15,8.3,2018-09-29,16.33,5.77
1359,USC00111550,"CHICAGO NORTHERLY ISLAND, IL US",18.3,12.2,2018-09-30,19.23,10.19
1360,USC00111550,"CHICAGO NORTHERLY ISLAND, IL US",23.9,13.3,2018-10-01,22.87,13
1361,USC00111550,"CHICAGO NORTHERLY ISLAND, IL US",20,14.4,2018-10-02,19.88,13.31
1362,USC00111550,"CHICAGO NORTHERLY ISLAND, IL US",30.6,15,2018-10-03,30.1,14.8
1363,USC00111550,"CHICAGO NORTHERLY ISLAND, IL US",26.7,11.1,2018-10-04,23.49,12.09
1364,USC00111550,"CHICAGO NORTHERLY ISLAND, IL US",18.3,12.2,2018-10-05,18.77,11.42
1365,USC00111550,"CHICAGO NORTHERLY ISLAND, IL US",21.7,14.4,2018-10-06,22.16,13.77
1366,USC00111550,"CHICAGO NORTHERLY ISLAND, IL US",17.8,13.9,2018-10-07,18.98,13.95
1367,USC00111550,"CHICAGO NORTHERLY ISLAND, IL US",28.9,17.2,2018-10-08,28.85,16.53
1368,USC00111550,"CHICAGO NORTHERLY ISLAND, IL US",29.4,21.7,2018-10-09,29.86,19.82
1369,USC00111550,"CHICAGO NORTHERLY ISLAND, IL US",23.3,11.1,2018-10-10,23.57,13.84
1370,USC00111550,"CHICAGO NORTHERLY ISLAND, IL US",11.1,5.6,2018-10-11,11.68,5.54
1371,USC00111550,"CHICAGO NORTHERLY ISLAND, IL US",6.1,3.3,2018-10-12,6.94,2.24
1372,USC00111550,"CHICAGO NORTHERLY ISLAND, IL US",11.7,2.2,2018-10-13,11.65,1.12
1373,USC00111550,"CHICAGO NORTHERLY ISLAND, IL US",15,5.6,2018-10-14,15.16,3.27
1374,USC00111550,"CHICAGO NORTHERLY ISLAND, IL US",9.4,3.9,2018-10-15,9.77,2.7
1375,USC00111550,"CHICAGO NORTHERLY ISLAND, IL US",14.4,2.2,2018-10-16,14.51,1.16
1376,USC00111550,"CHICAGO NORTHERLY ISLAND, IL US",11.1,6.1,2018-10-17,11.05,3.68
1377,USC00111550,"CHICAGO NORTHERLY ISLAND, IL US",14.4,5,2018-10-18,14.59,1.09
1378,USC00111550,"CHICAGO NORTHERLY ISLAND, IL US",12.2,8.3,2018-10-19,12.63,5.32
1379,USC00111550,"CHICAGO NORTHERLY ISLAND, IL US",11.1,2.2,2018-10-20,11.73,2.49
1380,USC00111550,"CHICAGO NORTHERLY ISLAND, IL US",10,0,2018-10-21,10.81,-1.12
1381,USC00111550,"CHICAGO NORTHERLY ISLAND, IL US",17.2,4.4,2018-10-22,17.04,1.77
1382,USC00111550,"CHICAGO NORTHERLY ISLAND, IL US",11.7,6.7,2018-10-23,12.01,4.27
1383,USC00111550,"CHICAGO NORTHERLY ISLAND, IL US",10.6,5.6,2018-10-24,11.13,2.58
1384,USC00111550,"CHICAGO NORTHERLY ISLAND, IL US",10.6,5,2018-10-25,11.25,2.44
1385,USC00111550,"CHICAGO NORTHERLY ISLAND, IL US",10.6,7.8,2018-10-26,11.52,5.53
1386,USC00111550,"CHICAGO NORTHERLY ISLAND, IL US",11.7,7.2,2018-10-27,11.87,5.8
1387,USC00111550,"CHICAGO NORTHERLY ISLAND, IL US",10.6,7.2,2018-10-28,10.96,5.98
1388,USC00111550,"CHICAGO NORTHERLY ISLAND, IL US",11.7,5,2018-10-29,12.48,4.26
1389,USC00111550,"CHICAGO NORTHERLY ISLAND, IL US",20,8.3,2018-10-30,18.88,6.58
1390,USC00111550,"CHICAGO NORTHERLY ISLAND, IL US",11.7,9.4,2018-10-31,13.82,8.71
1391,USC00111550,"CHICAGO NORTHERLY ISLAND, IL US",11.7,7.2,2018-11-01,11.28,7.2
1392,USC00111550,"CHICAGO NORTHERLY ISLAND, IL US",8.3,3.3,2018-11-02,10,3.29
1393,USC00111550,"CHICAGO NORTHERLY ISLAND, IL US",9.4,3.9,2018-11-03,9.97,1.55
1394,USC00111550,"CHICAGO NORTHERLY ISLAND, IL US",10.6,7.8,2018-11-04,11.18,5.64
1395,USC00111550,"CHICAGO NORTHERLY ISLAND, IL US",10.6,6.7,2018-11-05,10.92,6.43
1396,USC00111550,"CHICAGO NORTHERLY ISLAND, IL US",10,3.3,2018-11-06,10.01,4.55
1397,USC00111550,"CHICAGO NORTHERLY ISLAND, IL US",3.9,1.1,2018-11-07,4.34,1.28
1398,USC00111550,"CHICAGO NORTHERLY ISLAND, IL US",5,0.6,2018-11-08,5.11,0.67
1399,USC00111550,"CHICAGO NORTHERLY ISLAND, IL US",4.4,-6.1,2018-11-09,3.76,-4.41
1400,USC00111550,"CHICAGO NORTHERLY ISLAND, IL US",1.1,-6.1,2018-11-10,1.38,-6.38
1401,USC00111550,"CHICAGO NORTHERLY ISLAND, IL US",5.6,-1.7,2018-11-11,5.48,-3.06
1402,USC00111550,"CHICAGO NORTHERLY ISLAND, IL US",3.3,-3.3,2018-11-12,3.24,-3.21
1403,USC00111550,"CHICAGO NORTHERLY ISLAND, IL US",-1.1,-5.6,2018-11-13,-0.9,-6.55
1404,USC00111550,"CHICAGO NORTHERLY ISLAND, IL US",2.2,-5.6,2018-11-14,2.16,-7.44
1405,USC00111550,"CHICAGO NORTHERLY ISLAND, IL US",1.7,-1.7,2018-11-15,2.06,-3.33
1406,USC00111550,"CHICAGO NORTHERLY ISLAND, IL US",5,-2.2,2018-11-16,4.88,-2.58
1407,USC00111550,"CHICAGO NORTHERLY ISLAND, IL US",2.8,0.6,2018-11-17,2.89,0.37
1408,USC00111550,"CHICAGO NORTHERLY ISLAND, IL US",3.3,-2.2,2018-11-18,3.52,-2.65
1409,USC00111550,"CHICAGO NORTHERLY ISLAND, IL US",1.7,-3.9,2018-11-19,1.65,-4.79
1410,USC00111550,"CHICAGO NORTHERLY ISLAND, IL US",2.2,-1.7,2018-11-20,2.41,-2.04
1411,USC00111550,"CHICAGO NORTHERLY ISLAND, IL US",3.9,-0.6,2018-11-21,3.06,-1.23
1412,USC00111550,"CHICAGO NORTHERLY ISLAND, IL US",2.8,0,2018-11-22,3.25,-0.87
1413,USC00111550,"CHICAGO NORTHERLY ISLAND, IL US",10,1.1,2018-11-23,10.2,0.27
1414,USC00111550,"CHICAGO NORTHERLY ISLAND, IL US",8.9,4.4,2018-11-24,9.2,3.99
1415,USC00111550,"CHICAGO NORTHERLY ISLAND, IL US",5,1.1,2018-11-25,5.34,1.39
1416,USC00111550,"CHICAGO NORTHERLY ISLAND, IL US",1.1,-3.9,2018-11-26,2.02,-3.52
1417,USC00111550,"CHICAGO NORTHERLY ISLAND, IL US",-3.3,-6.7,2018-11-27,-3.38,-6.5
1418,USC00111550,"CHICAGO NORTHERLY ISLAND, IL US",-2.8,-6.7,2018-11-28,-2.21,-7.99
1419,USC00111550,"CHICAGO NORTHERLY ISLAND, IL US",3.3,-3.3,2018-11-29,3.06,-4.02
1420,USC00111550,"CHICAGO NORTHERLY ISLAND, IL US",4.4,0,2018-11-30,5.32,-1.3
1421,USC00111550,"CHICAGO NORTHERLY ISLAND, IL US",6.7,1.1,2018-12-01,7.38,0.4
1422,USC00111550,"CHICAGO NORTHERLY ISLAND, IL US",8.3,1.7,2018-12-02,8.31,2.18
1423,USC00111550,"CHICAGO NORTHERLY ISLAND, IL US",2.2,-1.1,2018-12-03,2.48,-0.66
1424,USC00111550,"CHICAGO NORTHERLY ISLAND, IL US",0,-2.2,2018-12-04,0.19,-1.99
1425,USC00111550,"CHICAGO NORTHERLY ISLAND, IL US",0,-3.9,2018-12-05,0.28,-3.76
1426,USC00111550,"CHICAGO NORTHERLY ISLAND, IL US",0.6,-5.6,2018-12-06,0.37,-5.68
1427,USC00111550,"CHICAGO NORTHERLY ISLAND, IL US",-2.8,-7.2,2018-12-07,-2.51,-8.65
1428,USC00111550,"CHICAGO NORTHERLY ISLAND, IL US",-1.7,-5.6,2018-12-08,-1.03,-7.74
1429,USC00111550,"CHICAGO NORTHERLY ISLAND, IL US",0,-5,2018-12-09,1.07,-8.25
1430,USC00111550,"CHICAGO NORTHERLY ISLAND, IL US",1.1,-6.1,2018-12-10,1.28,-8.1
1431,USC00111550,"CHICAGO NORTHERLY ISLAND, IL US",4.4,-2.8,2018-12-11,3.79,-4.87
1432,USC00111550,"CHICAGO NORTHERLY ISLAND, IL US",5.6,0,2018-12-12,6.16,-1.72
1433,USC00111550,"CHICAGO NORTHERLY ISLAND, IL US",6.1,-2.2,2018-12-13,6.33,-3.98
1434,USC00111550,"CHICAGO NORTHERLY ISLAND, IL US",3.9,1.1,2018-12-14,5.03,-1.01
1435,USC00111550,"CHICAGO NORTHERLY ISLAND, IL US",6.1,0.6,2018-12-15,7.66,-1.25
1436,USC00111550,"CHICAGO NORTHERLY ISLAND, IL US",9.4,-0.6,2018-12-16,9.93,-2.2
1437,USC00111550,"CHICAGO NORTHERLY ISLAND, IL US",3.9,-0.6,2018-12-17,6.41,-2.36
1438,USC00111550,"CHICAGO NORTHERLY ISLAND, IL US",5.6,-2.2,2018-12-18,6.75,-4.23
1439,USC00111550,"CHICAGO NORTHERLY ISLAND, IL US",10,1.7,2018-12-19,10.05,0.09
1440,USC00111550,"CHICAGO NORTHERLY ISLAND, IL US",8.3,3.3,2018-12-20,8.97,3.36
1441,USC00111550,"CHICAGO NORTHERLY ISLAND, IL US",3.9,-1.1,2018-12-21,3.97,-0.41
1442,USC00111550,"CHICAGO NORTHERLY ISLAND, IL US",1.7,-1.7,2018-12-22,1.72,-1.43
1443,USC00111550,"CHICAGO NORTHERLY ISLAND, IL US",3.3,-1.1,2018-12-23,3.8,-1.32
1444,USC00111550,"CHICAGO NORTHERLY ISLAND, IL US",2.2,-3.3,2018-12-24,1.41,-4.24
1445,USC00111550,"CHICAGO NORTHERLY ISLAND, IL US",7.8,-0.6,2018-12-25,7.84,-2.27
1446,USC00111550,"CHICAGO NORTHERLY ISLAND, IL US",5,0,2018-12-26,8.16,-2.72
1447,USC00111550,"CHICAGO NORTHERLY ISLAND, IL US",11.7,2.8,2018-12-27,12.05,1.92
1448,USC00111550,"CHICAGO NORTHERLY ISLAND, IL US",11.7,-1.1,2018-12-28,10.49,-0.14
1449,USC00111550,"CHICAGO NORTHERLY ISLAND, IL US",-0.6,-4.4,2018-12-29,-0.24,-3.95
1450,USC00111550,"CHICAGO NORTHERLY ISLAND, IL US",2.8,-6.1,2018-12-30,2.72,-6.67
1451,USC00111550,"CHICAGO NORTHERLY ISLAND, IL US",3.9,1.1,2018-12-31,4.43,-1.46
1452,USW00094846,"CHICAGO OHARE INTERNATIONAL AIRPORT, IL US",-17.1,-22.7,2018-01-01,-15.35,-22.77
1453,USW00094846,"CHICAGO OHARE INTERNATIONAL AIRPORT, IL US",-13.2,-22.7,2018-01-02,-12.36,-23.51
1454,USW00094846,"CHICAGO OHARE INTERNATIONAL AIRPORT, IL US",-8.2,-14.3,2018-01-03,-8.28,-18.58
1455,USW00094846,"CHICAGO OHARE INTERNATIONAL AIRPORT, IL US",-11,-17.7,2018-01-04,-10.81,-18.56
1456,USW00094846,"CHICAGO OHARE INTERNATIONAL AIRPORT, IL US",-11.6,-18.2,2018-01-05,-11.62,-19.73
1457,USW00094846,"CHICAGO OHARE INTERNATIONAL AIRPORT, IL US",-8.2,-18.8,2018-01-06,-8.77,-20.18
1458,USW00094846,"CHICAGO OHARE INTERNATIONAL AIRPORT, IL US",0.6,-13.2,2018-01-07,-0.48,-16.68
1459,USW00094846,"CHICAGO OHARE INTERNATIONAL AIRPORT, IL US",2.8,-0.5,2018-01-08,2.8,-4.72
1460,USW00094846,"CHICAGO OHARE INTERNATIONAL AIRPORT, IL US",2.2,-3.2,2018-01-09,2.35,-3.77
1461,USW00094846,"CHICAGO OHARE INTERNATIONAL AIRPORT, IL US",13.3,-1,2018-01-10,12.24,-2.41
1462,USW00094846,"CHICAGO OHARE INTERNATIONAL AIRPORT, IL US",15,-4.9,2018-01-11,14.6,-1.85
1463,USW00094846,"CHICAGO OHARE INTERNATIONAL AIRPORT, IL US",-4.9,-9.9,2018-01-12,-3.47,-8.61
1464,USW00094846,"CHICAGO OHARE INTERNATIONAL AIRPORT, IL US",-8.8,-14.3,2018-01-13,-8.43,-15.19
1465,USW00094846,"CHICAGO OHARE INTERNATIONAL AIRPORT, IL US",-6,-14.9,2018-01-14,-6.73,-16.26
1466,USW00094846,"CHICAGO OHARE INTERNATIONAL AIRPORT, IL US",-4.3,-12.1,2018-01-15,-4.66,-14.45
1467,USW00094846,"CHICAGO OHARE INTERNATIONAL AIRPORT, IL US",-3.2,-12.7,2018-01-16,-4.07,-13.81
1468,USW00094846,"CHICAGO OHARE INTERNATIONAL AIRPORT, IL US",-6.6,-15.5,2018-01-17,-6.13,-16.1
1469,USW00094846,"CHICAGO OHARE INTERNATIONAL AIRPORT, IL US",0,-8.8,2018-01-18,-0.23,-12.41
1470,USW00094846,"CHICAGO OHARE INTERNATIONAL AIRPORT, IL US",4.4,-2.1,2018-01-19,4.17,-5.49
1471,USW00094846,"CHICAGO OHARE INTERNATIONAL AIRPORT, IL US",7.2,0,2018-01-20,7.38,-1.34
1472,USW00094846,"CHICAGO OHARE INTERNATIONAL AIRPORT, IL US",6.7,2.2,2018-01-21,7.5,1.05
1473,USW00094846,"CHICAGO OHARE INTERNATIONAL AIRPORT, IL US",12.2,3.3,2018-01-22,11.89,2.49
1474,USW00094846,"CHICAGO OHARE INTERNATIONAL AIRPORT, IL US",3.9,-2.1,2018-01-23,2.32,-1.7
1475,USW00094846,"CHICAGO OHARE INTERNATIONAL AIRPORT, IL US",-1,-2.7,2018-01-24,-1.3,-3.2
1476,USW00094846,"CHICAGO OHARE INTERNATIONAL AIRPORT, IL US",6.1,-4.3,2018-01-25,5.87,-4.81
1477,USW00094846,"CHICAGO OHARE INTERNATIONAL AIRPORT, IL US",10.6,0.6,2018-01-26,10.38,-1.11
1478,USW00094846,"CHICAGO OHARE INTERNATIONAL AIRPORT, IL US",10,2.2,2018-01-27,9.67,2.47
1479,USW00094846,"CHICAGO OHARE INTERNATIONAL AIRPORT, IL US",4.4,-2.1,2018-01-28,4.99,-3.07
1480,USW00094846,"CHICAGO OHARE INTERNATIONAL AIRPORT, IL US",-1,-8.2,2018-01-29,-1.17,-6.89
1481,USW00094846,"CHICAGO OHARE INTERNATIONAL AIRPORT, IL US",-0.5,-9.3,2018-01-30,-0.21,-10.71
1482,USW00094846,"CHICAGO OHARE INTERNATIONAL AIRPORT, IL US",5.6,-0.5,2018-01-31,5.05,-5.53
1483,USW00094846,"CHICAGO OHARE INTERNATIONAL AIRPORT, IL US",1.7,-13.2,2018-02-01,-0.2,-9.42
1484,USW00094846,"CHICAGO OHARE INTERNATIONAL AIRPORT, IL US",-5.5,-14.9,2018-02-02,-5.06,-15.75
1485,USW00094846,"CHICAGO OHARE INTERNATIONAL AIRPORT, IL US",5,-5.5,2018-02-03,3.29,-10.64
1486,USW00094846,"CHICAGO OHARE INTERNATIONAL AIRPORT, IL US",1.7,-15.5,2018-02-04,-0.99,-11.08
1487,USW00094846,"CHICAGO OHARE INTERNATIONAL AIRPORT, IL US",-11,-19.3,2018-02-05,-10.25,-20.04
1488,USW00094846,"CHICAGO OHARE INTERNATIONAL AIRPORT, IL US",-6,-16,2018-02-06,-6.27,-17.45
1489,USW00094846,"CHICAGO OHARE INTERNATIONAL AIRPORT, IL US",-6.6,-13.2,2018-02-07,-6.25,-14.69
1490,USW00094846,"CHICAGO OHARE INTERNATIONAL AIRPORT, IL US",-6,-13.8,2018-02-08,-5.03,-15.5
1491,USW00094846,"CHICAGO OHARE INTERNATIONAL AIRPORT, IL US",-2.1,-7.7,2018-02-09,-2.63,-9.85
1492,USW00094846,"CHICAGO OHARE INTERNATIONAL AIRPORT, IL US",-5.5,-9.9,2018-02-10,-4.82,-9.91
1493,USW00094846,"CHICAGO OHARE INTERNATIONAL AIRPORT, IL US",-5.5,-11.6,2018-02-11,-4.87,-10.98
1494,USW00094846,"CHICAGO OHARE INTERNATIONAL AIRPORT, IL US",-2.7,-15.5,2018-02-12,-3.4,-16.24
1495,USW00094846,"CHICAGO OHARE INTERNATIONAL AIRPORT, IL US",1.7,-13.8,2018-02-13,1.68,-13.38
1496,USW00094846,"CHICAGO OHARE INTERNATIONAL AIRPORT, IL US",6.7,-4.3,2018-02-14,7.05,-7.55
1497,USW00094846,"CHICAGO OHARE INTERNATIONAL AIRPORT, IL US",8.9,3.3,2018-02-15,8.69,-0.77
1498,USW00094846,"CHICAGO OHARE INTERNATIONAL AIRPORT, IL US",2.8,-6.6,2018-02-16,3.07,-4.37
1499,USW00094846,"CHICAGO OHARE INTERNATIONAL AIRPORT, IL US",1.7,-8.2,2018-02-17,1.97,-9.88
1500,USW00094846,"CHICAGO OHARE INTERNATIONAL AIRPORT, IL US",5,-11,2018-02-18,4.69,-9.21
1501,USW00094846,"CHICAGO OHARE INTERNATIONAL AIRPORT, IL US",15.6,2.8,2018-02-19,14.15,-2.29
1502,USW00094846,"CHICAGO OHARE INTERNATIONAL AIRPORT, IL US",18.9,1.1,2018-02-20,17.75,1.56
1503,USW00094846,"CHICAGO OHARE INTERNATIONAL AIRPORT, IL US",1.1,-2.7,2018-02-21,1.73,-3.08
1504,USW00094846,"CHICAGO OHARE INTERNATIONAL AIRPORT, IL US",4.4,-1.6,2018-02-22,4.34,-2.41
1505,USW00094846,"CHICAGO OHARE INTERNATIONAL AIRPORT, IL US",6.7,0.6,2018-02-23,6.28,0.34
1506,USW00094846,"CHICAGO OHARE INTERNATIONAL AIRPORT, IL US",10,0.6,2018-02-24,9.03,-0.2
1507,USW00094846,"CHICAGO OHARE INTERNATIONAL AIRPORT, IL US",10,1.1,2018-02-25,8.46,0.25
1508,USW00094846,"CHICAGO OHARE INTERNATIONAL AIRPORT, IL US",11.7,-2.1,2018-02-26,11.78,-2.46
1509,USW00094846,"CHICAGO OHARE INTERNATIONAL AIRPORT, IL US",16.7,3.9,2018-02-27,16.41,1.74
1510,USW00094846,"CHICAGO OHARE INTERNATIONAL AIRPORT, IL US",15,2.8,2018-02-28,15.84,3.38
1511,USW00094846,"CHICAGO OHARE INTERNATIONAL AIRPORT, IL US",7.8,1.1,2018-03-01,7.43,1.19
1512,USW00094846,"CHICAGO OHARE INTERNATIONAL AIRPORT, IL US",8.9,-1,2018-03-02,7.74,-2.14
1513,USW00094846,"CHICAGO OHARE INTERNATIONAL AIRPORT, IL US",6.1,0.6,2018-03-03,6.36,-1.6
1514,USW00094846,"CHICAGO OHARE INTERNATIONAL AIRPORT, IL US",7.8,0,2018-03-04,7.6,-0.96
1515,USW00094846,"CHICAGO OHARE INTERNATIONAL AIRPORT, IL US",4.4,0.6,2018-03-05,4.27,0.03
1516,USW00094846,"CHICAGO OHARE INTERNATIONAL AIRPORT, IL US",5,-0.5,2018-03-06,4.71,-0.5
1517,USW00094846,"CHICAGO OHARE INTERNATIONAL AIRPORT, IL US",1.1,-3.8,2018-03-07,1.47,-3.93
1518,USW00094846,"CHICAGO OHARE INTERNATIONAL AIRPORT, IL US",1.1,-4.3,2018-03-08,1.51,-5.43
1519,USW00094846,"CHICAGO OHARE INTERNATIONAL AIRPORT, IL US",5,-4.9,2018-03-09,3.7,-6.36
1520,USW00094846,"CHICAGO OHARE INTERNATIONAL AIRPORT, IL US",5,-4.9,2018-03-10,5.03,-5.82
1521,USW00094846,"CHICAGO OHARE INTERNATIONAL AIRPORT, IL US",4.4,-2.1,2018-03-11,4.67,-3.76
1522,USW00094846,"CHICAGO OHARE INTERNATIONAL AIRPORT, IL US",7.8,-1,2018-03-12,7.22,-2.45
1523,USW00094846,"CHICAGO OHARE INTERNATIONAL AIRPORT, IL US",1.7,-7.1,2018-03-13,2.07,-4.85
1524,USW00094846,"CHICAGO OHARE INTERNATIONAL AIRPORT, IL US",8.9,-5.5,2018-03-14,8.13,-6.74
1525,USW00094846,"CHICAGO OHARE INTERNATIONAL AIRPORT, IL US",10,-2.1,2018-03-15,8.81,-3.71
1526,USW00094846,"CHICAGO OHARE INTERNATIONAL AIRPORT, IL US",3.3,-1.6,2018-03-16,3.83,-3.1
1527,USW00094846,"CHICAGO OHARE INTERNATIONAL AIRPORT, IL US",7.8,-1,2018-03-17,7.05,-2.32
1528,USW00094846,"CHICAGO OHARE INTERNATIONAL AIRPORT, IL US",13.9,-2.7,2018-03-18,13.09,-3.52
1529,USW00094846,"CHICAGO OHARE INTERNATIONAL AIRPORT, IL US",7.8,0.6,2018-03-19,8.21,-1.39
1530,USW00094846,"CHICAGO OHARE INTERNATIONAL AIRPORT, IL US",2.8,-1.6,2018-03-20,3.17,-2.14
1531,USW00094846,"CHICAGO OHARE INTERNATIONAL AIRPORT, IL US",4.4,-3.8,2018-03-21,4.45,-2.83
1532,USW00094846,"CHICAGO OHARE INTERNATIONAL AIRPORT, IL US",10,-5.5,2018-03-22,8.45,-5.12
1533,USW00094846,"CHICAGO OHARE INTERNATIONAL AIRPORT, IL US",6.1,-3.8,2018-03-23,6.2,-4
1534,USW00094846,"CHICAGO OHARE INTERNATIONAL AIRPORT, IL US",4.4,0,2018-03-24,4.6,-1.1
1535,USW00094846,"CHICAGO OHARE INTERNATIONAL AIRPORT, IL US",5,-2.7,2018-03-25,4.45,-3.06
1536,USW00094846,"CHICAGO OHARE INTERNATIONAL AIRPORT, IL US",11.7,-0.5,2018-03-26,10.57,-1.68
1537,USW00094846,"CHICAGO OHARE INTERNATIONAL AIRPORT, IL US",10.6,3.9,2018-03-27,10.4,1.8
1538,USW00094846,"CHICAGO OHARE INTERNATIONAL AIRPORT, IL US",12.2,3.9,2018-03-28,10.91,2.43
1539,USW00094846,"CHICAGO OHARE INTERNATIONAL AIRPORT, IL US",10,1.7,2018-03-29,9.97,2.11
1540,USW00094846,"CHICAGO OHARE INTERNATIONAL AIRPORT, IL US",9.4,0.6,2018-03-30,8.81,0.24
1541,USW00094846,"CHICAGO OHARE INTERNATIONAL AIRPORT, IL US",14.4,0,2018-03-31,13.95,-0.18
1542,USW00094846,"CHICAGO OHARE INTERNATIONAL AIRPORT, IL US",1.7,-4.3,2018-04-01,2.67,-4.21
1543,USW00094846,"CHICAGO OHARE INTERNATIONAL AIRPORT, IL US",6.7,-6,2018-04-02,5.75,-5.87
1544,USW00094846,"CHICAGO OHARE INTERNATIONAL AIRPORT, IL US",4.4,1.1,2018-04-03,4.46,-1.82
1545,USW00094846,"CHICAGO OHARE INTERNATIONAL AIRPORT, IL US",1.7,-3.2,2018-04-04,2.18,-3.58
1546,USW00094846,"CHICAGO OHARE INTERNATIONAL AIRPORT, IL US",5.6,-4.9,2018-04-05,5.47,-5.48
1547,USW00094846,"CHICAGO OHARE INTERNATIONAL AIRPORT, IL US",3.3,-3.8,2018-04-06,3.78,-3.9
1548,USW00094846,"CHICAGO OHARE INTERNATIONAL AIRPORT, IL US",3.9,-6.6,2018-04-07,3.27,-7.21
1549,USW00094846,"CHICAGO OHARE INTERNATIONAL AIRPORT, IL US",3.9,-6,2018-04-08,4.05,-6.56
1550,USW00094846,"CHICAGO OHARE INTERNATIONAL AIRPORT, IL US",3.9,-1,2018-04-09,3.52,-3.06
1551,USW00094846,"CHICAGO OHARE INTERNATIONAL AIRPORT, IL US",7.8,-2.1,2018-04-10,7.64,-2.8
1552,USW00094846,"CHICAGO OHARE INTERNATIONAL AIRPORT, IL US",18.9,3.9,2018-04-11,17.89,1.16
1553,USW00094846,"CHICAGO OHARE INTERNATIONAL AIRPORT, IL US",22.8,5.6,2018-04-12,22.62,4.64
1554,USW00094846,"CHICAGO OHARE INTERNATIONAL AIRPORT, IL US",8.3,3.9,2018-04-13,10.35,3.76
1555,USW00094846,"CHICAGO OHARE INTERNATIONAL AIRPORT, IL US",3.9,2.2,2018-04-14,4.78,2.31
1556,USW00094846,"CHICAGO OHARE INTERNATIONAL AIRPORT, IL US",2.8,-2.1,2018-04-15,2.79,-1.05
1557,USW00094846,"CHICAGO OHARE INTERNATIONAL AIRPORT, IL US",1.7,-2.7,2018-04-16,1.6,-2.71
1558,USW00094846,"CHICAGO OHARE INTERNATIONAL AIRPORT, IL US",6.1,-1.6,2018-04-17,5.72,-2.08
1559,USW00094846,"CHICAGO OHARE INTERNATIONAL AIRPORT, IL US",2.8,-1,2018-04-18,3.18,-2.32
1560,USW00094846,"CHICAGO OHARE INTERNATIONAL AIRPORT, IL US",12.8,-0.5,2018-04-19,10.66,-0.26
1561,USW00094846,"CHICAGO OHARE INTERNATIONAL AIRPORT, IL US",16.1,-0.5,2018-04-20,14.65,-0.78
1562,USW00094846,"CHICAGO OHARE INTERNATIONAL AIRPORT, IL US",12.8,3.9,2018-04-21,12.51,1.88
1563,USW00094846,"CHICAGO OHARE INTERNATIONAL AIRPORT, IL US",16.7,5.6,2018-04-22,15.34,4.39
1564,USW00094846,"CHICAGO OHARE INTERNATIONAL AIRPORT, IL US",17.2,6.1,2018-04-23,17,4.55
1565,USW00094846,"CHICAGO OHARE INTERNATIONAL AIRPORT, IL US",18.3,8.9,2018-04-24,17.82,7.06
1566,USW00094846,"CHICAGO OHARE INTERNATIONAL AIRPORT, IL US",11.7,3.3,2018-04-25,12.71,3.83
1567,USW00094846,"CHICAGO OHARE INTERNATIONAL AIRPORT, IL US",18.9,2.2,2018-04-26,17.95,0.76
1568,USW00094846,"CHICAGO OHARE INTERNATIONAL AIRPORT, IL US",14.4,3.9,2018-04-27,14.09,3.99
1569,USW00094846,"CHICAGO OHARE INTERNATIONAL AIRPORT, IL US",10,0.6,2018-04-28,10.9,1.62
1570,USW00094846,"CHICAGO OHARE INTERNATIONAL AIRPORT, IL US",15,-0.5,2018-04-29,13.74,-1.4
1571,USW00094846,"CHICAGO OHARE INTERNATIONAL AIRPORT, IL US",26.7,4.4,2018-04-30,25.8,2.47
1572,USW00094846,"CHICAGO OHARE INTERNATIONAL AIRPORT, IL US",30,15.6,2018-05-01,29.6,12.26
1573,USW00094846,"CHICAGO OHARE INTERNATIONAL AIRPORT, IL US",30,17.2,2018-05-02,30.31,16.77
1574,USW00094846,"CHICAGO OHARE INTERNATIONAL AIRPORT, IL US",21.1,12.2,2018-05-03,22.15,13.21
1575,USW00094846,"CHICAGO OHARE INTERNATIONAL AIRPORT, IL US",23.3,16.1,2018-05-04,23.76,14.07
1576,USW00094846,"CHICAGO OHARE INTERNATIONAL AIRPORT, IL US",27.8,13.9,2018-05-05,27.59,11.55
1577,USW00094846,"CHICAGO OHARE INTERNATIONAL AIRPORT, IL US",20,10,2018-05-06,20.9,9.88
1578,USW00094846,"CHICAGO OHARE INTERNATIONAL AIRPORT, IL US",23.9,7.8,2018-05-07,23.49,7.89
1579,USW00094846,"CHICAGO OHARE INTERNATIONAL AIRPORT, IL US",27.2,13.9,2018-05-08,27.48,11.92
1580,USW00094846,"CHICAGO OHARE INTERNATIONAL AIRPORT, IL US",27.2,13.9,2018-05-09,27.51,13.63
1581,USW00094846,"CHICAGO OHARE INTERNATIONAL AIRPORT, IL US",22.8,10,2018-05-10,22.85,11.19
1582,USW00094846,"CHICAGO OHARE INTERNATIONAL AIRPORT, IL US",11.1,7.2,2018-05-11,12.47,7.38
1583,USW00094846,"CHICAGO OHARE INTERNATIONAL AIRPORT, IL US",10,6.7,2018-05-12,10.68,6.47
1584,USW00094846,"CHICAGO OHARE INTERNATIONAL AIRPORT, IL US",19.4,7.2,2018-05-13,17.57,7.21
1585,USW00094846,"CHICAGO OHARE INTERNATIONAL AIRPORT, IL US",28.3,11.7,2018-05-14,27.84,10.04
1586,USW00094846,"CHICAGO OHARE INTERNATIONAL AIRPORT, IL US",21.7,10.6,2018-05-15,22.07,11.63
1587,USW00094846,"CHICAGO OHARE INTERNATIONAL AIRPORT, IL US",26.1,8.3,2018-05-16,25.16,7.94
1588,USW00094846,"CHICAGO OHARE INTERNATIONAL AIRPORT, IL US",20.6,11.1,2018-05-17,21.61,10.67
1589,USW00094846,"CHICAGO OHARE INTERNATIONAL AIRPORT, IL US",18.3,11.1,2018-05-18,19.63,10.57
1590,USW00094846,"CHICAGO OHARE INTERNATIONAL AIRPORT, IL US",20.6,12.2,2018-05-19,19.51,11.96
1591,USW00094846,"CHICAGO OHARE INTERNATIONAL AIRPORT, IL US",12.8,6.7,2018-05-20,13.9,6.94
1592,USW00094846,"CHICAGO OHARE INTERNATIONAL AIRPORT, IL US",17.8,9.4,2018-05-21,16.42,8.03
1593,USW00094846,"CHICAGO OHARE INTERNATIONAL AIRPORT, IL US",19.4,12.2,2018-05-22,18.84,10.78
1594,USW00094846,"CHICAGO OHARE INTERNATIONAL AIRPORT, IL US",26.7,11.1,2018-05-23,25.08,10.07
1595,USW00094846,"CHICAGO OHARE INTERNATIONAL AIRPORT, IL US",30.6,14.4,2018-05-24,28.6,12.65
1596,USW00094846,"CHICAGO OHARE INTERNATIONAL AIRPORT, IL US",31.7,19.4,2018-05-25,31.69,16.99
1597,USW00094846,"CHICAGO OHARE INTERNATIONAL AIRPORT, IL US",32.2,21.1,2018-05-26,32.31,19.65
1598,USW00094846,"CHICAGO OHARE INTERNATIONAL AIRPORT, IL US",36.1,21.1,2018-05-27,35.25,19.13
1599,USW00094846,"CHICAGO OHARE INTERNATIONAL AIRPORT, IL US",35,21.1,2018-05-28,34.84,20.16
1600,USW00094846,"CHICAGO OHARE INTERNATIONAL AIRPORT, IL US",30.6,18.9,2018-05-29,29.72,18.59
1601,USW00094846,"CHICAGO OHARE INTERNATIONAL AIRPORT, IL US",30,19.4,2018-05-30,29.35,19.18
1602,USW00094846,"CHICAGO OHARE INTERNATIONAL AIRPORT, IL US",31.7,20.6,2018-05-31,31.5,19.77
1603,USW00094846,"CHICAGO OHARE INTERNATIONAL AIRPORT, IL US",24.4,11.7,2018-06-01,24.45,14.14
1604,USW00094846,"CHICAGO OHARE INTERNATIONAL AIRPORT, IL US",21.1,11.1,2018-06-02,21.17,10.57
1605,USW00094846,"CHICAGO OHARE INTERNATIONAL AIRPORT, IL US",25.6,15.6,2018-06-03,25.45,13.99
1606,USW00094846,"CHICAGO OHARE INTERNATIONAL AIRPORT, IL US",26.7,12.8,2018-06-04,26.56,11.77
1607,USW00094846,"CHICAGO OHARE INTERNATIONAL AIRPORT, IL US",22.2,12.2,2018-06-05,22.54,12.61
1608,USW00094846,"CHICAGO OHARE INTERNATIONAL AIRPORT, IL US",26.1,8.9,2018-06-06,24.52,8.88
1609,USW00094846,"CHICAGO OHARE INTERNATIONAL AIRPORT, IL US",27.2,15.6,2018-06-07,26.46,14.22
1610,USW00094846,"CHICAGO OHARE INTERNATIONAL AIRPORT, IL US",22.8,15,2018-06-08,22.79,14.58
1611,USW00094846,"CHICAGO OHARE INTERNATIONAL AIRPORT, IL US",27.8,13.9,2018-06-09,25.56,13.97
1612,USW00094846,"CHICAGO OHARE INTERNATIONAL AIRPORT, IL US",21.7,15.6,2018-06-10,20.88,15.28
1613,USW00094846,"CHICAGO OHARE INTERNATIONAL AIRPORT, IL US",21.1,16.1,2018-06-11,20.15,15.39
1614,USW00094846,"CHICAGO OHARE INTERNATIONAL AIRPORT, IL US",26.7,16.7,2018-06-12,25.5,16.06
1615,USW00094846,"CHICAGO OHARE INTERNATIONAL AIRPORT, IL US",27.2,17.8,2018-06-13,27.27,17.35
1616,USW00094846,"CHICAGO OHARE INTERNATIONAL AIRPORT, IL US",27.2,17.8,2018-06-14,26.7,15.22
1617,USW00094846,"CHICAGO OHARE INTERNATIONAL AIRPORT, IL US",31.7,17.8,2018-06-15,30.69,16.39
1618,USW00094846,"CHICAGO OHARE INTERNATIONAL AIRPORT, IL US",33.3,20.6,2018-06-16,32.7,19.82
1619,USW00094846,"CHICAGO OHARE INTERNATIONAL AIRPORT, IL US",33.9,25.6,2018-06-17,34.35,23.34
1620,USW00094846,"CHICAGO OHARE INTERNATIONAL AIRPORT, IL US",35,18.9,2018-06-18,34.49,21.56
1621,USW00094846,"CHICAGO OHARE INTERNATIONAL AIRPORT, IL US",27.2,17.2,2018-06-19,27.03,17.28
1622,USW00094846,"CHICAGO OHARE INTERNATIONAL AIRPORT, IL US",25,18.3,2018-06-20,24.95,17.53
1623,USW00094846,"CHICAGO OHARE INTERNATIONAL AIRPORT, IL US",19.4,16.7,2018-06-21,20.14,16.54
1624,USW00094846,"CHICAGO OHARE INTERNATIONAL AIRPORT, IL US",17.8,15,2018-06-22,18.13,14.97
1625,USW00094846,"CHICAGO OHARE INTERNATIONAL AIRPORT, IL US",27.2,16.7,2018-06-23,25.49,15.43
1626,USW00094846,"CHICAGO OHARE INTERNATIONAL AIRPORT, IL US",26.7,17.8,2018-06-24,26.82,16.32
1627,USW00094846,"CHICAGO OHARE INTERNATIONAL AIRPORT, IL US",25.6,16.1,2018-06-25,25.15,15.5
1628,USW00094846,"CHICAGO OHARE INTERNATIONAL AIRPORT, IL US",28.9,18.9,2018-06-26,27.88,17.88
1629,USW00094846,"CHICAGO OHARE INTERNATIONAL AIRPORT, IL US",26.7,20.6,2018-06-27,26.44,18.59
1630,USW00094846,"CHICAGO OHARE INTERNATIONAL AIRPORT, IL US",31.1,20,2018-06-28,29.61,17.78
1631,USW00094846,"CHICAGO OHARE INTERNATIONAL AIRPORT, IL US",35.6,22.8,2018-06-29,34.41,20.5
1632,USW00094846,"CHICAGO OHARE INTERNATIONAL AIRPORT, IL US",34.4,26.7,2018-06-30,34.55,24.88
1633,USW00094846,"CHICAGO OHARE INTERNATIONAL AIRPORT, IL US",34.4,24.4,2018-07-01,33.88,23.76
1634,USW00094846,"CHICAGO OHARE INTERNATIONAL AIRPORT, IL US",29.4,20.6,2018-07-02,28.89,18.96
1635,USW00094846,"CHICAGO OHARE INTERNATIONAL AIRPORT, IL US",31.7,17.2,2018-07-03,31.28,16.09
1636,USW00094846,"CHICAGO OHARE INTERNATIONAL AIRPORT, IL US",33.9,24.4,2018-07-04,33.21,21.53
1637,USW00094846,"CHICAGO OHARE INTERNATIONAL AIRPORT, IL US",33.3,23.3,2018-07-05,33.31,21.93
1638,USW00094846,"CHICAGO OHARE INTERNATIONAL AIRPORT, IL US",23.9,17.8,2018-07-06,25.32,17.59
1639,USW00094846,"CHICAGO OHARE INTERNATIONAL AIRPORT, IL US",27.8,15,2018-07-07,26.8,13.95
1640,USW00094846,"CHICAGO OHARE INTERNATIONAL AIRPORT, IL US",31.1,17.2,2018-07-08,29.87,15.37
1641,USW00094846,"CHICAGO OHARE INTERNATIONAL AIRPORT, IL US",32.8,19.4,2018-07-09,32.44,17.72
1642,USW00094846,"CHICAGO OHARE INTERNATIONAL AIRPORT, IL US",30.6,21.7,2018-07-10,30.12,20.68
1643,USW00094846,"CHICAGO OHARE INTERNATIONAL AIRPORT, IL US",30.6,19.4,2018-07-11,29.77,18.26
1644,USW00094846,"CHICAGO OHARE INTERNATIONAL AIRPORT, IL US",30.6,21.1,2018-07-12,30.45,19.11
1645,USW00094846,"CHICAGO OHARE INTERNATIONAL AIRPORT, IL US",35,22.2,2018-07-13,33.44,20.76
1646,USW00094846,"CHICAGO OHARE INTERNATIONAL AIRPORT, IL US",27.8,22.2,2018-07-14,28.23,21.66
1647,USW00094846,"CHICAGO OHARE INTERNATIONAL AIRPORT, IL US",32.8,22.2,2018-07-15,31.42,20.96
1648,USW00094846,"CHICAGO OHARE INTERNATIONAL AIRPORT, IL US",33.9,22.2,2018-07-16,32.48,21.75
1649,USW00094846,"CHICAGO OHARE INTERNATIONAL AIRPORT, IL US",27.2,20,2018-07-17,28,18.39
1650,USW00094846,"CHICAGO OHARE INTERNATIONAL AIRPORT, IL US",26.7,17.2,2018-07-18,26.55,15.9
1651,USW00094846,"CHICAGO OHARE INTERNATIONAL AIRPORT, IL US",30.6,19.4,2018-07-19,30.08,16.12
1652,USW00094846,"CHICAGO OHARE INTERNATIONAL AIRPORT, IL US",25.6,21.1,2018-07-20,25.83,19.1
1653,USW00094846,"CHICAGO OHARE INTERNATIONAL AIRPORT, IL US",26.1,20.6,2018-07-21,25.63,19.85
1654,USW00094846,"CHICAGO OHARE INTERNATIONAL AIRPORT, IL US",24.4,19.4,2018-07-22,24.6,19.57
1655,USW00094846,"CHICAGO OHARE INTERNATIONAL AIRPORT, IL US",27.8,18.3,2018-07-23,26.81,18.14
1656,USW00094846,"CHICAGO OHARE INTERNATIONAL AIRPORT, IL US",31.1,18.9,2018-07-24,29.18,17.88
1657,USW00094846,"CHICAGO OHARE INTERNATIONAL AIRPORT, IL US",32.2,19.4,2018-07-25,30.79,18.33
1658,USW00094846,"CHICAGO OHARE INTERNATIONAL AIRPORT, IL US",27.2,18.9,2018-07-26,27.17,18.88
1659,USW00094846,"CHICAGO OHARE INTERNATIONAL AIRPORT, IL US",26.1,16.7,2018-07-27,25.69,15.76
1660,USW00094846,"CHICAGO OHARE INTERNATIONAL AIRPORT, IL US",27.8,16.1,2018-07-28,26.75,14.65
1661,USW00094846,"CHICAGO OHARE INTERNATIONAL AIRPORT, IL US",28.3,16.7,2018-07-29,27.26,15.1
1662,USW00094846,"CHICAGO OHARE INTERNATIONAL AIRPORT, IL US",27.8,16.7,2018-07-30,27.24,15.61
1663,USW00094846,"CHICAGO OHARE INTERNATIONAL AIRPORT, IL US",26.7,18.9,2018-07-31,26.45,17.47
1664,USW00094846,"CHICAGO OHARE INTERNATIONAL AIRPORT, IL US",29.4,17.2,2018-08-01,29.46,16.05
1665,USW00094846,"CHICAGO OHARE INTERNATIONAL AIRPORT, IL US",29.4,21.1,2018-08-02,29.37,19.07
1666,USW00094846,"CHICAGO OHARE INTERNATIONAL AIRPORT, IL US",31.7,19.4,2018-08-03,29.38,16.9
1667,USW00094846,"CHICAGO OHARE INTERNATIONAL AIRPORT, IL US",36.1,21.7,2018-08-04,35.14,19.48
1668,USW00094846,"CHICAGO OHARE INTERNATIONAL AIRPORT, IL US",34.4,23.9,2018-08-05,34.19,22.71
1669,USW00094846,"CHICAGO OHARE INTERNATIONAL AIRPORT, IL US",27.2,20.6,2018-08-06,28.19,20.73
1670,USW00094846,"CHICAGO OHARE INTERNATIONAL AIRPORT, IL US",28.3,20.6,2018-08-07,28.19,19.78
1671,USW00094846,"CHICAGO OHARE INTERNATIONAL AIRPORT, IL US",29.4,20.6,2018-08-08,28.35,19.56
1672,USW00094846,"CHICAGO OHARE INTERNATIONAL AIRPORT, IL US",31.7,20.6,2018-08-09,31.83,19.18
1673,USW00094846,"CHICAGO OHARE INTERNATIONAL AIRPORT, IL US",28.3,21.1,2018-08-10,28.74,20.25
1674,USW00094846,"CHICAGO OHARE INTERNATIONAL AIRPORT, IL US",31.1,20,2018-08-11,30.82,18.4
1675,USW00094846,"CHICAGO OHARE INTERNATIONAL AIRPORT, IL US",30.6,21.1,2018-08-12,30.5,19.27
1676,USW00094846,"CHICAGO OHARE INTERNATIONAL AIRPORT, IL US",31.7,18.9,2018-08-13,31.13,17.78
1677,USW00094846,"CHICAGO OHARE INTERNATIONAL AIRPORT, IL US",30.6,21.7,2018-08-14,31.16,19.3
1678,USW00094846,"CHICAGO OHARE INTERNATIONAL AIRPORT, IL US",29.4,22.8,2018-08-15,30.07,20.79
1679,USW00094846,"CHICAGO OHARE INTERNATIONAL AIRPORT, IL US",30,20.6,2018-08-16,29.46,20.37
1680,USW00094846,"CHICAGO OHARE INTERNATIONAL AIRPORT, IL US",29.4,20,2018-08-17,28.81,19.65
1681,USW00094846,"CHICAGO OHARE INTERNATIONAL AIRPORT, IL US",26.7,21.1,2018-08-18,27.36,20.36
1682,USW00094846,"CHICAGO OHARE INTERNATIONAL AIRPORT, IL US",30,20,2018-08-19,29.11,18.6
1683,USW00094846,"CHICAGO OHARE INTERNATIONAL AIRPORT, IL US",26.1,20.6,2018-08-20,26.18,20.17
1684,USW00094846,"CHICAGO OHARE INTERNATIONAL AIRPORT, IL US",25.6,18.9,2018-08-21,25.42,19.1
1685,USW00094846,"CHICAGO OHARE INTERNATIONAL AIRPORT, IL US",26.1,14.4,2018-08-22,26.16,14.05
1686,USW00094846,"CHICAGO OHARE INTERNATIONAL AIRPORT, IL US",26.7,15.6,2018-08-23,26.82,13.75
1687,USW00094846,"CHICAGO OHARE INTERNATIONAL AIRPORT, IL US",22.2,17.2,2018-08-24,22.83,15.87
1688,USW00094846,"CHICAGO OHARE INTERNATIONAL AIRPORT, IL US",30,18.9,2018-08-25,29.65,17.98
1689,USW00094846,"CHICAGO OHARE INTERNATIONAL AIRPORT, IL US",33.9,22.2,2018-08-26,33.27,20.19
1690,USW00094846,"CHICAGO OHARE INTERNATIONAL AIRPORT, IL US",33.9,25.6,2018-08-27,33.78,24.03
1691,USW00094846,"CHICAGO OHARE INTERNATIONAL AIRPORT, IL US",32.8,19.4,2018-08-28,31.99,20.87
1692,USW00094846,"CHICAGO OHARE INTERNATIONAL AIRPORT, IL US",24.4,18.3,2018-08-29,24.32,18.35
1693,USW00094846,"CHICAGO OHARE INTERNATIONAL AIRPORT, IL US",22.8,16.1,2018-08-30,22.85,14.99
1694,USW00094846,"CHICAGO OHARE INTERNATIONAL AIRPORT, IL US",29.4,15.6,2018-08-31,28.72,14.14
1695,USW00094846,"CHICAGO OHARE INTERNATIONAL AIRPORT, IL US",30,22.2,2018-09-01,29.68,19.02
1696,USW00094846,"CHICAGO OHARE INTERNATIONAL AIRPORT, IL US",32.8,21.1,2018-09-02,31.98,20.92
1697,USW00094846,"CHICAGO OHARE INTERNATIONAL AIRPORT, IL US",31.1,21.1,2018-09-03,29.48,20.92
1698,USW00094846,"CHICAGO OHARE INTERNATIONAL AIRPORT, IL US",33.3,21.7,2018-09-04,33.11,21.05
1699,USW00094846,"CHICAGO OHARE INTERNATIONAL AIRPORT, IL US",32.8,20.6,2018-09-05,32.27,21.04
1700,USW00094846,"CHICAGO OHARE INTERNATIONAL AIRPORT, IL US",20.6,17.8,2018-09-06,21.62,17.95
1701,USW00094846,"CHICAGO OHARE INTERNATIONAL AIRPORT, IL US",20.6,17.2,2018-09-07,20.88,17.3
1702,USW00094846,"CHICAGO OHARE INTERNATIONAL AIRPORT, IL US",20.6,17.2,2018-09-08,20.34,16.69
1703,USW00094846,"CHICAGO OHARE INTERNATIONAL AIRPORT, IL US",20,15.6,2018-09-09,20.51,14.83
1704,USW00094846,"CHICAGO OHARE INTERNATIONAL AIRPORT, IL US",23.3,13.3,2018-09-10,22.99,13.74
1705,USW00094846,"CHICAGO OHARE INTERNATIONAL AIRPORT, IL US",26.1,13.9,2018-09-11,25.63,12.94
1706,USW00094846,"CHICAGO OHARE INTERNATIONAL AIRPORT, IL US",27.8,16.1,2018-09-12,26.92,14.21
1707,USW00094846,"CHICAGO OHARE INTERNATIONAL AIRPORT, IL US",25.6,15.6,2018-09-13,25.64,13.58
1708,USW00094846,"CHICAGO OHARE INTERNATIONAL AIRPORT, IL US",30.6,17.8,2018-09-14,29.49,15.13
1709,USW00094846,"CHICAGO OHARE INTERNATIONAL AIRPORT, IL US",27.8,17.8,2018-09-15,27.91,16.13
1710,USW00094846,"CHICAGO OHARE INTERNATIONAL AIRPORT, IL US",31.7,18.9,2018-09-16,30.22,17.7
1711,USW00094846,"CHICAGO OHARE INTERNATIONAL AIRPORT, IL US",32.8,20.6,2018-09-17,32.34,18.68
1712,USW00094846,"CHICAGO OHARE INTERNATIONAL AIRPORT, IL US",23.9,18.9,2018-09-18,24.68,18.53
1713,USW00094846,"CHICAGO OHARE INTERNATIONAL AIRPORT, IL US",24.4,18.9,2018-09-19,24.87,17.76
1714,USW00094846,"CHICAGO OHARE INTERNATIONAL AIRPORT, IL US",33.9,18.9,2018-09-20,32.77,18.48
1715,USW00094846,"CHICAGO OHARE INTERNATIONAL AIRPORT, IL US",28.3,13.3,2018-09-21,26.9,16.19
1716,USW00094846,"CHICAGO OHARE INTERNATIONAL AIRPORT, IL US",17.8,10.6,2018-09-22,18.86,10.65
1717,USW00094846,"CHICAGO OHARE INTERNATIONAL AIRPORT, IL US",21.7,10,2018-09-23,21.25,8.82
1718,USW00094846,"CHICAGO OHARE INTERNATIONAL AIRPORT, IL US",23.3,13.9,2018-09-24,22.72,11.39
1719,USW00094846,"CHICAGO OHARE INTERNATIONAL AIRPORT, IL US",28.9,16.1,2018-09-25,27.79,14.63
1720,USW00094846,"CHICAGO OHARE INTERNATIONAL AIRPORT, IL US",19.4,10,2018-09-26,20.16,9.57
1721,USW00094846,"CHICAGO OHARE INTERNATIONAL AIRPORT, IL US",21.1,8.9,2018-09-27,20.71,7.83
1722,USW00094846,"CHICAGO OHARE INTERNATIONAL AIRPORT, IL US",15.6,7.8,2018-09-28,16.47,7.71
1723,USW00094846,"CHICAGO OHARE INTERNATIONAL AIRPORT, IL US",16.1,5.6,2018-09-29,15.64,4.14
1724,USW00094846,"CHICAGO OHARE INTERNATIONAL AIRPORT, IL US",16.7,11.7,2018-09-30,17.29,8.32
1725,USW00094846,"CHICAGO OHARE INTERNATIONAL AIRPORT, IL US",22.2,13.9,2018-10-01,21.55,12.48
1726,USW00094846,"CHICAGO OHARE INTERNATIONAL AIRPORT, IL US",19.4,14.4,2018-10-02,19.23,13.8
1727,USW00094846,"CHICAGO OHARE INTERNATIONAL AIRPORT, IL US",31.1,15,2018-10-03,29.33,14.51
1728,USW00094846,"CHICAGO OHARE INTERNATIONAL AIRPORT, IL US",25,11.1,2018-10-04,21.75,11.59
1729,USW00094846,"CHICAGO OHARE INTERNATIONAL AIRPORT, IL US",18.3,12.2,2018-10-05,18.12,10.57
1730,USW00094846,"CHICAGO OHARE INTERNATIONAL AIRPORT, IL US",21.1,13.9,2018-10-06,20.65,13.03
1731,USW00094846,"CHICAGO OHARE INTERNATIONAL AIRPORT, IL US",17.2,13.9,2018-10-07,18.33,13.11
1732,USW00094846,"CHICAGO OHARE INTERNATIONAL AIRPORT, IL US",29.4,17.2,2018-10-08,27.94,15.03
1733,USW00094846,"CHICAGO OHARE INTERNATIONAL AIRPORT, IL US",29.4,21.1,2018-10-09,29.33,19.18
1734,USW00094846,"CHICAGO OHARE INTERNATIONAL AIRPORT, IL US",23.9,10.6,2018-10-10,24.06,14.79
1735,USW00094846,"CHICAGO OHARE INTERNATIONAL AIRPORT, IL US",10.6,4.4,2018-10-11,11.52,4.94
1736,USW00094846,"CHICAGO OHARE INTERNATIONAL AIRPORT, IL US",5.6,2.2,2018-10-12,6.57,1.57
1737,USW00094846,"CHICAGO OHARE INTERNATIONAL AIRPORT, IL US",11.7,0,2018-10-13,11.1,0.13
1738,USW00094846,"CHICAGO OHARE INTERNATIONAL AIRPORT, IL US",12.2,3.3,2018-10-14,13.34,1.92
1739,USW00094846,"CHICAGO OHARE INTERNATIONAL AIRPORT, IL US",8.9,2.8,2018-10-15,9.35,1.83
1740,USW00094846,"CHICAGO OHARE INTERNATIONAL AIRPORT, IL US",15,1.1,2018-10-16,14.39,0.56
1741,USW00094846,"CHICAGO OHARE INTERNATIONAL AIRPORT, IL US",10.6,3.3,2018-10-17,11.01,2.14
1742,USW00094846,"CHICAGO OHARE INTERNATIONAL AIRPORT, IL US",14.4,1.1,2018-10-18,14.5,-0.26
1743,USW00094846,"CHICAGO OHARE INTERNATIONAL AIRPORT, IL US",12.2,7.8,2018-10-19,12.58,3.29
1744,USW00094846,"CHICAGO OHARE INTERNATIONAL AIRPORT, IL US",10.6,-0.5,2018-10-20,11.1,1.87
1745,USW00094846,"CHICAGO OHARE INTERNATIONAL AIRPORT, IL US",10.6,-2.1,2018-10-21,10.45,-2.81
1746,USW00094846,"CHICAGO OHARE INTERNATIONAL AIRPORT, IL US",17.8,3.3,2018-10-22,16.96,-0.05
1747,USW00094846,"CHICAGO OHARE INTERNATIONAL AIRPORT, IL US",12.2,3.3,2018-10-23,12.49,2.52
1748,USW00094846,"CHICAGO OHARE INTERNATIONAL AIRPORT, IL US",11.1,2.8,2018-10-24,11.38,1.1
1749,USW00094846,"CHICAGO OHARE INTERNATIONAL AIRPORT, IL US",11.7,2.8,2018-10-25,11.6,1.41
1750,USW00094846,"CHICAGO OHARE INTERNATIONAL AIRPORT, IL US",11.7,7.8,2018-10-26,11.73,4.62
1751,USW00094846,"CHICAGO OHARE INTERNATIONAL AIRPORT, IL US",12.2,6.1,2018-10-27,12.05,5.19
1752,USW00094846,"CHICAGO OHARE INTERNATIONAL AIRPORT, IL US",10.6,6.7,2018-10-28,10.69,5.29
1753,USW00094846,"CHICAGO OHARE INTERNATIONAL AIRPORT, IL US",13.3,4.4,2018-10-29,12.52,3.59
1754,USW00094846,"CHICAGO OHARE INTERNATIONAL AIRPORT, IL US",17.8,7.2,2018-10-30,17.67,5.7
1755,USW00094846,"CHICAGO OHARE INTERNATIONAL AIRPORT, IL US",16.1,8.3,2018-10-31,15.1,8.06
1756,USW00094846,"CHICAGO OHARE INTERNATIONAL AIRPORT, IL US",11.1,6.1,2018-11-01,11.36,6.85
1757,USW00094846,"CHICAGO OHARE INTERNATIONAL AIRPORT, IL US",10,2.8,2018-11-02,10.42,2.11
1758,USW00094846,"CHICAGO OHARE INTERNATIONAL AIRPORT, IL US",10,1.1,2018-11-03,9.63,0.27
1759,USW00094846,"CHICAGO OHARE INTERNATIONAL AIRPORT, IL US",11.1,7.8,2018-11-04,11.06,3.92
1760,USW00094846,"CHICAGO OHARE INTERNATIONAL AIRPORT, IL US",10.6,6.7,2018-11-05,10.54,6.44
1761,USW00094846,"CHICAGO OHARE INTERNATIONAL AIRPORT, IL US",10,3.3,2018-11-06,9.5,4.56
1762,USW00094846,"CHICAGO OHARE INTERNATIONAL AIRPORT, IL US",3.9,0.6,2018-11-07,4.14,1.07
1763,USW00094846,"CHICAGO OHARE INTERNATIONAL AIRPORT, IL US",5,0.6,2018-11-08,4.61,0.2
1764,USW00094846,"CHICAGO OHARE INTERNATIONAL AIRPORT, IL US",2.8,-6.6,2018-11-09,2.71,-4
1765,USW00094846,"CHICAGO OHARE INTERNATIONAL AIRPORT, IL US",0.6,-6.6,2018-11-10,1.01,-7.09
1766,USW00094846,"CHICAGO OHARE INTERNATIONAL AIRPORT, IL US",5,-2.1,2018-11-11,4.96,-4.42
1767,USW00094846,"CHICAGO OHARE INTERNATIONAL AIRPORT, IL US",1.1,-4.3,2018-11-12,1.92,-4.15
1768,USW00094846,"CHICAGO OHARE INTERNATIONAL AIRPORT, IL US",-1.6,-7.1,2018-11-13,-1.25,-7.56
1769,USW00094846,"CHICAGO OHARE INTERNATIONAL AIRPORT, IL US",2.2,-8.2,2018-11-14,1.62,-8.49
1770,USW00094846,"CHICAGO OHARE INTERNATIONAL AIRPORT, IL US",1.7,-3.2,2018-11-15,1.87,-5.17
1771,USW00094846,"CHICAGO OHARE INTERNATIONAL AIRPORT, IL US",5,-1.6,2018-11-16,4.75,-2.44
1772,USW00094846,"CHICAGO OHARE INTERNATIONAL AIRPORT, IL US",1.7,0,2018-11-17,1.89,-0.2
1773,USW00094846,"CHICAGO OHARE INTERNATIONAL AIRPORT, IL US",3.3,-3.8,2018-11-18,2.91,-3.13
1774,USW00094846,"CHICAGO OHARE INTERNATIONAL AIRPORT, IL US",1.1,-4.9,2018-11-19,1.2,-5.89
1775,USW00094846,"CHICAGO OHARE INTERNATIONAL AIRPORT, IL US",1.7,-1.6,2018-11-20,1.95,-3.07
1776,USW00094846,"CHICAGO OHARE INTERNATIONAL AIRPORT, IL US",2.2,-1,2018-11-21,2.19,-1.97
1777,USW00094846,"CHICAGO OHARE INTERNATIONAL AIRPORT, IL US",4.4,-0.5,2018-11-22,4.15,-1.61
1778,USW00094846,"CHICAGO OHARE INTERNATIONAL AIRPORT, IL US",10.6,1.1,2018-11-23,9.9,-0.08
1779,USW00094846,"CHICAGO OHARE INTERNATIONAL AIRPORT, IL US",8.3,4.4,2018-11-24,8.84,3.34
1780,USW00094846,"CHICAGO OHARE INTERNATIONAL AIRPORT, IL US",4.4,0.6,2018-11-25,4.61,1.12
1781,USW00094846,"CHICAGO OHARE INTERNATIONAL AIRPORT, IL US",0.6,-4.3,2018-11-26,-0.09,-4.1
1782,USW00094846,"CHICAGO OHARE INTERNATIONAL AIRPORT, IL US",-3.8,-7.1,2018-11-27,-3.79,-6.77
1783,USW00094846,"CHICAGO OHARE INTERNATIONAL AIRPORT, IL US",-2.7,-8.2,2018-11-28,-2.2,-8.73
1784,USW00094846,"CHICAGO OHARE INTERNATIONAL AIRPORT, IL US",3.3,-2.7,2018-11-29,2.17,-4.67
1785,USW00094846,"CHICAGO OHARE INTERNATIONAL AIRPORT, IL US",5.6,-2.1,2018-11-30,5.03,-3.01
1786,USW00094846,"CHICAGO OHARE INTERNATIONAL AIRPORT, IL US",5.6,2.2,2018-12-01,6.2,-0.59
1787,USW00094846,"CHICAGO OHARE INTERNATIONAL AIRPORT, IL US",6.7,1.7,2018-12-02,7.05,1.82
1788,USW00094846,"CHICAGO OHARE INTERNATIONAL AIRPORT, IL US",1.7,-1.6,2018-12-03,2.04,-0.85
1789,USW00094846,"CHICAGO OHARE INTERNATIONAL AIRPORT, IL US",0,-2.1,2018-12-04,-0.03,-2.12
1790,USW00094846,"CHICAGO OHARE INTERNATIONAL AIRPORT, IL US",0.6,-3.8,2018-12-05,0.19,-4.1
1791,USW00094846,"CHICAGO OHARE INTERNATIONAL AIRPORT, IL US",0.6,-7.1,2018-12-06,-0.06,-6.07
1792,USW00094846,"CHICAGO OHARE INTERNATIONAL AIRPORT, IL US",-3.8,-8.8,2018-12-07,-3.43,-9.88
1793,USW00094846,"CHICAGO OHARE INTERNATIONAL AIRPORT, IL US",0,-6.6,2018-12-08,-0.82,-8.99
1794,USW00094846,"CHICAGO OHARE INTERNATIONAL AIRPORT, IL US",1.7,-8.2,2018-12-09,1,-9.28
1795,USW00094846,"CHICAGO OHARE INTERNATIONAL AIRPORT, IL US",1.1,-8.8,2018-12-10,1.34,-9.92
1796,USW00094846,"CHICAGO OHARE INTERNATIONAL AIRPORT, IL US",3.3,-3.8,2018-12-11,3.33,-6.56
1797,USW00094846,"CHICAGO OHARE INTERNATIONAL AIRPORT, IL US",5,-1.6,2018-12-12,5.42,-2.87
1798,USW00094846,"CHICAGO OHARE INTERNATIONAL AIRPORT, IL US",7.8,-4.3,2018-12-13,6.45,-5.3
1799,USW00094846,"CHICAGO OHARE INTERNATIONAL AIRPORT, IL US",4.4,0,2018-12-14,5.05,-3.01
1800,USW00094846,"CHICAGO OHARE INTERNATIONAL AIRPORT, IL US",7.8,-3.2,2018-12-15,8.07,-3.3
1801,USW00094846,"CHICAGO OHARE INTERNATIONAL AIRPORT, IL US",9.4,-3.8,2018-12-16,9.26,-3.54
1802,USW00094846,"CHICAGO OHARE INTERNATIONAL AIRPORT, IL US",5.6,-2.1,2018-12-17,6.48,-2.97
1803,USW00094846,"CHICAGO OHARE INTERNATIONAL AIRPORT, IL US",5.6,-3.8,2018-12-18,6.74,-5.15
1804,USW00094846,"CHICAGO OHARE INTERNATIONAL AIRPORT, IL US",9.4,0.6,2018-12-19,9.76,-1.63
1805,USW00094846,"CHICAGO OHARE INTERNATIONAL AIRPORT, IL US",7.8,3.3,2018-12-20,8.19,2.87
1806,USW00094846,"CHICAGO OHARE INTERNATIONAL AIRPORT, IL US",3.3,-1.6,2018-12-21,2.97,-0.42
1807,USW00094846,"CHICAGO OHARE INTERNATIONAL AIRPORT, IL US",1.1,-2.1,2018-12-22,1.63,-1.91
1808,USW00094846,"CHICAGO OHARE INTERNATIONAL AIRPORT, IL US",3.3,-2.1,2018-12-23,3.78,-2.12
1809,USW00094846,"CHICAGO OHARE INTERNATIONAL AIRPORT, IL US",0.6,-4.9,2018-12-24,1.67,-5.07
1810,USW00094846,"CHICAGO OHARE INTERNATIONAL AIRPORT, IL US",7.2,-2.1,2018-12-25,7.16,-3.47
1811,USW00094846,"CHICAGO OHARE INTERNATIONAL AIRPORT, IL US",8.3,-3.2,2018-12-26,8.58,-4
1812,USW00094846,"CHICAGO OHARE INTERNATIONAL AIRPORT, IL US",11.7,3.9,2018-12-27,11.05,0.74
1813,USW00094846,"CHICAGO OHARE INTERNATIONAL AIRPORT, IL US",11.7,-1,2018-12-28,8.3,0.18
1814,USW00094846,"CHICAGO OHARE INTERNATIONAL AIRPORT, IL US",-1,-5.5,2018-12-29,-0.27,-4.35
1815,USW00094846,"CHICAGO OHARE INTERNATIONAL AIRPORT, IL US",2.2,-7.1,2018-12-30,2.43,-7.25
1816,USW00094846,"CHICAGO OHARE INTERNATIONAL AIRPORT, IL US",3.9,-0.5,2018-12-31,3.9,-3.15
1817,USW00014819,"CHICAGO MIDWAY AIRPORT, IL US",-16,-21.6,2018-01-01,-14.86,-21.76
1818,USW00014819,"CHICAGO MIDWAY AIRPORT, IL US",-13.8,-23.2,2018-01-02,-12.94,-23.43
1819,USW00014819,"CHICAGO MIDWAY AIRPORT, IL US",-7.7,-13.8,2018-01-03,-7.8,-18.36
1820,USW00014819,"CHICAGO MIDWAY AIRPORT, IL US",-10.5,-16.6,2018-01-04,-9.98,-16.8
1821,USW00014819,"CHICAGO MIDWAY AIRPORT, IL US",-11,-17.7,2018-01-05,-11.04,-18.69
1822,USW00014819,"CHICAGO MIDWAY AIRPORT, IL US",-8.2,-18.2,2018-01-06,-8.39,-19.05
1823,USW00014819,"CHICAGO MIDWAY AIRPORT, IL US",0.6,-13.2,2018-01-07,-0.44,-16.33
1824,USW00014819,"CHICAGO MIDWAY AIRPORT, IL US",2.8,-1,2018-01-08,2.65,-4.5
1825,USW00014819,"CHICAGO MIDWAY AIRPORT, IL US",1.1,-2.1,2018-01-09,1.89,-4.09
1826,USW00014819,"CHICAGO MIDWAY AIRPORT, IL US",13.3,-0.5,2018-01-10,12.09,-2.07
1827,USW00014819,"CHICAGO MIDWAY AIRPORT, IL US",15.6,-4.9,2018-01-11,14.98,-2.17
1828,USW00014819,"CHICAGO MIDWAY AIRPORT, IL US",-4.3,-8.8,2018-01-12,-1.97,-8.02
1829,USW00014819,"CHICAGO MIDWAY AIRPORT, IL US",-7.7,-13.2,2018-01-13,-7.68,-14.22
1830,USW00014819,"CHICAGO MIDWAY AIRPORT, IL US",-5.5,-13.8,2018-01-14,-6.7,-15.27
1831,USW00014819,"CHICAGO MIDWAY AIRPORT, IL US",-4.3,-12.7,2018-01-15,-4.5,-14.54
1832,USW00014819,"CHICAGO MIDWAY AIRPORT, IL US",-3.8,-14.3,2018-01-16,-3.96,-14.82
1833,USW00014819,"CHICAGO MIDWAY AIRPORT, IL US",-6,-14.9,2018-01-17,-5.87,-15.65
1834,USW00014819,"CHICAGO MIDWAY AIRPORT, IL US",0.6,-8.2,2018-01-18,-0.5,-11.76
1835,USW00014819,"CHICAGO MIDWAY AIRPORT, IL US",4.4,-2.1,2018-01-19,3.79,-5.06
1836,USW00014819,"CHICAGO MIDWAY AIRPORT, IL US",8.3,0.6,2018-01-20,7.68,-0.99
1837,USW00014819,"CHICAGO MIDWAY AIRPORT, IL US",8.9,3.9,2018-01-21,8.14,1.64
1838,USW00014819,"CHICAGO MIDWAY AIRPORT, IL US",12.8,2.8,2018-01-22,12.08,2.47
1839,USW00014819,"CHICAGO MIDWAY AIRPORT, IL US",3.3,-1.6,2018-01-23,3.47,-1.53
1840,USW00014819,"CHICAGO MIDWAY AIRPORT, IL US",-0.5,-2.7,2018-01-24,-0.84,-2.8
1841,USW00014819,"CHICAGO MIDWAY AIRPORT, IL US",6.7,-3.2,2018-01-25,5.88,-4.13
1842,USW00014819,"CHICAGO MIDWAY AIRPORT, IL US",11.1,2.8,2018-01-26,10.65,-0.08
1843,USW00014819,"CHICAGO MIDWAY AIRPORT, IL US",10.6,2.8,2018-01-27,10.37,2.94
1844,USW00014819,"CHICAGO MIDWAY AIRPORT, IL US",5.6,-1,2018-01-28,6.09,-1.99
1845,USW00014819,"CHICAGO MIDWAY AIRPORT, IL US",0,-7.7,2018-01-29,0.1,-6.32
1846,USW00014819,"CHICAGO MIDWAY AIRPORT, IL US",-0.5,-9.3,2018-01-30,-0.13,-9.91
1847,USW00014819,"CHICAGO MIDWAY AIRPORT, IL US",6.7,-0.5,2018-01-31,5.4,-4.7
1848,USW00014819,"CHICAGO MIDWAY AIRPORT, IL US",2.2,-12.7,2018-02-01,1.75,-8.65
1849,USW00014819,"CHICAGO MIDWAY AIRPORT, IL US",-5.5,-14.9,2018-02-02,-4.93,-15.23
1850,USW00014819,"CHICAGO MIDWAY AIRPORT, IL US",5.6,-5.5,2018-02-03,3.68,-9.71
1851,USW00014819,"CHICAGO MIDWAY AIRPORT, IL US",1.7,-13.8,2018-02-04,0.97,-10.78
1852,USW00014819,"CHICAGO MIDWAY AIRPORT, IL US",-11,-18.2,2018-02-05,-9.92,-19.38
1853,USW00014819,"CHICAGO MIDWAY AIRPORT, IL US",-5.5,-14.3,2018-02-06,-6.13,-16.29
1854,USW00014819,"CHICAGO MIDWAY AIRPORT, IL US",-6,-11,2018-02-07,-5.72,-13.53
1855,USW00014819,"CHICAGO MIDWAY AIRPORT, IL US",-5.5,-12.7,2018-02-08,-4.96,-14.38
1856,USW00014819,"CHICAGO MIDWAY AIRPORT, IL US",-1.6,-5.5,2018-02-09,-2.07,-8.8
1857,USW00014819,"CHICAGO MIDWAY AIRPORT, IL US",-3.2,-8.2,2018-02-10,-3.66,-8.52
1858,USW00014819,"CHICAGO MIDWAY AIRPORT, IL US",-4.3,-10.5,2018-02-11,-4.35,-10.23
1859,USW00014819,"CHICAGO MIDWAY AIRPORT, IL US",-1.6,-15.5,2018-02-12,-2.7,-15.17
1860,USW00014819,"CHICAGO MIDWAY AIRPORT, IL US",2.2,-8.2,2018-02-13,1.46,-10.99
1861,USW00014819,"CHICAGO MIDWAY AIRPORT, IL US",7.8,-2.1,2018-02-14,7.07,-5.49
1862,USW00014819,"CHICAGO MIDWAY AIRPORT, IL US",8.9,3.3,2018-02-15,8.43,0.04
1863,USW00014819,"CHICAGO MIDWAY AIRPORT, IL US",3.3,-6.6,2018-02-16,3.76,-4.07
1864,USW00014819,"CHICAGO MIDWAY AIRPORT, IL US",2.2,-8.2,2018-02-17,2.17,-9.44
1865,USW00014819,"CHICAGO MIDWAY AIRPORT, IL US",5.6,-6.6,2018-02-18,4.99,-7.96
1866,USW00014819,"CHICAGO MIDWAY AIRPORT, IL US",15.6,3.9,2018-02-19,14.13,-1.28
1867,USW00014819,"CHICAGO MIDWAY AIRPORT, IL US",18.9,1.1,2018-02-20,18.1,2.1
1868,USW00014819,"CHICAGO MIDWAY AIRPORT, IL US",1.1,-1.6,2018-02-21,2.98,-2.15
1869,USW00014819,"CHICAGO MIDWAY AIRPORT, IL US",5,-0.5,2018-02-22,4.38,-1.62
1870,USW00014819,"CHICAGO MIDWAY AIRPORT, IL US",7.2,1.7,2018-02-23,6.77,0.96
1871,USW00014819,"CHICAGO MIDWAY AIRPORT, IL US",10.6,1.7,2018-02-24,9.54,0.68
1872,USW00014819,"CHICAGO MIDWAY AIRPORT, IL US",11.1,1.1,2018-02-25,8.61,0.83
1873,USW00014819,"CHICAGO MIDWAY AIRPORT, IL US",12.8,-1.6,2018-02-26,11.95,-1.68
1874,USW00014819,"CHICAGO MIDWAY AIRPORT, IL US",16.7,5,2018-02-27,16.46,2.64
1875,USW00014819,"CHICAGO MIDWAY AIRPORT, IL US",15.6,3.3,2018-02-28,15.79,3.53
1876,USW00014819,"CHICAGO MIDWAY AIRPORT, IL US",6.7,0.6,2018-03-01,6.78,1.23
1877,USW00014819,"CHICAGO MIDWAY AIRPORT, IL US",7.8,-0.5,2018-03-02,6.93,-1.39
1878,USW00014819,"CHICAGO MIDWAY AIRPORT, IL US",6.1,1.7,2018-03-03,6.54,-0.73
1879,USW00014819,"CHICAGO MIDWAY AIRPORT, IL US",8.3,0,2018-03-04,8,-0.7
1880,USW00014819,"CHICAGO MIDWAY AIRPORT, IL US",5.6,1.1,2018-03-05,4.75,0.04
1881,USW00014819,"CHICAGO MIDWAY AIRPORT, IL US",5.6,0.6,2018-03-06,5.18,-0.05
1882,USW00014819,"CHICAGO MIDWAY AIRPORT, IL US",1.7,-3.2,2018-03-07,1.97,-3.37
1883,USW00014819,"CHICAGO MIDWAY AIRPORT, IL US",2.2,-4.3,2018-03-08,1.69,-4.71
1884,USW00014819,"CHICAGO MIDWAY AIRPORT, IL US",3.9,-4.9,2018-03-09,3.5,-5.7
1885,USW00014819,"CHICAGO MIDWAY AIRPORT, IL US",4.4,-3.8,2018-03-10,4.88,-4.58
1886,USW00014819,"CHICAGO MIDWAY AIRPORT, IL US",5,-1.6,2018-03-11,4.82,-2.9
1887,USW00014819,"CHICAGO MIDWAY AIRPORT, IL US",7.8,-0.5,2018-03-12,7.14,-1.96
1888,USW00014819,"CHICAGO MIDWAY AIRPORT, IL US",2.2,-4.3,2018-03-13,2.48,-3.89
1889,USW00014819,"CHICAGO MIDWAY AIRPORT, IL US",8.3,-5.5,2018-03-14,7.82,-5.97
1890,USW00014819,"CHICAGO MIDWAY AIRPORT, IL US",9.4,-0.5,2018-03-15,8.62,-3.2
1891,USW00014819,"CHICAGO MIDWAY AIRPORT, IL US",2.8,-1,2018-03-16,3.96,-2
1892,USW00014819,"CHICAGO MIDWAY AIRPORT, IL US",7.2,-0.5,2018-03-17,6.57,-1.26
1893,USW00014819,"CHICAGO MIDWAY AIRPORT, IL US",13.3,-2.1,2018-03-18,12.51,-2.83
1894,USW00014819,"CHICAGO MIDWAY AIRPORT, IL US",8.3,0.6,2018-03-19,9.11,-0.83
1895,USW00014819,"CHICAGO MIDWAY AIRPORT, IL US",2.8,-1.6,2018-03-20,3.48,-1.98
1896,USW00014819,"CHICAGO MIDWAY AIRPORT, IL US",4.4,-1,2018-03-21,4.13,-1.84
1897,USW00014819,"CHICAGO MIDWAY AIRPORT, IL US",8.9,-3.8,2018-03-22,7.87,-3.72
1898,USW00014819,"CHICAGO MIDWAY AIRPORT, IL US",6.1,-0.5,2018-03-23,6.29,-2.28
1899,USW00014819,"CHICAGO MIDWAY AIRPORT, IL US",5,0.6,2018-03-24,5.1,-0.5
1900,USW00014819,"CHICAGO MIDWAY AIRPORT, IL US",5.6,-2.1,2018-03-25,5.07,-2.77
1901,USW00014819,"CHICAGO MIDWAY AIRPORT, IL US",12.8,0,2018-03-26,11.05,-1.33
1902,USW00014819,"CHICAGO MIDWAY AIRPORT, IL US",11.1,6.1,2018-03-27,11.06,2.5
1903,USW00014819,"CHICAGO MIDWAY AIRPORT, IL US",11.7,3.9,2018-03-28,10.62,3.43
1904,USW00014819,"CHICAGO MIDWAY AIRPORT, IL US",9.4,2.2,2018-03-29,9.55,2.63
1905,USW00014819,"CHICAGO MIDWAY AIRPORT, IL US",9.4,1.7,2018-03-30,8.8,0.93
1906,USW00014819,"CHICAGO MIDWAY AIRPORT, IL US",15.6,1.1,2018-03-31,14.81,0.61
1907,USW00014819,"CHICAGO MIDWAY AIRPORT, IL US",2.8,-3.2,2018-04-01,3.97,-3.03
1908,USW00014819,"CHICAGO MIDWAY AIRPORT, IL US",7.2,-4.9,2018-04-02,6.07,-4.75
1909,USW00014819,"CHICAGO MIDWAY AIRPORT, IL US",5.6,1.7,2018-04-03,5.78,-1.24
1910,USW00014819,"CHICAGO MIDWAY AIRPORT, IL US",2.2,-2.7,2018-04-04,2.48,-3.07
1911,USW00014819,"CHICAGO MIDWAY AIRPORT, IL US",5.6,-4.3,2018-04-05,5.17,-4.75
1912,USW00014819,"CHICAGO MIDWAY AIRPORT, IL US",3.9,-2.7,2018-04-06,4.19,-3.5
1913,USW00014819,"CHICAGO MIDWAY AIRPORT, IL US",3.9,-6,2018-04-07,3.03,-6.34
1914,USW00014819,"CHICAGO MIDWAY AIRPORT, IL US",4.4,-4.9,2018-04-08,3.92,-5.66
1915,USW00014819,"CHICAGO MIDWAY AIRPORT, IL US",4.4,0,2018-04-09,4.23,-2.42
1916,USW00014819,"CHICAGO MIDWAY AIRPORT, IL US",7.8,-1.6,2018-04-10,7.32,-2.35
1917,USW00014819,"CHICAGO MIDWAY AIRPORT, IL US",19.4,3.9,2018-04-11,17.94,1.57
1918,USW00014819,"CHICAGO MIDWAY AIRPORT, IL US",23.9,7.2,2018-04-12,23.22,5.05
1919,USW00014819,"CHICAGO MIDWAY AIRPORT, IL US",11.7,4.4,2018-04-13,13.88,4.08
1920,USW00014819,"CHICAGO MIDWAY AIRPORT, IL US",5.6,2.8,2018-04-14,6.2,2.78
1921,USW00014819,"CHICAGO MIDWAY AIRPORT, IL US",3.9,-1.6,2018-04-15,3.9,-0.68
1922,USW00014819,"CHICAGO MIDWAY AIRPORT, IL US",1.7,-2.1,2018-04-16,1.81,-2.23
1923,USW00014819,"CHICAGO MIDWAY AIRPORT, IL US",7.2,-1,2018-04-17,5.78,-1.58
1924,USW00014819,"CHICAGO MIDWAY AIRPORT, IL US",3.3,0,2018-04-18,3.96,-1.49
1925,USW00014819,"CHICAGO MIDWAY AIRPORT, IL US",12.8,1.1,2018-04-19,10.14,0.17
1926,USW00014819,"CHICAGO MIDWAY AIRPORT, IL US",16.1,0.6,2018-04-20,13.92,0.4
1927,USW00014819,"CHICAGO MIDWAY AIRPORT, IL US",11.7,5,2018-04-21,12.19,2.79
1928,USW00014819,"CHICAGO MIDWAY AIRPORT, IL US",16.7,6.7,2018-04-22,15.45,5.27
1929,USW00014819,"CHICAGO MIDWAY AIRPORT, IL US",17.8,6.1,2018-04-23,16.08,5.29
1930,USW00014819,"CHICAGO MIDWAY AIRPORT, IL US",17.8,8.3,2018-04-24,17.16,7.08
1931,USW00014819,"CHICAGO MIDWAY AIRPORT, IL US",11.7,3.9,2018-04-25,12.21,4.14
1932,USW00014819,"CHICAGO MIDWAY AIRPORT, IL US",18.9,2.2,2018-04-26,17.46,1.46
1933,USW00014819,"CHICAGO MIDWAY AIRPORT, IL US",12.8,5,2018-04-27,14.3,4.01
1934,USW00014819,"CHICAGO MIDWAY AIRPORT, IL US",10.6,3.3,2018-04-28,10.77,2.51
1935,USW00014819,"CHICAGO MIDWAY AIRPORT, IL US",13.9,0.6,2018-04-29,12.63,-0.19
1936,USW00014819,"CHICAGO MIDWAY AIRPORT, IL US",26.7,5.6,2018-04-30,25.23,3.45
1937,USW00014819,"CHICAGO MIDWAY AIRPORT, IL US",30,14.4,2018-05-01,29.46,12.2
1938,USW00014819,"CHICAGO MIDWAY AIRPORT, IL US",31.1,18.9,2018-05-02,30.61,16.64
1939,USW00014819,"CHICAGO MIDWAY AIRPORT, IL US",21.7,14.4,2018-05-03,23.23,13.67
1940,USW00014819,"CHICAGO MIDWAY AIRPORT, IL US",23.9,17.2,2018-05-04,23.96,15.67
1941,USW00014819,"CHICAGO MIDWAY AIRPORT, IL US",27.8,13.9,2018-05-05,27.33,12.13
1942,USW00014819,"CHICAGO MIDWAY AIRPORT, IL US",20.6,11.1,2018-05-06,21.92,10.08
1943,USW00014819,"CHICAGO MIDWAY AIRPORT, IL US",22.8,10,2018-05-07,22.9,8.77
1944,USW00014819,"CHICAGO MIDWAY AIRPORT, IL US",28.3,13.3,2018-05-08,27.5,11.99
1945,USW00014819,"CHICAGO MIDWAY AIRPORT, IL US",28.3,15.6,2018-05-09,27.93,14.07
1946,USW00014819,"CHICAGO MIDWAY AIRPORT, IL US",22.8,11.7,2018-05-10,23.1,11.15
1947,USW00014819,"CHICAGO MIDWAY AIRPORT, IL US",13.9,9.4,2018-05-11,14.97,7.95
1948,USW00014819,"CHICAGO MIDWAY AIRPORT, IL US",11.7,7.8,2018-05-12,11.57,7.22
1949,USW00014819,"CHICAGO MIDWAY AIRPORT, IL US",20.6,9.4,2018-05-13,17.82,8.05
1950,USW00014819,"CHICAGO MIDWAY AIRPORT, IL US",30,12.2,2018-05-14,28.72,10.38
1951,USW00014819,"CHICAGO MIDWAY AIRPORT, IL US",20.6,11.1,2018-05-15,21.46,11.47
1952,USW00014819,"CHICAGO MIDWAY AIRPORT, IL US",25,6.1,2018-05-16,23.91,8.53
1953,USW00014819,"CHICAGO MIDWAY AIRPORT, IL US",22.8,12.2,2018-05-17,22.32,10.71
1954,USW00014819,"CHICAGO MIDWAY AIRPORT, IL US",20,11.7,2018-05-18,20.01,10.56
1955,USW00014819,"CHICAGO MIDWAY AIRPORT, IL US",20.6,13.9,2018-05-19,19.45,12.44
1956,USW00014819,"CHICAGO MIDWAY AIRPORT, IL US",15.6,7.2,2018-05-20,15.23,7.13
1957,USW00014819,"CHICAGO MIDWAY AIRPORT, IL US",18.3,10,2018-05-21,17.61,8.44
1958,USW00014819,"CHICAGO MIDWAY AIRPORT, IL US",19.4,12.2,2018-05-22,18.39,10.97
1959,USW00014819,"CHICAGO MIDWAY AIRPORT, IL US",25.6,10.6,2018-05-23,24.05,10.09
1960,USW00014819,"CHICAGO MIDWAY AIRPORT, IL US",30.6,15,2018-05-24,27.69,12.71
1961,USW00014819,"CHICAGO MIDWAY AIRPORT, IL US",32.2,20,2018-05-25,32.01,17.05
1962,USW00014819,"CHICAGO MIDWAY AIRPORT, IL US",32.2,20.6,2018-05-26,32.44,19.96
1963,USW00014819,"CHICAGO MIDWAY AIRPORT, IL US",35.6,22.2,2018-05-27,35.5,20.37
1964,USW00014819,"CHICAGO MIDWAY AIRPORT, IL US",35.6,22.2,2018-05-28,35.74,21.06
1965,USW00014819,"CHICAGO MIDWAY AIRPORT, IL US",30.6,21.1,2018-05-29,30.68,19.34
1966,USW00014819,"CHICAGO MIDWAY AIRPORT, IL US",30.6,22.2,2018-05-30,29.81,20.03
1967,USW00014819,"CHICAGO MIDWAY AIRPORT, IL US",31.7,21.1,2018-05-31,31.78,20.01
1968,USW00014819,"CHICAGO MIDWAY AIRPORT, IL US",26.7,12.2,2018-06-01,26.12,14.03
1969,USW00014819,"CHICAGO MIDWAY AIRPORT, IL US",23.3,11.7,2018-06-02,22.48,10.79
1970,USW00014819,"CHICAGO MIDWAY AIRPORT, IL US",26.1,15.6,2018-06-03,25.86,14.35
1971,USW00014819,"CHICAGO MIDWAY AIRPORT, IL US",26.7,12.8,2018-06-04,26.58,12.41
1972,USW00014819,"CHICAGO MIDWAY AIRPORT, IL US",23.3,13.3,2018-06-05,23.46,12.58
1973,USW00014819,"CHICAGO MIDWAY AIRPORT, IL US",26.7,11.1,2018-06-06,25.05,9.58
1974,USW00014819,"CHICAGO MIDWAY AIRPORT, IL US",27.2,17.2,2018-06-07,26.64,14.62
1975,USW00014819,"CHICAGO MIDWAY AIRPORT, IL US",22.8,16.1,2018-06-08,23.23,14.71
1976,USW00014819,"CHICAGO MIDWAY AIRPORT, IL US",27.2,14.4,2018-06-09,25.51,14.08
1977,USW00014819,"CHICAGO MIDWAY AIRPORT, IL US",21.7,16.1,2018-06-10,21.93,15.34
1978,USW00014819,"CHICAGO MIDWAY AIRPORT, IL US",20.6,16.7,2018-06-11,20.33,15.61
1979,USW00014819,"CHICAGO MIDWAY AIRPORT, IL US",27.2,18.3,2018-06-12,25.27,16.84
1980,USW00014819,"CHICAGO MIDWAY AIRPORT, IL US",28.3,18.3,2018-06-13,27.38,17.92
1981,USW00014819,"CHICAGO MIDWAY AIRPORT, IL US",27.2,16.7,2018-06-14,26.85,15.54
1982,USW00014819,"CHICAGO MIDWAY AIRPORT, IL US",31.7,18.3,2018-06-15,31.34,17.1
1983,USW00014819,"CHICAGO MIDWAY AIRPORT, IL US",33.9,21.1,2018-06-16,33.3,20.01
1984,USW00014819,"CHICAGO MIDWAY AIRPORT, IL US",35,25.6,2018-06-17,34.71,23.25
1985,USW00014819,"CHICAGO MIDWAY AIRPORT, IL US",35,20,2018-06-18,34.77,20.58
1986,USW00014819,"CHICAGO MIDWAY AIRPORT, IL US",28.9,18.9,2018-06-19,28.49,17.68
1987,USW00014819,"CHICAGO MIDWAY AIRPORT, IL US",26.1,18.9,2018-06-20,26.01,17.93
1988,USW00014819,"CHICAGO MIDWAY AIRPORT, IL US",20,17.8,2018-06-21,20.87,17
1989,USW00014819,"CHICAGO MIDWAY AIRPORT, IL US",18.3,16.1,2018-06-22,18.59,15.69
1990,USW00014819,"CHICAGO MIDWAY AIRPORT, IL US",27.2,16.7,2018-06-23,24.63,16.12
1991,USW00014819,"CHICAGO MIDWAY AIRPORT, IL US",27.8,18.3,2018-06-24,26.82,16.82
1992,USW00014819,"CHICAGO MIDWAY AIRPORT, IL US",25.6,17.8,2018-06-25,25.99,16.24
1993,USW00014819,"CHICAGO MIDWAY AIRPORT, IL US",29.4,19.4,2018-06-26,28.29,18.26
1994,USW00014819,"CHICAGO MIDWAY AIRPORT, IL US",26.7,20.6,2018-06-27,26.6,19.01
1995,USW00014819,"CHICAGO MIDWAY AIRPORT, IL US",30.6,18.9,2018-06-28,29.61,18
1996,USW00014819,"CHICAGO MIDWAY AIRPORT, IL US",35,23.3,2018-06-29,34.48,21.04
1997,USW00014819,"CHICAGO MIDWAY AIRPORT, IL US",35,26.1,2018-06-30,34.65,24.68
1998,USW00014819,"CHICAGO MIDWAY AIRPORT, IL US",34.4,24.4,2018-07-01,34.27,23.34
1999,USW00014819,"CHICAGO MIDWAY AIRPORT, IL US",27.2,21.1,2018-07-02,28.58,19.64
2000,USW00014819,"CHICAGO MIDWAY AIRPORT, IL US",32.8,20,2018-07-03,31.71,17.38
2001,USW00014819,"CHICAGO MIDWAY AIRPORT, IL US",33.3,23.9,2018-07-04,33.35,21.96
2002,USW00014819,"CHICAGO MIDWAY AIRPORT, IL US",35,22.2,2018-07-05,33.34,21.71
2003,USW00014819,"CHICAGO MIDWAY AIRPORT, IL US",25.6,18.3,2018-07-06,25.86,18.36
2004,USW00014819,"CHICAGO MIDWAY AIRPORT, IL US",27.2,17.2,2018-07-07,26.61,15.09
2005,USW00014819,"CHICAGO MIDWAY AIRPORT, IL US",31.1,18.3,2018-07-08,29.77,16.1
2006,USW00014819,"CHICAGO MIDWAY AIRPORT, IL US",32.8,20,2018-07-09,32.58,18.12
2007,USW00014819,"CHICAGO MIDWAY AIRPORT, IL US",30.6,23.3,2018-07-10,30.2,21.14
2008,USW00014819,"CHICAGO MIDWAY AIRPORT, IL US",30,21.7,2018-07-11,29.77,19.46
2009,USW00014819,"CHICAGO MIDWAY AIRPORT, IL US",30.6,22.2,2018-07-12,30.6,19.72
2010,USW00014819,"CHICAGO MIDWAY AIRPORT, IL US",33.9,22.2,2018-07-13,33.56,20.93
2011,USW00014819,"CHICAGO MIDWAY AIRPORT, IL US",26.7,22.8,2018-07-14,28.97,21.85
2012,USW00014819,"CHICAGO MIDWAY AIRPORT, IL US",32.8,22.8,2018-07-15,31.4,21.59
2013,USW00014819,"CHICAGO MIDWAY AIRPORT, IL US",33.9,23.3,2018-07-16,32.66,22.32
2014,USW00014819,"CHICAGO MIDWAY AIRPORT, IL US",28.3,20.6,2018-07-17,28.56,19.23
2015,USW00014819,"CHICAGO MIDWAY AIRPORT, IL US",26.1,17.8,2018-07-18,26.48,16.79
2016,USW00014819,"CHICAGO MIDWAY AIRPORT, IL US",31.7,18.9,2018-07-19,30.73,17
2017,USW00014819,"CHICAGO MIDWAY AIRPORT, IL US",26.7,21.1,2018-07-20,26.55,19.14
2018,USW00014819,"CHICAGO MIDWAY AIRPORT, IL US",25.6,20.6,2018-07-21,25.03,20.1
2019,USW00014819,"CHICAGO MIDWAY AIRPORT, IL US",25,20.6,2018-07-22,24.85,19.97
2020,USW00014819,"CHICAGO MIDWAY AIRPORT, IL US",27.8,20,2018-07-23,26.6,19.02
2021,USW00014819,"CHICAGO MIDWAY AIRPORT, IL US",28.9,19.4,2018-07-24,28.55,18.58
2022,USW00014819,"CHICAGO MIDWAY AIRPORT, IL US",31.7,20,2018-07-25,30.36,19.12
2023,USW00014819,"CHICAGO MIDWAY AIRPORT, IL US",27.8,19.4,2018-07-26,27.73,19.16
2024,USW00014819,"CHICAGO MIDWAY AIRPORT, IL US",26.1,17.2,2018-07-27,25.81,16.56
2025,USW00014819,"CHICAGO MIDWAY AIRPORT, IL US",27.8,16.1,2018-07-28,26.57,15.53
2026,USW00014819,"CHICAGO MIDWAY AIRPORT, IL US",26.7,17.8,2018-07-29,26.92,16.15
2027,USW00014819,"CHICAGO MIDWAY AIRPORT, IL US",27.2,17.2,2018-07-30,27.11,16.07
2028,USW00014819,"CHICAGO MIDWAY AIRPORT, IL US",26.7,20,2018-07-31,26.47,18.01
2029,USW00014819,"CHICAGO MIDWAY AIRPORT, IL US",30,17.2,2018-08-01,29.46,16.78
2030,USW00014819,"CHICAGO MIDWAY AIRPORT, IL US",31.1,20.6,2018-08-02,30.29,19.13
2031,USW00014819,"CHICAGO MIDWAY AIRPORT, IL US",31.1,18.3,2018-08-03,29.8,17.32
2032,USW00014819,"CHICAGO MIDWAY AIRPORT, IL US",35.6,22.8,2018-08-04,35.29,19.99
2033,USW00014819,"CHICAGO MIDWAY AIRPORT, IL US",35,24.4,2018-08-05,34.6,23.2
2034,USW00014819,"CHICAGO MIDWAY AIRPORT, IL US",29.4,22.2,2018-08-06,29.39,21.41
2035,USW00014819,"CHICAGO MIDWAY AIRPORT, IL US",29.4,21.1,2018-08-07,28.46,20.34
2036,USW00014819,"CHICAGO MIDWAY AIRPORT, IL US",27.8,20.6,2018-08-08,28.08,20.23
2037,USW00014819,"CHICAGO MIDWAY AIRPORT, IL US",32.8,20,2018-08-09,32.3,19.16
2038,USW00014819,"CHICAGO MIDWAY AIRPORT, IL US",29.4,21.7,2018-08-10,29.34,20.58
2039,USW00014819,"CHICAGO MIDWAY AIRPORT, IL US",31.7,20.6,2018-08-11,30.76,19.73
2040,USW00014819,"CHICAGO MIDWAY AIRPORT, IL US",31.1,21.1,2018-08-12,30.76,20.18
2041,USW00014819,"CHICAGO MIDWAY AIRPORT, IL US",31.7,19.4,2018-08-13,31.14,18.49
2042,USW00014819,"CHICAGO MIDWAY AIRPORT, IL US",32.2,20.6,2018-08-14,31.56,19.71
2043,USW00014819,"CHICAGO MIDWAY AIRPORT, IL US",30.6,22.8,2018-08-15,29.91,20.89
2044,USW00014819,"CHICAGO MIDWAY AIRPORT, IL US",30,22.2,2018-08-16,29.45,20.63
2045,USW00014819,"CHICAGO MIDWAY AIRPORT, IL US",29.4,20.6,2018-08-17,28.73,19.99
2046,USW00014819,"CHICAGO MIDWAY AIRPORT, IL US",27.8,22.2,2018-08-18,27.87,20.86
2047,USW00014819,"CHICAGO MIDWAY AIRPORT, IL US",29.4,20,2018-08-19,29.14,19.19
2048,USW00014819,"CHICAGO MIDWAY AIRPORT, IL US",26.7,21.7,2018-08-20,26.84,20.34
2049,USW00014819,"CHICAGO MIDWAY AIRPORT, IL US",26.7,20,2018-08-21,25.72,19.64
2050,USW00014819,"CHICAGO MIDWAY AIRPORT, IL US",27.2,15.6,2018-08-22,26.41,15.06
2051,USW00014819,"CHICAGO MIDWAY AIRPORT, IL US",27.2,15.6,2018-08-23,27.11,14.42
2052,USW00014819,"CHICAGO MIDWAY AIRPORT, IL US",23.9,17.8,2018-08-24,23.99,16.02
2053,USW00014819,"CHICAGO MIDWAY AIRPORT, IL US",31.1,18.9,2018-08-25,29.38,18.02
2054,USW00014819,"CHICAGO MIDWAY AIRPORT, IL US",35,23.3,2018-08-26,33.72,21.05
2055,USW00014819,"CHICAGO MIDWAY AIRPORT, IL US",35.6,25.6,2018-08-27,34.66,24.46
2056,USW00014819,"CHICAGO MIDWAY AIRPORT, IL US",33.9,20.6,2018-08-28,33.04,21.28
2057,USW00014819,"CHICAGO MIDWAY AIRPORT, IL US",25,18.9,2018-08-29,25.29,18.67
2058,USW00014819,"CHICAGO MIDWAY AIRPORT, IL US",23.3,17.8,2018-08-30,23.02,16.22
2059,USW00014819,"CHICAGO MIDWAY AIRPORT, IL US",30,16.7,2018-08-31,28.93,15.09
2060,USW00014819,"CHICAGO MIDWAY AIRPORT, IL US",30.6,22.2,2018-09-01,30.18,19.63
2061,USW00014819,"CHICAGO MIDWAY AIRPORT, IL US",33.3,23.3,2018-09-02,32.5,21.85
2062,USW00014819,"CHICAGO MIDWAY AIRPORT, IL US",31.1,22.8,2018-09-03,30.39,21.37
2063,USW00014819,"CHICAGO MIDWAY AIRPORT, IL US",33.9,22.2,2018-09-04,33.67,21.15
2064,USW00014819,"CHICAGO MIDWAY AIRPORT, IL US",33.3,21.7,2018-09-05,32.89,20.91
2065,USW00014819,"CHICAGO MIDWAY AIRPORT, IL US",22.2,20,2018-09-06,23.54,19.23
2066,USW00014819,"CHICAGO MIDWAY AIRPORT, IL US",21.1,18.9,2018-09-07,21.04,18.51
2067,USW00014819,"CHICAGO MIDWAY AIRPORT, IL US",20.6,17.2,2018-09-08,20.19,16.64
2068,USW00014819,"CHICAGO MIDWAY AIRPORT, IL US",21.1,16.1,2018-09-09,20.75,15.32
2069,USW00014819,"CHICAGO MIDWAY AIRPORT, IL US",23.3,16.1,2018-09-10,22.76,14.48
2070,USW00014819,"CHICAGO MIDWAY AIRPORT, IL US",26.7,13.9,2018-09-11,25.57,13.66
2071,USW00014819,"CHICAGO MIDWAY AIRPORT, IL US",27.8,13.9,2018-09-12,26.55,14.33
2072,USW00014819,"CHICAGO MIDWAY AIRPORT, IL US",26.1,13.3,2018-09-13,26.03,14.17
2073,USW00014819,"CHICAGO MIDWAY AIRPORT, IL US",29.4,16.7,2018-09-14,29.7,15.88
2074,USW00014819,"CHICAGO MIDWAY AIRPORT, IL US",27.8,17.2,2018-09-15,28.11,16.75
2075,USW00014819,"CHICAGO MIDWAY AIRPORT, IL US",30,19.4,2018-09-16,30.3,18.47
2076,USW00014819,"CHICAGO MIDWAY AIRPORT, IL US",33.3,20.6,2018-09-17,32.42,19.22
2077,USW00014819,"CHICAGO MIDWAY AIRPORT, IL US",27.8,20.6,2018-09-18,26.44,19.13
2078,USW00014819,"CHICAGO MIDWAY AIRPORT, IL US",26.1,19.4,2018-09-19,26.13,18.45
2079,USW00014819,"CHICAGO MIDWAY AIRPORT, IL US",35,20,2018-09-20,33.48,19.14
2080,USW00014819,"CHICAGO MIDWAY AIRPORT, IL US",28.3,14.4,2018-09-21,27.84,16.29
2081,USW00014819,"CHICAGO MIDWAY AIRPORT, IL US",17.8,13.3,2018-09-22,19.64,12.29
2082,USW00014819,"CHICAGO MIDWAY AIRPORT, IL US",21.1,11.7,2018-09-23,21.41,10.06
2083,USW00014819,"CHICAGO MIDWAY AIRPORT, IL US",22.2,14.4,2018-09-24,22.64,12.32
2084,USW00014819,"CHICAGO MIDWAY AIRPORT, IL US",28.9,17.2,2018-09-25,27.92,15.3
2085,USW00014819,"CHICAGO MIDWAY AIRPORT, IL US",20,10.6,2018-09-26,21.01,10.44
2086,USW00014819,"CHICAGO MIDWAY AIRPORT, IL US",20.6,8.9,2018-09-27,20.66,8.9
2087,USW00014819,"CHICAGO MIDWAY AIRPORT, IL US",16.7,8.3,2018-09-28,17.75,8.29
2088,USW00014819,"CHICAGO MIDWAY AIRPORT, IL US",15.6,5.6,2018-09-29,16.37,5.23
2089,USW00014819,"CHICAGO MIDWAY AIRPORT, IL US",20,12.2,2018-09-30,19.83,9.55
2090,USW00014819,"CHICAGO MIDWAY AIRPORT, IL US",24.4,13.9,2018-10-01,23.41,12.71
2091,USW00014819,"CHICAGO MIDWAY AIRPORT, IL US",20,15,2018-10-02,20.44,13.94
2092,USW00014819,"CHICAGO MIDWAY AIRPORT, IL US",31.1,15.6,2018-10-03,29.38,14.9
2093,USW00014819,"CHICAGO MIDWAY AIRPORT, IL US",26.7,11.7,2018-10-04,24.37,12.71
2094,USW00014819,"CHICAGO MIDWAY AIRPORT, IL US",18.9,12.2,2018-10-05,18.7,11.22
2095,USW00014819,"CHICAGO MIDWAY AIRPORT, IL US",22.8,14.4,2018-10-06,22.15,13.47
2096,USW00014819,"CHICAGO MIDWAY AIRPORT, IL US",18.3,13.9,2018-10-07,19.57,13.82
2097,USW00014819,"CHICAGO MIDWAY AIRPORT, IL US",29.4,18.3,2018-10-08,28.11,16.06
2098,USW00014819,"CHICAGO MIDWAY AIRPORT, IL US",30,21.7,2018-10-09,29.76,20.01
2099,USW00014819,"CHICAGO MIDWAY AIRPORT, IL US",23.9,11.1,2018-10-10,24.25,14.12
2100,USW00014819,"CHICAGO MIDWAY AIRPORT, IL US",11.1,4.4,2018-10-11,12.44,5.39
2101,USW00014819,"CHICAGO MIDWAY AIRPORT, IL US",5.6,2.2,2018-10-12,7.1,1.72
2102,USW00014819,"CHICAGO MIDWAY AIRPORT, IL US",11.7,1.1,2018-10-13,11,1
2103,USW00014819,"CHICAGO MIDWAY AIRPORT, IL US",14.4,4.4,2018-10-14,14.39,2.94
2104,USW00014819,"CHICAGO MIDWAY AIRPORT, IL US",8.9,2.8,2018-10-15,10.11,2.49
2105,USW00014819,"CHICAGO MIDWAY AIRPORT, IL US",14.4,1.1,2018-10-16,14.24,0.81
2106,USW00014819,"CHICAGO MIDWAY AIRPORT, IL US",11.1,3.9,2018-10-17,11.57,2.79
2107,USW00014819,"CHICAGO MIDWAY AIRPORT, IL US",14.4,1.1,2018-10-18,14.63,0.58
2108,USW00014819,"CHICAGO MIDWAY AIRPORT, IL US",11.7,7.2,2018-10-19,12.88,4.04
2109,USW00014819,"CHICAGO MIDWAY AIRPORT, IL US",11.7,0,2018-10-20,11.31,2.02
2110,USW00014819,"CHICAGO MIDWAY AIRPORT, IL US",10,-2.1,2018-10-21,10.98,-1.75
2111,USW00014819,"CHICAGO MIDWAY AIRPORT, IL US",17.2,3.3,2018-10-22,16.6,0.82
2112,USW00014819,"CHICAGO MIDWAY AIRPORT, IL US",11.7,4.4,2018-10-23,12.71,3.63
2113,USW00014819,"CHICAGO MIDWAY AIRPORT, IL US",10.6,3.3,2018-10-24,11.41,2.08
2114,USW00014819,"CHICAGO MIDWAY AIRPORT, IL US",11.1,3.3,2018-10-25,11.26,2.23
2115,USW00014819,"CHICAGO MIDWAY AIRPORT, IL US",12.2,7.8,2018-10-26,11.9,5.01
2116,USW00014819,"CHICAGO MIDWAY AIRPORT, IL US",11.7,6.1,2018-10-27,12.05,5.33
2117,USW00014819,"CHICAGO MIDWAY AIRPORT, IL US",11.1,6.7,2018-10-28,11.22,5.69
2118,USW00014819,"CHICAGO MIDWAY AIRPORT, IL US",13.9,3.9,2018-10-29,12.63,3.8
2119,USW00014819,"CHICAGO MIDWAY AIRPORT, IL US",20.6,7.2,2018-10-30,19.03,5.76
2120,USW00014819,"CHICAGO MIDWAY AIRPORT, IL US",15.6,9.4,2018-10-31,14.48,8.45
2121,USW00014819,"CHICAGO MIDWAY AIRPORT, IL US",11.1,7.8,2018-11-01,11.59,7.37
2122,USW00014819,"CHICAGO MIDWAY AIRPORT, IL US",10.6,3.3,2018-11-02,10.69,3.07
2123,USW00014819,"CHICAGO MIDWAY AIRPORT, IL US",9.4,1.1,2018-11-03,9.71,1.17
2124,USW00014819,"CHICAGO MIDWAY AIRPORT, IL US",11.7,7.8,2018-11-04,11.19,4.85
2125,USW00014819,"CHICAGO MIDWAY AIRPORT, IL US",11.1,7.2,2018-11-05,10.63,6.59
2126,USW00014819,"CHICAGO MIDWAY AIRPORT, IL US",10,3.3,2018-11-06,9.97,4.47
2127,USW00014819,"CHICAGO MIDWAY AIRPORT, IL US",3.9,1.1,2018-11-07,4.58,1.04
2128,USW00014819,"CHICAGO MIDWAY AIRPORT, IL US",5,0.6,2018-11-08,5.02,0.36
2129,USW00014819,"CHICAGO MIDWAY AIRPORT, IL US",4.4,-6.6,2018-11-09,3.58,-4.17
2130,USW00014819,"CHICAGO MIDWAY AIRPORT, IL US",1.1,-6.6,2018-11-10,1.11,-6.9
2131,USW00014819,"CHICAGO MIDWAY AIRPORT, IL US",5.6,-1.6,2018-11-11,5.2,-3.93
2132,USW00014819,"CHICAGO MIDWAY AIRPORT, IL US",2.8,-3.8,2018-11-12,3.23,-3.38
2133,USW00014819,"CHICAGO MIDWAY AIRPORT, IL US",-1,-6.6,2018-11-13,-0.67,-6.94
2134,USW00014819,"CHICAGO MIDWAY AIRPORT, IL US",2.2,-7.1,2018-11-14,1.99,-7.84
2135,USW00014819,"CHICAGO MIDWAY AIRPORT, IL US",1.7,-2.1,2018-11-15,1.92,-4.12
2136,USW00014819,"CHICAGO MIDWAY AIRPORT, IL US",5,-2.1,2018-11-16,5.2,-2.74
2137,USW00014819,"CHICAGO MIDWAY AIRPORT, IL US",2.8,0.6,2018-11-17,2.8,0.06
2138,USW00014819,"CHICAGO MIDWAY AIRPORT, IL US",3.3,-3.8,2018-11-18,3.23,-2.77
2139,USW00014819,"CHICAGO MIDWAY AIRPORT, IL US",1.1,-4.9,2018-11-19,1.27,-5.44
2140,USW00014819,"CHICAGO MIDWAY AIRPORT, IL US",2.2,-1.6,2018-11-20,2.24,-2.38
2141,USW00014819,"CHICAGO MIDWAY AIRPORT, IL US",3.3,-1.6,2018-11-21,2.95,-1.74
2142,USW00014819,"CHICAGO MIDWAY AIRPORT, IL US",3.9,-0.5,2018-11-22,3.83,-1.39
2143,USW00014819,"CHICAGO MIDWAY AIRPORT, IL US",10.6,1.1,2018-11-23,9.79,-0.28
2144,USW00014819,"CHICAGO MIDWAY AIRPORT, IL US",9.4,3.9,2018-11-24,9.26,3.27
2145,USW00014819,"CHICAGO MIDWAY AIRPORT, IL US",5,0.6,2018-11-25,5.43,1.1
2146,USW00014819,"CHICAGO MIDWAY AIRPORT, IL US",1.1,-3.8,2018-11-26,1.84,-3.61
2147,USW00014819,"CHICAGO MIDWAY AIRPORT, IL US",-3.8,-6.6,2018-11-27,-3.49,-6.58
2148,USW00014819,"CHICAGO MIDWAY AIRPORT, IL US",-2.1,-7.7,2018-11-28,-2.15,-7.74
2149,USW00014819,"CHICAGO MIDWAY AIRPORT, IL US",2.8,-2.1,2018-11-29,2.61,-4.22
2150,USW00014819,"CHICAGO MIDWAY AIRPORT, IL US",6.1,0,2018-11-30,5.37,-1.4
2151,USW00014819,"CHICAGO MIDWAY AIRPORT, IL US",7.8,1.1,2018-12-01,7.63,0.18
2152,USW00014819,"CHICAGO MIDWAY AIRPORT, IL US",8.9,2.2,2018-12-02,8.35,1.88
2153,USW00014819,"CHICAGO MIDWAY AIRPORT, IL US",2.2,-1,2018-12-03,2.81,-0.69
2154,USW00014819,"CHICAGO MIDWAY AIRPORT, IL US",0,-2.1,2018-12-04,0.23,-1.99
2155,USW00014819,"CHICAGO MIDWAY AIRPORT, IL US",0.6,-3.8,2018-12-05,0.28,-3.91
2156,USW00014819,"CHICAGO MIDWAY AIRPORT, IL US",0.6,-6.6,2018-12-06,0.29,-5.89
2157,USW00014819,"CHICAGO MIDWAY AIRPORT, IL US",-2.7,-8.2,2018-12-07,-2.51,-9.12
2158,USW00014819,"CHICAGO MIDWAY AIRPORT, IL US",-1,-7.1,2018-12-08,-1.23,-8.31
2159,USW00014819,"CHICAGO MIDWAY AIRPORT, IL US",1.7,-7.7,2018-12-09,1.14,-8.52
2160,USW00014819,"CHICAGO MIDWAY AIRPORT, IL US",1.1,-8.2,2018-12-10,0.7,-9.37
2161,USW00014819,"CHICAGO MIDWAY AIRPORT, IL US",3.9,-3.2,2018-12-11,3.61,-6.04
2162,USW00014819,"CHICAGO MIDWAY AIRPORT, IL US",6.1,-1,2018-12-12,5.95,-2.38
2163,USW00014819,"CHICAGO MIDWAY AIRPORT, IL US",6.1,-3.2,2018-12-13,6.27,-4.19
2164,USW00014819,"CHICAGO MIDWAY AIRPORT, IL US",5.6,-5.5,2018-12-14,4.98,-1.85
2165,USW00014819,"CHICAGO MIDWAY AIRPORT, IL US",8.9,-0.5,2018-12-15,8.16,-1.73
2166,USW00014819,"CHICAGO MIDWAY AIRPORT, IL US",13.9,-1.6,2018-12-16,9.6,-2.21
2167,USW00014819,"CHICAGO MIDWAY AIRPORT, IL US",15.6,-3.8,2018-12-17,7.16,-2.45
2168,USW00014819,"CHICAGO MIDWAY AIRPORT, IL US",10.6,-5.5,2018-12-18,6.84,-4.41
2169,USW00014819,"CHICAGO MIDWAY AIRPORT, IL US",10,1.1,2018-12-19,9.63,-0.97
2170,USW00014819,"CHICAGO MIDWAY AIRPORT, IL US",9.4,3.9,2018-12-20,9.07,2.82
2171,USW00014819,"CHICAGO MIDWAY AIRPORT, IL US",4.4,-0.5,2018-12-21,3.96,-0.36
2172,USW00014819,"CHICAGO MIDWAY AIRPORT, IL US",2.2,-1,2018-12-22,1.88,-1.51
2173,USW00014819,"CHICAGO MIDWAY AIRPORT, IL US",3.9,-1,2018-12-23,3.91,-1.76
2174,USW00014819,"CHICAGO MIDWAY AIRPORT, IL US",1.1,-4.3,2018-12-24,1.63,-4.55
2175,USW00014819,"CHICAGO MIDWAY AIRPORT, IL US",8.3,-1,2018-12-25,7.52,-2.46
2176,USW00014819,"CHICAGO MIDWAY AIRPORT, IL US",8.9,-1.6,2018-12-26,8.56,-3.05
2177,USW00014819,"CHICAGO MIDWAY AIRPORT, IL US",12.2,4.4,2018-12-27,11.29,1.53
2178,USW00014819,"CHICAGO MIDWAY AIRPORT, IL US",12.2,-1.6,2018-12-28,10.01,0
2179,USW00014819,"CHICAGO MIDWAY AIRPORT, IL US",-0.5,-4.3,2018-12-29,0.12,-4.08
2180,USW00014819,"CHICAGO MIDWAY AIRPORT, IL US",2.8,-6.6,2018-12-30,2.62,-6.92
2181,USW00014819,"CHICAGO MIDWAY AIRPORT, IL US",5,0.6,2018-12-31,4.35,-2.36
2182,USC00111550,"CHICAGO NORTHERLY ISLAND, IL US",2.2,-2.2,2019-01-01,2.04,-2.22
2183,USC00111550,"CHICAGO NORTHERLY ISLAND, IL US",-0.6,-2.2,2019-01-02,-0.15,-2.52
2184,USC00111550,"CHICAGO NORTHERLY ISLAND, IL US",5,-3.3,2019-01-03,4.49,-3.92
2185,USC00111550,"CHICAGO NORTHERLY ISLAND, IL US",10,0.6,2019-01-04,10,-0.72
2186,USC00111550,"CHICAGO NORTHERLY ISLAND, IL US",12.2,1.1,2019-01-05,12.11,-0.4
2187,USC00111550,"CHICAGO NORTHERLY ISLAND, IL US",6.1,1.7,2019-01-06,5.77,1.42
2188,USC00111550,"CHICAGO NORTHERLY ISLAND, IL US",12.2,2.8,2019-01-07,12.05,3.71
2189,USC00111550,"CHICAGO NORTHERLY ISLAND, IL US",7.8,-3.3,2019-01-08,8.53,-2.7
2190,USC00111550,"CHICAGO NORTHERLY ISLAND, IL US",-2.8,-7.8,2019-01-09,-2.61,-7.89
2191,USC00111550,"CHICAGO NORTHERLY ISLAND, IL US",-2.8,-8.3,2019-01-10,-3.29,-8.64
2192,USC00111550,"CHICAGO NORTHERLY ISLAND, IL US",-0.6,-3.3,2019-01-11,-0.53,-5.46
2193,USC00111550,"CHICAGO NORTHERLY ISLAND, IL US",-0.6,-2.2,2019-01-12,-0.26,-2.08
2194,USC00111550,"CHICAGO NORTHERLY ISLAND, IL US",0,-2.2,2019-01-13,0.14,-3.69
2195,USC00111550,"CHICAGO NORTHERLY ISLAND, IL US",-1.7,-4.4,2019-01-14,-1.74,-5.78
2196,USC00111550,"CHICAGO NORTHERLY ISLAND, IL US",0,-3.9,2019-01-15,0.29,-4.1
2197,USC00111550,"CHICAGO NORTHERLY ISLAND, IL US",1.7,-2.2,2019-01-16,1.77,-2.26
2198,USC00111550,"CHICAGO NORTHERLY ISLAND, IL US",1.1,-1.7,2019-01-17,1.73,-2.11
2199,USC00111550,"CHICAGO NORTHERLY ISLAND, IL US",0.6,-2.2,2019-01-18,0.49,-2.14
2200,USC00111550,"CHICAGO NORTHERLY ISLAND, IL US",-7.8,-11.1,2019-01-20,-7.77,-12.87
2201,USC00111550,"CHICAGO NORTHERLY ISLAND, IL US",-8.9,-12.2,2019-01-21,-8.91,-13.7
2202,USC00111550,"CHICAGO NORTHERLY ISLAND, IL US",1.7,-9.4,2019-01-22,1.1,-10.81
2203,USC00111550,"CHICAGO NORTHERLY ISLAND, IL US",1.7,-6.1,2019-01-23,1.98,-6.14
2204,USC00111550,"CHICAGO NORTHERLY ISLAND, IL US",-4.4,-15,2019-01-24,-4.5,-14.96
2205,USC00111550,"CHICAGO NORTHERLY ISLAND, IL US",-12.8,-19.4,2019-01-25,-13.15,-20
2206,USC00111550,"CHICAGO NORTHERLY ISLAND, IL US",-10,-17.8,2019-01-26,-9.85,-20.04
2207,USC00111550,"CHICAGO NORTHERLY ISLAND, IL US",-10,-17.8,2019-01-27,-9.6,-18.61
2208,USC00111550,"CHICAGO NORTHERLY ISLAND, IL US",1.7,-12.8,2019-01-28,1.28,-13.8
2209,USC00111550,"CHICAGO NORTHERLY ISLAND, IL US",-11.7,-22.2,2019-01-29,-10.97,-21.48
2210,USC00111550,"CHICAGO NORTHERLY ISLAND, IL US",-21.7,-29.4,2019-01-30,-21.93,-29.44
2211,USC00111550,"CHICAGO NORTHERLY ISLAND, IL US",-16.1,-27.2,2019-01-31,-16.31,-28.2
2212,USC00111550,"CHICAGO NORTHERLY ISLAND, IL US",-7.8,-16.1,2019-02-01,-6.6,-18.35
2213,USC00111550,"CHICAGO NORTHERLY ISLAND, IL US",5.6,-8.9,2019-02-02,5.13,-10.09
2214,USC00111550,"CHICAGO NORTHERLY ISLAND, IL US",10,4.4,2019-02-03,9.45,2.41
2215,USC00111550,"CHICAGO NORTHERLY ISLAND, IL US",10.6,0,2019-02-04,10.59,0.51
2216,USC00111550,"CHICAGO NORTHERLY ISLAND, IL US",0.6,-3.3,2019-02-05,0.94,-2.9
2217,USC00111550,"CHICAGO NORTHERLY ISLAND, IL US",2.8,0,2019-02-06,3.34,0.08
2218,USC00111550,"CHICAGO NORTHERLY ISLAND, IL US",7.8,-12.2,2019-02-07,7.96,-10.05
2219,USC00111550,"CHICAGO NORTHERLY ISLAND, IL US",-10,-14.4,2019-02-08,-8.82,-14.7
2220,USC00111550,"CHICAGO NORTHERLY ISLAND, IL US",-0.6,-2.8,2019-02-11,-0.19,-2.81
2221,USC00111550,"CHICAGO NORTHERLY ISLAND, IL US",1.1,-6.1,2019-02-12,1.08,-5.81
2222,USC00111550,"CHICAGO NORTHERLY ISLAND, IL US",-1.1,-10,2019-02-13,-0.97,-10.08
2223,USC00111550,"CHICAGO NORTHERLY ISLAND, IL US",7.8,-1.7,2019-02-14,7.77,-2.95
2224,USC00111550,"CHICAGO NORTHERLY ISLAND, IL US",1.1,-11.1,2019-02-15,0.61,-11.09
2225,USC00111550,"CHICAGO NORTHERLY ISLAND, IL US",-1.1,-7.8,2019-02-16,-1.32,-8.27
2226,USC00111550,"CHICAGO NORTHERLY ISLAND, IL US",-2.2,-3.9,2019-02-17,-1.9,-4.34
2227,USC00111550,"CHICAGO NORTHERLY ISLAND, IL US",-1.7,-5,2019-02-18,-0.82,-6.05
2228,USC00111550,"CHICAGO NORTHERLY ISLAND, IL US",-1.1,-7.2,2019-02-19,0.24,-9.7
2229,USC00111550,"CHICAGO NORTHERLY ISLAND, IL US",2.8,-2.2,2019-02-20,3.08,-3.48
2230,USC00111550,"CHICAGO NORTHERLY ISLAND, IL US",1.7,-2.8,2019-02-21,2.24,-3.58
2231,USC00111550,"CHICAGO NORTHERLY ISLAND, IL US",1.7,-3.9,2019-02-22,3.12,-5.32
2232,USC00111550,"CHICAGO NORTHERLY ISLAND, IL US",9.4,0,2019-02-23,9.27,-0.03
2233,USC00111550,"CHICAGO NORTHERLY ISLAND, IL US",-1.1,-8.3,2019-02-27,-0.53,-8.23
2234,USC00111550,"CHICAGO NORTHERLY ISLAND, IL US",-3.3,-8.9,2019-02-28,-2.61,-9.6
2235,USC00111550,"CHICAGO NORTHERLY ISLAND, IL US",-0.6,-3.9,2019-03-01,0.52,-5.39
2236,USC00111550,"CHICAGO NORTHERLY ISLAND, IL US",0.6,-2.8,2019-03-02,0.82,-3.11
2237,USC00111550,"CHICAGO NORTHERLY ISLAND, IL US",-2.8,-6.7,2019-03-07,-2.17,-8.59
2238,USC00111550,"CHICAGO NORTHERLY ISLAND, IL US",1.1,-3.9,2019-03-08,3.32,-6.06
2239,USC00111550,"CHICAGO NORTHERLY ISLAND, IL US",9.4,-1.7,2019-03-12,9.56,-3.85
2240,USC00111550,"CHICAGO NORTHERLY ISLAND, IL US",13.3,4.4,2019-03-13,14.63,3.24
2241,USC00111550,"CHICAGO NORTHERLY ISLAND, IL US",16.7,4.4,2019-03-14,17.19,4.41
2242,USC00111550,"CHICAGO NORTHERLY ISLAND, IL US",3.3,0,2019-03-26,6.46,-2.64
2243,USC00111550,"CHICAGO NORTHERLY ISLAND, IL US",13.9,0.6,2019-03-27,14.31,-1.39
2244,USC00111550,"CHICAGO NORTHERLY ISLAND, IL US",16.7,5,2019-03-28,17.83,4.51
2245,USC00111550,"CHICAGO NORTHERLY ISLAND, IL US",6.7,2.8,2019-03-29,11.51,3.24
2246,USC00111550,"CHICAGO NORTHERLY ISLAND, IL US",5.6,-1.1,2019-03-30,6.85,-0.41
2247,USC00111550,"CHICAGO NORTHERLY ISLAND, IL US",2.2,-3.3,2019-03-31,3.57,-3.85
2248,USC00111550,"CHICAGO NORTHERLY ISLAND, IL US",8.3,-2.2,2019-04-01,9.01,-2.98
2249,USC00111550,"CHICAGO NORTHERLY ISLAND, IL US",12.2,3.9,2019-04-02,13.26,2.92
2250,USC00111550,"CHICAGO NORTHERLY ISLAND, IL US",13.9,4.4,2019-04-03,14.76,3.41
2251,USC00111550,"CHICAGO NORTHERLY ISLAND, IL US",9.4,3.3,2019-04-04,9.66,3.76
2252,USC00111550,"CHICAGO NORTHERLY ISLAND, IL US",6.1,3.3,2019-04-05,11.57,3.94
2253,USC00111550,"CHICAGO NORTHERLY ISLAND, IL US",9.4,4.4,2019-04-06,15.79,4.53
2254,USC00111550,"CHICAGO NORTHERLY ISLAND, IL US",20.6,7.8,2019-04-07,20.78,9.66
2255,USC00111550,"CHICAGO NORTHERLY ISLAND, IL US",20.6,10,2019-04-08,22.25,11.46
2256,USC00111550,"CHICAGO NORTHERLY ISLAND, IL US",18.3,3.9,2019-04-09,19.54,4.47
2257,USC00111550,"CHICAGO NORTHERLY ISLAND, IL US",4.4,1.7,2019-04-10,6.15,1.94
2258,USC00111550,"CHICAGO NORTHERLY ISLAND, IL US",11.7,3.3,2019-04-11,13.2,3.27
2259,USC00111550,"CHICAGO NORTHERLY ISLAND, IL US",11.7,5,2019-04-12,12.17,4.5
2260,USC00111550,"CHICAGO NORTHERLY ISLAND, IL US",11.7,3.3,2019-04-13,11.82,2.48
2261,USC00111550,"CHICAGO NORTHERLY ISLAND, IL US",3.9,0,2019-04-14,4.53,0.34
2262,USC00111550,"CHICAGO NORTHERLY ISLAND, IL US",11.7,1.1,2019-04-15,11.49,0.35
2263,USC00111550,"CHICAGO NORTHERLY ISLAND, IL US",21.1,6.1,2019-04-16,22.16,5.94
2264,USC00111550,"CHICAGO NORTHERLY ISLAND, IL US",23.9,6.1,2019-04-17,24.35,7.14
2265,USC00111550,"CHICAGO NORTHERLY ISLAND, IL US",18.3,5,2019-04-18,18.78,6.16
2266,USC00111550,"CHICAGO NORTHERLY ISLAND, IL US",6.7,3.9,2019-04-19,8.97,4.57
2267,USC00111550,"CHICAGO NORTHERLY ISLAND, IL US",14.4,5,2019-04-20,15.62,4.15
2268,USC00111550,"CHICAGO NORTHERLY ISLAND, IL US",23.3,7.2,2019-04-21,24.47,5.67
2269,USC00111550,"CHICAGO NORTHERLY ISLAND, IL US",26.1,11.7,2019-04-22,26.59,12.68
2270,USC00111550,"CHICAGO NORTHERLY ISLAND, IL US",19.4,6.1,2019-04-23,19.41,7.68
2271,USC00111550,"CHICAGO NORTHERLY ISLAND, IL US",11.1,6.1,2019-04-24,15.84,5.31
2272,USC00111550,"CHICAGO NORTHERLY ISLAND, IL US",12.2,7.2,2019-04-25,16.82,7
2273,USC00111550,"CHICAGO NORTHERLY ISLAND, IL US",16.7,7.2,2019-04-26,17.46,8.36
2274,USC00111550,"CHICAGO NORTHERLY ISLAND, IL US",7.8,0.6,2019-04-27,8.83,0.82
2275,USC00111550,"CHICAGO NORTHERLY ISLAND, IL US",7.8,3.3,2019-04-28,10.48,1.16
2276,USC00111550,"CHICAGO NORTHERLY ISLAND, IL US",11.1,6.1,2019-04-29,11.42,5.81
2277,USC00111550,"CHICAGO NORTHERLY ISLAND, IL US",7.8,3.3,2019-04-30,8.94,3.91
2278,USC00111550,"CHICAGO NORTHERLY ISLAND, IL US",15,5,2019-05-01,15.49,6.29
2279,USC00111550,"CHICAGO NORTHERLY ISLAND, IL US",7.2,4.4,2019-05-02,9.1,5.4
2280,USC00111550,"CHICAGO NORTHERLY ISLAND, IL US",8.9,5,2019-05-03,11.33,5.46
2281,USC00111550,"CHICAGO NORTHERLY ISLAND, IL US",11.7,6.1,2019-05-04,14.59,5.43
2282,USC00111550,"CHICAGO NORTHERLY ISLAND, IL US",21.7,8.3,2019-05-05,22.67,7
2283,USC00111550,"CHICAGO NORTHERLY ISLAND, IL US",20.6,6.1,2019-05-06,21.49,8.36
2284,USC00111550,"CHICAGO NORTHERLY ISLAND, IL US",7.8,5.6,2019-05-07,10.6,6.34
2285,USC00111550,"CHICAGO NORTHERLY ISLAND, IL US",16.7,6.7,2019-05-08,19.83,7.72
2286,USC00111550,"CHICAGO NORTHERLY ISLAND, IL US",20,8.9,2019-05-09,20.51,9.03
2287,USC00111550,"CHICAGO NORTHERLY ISLAND, IL US",9.4,5.6,2019-05-10,12.08,5.86
2288,USC00111550,"CHICAGO NORTHERLY ISLAND, IL US",10,6.1,2019-05-11,11.81,5.86
2289,USC00111550,"CHICAGO NORTHERLY ISLAND, IL US",8.3,5.6,2019-05-12,11.05,5.78
2290,USC00111550,"CHICAGO NORTHERLY ISLAND, IL US",11.1,6.7,2019-05-13,13.86,5.95
2291,USC00111550,"CHICAGO NORTHERLY ISLAND, IL US",16.1,7.8,2019-05-14,19.62,5.64
2292,USC00111550,"CHICAGO NORTHERLY ISLAND, IL US",24.4,11.1,2019-05-15,24.32,10.15
2293,USC00111550,"CHICAGO NORTHERLY ISLAND, IL US",23.9,13.9,2019-05-16,24.33,14.2
2294,USC00111550,"CHICAGO NORTHERLY ISLAND, IL US",20,6.1,2019-05-17,20.25,7.56
2295,USC00111550,"CHICAGO NORTHERLY ISLAND, IL US",18.9,6.1,2019-05-18,25.02,6.67
2296,USC00111550,"CHICAGO NORTHERLY ISLAND, IL US",22.8,7.8,2019-05-19,24.22,9.82
2297,USC00111550,"CHICAGO NORTHERLY ISLAND, IL US",13.3,7.2,2019-05-20,14.42,7.55
2298,USC00111550,"CHICAGO NORTHERLY ISLAND, IL US",11.7,7.2,2019-05-21,12.52,7.2
2299,USC00111550,"CHICAGO NORTHERLY ISLAND, IL US",27.2,10,2019-05-22,27.06,9.67
2300,USC00111550,"CHICAGO NORTHERLY ISLAND, IL US",23.9,13.3,2019-05-23,24.45,14.53
2301,USC00111550,"CHICAGO NORTHERLY ISLAND, IL US",25,11.1,2019-05-24,24.18,12.08
2302,USC00111550,"CHICAGO NORTHERLY ISLAND, IL US",27.2,21.1,2019-05-25,27.82,19.84
2303,USC00111550,"CHICAGO NORTHERLY ISLAND, IL US",23.3,10.6,2019-05-26,23.68,12.45
2304,USC00111550,"CHICAGO NORTHERLY ISLAND, IL US",21.7,11.1,2019-05-27,23.28,11.43
2305,USC00111550,"CHICAGO NORTHERLY ISLAND, IL US",21.7,8.3,2019-05-28,21.9,10.46
2306,USC00111550,"CHICAGO NORTHERLY ISLAND, IL US",15.6,9.4,2019-05-29,20.7,10.34
2307,USC00111550,"CHICAGO NORTHERLY ISLAND, IL US",19.4,13.3,2019-05-30,24.27,14.83
2308,USC00111550,"CHICAGO NORTHERLY ISLAND, IL US",27.2,16.7,2019-05-31,27.88,15.54
2309,USC00111550,"CHICAGO NORTHERLY ISLAND, IL US",23.3,10.6,2019-06-01,25.86,12.15
2310,USC00111550,"CHICAGO NORTHERLY ISLAND, IL US",16.1,10,2019-06-02,19.85,10.46
2311,USC00111550,"CHICAGO NORTHERLY ISLAND, IL US",13.9,9.4,2019-06-03,18.16,9.59
2312,USC00111550,"CHICAGO NORTHERLY ISLAND, IL US",27.8,12.8,2019-06-04,27.83,13.07
2313,USC00111550,"CHICAGO NORTHERLY ISLAND, IL US",27.2,12.2,2019-06-05,28.69,14.14
2314,USC00111550,"CHICAGO NORTHERLY ISLAND, IL US",15,11.1,2019-06-06,21.09,12.6
2315,USC00111550,"CHICAGO NORTHERLY ISLAND, IL US",18.9,11.7,2019-06-07,24,12.7
2316,USC00111550,"CHICAGO NORTHERLY ISLAND, IL US",18.9,14.4,2019-06-08,23.75,14.69
2317,USC00111550,"CHICAGO NORTHERLY ISLAND, IL US",18.9,15,2019-06-09,21.94,16.56
2318,USC00111550,"CHICAGO NORTHERLY ISLAND, IL US",19.4,15,2019-06-10,22.26,14.73
2319,USC00111550,"CHICAGO NORTHERLY ISLAND, IL US",25,15.6,2019-06-11,26.71,13.51
2320,USC00111550,"CHICAGO NORTHERLY ISLAND, IL US",22.8,13.9,2019-06-12,23.62,13.52
2321,USC00111550,"CHICAGO NORTHERLY ISLAND, IL US",17.2,10.6,2019-06-13,18.83,10.75
2322,USC00111550,"CHICAGO NORTHERLY ISLAND, IL US",26.1,12.2,2019-06-14,26.1,10.85
2323,USC00111550,"CHICAGO NORTHERLY ISLAND, IL US",20.6,11.7,2019-06-15,21.54,12.99
2324,USC00111550,"CHICAGO NORTHERLY ISLAND, IL US",15.6,11.7,2019-06-16,17.35,12.4
2325,USC00111550,"CHICAGO NORTHERLY ISLAND, IL US",15,11.7,2019-06-17,17.87,12.3
2326,USC00111550,"CHICAGO NORTHERLY ISLAND, IL US",17.2,12.2,2019-06-18,22.77,12.98
2327,USC00111550,"CHICAGO NORTHERLY ISLAND, IL US",17.2,11.7,2019-06-19,21.19,12.93
2328,USC00111550,"CHICAGO NORTHERLY ISLAND, IL US",18.3,12.2,2019-06-20,19.97,12.11
2329,USC00111550,"CHICAGO NORTHERLY ISLAND, IL US",19.4,13.3,2019-06-21,21.01,11.35
2330,USC00111550,"CHICAGO NORTHERLY ISLAND, IL US",19.4,13.9,2019-06-22,24.45,14.89
2331,USC00111550,"CHICAGO NORTHERLY ISLAND, IL US",25.6,15,2019-06-23,27.18,17.09
2332,USC00111550,"CHICAGO NORTHERLY ISLAND, IL US",25,20,2019-06-24,25.76,18.91
2333,USC00111550,"CHICAGO NORTHERLY ISLAND, IL US",29.4,17.2,2019-06-25,29.64,16.84
2334,USC00111550,"CHICAGO NORTHERLY ISLAND, IL US",27.8,18.3,2019-06-26,30.31,19.37
2335,USC00111550,"CHICAGO NORTHERLY ISLAND, IL US",25.6,17.8,2019-06-27,29.85,19.16
2336,USC00111550,"CHICAGO NORTHERLY ISLAND, IL US",30,17.8,2019-06-28,31.39,20.12
2337,USC00111550,"CHICAGO NORTHERLY ISLAND, IL US",24.4,17.8,2019-06-29,28.69,19.95
2338,USC00111550,"CHICAGO NORTHERLY ISLAND, IL US",25,19.4,2019-06-30,29.63,20.57
2339,USC00111550,"CHICAGO NORTHERLY ISLAND, IL US",27.8,20.6,2019-07-01,31.13,20.62
2340,USC00111550,"CHICAGO NORTHERLY ISLAND, IL US",32.8,20,2019-07-02,33.56,21.2
2341,USC00111550,"CHICAGO NORTHERLY ISLAND, IL US",24.4,19.4,2019-07-03,28.49,20.73
2342,USC00111550,"CHICAGO NORTHERLY ISLAND, IL US",31.7,19.4,2019-07-04,32.38,20.36
2343,USC00111550,"CHICAGO NORTHERLY ISLAND, IL US",32.2,21.7,2019-07-05,33.29,22.95
2344,USC00111550,"CHICAGO NORTHERLY ISLAND, IL US",24.4,18.3,2019-07-06,27.65,19.97
2345,USC00111550,"CHICAGO NORTHERLY ISLAND, IL US",21.1,17.2,2019-07-07,24.67,18
2346,USC00111550,"CHICAGO NORTHERLY ISLAND, IL US",22.8,17.2,2019-07-08,26.16,16.89
2347,USC00111550,"CHICAGO NORTHERLY ISLAND, IL US",25.6,18.3,2019-07-09,29.7,17.47
2348,USC00111550,"CHICAGO NORTHERLY ISLAND, IL US",34.4,24.4,2019-07-10,34.61,23.41
2349,USC00111550,"CHICAGO NORTHERLY ISLAND, IL US",25,17.8,2019-07-11,27.06,18.5
2350,USC00111550,"CHICAGO NORTHERLY ISLAND, IL US",28.9,17.2,2019-07-12,29.82,16.21
2351,USC00111550,"CHICAGO NORTHERLY ISLAND, IL US",32.8,21.7,2019-07-13,33.83,20.84
2352,USC00111550,"CHICAGO NORTHERLY ISLAND, IL US",26.1,20.6,2019-07-14,30.34,20.91
2353,USC00111550,"CHICAGO NORTHERLY ISLAND, IL US",32.2,22.2,2019-07-15,32.99,22.36
2354,USC00111550,"CHICAGO NORTHERLY ISLAND, IL US",27.8,20.6,2019-07-16,28.98,21.55
2355,USC00111550,"CHICAGO NORTHERLY ISLAND, IL US",28.3,21.1,2019-07-17,31.2,22.32
2356,USC00111550,"CHICAGO NORTHERLY ISLAND, IL US",30.6,20.6,2019-07-18,31.02,21.37
2357,USC00111550,"CHICAGO NORTHERLY ISLAND, IL US",33.9,26.7,2019-07-19,34.33,26.28
2358,USC00111550,"CHICAGO NORTHERLY ISLAND, IL US",35,20.6,2019-07-20,35.58,22.74
2359,USC00111550,"CHICAGO NORTHERLY ISLAND, IL US",22.8,18.9,2019-07-21,26.58,20.35
2360,USC00111550,"CHICAGO NORTHERLY ISLAND, IL US",22.2,18.3,2019-07-22,23.87,17.6
2361,USC00111550,"CHICAGO NORTHERLY ISLAND, IL US",24.4,18.3,2019-07-23,25.97,16.39
2362,USC00111550,"CHICAGO NORTHERLY ISLAND, IL US",23.3,18.3,2019-07-24,25.46,16.24
2363,USC00111550,"CHICAGO NORTHERLY ISLAND, IL US",26.7,18.9,2019-07-25,28.75,16.97
2364,USC00111550,"CHICAGO NORTHERLY ISLAND, IL US",28.9,20.6,2019-07-26,29.39,19.14
2365,USC00111550,"CHICAGO NORTHERLY ISLAND, IL US",31.1,22.2,2019-07-27,31.43,21.7
2366,USC00111550,"CHICAGO NORTHERLY ISLAND, IL US",31.7,22.8,2019-07-28,31.99,22.86
2367,USC00111550,"CHICAGO NORTHERLY ISLAND, IL US",27.2,21.7,2019-07-29,28.21,21.02
2368,USC00111550,"CHICAGO NORTHERLY ISLAND, IL US",23.3,18.9,2019-07-30,25.03,18.12
2369,USC00111550,"CHICAGO NORTHERLY ISLAND, IL US",22.8,18.3,2019-07-31,23.66,16.62
2370,USC00111550,"CHICAGO NORTHERLY ISLAND, IL US",24.4,18.9,2019-08-01,25.98,16.03
2371,USC00111550,"CHICAGO NORTHERLY ISLAND, IL US",25,19.4,2019-08-02,26.9,16.63
2372,USC00111550,"CHICAGO NORTHERLY ISLAND, IL US",27.2,20.6,2019-08-06,28.36,20
2373,USC00111550,"CHICAGO NORTHERLY ISLAND, IL US",30,21.1,2019-08-07,30.86,19.21
2374,USC00111550,"CHICAGO NORTHERLY ISLAND, IL US",28.9,21.1,2019-08-08,29.85,19.96
2375,USC00111550,"CHICAGO NORTHERLY ISLAND, IL US",25.6,19.4,2019-08-09,27.18,17.48
2376,USC00111550,"CHICAGO NORTHERLY ISLAND, IL US",26.7,20.6,2019-08-10,28.73,19.02
2377,USC00111550,"CHICAGO NORTHERLY ISLAND, IL US",28.3,20.6,2019-08-11,28.75,19.4
2378,USC00111550,"CHICAGO NORTHERLY ISLAND, IL US",26.7,21.1,2019-08-12,28.13,21.32
2379,USC00111550,"CHICAGO NORTHERLY ISLAND, IL US",26.7,21.7,2019-08-13,28.33,20.93
2380,USC00111550,"CHICAGO NORTHERLY ISLAND, IL US",27.2,20.6,2019-08-14,28.08,19.22
2381,USC00111550,"CHICAGO NORTHERLY ISLAND, IL US",25,19.4,2019-08-15,25.77,17.97
2382,USC00111550,"CHICAGO NORTHERLY ISLAND, IL US",28.9,18.3,2019-08-16,29.03,17.15
2383,USC00111550,"CHICAGO NORTHERLY ISLAND, IL US",26.1,21.7,2019-08-17,26.09,19.88
2384,USC00111550,"CHICAGO NORTHERLY ISLAND, IL US",28.3,19.4,2019-08-18,28.69,19.81
2385,USC00111550,"CHICAGO NORTHERLY ISLAND, IL US",26.1,21.7,2019-08-19,28.76,21.11
2386,USC00111550,"CHICAGO NORTHERLY ISLAND, IL US",25.6,21.7,2019-08-20,26.2,20.37
2387,USC00111550,"CHICAGO NORTHERLY ISLAND, IL US",28.3,20.6,2019-08-21,28.89,19.07
2388,USC00111550,"CHICAGO NORTHERLY ISLAND, IL US",24.4,20.6,2019-08-22,25.12,19.05
2389,USC00111550,"CHICAGO NORTHERLY ISLAND, IL US",22.8,18.9,2019-08-23,23.33,16.99
2390,USC00111550,"CHICAGO NORTHERLY ISLAND, IL US",22.2,18.9,2019-08-24,23.6,16.48
2391,USC00111550,"CHICAGO NORTHERLY ISLAND, IL US",23.3,18.3,2019-08-25,24.75,16.24
2392,USC00111550,"CHICAGO NORTHERLY ISLAND, IL US",23.9,18.9,2019-08-26,24.81,17.99
2393,USC00111550,"CHICAGO NORTHERLY ISLAND, IL US",27.2,19.4,2019-08-27,27.16,18.59
2394,USC00111550,"CHICAGO NORTHERLY ISLAND, IL US",24.4,17.2,2019-08-28,24.75,15.79
2395,USC00111550,"CHICAGO NORTHERLY ISLAND, IL US",29.4,16.7,2019-08-29,29.44,15.09
2396,USC00111550,"CHICAGO NORTHERLY ISLAND, IL US",21.7,17.2,2019-08-30,22.82,15.7
2397,USC00111550,"CHICAGO NORTHERLY ISLAND, IL US",22.2,17.8,2019-08-31,23.53,16.05
2398,USC00111550,"CHICAGO NORTHERLY ISLAND, IL US",21.1,16.7,2019-09-01,22.81,16.09
2399,USC00111550,"CHICAGO NORTHERLY ISLAND, IL US",26.1,16.7,2019-09-02,27.55,16.32
2400,USC00111550,"CHICAGO NORTHERLY ISLAND, IL US",27.2,18.9,2019-09-03,27.23,19.1
2401,USC00111550,"CHICAGO NORTHERLY ISLAND, IL US",21.1,16.1,2019-09-04,21.12,15.51
2402,USC00111550,"CHICAGO NORTHERLY ISLAND, IL US",20.6,15,2019-09-05,21.96,13.5
2403,USC00111550,"CHICAGO NORTHERLY ISLAND, IL US",22.2,17.8,2019-09-06,22.91,16.62
2404,USC00111550,"CHICAGO NORTHERLY ISLAND, IL US",25.6,15.6,2019-09-07,26.15,14.39
2405,USC00111550,"CHICAGO NORTHERLY ISLAND, IL US",18.9,16.1,2019-09-08,19.29,15.79
2406,USC00111550,"CHICAGO NORTHERLY ISLAND, IL US",22.8,16.7,2019-09-09,24.13,15.75
2407,USC00111550,"CHICAGO NORTHERLY ISLAND, IL US",32.2,20,2019-09-10,32.26,20.58
2408,USC00111550,"CHICAGO NORTHERLY ISLAND, IL US",32.2,18.9,2019-09-11,32.44,19.69
2409,USC00111550,"CHICAGO NORTHERLY ISLAND, IL US",24.4,17.8,2019-09-12,26.61,18.5
2410,USC00111550,"CHICAGO NORTHERLY ISLAND, IL US",25,17.8,2019-09-13,25.93,17.01
2411,USC00111550,"CHICAGO NORTHERLY ISLAND, IL US",27.2,15.6,2019-09-14,27.35,14.49
2412,USC00111550,"CHICAGO NORTHERLY ISLAND, IL US",26.1,17.2,2019-09-15,25.88,17.02
2413,USC00111550,"CHICAGO NORTHERLY ISLAND, IL US",22.2,18.3,2019-09-16,23.49,18.62
2414,USC00111550,"CHICAGO NORTHERLY ISLAND, IL US",22.2,17.8,2019-09-17,25.07,17.91
2415,USC00111550,"CHICAGO NORTHERLY ISLAND, IL US",23.3,16.7,2019-09-18,26.8,16.68
2416,USC00111550,"CHICAGO NORTHERLY ISLAND, IL US",27.8,17.8,2019-09-19,28.76,17.22
2417,USC00111550,"CHICAGO NORTHERLY ISLAND, IL US",27.2,18.9,2019-09-20,29.01,18.99
2418,USC00111550,"CHICAGO NORTHERLY ISLAND, IL US",26.7,21.1,2019-09-21,27.02,21.12
2419,USC00111550,"CHICAGO NORTHERLY ISLAND, IL US",25.6,19.4,2019-09-22,25.85,19.64
2420,USC00111550,"CHICAGO NORTHERLY ISLAND, IL US",23.3,16.7,2019-09-23,23.78,15.96
2421,USC00111550,"CHICAGO NORTHERLY ISLAND, IL US",26.1,16.1,2019-09-24,26.4,14.5
2422,USC00111550,"CHICAGO NORTHERLY ISLAND, IL US",26.1,18.3,2019-09-25,26.51,17.55
2423,USC00111550,"CHICAGO NORTHERLY ISLAND, IL US",22.8,13.9,2019-09-26,22.78,13.34
2424,USC00111550,"CHICAGO NORTHERLY ISLAND, IL US",20.6,13.9,2019-09-27,21.17,13.78
2425,USC00111550,"CHICAGO NORTHERLY ISLAND, IL US",19.4,13.9,2019-09-28,19.45,14.36
2426,USC00111550,"CHICAGO NORTHERLY ISLAND, IL US",17.8,14.4,2019-09-29,19.31,15.63
2427,USC00111550,"CHICAGO NORTHERLY ISLAND, IL US",30,15.6,2019-09-30,30.03,17.56
2428,USC00111550,"CHICAGO NORTHERLY ISLAND, IL US",30.6,17.8,2019-10-01,30.87,19.7
2429,USC00111550,"CHICAGO NORTHERLY ISLAND, IL US",18.9,13.9,2019-10-02,21.57,15.04
2430,USC00111550,"CHICAGO NORTHERLY ISLAND, IL US",19.4,11.7,2019-10-03,20.03,11.89
2431,USC00111550,"CHICAGO NORTHERLY ISLAND, IL US",15.6,10,2019-10-04,15.41,8.86
2432,USC00111550,"CHICAGO NORTHERLY ISLAND, IL US",17.2,10,2019-10-05,17.73,9.19
2433,USC00111550,"CHICAGO NORTHERLY ISLAND, IL US",20.6,11.7,2019-10-06,20.37,10.89
2434,USC00111550,"CHICAGO NORTHERLY ISLAND, IL US",21.1,11.1,2019-10-07,21.32,9.91
2435,USC00111550,"CHICAGO NORTHERLY ISLAND, IL US",18.9,11.1,2019-10-08,20.93,9
2436,USC00111550,"CHICAGO NORTHERLY ISLAND, IL US",17.8,11.7,2019-10-09,20.89,10.13
2437,USC00111550,"CHICAGO NORTHERLY ISLAND, IL US",19.4,10,2019-10-10,21.36,10.94
2438,USC00111550,"CHICAGO NORTHERLY ISLAND, IL US",20,4.4,2019-10-11,20.03,5.34
2439,USC00111550,"CHICAGO NORTHERLY ISLAND, IL US",12.8,2.8,2019-10-12,12.94,2.56
2440,USC00111550,"CHICAGO NORTHERLY ISLAND, IL US",12.2,5,2019-10-13,12.89,4.06
2441,USC00111550,"CHICAGO NORTHERLY ISLAND, IL US",12.8,4.4,2019-10-14,12.82,3.71
2442,USC00111550,"CHICAGO NORTHERLY ISLAND, IL US",18.3,7.8,2019-10-15,18.09,5.32
2443,USC00111550,"CHICAGO NORTHERLY ISLAND, IL US",11.1,7.8,2019-10-16,11.66,6.56
2444,USC00111550,"CHICAGO NORTHERLY ISLAND, IL US",11.7,7.2,2019-10-17,12.27,5.26
2445,USC00111550,"CHICAGO NORTHERLY ISLAND, IL US",15.6,2.2,2019-10-18,15.37,2.63
2446,USC00111550,"CHICAGO NORTHERLY ISLAND, IL US",20.6,7.8,2019-10-19,20.26,6.64
2447,USC00111550,"CHICAGO NORTHERLY ISLAND, IL US",15,9.4,2019-10-20,15.97,9.13
2448,USC00111550,"CHICAGO NORTHERLY ISLAND, IL US",19.4,10.6,2019-10-21,19.5,10.53
2449,USC00111550,"CHICAGO NORTHERLY ISLAND, IL US",11.7,7.8,2019-10-22,11.58,7.44
2450,USC00111550,"CHICAGO NORTHERLY ISLAND, IL US",15.6,5,2019-10-23,15.49,4.6
2451,USC00111550,"CHICAGO NORTHERLY ISLAND, IL US",9.4,6.7,2019-10-24,10.54,5.7
2452,USC00111550,"CHICAGO NORTHERLY ISLAND, IL US",9.4,6.1,2019-10-25,9.58,4.37
2453,USC00111550,"CHICAGO NORTHERLY ISLAND, IL US",10,5.6,2019-10-26,10.76,3.46
2454,USC00111550,"CHICAGO NORTHERLY ISLAND, IL US",15,7.2,2019-10-27,14.75,6.39
2455,USC00111550,"CHICAGO NORTHERLY ISLAND, IL US",10.6,7.2,2019-10-28,11.53,5.64
2456,USC00111550,"CHICAGO NORTHERLY ISLAND, IL US",8.3,3.3,2019-10-29,8.37,2.82
2457,USC00111550,"CHICAGO NORTHERLY ISLAND, IL US",6.1,2.2,2019-10-30,5.89,1.45
2458,USC00111550,"CHICAGO NORTHERLY ISLAND, IL US",5,-2.2,2019-10-31,3.63,-2.6
2459,USC00111550,"CHICAGO NORTHERLY ISLAND, IL US",7.2,-2.8,2019-11-01,6.65,-4.04
2460,USC00111550,"CHICAGO NORTHERLY ISLAND, IL US",6.1,2.2,2019-11-02,6.66,0.41
2461,USC00111550,"CHICAGO NORTHERLY ISLAND, IL US",11.7,0.6,2019-11-03,11.42,-0.62
2462,USC00111550,"CHICAGO NORTHERLY ISLAND, IL US",11.7,5,2019-11-04,11.9,3.94
2463,USC00111550,"CHICAGO NORTHERLY ISLAND, IL US",5.6,1.7,2019-11-05,6.02,0
2464,USC00111550,"CHICAGO NORTHERLY ISLAND, IL US",13.3,0,2019-11-06,12.85,-0.59
2465,USC00111550,"CHICAGO NORTHERLY ISLAND, IL US",0.6,-5,2019-11-07,1.39,-4.72
2466,USC00111550,"CHICAGO NORTHERLY ISLAND, IL US",1.1,-6.1,2019-11-08,1.14,-7.16
2467,USC00111550,"CHICAGO NORTHERLY ISLAND, IL US",8.3,-2.2,2019-11-09,8.09,-3
2468,USC00111550,"CHICAGO NORTHERLY ISLAND, IL US",7.8,2.8,2019-11-10,6.95,1.81
2469,USC00111550,"CHICAGO NORTHERLY ISLAND, IL US",2.8,-8.3,2019-11-11,2.57,-8.19
2470,USC00111550,"CHICAGO NORTHERLY ISLAND, IL US",-6.1,-11.1,2019-11-12,-6.52,-12.28
2471,USC00111550,"CHICAGO NORTHERLY ISLAND, IL US",-2.2,-10,2019-11-13,-2.27,-11.4
2472,USC00111550,"CHICAGO NORTHERLY ISLAND, IL US",0.6,-3.3,2019-11-14,0.04,-4.69
2473,USC00111550,"CHICAGO NORTHERLY ISLAND, IL US",3.3,-3.9,2019-11-15,3.28,-5.13
2474,USC00111550,"CHICAGO NORTHERLY ISLAND, IL US",3.9,0.6,2019-11-16,4.76,-2.29
2475,USC00111550,"CHICAGO NORTHERLY ISLAND, IL US",4.4,-1.7,2019-11-17,4.81,-2.52
2476,USC00111550,"CHICAGO NORTHERLY ISLAND, IL US",4.4,2.2,2019-11-18,4.85,1.68
2477,USC00111550,"CHICAGO NORTHERLY ISLAND, IL US",4.4,1.7,2019-11-19,5.23,1.94
2478,USC00111550,"CHICAGO NORTHERLY ISLAND, IL US",8.9,3.9,2019-11-20,9.14,3.68
2479,USC00111550,"CHICAGO NORTHERLY ISLAND, IL US",12.8,3.9,2019-11-21,12.91,3.91
2480,USC00111550,"CHICAGO NORTHERLY ISLAND, IL US",4.4,-1.1,2019-11-22,4.18,-1.9
2481,USC00111550,"CHICAGO NORTHERLY ISLAND, IL US",4.4,-1.7,2019-11-23,4.57,-3.06
2482,USC00111550,"CHICAGO NORTHERLY ISLAND, IL US",10,1.1,2019-11-24,10.12,0.28
2483,USC00111550,"CHICAGO NORTHERLY ISLAND, IL US",12.8,4.4,2019-11-25,12.85,2.87
2484,USC00111550,"CHICAGO NORTHERLY ISLAND, IL US",9.4,2.2,2019-11-26,10.89,0.47
2485,USC00111550,"CHICAGO NORTHERLY ISLAND, IL US",13.3,1.1,2019-11-27,12.95,1.25
2486,USC00111550,"CHICAGO NORTHERLY ISLAND, IL US",3.3,0.6,2019-11-28,3.68,0.47
2487,USC00111550,"CHICAGO NORTHERLY ISLAND, IL US",3.9,2.8,2019-11-29,4.35,1.94
2488,USC00111550,"CHICAGO NORTHERLY ISLAND, IL US",4.4,2.2,2019-11-30,4.7,2.28
2489,USC00111550,"CHICAGO NORTHERLY ISLAND, IL US",5.6,0.6,2019-12-01,5.71,0.84
2490,USC00111550,"CHICAGO NORTHERLY ISLAND, IL US",2.2,-1.1,2019-12-02,2.62,-0.95
2491,USC00111550,"CHICAGO NORTHERLY ISLAND, IL US",4.4,-1.1,2019-12-03,4.45,-1.31
2492,USC00111550,"CHICAGO NORTHERLY ISLAND, IL US",6.1,0.6,2019-12-04,6.42,0.21
2493,USC00111550,"CHICAGO NORTHERLY ISLAND, IL US",7.8,0,2019-12-05,7.84,-1.72
2494,USC00111550,"CHICAGO NORTHERLY ISLAND, IL US",7.2,-0.6,2019-12-06,6.82,-2.72
2495,USC00111550,"CHICAGO NORTHERLY ISLAND, IL US",3.9,-1.7,2019-12-07,3.68,-4.03
2496,USC00111550,"CHICAGO NORTHERLY ISLAND, IL US",8.9,2.8,2019-12-08,8.67,1.15
2497,USC00111550,"CHICAGO NORTHERLY ISLAND, IL US",9.4,-3.3,2019-12-09,9.26,-2.63
2498,USC00111550,"CHICAGO NORTHERLY ISLAND, IL US",-3.3,-8.3,2019-12-10,-2.88,-8.66
2499,USC00111550,"CHICAGO NORTHERLY ISLAND, IL US",-3.3,-9.4,2019-12-11,-3.65,-9.82
2500,USC00111550,"CHICAGO NORTHERLY ISLAND, IL US",7.2,-5.6,2019-12-12,6.61,-7.14
2501,USC00111550,"CHICAGO NORTHERLY ISLAND, IL US",7.2,1.7,2019-12-13,7.3,-0.03
2502,USC00111550,"CHICAGO NORTHERLY ISLAND, IL US",2.8,-3.3,2019-12-14,2.95,-3.19
2503,USC00111550,"CHICAGO NORTHERLY ISLAND, IL US",-2.2,-6.1,2019-12-15,-2.21,-6.22
2504,USC00111550,"CHICAGO NORTHERLY ISLAND, IL US",0,-3.3,2019-12-16,0.11,-4.11
2505,USC00111550,"CHICAGO NORTHERLY ISLAND, IL US",0,-5,2019-12-17,0.29,-5.82
2506,USC00111550,"CHICAGO NORTHERLY ISLAND, IL US",-1.7,-10,2019-12-18,-2.22,-10.54
2507,USC00111550,"CHICAGO NORTHERLY ISLAND, IL US",2.8,-8.3,2019-12-19,2.58,-8.98
2508,USC00111550,"CHICAGO NORTHERLY ISLAND, IL US",5,-3.3,2019-12-20,5.13,-4.87
2509,USC00111550,"CHICAGO NORTHERLY ISLAND, IL US",9.4,1.1,2019-12-21,9.23,-0.51
2510,USC00111550,"CHICAGO NORTHERLY ISLAND, IL US",11.7,1.7,2019-12-22,11.98,0.73
2511,USC00111550,"CHICAGO NORTHERLY ISLAND, IL US",11.7,1.7,2019-12-23,11.96,1.48
2512,USC00111550,"CHICAGO NORTHERLY ISLAND, IL US",12.8,-2.2,2019-12-24,12.5,-1.75
2513,USC00111550,"CHICAGO NORTHERLY ISLAND, IL US",15,5.6,2019-12-25,15.34,3.55
2514,USC00111550,"CHICAGO NORTHERLY ISLAND, IL US",16.7,4.4,2019-12-26,16.85,4.7
2515,USC00111550,"CHICAGO NORTHERLY ISLAND, IL US",4.4,0,2019-12-27,5.57,-0.99
2516,USC00111550,"CHICAGO NORTHERLY ISLAND, IL US",5.6,0,2019-12-28,8.58,-1.4
2517,USC00111550,"CHICAGO NORTHERLY ISLAND, IL US",14.4,5,2019-12-29,14.77,6.46
2518,USC00111550,"CHICAGO NORTHERLY ISLAND, IL US",8.9,-2.2,2019-12-30,8.78,-1.56
2519,USC00111550,"CHICAGO NORTHERLY ISLAND, IL US",-1.1,-3.3,2019-12-31,-1.23,-3.54
2520,USW00094846,"CHICAGO OHARE INTERNATIONAL AIRPORT, IL US",1.1,-3.2,2019-01-01,0.77,-2.65
2521,USW00094846,"CHICAGO OHARE INTERNATIONAL AIRPORT, IL US",-1,-3.2,2019-01-02,-0.49,-3.23
2522,USW00094846,"CHICAGO OHARE INTERNATIONAL AIRPORT, IL US",3.3,-4.3,2019-01-03,3.89,-4.56
2523,USW00094846,"CHICAGO OHARE INTERNATIONAL AIRPORT, IL US",8.9,-0.5,2019-01-04,8.88,-2.35
2524,USW00094846,"CHICAGO OHARE INTERNATIONAL AIRPORT, IL US",11.1,0,2019-01-05,11.55,-1.71
2525,USW00094846,"CHICAGO OHARE INTERNATIONAL AIRPORT, IL US",4.4,-1,2019-01-06,5.86,-0.22
2526,USW00094846,"CHICAGO OHARE INTERNATIONAL AIRPORT, IL US",11.7,4.4,2019-01-07,11.28,2.9
2527,USW00094846,"CHICAGO OHARE INTERNATIONAL AIRPORT, IL US",7.2,-4.3,2019-01-08,8.18,-1.91
2528,USW00094846,"CHICAGO OHARE INTERNATIONAL AIRPORT, IL US",-4.3,-9.3,2019-01-09,-3.1,-8.19
2529,USW00094846,"CHICAGO OHARE INTERNATIONAL AIRPORT, IL US",-4.3,-9.9,2019-01-10,-3.65,-9.84
2530,USW00094846,"CHICAGO OHARE INTERNATIONAL AIRPORT, IL US",-1,-8.2,2019-01-11,-0.89,-7.94
2531,USW00094846,"CHICAGO OHARE INTERNATIONAL AIRPORT, IL US",0,-1.6,2019-01-12,-0.23,-3.83
2532,USW00094846,"CHICAGO OHARE INTERNATIONAL AIRPORT, IL US",-0.5,-3.8,2019-01-13,-0.1,-3.37
2533,USW00094846,"CHICAGO OHARE INTERNATIONAL AIRPORT, IL US",-2.7,-4.9,2019-01-14,-2.18,-5.52
2534,USW00094846,"CHICAGO OHARE INTERNATIONAL AIRPORT, IL US",0,-4.3,2019-01-15,0.48,-4.42
2535,USW00094846,"CHICAGO OHARE INTERNATIONAL AIRPORT, IL US",1.1,-2.1,2019-01-16,1.51,-2.75
2536,USW00094846,"CHICAGO OHARE INTERNATIONAL AIRPORT, IL US",1.7,-2.1,2019-01-17,1.62,-2.48
2537,USW00094846,"CHICAGO OHARE INTERNATIONAL AIRPORT, IL US",-0.5,-2.7,2019-01-18,-0.37,-2.45
2538,USW00094846,"CHICAGO OHARE INTERNATIONAL AIRPORT, IL US",-2.1,-11.6,2019-01-19,-2.23,-7.62
2539,USW00094846,"CHICAGO OHARE INTERNATIONAL AIRPORT, IL US",-9.9,-15.5,2019-01-20,-8.71,-14.62
2540,USW00094846,"CHICAGO OHARE INTERNATIONAL AIRPORT, IL US",-8.2,-16,2019-01-21,-8.25,-15.49
2541,USW00094846,"CHICAGO OHARE INTERNATIONAL AIRPORT, IL US",0.6,-10.5,2019-01-22,0.24,-12.43
2542,USW00094846,"CHICAGO OHARE INTERNATIONAL AIRPORT, IL US",1.1,-7.1,2019-01-23,0.24,-7.15
2543,USW00094846,"CHICAGO OHARE INTERNATIONAL AIRPORT, IL US",-5.5,-16.6,2019-01-24,-4.52,-15.31
2544,USW00094846,"CHICAGO OHARE INTERNATIONAL AIRPORT, IL US",-14.9,-21,2019-01-25,-14.08,-21.46
2545,USW00094846,"CHICAGO OHARE INTERNATIONAL AIRPORT, IL US",-11,-21.6,2019-01-26,-10.95,-23.13
2546,USW00094846,"CHICAGO OHARE INTERNATIONAL AIRPORT, IL US",-11.6,-20.5,2019-01-27,-8.73,-21.47
2547,USW00094846,"CHICAGO OHARE INTERNATIONAL AIRPORT, IL US",1.1,-13.2,2019-01-28,0.12,-16.3
2548,USW00094846,"CHICAGO OHARE INTERNATIONAL AIRPORT, IL US",-12.1,-23.2,2019-01-29,-11.5,-21.43
2549,USW00094846,"CHICAGO OHARE INTERNATIONAL AIRPORT, IL US",-23.2,-30.5,2019-01-30,-22.66,-30.25
2550,USW00094846,"CHICAGO OHARE INTERNATIONAL AIRPORT, IL US",-17.1,-29.3,2019-01-31,-16.35,-29.83
2551,USW00094846,"CHICAGO OHARE INTERNATIONAL AIRPORT, IL US",-6,-17.1,2019-02-01,-5.82,-22.04
2552,USW00094846,"CHICAGO OHARE INTERNATIONAL AIRPORT, IL US",5.6,-9.9,2019-02-02,4.59,-12.06
2553,USW00094846,"CHICAGO OHARE INTERNATIONAL AIRPORT, IL US",8.9,3.9,2019-02-03,8.61,0.45
2554,USW00094846,"CHICAGO OHARE INTERNATIONAL AIRPORT, IL US",10.6,-1,2019-02-04,9.82,1.17
2555,USW00094846,"CHICAGO OHARE INTERNATIONAL AIRPORT, IL US",0.6,-4.3,2019-02-05,1.59,-3.91
2556,USW00094846,"CHICAGO OHARE INTERNATIONAL AIRPORT, IL US",2.2,0,2019-02-06,3,-1.39
2557,USW00094846,"CHICAGO OHARE INTERNATIONAL AIRPORT, IL US",6.7,-12.1,2019-02-07,5.76,-7.44
2558,USW00094846,"CHICAGO OHARE INTERNATIONAL AIRPORT, IL US",-10.5,-15.5,2019-02-08,-8.81,-15.57
2559,USW00094846,"CHICAGO OHARE INTERNATIONAL AIRPORT, IL US",-4.3,-15.5,2019-02-09,-4.37,-15.08
2560,USW00094846,"CHICAGO OHARE INTERNATIONAL AIRPORT, IL US",-2.1,-5.5,2019-02-10,-2.19,-9.03
2561,USW00094846,"CHICAGO OHARE INTERNATIONAL AIRPORT, IL US",-0.5,-2.7,2019-02-11,-0.12,-3.55
2562,USW00094846,"CHICAGO OHARE INTERNATIONAL AIRPORT, IL US",1.1,-7.1,2019-02-12,0.95,-5.07
2563,USW00094846,"CHICAGO OHARE INTERNATIONAL AIRPORT, IL US",-2.7,-12.1,2019-02-13,-0.29,-10.88
2564,USW00094846,"CHICAGO OHARE INTERNATIONAL AIRPORT, IL US",10,-2.7,2019-02-14,7.23,-5.79
2565,USW00094846,"CHICAGO OHARE INTERNATIONAL AIRPORT, IL US",0,-13.2,2019-02-15,-1.47,-12.54
2566,USW00094846,"CHICAGO OHARE INTERNATIONAL AIRPORT, IL US",-1.6,-10.5,2019-02-16,-1.8,-10.79
2567,USW00094846,"CHICAGO OHARE INTERNATIONAL AIRPORT, IL US",-2.7,-4.3,2019-02-17,-2.09,-5.99
2568,USW00094846,"CHICAGO OHARE INTERNATIONAL AIRPORT, IL US",-0.5,-7.7,2019-02-18,-0.79,-7.64
2569,USW00094846,"CHICAGO OHARE INTERNATIONAL AIRPORT, IL US",1.7,-11,2019-02-19,0.53,-12.65
2570,USW00094846,"CHICAGO OHARE INTERNATIONAL AIRPORT, IL US",3.3,-2.1,2019-02-20,2.69,-6.66
2571,USW00094846,"CHICAGO OHARE INTERNATIONAL AIRPORT, IL US",1.7,-4.3,2019-02-21,1.45,-4.64
2572,USW00094846,"CHICAGO OHARE INTERNATIONAL AIRPORT, IL US",5,-7.1,2019-02-22,3.72,-7.03
2573,USW00094846,"CHICAGO OHARE INTERNATIONAL AIRPORT, IL US",11.7,1.1,2019-02-23,8.11,-2.1
2574,USW00094846,"CHICAGO OHARE INTERNATIONAL AIRPORT, IL US",10,-12.1,2019-02-24,6.06,-6.93
2575,USW00094846,"CHICAGO OHARE INTERNATIONAL AIRPORT, IL US",-7.1,-14.3,2019-02-25,-5.69,-13.91
2576,USW00094846,"CHICAGO OHARE INTERNATIONAL AIRPORT, IL US",-4.9,-10.5,2019-02-26,-4.32,-11.13
2577,USW00094846,"CHICAGO OHARE INTERNATIONAL AIRPORT, IL US",-1,-9.9,2019-02-27,-1.09,-9.72
2578,USW00094846,"CHICAGO OHARE INTERNATIONAL AIRPORT, IL US",-2.7,-11.6,2019-02-28,-2.73,-11.43
2579,USW00094846,"CHICAGO OHARE INTERNATIONAL AIRPORT, IL US",1.1,-4.9,2019-03-01,0.9,-7.25
2580,USW00094846,"CHICAGO OHARE INTERNATIONAL AIRPORT, IL US",0.6,-3.8,2019-03-02,0.94,-3.74
2581,USW00094846,"CHICAGO OHARE INTERNATIONAL AIRPORT, IL US",-3.8,-16,2019-03-03,-3.74,-12.02
2582,USW00094846,"CHICAGO OHARE INTERNATIONAL AIRPORT, IL US",-11,-19.3,2019-03-04,-9.56,-19.43
2583,USW00094846,"CHICAGO OHARE INTERNATIONAL AIRPORT, IL US",-6,-13.2,2019-03-05,-6.42,-16.51
2584,USW00094846,"CHICAGO OHARE INTERNATIONAL AIRPORT, IL US",-1,-12.7,2019-03-06,-1.09,-13.52
2585,USW00094846,"CHICAGO OHARE INTERNATIONAL AIRPORT, IL US",-2.1,-9.9,2019-03-07,-2.2,-10.5
2586,USW00094846,"CHICAGO OHARE INTERNATIONAL AIRPORT, IL US",3.9,-6,2019-03-08,3.58,-7.34
2587,USW00094846,"CHICAGO OHARE INTERNATIONAL AIRPORT, IL US",6.1,-3.2,2019-03-09,6,-3.83
2588,USW00094846,"CHICAGO OHARE INTERNATIONAL AIRPORT, IL US",3.3,-1.6,2019-03-10,3.71,-0.93
2589,USW00094846,"CHICAGO OHARE INTERNATIONAL AIRPORT, IL US",5,-2.7,2019-03-11,5.22,-3.04
2590,USW00094846,"CHICAGO OHARE INTERNATIONAL AIRPORT, IL US",9.4,-4.3,2019-03-12,9.14,-4.93
2591,USW00094846,"CHICAGO OHARE INTERNATIONAL AIRPORT, IL US",14.4,4.4,2019-03-13,14.27,0.45
2592,USW00094846,"CHICAGO OHARE INTERNATIONAL AIRPORT, IL US",16.7,3.9,2019-03-14,16.85,4.13
2593,USW00094846,"CHICAGO OHARE INTERNATIONAL AIRPORT, IL US",4.4,0,2019-03-15,6.04,0.97
2594,USW00094846,"CHICAGO OHARE INTERNATIONAL AIRPORT, IL US",5,-2.1,2019-03-16,5.49,-2.33
2595,USW00094846,"CHICAGO OHARE INTERNATIONAL AIRPORT, IL US",6.1,-2.1,2019-03-17,6.42,-3.19
2596,USW00094846,"CHICAGO OHARE INTERNATIONAL AIRPORT, IL US",6.1,-2.7,2019-03-18,6.9,-2.94
2597,USW00094846,"CHICAGO OHARE INTERNATIONAL AIRPORT, IL US",9.4,-1,2019-03-19,9.66,-2.29
2598,USW00094846,"CHICAGO OHARE INTERNATIONAL AIRPORT, IL US",6.7,3.3,2019-03-20,7.57,0.73
2599,USW00094846,"CHICAGO OHARE INTERNATIONAL AIRPORT, IL US",7.2,2.2,2019-03-21,7.64,2.26
2600,USW00094846,"CHICAGO OHARE INTERNATIONAL AIRPORT, IL US",7.8,-1.6,2019-03-22,7.88,-0.8
2601,USW00094846,"CHICAGO OHARE INTERNATIONAL AIRPORT, IL US",11.7,-3.8,2019-03-23,11.38,-4.52
2602,USW00094846,"CHICAGO OHARE INTERNATIONAL AIRPORT, IL US",10,1.1,2019-03-24,10.06,-1.08
2603,USW00094846,"CHICAGO OHARE INTERNATIONAL AIRPORT, IL US",5.6,-3.2,2019-03-25,6.15,-1.79
2604,USW00094846,"CHICAGO OHARE INTERNATIONAL AIRPORT, IL US",8.9,-4.9,2019-03-26,7.87,-4.37
2605,USW00094846,"CHICAGO OHARE INTERNATIONAL AIRPORT, IL US",15,-1.6,2019-03-27,14.23,-2.65
2606,USW00094846,"CHICAGO OHARE INTERNATIONAL AIRPORT, IL US",18.3,6.7,2019-03-28,18.07,3.15
2607,USW00094846,"CHICAGO OHARE INTERNATIONAL AIRPORT, IL US",13.9,2.8,2019-03-29,13.37,2.73
2608,USW00094846,"CHICAGO OHARE INTERNATIONAL AIRPORT, IL US",7.2,-1.6,2019-03-30,8.02,0.15
2609,USW00094846,"CHICAGO OHARE INTERNATIONAL AIRPORT, IL US",4.4,-4.9,2019-03-31,4.5,-4.83
2610,USW00094846,"CHICAGO OHARE INTERNATIONAL AIRPORT, IL US",9.4,-3.2,2019-04-01,9.37,-3.97
2611,USW00094846,"CHICAGO OHARE INTERNATIONAL AIRPORT, IL US",12.8,3.9,2019-04-02,12.86,1.16
2612,USW00094846,"CHICAGO OHARE INTERNATIONAL AIRPORT, IL US",14.4,2.8,2019-04-03,14.86,1.77
2613,USW00094846,"CHICAGO OHARE INTERNATIONAL AIRPORT, IL US",8.3,3.9,2019-04-04,9.14,3.39
2614,USW00094846,"CHICAGO OHARE INTERNATIONAL AIRPORT, IL US",13.9,3.9,2019-04-05,12.61,3.83
2615,USW00094846,"CHICAGO OHARE INTERNATIONAL AIRPORT, IL US",18.9,3.9,2019-04-06,17.43,3.6
2616,USW00094846,"CHICAGO OHARE INTERNATIONAL AIRPORT, IL US",19.4,10.6,2019-04-07,19.79,8.23
2617,USW00094846,"CHICAGO OHARE INTERNATIONAL AIRPORT, IL US",22.8,11.1,2019-04-08,22.28,10.23
2618,USW00094846,"CHICAGO OHARE INTERNATIONAL AIRPORT, IL US",18.9,3.9,2019-04-09,19.86,4.6
2619,USW00094846,"CHICAGO OHARE INTERNATIONAL AIRPORT, IL US",3.9,1.1,2019-04-10,5.93,1.38
2620,USW00094846,"CHICAGO OHARE INTERNATIONAL AIRPORT, IL US",13.3,2.8,2019-04-11,12.33,2.45
2621,USW00094846,"CHICAGO OHARE INTERNATIONAL AIRPORT, IL US",10.6,3.3,2019-04-12,11.36,3.39
2622,USW00094846,"CHICAGO OHARE INTERNATIONAL AIRPORT, IL US",11.1,1.7,2019-04-13,11.6,1.56
2623,USW00094846,"CHICAGO OHARE INTERNATIONAL AIRPORT, IL US",3.9,0,2019-04-14,4.36,0.37
2624,USW00094846,"CHICAGO OHARE INTERNATIONAL AIRPORT, IL US",11.1,-0.5,2019-04-15,11.78,-1.24
2625,USW00094846,"CHICAGO OHARE INTERNATIONAL AIRPORT, IL US",22.8,7.2,2019-04-16,21.8,4.08
2626,USW00094846,"CHICAGO OHARE INTERNATIONAL AIRPORT, IL US",25,6.7,2019-04-17,24.52,7.57
2627,USW00094846,"CHICAGO OHARE INTERNATIONAL AIRPORT, IL US",18.3,6.7,2019-04-18,17.38,7.29
2628,USW00094846,"CHICAGO OHARE INTERNATIONAL AIRPORT, IL US",10.6,5,2019-04-19,12.08,5.1
2629,USW00094846,"CHICAGO OHARE INTERNATIONAL AIRPORT, IL US",17.8,2.2,2019-04-20,17.41,3.97
2630,USW00094846,"CHICAGO OHARE INTERNATIONAL AIRPORT, IL US",25,6.7,2019-04-21,24.57,5.47
2631,USW00094846,"CHICAGO OHARE INTERNATIONAL AIRPORT, IL US",26.7,14.4,2019-04-22,26.64,11.41
2632,USW00094846,"CHICAGO OHARE INTERNATIONAL AIRPORT, IL US",18.3,9.4,2019-04-23,19.41,8.64
2633,USW00094846,"CHICAGO OHARE INTERNATIONAL AIRPORT, IL US",17.8,5.6,2019-04-24,16.73,4.95
2634,USW00094846,"CHICAGO OHARE INTERNATIONAL AIRPORT, IL US",19.4,7.8,2019-04-25,19.11,5.83
2635,USW00094846,"CHICAGO OHARE INTERNATIONAL AIRPORT, IL US",17.2,9.4,2019-04-26,18,8.04
2636,USW00094846,"CHICAGO OHARE INTERNATIONAL AIRPORT, IL US",9.4,0,2019-04-27,8.74,1.38
2637,USW00094846,"CHICAGO OHARE INTERNATIONAL AIRPORT, IL US",11.1,-0.5,2019-04-28,11.19,-0.98
2638,USW00094846,"CHICAGO OHARE INTERNATIONAL AIRPORT, IL US",10.6,6.1,2019-04-29,11.2,3.95
2639,USW00094846,"CHICAGO OHARE INTERNATIONAL AIRPORT, IL US",8.3,3.3,2019-04-30,9.03,3.83
2640,USW00094846,"CHICAGO OHARE INTERNATIONAL AIRPORT, IL US",14.4,6.1,2019-05-01,14.39,5.45
2641,USW00094846,"CHICAGO OHARE INTERNATIONAL AIRPORT, IL US",8.3,5,2019-05-02,9.04,5.39
2642,USW00094846,"CHICAGO OHARE INTERNATIONAL AIRPORT, IL US",12.8,4.4,2019-05-03,13.05,5.05
2643,USW00094846,"CHICAGO OHARE INTERNATIONAL AIRPORT, IL US",17.2,3.3,2019-05-04,16.61,4.17
2644,USW00094846,"CHICAGO OHARE INTERNATIONAL AIRPORT, IL US",22.8,7.8,2019-05-05,22.64,6.34
2645,USW00094846,"CHICAGO OHARE INTERNATIONAL AIRPORT, IL US",21.1,7.2,2019-05-06,21.04,8.85
2646,USW00094846,"CHICAGO OHARE INTERNATIONAL AIRPORT, IL US",10,6.1,2019-05-07,11.83,6.56
2647,USW00094846,"CHICAGO OHARE INTERNATIONAL AIRPORT, IL US",20,7.8,2019-05-08,19.44,7.06
2648,USW00094846,"CHICAGO OHARE INTERNATIONAL AIRPORT, IL US",19.4,7.8,2019-05-09,19.55,8.34
2649,USW00094846,"CHICAGO OHARE INTERNATIONAL AIRPORT, IL US",14.4,6.7,2019-05-10,13.97,6.12
2650,USW00094846,"CHICAGO OHARE INTERNATIONAL AIRPORT, IL US",11.7,6.7,2019-05-11,11.94,5.72
2651,USW00094846,"CHICAGO OHARE INTERNATIONAL AIRPORT, IL US",11.1,5.6,2019-05-12,11.97,5.27
2652,USW00094846,"CHICAGO OHARE INTERNATIONAL AIRPORT, IL US",16.1,5.6,2019-05-13,15.81,5.51
2653,USW00094846,"CHICAGO OHARE INTERNATIONAL AIRPORT, IL US",21.7,5,2019-05-14,20.84,4.91
2654,USW00094846,"CHICAGO OHARE INTERNATIONAL AIRPORT, IL US",23.9,10,2019-05-15,24.34,9.16
2655,USW00094846,"CHICAGO OHARE INTERNATIONAL AIRPORT, IL US",25,15.6,2019-05-16,24.81,13.21
2656,USW00094846,"CHICAGO OHARE INTERNATIONAL AIRPORT, IL US",20,7.2,2019-05-17,19.1,9.05
2657,USW00094846,"CHICAGO OHARE INTERNATIONAL AIRPORT, IL US",26.7,6.7,2019-05-18,25.15,6.93
2658,USW00094846,"CHICAGO OHARE INTERNATIONAL AIRPORT, IL US",23.3,8.3,2019-05-19,24.42,8.97
2659,USW00094846,"CHICAGO OHARE INTERNATIONAL AIRPORT, IL US",13.9,7.2,2019-05-20,14.9,7.75
2660,USW00094846,"CHICAGO OHARE INTERNATIONAL AIRPORT, IL US",12.2,7.2,2019-05-21,12.64,6.93
2661,USW00094846,"CHICAGO OHARE INTERNATIONAL AIRPORT, IL US",27.8,9.4,2019-05-22,26.35,9
2662,USW00094846,"CHICAGO OHARE INTERNATIONAL AIRPORT, IL US",23.3,16.1,2019-05-23,24.42,14.06
2663,USW00094846,"CHICAGO OHARE INTERNATIONAL AIRPORT, IL US",23.9,12.2,2019-05-24,23.55,12.09
2664,USW00094846,"CHICAGO OHARE INTERNATIONAL AIRPORT, IL US",27.2,21.1,2019-05-25,27.4,17.22
2665,USW00094846,"CHICAGO OHARE INTERNATIONAL AIRPORT, IL US",23.3,12.2,2019-05-26,24.25,13.75
2666,USW00094846,"CHICAGO OHARE INTERNATIONAL AIRPORT, IL US",22.8,11.7,2019-05-27,23.33,11.08
2667,USW00094846,"CHICAGO OHARE INTERNATIONAL AIRPORT, IL US",21.1,11.1,2019-05-28,20.88,11.89
2668,USW00094846,"CHICAGO OHARE INTERNATIONAL AIRPORT, IL US",23.9,11.1,2019-05-29,22.5,10.88
2669,USW00094846,"CHICAGO OHARE INTERNATIONAL AIRPORT, IL US",25.6,15.6,2019-05-30,25.43,14.6
2670,USW00094846,"CHICAGO OHARE INTERNATIONAL AIRPORT, IL US",27.2,15.6,2019-05-31,27.8,14.93
2671,USW00094846,"CHICAGO OHARE INTERNATIONAL AIRPORT, IL US",26.7,11.7,2019-06-01,26.31,13.86
2672,USW00094846,"CHICAGO OHARE INTERNATIONAL AIRPORT, IL US",21.1,10.6,2019-06-02,21.82,10.32
2673,USW00094846,"CHICAGO OHARE INTERNATIONAL AIRPORT, IL US",19.4,9.4,2019-06-03,19.41,9.07
2674,USW00094846,"CHICAGO OHARE INTERNATIONAL AIRPORT, IL US",27.8,13.3,2019-06-04,27.43,12.45
2675,USW00094846,"CHICAGO OHARE INTERNATIONAL AIRPORT, IL US",28.3,15,2019-06-05,28.94,14.73
2676,USW00094846,"CHICAGO OHARE INTERNATIONAL AIRPORT, IL US",23.9,13.3,2019-06-06,23.9,13.47
2677,USW00094846,"CHICAGO OHARE INTERNATIONAL AIRPORT, IL US",25.6,12.8,2019-06-07,25.62,12.51
2678,USW00094846,"CHICAGO OHARE INTERNATIONAL AIRPORT, IL US",24.4,13.9,2019-06-08,24.33,14.1
2679,USW00094846,"CHICAGO OHARE INTERNATIONAL AIRPORT, IL US",23.9,17.2,2019-06-09,23.54,16.79
2680,USW00094846,"CHICAGO OHARE INTERNATIONAL AIRPORT, IL US",23.3,15.6,2019-06-10,23.56,14.91
2681,USW00094846,"CHICAGO OHARE INTERNATIONAL AIRPORT, IL US",27.8,13.9,2019-06-11,27,12.2
2682,USW00094846,"CHICAGO OHARE INTERNATIONAL AIRPORT, IL US",21.7,11.1,2019-06-12,23.04,13.29
2683,USW00094846,"CHICAGO OHARE INTERNATIONAL AIRPORT, IL US",20,10.6,2019-06-13,20.21,10.87
2684,USW00094846,"CHICAGO OHARE INTERNATIONAL AIRPORT, IL US",26.7,11.1,2019-06-14,25.76,9.96
2685,USW00094846,"CHICAGO OHARE INTERNATIONAL AIRPORT, IL US",21.1,12.2,2019-06-15,22,12.84
2686,USW00094846,"CHICAGO OHARE INTERNATIONAL AIRPORT, IL US",15.6,12.2,2019-06-16,17.21,12.74
2687,USW00094846,"CHICAGO OHARE INTERNATIONAL AIRPORT, IL US",19.4,12.8,2019-06-17,19.69,12.47
2688,USW00094846,"CHICAGO OHARE INTERNATIONAL AIRPORT, IL US",25.6,12.2,2019-06-18,25.16,12.81
2689,USW00094846,"CHICAGO OHARE INTERNATIONAL AIRPORT, IL US",22.2,13.3,2019-06-19,22.19,13.21
2690,USW00094846,"CHICAGO OHARE INTERNATIONAL AIRPORT, IL US",21.7,12.2,2019-06-20,21.55,12.54
2691,USW00094846,"CHICAGO OHARE INTERNATIONAL AIRPORT, IL US",22.2,11.1,2019-06-21,22.01,10.81
2692,USW00094846,"CHICAGO OHARE INTERNATIONAL AIRPORT, IL US",26.1,14.4,2019-06-22,25.38,14.11
2693,USW00094846,"CHICAGO OHARE INTERNATIONAL AIRPORT, IL US",27.2,17.2,2019-06-23,27.35,16.56
2694,USW00094846,"CHICAGO OHARE INTERNATIONAL AIRPORT, IL US",25.6,18.9,2019-06-24,26.03,18.18
2695,USW00094846,"CHICAGO OHARE INTERNATIONAL AIRPORT, IL US",29.4,16.7,2019-06-25,29.14,16.15
2696,USW00094846,"CHICAGO OHARE INTERNATIONAL AIRPORT, IL US",31.7,20,2019-06-26,30.69,18.76
2697,USW00094846,"CHICAGO OHARE INTERNATIONAL AIRPORT, IL US",31.7,20,2019-06-27,31.21,19.26
2698,USW00094846,"CHICAGO OHARE INTERNATIONAL AIRPORT, IL US",32.2,21.7,2019-06-28,31.54,20.39
2699,USW00094846,"CHICAGO OHARE INTERNATIONAL AIRPORT, IL US",30.6,20.6,2019-06-29,30.22,19.79
2700,USW00094846,"CHICAGO OHARE INTERNATIONAL AIRPORT, IL US",32.8,21.1,2019-06-30,31.09,20.43
2701,USW00094846,"CHICAGO OHARE INTERNATIONAL AIRPORT, IL US",31.7,20.6,2019-07-01,31.7,20.12
2702,USW00094846,"CHICAGO OHARE INTERNATIONAL AIRPORT, IL US",33.3,23.3,2019-07-02,33.56,21.45
2703,USW00094846,"CHICAGO OHARE INTERNATIONAL AIRPORT, IL US",30,20.6,2019-07-03,29.87,21
2704,USW00094846,"CHICAGO OHARE INTERNATIONAL AIRPORT, IL US",32.8,21.1,2019-07-04,32.27,20.41
2705,USW00094846,"CHICAGO OHARE INTERNATIONAL AIRPORT, IL US",32.8,22.8,2019-07-05,33.12,22.73
2706,USW00094846,"CHICAGO OHARE INTERNATIONAL AIRPORT, IL US",28.3,19.4,2019-07-06,28.31,20.83
2707,USW00094846,"CHICAGO OHARE INTERNATIONAL AIRPORT, IL US",25,17.8,2019-07-07,25.88,17.94
2708,USW00094846,"CHICAGO OHARE INTERNATIONAL AIRPORT, IL US",28.3,15.6,2019-07-08,27.34,15.69
2709,USW00094846,"CHICAGO OHARE INTERNATIONAL AIRPORT, IL US",31.1,16.1,2019-07-09,30.58,16.4
2710,USW00094846,"CHICAGO OHARE INTERNATIONAL AIRPORT, IL US",34.4,23.9,2019-07-10,34.28,21.99
2711,USW00094846,"CHICAGO OHARE INTERNATIONAL AIRPORT, IL US",27.8,18.3,2019-07-11,28.38,18.26
2712,USW00094846,"CHICAGO OHARE INTERNATIONAL AIRPORT, IL US",30.6,15,2019-07-12,30.27,15.04
2713,USW00094846,"CHICAGO OHARE INTERNATIONAL AIRPORT, IL US",34.4,22.2,2019-07-13,33.85,19.37
2714,USW00094846,"CHICAGO OHARE INTERNATIONAL AIRPORT, IL US",32.8,21.1,2019-07-14,31.67,19.95
2715,USW00094846,"CHICAGO OHARE INTERNATIONAL AIRPORT, IL US",33.3,23.3,2019-07-15,32.92,21.26
2716,USW00094846,"CHICAGO OHARE INTERNATIONAL AIRPORT, IL US",27.8,21.7,2019-07-16,29.34,21.43
2717,USW00094846,"CHICAGO OHARE INTERNATIONAL AIRPORT, IL US",33.3,23.3,2019-07-17,32.18,22.07
2718,USW00094846,"CHICAGO OHARE INTERNATIONAL AIRPORT, IL US",30.6,21.7,2019-07-18,31.06,21.78
2719,USW00094846,"CHICAGO OHARE INTERNATIONAL AIRPORT, IL US",33.9,27.2,2019-07-19,33.76,24.82
2720,USW00094846,"CHICAGO OHARE INTERNATIONAL AIRPORT, IL US",35,22.8,2019-07-20,35.17,22.99
2721,USW00094846,"CHICAGO OHARE INTERNATIONAL AIRPORT, IL US",26.1,19.4,2019-07-21,26.88,20.16
2722,USW00094846,"CHICAGO OHARE INTERNATIONAL AIRPORT, IL US",23.9,16.7,2019-07-22,24.88,17.14
2723,USW00094846,"CHICAGO OHARE INTERNATIONAL AIRPORT, IL US",26.7,16.7,2019-07-23,26.52,15.77
2724,USW00094846,"CHICAGO OHARE INTERNATIONAL AIRPORT, IL US",27.2,16.7,2019-07-24,26.69,15.49
2725,USW00094846,"CHICAGO OHARE INTERNATIONAL AIRPORT, IL US",29.4,17.2,2019-07-25,29.07,16.29
2726,USW00094846,"CHICAGO OHARE INTERNATIONAL AIRPORT, IL US",29.4,19.4,2019-07-26,29.37,18.38
2727,USW00094846,"CHICAGO OHARE INTERNATIONAL AIRPORT, IL US",31.7,21.7,2019-07-27,31.4,21.12
2728,USW00094846,"CHICAGO OHARE INTERNATIONAL AIRPORT, IL US",31.7,22.8,2019-07-28,31.81,21.8
2729,USW00094846,"CHICAGO OHARE INTERNATIONAL AIRPORT, IL US",27.8,21.1,2019-07-29,28.87,21.28
2730,USW00094846,"CHICAGO OHARE INTERNATIONAL AIRPORT, IL US",25.6,18.3,2019-07-30,25.96,17.69
2731,USW00094846,"CHICAGO OHARE INTERNATIONAL AIRPORT, IL US",24.4,15,2019-07-31,24.73,15.28
2732,USW00094846,"CHICAGO OHARE INTERNATIONAL AIRPORT, IL US",26.7,13.9,2019-08-01,26.75,13.98
2733,USW00094846,"CHICAGO OHARE INTERNATIONAL AIRPORT, IL US",28.3,16.1,2019-08-02,27.84,15.19
2734,USW00094846,"CHICAGO OHARE INTERNATIONAL AIRPORT, IL US",31.7,17.2,2019-08-03,31.06,16.18
2735,USW00094846,"CHICAGO OHARE INTERNATIONAL AIRPORT, IL US",31.7,21.1,2019-08-04,30.66,19.89
2736,USW00094846,"CHICAGO OHARE INTERNATIONAL AIRPORT, IL US",32.2,21.1,2019-08-05,32.23,19.67
2737,USW00094846,"CHICAGO OHARE INTERNATIONAL AIRPORT, IL US",29.4,19.4,2019-08-06,28.91,19.65
2738,USW00094846,"CHICAGO OHARE INTERNATIONAL AIRPORT, IL US",31.1,18.9,2019-08-07,30.56,18.31
2739,USW00094846,"CHICAGO OHARE INTERNATIONAL AIRPORT, IL US",30.6,19.4,2019-08-08,29.86,19.43
2740,USW00094846,"CHICAGO OHARE INTERNATIONAL AIRPORT, IL US",28.3,16.7,2019-08-09,27.75,16.06
2741,USW00094846,"CHICAGO OHARE INTERNATIONAL AIRPORT, IL US",30,19.4,2019-08-10,29.31,17.95
2742,USW00094846,"CHICAGO OHARE INTERNATIONAL AIRPORT, IL US",27.8,19.4,2019-08-11,27.94,18.74
2743,USW00094846,"CHICAGO OHARE INTERNATIONAL AIRPORT, IL US",28.9,21.7,2019-08-12,28.08,20.04
2744,USW00094846,"CHICAGO OHARE INTERNATIONAL AIRPORT, IL US",30,19.4,2019-08-13,29.42,20.02
2745,USW00094846,"CHICAGO OHARE INTERNATIONAL AIRPORT, IL US",28.3,18.9,2019-08-14,27.91,18.08
2746,USW00094846,"CHICAGO OHARE INTERNATIONAL AIRPORT, IL US",26.1,17.2,2019-08-15,26.54,17.07
2747,USW00094846,"CHICAGO OHARE INTERNATIONAL AIRPORT, IL US",28.9,17.8,2019-08-16,28.76,16.51
2748,USW00094846,"CHICAGO OHARE INTERNATIONAL AIRPORT, IL US",25,19.4,2019-08-17,26.2,18.43
2749,USW00094846,"CHICAGO OHARE INTERNATIONAL AIRPORT, IL US",27.8,20,2019-08-18,28.24,19.23
2750,USW00094846,"CHICAGO OHARE INTERNATIONAL AIRPORT, IL US",29.4,20,2019-08-19,29.04,19.7
2751,USW00094846,"CHICAGO OHARE INTERNATIONAL AIRPORT, IL US",24.4,20,2019-08-20,25.72,19.55
2752,USW00094846,"CHICAGO OHARE INTERNATIONAL AIRPORT, IL US",28.3,18.3,2019-08-21,28.39,17.98
2753,USW00094846,"CHICAGO OHARE INTERNATIONAL AIRPORT, IL US",24.4,17.8,2019-08-22,25.08,17.58
2754,USW00094846,"CHICAGO OHARE INTERNATIONAL AIRPORT, IL US",23.3,14.4,2019-08-23,23.51,15.54
2755,USW00094846,"CHICAGO OHARE INTERNATIONAL AIRPORT, IL US",23.9,15.6,2019-08-24,23.8,14.99
2756,USW00094846,"CHICAGO OHARE INTERNATIONAL AIRPORT, IL US",25.6,16.1,2019-08-25,25.01,15.2
2757,USW00094846,"CHICAGO OHARE INTERNATIONAL AIRPORT, IL US",24.4,17.8,2019-08-26,24.41,16.82
2758,USW00094846,"CHICAGO OHARE INTERNATIONAL AIRPORT, IL US",26.1,18.3,2019-08-27,26.51,17.52
2759,USW00094846,"CHICAGO OHARE INTERNATIONAL AIRPORT, IL US",23.9,15,2019-08-28,24.46,14.72
2760,USW00094846,"CHICAGO OHARE INTERNATIONAL AIRPORT, IL US",28.9,14.4,2019-08-29,28.75,14.04
2761,USW00094846,"CHICAGO OHARE INTERNATIONAL AIRPORT, IL US",23.3,15,2019-08-30,23.21,14.48
2762,USW00094846,"CHICAGO OHARE INTERNATIONAL AIRPORT, IL US",23.9,16.1,2019-08-31,23.61,14.72
2763,USW00094846,"CHICAGO OHARE INTERNATIONAL AIRPORT, IL US",22.8,16.7,2019-09-01,22.77,15.24
2764,USW00094846,"CHICAGO OHARE INTERNATIONAL AIRPORT, IL US",27.8,16.1,2019-09-02,27.69,15.68
2765,USW00094846,"CHICAGO OHARE INTERNATIONAL AIRPORT, IL US",26.7,19.4,2019-09-03,27.26,18.55
2766,USW00094846,"CHICAGO OHARE INTERNATIONAL AIRPORT, IL US",20.6,15,2019-09-04,21.4,15.08
2767,USW00094846,"CHICAGO OHARE INTERNATIONAL AIRPORT, IL US",23.3,13.3,2019-09-05,22.68,12.39
2768,USW00094846,"CHICAGO OHARE INTERNATIONAL AIRPORT, IL US",22.2,16.1,2019-09-06,23.08,15.28
2769,USW00094846,"CHICAGO OHARE INTERNATIONAL AIRPORT, IL US",25.6,13.3,2019-09-07,25.48,12.75
2770,USW00094846,"CHICAGO OHARE INTERNATIONAL AIRPORT, IL US",18.9,16.7,2019-09-08,19.41,14.98
2771,USW00094846,"CHICAGO OHARE INTERNATIONAL AIRPORT, IL US",24.4,16.7,2019-09-09,23.61,15.63
2772,USW00094846,"CHICAGO OHARE INTERNATIONAL AIRPORT, IL US",32.2,21.7,2019-09-10,31.45,19.38
2773,USW00094846,"CHICAGO OHARE INTERNATIONAL AIRPORT, IL US",31.7,20,2019-09-11,31.75,19.81
2774,USW00094846,"CHICAGO OHARE INTERNATIONAL AIRPORT, IL US",25.6,17.2,2019-09-12,26.25,18.25
2775,USW00094846,"CHICAGO OHARE INTERNATIONAL AIRPORT, IL US",25,16.7,2019-09-13,25.3,17.24
2776,USW00094846,"CHICAGO OHARE INTERNATIONAL AIRPORT, IL US",26.7,13.3,2019-09-14,26.75,13.42
2777,USW00094846,"CHICAGO OHARE INTERNATIONAL AIRPORT, IL US",25.6,17.2,2019-09-15,26.01,15.88
2778,USW00094846,"CHICAGO OHARE INTERNATIONAL AIRPORT, IL US",23.3,17.8,2019-09-16,24.27,17.98
2779,USW00094846,"CHICAGO OHARE INTERNATIONAL AIRPORT, IL US",25.6,18.3,2019-09-17,25.88,17.63
2780,USW00094846,"CHICAGO OHARE INTERNATIONAL AIRPORT, IL US",27.8,16.7,2019-09-18,27.23,16.34
2781,USW00094846,"CHICAGO OHARE INTERNATIONAL AIRPORT, IL US",28.3,17.2,2019-09-19,28.32,16.29
2782,USW00094846,"CHICAGO OHARE INTERNATIONAL AIRPORT, IL US",28.9,20,2019-09-20,28.96,18.26
2783,USW00094846,"CHICAGO OHARE INTERNATIONAL AIRPORT, IL US",25.6,21.7,2019-09-21,26.71,20.32
2784,USW00094846,"CHICAGO OHARE INTERNATIONAL AIRPORT, IL US",25,18.9,2019-09-22,25.11,19.52
2785,USW00094846,"CHICAGO OHARE INTERNATIONAL AIRPORT, IL US",23.3,15,2019-09-23,23.79,15.06
2786,USW00094846,"CHICAGO OHARE INTERNATIONAL AIRPORT, IL US",26.1,14.4,2019-09-24,26.04,13.74
2787,USW00094846,"CHICAGO OHARE INTERNATIONAL AIRPORT, IL US",26.1,16.7,2019-09-25,26.42,16.64
2788,USW00094846,"CHICAGO OHARE INTERNATIONAL AIRPORT, IL US",22.2,13.3,2019-09-26,22.76,13.07
2789,USW00094846,"CHICAGO OHARE INTERNATIONAL AIRPORT, IL US",20.6,14.4,2019-09-27,20.84,13.67
2790,USW00094846,"CHICAGO OHARE INTERNATIONAL AIRPORT, IL US",18.9,11.7,2019-09-28,18.9,13.73
2791,USW00094846,"CHICAGO OHARE INTERNATIONAL AIRPORT, IL US",18.9,15.6,2019-09-29,19,14.62
2792,USW00094846,"CHICAGO OHARE INTERNATIONAL AIRPORT, IL US",29.4,17.2,2019-09-30,28.81,16.72
2793,USW00094846,"CHICAGO OHARE INTERNATIONAL AIRPORT, IL US",30,20,2019-10-01,30.18,19.16
2794,USW00094846,"CHICAGO OHARE INTERNATIONAL AIRPORT, IL US",20,13.9,2019-10-02,20.35,14.78
2795,USW00094846,"CHICAGO OHARE INTERNATIONAL AIRPORT, IL US",19.4,9.4,2019-10-03,19.42,11.77
2796,USW00094846,"CHICAGO OHARE INTERNATIONAL AIRPORT, IL US",14.4,7.2,2019-10-04,15.26,7.75
2797,USW00094846,"CHICAGO OHARE INTERNATIONAL AIRPORT, IL US",17.2,8.9,2019-10-05,17.4,8.55
2798,USW00094846,"CHICAGO OHARE INTERNATIONAL AIRPORT, IL US",19.4,9.4,2019-10-06,19.71,9.55
2799,USW00094846,"CHICAGO OHARE INTERNATIONAL AIRPORT, IL US",20.6,8.9,2019-10-07,20.77,8.67
2800,USW00094846,"CHICAGO OHARE INTERNATIONAL AIRPORT, IL US",21.1,7.8,2019-10-08,21.09,7.32
2801,USW00094846,"CHICAGO OHARE INTERNATIONAL AIRPORT, IL US",21.1,10,2019-10-09,21.31,8.64
2802,USW00094846,"CHICAGO OHARE INTERNATIONAL AIRPORT, IL US",21.1,12.2,2019-10-10,21.42,10.31
2803,USW00094846,"CHICAGO OHARE INTERNATIONAL AIRPORT, IL US",19.4,3.9,2019-10-11,19.28,7.29
2804,USW00094846,"CHICAGO OHARE INTERNATIONAL AIRPORT, IL US",12.2,1.7,2019-10-12,13.05,2.14
2805,USW00094846,"CHICAGO OHARE INTERNATIONAL AIRPORT, IL US",11.1,2.8,2019-10-13,11.98,2.48
2806,USW00094846,"CHICAGO OHARE INTERNATIONAL AIRPORT, IL US",12.2,2.8,2019-10-14,12.62,2.55
2807,USW00094846,"CHICAGO OHARE INTERNATIONAL AIRPORT, IL US",16.7,5,2019-10-15,17.08,3.73
2808,USW00094846,"CHICAGO OHARE INTERNATIONAL AIRPORT, IL US",11.1,5,2019-10-16,12.07,5.65
2809,USW00094846,"CHICAGO OHARE INTERNATIONAL AIRPORT, IL US",12.2,4.4,2019-10-17,12.61,4.39
2810,USW00094846,"CHICAGO OHARE INTERNATIONAL AIRPORT, IL US",15,3.3,2019-10-18,15.02,2.29
2811,USW00094846,"CHICAGO OHARE INTERNATIONAL AIRPORT, IL US",20,6.7,2019-10-19,19.57,5.29
2812,USW00094846,"CHICAGO OHARE INTERNATIONAL AIRPORT, IL US",17.2,8.9,2019-10-20,17.56,7.92
2813,USW00094846,"CHICAGO OHARE INTERNATIONAL AIRPORT, IL US",19.4,10,2019-10-21,19.25,9.46
2814,USW00094846,"CHICAGO OHARE INTERNATIONAL AIRPORT, IL US",10.6,6.7,2019-10-22,11.49,7.32
2815,USW00094846,"CHICAGO OHARE INTERNATIONAL AIRPORT, IL US",14.4,3.9,2019-10-23,14.57,3.9
2816,USW00094846,"CHICAGO OHARE INTERNATIONAL AIRPORT, IL US",10,5.6,2019-10-24,10.51,4.62
2817,USW00094846,"CHICAGO OHARE INTERNATIONAL AIRPORT, IL US",8.9,2.8,2019-10-25,9.41,3.59
2818,USW00094846,"CHICAGO OHARE INTERNATIONAL AIRPORT, IL US",8.9,2.2,2019-10-26,9.48,1.74
2819,USW00094846,"CHICAGO OHARE INTERNATIONAL AIRPORT, IL US",14.4,5.6,2019-10-27,14.36,4.2
2820,USW00094846,"CHICAGO OHARE INTERNATIONAL AIRPORT, IL US",9.4,5,2019-10-28,10.49,4.36
2821,USW00094846,"CHICAGO OHARE INTERNATIONAL AIRPORT, IL US",7.2,1.7,2019-10-29,7.09,1.67
2822,USW00094846,"CHICAGO OHARE INTERNATIONAL AIRPORT, IL US",5,0,2019-10-30,5.29,0.18
2823,USW00094846,"CHICAGO OHARE INTERNATIONAL AIRPORT, IL US",0.6,-3.8,2019-10-31,1.44,-2.63
2824,USW00094846,"CHICAGO OHARE INTERNATIONAL AIRPORT, IL US",6.7,-4.9,2019-11-01,5.75,-5.29
2825,USW00094846,"CHICAGO OHARE INTERNATIONAL AIRPORT, IL US",5.6,-0.5,2019-11-02,6.06,-1.82
2826,USW00094846,"CHICAGO OHARE INTERNATIONAL AIRPORT, IL US",11.7,-1,2019-11-03,11.14,-1.51
2827,USW00094846,"CHICAGO OHARE INTERNATIONAL AIRPORT, IL US",10.6,3.3,2019-11-04,11.34,2.46
2828,USW00094846,"CHICAGO OHARE INTERNATIONAL AIRPORT, IL US",4.4,-1,2019-11-05,5.7,-0.96
2829,USW00094846,"CHICAGO OHARE INTERNATIONAL AIRPORT, IL US",12.8,-1.6,2019-11-06,11.67,-1.54
2830,USW00094846,"CHICAGO OHARE INTERNATIONAL AIRPORT, IL US",-0.5,-6.6,2019-11-07,0.99,-5.54
2831,USW00094846,"CHICAGO OHARE INTERNATIONAL AIRPORT, IL US",0,-8.8,2019-11-08,0.47,-8.89
2832,USW00094846,"CHICAGO OHARE INTERNATIONAL AIRPORT, IL US",7.8,-2.7,2019-11-09,7.29,-4.87
2833,USW00094846,"CHICAGO OHARE INTERNATIONAL AIRPORT, IL US",6.1,0.6,2019-11-10,5.95,0.56
2834,USW00094846,"CHICAGO OHARE INTERNATIONAL AIRPORT, IL US",0.6,-10.5,2019-11-11,0.42,-8.34
2835,USW00094846,"CHICAGO OHARE INTERNATIONAL AIRPORT, IL US",-8.2,-13.8,2019-11-12,-7.31,-13.45
2836,USW00094846,"CHICAGO OHARE INTERNATIONAL AIRPORT, IL US",-2.7,-11.6,2019-11-13,-2.83,-12.64
2837,USW00094846,"CHICAGO OHARE INTERNATIONAL AIRPORT, IL US",-1,-4.3,2019-11-14,-0.79,-6.54
2838,USW00094846,"CHICAGO OHARE INTERNATIONAL AIRPORT, IL US",3.3,-5.5,2019-11-15,3.19,-6.13
2839,USW00094846,"CHICAGO OHARE INTERNATIONAL AIRPORT, IL US",5.6,-3.2,2019-11-16,5.04,-4.35
2840,USW00094846,"CHICAGO OHARE INTERNATIONAL AIRPORT, IL US",4.4,-2.7,2019-11-17,4.79,-3.39
2841,USW00094846,"CHICAGO OHARE INTERNATIONAL AIRPORT, IL US",4.4,1.1,2019-11-18,4.65,0.2
2842,USW00094846,"CHICAGO OHARE INTERNATIONAL AIRPORT, IL US",5,1.7,2019-11-19,4.97,1.28
2843,USW00094846,"CHICAGO OHARE INTERNATIONAL AIRPORT, IL US",8.3,3.3,2019-11-20,8.6,2.64
2844,USW00094846,"CHICAGO OHARE INTERNATIONAL AIRPORT, IL US",12.2,2.8,2019-11-21,12.4,3.15
2845,USW00094846,"CHICAGO OHARE INTERNATIONAL AIRPORT, IL US",3.3,-2.1,2019-11-22,3.64,-2.05
2846,USW00094846,"CHICAGO OHARE INTERNATIONAL AIRPORT, IL US",4.4,-4.3,2019-11-23,4.63,-4.08
2847,USW00094846,"CHICAGO OHARE INTERNATIONAL AIRPORT, IL US",10,0,2019-11-24,10.14,-1.04
2848,USW00094846,"CHICAGO OHARE INTERNATIONAL AIRPORT, IL US",11.7,2.8,2019-11-25,12.43,1.38
2849,USW00094846,"CHICAGO OHARE INTERNATIONAL AIRPORT, IL US",10,0,2019-11-26,11.13,-0.6
2850,USW00094846,"CHICAGO OHARE INTERNATIONAL AIRPORT, IL US",12.8,0.6,2019-11-27,11.55,0.47
2851,USW00094846,"CHICAGO OHARE INTERNATIONAL AIRPORT, IL US",2.8,-0.5,2019-11-28,3.14,-0.27
2852,USW00094846,"CHICAGO OHARE INTERNATIONAL AIRPORT, IL US",4.4,0.6,2019-11-29,3.87,0.91
2853,USW00094846,"CHICAGO OHARE INTERNATIONAL AIRPORT, IL US",4.4,2.2,2019-11-30,4.6,1.8
2854,USW00094846,"CHICAGO OHARE INTERNATIONAL AIRPORT, IL US",5,-0.5,2019-12-01,5.37,0.7
2855,USW00094846,"CHICAGO OHARE INTERNATIONAL AIRPORT, IL US",1.7,-1.6,2019-12-02,2.06,-1.9
2856,USW00094846,"CHICAGO OHARE INTERNATIONAL AIRPORT, IL US",4.4,-1.6,2019-12-03,4.32,-2.14
2857,USW00094846,"CHICAGO OHARE INTERNATIONAL AIRPORT, IL US",6.1,-0.5,2019-12-04,6.06,-0.78
2858,USW00094846,"CHICAGO OHARE INTERNATIONAL AIRPORT, IL US",7.2,-2.7,2019-12-05,7.46,-3.18
2859,USW00094846,"CHICAGO OHARE INTERNATIONAL AIRPORT, IL US",5.6,-2.7,2019-12-06,5.69,-3.57
2860,USW00094846,"CHICAGO OHARE INTERNATIONAL AIRPORT, IL US",2.8,-3.8,2019-12-07,3.43,-4.7
2861,USW00094846,"CHICAGO OHARE INTERNATIONAL AIRPORT, IL US",8.3,1.1,2019-12-08,7.69,-0.49
2862,USW00094846,"CHICAGO OHARE INTERNATIONAL AIRPORT, IL US",8.3,-4.3,2019-12-09,8.51,-1.63
2863,USW00094846,"CHICAGO OHARE INTERNATIONAL AIRPORT, IL US",-4.3,-9.9,2019-12-10,-3.13,-9.39
2864,USW00094846,"CHICAGO OHARE INTERNATIONAL AIRPORT, IL US",-4.3,-10.5,2019-12-11,-3.63,-10.76
2865,USW00094846,"CHICAGO OHARE INTERNATIONAL AIRPORT, IL US",7.2,-7.1,2019-12-12,5.9,-8.39
2866,USW00094846,"CHICAGO OHARE INTERNATIONAL AIRPORT, IL US",7.2,1.1,2019-12-13,7.29,-1.47
2867,USW00094846,"CHICAGO OHARE INTERNATIONAL AIRPORT, IL US",1.7,-4.3,2019-12-14,1.68,-3.67
2868,USW00094846,"CHICAGO OHARE INTERNATIONAL AIRPORT, IL US",-3.2,-7.1,2019-12-15,-2.45,-7.47
2869,USW00094846,"CHICAGO OHARE INTERNATIONAL AIRPORT, IL US",-1,-4.3,2019-12-16,-0.69,-5.67
2870,USW00094846,"CHICAGO OHARE INTERNATIONAL AIRPORT, IL US",-1.6,-7.1,2019-12-17,-0.63,-7.69
2871,USW00094846,"CHICAGO OHARE INTERNATIONAL AIRPORT, IL US",-2.7,-12.1,2019-12-18,-3.29,-11.67
2872,USW00094846,"CHICAGO OHARE INTERNATIONAL AIRPORT, IL US",1.7,-9.3,2019-12-19,1.98,-10.3
2873,USW00094846,"CHICAGO OHARE INTERNATIONAL AIRPORT, IL US",5,-4.9,2019-12-20,4.63,-6.08
2874,USW00094846,"CHICAGO OHARE INTERNATIONAL AIRPORT, IL US",8.3,0,2019-12-21,8.38,-2.97
2875,USW00094846,"CHICAGO OHARE INTERNATIONAL AIRPORT, IL US",11.1,0.6,2019-12-22,11.26,-0.78
2876,USW00094846,"CHICAGO OHARE INTERNATIONAL AIRPORT, IL US",11.1,0.6,2019-12-23,10.7,0.54
2877,USW00094846,"CHICAGO OHARE INTERNATIONAL AIRPORT, IL US",12.8,-1,2019-12-24,12.38,-1.64
2878,USW00094846,"CHICAGO OHARE INTERNATIONAL AIRPORT, IL US",13.9,2.8,2019-12-25,14.54,2.02
2879,USW00094846,"CHICAGO OHARE INTERNATIONAL AIRPORT, IL US",16.1,2.8,2019-12-26,16.44,3.32
2880,USW00094846,"CHICAGO OHARE INTERNATIONAL AIRPORT, IL US",2.8,-2.1,2019-12-27,4.77,-0.87
2881,USW00094846,"CHICAGO OHARE INTERNATIONAL AIRPORT, IL US",8.9,-2.7,2019-12-28,9.77,-2.88
2882,USW00094846,"CHICAGO OHARE INTERNATIONAL AIRPORT, IL US",13.9,8.3,2019-12-29,14.15,4.4
2883,USW00094846,"CHICAGO OHARE INTERNATIONAL AIRPORT, IL US",8.3,-2.7,2019-12-30,6.83,-1.26
2884,USW00094846,"CHICAGO OHARE INTERNATIONAL AIRPORT, IL US",-2.1,-4.3,2019-12-31,-1.55,-4.37
2885,USW00014819,"CHICAGO MIDWAY AIRPORT, IL US",2.2,-2.7,2019-01-01,1.73,-2.12
2886,USW00014819,"CHICAGO MIDWAY AIRPORT, IL US",0,-2.7,2019-01-02,0.08,-2.7
2887,USW00014819,"CHICAGO MIDWAY AIRPORT, IL US",5,-3.8,2019-01-03,3.9,-4.27
2888,USW00014819,"CHICAGO MIDWAY AIRPORT, IL US",10,0,2019-01-04,9.27,-1.6
2889,USW00014819,"CHICAGO MIDWAY AIRPORT, IL US",11.7,-0.5,2019-01-05,11.71,-0.84
2890,USW00014819,"CHICAGO MIDWAY AIRPORT, IL US",5.6,2.8,2019-01-06,6.19,0.77
2891,USW00014819,"CHICAGO MIDWAY AIRPORT, IL US",12.8,5,2019-01-07,11.55,3.36
2892,USW00014819,"CHICAGO MIDWAY AIRPORT, IL US",8.3,-3.2,2019-01-08,8.78,-2.26
2893,USW00014819,"CHICAGO MIDWAY AIRPORT, IL US",-3.2,-8.2,2019-01-09,-2.06,-7.8
2894,USW00014819,"CHICAGO MIDWAY AIRPORT, IL US",-3.8,-9.3,2019-01-10,-3.55,-9.32
2895,USW00014819,"CHICAGO MIDWAY AIRPORT, IL US",-0.5,-5.5,2019-01-11,-0.8,-6.85
2896,USW00014819,"CHICAGO MIDWAY AIRPORT, IL US",0,-1,2019-01-12,-0.42,-2.8
2897,USW00014819,"CHICAGO MIDWAY AIRPORT, IL US",0,-2.7,2019-01-13,0,-3.65
2898,USW00014819,"CHICAGO MIDWAY AIRPORT, IL US",-2.1,-6,2019-01-14,-1.79,-6.19
2899,USW00014819,"CHICAGO MIDWAY AIRPORT, IL US",0.6,-3.8,2019-01-15,0.43,-4.56
2900,USW00014819,"CHICAGO MIDWAY AIRPORT, IL US",1.7,-1.6,2019-01-16,1.74,-2.48
2901,USW00014819,"CHICAGO MIDWAY AIRPORT, IL US",2.2,-1.6,2019-01-17,1.77,-2.07
2902,USW00014819,"CHICAGO MIDWAY AIRPORT, IL US",0,-1.6,2019-01-18,0.37,-2.05
2903,USW00014819,"CHICAGO MIDWAY AIRPORT, IL US",-1.6,-9.3,2019-01-19,-1.8,-7.12
2904,USW00014819,"CHICAGO MIDWAY AIRPORT, IL US",-7.7,-13.8,2019-01-20,-7.43,-13.12
2905,USW00014819,"CHICAGO MIDWAY AIRPORT, IL US",-9.3,-13.2,2019-01-21,-8.8,-13.7
2906,USW00014819,"CHICAGO MIDWAY AIRPORT, IL US",2.2,-10.5,2019-01-22,0.67,-11.66
2907,USW00014819,"CHICAGO MIDWAY AIRPORT, IL US",1.7,-6,2019-01-23,1.88,-6.49
2908,USW00014819,"CHICAGO MIDWAY AIRPORT, IL US",-4.9,-16,2019-01-24,-4.04,-14.59
2909,USW00014819,"CHICAGO MIDWAY AIRPORT, IL US",-13.8,-20.5,2019-01-25,-12.87,-20.43
2910,USW00014819,"CHICAGO MIDWAY AIRPORT, IL US",-10.5,-20.5,2019-01-26,-10.44,-20.58
2911,USW00014819,"CHICAGO MIDWAY AIRPORT, IL US",-11,-18.8,2019-01-27,-8.22,-19.25
2912,USW00014819,"CHICAGO MIDWAY AIRPORT, IL US",1.7,-12.7,2019-01-28,1.25,-15.36
2913,USW00014819,"CHICAGO MIDWAY AIRPORT, IL US",-11.6,-22.7,2019-01-29,-10.38,-21.03
2914,USW00014819,"CHICAGO MIDWAY AIRPORT, IL US",-22.7,-29.9,2019-01-30,-21.7,-29.64
2915,USW00014819,"CHICAGO MIDWAY AIRPORT, IL US",-16.6,-28.8,2019-01-31,-15.78,-28.5
2916,USW00014819,"CHICAGO MIDWAY AIRPORT, IL US",-6,-16.6,2019-02-01,-6.41,-20.45
2917,USW00014819,"CHICAGO MIDWAY AIRPORT, IL US",5,-9.3,2019-02-02,4.35,-11.11
2918,USW00014819,"CHICAGO MIDWAY AIRPORT, IL US",9.4,3.3,2019-02-03,9.2,0.24
2919,USW00014819,"CHICAGO MIDWAY AIRPORT, IL US",10.6,-1,2019-02-04,10.31,0.99
2920,USW00014819,"CHICAGO MIDWAY AIRPORT, IL US",1.1,-2.7,2019-02-05,2.08,-3.27
2921,USW00014819,"CHICAGO MIDWAY AIRPORT, IL US",3.3,0.6,2019-02-06,4.25,-0.61
2922,USW00014819,"CHICAGO MIDWAY AIRPORT, IL US",7.8,-11.6,2019-02-07,7.53,-8.04
2923,USW00014819,"CHICAGO MIDWAY AIRPORT, IL US",-9.3,-14.9,2019-02-08,-7.98,-15.15
2924,USW00014819,"CHICAGO MIDWAY AIRPORT, IL US",-3.2,-13.8,2019-02-09,-4.25,-14.27
2925,USW00014819,"CHICAGO MIDWAY AIRPORT, IL US",-1.6,-4.9,2019-02-10,-2.27,-8.43
2926,USW00014819,"CHICAGO MIDWAY AIRPORT, IL US",0,-1.6,2019-02-11,-0.09,-3.51
2927,USW00014819,"CHICAGO MIDWAY AIRPORT, IL US",0.6,-6,2019-02-12,0.91,-5.57
2928,USW00014819,"CHICAGO MIDWAY AIRPORT, IL US",-1,-10.5,2019-02-13,-0.41,-10.69
2929,USW00014819,"CHICAGO MIDWAY AIRPORT, IL US",7.8,-1,2019-02-14,7.44,-4.76
2930,USW00014819,"CHICAGO MIDWAY AIRPORT, IL US",0.6,-11.6,2019-02-15,-0.16,-11.61
2931,USW00014819,"CHICAGO MIDWAY AIRPORT, IL US",-1,-7.7,2019-02-16,-1.74,-9.35
2932,USW00014819,"CHICAGO MIDWAY AIRPORT, IL US",-1.6,-3.8,2019-02-17,-1.89,-5.01
2933,USW00014819,"CHICAGO MIDWAY AIRPORT, IL US",-0.5,-5.5,2019-02-18,-0.83,-6.05
2934,USW00014819,"CHICAGO MIDWAY AIRPORT, IL US",0.6,-9.9,2019-02-19,0.44,-10.22
2935,USW00014819,"CHICAGO MIDWAY AIRPORT, IL US",2.8,-1.6,2019-02-20,2.96,-5.16
2936,USW00014819,"CHICAGO MIDWAY AIRPORT, IL US",1.7,-3.2,2019-02-21,1.98,-3.87
2937,USW00014819,"CHICAGO MIDWAY AIRPORT, IL US",3.3,-4.9,2019-02-22,3.74,-5.73
2938,USW00014819,"CHICAGO MIDWAY AIRPORT, IL US",9.4,1.7,2019-02-23,9.02,-0.95
2939,USW00014819,"CHICAGO MIDWAY AIRPORT, IL US",7.8,-9.9,2019-02-24,7.28,-6.94
2940,USW00014819,"CHICAGO MIDWAY AIRPORT, IL US",-4.9,-13.2,2019-02-25,-4.26,-13.31
2941,USW00014819,"CHICAGO MIDWAY AIRPORT, IL US",-3.8,-7.7,2019-02-26,-3.94,-9.98
2942,USW00014819,"CHICAGO MIDWAY AIRPORT, IL US",0,-8.2,2019-02-27,-0.51,-8.54
2943,USW00014819,"CHICAGO MIDWAY AIRPORT, IL US",-2.1,-10.5,2019-02-28,-2.33,-10.05
2944,USW00014819,"CHICAGO MIDWAY AIRPORT, IL US",1.1,-3.8,2019-03-01,1.09,-6.32
2945,USW00014819,"CHICAGO MIDWAY AIRPORT, IL US",1.7,-2.1,2019-03-02,1.64,-3.73
2946,USW00014819,"CHICAGO MIDWAY AIRPORT, IL US",-2.1,-14.3,2019-03-03,-2.58,-11.07
2947,USW00014819,"CHICAGO MIDWAY AIRPORT, IL US",-9.3,-18.8,2019-03-04,-8.49,-18.84
2948,USW00014819,"CHICAGO MIDWAY AIRPORT, IL US",-5.5,-12.7,2019-03-05,-6.29,-16.21
2949,USW00014819,"CHICAGO MIDWAY AIRPORT, IL US",0,-12.1,2019-03-06,-0.89,-13.23
2950,USW00014819,"CHICAGO MIDWAY AIRPORT, IL US",-2.1,-8.8,2019-03-07,-1.71,-9.66
2951,USW00014819,"CHICAGO MIDWAY AIRPORT, IL US",3.9,-4.9,2019-03-08,4,-6.34
2952,USW00014819,"CHICAGO MIDWAY AIRPORT, IL US",6.7,-1.6,2019-03-09,6.73,-3.32
2953,USW00014819,"CHICAGO MIDWAY AIRPORT, IL US",3.9,-1,2019-03-10,4.35,-0.98
2954,USW00014819,"CHICAGO MIDWAY AIRPORT, IL US",6.1,-2.1,2019-03-11,5.77,-2.68
2955,USW00014819,"CHICAGO MIDWAY AIRPORT, IL US",9.4,-3.2,2019-03-12,9.19,-4.18
2956,USW00014819,"CHICAGO MIDWAY AIRPORT, IL US",16.1,5,2019-03-13,14.67,1.4
2957,USW00014819,"CHICAGO MIDWAY AIRPORT, IL US",17.8,4.4,2019-03-14,17.32,4.24
2958,USW00014819,"CHICAGO MIDWAY AIRPORT, IL US",4.4,0,2019-03-15,6.43,0.99
2959,USW00014819,"CHICAGO MIDWAY AIRPORT, IL US",6.1,-1.6,2019-03-16,5.71,-2.03
2960,USW00014819,"CHICAGO MIDWAY AIRPORT, IL US",7.2,-1.6,2019-03-17,6.86,-2.74
2961,USW00014819,"CHICAGO MIDWAY AIRPORT, IL US",7.2,-2.1,2019-03-18,7.06,-2.8
2962,USW00014819,"CHICAGO MIDWAY AIRPORT, IL US",10,-1,2019-03-19,9.82,-1.97
2963,USW00014819,"CHICAGO MIDWAY AIRPORT, IL US",7.2,4.4,2019-03-20,7.84,1.28
2964,USW00014819,"CHICAGO MIDWAY AIRPORT, IL US",7.8,2.8,2019-03-21,7.34,2.21
2965,USW00014819,"CHICAGO MIDWAY AIRPORT, IL US",8.3,-0.5,2019-03-22,7.46,-0.61
2966,USW00014819,"CHICAGO MIDWAY AIRPORT, IL US",11.7,-2.7,2019-03-23,11.49,-3.99
2967,USW00014819,"CHICAGO MIDWAY AIRPORT, IL US",10.6,2.2,2019-03-24,10.99,-0.55
2968,USW00014819,"CHICAGO MIDWAY AIRPORT, IL US",6.1,-1,2019-03-25,6.19,-1.17
2969,USW00014819,"CHICAGO MIDWAY AIRPORT, IL US",7.8,-2.7,2019-03-26,7.35,-2.84
2970,USW00014819,"CHICAGO MIDWAY AIRPORT, IL US",15,-0.5,2019-03-27,13.95,-1.53
2971,USW00014819,"CHICAGO MIDWAY AIRPORT, IL US",18.3,1.1,2019-03-28,17.63,3.12
2972,USW00014819,"CHICAGO MIDWAY AIRPORT, IL US",12.8,3.9,2019-03-29,13.03,3.69
2973,USW00014819,"CHICAGO MIDWAY AIRPORT, IL US",6.7,-0.5,2019-03-30,8.03,0.52
2974,USW00014819,"CHICAGO MIDWAY AIRPORT, IL US",4.4,-4.3,2019-03-31,4.45,-4.29
2975,USW00014819,"CHICAGO MIDWAY AIRPORT, IL US",9.4,-2.7,2019-04-01,9.05,-3.35
2976,USW00014819,"CHICAGO MIDWAY AIRPORT, IL US",13.9,3.3,2019-04-02,13.15,1.65
2977,USW00014819,"CHICAGO MIDWAY AIRPORT, IL US",15,2.8,2019-04-03,14.85,2.7
2978,USW00014819,"CHICAGO MIDWAY AIRPORT, IL US",8.9,4.4,2019-04-04,9.88,3.78
2979,USW00014819,"CHICAGO MIDWAY AIRPORT, IL US",13.9,5,2019-04-05,12.12,4.28
2980,USW00014819,"CHICAGO MIDWAY AIRPORT, IL US",18.3,5,2019-04-06,16.87,4.37
2981,USW00014819,"CHICAGO MIDWAY AIRPORT, IL US",21.1,11.7,2019-04-07,20.99,9.06
2982,USW00014819,"CHICAGO MIDWAY AIRPORT, IL US",23.3,11.7,2019-04-08,22.08,11.1
2983,USW00014819,"CHICAGO MIDWAY AIRPORT, IL US",20,5,2019-04-09,20.35,5.19
2984,USW00014819,"CHICAGO MIDWAY AIRPORT, IL US",5.6,2.2,2019-04-10,7.36,1.84
2985,USW00014819,"CHICAGO MIDWAY AIRPORT, IL US",16.1,3.9,2019-04-11,14.11,3.03
2986,USW00014819,"CHICAGO MIDWAY AIRPORT, IL US",12.2,3.9,2019-04-12,12.68,4.16
2987,USW00014819,"CHICAGO MIDWAY AIRPORT, IL US",12.2,2.8,2019-04-13,12.14,2.16
2988,USW00014819,"CHICAGO MIDWAY AIRPORT, IL US",4.4,0.6,2019-04-14,5,0.29
2989,USW00014819,"CHICAGO MIDWAY AIRPORT, IL US",12.2,-0.5,2019-04-15,11.12,-0.36
2990,USW00014819,"CHICAGO MIDWAY AIRPORT, IL US",23.9,8.3,2019-04-16,22.03,4.83
2991,USW00014819,"CHICAGO MIDWAY AIRPORT, IL US",25,8.9,2019-04-17,24.93,7.67
2992,USW00014819,"CHICAGO MIDWAY AIRPORT, IL US",18.3,6.7,2019-04-18,18.37,7.08
2993,USW00014819,"CHICAGO MIDWAY AIRPORT, IL US",9.4,5,2019-04-19,10,4.84
2994,USW00014819,"CHICAGO MIDWAY AIRPORT, IL US",18.3,5,2019-04-20,16.49,4.4
2995,USW00014819,"CHICAGO MIDWAY AIRPORT, IL US",25.6,7.2,2019-04-21,24.38,5.59
2996,USW00014819,"CHICAGO MIDWAY AIRPORT, IL US",26.7,14.4,2019-04-22,26.69,11.61
2997,USW00014819,"CHICAGO MIDWAY AIRPORT, IL US",18.9,10,2019-04-23,19.7,9.07
2998,USW00014819,"CHICAGO MIDWAY AIRPORT, IL US",18.3,7.2,2019-04-24,16.74,5.51
2999,USW00014819,"CHICAGO MIDWAY AIRPORT, IL US",18.9,8.3,2019-04-25,18.29,6.89
3000,USW00014819,"CHICAGO MIDWAY AIRPORT, IL US",18.3,10,2019-04-26,18.42,8.82
3001,USW00014819,"CHICAGO MIDWAY AIRPORT, IL US",10.6,0.6,2019-04-27,9.83,1.72
3002,USW00014819,"CHICAGO MIDWAY AIRPORT, IL US",11.1,1.1,2019-04-28,11.6,0.12
3003,USW00014819,"CHICAGO MIDWAY AIRPORT, IL US",11.7,6.1,2019-04-29,12.04,5.25
3004,USW00014819,"CHICAGO MIDWAY AIRPORT, IL US",10,4.4,2019-04-30,9.9,4.01
3005,USW00014819,"CHICAGO MIDWAY AIRPORT, IL US",16.1,7.2,2019-05-01,15.38,5.99
3006,USW00014819,"CHICAGO MIDWAY AIRPORT, IL US",9.4,6.1,2019-05-02,9.7,5.87
3007,USW00014819,"CHICAGO MIDWAY AIRPORT, IL US",13.9,6.7,2019-05-03,12.6,5.64
3008,USW00014819,"CHICAGO MIDWAY AIRPORT, IL US",16.1,5.6,2019-05-04,15.31,5.26
3009,USW00014819,"CHICAGO MIDWAY AIRPORT, IL US",23.3,6.7,2019-05-05,22.57,6.57
3010,USW00014819,"CHICAGO MIDWAY AIRPORT, IL US",22.2,8.3,2019-05-06,22.27,8.96
3011,USW00014819,"CHICAGO MIDWAY AIRPORT, IL US",10,7.2,2019-05-07,12.01,6.68
3012,USW00014819,"CHICAGO MIDWAY AIRPORT, IL US",24.4,8.3,2019-05-08,20.44,7.57
3013,USW00014819,"CHICAGO MIDWAY AIRPORT, IL US",20.6,9.4,2019-05-09,20.24,8.93
3014,USW00014819,"CHICAGO MIDWAY AIRPORT, IL US",13.3,7.2,2019-05-10,13.46,6.28
3015,USW00014819,"CHICAGO MIDWAY AIRPORT, IL US",12.2,7.2,2019-05-11,12.27,6.03
3016,USW00014819,"CHICAGO MIDWAY AIRPORT, IL US",11.7,6.1,2019-05-12,11.89,5.9
3017,USW00014819,"CHICAGO MIDWAY AIRPORT, IL US",16.1,6.1,2019-05-13,14.92,5.81
3018,USW00014819,"CHICAGO MIDWAY AIRPORT, IL US",21.1,6.1,2019-05-14,20.27,5.44
3019,USW00014819,"CHICAGO MIDWAY AIRPORT, IL US",25,11.1,2019-05-15,24.42,9.68
3020,USW00014819,"CHICAGO MIDWAY AIRPORT, IL US",24.4,15,2019-05-16,24.61,13.51
3021,USW00014819,"CHICAGO MIDWAY AIRPORT, IL US",20.6,7.8,2019-05-17,19.88,8.81
3022,USW00014819,"CHICAGO MIDWAY AIRPORT, IL US",28.3,7.2,2019-05-18,26.13,6.75
3023,USW00014819,"CHICAGO MIDWAY AIRPORT, IL US",23.9,11.7,2019-05-19,24.79,9.67
3024,USW00014819,"CHICAGO MIDWAY AIRPORT, IL US",13.9,8.3,2019-05-20,15.39,8.38
3025,USW00014819,"CHICAGO MIDWAY AIRPORT, IL US",24.4,17.8,2019-05-23,24.92,14.65
3026,USW00014819,"CHICAGO MIDWAY AIRPORT, IL US",25.6,13.3,2019-05-24,24.9,12.31
3027,USW00014819,"CHICAGO MIDWAY AIRPORT, IL US",28.3,22.2,2019-05-25,27.84,18.73
3028,USW00014819,"CHICAGO MIDWAY AIRPORT, IL US",25,13.3,2019-05-26,24.86,14.3
3029,USW00014819,"CHICAGO MIDWAY AIRPORT, IL US",24.4,12.8,2019-05-27,24.35,11.64
3030,USW00014819,"CHICAGO MIDWAY AIRPORT, IL US",21.7,11.1,2019-05-28,21.98,11.45
3031,USW00014819,"CHICAGO MIDWAY AIRPORT, IL US",23.3,11.1,2019-05-29,22.21,10.73
3032,USW00014819,"CHICAGO MIDWAY AIRPORT, IL US",26.7,16.1,2019-05-30,25.3,14.99
3033,USW00014819,"CHICAGO MIDWAY AIRPORT, IL US",28.3,16.1,2019-05-31,27.92,15.46
3034,USW00014819,"CHICAGO MIDWAY AIRPORT, IL US",27.8,12.2,2019-06-01,27.28,13.44
3035,USW00014819,"CHICAGO MIDWAY AIRPORT, IL US",20.6,11.7,2019-06-02,21.59,10.56
3036,USW00014819,"CHICAGO MIDWAY AIRPORT, IL US",20,10.6,2019-06-03,20,9.67
3037,USW00014819,"CHICAGO MIDWAY AIRPORT, IL US",28.3,15.6,2019-06-04,27.81,13.23
3038,USW00014819,"CHICAGO MIDWAY AIRPORT, IL US",30,15.6,2019-06-05,29.16,14.75
3039,USW00014819,"CHICAGO MIDWAY AIRPORT, IL US",24.4,13.9,2019-06-06,23.43,13.28
3040,USW00014819,"CHICAGO MIDWAY AIRPORT, IL US",26.7,13.9,2019-06-07,25.41,12.8
3041,USW00014819,"CHICAGO MIDWAY AIRPORT, IL US",26.1,15.6,2019-06-08,24.4,14.71
3042,USW00014819,"CHICAGO MIDWAY AIRPORT, IL US",22.8,18.3,2019-06-09,23.07,17.06
3043,USW00014819,"CHICAGO MIDWAY AIRPORT, IL US",24.4,16.1,2019-06-10,23.34,15.55
3044,USW00014819,"CHICAGO MIDWAY AIRPORT, IL US",27.8,14.4,2019-06-11,27.06,13.03
3045,USW00014819,"CHICAGO MIDWAY AIRPORT, IL US",23.3,12.8,2019-06-12,24.35,13.93
3046,USW00014819,"CHICAGO MIDWAY AIRPORT, IL US",20.6,11.1,2019-06-13,19.73,10.92
3047,USW00014819,"CHICAGO MIDWAY AIRPORT, IL US",27.2,11.1,2019-06-14,25.88,10.6
3048,USW00014819,"CHICAGO MIDWAY AIRPORT, IL US",21.7,13.9,2019-06-15,22.03,12.82
3049,USW00014819,"CHICAGO MIDWAY AIRPORT, IL US",19.4,13.3,2019-06-16,18.61,12.99
3050,USW00014819,"CHICAGO MIDWAY AIRPORT, IL US",20,13.3,2019-06-17,19.43,12.74
3051,USW00014819,"CHICAGO MIDWAY AIRPORT, IL US",26.1,14.4,2019-06-18,24.44,13.58
3052,USW00014819,"CHICAGO MIDWAY AIRPORT, IL US",23.9,13.3,2019-06-19,23.15,13.38
3053,USW00014819,"CHICAGO MIDWAY AIRPORT, IL US",21.1,12.8,2019-06-20,21.38,12.63
3054,USW00014819,"CHICAGO MIDWAY AIRPORT, IL US",22.2,11.7,2019-06-21,21.8,11.23
3055,USW00014819,"CHICAGO MIDWAY AIRPORT, IL US",27.2,16.1,2019-06-22,25.52,14.5
3056,USW00014819,"CHICAGO MIDWAY AIRPORT, IL US",27.8,18.9,2019-06-23,27.67,17.03
3057,USW00014819,"CHICAGO MIDWAY AIRPORT, IL US",26.1,19.4,2019-06-24,26.3,18.79
3058,USW00014819,"CHICAGO MIDWAY AIRPORT, IL US",30.6,17.2,2019-06-25,29.3,16.68
3059,USW00014819,"CHICAGO MIDWAY AIRPORT, IL US",32.2,21.1,2019-06-26,30.79,19.06
3060,USW00014819,"CHICAGO MIDWAY AIRPORT, IL US",32.2,20.6,2019-06-27,30.78,19.46
3061,USW00014819,"CHICAGO MIDWAY AIRPORT, IL US",32.8,22.2,2019-06-28,32.06,20.7
3062,USW00014819,"CHICAGO MIDWAY AIRPORT, IL US",30.6,22.2,2019-06-29,30.1,20.48
3063,USW00014819,"CHICAGO MIDWAY AIRPORT, IL US",31.7,22.2,2019-06-30,30.99,20.97
3064,USW00014819,"CHICAGO MIDWAY AIRPORT, IL US",32.8,21.1,2019-07-01,31.97,20.36
3065,USW00014819,"CHICAGO MIDWAY AIRPORT, IL US",33.3,21.7,2019-07-02,33.57,20.82
3066,USW00014819,"CHICAGO MIDWAY AIRPORT, IL US",30,21.7,2019-07-03,30.04,20.92
3067,USW00014819,"CHICAGO MIDWAY AIRPORT, IL US",32.8,21.1,2019-07-04,32.52,20.63
3068,USW00014819,"CHICAGO MIDWAY AIRPORT, IL US",33.3,24.4,2019-07-05,33.6,22.79
3069,USW00014819,"CHICAGO MIDWAY AIRPORT, IL US",30,21.1,2019-07-06,28.88,21.06
3070,USW00014819,"CHICAGO MIDWAY AIRPORT, IL US",26.1,19.4,2019-07-07,25.91,18.44
3071,USW00014819,"CHICAGO MIDWAY AIRPORT, IL US",28.3,18.3,2019-07-08,27.35,17.03
3072,USW00014819,"CHICAGO MIDWAY AIRPORT, IL US",31.7,19.4,2019-07-09,30.62,17.77
3073,USW00014819,"CHICAGO MIDWAY AIRPORT, IL US",35.6,24.4,2019-07-10,34.51,22.5
3074,USW00014819,"CHICAGO MIDWAY AIRPORT, IL US",27.8,20,2019-07-11,28.51,18.96
3075,USW00014819,"CHICAGO MIDWAY AIRPORT, IL US",30.6,16.7,2019-07-12,30.07,16.02
3076,USW00014819,"CHICAGO MIDWAY AIRPORT, IL US",34.4,22.8,2019-07-13,33.95,20.22
3077,USW00014819,"CHICAGO MIDWAY AIRPORT, IL US",32.2,22.8,2019-07-14,31.99,20.9
3078,USW00014819,"CHICAGO MIDWAY AIRPORT, IL US",33.3,23.9,2019-07-15,33.12,21.63
3079,USW00014819,"CHICAGO MIDWAY AIRPORT, IL US",28.9,22.2,2019-07-16,29.51,21.48
3080,USW00014819,"CHICAGO MIDWAY AIRPORT, IL US",32.8,23.3,2019-07-17,31.82,22.14
3081,USW00014819,"CHICAGO MIDWAY AIRPORT, IL US",31.1,21.7,2019-07-18,31.57,21.75
3082,USW00014819,"CHICAGO MIDWAY AIRPORT, IL US",35,27.2,2019-07-19,34.31,25.32
3083,USW00014819,"CHICAGO MIDWAY AIRPORT, IL US",36.1,24.4,2019-07-20,35.46,23.47
3084,USW00014819,"CHICAGO MIDWAY AIRPORT, IL US",26.7,21.7,2019-07-21,27.64,20.81
3085,USW00014819,"CHICAGO MIDWAY AIRPORT, IL US",24.4,17.2,2019-07-22,24.87,17.63
3086,USW00014819,"CHICAGO MIDWAY AIRPORT, IL US",27.2,16.7,2019-07-23,26.49,16.03
3087,USW00014819,"CHICAGO MIDWAY AIRPORT, IL US",26.7,16.7,2019-07-24,26.28,16.01
3088,USW00014819,"CHICAGO MIDWAY AIRPORT, IL US",30,17.2,2019-07-25,29.06,16.63
3089,USW00014819,"CHICAGO MIDWAY AIRPORT, IL US",30,20,2019-07-26,29.52,18.78
3090,USW00014819,"CHICAGO MIDWAY AIRPORT, IL US",31.7,22.2,2019-07-27,31.31,21.11
3091,USW00014819,"CHICAGO MIDWAY AIRPORT, IL US",32.2,22.8,2019-07-28,32.07,21.94
3092,USW00014819,"CHICAGO MIDWAY AIRPORT, IL US",27.8,21.1,2019-07-29,28.67,21.2
3093,USW00014819,"CHICAGO MIDWAY AIRPORT, IL US",26.1,19.4,2019-07-30,26.05,17.95
3094,USW00014819,"CHICAGO MIDWAY AIRPORT, IL US",24.4,17.2,2019-07-31,24.29,16.41
3095,USW00014819,"CHICAGO MIDWAY AIRPORT, IL US",26.7,15.6,2019-08-01,27.01,15.69
3096,USW00014819,"CHICAGO MIDWAY AIRPORT, IL US",27.8,17.2,2019-08-02,27.68,16.36
3097,USW00014819,"CHICAGO MIDWAY AIRPORT, IL US",31.7,17.8,2019-08-03,31.33,16.82
3098,USW00014819,"CHICAGO MIDWAY AIRPORT, IL US",30,22.8,2019-08-04,30.7,20.8
3099,USW00014819,"CHICAGO MIDWAY AIRPORT, IL US",32.8,21.7,2019-08-05,32.59,19.87
3100,USW00014819,"CHICAGO MIDWAY AIRPORT, IL US",29.4,21.1,2019-08-06,28.89,20.34
3101,USW00014819,"CHICAGO MIDWAY AIRPORT, IL US",31.1,20,2019-08-07,30.82,18.95
3102,USW00014819,"CHICAGO MIDWAY AIRPORT, IL US",31.1,21.7,2019-08-08,30.41,20.31
3103,USW00014819,"CHICAGO MIDWAY AIRPORT, IL US",28.3,17.2,2019-08-09,27.92,17.33
3104,USW00014819,"CHICAGO MIDWAY AIRPORT, IL US",30,19.4,2019-08-10,29.62,19.01
3105,USW00014819,"CHICAGO MIDWAY AIRPORT, IL US",28.9,20.6,2019-08-11,28.76,18.99
3106,USW00014819,"CHICAGO MIDWAY AIRPORT, IL US",28.3,22.2,2019-08-12,28.47,20.57
3107,USW00014819,"CHICAGO MIDWAY AIRPORT, IL US",29.4,21.1,2019-08-13,29.4,20.15
3108,USW00014819,"CHICAGO MIDWAY AIRPORT, IL US",28.9,18.9,2019-08-14,28.28,18.77
3109,USW00014819,"CHICAGO MIDWAY AIRPORT, IL US",25.6,18.3,2019-08-15,27.17,17.94
3110,USW00014819,"CHICAGO MIDWAY AIRPORT, IL US",29.4,18.3,2019-08-16,29.13,17.28
3111,USW00014819,"CHICAGO MIDWAY AIRPORT, IL US",25.6,20.6,2019-08-17,26.39,19.56
3112,USW00014819,"CHICAGO MIDWAY AIRPORT, IL US",28.9,20.6,2019-08-18,28.75,19.8
3113,USW00014819,"CHICAGO MIDWAY AIRPORT, IL US",29.4,21.7,2019-08-19,29.43,20.79
3114,USW00014819,"CHICAGO MIDWAY AIRPORT, IL US",25.6,20,2019-08-20,26.38,19.82
3115,USW00014819,"CHICAGO MIDWAY AIRPORT, IL US",28.9,18.3,2019-08-21,28.65,18.44
3116,USW00014819,"CHICAGO MIDWAY AIRPORT, IL US",25.6,20.6,2019-08-22,25.73,18.63
3117,USW00014819,"CHICAGO MIDWAY AIRPORT, IL US",23.9,18.9,2019-08-23,23.69,17.25
3118,USW00014819,"CHICAGO MIDWAY AIRPORT, IL US",23.3,17.2,2019-08-24,24.27,16.13
3119,USW00014819,"CHICAGO MIDWAY AIRPORT, IL US",25.6,16.7,2019-08-25,24.98,15.97
3120,USW00014819,"CHICAGO MIDWAY AIRPORT, IL US",25.6,18.9,2019-08-26,24.88,17.36
3121,USW00014819,"CHICAGO MIDWAY AIRPORT, IL US",27.2,18.9,2019-08-27,26.74,18.03
3122,USW00014819,"CHICAGO MIDWAY AIRPORT, IL US",24.4,15.6,2019-08-28,25.07,15.29
3123,USW00014819,"CHICAGO MIDWAY AIRPORT, IL US",30,15.6,2019-08-29,28.95,14.79
3124,USW00014819,"CHICAGO MIDWAY AIRPORT, IL US",23.3,16.7,2019-08-30,23.18,15.56
3125,USW00014819,"CHICAGO MIDWAY AIRPORT, IL US",24.4,17.8,2019-08-31,24.06,16.13
3126,USW00014819,"CHICAGO MIDWAY AIRPORT, IL US",22.8,16.7,2019-09-01,23.23,15.69
3127,USW00014819,"CHICAGO MIDWAY AIRPORT, IL US",28.3,16.7,2019-09-02,27.58,16.21
3128,USW00014819,"CHICAGO MIDWAY AIRPORT, IL US",27.2,20,2019-09-03,27.58,18.73
3129,USW00014819,"CHICAGO MIDWAY AIRPORT, IL US",21.1,16.7,2019-09-04,21.96,15.72
3130,USW00014819,"CHICAGO MIDWAY AIRPORT, IL US",23.3,13.9,2019-09-05,22.66,13.24
3131,USW00014819,"CHICAGO MIDWAY AIRPORT, IL US",23.9,18.3,2019-09-06,23.56,16.22
3132,USW00014819,"CHICAGO MIDWAY AIRPORT, IL US",26.1,13.9,2019-09-07,25.82,13.8
3133,USW00014819,"CHICAGO MIDWAY AIRPORT, IL US",19.4,16.7,2019-09-08,20.03,15.35
3134,USW00014819,"CHICAGO MIDWAY AIRPORT, IL US",25.6,16.7,2019-09-09,24.27,15.89
3135,USW00014819,"CHICAGO MIDWAY AIRPORT, IL US",32.8,22.8,2019-09-10,31.7,19.84
3136,USW00014819,"CHICAGO MIDWAY AIRPORT, IL US",32.8,21.1,2019-09-11,32.33,19.62
3137,USW00014819,"CHICAGO MIDWAY AIRPORT, IL US",27.8,20,2019-09-12,27.16,19.07
3138,USW00014819,"CHICAGO MIDWAY AIRPORT, IL US",26.1,16.7,2019-09-13,26.27,17.67
3139,USW00014819,"CHICAGO MIDWAY AIRPORT, IL US",27.2,14.4,2019-09-14,27.23,14.18
3140,USW00014819,"CHICAGO MIDWAY AIRPORT, IL US",25.6,17.8,2019-09-15,26.01,16.21
3141,USW00014819,"CHICAGO MIDWAY AIRPORT, IL US",24.4,19.4,2019-09-16,24.28,18.54
3142,USW00014819,"CHICAGO MIDWAY AIRPORT, IL US",26.1,18.9,2019-09-17,26.33,17.82
3143,USW00014819,"CHICAGO MIDWAY AIRPORT, IL US",28.3,17.8,2019-09-18,27.19,16.74
3144,USW00014819,"CHICAGO MIDWAY AIRPORT, IL US",29.4,17.8,2019-09-19,28.89,16.86
3145,USW00014819,"CHICAGO MIDWAY AIRPORT, IL US",30,20.6,2019-09-20,29.36,18.51
3146,USW00014819,"CHICAGO MIDWAY AIRPORT, IL US",27.2,21.7,2019-09-21,27.21,20.89
3147,USW00014819,"CHICAGO MIDWAY AIRPORT, IL US",25.6,19.4,2019-09-22,25.64,19.68
3148,USW00014819,"CHICAGO MIDWAY AIRPORT, IL US",23.9,16.7,2019-09-23,24.13,15.94
3149,USW00014819,"CHICAGO MIDWAY AIRPORT, IL US",26.7,14.4,2019-09-24,26.24,14.04
3150,USW00014819,"CHICAGO MIDWAY AIRPORT, IL US",26.7,18.3,2019-09-25,26.6,16.8
3151,USW00014819,"CHICAGO MIDWAY AIRPORT, IL US",22.8,13.9,2019-09-26,23.06,13.6
3152,USW00014819,"CHICAGO MIDWAY AIRPORT, IL US",21.7,15.6,2019-09-27,21.32,13.81
3153,USW00014819,"CHICAGO MIDWAY AIRPORT, IL US",20,15,2019-09-28,19.51,14.52
3154,USW00014819,"CHICAGO MIDWAY AIRPORT, IL US",20.6,16.7,2019-09-29,19.59,15.45
3155,USW00014819,"CHICAGO MIDWAY AIRPORT, IL US",30.6,18.9,2019-09-30,29.23,17.42
3156,USW00014819,"CHICAGO MIDWAY AIRPORT, IL US",31.1,22.2,2019-10-01,30.94,19.51
3157,USW00014819,"CHICAGO MIDWAY AIRPORT, IL US",27.2,15.6,2019-10-02,22.59,15.78
3158,USW00014819,"CHICAGO MIDWAY AIRPORT, IL US",21.1,10.6,2019-10-03,20,12.37
3159,USW00014819,"CHICAGO MIDWAY AIRPORT, IL US",15,8.9,2019-10-04,15.99,8.32
3160,USW00014819,"CHICAGO MIDWAY AIRPORT, IL US",18.3,9.4,2019-10-05,17.71,8.69
3161,USW00014819,"CHICAGO MIDWAY AIRPORT, IL US",20.6,10.6,2019-10-06,20.44,10.08
3162,USW00014819,"CHICAGO MIDWAY AIRPORT, IL US",21.7,8.9,2019-10-07,21.19,9.36
3163,USW00014819,"CHICAGO MIDWAY AIRPORT, IL US",21.7,8.9,2019-10-08,21.4,8.27
3164,USW00014819,"CHICAGO MIDWAY AIRPORT, IL US",22.2,11.7,2019-10-09,21.57,9.71
3165,USW00014819,"CHICAGO MIDWAY AIRPORT, IL US",21.7,12.2,2019-10-10,21.62,10.51
3166,USW00014819,"CHICAGO MIDWAY AIRPORT, IL US",20,3.9,2019-10-11,19.72,6.72
3167,USW00014819,"CHICAGO MIDWAY AIRPORT, IL US",12.8,2.8,2019-10-12,13.46,2.58
3168,USW00014819,"CHICAGO MIDWAY AIRPORT, IL US",13.3,3.3,2019-10-13,13.64,2.79
3169,USW00014819,"CHICAGO MIDWAY AIRPORT, IL US",12.8,3.9,2019-10-14,13.07,3.45
3170,USW00014819,"CHICAGO MIDWAY AIRPORT, IL US",18.9,5.6,2019-10-15,17.93,4.65
3171,USW00014819,"CHICAGO MIDWAY AIRPORT, IL US",11.7,6.1,2019-10-16,12.36,6.06
3172,USW00014819,"CHICAGO MIDWAY AIRPORT, IL US",13.3,5,2019-10-17,12.99,5.11
3173,USW00014819,"CHICAGO MIDWAY AIRPORT, IL US",15.6,3.9,2019-10-18,15.46,2.95
3174,USW00014819,"CHICAGO MIDWAY AIRPORT, IL US",21.1,7.8,2019-10-19,19.89,5.9
3175,USW00014819,"CHICAGO MIDWAY AIRPORT, IL US",15.6,10,2019-10-20,16.76,8.38
3176,USW00014819,"CHICAGO MIDWAY AIRPORT, IL US",20,11.1,2019-10-21,19.49,10.34
3177,USW00014819,"CHICAGO MIDWAY AIRPORT, IL US",11.1,7.2,2019-10-22,12.31,7.51
3178,USW00014819,"CHICAGO MIDWAY AIRPORT, IL US",15.6,4.4,2019-10-23,15.35,4.33
3179,USW00014819,"CHICAGO MIDWAY AIRPORT, IL US",10.6,5.6,2019-10-24,10.86,5.1
3180,USW00014819,"CHICAGO MIDWAY AIRPORT, IL US",10,5,2019-10-25,9.74,4.64
3181,USW00014819,"CHICAGO MIDWAY AIRPORT, IL US",10.6,3.9,2019-10-26,10.39,3.25
3182,USW00014819,"CHICAGO MIDWAY AIRPORT, IL US",15,6.7,2019-10-27,14.33,5.38
3183,USW00014819,"CHICAGO MIDWAY AIRPORT, IL US",11.1,5,2019-10-28,11.68,4.79
3184,USW00014819,"CHICAGO MIDWAY AIRPORT, IL US",8.9,2.8,2019-10-29,7.67,2.66
3185,USW00014819,"CHICAGO MIDWAY AIRPORT, IL US",5.6,0.6,2019-10-30,5.46,0.85
3186,USW00014819,"CHICAGO MIDWAY AIRPORT, IL US",3.3,-3.2,2019-10-31,2.67,-2.65
3187,USW00014819,"CHICAGO MIDWAY AIRPORT, IL US",7.8,-3.8,2019-11-01,6.26,-4.4
3188,USW00014819,"CHICAGO MIDWAY AIRPORT, IL US",7.2,0.6,2019-11-02,6.72,-0.99
3189,USW00014819,"CHICAGO MIDWAY AIRPORT, IL US",12.2,-0.5,2019-11-03,11.25,-0.97
3190,USW00014819,"CHICAGO MIDWAY AIRPORT, IL US",12.2,3.9,2019-11-04,11.9,2.89
3191,USW00014819,"CHICAGO MIDWAY AIRPORT, IL US",5.6,-0.5,2019-11-05,6.49,-0.42
3192,USW00014819,"CHICAGO MIDWAY AIRPORT, IL US",14.4,-0.5,2019-11-06,12.67,-0.98
3193,USW00014819,"CHICAGO MIDWAY AIRPORT, IL US",0.6,-6,2019-11-07,2.17,-4.29
3194,USW00014819,"CHICAGO MIDWAY AIRPORT, IL US",0.6,-8.2,2019-11-08,0.99,-8.08
3195,USW00014819,"CHICAGO MIDWAY AIRPORT, IL US",8.9,-2.1,2019-11-09,7.52,-4.2
3196,USW00014819,"CHICAGO MIDWAY AIRPORT, IL US",6.7,2.2,2019-11-10,6.69,1.11
3197,USW00014819,"CHICAGO MIDWAY AIRPORT, IL US",2.8,-9.9,2019-11-11,1.66,-7.62
3198,USW00014819,"CHICAGO MIDWAY AIRPORT, IL US",-7.1,-12.7,2019-11-12,-6.97,-12.64
3199,USW00014819,"CHICAGO MIDWAY AIRPORT, IL US",-2.1,-10.5,2019-11-13,-2.24,-12.27
3200,USW00014819,"CHICAGO MIDWAY AIRPORT, IL US",0.6,-3.8,2019-11-14,-0.12,-6.13
3201,USW00014819,"CHICAGO MIDWAY AIRPORT, IL US",3.3,-5.5,2019-11-15,3.3,-5.81
3202,USW00014819,"CHICAGO MIDWAY AIRPORT, IL US",5.6,-1.6,2019-11-16,5.1,-3.27
3203,USW00014819,"CHICAGO MIDWAY AIRPORT, IL US",5.6,-1.6,2019-11-17,5.01,-2.87
3204,USW00014819,"CHICAGO MIDWAY AIRPORT, IL US",5.6,2.2,2019-11-18,5.29,0.94
3205,USW00014819,"CHICAGO MIDWAY AIRPORT, IL US",5,2.2,2019-11-19,5.05,1.52
3206,USW00014819,"CHICAGO MIDWAY AIRPORT, IL US",9.4,3.9,2019-11-20,8.88,3.09
3207,USW00014819,"CHICAGO MIDWAY AIRPORT, IL US",13.3,4.4,2019-11-21,12.69,3.7
3208,USW00014819,"CHICAGO MIDWAY AIRPORT, IL US",4.4,-1.6,2019-11-22,4.23,-1.57
3209,USW00014819,"CHICAGO MIDWAY AIRPORT, IL US",5,-2.7,2019-11-23,4.58,-2.91
3210,USW00014819,"CHICAGO MIDWAY AIRPORT, IL US",10,0.6,2019-11-24,10.21,-0.49
3211,USW00014819,"CHICAGO MIDWAY AIRPORT, IL US",12.8,3.3,2019-11-25,12.76,2.17
3212,USW00014819,"CHICAGO MIDWAY AIRPORT, IL US",12.2,0.6,2019-11-26,11.47,0.15
3213,USW00014819,"CHICAGO MIDWAY AIRPORT, IL US",13.9,1.1,2019-11-27,12.5,1.02
3214,USW00014819,"CHICAGO MIDWAY AIRPORT, IL US",3.9,0,2019-11-28,3.54,0.06
3215,USW00014819,"CHICAGO MIDWAY AIRPORT, IL US",4.4,1.7,2019-11-29,4.21,1.42
3216,USW00014819,"CHICAGO MIDWAY AIRPORT, IL US",5,2.2,2019-11-30,4.77,2.09
3217,USW00014819,"CHICAGO MIDWAY AIRPORT, IL US",6.1,0.6,2019-12-01,5.61,0.83
3218,USW00014819,"CHICAGO MIDWAY AIRPORT, IL US",3.3,-0.5,2019-12-02,2.84,-1.02
3219,USW00014819,"CHICAGO MIDWAY AIRPORT, IL US",4.4,-1,2019-12-03,4.13,-1.41
3220,USW00014819,"CHICAGO MIDWAY AIRPORT, IL US",6.7,0,2019-12-04,6.19,-0.44
3221,USW00014819,"CHICAGO MIDWAY AIRPORT, IL US",7.8,-2.1,2019-12-05,7.86,-2.12
3222,USW00014819,"CHICAGO MIDWAY AIRPORT, IL US",6.1,-2.7,2019-12-06,6.38,-2.9
3223,USW00014819,"CHICAGO MIDWAY AIRPORT, IL US",3.9,-3.8,2019-12-07,3.92,-4.32
3224,USW00014819,"CHICAGO MIDWAY AIRPORT, IL US",8.9,1.7,2019-12-08,8.08,-0.33
3225,USW00014819,"CHICAGO MIDWAY AIRPORT, IL US",9.4,-3.8,2019-12-09,9.03,-2.03
3226,USW00014819,"CHICAGO MIDWAY AIRPORT, IL US",-3.8,-9.3,2019-12-10,-2.44,-9.03
3227,USW00014819,"CHICAGO MIDWAY AIRPORT, IL US",-3.8,-9.9,2019-12-11,-3.44,-10.15
3228,USW00014819,"CHICAGO MIDWAY AIRPORT, IL US",7.8,-6.6,2019-12-12,5.83,-7.77
3229,USW00014819,"CHICAGO MIDWAY AIRPORT, IL US",7.2,1.1,2019-12-13,7.26,-0.92
3230,USW00014819,"CHICAGO MIDWAY AIRPORT, IL US",2.2,-3.2,2019-12-14,2.72,-3.07
3231,USW00014819,"CHICAGO MIDWAY AIRPORT, IL US",-2.7,-6.6,2019-12-15,-2.17,-6.52
3232,USW00014819,"CHICAGO MIDWAY AIRPORT, IL US",-0.5,-3.8,2019-12-16,0.13,-4.84
3233,USW00014819,"CHICAGO MIDWAY AIRPORT, IL US",-0.5,-6.6,2019-12-17,-0.14,-6.69
3234,USW00014819,"CHICAGO MIDWAY AIRPORT, IL US",-1.6,-10.5,2019-12-18,-2.6,-10.36
3235,USW00014819,"CHICAGO MIDWAY AIRPORT, IL US",2.8,-8.8,2019-12-19,1.89,-9.52
3236,USW00014819,"CHICAGO MIDWAY AIRPORT, IL US",5,-4.3,2019-12-20,4.63,-5.74
3237,USW00014819,"CHICAGO MIDWAY AIRPORT, IL US",9.4,0,2019-12-21,8.59,-1.95
3238,USW00014819,"CHICAGO MIDWAY AIRPORT, IL US",11.7,0,2019-12-22,11.47,-0.01
3239,USW00014819,"CHICAGO MIDWAY AIRPORT, IL US",11.7,2.2,2019-12-23,11.57,0.97
3240,USW00014819,"CHICAGO MIDWAY AIRPORT, IL US",12.8,-2.1,2019-12-24,12.47,-1.97
3241,USW00014819,"CHICAGO MIDWAY AIRPORT, IL US",16.1,4.4,2019-12-25,15.25,2.31
3242,USW00014819,"CHICAGO MIDWAY AIRPORT, IL US",16.7,4.4,2019-12-26,16.73,4.25
3243,USW00014819,"CHICAGO MIDWAY AIRPORT, IL US",4.4,-1,2019-12-27,6.04,-0.2
3244,USW00014819,"CHICAGO MIDWAY AIRPORT, IL US",10.6,-0.5,2019-12-28,9.7,-1.59
3245,USW00014819,"CHICAGO MIDWAY AIRPORT, IL US",14.4,8.9,2019-12-29,14.64,5.11
3246,USW00014819,"CHICAGO MIDWAY AIRPORT, IL US",8.9,-2.1,2019-12-30,8.08,-1.12
3247,USW00014819,"CHICAGO MIDWAY AIRPORT, IL US",-1,-3.2,2019-12-31,-1.09,-3.71
3248,USC00111550,"CHICAGO NORTHERLY ISLAND, IL US",6.1,-4.4,2020-01-01,5.83,-5.51
3249,USC00111550,"CHICAGO NORTHERLY ISLAND, IL US",9.4,3.3,2020-01-02,9.33,1.91
3250,USC00111550,"CHICAGO NORTHERLY ISLAND, IL US",6.7,1.1,2020-01-03,5.84,0.67
3251,USC00111550,"CHICAGO NORTHERLY ISLAND, IL US",1.7,-2.2,2020-01-04,1.56,-2.28
3252,USC00111550,"CHICAGO NORTHERLY ISLAND, IL US",5.6,-3.9,2020-01-05,5.88,-3.74
3253,USC00111550,"CHICAGO NORTHERLY ISLAND, IL US",6.1,-1.1,2020-01-06,6.31,-2.31
3254,USC00111550,"CHICAGO NORTHERLY ISLAND, IL US",5,-0.6,2020-01-07,5.4,-2.34
3255,USC00111550,"CHICAGO NORTHERLY ISLAND, IL US",-0.6,-8.3,2020-01-08,-0.83,-8.61
3256,USC00111550,"CHICAGO NORTHERLY ISLAND, IL US",10.6,-3.3,2020-01-09,10.11,-5.11
3257,USC00111550,"CHICAGO NORTHERLY ISLAND, IL US",10,2.8,2020-01-10,10.57,2.3
3258,USC00111550,"CHICAGO NORTHERLY ISLAND, IL US",3.3,-2.8,2020-01-11,4.47,-2.18
3259,USC00111550,"CHICAGO NORTHERLY ISLAND, IL US",0,-3.3,2020-01-12,0.35,-3.53
3260,USC00111550,"CHICAGO NORTHERLY ISLAND, IL US",1.1,0,2020-01-13,1.43,-0.64
3261,USC00111550,"CHICAGO NORTHERLY ISLAND, IL US",6.1,-0.6,2020-01-14,5.54,-1.47
3262,USC00111550,"CHICAGO NORTHERLY ISLAND, IL US",2.8,-1.1,2020-01-15,2.85,-2.57
3263,USC00111550,"CHICAGO NORTHERLY ISLAND, IL US",0,-7.8,2020-01-16,-0.9,-8.15
3264,USC00111550,"CHICAGO NORTHERLY ISLAND, IL US",-1.1,-6.7,2020-01-17,-1.09,-8.5
3265,USC00111550,"CHICAGO NORTHERLY ISLAND, IL US",2.8,-13.3,2020-01-18,2.89,-13.2
3266,USC00111550,"CHICAGO NORTHERLY ISLAND, IL US",-4.4,-15.6,2020-01-19,-5.17,-16.03
3267,USC00111550,"CHICAGO NORTHERLY ISLAND, IL US",-0.6,-5.6,2020-01-20,-0.94,-8.65
3268,USC00111550,"CHICAGO NORTHERLY ISLAND, IL US",-0.6,-6.7,2020-01-21,-0.37,-9.12
3269,USC00111550,"CHICAGO NORTHERLY ISLAND, IL US",1.7,-3.9,2020-01-22,1.61,-5.84
3270,USC00111550,"CHICAGO NORTHERLY ISLAND, IL US",1.1,-1.7,2020-01-23,1.95,-2
3271,USC00111550,"CHICAGO NORTHERLY ISLAND, IL US",2.8,0.6,2020-01-24,3.41,0.58
3272,USC00111550,"CHICAGO NORTHERLY ISLAND, IL US",1.7,0.6,2020-01-25,1.68,0.62
3273,USC00111550,"CHICAGO NORTHERLY ISLAND, IL US",1.7,-2.2,2020-01-26,1.49,-1.86
3274,USC00111550,"CHICAGO NORTHERLY ISLAND, IL US",1.7,-2.2,2020-01-27,1.96,-2.06
3275,USC00111550,"CHICAGO NORTHERLY ISLAND, IL US",1.1,-1.1,2020-01-28,0.76,-0.93
3276,USC00111550,"CHICAGO NORTHERLY ISLAND, IL US",0,-1.1,2020-01-29,0.65,-1.23
3277,USC00111550,"CHICAGO NORTHERLY ISLAND, IL US",1.1,-1.1,2020-01-30,1.11,-1.22
3278,USC00111550,"CHICAGO NORTHERLY ISLAND, IL US",2.2,-1.1,2020-01-31,2.76,-0.72
3279,USC00111550,"CHICAGO NORTHERLY ISLAND, IL US",3.3,0,2020-02-01,3.36,0.43
3280,USC00111550,"CHICAGO NORTHERLY ISLAND, IL US",11.7,1.7,2020-02-02,12.31,1.37
3281,USC00111550,"CHICAGO NORTHERLY ISLAND, IL US",6.1,0.6,2020-02-03,8.06,-0.95
3282,USC00111550,"CHICAGO NORTHERLY ISLAND, IL US",3.3,-1.1,2020-02-04,3.16,-0.83
3283,USC00111550,"CHICAGO NORTHERLY ISLAND, IL US",-0.6,-2.8,2020-02-05,-0.13,-2.82
3284,USC00111550,"CHICAGO NORTHERLY ISLAND, IL US",-0.6,-2.8,2020-02-06,-0.66,-2.89
3285,USC00111550,"CHICAGO NORTHERLY ISLAND, IL US",3.3,-2.2,2020-02-07,3.16,-4.37
3286,USC00111550,"CHICAGO NORTHERLY ISLAND, IL US",2.2,-2.2,2020-02-08,2.43,-3.1
3287,USC00111550,"CHICAGO NORTHERLY ISLAND, IL US",2.2,-4.4,2020-02-09,2.58,-4.35
3288,USC00111550,"CHICAGO NORTHERLY ISLAND, IL US",1.7,-2.8,2020-02-10,2.29,-2.9
3289,USC00111550,"CHICAGO NORTHERLY ISLAND, IL US",0.6,-12.8,2020-02-13,-0.24,-12.94
3290,USC00111550,"CHICAGO NORTHERLY ISLAND, IL US",-8.9,-16.7,2020-02-14,-8.72,-18.17
3291,USC00111550,"CHICAGO NORTHERLY ISLAND, IL US",0.6,-13.3,2020-02-15,0.66,-14.78
3292,USC00111550,"CHICAGO NORTHERLY ISLAND, IL US",2.2,-3.3,2020-02-16,4.89,-6.87
3293,USC00111550,"CHICAGO NORTHERLY ISLAND, IL US",2.8,-1.7,2020-02-17,4.03,-3
3294,USC00111550,"CHICAGO NORTHERLY ISLAND, IL US",3.9,-2.8,2020-02-18,3.99,-3.15
3295,USC00111550,"CHICAGO NORTHERLY ISLAND, IL US",-2.8,-7.2,2020-02-19,-1.62,-7.94
3296,USC00111550,"CHICAGO NORTHERLY ISLAND, IL US",-5,-10.6,2020-02-20,-4.4,-11.53
3297,USC00111550,"CHICAGO NORTHERLY ISLAND, IL US",10,-2.8,2020-02-22,9.73,-3.89
3298,USC00111550,"CHICAGO NORTHERLY ISLAND, IL US",12.8,1.1,2020-02-23,13.16,0.16
3299,USC00111550,"CHICAGO NORTHERLY ISLAND, IL US",7.2,1.7,2020-02-24,6.01,1.56
3300,USC00111550,"CHICAGO NORTHERLY ISLAND, IL US",2.8,-0.6,2020-02-25,3.29,0.07
3301,USC00111550,"CHICAGO NORTHERLY ISLAND, IL US",-0.6,-5,2020-02-27,-0.43,-5.43
3302,USC00111550,"CHICAGO NORTHERLY ISLAND, IL US",-1.1,-6.7,2020-02-28,-0.93,-7.6
3303,USC00111550,"CHICAGO NORTHERLY ISLAND, IL US",2.8,-7.2,2020-02-29,2.3,-8.06
3304,USC00111550,"CHICAGO NORTHERLY ISLAND, IL US",13.9,-0.6,2020-03-01,13.68,-2.47
3305,USC00111550,"CHICAGO NORTHERLY ISLAND, IL US",10.6,0.6,2020-03-02,9.98,0.94
3306,USC00111550,"CHICAGO NORTHERLY ISLAND, IL US",8.9,0.6,2020-03-03,9.88,-0.61
3307,USC00111550,"CHICAGO NORTHERLY ISLAND, IL US",6.7,1.7,2020-03-04,8.2,-0.06
3308,USC00111550,"CHICAGO NORTHERLY ISLAND, IL US",10.6,0.6,2020-03-05,11.22,-0.4
3309,USC00111550,"CHICAGO NORTHERLY ISLAND, IL US",2.2,-1.1,2020-03-06,3.35,-1.9
3310,USC00111550,"CHICAGO NORTHERLY ISLAND, IL US",10.6,-2.2,2020-03-07,10.68,-4.75
3311,USC00111550,"CHICAGO NORTHERLY ISLAND, IL US",18.3,5.6,2020-03-08,18.43,3.49
3312,USC00111550,"CHICAGO NORTHERLY ISLAND, IL US",15,8.9,2020-03-09,15.14,8.09
3313,USC00111550,"CHICAGO NORTHERLY ISLAND, IL US",11.1,0,2020-03-10,9.84,0.52
3314,USC00111550,"CHICAGO NORTHERLY ISLAND, IL US",6.1,1.1,2020-03-11,6.57,0.9
3315,USC00111550,"CHICAGO NORTHERLY ISLAND, IL US",13.3,3.3,2020-03-12,13.73,1.99
3316,USC00111550,"CHICAGO NORTHERLY ISLAND, IL US",9.4,1.7,2020-03-13,9.67,1.5
3317,USC00111550,"CHICAGO NORTHERLY ISLAND, IL US",4.4,0.6,2020-03-14,4.47,0.36
3318,USC00111550,"CHICAGO NORTHERLY ISLAND, IL US",3.9,0.6,2020-03-15,4.53,-0.38
3319,USC00111550,"CHICAGO NORTHERLY ISLAND, IL US",4.4,1.1,2020-03-16,4.64,-0.84
3320,USC00111550,"CHICAGO NORTHERLY ISLAND, IL US",5.6,1.7,2020-03-17,7.43,1.42
3321,USC00111550,"CHICAGO NORTHERLY ISLAND, IL US",6.7,2.8,2020-03-18,7.04,2.87
3322,USC00111550,"CHICAGO NORTHERLY ISLAND, IL US",17.2,2.8,2020-03-19,17.13,3.77
3323,USC00111550,"CHICAGO NORTHERLY ISLAND, IL US",17.2,-1.7,2020-03-20,15.2,-0.24
3324,USC00111550,"CHICAGO NORTHERLY ISLAND, IL US",-1.1,-3.3,2020-03-21,0,-3.18
3325,USC00111550,"CHICAGO NORTHERLY ISLAND, IL US",1.7,-1.1,2020-03-22,2.15,-3.11
3326,USC00111550,"CHICAGO NORTHERLY ISLAND, IL US",3.3,0,2020-03-23,5.37,-0.4
3327,USC00111550,"CHICAGO NORTHERLY ISLAND, IL US",4.4,1.1,2020-03-24,6.57,0.22
3328,USC00111550,"CHICAGO NORTHERLY ISLAND, IL US",12.8,0,2020-03-25,13.88,-0.66
3329,USC00111550,"CHICAGO NORTHERLY ISLAND, IL US",10.6,2.2,2020-03-26,11.12,2.31
3330,USC00111550,"CHICAGO NORTHERLY ISLAND, IL US",6.1,2.2,2020-03-27,9.56,2.55
3331,USC00111550,"CHICAGO NORTHERLY ISLAND, IL US",18.9,5,2020-03-28,18.51,5.98
3332,USC00111550,"CHICAGO NORTHERLY ISLAND, IL US",16.7,6.1,2020-03-29,15.82,6.53
3333,USC00111550,"CHICAGO NORTHERLY ISLAND, IL US",8.9,2.8,2020-03-30,9.39,3.43
3334,USC00111550,"CHICAGO NORTHERLY ISLAND, IL US",5.6,2.2,2020-03-31,6.27,2.47
3335,USC00111550,"CHICAGO NORTHERLY ISLAND, IL US",7.8,0,2020-04-01,9.45,1.5
3336,USC00111550,"CHICAGO NORTHERLY ISLAND, IL US",8.3,0,2020-04-02,13.03,-0.63
3337,USC00111550,"CHICAGO NORTHERLY ISLAND, IL US",15,4.4,2020-04-03,18.56,5.35
3338,USC00111550,"CHICAGO NORTHERLY ISLAND, IL US",13.3,2.2,2020-04-04,13.28,2.22
3339,USC00111550,"CHICAGO NORTHERLY ISLAND, IL US",6.7,2.8,2020-04-05,9.12,1.63
3340,USC00111550,"CHICAGO NORTHERLY ISLAND, IL US",11.1,2.2,2020-04-06,15.75,1.1
3341,USC00111550,"CHICAGO NORTHERLY ISLAND, IL US",25.6,10.6,2020-04-07,26.17,9.41
3342,USC00111550,"CHICAGO NORTHERLY ISLAND, IL US",10.6,7.2,2020-04-08,18.53,8.23
3343,USC00111550,"CHICAGO NORTHERLY ISLAND, IL US",9.4,2.8,2020-04-09,10.31,2.93
3344,USC00111550,"CHICAGO NORTHERLY ISLAND, IL US",6.7,1.7,2020-04-10,8.88,1.29
3345,USC00111550,"CHICAGO NORTHERLY ISLAND, IL US",17.8,5.6,2020-04-11,17.45,4.39
3346,USC00111550,"CHICAGO NORTHERLY ISLAND, IL US",16.1,8.3,2020-04-12,17.99,8.37
3347,USC00111550,"CHICAGO NORTHERLY ISLAND, IL US",12.8,2.2,2020-04-13,11.97,1.38
3348,USC00111550,"CHICAGO NORTHERLY ISLAND, IL US",4.4,-0.6,2020-04-14,4.81,-1.27
3349,USC00111550,"CHICAGO NORTHERLY ISLAND, IL US",2.8,-2.8,2020-04-15,3.6,-2.51
3350,USC00111550,"CHICAGO NORTHERLY ISLAND, IL US",7.2,-1.1,2020-04-16,7.61,-1.79
3351,USC00111550,"CHICAGO NORTHERLY ISLAND, IL US",5.6,0.6,2020-04-17,5.51,0.29
3352,USC00111550,"CHICAGO NORTHERLY ISLAND, IL US",13.9,1.7,2020-04-18,14.6,0.78
3353,USC00111550,"CHICAGO NORTHERLY ISLAND, IL US",14.4,4.4,2020-04-19,15.49,3.3
3354,USC00111550,"CHICAGO NORTHERLY ISLAND, IL US",17.2,4.4,2020-04-20,17.9,1.73
3355,USC00111550,"CHICAGO NORTHERLY ISLAND, IL US",10,2.8,2020-04-21,10.44,2.17
3356,USC00111550,"CHICAGO NORTHERLY ISLAND, IL US",15,4.4,2020-04-22,14.65,3.58
3357,USC00111550,"CHICAGO NORTHERLY ISLAND, IL US",10,5,2020-04-23,13.43,5.65
3358,USC00111550,"CHICAGO NORTHERLY ISLAND, IL US",6.1,4.4,2020-04-24,8.67,4.85
3359,USC00111550,"CHICAGO NORTHERLY ISLAND, IL US",6.7,4.4,2020-04-25,8.19,5.03
3360,USC00111550,"CHICAGO NORTHERLY ISLAND, IL US",13.9,6.1,2020-04-26,14.9,4.89
3361,USC00111550,"CHICAGO NORTHERLY ISLAND, IL US",18.9,6.1,2020-04-27,19.53,3.5
3362,USC00111550,"CHICAGO NORTHERLY ISLAND, IL US",22.8,8.9,2020-04-28,23.43,9.36
3363,USC00111550,"CHICAGO NORTHERLY ISLAND, IL US",15.6,5.6,2020-04-29,16.01,6.99
3364,USC00111550,"CHICAGO NORTHERLY ISLAND, IL US",9.4,5,2020-04-30,10.69,5.21
3365,USC00111550,"CHICAGO NORTHERLY ISLAND, IL US",14.4,6.1,2020-05-01,17.38,3.58
3366,USC00111550,"CHICAGO NORTHERLY ISLAND, IL US",24.4,14.4,2020-05-02,25.45,13.15
3367,USC00111550,"CHICAGO NORTHERLY ISLAND, IL US",20,7.2,2020-05-03,22.25,8.78
3368,USC00111550,"CHICAGO NORTHERLY ISLAND, IL US",7.2,3.9,2020-05-04,8.96,4.51
3369,USC00111550,"CHICAGO NORTHERLY ISLAND, IL US",7.8,5.6,2020-05-05,8.86,5
3370,USC00111550,"CHICAGO NORTHERLY ISLAND, IL US",13.3,5.6,2020-05-06,14.86,4.18
3371,USC00111550,"CHICAGO NORTHERLY ISLAND, IL US",16.7,5.6,2020-05-07,17.99,6.52
3372,USC00111550,"CHICAGO NORTHERLY ISLAND, IL US",6.7,1.1,2020-05-08,7.05,1.08
3373,USC00111550,"CHICAGO NORTHERLY ISLAND, IL US",18.3,7.2,2020-05-13,19.55,5.99
3374,USC00111550,"CHICAGO NORTHERLY ISLAND, IL US",22.2,11.1,2020-05-14,22.37,11.68
3375,USC00111550,"CHICAGO NORTHERLY ISLAND, IL US",20,10,2020-05-15,23.47,12.36
3376,USC00111550,"CHICAGO NORTHERLY ISLAND, IL US",12.2,8.9,2020-05-16,17.55,9.99
3377,USC00111550,"CHICAGO NORTHERLY ISLAND, IL US",18.3,10.6,2020-05-17,19.65,11.75
3378,USC00111550,"CHICAGO NORTHERLY ISLAND, IL US",15,9.4,2020-05-18,17.63,10.79
3379,USC00111550,"CHICAGO NORTHERLY ISLAND, IL US",12.2,9.4,2020-05-19,15.17,10.49
3380,USC00111550,"CHICAGO NORTHERLY ISLAND, IL US",13.9,10,2020-05-20,17.14,11.49
3381,USC00111550,"CHICAGO NORTHERLY ISLAND, IL US",15.6,10,2020-05-21,19.26,12.16
3382,USC00111550,"CHICAGO NORTHERLY ISLAND, IL US",15,11.1,2020-05-22,19.26,12.58
3383,USC00111550,"CHICAGO NORTHERLY ISLAND, IL US",20,10,2020-05-23,25.06,11.79
3384,USC00111550,"CHICAGO NORTHERLY ISLAND, IL US",26.1,15,2020-05-24,29.95,16.7
3385,USC00111550,"CHICAGO NORTHERLY ISLAND, IL US",27.8,20.6,2020-05-25,29.99,20.22
3386,USC00111550,"CHICAGO NORTHERLY ISLAND, IL US",26.1,16.7,2020-05-26,29.88,19.02
3387,USC00111550,"CHICAGO NORTHERLY ISLAND, IL US",24.4,17.8,2020-05-27,28.62,20.16
3388,USC00111550,"CHICAGO NORTHERLY ISLAND, IL US",27.2,15,2020-05-28,27.79,17.25
3389,USC00111550,"CHICAGO NORTHERLY ISLAND, IL US",23.3,13.3,2020-05-29,24.06,13.85
3390,USC00111550,"CHICAGO NORTHERLY ISLAND, IL US",17.2,12.2,2020-05-30,20.77,11.82
3391,USC00111550,"CHICAGO NORTHERLY ISLAND, IL US",14.4,11.1,2020-05-31,17.61,10.37
3392,USC00111550,"CHICAGO NORTHERLY ISLAND, IL US",23.9,12.8,2020-06-01,24.42,11.44
3393,USC00111550,"CHICAGO NORTHERLY ISLAND, IL US",33.3,19.4,2020-06-02,33.73,18.39
3394,USC00111550,"CHICAGO NORTHERLY ISLAND, IL US",24.4,16.1,2020-06-03,28.49,18.54
3395,USC00111550,"CHICAGO NORTHERLY ISLAND, IL US",25.6,17.2,2020-06-04,28.98,18.79
3396,USC00111550,"CHICAGO NORTHERLY ISLAND, IL US",30.6,16.7,2020-06-05,31.48,19.11
3397,USC00111550,"CHICAGO NORTHERLY ISLAND, IL US",21.7,13.9,2020-06-06,23.73,15.36
3398,USC00111550,"CHICAGO NORTHERLY ISLAND, IL US",20.6,13.3,2020-06-07,24.75,13.89
3399,USC00111550,"CHICAGO NORTHERLY ISLAND, IL US",24.4,15.6,2020-06-08,30.06,16.53
3400,USC00111550,"CHICAGO NORTHERLY ISLAND, IL US",26.1,18.3,2020-06-09,30.48,19.9
3401,USC00111550,"CHICAGO NORTHERLY ISLAND, IL US",28.3,16.7,2020-06-10,28.71,17.93
3402,USC00111550,"CHICAGO NORTHERLY ISLAND, IL US",26.7,16.1,2020-06-11,27.53,15.41
3403,USC00111550,"CHICAGO NORTHERLY ISLAND, IL US",22.8,11.7,2020-06-12,24.36,12.57
3404,USC00111550,"CHICAGO NORTHERLY ISLAND, IL US",16.7,10.6,2020-06-13,19.42,11.52
3405,USC00111550,"CHICAGO NORTHERLY ISLAND, IL US",17.2,12.8,2020-06-14,19.74,11.86
3406,USC00111550,"CHICAGO NORTHERLY ISLAND, IL US",19.4,12.8,2020-06-15,21.5,11.24
3407,USC00111550,"CHICAGO NORTHERLY ISLAND, IL US",21.7,13.9,2020-06-16,26.21,13.38
3408,USC00111550,"CHICAGO NORTHERLY ISLAND, IL US",23.9,16.1,2020-06-17,27.97,16.36
3409,USC00111550,"CHICAGO NORTHERLY ISLAND, IL US",23.9,17.2,2020-06-18,28.99,16.77
3410,USC00111550,"CHICAGO NORTHERLY ISLAND, IL US",27.2,18.3,2020-06-19,31.77,18.77
3411,USC00111550,"CHICAGO NORTHERLY ISLAND, IL US",32.2,20.6,2020-06-20,32.75,20.59
3412,USC00111550,"CHICAGO NORTHERLY ISLAND, IL US",24.4,18.9,2020-06-21,27.57,19.78
3413,USC00111550,"CHICAGO NORTHERLY ISLAND, IL US",28.3,17.8,2020-06-22,29.74,18.61
3414,USC00111550,"CHICAGO NORTHERLY ISLAND, IL US",25,15.6,2020-06-23,25.49,16.52
3415,USC00111550,"CHICAGO NORTHERLY ISLAND, IL US",23.9,15.6,2020-06-24,25.46,15.25
3416,USC00111550,"CHICAGO NORTHERLY ISLAND, IL US",23.3,17.8,2020-06-25,27.33,16.32
3417,USC00111550,"CHICAGO NORTHERLY ISLAND, IL US",28.9,20,2020-06-26,28.71,19.23
3418,USC00111550,"CHICAGO NORTHERLY ISLAND, IL US",29.4,21.7,2020-06-27,30.96,21.23
3419,USC00111550,"CHICAGO NORTHERLY ISLAND, IL US",24.4,18.3,2020-06-28,28.14,20.46
3420,USC00111550,"CHICAGO NORTHERLY ISLAND, IL US",26.7,19.4,2020-06-29,31.61,20.79
3421,USC00111550,"CHICAGO NORTHERLY ISLAND, IL US",26.7,20,2020-06-30,30.49,21.36
3422,USC00111550,"CHICAGO NORTHERLY ISLAND, IL US",26.1,20,2020-07-01,29.88,21.27
3423,USC00111550,"CHICAGO NORTHERLY ISLAND, IL US",27.2,20.6,2020-07-02,30.68,20.29
3424,USC00111550,"CHICAGO NORTHERLY ISLAND, IL US",26.7,20.6,2020-07-03,30.71,19.75
3425,USC00111550,"CHICAGO NORTHERLY ISLAND, IL US",27.2,22.2,2020-07-04,30.4,21.39
3426,USC00111550,"CHICAGO NORTHERLY ISLAND, IL US",27.2,22.2,2020-07-05,31.27,21.3
3427,USC00111550,"CHICAGO NORTHERLY ISLAND, IL US",29.4,23.9,2020-07-06,32.86,22.59
3428,USC00111550,"CHICAGO NORTHERLY ISLAND, IL US",32.2,22.8,2020-07-07,33.65,22.52
3429,USC00111550,"CHICAGO NORTHERLY ISLAND, IL US",28.3,23.3,2020-07-08,31.95,22.8
3430,USC00111550,"CHICAGO NORTHERLY ISLAND, IL US",33.3,21.7,2020-07-09,33.67,22.09
3431,USC00111550,"CHICAGO NORTHERLY ISLAND, IL US",29.4,21.7,2020-07-10,29.89,21.44
3432,USC00111550,"CHICAGO NORTHERLY ISLAND, IL US",28.9,22.8,2020-07-11,29.23,21.43
3433,USC00111550,"CHICAGO NORTHERLY ISLAND, IL US",26.1,20,2020-07-12,26.13,19.58
3434,USC00111550,"CHICAGO NORTHERLY ISLAND, IL US",24.4,19.4,2020-07-13,26.57,17.38
3435,USC00111550,"CHICAGO NORTHERLY ISLAND, IL US",28.9,20,2020-07-14,29.4,18.12
3436,USC00111550,"CHICAGO NORTHERLY ISLAND, IL US",30.6,19.4,2020-07-15,30.67,19.47
3437,USC00111550,"CHICAGO NORTHERLY ISLAND, IL US",25.6,20,2020-07-16,27.42,19.76
3438,USC00111550,"CHICAGO NORTHERLY ISLAND, IL US",30.6,20,2020-07-17,31.22,19.04
3439,USC00111550,"CHICAGO NORTHERLY ISLAND, IL US",32.2,24.4,2020-07-18,32.34,23.16
3440,USC00111550,"CHICAGO NORTHERLY ISLAND, IL US",28.3,20.6,2020-07-19,28.43,21.37
3441,USC00111550,"CHICAGO NORTHERLY ISLAND, IL US",26.1,20.6,2020-07-20,28.68,19.54
3442,USC00111550,"CHICAGO NORTHERLY ISLAND, IL US",25,21.7,2020-07-21,26.48,21.34
3443,USC00111550,"CHICAGO NORTHERLY ISLAND, IL US",30,21.7,2020-07-25,31.6,20.06
3444,USC00111550,"CHICAGO NORTHERLY ISLAND, IL US",34.4,24.4,2020-07-26,34.89,23.23
3445,USC00111550,"CHICAGO NORTHERLY ISLAND, IL US",29.4,23.9,2020-07-27,29.36,22.28
3446,USC00111550,"CHICAGO NORTHERLY ISLAND, IL US",30.6,21.7,2020-07-28,31.34,19.8
3447,USC00111550,"CHICAGO NORTHERLY ISLAND, IL US",30.6,22.8,2020-07-29,31.78,22.03
3448,USC00111550,"CHICAGO NORTHERLY ISLAND, IL US",26.1,21.7,2020-07-30,27.41,21.34
3449,USC00111550,"CHICAGO NORTHERLY ISLAND, IL US",26.1,21.7,2020-07-31,27.1,19.39
3450,USC00111550,"CHICAGO NORTHERLY ISLAND, IL US",24.4,18.3,2020-08-01,25.68,18.7
3451,USC00111550,"CHICAGO NORTHERLY ISLAND, IL US",27.8,17.8,2020-08-02,29.03,18.34
3452,USC00111550,"CHICAGO NORTHERLY ISLAND, IL US",22.2,17.8,2020-08-03,22.68,17.24
3453,USC00111550,"CHICAGO NORTHERLY ISLAND, IL US",21.7,16.7,2020-08-04,22.81,15.52
3454,USC00111550,"CHICAGO NORTHERLY ISLAND, IL US",23.9,16.1,2020-08-05,24.79,13.6
3455,USC00111550,"CHICAGO NORTHERLY ISLAND, IL US",24.4,19.4,2020-08-06,26,17.41
3456,USC00111550,"CHICAGO NORTHERLY ISLAND, IL US",25,18.3,2020-08-07,27.58,16
3457,USC00111550,"CHICAGO NORTHERLY ISLAND, IL US",29.4,20,2020-08-08,30.38,18.1
3458,USC00111550,"CHICAGO NORTHERLY ISLAND, IL US",31.7,21.7,2020-08-09,32.42,21.42
3459,USC00111550,"CHICAGO NORTHERLY ISLAND, IL US",31.1,20,2020-08-10,31.56,20.46
3460,USC00111550,"CHICAGO NORTHERLY ISLAND, IL US",25,19.4,2020-08-11,27.17,18.53
3461,USC00111550,"CHICAGO NORTHERLY ISLAND, IL US",25.6,18.3,2020-08-12,27.91,16.06
3462,USC00111550,"CHICAGO NORTHERLY ISLAND, IL US",25.6,21.7,2020-08-13,28.16,19.39
3463,USC00111550,"CHICAGO NORTHERLY ISLAND, IL US",27.8,21.7,2020-08-14,29.72,19.63
3464,USC00111550,"CHICAGO NORTHERLY ISLAND, IL US",28.3,21.7,2020-08-15,30.63,20.11
3465,USC00111550,"CHICAGO NORTHERLY ISLAND, IL US",25.6,19.4,2020-08-16,28.1,18.16
3466,USC00111550,"CHICAGO NORTHERLY ISLAND, IL US",25.6,21.1,2020-08-17,27.64,19.55
3467,USC00111550,"CHICAGO NORTHERLY ISLAND, IL US",23.9,20,2020-08-18,24.57,18.24
3468,USC00111550,"CHICAGO NORTHERLY ISLAND, IL US",23.9,19.4,2020-08-19,25.87,15.51
3469,USC00111550,"CHICAGO NORTHERLY ISLAND, IL US",28.3,18.9,2020-08-20,29.34,16.15
3470,USC00111550,"CHICAGO NORTHERLY ISLAND, IL US",28.3,21.1,2020-08-21,29.79,17.86
3471,USC00111550,"CHICAGO NORTHERLY ISLAND, IL US",30,21.7,2020-08-22,30.98,18.68
3472,USC00111550,"CHICAGO NORTHERLY ISLAND, IL US",32.2,21.7,2020-08-23,32.4,20.23
3473,USC00111550,"CHICAGO NORTHERLY ISLAND, IL US",34.4,23.3,2020-08-24,34.97,21.75
3474,USC00111550,"CHICAGO NORTHERLY ISLAND, IL US",30.6,22.8,2020-08-25,31.23,22.83
3475,USC00111550,"CHICAGO NORTHERLY ISLAND, IL US",32.8,22.8,2020-08-26,33.69,22.3
3476,USC00111550,"CHICAGO NORTHERLY ISLAND, IL US",33.9,25,2020-08-27,34.66,24.62
3477,USC00111550,"CHICAGO NORTHERLY ISLAND, IL US",33.9,24.4,2020-08-28,34.28,24.32
3478,USC00111550,"CHICAGO NORTHERLY ISLAND, IL US",27.8,21.7,2020-08-29,28.03,20.35
3479,USC00111550,"CHICAGO NORTHERLY ISLAND, IL US",23.9,18.9,2020-08-30,24.96,16.21
3480,USC00111550,"CHICAGO NORTHERLY ISLAND, IL US",28.3,18.9,2020-08-31,29.08,17.1
3481,USC00111550,"CHICAGO NORTHERLY ISLAND, IL US",22.2,20,2020-09-01,23.79,19.43
3482,USC00111550,"CHICAGO NORTHERLY ISLAND, IL US",29.4,21.1,2020-09-02,29.5,20.01
3483,USC00111550,"CHICAGO NORTHERLY ISLAND, IL US",30,18.9,2020-09-03,30.83,18.07
3484,USC00111550,"CHICAGO NORTHERLY ISLAND, IL US",25.6,15.6,2020-09-04,26.26,13.79
3485,USC00111550,"CHICAGO NORTHERLY ISLAND, IL US",27.8,18.3,2020-09-05,28.32,16.04
3486,USC00111550,"CHICAGO NORTHERLY ISLAND, IL US",27.2,15,2020-09-06,27.65,14.64
3487,USC00111550,"CHICAGO NORTHERLY ISLAND, IL US",25,17.8,2020-09-07,25.63,17.18
3488,USC00111550,"CHICAGO NORTHERLY ISLAND, IL US",18.9,15.6,2020-09-08,19.34,15.53
3489,USC00111550,"CHICAGO NORTHERLY ISLAND, IL US",18.3,15.6,2020-09-09,18.76,14.92
3490,USC00111550,"CHICAGO NORTHERLY ISLAND, IL US",18.9,15.6,2020-09-10,19.3,14.5
3491,USC00111550,"CHICAGO NORTHERLY ISLAND, IL US",19.4,16.1,2020-09-11,20.41,15.82
3492,USC00111550,"CHICAGO NORTHERLY ISLAND, IL US",21.7,17.8,2020-09-12,22.29,17.12
3493,USC00111550,"CHICAGO NORTHERLY ISLAND, IL US",21.1,16.7,2020-09-13,23.12,15.46
3494,USC00111550,"CHICAGO NORTHERLY ISLAND, IL US",21.1,15.6,2020-09-14,23.25,13.71
3495,USC00111550,"CHICAGO NORTHERLY ISLAND, IL US",25.6,15.6,2020-09-15,25.77,14.6
3496,USC00111550,"CHICAGO NORTHERLY ISLAND, IL US",28.3,17.2,2020-09-16,28.25,15.34
3497,USC00111550,"CHICAGO NORTHERLY ISLAND, IL US",20,15.6,2020-09-17,21.01,14.54
3498,USC00111550,"CHICAGO NORTHERLY ISLAND, IL US",16.7,11.7,2020-09-18,16.76,9.69
3499,USC00111550,"CHICAGO NORTHERLY ISLAND, IL US",16.7,8.9,2020-09-19,17.92,7.09
3500,USC00111550,"CHICAGO NORTHERLY ISLAND, IL US",20,11.1,2020-09-20,21.86,8.52
3501,USC00111550,"CHICAGO NORTHERLY ISLAND, IL US",22.2,11.7,2020-09-21,23.75,10
3502,USC00111550,"CHICAGO NORTHERLY ISLAND, IL US",26.1,13.9,2020-09-22,26.19,11.33
3503,USC00111550,"CHICAGO NORTHERLY ISLAND, IL US",25.6,16.7,2020-09-23,26.09,14.13
3504,USC00111550,"CHICAGO NORTHERLY ISLAND, IL US",25.6,14.4,2020-09-24,26.1,13.4
3505,USC00111550,"CHICAGO NORTHERLY ISLAND, IL US",26.7,17.2,2020-09-25,27.11,14.64
3506,USC00111550,"CHICAGO NORTHERLY ISLAND, IL US",25,17.2,2020-09-26,25.25,16.68
3507,USC00111550,"CHICAGO NORTHERLY ISLAND, IL US",24.4,12.2,2020-09-27,25.17,13.18
3508,USC00111550,"CHICAGO NORTHERLY ISLAND, IL US",16.1,11.7,2020-09-28,16.93,10.7
3509,USC00111550,"CHICAGO NORTHERLY ISLAND, IL US",15.6,8.9,2020-09-29,15.9,7.72
3510,USC00111550,"CHICAGO NORTHERLY ISLAND, IL US",18.3,11.1,2020-09-30,18.95,10.24
3511,USC00111550,"CHICAGO NORTHERLY ISLAND, IL US",14.4,10,2020-10-01,14.84,8.16
3512,USC00111550,"CHICAGO NORTHERLY ISLAND, IL US",12.2,7.8,2020-10-02,13.33,6.08
3513,USC00111550,"CHICAGO NORTHERLY ISLAND, IL US",14.4,7.8,2020-10-03,14.19,6.9
3514,USC00111550,"CHICAGO NORTHERLY ISLAND, IL US",13.3,6.7,2020-10-04,13.64,5.36
3515,USC00111550,"CHICAGO NORTHERLY ISLAND, IL US",16.7,6.7,2020-10-05,17.06,3.34
3516,USC00111550,"CHICAGO NORTHERLY ISLAND, IL US",23.3,11.1,2020-10-06,23.46,9.22
3517,USC00111550,"CHICAGO NORTHERLY ISLAND, IL US",22.2,12.2,2020-10-07,23.21,11.12
3518,USC00111550,"CHICAGO NORTHERLY ISLAND, IL US",18.9,12.2,2020-10-08,20.69,9.05
3519,USC00111550,"CHICAGO NORTHERLY ISLAND, IL US",27.2,12.2,2020-10-09,27.3,9.99
3520,USC00111550,"CHICAGO NORTHERLY ISLAND, IL US",23.9,13.3,2020-10-10,24.48,13.15
3521,USC00111550,"CHICAGO NORTHERLY ISLAND, IL US",12.2,3.9,2020-10-16,12.54,2.18
3522,USC00111550,"CHICAGO NORTHERLY ISLAND, IL US",17.8,5,2020-10-17,18.05,2.64
3523,USC00111550,"CHICAGO NORTHERLY ISLAND, IL US",15,5.6,2020-10-18,14.55,4.75
3524,USC00111550,"CHICAGO NORTHERLY ISLAND, IL US",11.1,5,2020-10-19,10.82,4.18
3525,USC00111550,"CHICAGO NORTHERLY ISLAND, IL US",12.2,6.7,2020-10-20,12.28,5.27
3526,USC00111550,"CHICAGO NORTHERLY ISLAND, IL US",12.2,8.3,2020-10-21,13.41,7.67
3527,USC00111550,"CHICAGO NORTHERLY ISLAND, IL US",25,8.9,2020-10-22,25.23,8.65
3528,USC00111550,"CHICAGO NORTHERLY ISLAND, IL US",21.7,5,2020-10-23,21.23,5.49
3529,USC00111550,"CHICAGO NORTHERLY ISLAND, IL US",7.8,3.9,2020-10-24,8.78,2.38
3530,USC00111550,"CHICAGO NORTHERLY ISLAND, IL US",7.8,5.6,2020-10-25,8.28,4.02
3531,USC00111550,"CHICAGO NORTHERLY ISLAND, IL US",6.1,1.7,2020-10-26,5.71,1.83
3532,USC00111550,"CHICAGO NORTHERLY ISLAND, IL US",3.9,1.1,2020-10-27,3.54,1.26
3533,USC00111550,"CHICAGO NORTHERLY ISLAND, IL US",10.6,1.1,2020-10-28,10.31,-0.04
3534,USC00111550,"CHICAGO NORTHERLY ISLAND, IL US",8.9,2.8,2020-10-29,9.59,2
3535,USC00111550,"CHICAGO NORTHERLY ISLAND, IL US",5.6,1.7,2020-10-30,6.32,-0.28
3536,USC00111550,"CHICAGO NORTHERLY ISLAND, IL US",15,1.7,2020-10-31,14.83,-0.9
3537,USC00111550,"CHICAGO NORTHERLY ISLAND, IL US",12.8,0.6,2020-11-01,12.48,-0.21
3538,USC00111550,"CHICAGO NORTHERLY ISLAND, IL US",10,-0.6,2020-11-02,10.5,-1.91
3539,USC00111550,"CHICAGO NORTHERLY ISLAND, IL US",20.6,5,2020-11-03,20.24,2.66
3540,USC00111550,"CHICAGO NORTHERLY ISLAND, IL US",23.9,10,2020-11-04,23.61,9.12
3541,USC00111550,"CHICAGO NORTHERLY ISLAND, IL US",21.7,13.9,2020-11-05,21.79,12.45
3542,USC00111550,"CHICAGO NORTHERLY ISLAND, IL US",23.3,10.6,2020-11-06,23.44,9.53
3543,USC00111550,"CHICAGO NORTHERLY ISLAND, IL US",21.7,12.2,2020-11-07,22.17,11.27
3544,USC00111550,"CHICAGO NORTHERLY ISLAND, IL US",24.4,10,2020-11-08,24.68,10.64
3545,USC00111550,"CHICAGO NORTHERLY ISLAND, IL US",23.9,12.8,2020-11-09,24.41,15.21
3546,USC00111550,"CHICAGO NORTHERLY ISLAND, IL US",22.8,6.7,2020-11-10,23.33,9.13
3547,USC00111550,"CHICAGO NORTHERLY ISLAND, IL US",8.3,1.7,2020-11-11,8.78,1.44
3548,USC00111550,"CHICAGO NORTHERLY ISLAND, IL US",12.8,2.8,2020-11-12,12.08,0.84
3549,USC00111550,"CHICAGO NORTHERLY ISLAND, IL US",8.3,0.6,2020-11-13,7.56,-0.69
3550,USC00111550,"CHICAGO NORTHERLY ISLAND, IL US",10,-0.6,2020-11-14,10.2,-2.62
3551,USC00111550,"CHICAGO NORTHERLY ISLAND, IL US",12.8,1.7,2020-11-15,12.62,0.86
3552,USC00111550,"CHICAGO NORTHERLY ISLAND, IL US",8.3,0.6,2020-11-16,8.47,-0.16
3553,USC00111550,"CHICAGO NORTHERLY ISLAND, IL US",5.6,-0.6,2020-11-17,5.7,-0.91
3554,USC00111550,"CHICAGO NORTHERLY ISLAND, IL US",10,2.2,2020-11-18,10.41,0.58
3555,USC00111550,"CHICAGO NORTHERLY ISLAND, IL US",18.9,8.3,2020-11-19,18.61,6.66
3556,USC00111550,"CHICAGO NORTHERLY ISLAND, IL US",16.1,5.6,2020-11-20,16.75,6.65
3557,USC00111550,"CHICAGO NORTHERLY ISLAND, IL US",6.7,3.9,2020-11-21,8.32,3.24
3558,USC00111550,"CHICAGO NORTHERLY ISLAND, IL US",6.7,3.9,2020-11-22,7.39,3.69
3559,USC00111550,"CHICAGO NORTHERLY ISLAND, IL US",7.2,2.8,2020-11-23,7.59,0.75
3560,USC00111550,"CHICAGO NORTHERLY ISLAND, IL US",7.2,0.6,2020-11-24,7.52,0.21
3561,USC00111550,"CHICAGO NORTHERLY ISLAND, IL US",7.8,6.7,2020-11-25,8.61,5.44
3562,USC00111550,"CHICAGO NORTHERLY ISLAND, IL US",7.8,4.4,2020-11-26,8.01,4.16
3563,USC00111550,"CHICAGO NORTHERLY ISLAND, IL US",7.2,2.2,2020-11-27,7.45,1.35
3564,USC00111550,"CHICAGO NORTHERLY ISLAND, IL US",10,-1.1,2020-11-28,9.7,-2.04
3565,USC00111550,"CHICAGO NORTHERLY ISLAND, IL US",10,3.3,2020-11-29,10.01,1.8
3566,USC00111550,"CHICAGO NORTHERLY ISLAND, IL US",3.3,-1.1,2020-11-30,3.24,-1.17
3567,USC00111550,"CHICAGO NORTHERLY ISLAND, IL US",1.1,-2.8,2020-12-01,1.32,-2.84
3568,USC00111550,"CHICAGO NORTHERLY ISLAND, IL US",8.9,-1.7,2020-12-02,8.69,-3.72
3569,USC00111550,"CHICAGO NORTHERLY ISLAND, IL US",8.3,0,2020-12-03,7.94,-1.78
3570,USC00111550,"CHICAGO NORTHERLY ISLAND, IL US",7.8,1.1,2020-12-04,7.97,-0.46
3571,USC00111550,"CHICAGO NORTHERLY ISLAND, IL US",3.9,2.2,2020-12-05,4.68,-0.49
3572,USC00111550,"CHICAGO NORTHERLY ISLAND, IL US",2.8,0.6,2020-12-06,2.69,0.4
3573,USC00111550,"CHICAGO NORTHERLY ISLAND, IL US",2.8,1.1,2020-12-07,2.79,0.58
3574,USC00111550,"CHICAGO NORTHERLY ISLAND, IL US",2.8,0.6,2020-12-08,2.74,0.54
3575,USC00111550,"CHICAGO NORTHERLY ISLAND, IL US",11.1,1.1,2020-12-09,10.94,0.03
3576,USC00111550,"CHICAGO NORTHERLY ISLAND, IL US",5,0,2020-12-12,6.33,0.51
3577,USC00111550,"CHICAGO NORTHERLY ISLAND, IL US",3.3,-2.8,2020-12-13,3.13,-2.39
3578,USC00111550,"CHICAGO NORTHERLY ISLAND, IL US",0.6,-3.9,2020-12-14,0.67,-4.31
3579,USC00111550,"CHICAGO NORTHERLY ISLAND, IL US",0.6,-3.9,2020-12-15,0.64,-5.95
3580,USC00111550,"CHICAGO NORTHERLY ISLAND, IL US",1.1,-1.7,2020-12-16,0.95,-2.72
3581,USC00111550,"CHICAGO NORTHERLY ISLAND, IL US",1.1,-0.6,2020-12-17,1.28,-1.94
3582,USC00111550,"CHICAGO NORTHERLY ISLAND, IL US",2.8,-2.8,2020-12-18,2.91,-4.85
3583,USC00111550,"CHICAGO NORTHERLY ISLAND, IL US",6.7,1.7,2020-12-19,6.7,0.4
3584,USC00111550,"CHICAGO NORTHERLY ISLAND, IL US",5,0,2020-12-20,5.34,0.14
3585,USC00111550,"CHICAGO NORTHERLY ISLAND, IL US",7.8,1.1,2020-12-21,8.1,0.36
3586,USC00111550,"CHICAGO NORTHERLY ISLAND, IL US",5,1.1,2020-12-22,5.86,0.43
3587,USC00111550,"CHICAGO NORTHERLY ISLAND, IL US",13.3,-2.8,2020-12-23,13.56,-1.89
3588,USC00111550,"CHICAGO NORTHERLY ISLAND, IL US",-2.2,-11.7,2020-12-24,-1.48,-11.64
3589,USC00111550,"CHICAGO NORTHERLY ISLAND, IL US",-5.6,-12.2,2020-12-25,-5.51,-12.36
3590,USC00111550,"CHICAGO NORTHERLY ISLAND, IL US",0,-6.7,2020-12-26,0.72,-7.79
3591,USC00111550,"CHICAGO NORTHERLY ISLAND, IL US",7.8,-2.2,2020-12-27,7.63,-4.73
3592,USC00111550,"CHICAGO NORTHERLY ISLAND, IL US",1.1,-4.4,2020-12-28,1.22,-5.02
3593,USC00111550,"CHICAGO NORTHERLY ISLAND, IL US",0,-6.7,2020-12-29,0.53,-7.92
3594,USC00111550,"CHICAGO NORTHERLY ISLAND, IL US",2.2,-3.3,2020-12-30,2.49,-4.47
3595,USW00094846,"CHICAGO OHARE INTERNATIONAL AIRPORT, IL US",5.6,-6,2020-01-01,5.62,-6.99
3596,USW00094846,"CHICAGO OHARE INTERNATIONAL AIRPORT, IL US",8.9,2.8,2020-01-02,8.92,0.4
3597,USW00094846,"CHICAGO OHARE INTERNATIONAL AIRPORT, IL US",5,0.6,2020-01-03,4.74,0.58
3598,USW00094846,"CHICAGO OHARE INTERNATIONAL AIRPORT, IL US",0.6,-3.2,2020-01-04,0.8,-2.44
3599,USW00094846,"CHICAGO OHARE INTERNATIONAL AIRPORT, IL US",5.6,-4.3,2020-01-05,5.25,-4.28
3600,USW00094846,"CHICAGO OHARE INTERNATIONAL AIRPORT, IL US",5.6,-2.7,2020-01-06,6.02,-3.2
3601,USW00094846,"CHICAGO OHARE INTERNATIONAL AIRPORT, IL US",4.4,-2.1,2020-01-07,4.81,-3.15
3602,USW00094846,"CHICAGO OHARE INTERNATIONAL AIRPORT, IL US",-1.6,-9.9,2020-01-08,-0.24,-9.35
3603,USW00094846,"CHICAGO OHARE INTERNATIONAL AIRPORT, IL US",10,-4.9,2020-01-09,9.32,-6.45
3604,USW00094846,"CHICAGO OHARE INTERNATIONAL AIRPORT, IL US",10,2.2,2020-01-10,9.2,1.44
3605,USW00094846,"CHICAGO OHARE INTERNATIONAL AIRPORT, IL US",2.8,-3.8,2020-01-11,2.98,-2.31
3606,USW00094846,"CHICAGO OHARE INTERNATIONAL AIRPORT, IL US",-0.5,-4.9,2020-01-12,0,-4.78
3607,USW00094846,"CHICAGO OHARE INTERNATIONAL AIRPORT, IL US",0.6,-0.5,2020-01-13,1.22,-2.34
3608,USW00094846,"CHICAGO OHARE INTERNATIONAL AIRPORT, IL US",3.9,-3.8,2020-01-14,4.25,-2.21
3609,USW00094846,"CHICAGO OHARE INTERNATIONAL AIRPORT, IL US",2.2,-3.8,2020-01-15,2.13,-3.88
3610,USW00094846,"CHICAGO OHARE INTERNATIONAL AIRPORT, IL US",-1.6,-11.6,2020-01-16,-2.15,-9.87
3611,USW00094846,"CHICAGO OHARE INTERNATIONAL AIRPORT, IL US",-1.6,-11.6,2020-01-17,-0.88,-10.91
3612,USW00094846,"CHICAGO OHARE INTERNATIONAL AIRPORT, IL US",1.7,-14.9,2020-01-18,1.88,-12.74
3613,USW00094846,"CHICAGO OHARE INTERNATIONAL AIRPORT, IL US",-7.1,-16.6,2020-01-19,-6.59,-17.11
3614,USW00094846,"CHICAGO OHARE INTERNATIONAL AIRPORT, IL US",-0.5,-8.2,2020-01-20,-1.34,-11.48
3615,USW00094846,"CHICAGO OHARE INTERNATIONAL AIRPORT, IL US",-1.6,-9.3,2020-01-21,-1.21,-11.13
3616,USW00094846,"CHICAGO OHARE INTERNATIONAL AIRPORT, IL US",1.1,-4.3,2020-01-22,1.24,-7.28
3617,USW00094846,"CHICAGO OHARE INTERNATIONAL AIRPORT, IL US",1.1,-1.6,2020-01-23,1.45,-2.8
3618,USW00094846,"CHICAGO OHARE INTERNATIONAL AIRPORT, IL US",2.8,0,2020-01-24,3.14,-0.18
3619,USW00094846,"CHICAGO OHARE INTERNATIONAL AIRPORT, IL US",1.1,0,2020-01-25,1.65,0.31
3620,USW00094846,"CHICAGO OHARE INTERNATIONAL AIRPORT, IL US",0.6,-2.7,2020-01-26,1.08,-1.68
3621,USW00094846,"CHICAGO OHARE INTERNATIONAL AIRPORT, IL US",1.7,-2.7,2020-01-27,1.65,-2.42
3622,USW00094846,"CHICAGO OHARE INTERNATIONAL AIRPORT, IL US",0.6,-0.5,2020-01-28,0.21,-1.43
3623,USW00094846,"CHICAGO OHARE INTERNATIONAL AIRPORT, IL US",1.1,-1,2020-01-29,0.51,-1.78
3624,USW00094846,"CHICAGO OHARE INTERNATIONAL AIRPORT, IL US",1.7,0,2020-01-30,0.89,-1.82
3625,USW00094846,"CHICAGO OHARE INTERNATIONAL AIRPORT, IL US",2.8,0,2020-01-31,2.4,-1.07
3626,USW00094846,"CHICAGO OHARE INTERNATIONAL AIRPORT, IL US",3.3,1.1,2020-02-01,3.45,0.13
3627,USW00094846,"CHICAGO OHARE INTERNATIONAL AIRPORT, IL US",11.1,1.7,2020-02-02,10.88,0.65
3628,USW00094846,"CHICAGO OHARE INTERNATIONAL AIRPORT, IL US",8.9,-1,2020-02-03,7.54,-1.89
3629,USW00094846,"CHICAGO OHARE INTERNATIONAL AIRPORT, IL US",3.9,-0.5,2020-02-04,2.72,-1.58
3630,USW00094846,"CHICAGO OHARE INTERNATIONAL AIRPORT, IL US",0.6,-2.7,2020-02-05,-0.11,-3.43
3631,USW00094846,"CHICAGO OHARE INTERNATIONAL AIRPORT, IL US",-1,-2.7,2020-02-06,-0.43,-3.39
3632,USW00094846,"CHICAGO OHARE INTERNATIONAL AIRPORT, IL US",3.3,-4.3,2020-02-07,2.75,-6.12
3633,USW00094846,"CHICAGO OHARE INTERNATIONAL AIRPORT, IL US",2.8,-2.1,2020-02-08,2.38,-4.01
3634,USW00094846,"CHICAGO OHARE INTERNATIONAL AIRPORT, IL US",2.8,-3.8,2020-02-09,2.38,-4.9
3635,USW00094846,"CHICAGO OHARE INTERNATIONAL AIRPORT, IL US",3.9,-3.2,2020-02-10,2.51,-3.71
3636,USW00094846,"CHICAGO OHARE INTERNATIONAL AIRPORT, IL US",1.7,-3.2,2020-02-11,1.25,-4.74
3637,USW00094846,"CHICAGO OHARE INTERNATIONAL AIRPORT, IL US",2.8,-4.3,2020-02-12,2.17,-5.86
3638,USW00094846,"CHICAGO OHARE INTERNATIONAL AIRPORT, IL US",0,-15.5,2020-02-13,-2.32,-12.8
3639,USW00094846,"CHICAGO OHARE INTERNATIONAL AIRPORT, IL US",-9.3,-18.8,2020-02-14,-8.78,-20.23
3640,USW00094846,"CHICAGO OHARE INTERNATIONAL AIRPORT, IL US",0.6,-13.8,2020-02-15,-0.13,-16.93
3641,USW00094846,"CHICAGO OHARE INTERNATIONAL AIRPORT, IL US",6.1,-6.6,2020-02-16,4.57,-7.96
3642,USW00094846,"CHICAGO OHARE INTERNATIONAL AIRPORT, IL US",5,-2.1,2020-02-17,4.46,-4.16
3643,USW00094846,"CHICAGO OHARE INTERNATIONAL AIRPORT, IL US",3.9,-3.8,2020-02-18,3.48,-2.95
3644,USW00094846,"CHICAGO OHARE INTERNATIONAL AIRPORT, IL US",-0.5,-8.8,2020-02-19,-1.31,-9.69
3645,USW00094846,"CHICAGO OHARE INTERNATIONAL AIRPORT, IL US",-3.8,-12.7,2020-02-20,-4.45,-13.08
3646,USW00094846,"CHICAGO OHARE INTERNATIONAL AIRPORT, IL US",3.3,-11,2020-02-21,2.11,-12.38
3647,USW00094846,"CHICAGO OHARE INTERNATIONAL AIRPORT, IL US",10.6,-2.1,2020-02-22,9,-5.88
3648,USW00094846,"CHICAGO OHARE INTERNATIONAL AIRPORT, IL US",12.8,1.7,2020-02-23,12.63,-1.05
3649,USW00094846,"CHICAGO OHARE INTERNATIONAL AIRPORT, IL US",6.1,1.7,2020-02-24,5.58,0.64
3650,USW00094846,"CHICAGO OHARE INTERNATIONAL AIRPORT, IL US",5,0.6,2020-02-25,4.11,0.26
3651,USW00094846,"CHICAGO OHARE INTERNATIONAL AIRPORT, IL US",0.6,-3.2,2020-02-26,0.27,-3.19
3652,USW00094846,"CHICAGO OHARE INTERNATIONAL AIRPORT, IL US",0,-6,2020-02-27,-0.42,-6.05
3653,USW00094846,"CHICAGO OHARE INTERNATIONAL AIRPORT, IL US",-1,-7.1,2020-02-28,-1.4,-8.48
3654,USW00094846,"CHICAGO OHARE INTERNATIONAL AIRPORT, IL US",2.8,-8.2,2020-02-29,2.26,-9.34
3655,USW00094846,"CHICAGO OHARE INTERNATIONAL AIRPORT, IL US",15.6,-1,2020-03-01,14.09,-4.46
3656,USW00094846,"CHICAGO OHARE INTERNATIONAL AIRPORT, IL US",10,1.1,2020-03-02,9.47,0.35
3657,USW00094846,"CHICAGO OHARE INTERNATIONAL AIRPORT, IL US",9.4,0,2020-03-03,9.16,-1.06
3658,USW00094846,"CHICAGO OHARE INTERNATIONAL AIRPORT, IL US",9.4,0,2020-03-04,8.78,-0.43
3659,USW00094846,"CHICAGO OHARE INTERNATIONAL AIRPORT, IL US",11.7,0.6,2020-03-05,10.92,-1.28
3660,USW00094846,"CHICAGO OHARE INTERNATIONAL AIRPORT, IL US",4.4,-2.1,2020-03-06,4.8,-2.16
3661,USW00094846,"CHICAGO OHARE INTERNATIONAL AIRPORT, IL US",11.7,-3.8,2020-03-07,10.47,-5.67
3662,USW00094846,"CHICAGO OHARE INTERNATIONAL AIRPORT, IL US",19.4,5.6,2020-03-08,18.09,1.44
3663,USW00094846,"CHICAGO OHARE INTERNATIONAL AIRPORT, IL US",13.9,8.9,2020-03-09,14.05,6.61
3664,USW00094846,"CHICAGO OHARE INTERNATIONAL AIRPORT, IL US",10.6,1.7,2020-03-10,10.18,1.47
3665,USW00094846,"CHICAGO OHARE INTERNATIONAL AIRPORT, IL US",7.2,2.2,2020-03-11,6.79,1.07
3666,USW00094846,"CHICAGO OHARE INTERNATIONAL AIRPORT, IL US",14.4,2.8,2020-03-12,13,1.3
3667,USW00094846,"CHICAGO OHARE INTERNATIONAL AIRPORT, IL US",10,1.1,2020-03-13,9.52,0.66
3668,USW00094846,"CHICAGO OHARE INTERNATIONAL AIRPORT, IL US",4.4,0.6,2020-03-14,3.96,0.07
3669,USW00094846,"CHICAGO OHARE INTERNATIONAL AIRPORT, IL US",5.6,-0.5,2020-03-15,4.93,-0.46
3670,USW00094846,"CHICAGO OHARE INTERNATIONAL AIRPORT, IL US",4.4,-1,2020-03-16,4.42,-1.84
3671,USW00094846,"CHICAGO OHARE INTERNATIONAL AIRPORT, IL US",10,2.2,2020-03-17,8.16,0.61
3672,USW00094846,"CHICAGO OHARE INTERNATIONAL AIRPORT, IL US",7.8,3.9,2020-03-18,7.09,1.93
3673,USW00094846,"CHICAGO OHARE INTERNATIONAL AIRPORT, IL US",17.8,5,2020-03-19,16.34,3.57
3674,USW00094846,"CHICAGO OHARE INTERNATIONAL AIRPORT, IL US",17.2,-0.5,2020-03-20,12.09,0.42
3675,USW00094846,"CHICAGO OHARE INTERNATIONAL AIRPORT, IL US",1.7,-3.2,2020-03-21,0.95,-3.68
3676,USW00094846,"CHICAGO OHARE INTERNATIONAL AIRPORT, IL US",2.8,-3.2,2020-03-22,1.92,-4.05
3677,USW00094846,"CHICAGO OHARE INTERNATIONAL AIRPORT, IL US",7.2,0.6,2020-03-23,6.25,-1.06
3678,USW00094846,"CHICAGO OHARE INTERNATIONAL AIRPORT, IL US",9.4,1.1,2020-03-24,7.59,-0.02
3679,USW00094846,"CHICAGO OHARE INTERNATIONAL AIRPORT, IL US",14.4,0,2020-03-25,13.7,-1.09
3680,USW00094846,"CHICAGO OHARE INTERNATIONAL AIRPORT, IL US",11.1,3.3,2020-03-26,11.1,1.98
3681,USW00094846,"CHICAGO OHARE INTERNATIONAL AIRPORT, IL US",10,2.8,2020-03-27,9.58,2.56
3682,USW00094846,"CHICAGO OHARE INTERNATIONAL AIRPORT, IL US",19.4,6.7,2020-03-28,17.52,5.08
3683,USW00094846,"CHICAGO OHARE INTERNATIONAL AIRPORT, IL US",17.2,6.7,2020-03-29,13.95,6.23
3684,USW00094846,"CHICAGO OHARE INTERNATIONAL AIRPORT, IL US",10.6,3.9,2020-03-30,9.17,3.31
3685,USW00094846,"CHICAGO OHARE INTERNATIONAL AIRPORT, IL US",6.1,2.8,2020-03-31,6.81,2.26
3686,USW00094846,"CHICAGO OHARE INTERNATIONAL AIRPORT, IL US",11.7,3.3,2020-04-01,10.61,2
3687,USW00094846,"CHICAGO OHARE INTERNATIONAL AIRPORT, IL US",16.1,1.1,2020-04-02,14.76,-0.62
3688,USW00094846,"CHICAGO OHARE INTERNATIONAL AIRPORT, IL US",21.1,7.8,2020-04-03,19.13,5.05
3689,USW00094846,"CHICAGO OHARE INTERNATIONAL AIRPORT, IL US",11.1,2.8,2020-04-04,12.34,2.31
3690,USW00094846,"CHICAGO OHARE INTERNATIONAL AIRPORT, IL US",11.1,1.7,2020-04-05,10.53,1.04
3691,USW00094846,"CHICAGO OHARE INTERNATIONAL AIRPORT, IL US",17.8,1.7,2020-04-06,16.13,0.46
3692,USW00094846,"CHICAGO OHARE INTERNATIONAL AIRPORT, IL US",26.7,10.6,2020-04-07,25.72,7.01
3693,USW00094846,"CHICAGO OHARE INTERNATIONAL AIRPORT, IL US",23.3,8.9,2020-04-08,20.79,8.68
3694,USW00094846,"CHICAGO OHARE INTERNATIONAL AIRPORT, IL US",10,2.2,2020-04-09,10.99,2.82
3695,USW00094846,"CHICAGO OHARE INTERNATIONAL AIRPORT, IL US",10,0.6,2020-04-10,9.62,0.3
3696,USW00094846,"CHICAGO OHARE INTERNATIONAL AIRPORT, IL US",17.2,5.6,2020-04-11,16.63,3.19
3697,USW00094846,"CHICAGO OHARE INTERNATIONAL AIRPORT, IL US",18.9,9.4,2020-04-12,18.16,7.59
3698,USW00094846,"CHICAGO OHARE INTERNATIONAL AIRPORT, IL US",13.3,1.1,2020-04-13,10.87,0.61
3699,USW00094846,"CHICAGO OHARE INTERNATIONAL AIRPORT, IL US",5,-1,2020-04-14,4.52,-2.11
3700,USW00094846,"CHICAGO OHARE INTERNATIONAL AIRPORT, IL US",4.4,-2.7,2020-04-15,4.17,-2.97
3701,USW00094846,"CHICAGO OHARE INTERNATIONAL AIRPORT, IL US",8.3,-2.1,2020-04-16,7.52,-3.07
3702,USW00094846,"CHICAGO OHARE INTERNATIONAL AIRPORT, IL US",5.6,1.1,2020-04-17,6.07,-0.29
3703,USW00094846,"CHICAGO OHARE INTERNATIONAL AIRPORT, IL US",15,1.1,2020-04-18,14.53,0.43
3704,USW00094846,"CHICAGO OHARE INTERNATIONAL AIRPORT, IL US",16.7,3.9,2020-04-19,15.9,2.36
3705,USW00094846,"CHICAGO OHARE INTERNATIONAL AIRPORT, IL US",17.8,2.2,2020-04-20,17.72,1.03
3706,USW00094846,"CHICAGO OHARE INTERNATIONAL AIRPORT, IL US",11.7,2.2,2020-04-21,11.75,1.66
3707,USW00094846,"CHICAGO OHARE INTERNATIONAL AIRPORT, IL US",17.2,4.4,2020-04-22,14.86,3.43
3708,USW00094846,"CHICAGO OHARE INTERNATIONAL AIRPORT, IL US",13.9,6.1,2020-04-23,14.26,5.49
3709,USW00094846,"CHICAGO OHARE INTERNATIONAL AIRPORT, IL US",10,4.4,2020-04-24,9.92,4.76
3710,USW00094846,"CHICAGO OHARE INTERNATIONAL AIRPORT, IL US",8.3,5.6,2020-04-25,8.39,5
3711,USW00094846,"CHICAGO OHARE INTERNATIONAL AIRPORT, IL US",17.2,5,2020-04-26,15.89,4.72
3712,USW00094846,"CHICAGO OHARE INTERNATIONAL AIRPORT, IL US",20,4.4,2020-04-27,19.24,3.16
3713,USW00094846,"CHICAGO OHARE INTERNATIONAL AIRPORT, IL US",24.4,8.9,2020-04-28,22.93,8.53
3714,USW00094846,"CHICAGO OHARE INTERNATIONAL AIRPORT, IL US",16.1,6.1,2020-04-29,15.7,6.93
3715,USW00094846,"CHICAGO OHARE INTERNATIONAL AIRPORT, IL US",13.3,5.6,2020-04-30,13.16,5.24
3716,USW00094846,"CHICAGO OHARE INTERNATIONAL AIRPORT, IL US",20,3.3,2020-05-01,18.16,2.65
3717,USW00094846,"CHICAGO OHARE INTERNATIONAL AIRPORT, IL US",25,15,2020-05-02,24.88,11.23
3718,USW00094846,"CHICAGO OHARE INTERNATIONAL AIRPORT, IL US",23.3,8.9,2020-05-03,23.28,9.79
3719,USW00094846,"CHICAGO OHARE INTERNATIONAL AIRPORT, IL US",8.9,4.4,2020-05-04,10.28,4.21
3720,USW00094846,"CHICAGO OHARE INTERNATIONAL AIRPORT, IL US",9.4,4.4,2020-05-05,9.03,4.26
3721,USW00094846,"CHICAGO OHARE INTERNATIONAL AIRPORT, IL US",17.2,4.4,2020-05-06,16.17,3.31
3722,USW00094846,"CHICAGO OHARE INTERNATIONAL AIRPORT, IL US",18.9,7.2,2020-05-07,18.64,6.1
3723,USW00094846,"CHICAGO OHARE INTERNATIONAL AIRPORT, IL US",7.8,1.1,2020-05-08,7.67,1.15
3724,USW00094846,"CHICAGO OHARE INTERNATIONAL AIRPORT, IL US",15,-0.5,2020-05-09,14.57,-1.8
3725,USW00094846,"CHICAGO OHARE INTERNATIONAL AIRPORT, IL US",12.8,2.8,2020-05-10,11.96,2.65
3726,USW00094846,"CHICAGO OHARE INTERNATIONAL AIRPORT, IL US",11.1,5,2020-05-11,10.57,3.68
3727,USW00094846,"CHICAGO OHARE INTERNATIONAL AIRPORT, IL US",17.2,5,2020-05-12,16.03,2.74
3728,USW00094846,"CHICAGO OHARE INTERNATIONAL AIRPORT, IL US",20.6,5.6,2020-05-13,19.33,4.57
3729,USW00094846,"CHICAGO OHARE INTERNATIONAL AIRPORT, IL US",22.8,12.2,2020-05-14,22.5,10.93
3730,USW00094846,"CHICAGO OHARE INTERNATIONAL AIRPORT, IL US",26.1,12.2,2020-05-15,24.54,12.03
3731,USW00094846,"CHICAGO OHARE INTERNATIONAL AIRPORT, IL US",19.4,10,2020-05-16,18.23,9.99
3732,USW00094846,"CHICAGO OHARE INTERNATIONAL AIRPORT, IL US",20,11.7,2020-05-17,20.01,11.19
3733,USW00094846,"CHICAGO OHARE INTERNATIONAL AIRPORT, IL US",17.8,11.7,2020-05-18,18.02,10.9
3734,USW00094846,"CHICAGO OHARE INTERNATIONAL AIRPORT, IL US",15,11.1,2020-05-19,15.42,10.68
3735,USW00094846,"CHICAGO OHARE INTERNATIONAL AIRPORT, IL US",18.9,11.7,2020-05-20,17.82,11.24
3736,USW00094846,"CHICAGO OHARE INTERNATIONAL AIRPORT, IL US",21.1,13.9,2020-05-21,19.89,12
3737,USW00094846,"CHICAGO OHARE INTERNATIONAL AIRPORT, IL US",22.2,13.9,2020-05-22,20.41,12.66
3738,USW00094846,"CHICAGO OHARE INTERNATIONAL AIRPORT, IL US",27.8,12.8,2020-05-23,25.11,11.98
3739,USW00094846,"CHICAGO OHARE INTERNATIONAL AIRPORT, IL US",32.2,17.8,2020-05-24,30.14,16.07
3740,USW00094846,"CHICAGO OHARE INTERNATIONAL AIRPORT, IL US",31.1,20.6,2020-05-25,30.11,19.42
3741,USW00094846,"CHICAGO OHARE INTERNATIONAL AIRPORT, IL US",31.7,20,2020-05-26,30.3,18.78
3742,USW00094846,"CHICAGO OHARE INTERNATIONAL AIRPORT, IL US",30.6,22.2,2020-05-27,29.42,20.61
3743,USW00094846,"CHICAGO OHARE INTERNATIONAL AIRPORT, IL US",27.8,16.7,2020-05-28,28,17.78
3744,USW00094846,"CHICAGO OHARE INTERNATIONAL AIRPORT, IL US",24.4,14.4,2020-05-29,23.52,13.98
3745,USW00094846,"CHICAGO OHARE INTERNATIONAL AIRPORT, IL US",22.8,12.2,2020-05-30,21.83,11.32
3746,USW00094846,"CHICAGO OHARE INTERNATIONAL AIRPORT, IL US",20.6,10,2020-05-31,19.4,9.38
3747,USW00094846,"CHICAGO OHARE INTERNATIONAL AIRPORT, IL US",24.4,11.7,2020-06-01,24.28,11.27
3748,USW00094846,"CHICAGO OHARE INTERNATIONAL AIRPORT, IL US",34.4,19.4,2020-06-02,33.15,17.09
3749,USW00094846,"CHICAGO OHARE INTERNATIONAL AIRPORT, IL US",30.6,19.4,2020-06-03,29.57,19.08
3750,USW00094846,"CHICAGO OHARE INTERNATIONAL AIRPORT, IL US",31.1,21.1,2020-06-04,30.22,18.65
3751,USW00094846,"CHICAGO OHARE INTERNATIONAL AIRPORT, IL US",31.7,21.1,2020-06-05,31.46,19.12
3752,USW00094846,"CHICAGO OHARE INTERNATIONAL AIRPORT, IL US",24.4,15,2020-06-06,25.46,15.98
3753,USW00094846,"CHICAGO OHARE INTERNATIONAL AIRPORT, IL US",26.1,13.3,2020-06-07,25.3,13.71
3754,USW00094846,"CHICAGO OHARE INTERNATIONAL AIRPORT, IL US",32.2,16.7,2020-06-08,30.8,15.54
3755,USW00094846,"CHICAGO OHARE INTERNATIONAL AIRPORT, IL US",32.8,22.8,2020-06-09,30.97,19.67
3756,USW00094846,"CHICAGO OHARE INTERNATIONAL AIRPORT, IL US",28.9,16.7,2020-06-10,28.64,18.18
3757,USW00094846,"CHICAGO OHARE INTERNATIONAL AIRPORT, IL US",27.8,15,2020-06-11,27.71,14.58
3758,USW00094846,"CHICAGO OHARE INTERNATIONAL AIRPORT, IL US",23.9,12.2,2020-06-12,24.89,12.42
3759,USW00094846,"CHICAGO OHARE INTERNATIONAL AIRPORT, IL US",18.9,11.1,2020-06-13,19.98,10.94
3760,USW00094846,"CHICAGO OHARE INTERNATIONAL AIRPORT, IL US",20,11.7,2020-06-14,20.19,11.45
3761,USW00094846,"CHICAGO OHARE INTERNATIONAL AIRPORT, IL US",22.8,11.1,2020-06-15,22.66,10.03
3762,USW00094846,"CHICAGO OHARE INTERNATIONAL AIRPORT, IL US",30,13.9,2020-06-16,27.75,11.96
3763,USW00094846,"CHICAGO OHARE INTERNATIONAL AIRPORT, IL US",30.6,17.8,2020-06-17,29.29,15.59
3764,USW00094846,"CHICAGO OHARE INTERNATIONAL AIRPORT, IL US",32.2,18.9,2020-06-18,30.54,16.06
3765,USW00094846,"CHICAGO OHARE INTERNATIONAL AIRPORT, IL US",33.9,20.6,2020-06-19,32.5,17.92
3766,USW00094846,"CHICAGO OHARE INTERNATIONAL AIRPORT, IL US",32.8,21.7,2020-06-20,32.09,19.94
3767,USW00094846,"CHICAGO OHARE INTERNATIONAL AIRPORT, IL US",28.9,20.6,2020-06-21,28.73,19.58
3768,USW00094846,"CHICAGO OHARE INTERNATIONAL AIRPORT, IL US",31.1,19.4,2020-06-22,29.54,18.73
3769,USW00094846,"CHICAGO OHARE INTERNATIONAL AIRPORT, IL US",25.6,17.2,2020-06-23,25.6,16.18
3770,USW00094846,"CHICAGO OHARE INTERNATIONAL AIRPORT, IL US",27.2,16.1,2020-06-24,26.1,14.68
3771,USW00094846,"CHICAGO OHARE INTERNATIONAL AIRPORT, IL US",30,16.7,2020-06-25,28.31,15.83
3772,USW00094846,"CHICAGO OHARE INTERNATIONAL AIRPORT, IL US",27.2,21.1,2020-06-26,27.59,18.46
3773,USW00094846,"CHICAGO OHARE INTERNATIONAL AIRPORT, IL US",31.1,22.2,2020-06-27,30.91,20.34
3774,USW00094846,"CHICAGO OHARE INTERNATIONAL AIRPORT, IL US",29.4,22.2,2020-06-28,29.19,20.43
3775,USW00094846,"CHICAGO OHARE INTERNATIONAL AIRPORT, IL US",33.9,22.2,2020-06-29,32.46,20.28
3776,USW00094846,"CHICAGO OHARE INTERNATIONAL AIRPORT, IL US",32.8,22.8,2020-06-30,31.27,20.86
3777,USW00094846,"CHICAGO OHARE INTERNATIONAL AIRPORT, IL US",31.7,21.7,2020-07-01,30.51,20.93
3778,USW00094846,"CHICAGO OHARE INTERNATIONAL AIRPORT, IL US",32.8,20.6,2020-07-02,31.61,19.81
3779,USW00094846,"CHICAGO OHARE INTERNATIONAL AIRPORT, IL US",32.8,20.6,2020-07-03,31.83,18.86
3780,USW00094846,"CHICAGO OHARE INTERNATIONAL AIRPORT, IL US",31.7,21.7,2020-07-04,31.36,20.34
3781,USW00094846,"CHICAGO OHARE INTERNATIONAL AIRPORT, IL US",34.4,21.7,2020-07-05,32.62,20.19
3782,USW00094846,"CHICAGO OHARE INTERNATIONAL AIRPORT, IL US",35,23.9,2020-07-06,33.48,22.01
3783,USW00094846,"CHICAGO OHARE INTERNATIONAL AIRPORT, IL US",35.6,22.8,2020-07-07,34.36,22.16
3784,USW00094846,"CHICAGO OHARE INTERNATIONAL AIRPORT, IL US",33.9,23.3,2020-07-08,32.94,22.17
3785,USW00094846,"CHICAGO OHARE INTERNATIONAL AIRPORT, IL US",33.9,22.8,2020-07-09,33.47,21.8
3786,USW00094846,"CHICAGO OHARE INTERNATIONAL AIRPORT, IL US",30,21.7,2020-07-10,30.27,21.01
3787,USW00094846,"CHICAGO OHARE INTERNATIONAL AIRPORT, IL US",29.4,21.7,2020-07-11,29.13,20.25
3788,USW00094846,"CHICAGO OHARE INTERNATIONAL AIRPORT, IL US",26.1,20,2020-07-12,26.54,19.03
3789,USW00094846,"CHICAGO OHARE INTERNATIONAL AIRPORT, IL US",28.9,18.3,2020-07-13,27.56,16.67
3790,USW00094846,"CHICAGO OHARE INTERNATIONAL AIRPORT, IL US",30,20,2020-07-14,29.37,17.81
3791,USW00094846,"CHICAGO OHARE INTERNATIONAL AIRPORT, IL US",31.1,18.9,2020-07-15,29.84,19.21
3792,USW00094846,"CHICAGO OHARE INTERNATIONAL AIRPORT, IL US",29.4,20,2020-07-16,28.55,19.18
3793,USW00094846,"CHICAGO OHARE INTERNATIONAL AIRPORT, IL US",32.2,20,2020-07-17,31.03,18.58
3794,USW00094846,"CHICAGO OHARE INTERNATIONAL AIRPORT, IL US",32.8,25,2020-07-18,31.75,22.46
3795,USW00094846,"CHICAGO OHARE INTERNATIONAL AIRPORT, IL US",28.9,22.8,2020-07-19,28.69,21.82
3796,USW00094846,"CHICAGO OHARE INTERNATIONAL AIRPORT, IL US",30.6,20,2020-07-20,29.22,18.82
3797,USW00094846,"CHICAGO OHARE INTERNATIONAL AIRPORT, IL US",28.3,22.8,2020-07-21,26.91,20.86
3798,USW00094846,"CHICAGO OHARE INTERNATIONAL AIRPORT, IL US",31.1,21.1,2020-07-22,30.23,21
3799,USW00094846,"CHICAGO OHARE INTERNATIONAL AIRPORT, IL US",28.3,18.3,2020-07-23,27.36,17.17
3800,USW00094846,"CHICAGO OHARE INTERNATIONAL AIRPORT, IL US",30.6,18.3,2020-07-24,29.23,17.2
3801,USW00094846,"CHICAGO OHARE INTERNATIONAL AIRPORT, IL US",33.3,20.6,2020-07-25,31.83,19.29
3802,USW00094846,"CHICAGO OHARE INTERNATIONAL AIRPORT, IL US",35.6,24.4,2020-07-26,34.66,22.58
3803,USW00094846,"CHICAGO OHARE INTERNATIONAL AIRPORT, IL US",30.6,22.2,2020-07-27,29.33,22
3804,USW00094846,"CHICAGO OHARE INTERNATIONAL AIRPORT, IL US",31.7,20.6,2020-07-28,31.31,19.09
3805,USW00094846,"CHICAGO OHARE INTERNATIONAL AIRPORT, IL US",32.8,22.8,2020-07-29,31.7,21.14
3806,USW00094846,"CHICAGO OHARE INTERNATIONAL AIRPORT, IL US",28.3,20,2020-07-30,27.73,20.61
3807,USW00094846,"CHICAGO OHARE INTERNATIONAL AIRPORT, IL US",27.8,18.9,2020-07-31,27.33,18.5
3808,USW00094846,"CHICAGO OHARE INTERNATIONAL AIRPORT, IL US",26.7,20.6,2020-08-01,26.08,18.44
3809,USW00094846,"CHICAGO OHARE INTERNATIONAL AIRPORT, IL US",30,19.4,2020-08-02,29.04,18.28
3810,USW00094846,"CHICAGO OHARE INTERNATIONAL AIRPORT, IL US",22.2,16.1,2020-08-03,21.51,16.39
3811,USW00094846,"CHICAGO OHARE INTERNATIONAL AIRPORT, IL US",24.4,15,2020-08-04,23.32,13.96
3812,USW00094846,"CHICAGO OHARE INTERNATIONAL AIRPORT, IL US",25.6,13.3,2020-08-05,25.08,11.94
3813,USW00094846,"CHICAGO OHARE INTERNATIONAL AIRPORT, IL US",27.8,18.9,2020-08-06,26.59,16.13
3814,USW00094846,"CHICAGO OHARE INTERNATIONAL AIRPORT, IL US",30,16.7,2020-08-07,28.19,15.16
3815,USW00094846,"CHICAGO OHARE INTERNATIONAL AIRPORT, IL US",31.7,20,2020-08-08,30.78,17.37
3816,USW00094846,"CHICAGO OHARE INTERNATIONAL AIRPORT, IL US",33.9,22.8,2020-08-09,32.5,20.89
3817,USW00094846,"CHICAGO OHARE INTERNATIONAL AIRPORT, IL US",32.8,20.6,2020-08-10,31.44,20.6
3818,USW00094846,"CHICAGO OHARE INTERNATIONAL AIRPORT, IL US",29.4,18.9,2020-08-11,28.46,17.8
3819,USW00094846,"CHICAGO OHARE INTERNATIONAL AIRPORT, IL US",30,17.8,2020-08-12,28.78,15.46
3820,USW00094846,"CHICAGO OHARE INTERNATIONAL AIRPORT, IL US",30.6,20.6,2020-08-13,28.78,18.3
3821,USW00094846,"CHICAGO OHARE INTERNATIONAL AIRPORT, IL US",32.2,20,2020-08-14,30.58,19.06
3822,USW00094846,"CHICAGO OHARE INTERNATIONAL AIRPORT, IL US",32.8,20.6,2020-08-15,30.67,19.34
3823,USW00094846,"CHICAGO OHARE INTERNATIONAL AIRPORT, IL US",30,17.8,2020-08-16,28.85,16.87
3824,USW00094846,"CHICAGO OHARE INTERNATIONAL AIRPORT, IL US",30,20.6,2020-08-17,28.38,18.47
3825,USW00094846,"CHICAGO OHARE INTERNATIONAL AIRPORT, IL US",25.6,18.9,2020-08-18,25.11,17.54
3826,USW00094846,"CHICAGO OHARE INTERNATIONAL AIRPORT, IL US",28.9,16.7,2020-08-19,27.17,14.65
3827,USW00094846,"CHICAGO OHARE INTERNATIONAL AIRPORT, IL US",30,17.8,2020-08-20,29.12,15.37
3828,USW00094846,"CHICAGO OHARE INTERNATIONAL AIRPORT, IL US",31.1,19.4,2020-08-21,29.93,16.78
3829,USW00094846,"CHICAGO OHARE INTERNATIONAL AIRPORT, IL US",31.7,19.4,2020-08-22,30.79,17.58
3830,USW00094846,"CHICAGO OHARE INTERNATIONAL AIRPORT, IL US",33.3,21.1,2020-08-23,32.17,19.44
3831,USW00094846,"CHICAGO OHARE INTERNATIONAL AIRPORT, IL US",36.1,22.2,2020-08-24,34.71,20.88
3832,USW00094846,"CHICAGO OHARE INTERNATIONAL AIRPORT, IL US",32.8,22.2,2020-08-25,31.48,21.34
3833,USW00094846,"CHICAGO OHARE INTERNATIONAL AIRPORT, IL US",34.4,24.4,2020-08-26,33.65,21.8
3834,USW00094846,"CHICAGO OHARE INTERNATIONAL AIRPORT, IL US",35,25.6,2020-08-27,34.47,23.87
3835,USW00094846,"CHICAGO OHARE INTERNATIONAL AIRPORT, IL US",35,25,2020-08-28,34.32,23.87
3836,USW00094846,"CHICAGO OHARE INTERNATIONAL AIRPORT, IL US",27.8,18.9,2020-08-29,28.29,19.53
3837,USW00094846,"CHICAGO OHARE INTERNATIONAL AIRPORT, IL US",26.1,15.6,2020-08-30,25.53,15.1
3838,USW00094846,"CHICAGO OHARE INTERNATIONAL AIRPORT, IL US",29.4,18.9,2020-08-31,28.5,16.32
3839,USW00094846,"CHICAGO OHARE INTERNATIONAL AIRPORT, IL US",23.9,20.6,2020-09-01,23.64,18.33
3840,USW00094846,"CHICAGO OHARE INTERNATIONAL AIRPORT, IL US",31.1,20.6,2020-09-02,29.36,19.01
3841,USW00094846,"CHICAGO OHARE INTERNATIONAL AIRPORT, IL US",31.1,18.3,2020-09-03,30.57,16.96
3842,USW00094846,"CHICAGO OHARE INTERNATIONAL AIRPORT, IL US",26.7,13.3,2020-09-04,26.67,11.7
3843,USW00094846,"CHICAGO OHARE INTERNATIONAL AIRPORT, IL US",27.8,17.8,2020-09-05,27.91,14.69
3844,USW00094846,"CHICAGO OHARE INTERNATIONAL AIRPORT, IL US",28.3,15,2020-09-06,27.68,14.46
3845,USW00094846,"CHICAGO OHARE INTERNATIONAL AIRPORT, IL US",26.7,16.7,2020-09-07,25.84,16.47
3846,USW00094846,"CHICAGO OHARE INTERNATIONAL AIRPORT, IL US",18.3,15.6,2020-09-08,17.89,14.74
3847,USW00094846,"CHICAGO OHARE INTERNATIONAL AIRPORT, IL US",17.8,13.9,2020-09-09,17.61,14.09
3848,USW00094846,"CHICAGO OHARE INTERNATIONAL AIRPORT, IL US",20,12.8,2020-09-10,18.97,12.94
3849,USW00094846,"CHICAGO OHARE INTERNATIONAL AIRPORT, IL US",20,16.1,2020-09-11,19.44,14.85
3850,USW00094846,"CHICAGO OHARE INTERNATIONAL AIRPORT, IL US",22.8,17.2,2020-09-12,22.05,16.06
3851,USW00094846,"CHICAGO OHARE INTERNATIONAL AIRPORT, IL US",25,16.1,2020-09-13,23.55,14.94
3852,USW00094846,"CHICAGO OHARE INTERNATIONAL AIRPORT, IL US",25,14.4,2020-09-14,23.82,13.06
3853,USW00094846,"CHICAGO OHARE INTERNATIONAL AIRPORT, IL US",26.1,15.6,2020-09-15,25.57,13.86
3854,USW00094846,"CHICAGO OHARE INTERNATIONAL AIRPORT, IL US",28.9,17.2,2020-09-16,28.24,15
3855,USW00094846,"CHICAGO OHARE INTERNATIONAL AIRPORT, IL US",20.6,14.4,2020-09-17,21.21,14.13
3856,USW00094846,"CHICAGO OHARE INTERNATIONAL AIRPORT, IL US",16.1,9.4,2020-09-18,16.86,9.9
3857,USW00094846,"CHICAGO OHARE INTERNATIONAL AIRPORT, IL US",19.4,7.8,2020-09-19,18.2,6.29
3858,USW00094846,"CHICAGO OHARE INTERNATIONAL AIRPORT, IL US",22.8,8.9,2020-09-20,21.86,7.37
3859,USW00094846,"CHICAGO OHARE INTERNATIONAL AIRPORT, IL US",23.9,11.7,2020-09-21,23.52,9.17
3860,USW00094846,"CHICAGO OHARE INTERNATIONAL AIRPORT, IL US",26.1,12.2,2020-09-22,26.17,10.44
3861,USW00094846,"CHICAGO OHARE INTERNATIONAL AIRPORT, IL US",26.1,15,2020-09-23,25.99,13.02
3862,USW00094846,"CHICAGO OHARE INTERNATIONAL AIRPORT, IL US",26.1,14.4,2020-09-24,26.05,12.71
3863,USW00094846,"CHICAGO OHARE INTERNATIONAL AIRPORT, IL US",26.7,16.1,2020-09-25,26.33,13.86
3864,USW00094846,"CHICAGO OHARE INTERNATIONAL AIRPORT, IL US",26.1,17.8,2020-09-26,25.59,15.8
3865,USW00094846,"CHICAGO OHARE INTERNATIONAL AIRPORT, IL US",25,12.8,2020-09-27,24.57,14
3866,USW00094846,"CHICAGO OHARE INTERNATIONAL AIRPORT, IL US",17.2,10.6,2020-09-28,17.64,10.27
3867,USW00094846,"CHICAGO OHARE INTERNATIONAL AIRPORT, IL US",15.6,7.8,2020-09-29,15.33,6.99
3868,USW00094846,"CHICAGO OHARE INTERNATIONAL AIRPORT, IL US",19.4,11.1,2020-09-30,18.54,9.05
3869,USW00094846,"CHICAGO OHARE INTERNATIONAL AIRPORT, IL US",15,8.3,2020-10-01,14.83,7.42
3870,USW00094846,"CHICAGO OHARE INTERNATIONAL AIRPORT, IL US",12.8,5.6,2020-10-02,13.8,5.08
3871,USW00094846,"CHICAGO OHARE INTERNATIONAL AIRPORT, IL US",13.3,7.8,2020-10-03,13.4,6.1
3872,USW00094846,"CHICAGO OHARE INTERNATIONAL AIRPORT, IL US",13.9,4.4,2020-10-04,13.63,4.27
3873,USW00094846,"CHICAGO OHARE INTERNATIONAL AIRPORT, IL US",17.2,3.3,2020-10-05,16.62,1.74
3874,USW00094846,"CHICAGO OHARE INTERNATIONAL AIRPORT, IL US",23.9,11.1,2020-10-06,23.19,6.74
3875,USW00094846,"CHICAGO OHARE INTERNATIONAL AIRPORT, IL US",24.4,11.7,2020-10-07,23.88,10.37
3876,USW00094846,"CHICAGO OHARE INTERNATIONAL AIRPORT, IL US",21.1,10,2020-10-08,21.21,7.86
3877,USW00094846,"CHICAGO OHARE INTERNATIONAL AIRPORT, IL US",27.8,11.1,2020-10-09,26.62,8.66
3878,USW00094846,"CHICAGO OHARE INTERNATIONAL AIRPORT, IL US",25,13.9,2020-10-10,24.36,12.01
3879,USW00094846,"CHICAGO OHARE INTERNATIONAL AIRPORT, IL US",20.6,13.3,2020-10-11,21.1,12.5
3880,USW00094846,"CHICAGO OHARE INTERNATIONAL AIRPORT, IL US",19.4,10,2020-10-12,19.88,10.09
3881,USW00094846,"CHICAGO OHARE INTERNATIONAL AIRPORT, IL US",22.8,7.8,2020-10-13,22.07,5.2
3882,USW00094846,"CHICAGO OHARE INTERNATIONAL AIRPORT, IL US",26.1,8.3,2020-10-14,25.32,5.97
3883,USW00094846,"CHICAGO OHARE INTERNATIONAL AIRPORT, IL US",17.8,5,2020-10-15,16.07,5.61
3884,USW00094846,"CHICAGO OHARE INTERNATIONAL AIRPORT, IL US",11.7,2.8,2020-10-16,12.31,1.28
3885,USW00094846,"CHICAGO OHARE INTERNATIONAL AIRPORT, IL US",18.3,2.8,2020-10-17,17.67,1.67
3886,USW00094846,"CHICAGO OHARE INTERNATIONAL AIRPORT, IL US",15.6,4.4,2020-10-18,13.48,4.04
3887,USW00094846,"CHICAGO OHARE INTERNATIONAL AIRPORT, IL US",10,3.3,2020-10-19,10.11,2.85
3888,USW00094846,"CHICAGO OHARE INTERNATIONAL AIRPORT, IL US",11.7,3.3,2020-10-20,11.28,3.57
3889,USW00094846,"CHICAGO OHARE INTERNATIONAL AIRPORT, IL US",15,8.3,2020-10-21,13.84,6.2
3890,USW00094846,"CHICAGO OHARE INTERNATIONAL AIRPORT, IL US",25.6,8.3,2020-10-22,24.16,7.81
3891,USW00094846,"CHICAGO OHARE INTERNATIONAL AIRPORT, IL US",22.2,3.3,2020-10-23,19.79,5.06
3892,USW00094846,"CHICAGO OHARE INTERNATIONAL AIRPORT, IL US",9.4,1.1,2020-10-24,9.25,0.71
3893,USW00094846,"CHICAGO OHARE INTERNATIONAL AIRPORT, IL US",8.3,3.9,2020-10-25,8.02,2.31
3894,USW00094846,"CHICAGO OHARE INTERNATIONAL AIRPORT, IL US",3.9,1.1,2020-10-26,4.49,0.75
3895,USW00094846,"CHICAGO OHARE INTERNATIONAL AIRPORT, IL US",3.3,0.6,2020-10-27,3.17,0.25
3896,USW00094846,"CHICAGO OHARE INTERNATIONAL AIRPORT, IL US",10.6,-0.5,2020-10-28,9.79,-1
3897,USW00094846,"CHICAGO OHARE INTERNATIONAL AIRPORT, IL US",9.4,1.7,2020-10-29,9.42,0.66
3898,USW00094846,"CHICAGO OHARE INTERNATIONAL AIRPORT, IL US",6.7,-0.5,2020-10-30,6.54,-1.84
3899,USW00094846,"CHICAGO OHARE INTERNATIONAL AIRPORT, IL US",15,-1,2020-10-31,14.19,-2.12
3900,USW00094846,"CHICAGO OHARE INTERNATIONAL AIRPORT, IL US",12.8,-1,2020-11-01,11.71,-1.46
3901,USW00094846,"CHICAGO OHARE INTERNATIONAL AIRPORT, IL US",10.6,-2.1,2020-11-02,10.95,-3.03
3902,USW00094846,"CHICAGO OHARE INTERNATIONAL AIRPORT, IL US",20.6,3.9,2020-11-03,19.31,1.02
3903,USW00094846,"CHICAGO OHARE INTERNATIONAL AIRPORT, IL US",23.3,11.1,2020-11-04,22.96,7.46
3904,USW00094846,"CHICAGO OHARE INTERNATIONAL AIRPORT, IL US",21.7,12.8,2020-11-05,21.6,10.84
3905,USW00094846,"CHICAGO OHARE INTERNATIONAL AIRPORT, IL US",23.3,10.6,2020-11-06,23.06,8.19
3906,USW00094846,"CHICAGO OHARE INTERNATIONAL AIRPORT, IL US",22.2,12.2,2020-11-07,22.08,10.36
3907,USW00094846,"CHICAGO OHARE INTERNATIONAL AIRPORT, IL US",24.4,11.1,2020-11-08,24.03,10.46
3908,USW00094846,"CHICAGO OHARE INTERNATIONAL AIRPORT, IL US",24.4,17.2,2020-11-09,24.24,14.48
3909,USW00094846,"CHICAGO OHARE INTERNATIONAL AIRPORT, IL US",23.9,5.6,2020-11-10,23.36,10.22
3910,USW00094846,"CHICAGO OHARE INTERNATIONAL AIRPORT, IL US",7.2,1.7,2020-11-11,9.02,1.04
3911,USW00094846,"CHICAGO OHARE INTERNATIONAL AIRPORT, IL US",12.2,1.7,2020-11-12,11.67,0.37
3912,USW00094846,"CHICAGO OHARE INTERNATIONAL AIRPORT, IL US",7.8,-1,2020-11-13,6.72,-1.38
3913,USW00094846,"CHICAGO OHARE INTERNATIONAL AIRPORT, IL US",10.6,-1.6,2020-11-14,10.1,-3.35
3914,USW00094846,"CHICAGO OHARE INTERNATIONAL AIRPORT, IL US",12.8,1.1,2020-11-15,10.65,-0.21
3915,USW00094846,"CHICAGO OHARE INTERNATIONAL AIRPORT, IL US",8.3,0,2020-11-16,8.06,-0.95
3916,USW00094846,"CHICAGO OHARE INTERNATIONAL AIRPORT, IL US",5.6,-1.6,2020-11-17,5.86,-1.98
3917,USW00094846,"CHICAGO OHARE INTERNATIONAL AIRPORT, IL US",10.6,1.1,2020-11-18,9.91,-0.56
3918,USW00094846,"CHICAGO OHARE INTERNATIONAL AIRPORT, IL US",18.9,8.9,2020-11-19,17.7,5.24
3919,USW00094846,"CHICAGO OHARE INTERNATIONAL AIRPORT, IL US",16.1,6.1,2020-11-20,16.1,6.42
3920,USW00094846,"CHICAGO OHARE INTERNATIONAL AIRPORT, IL US",8.9,2.2,2020-11-21,8.64,1.99
3921,USW00094846,"CHICAGO OHARE INTERNATIONAL AIRPORT, IL US",8.3,5,2020-11-22,7.94,3.06
3922,USW00094846,"CHICAGO OHARE INTERNATIONAL AIRPORT, IL US",7.8,0.6,2020-11-23,7.81,-0.58
3923,USW00094846,"CHICAGO OHARE INTERNATIONAL AIRPORT, IL US",7.2,0.6,2020-11-24,7.52,-0.52
3924,USW00094846,"CHICAGO OHARE INTERNATIONAL AIRPORT, IL US",8.3,6.7,2020-11-25,8.26,4.14
3925,USW00094846,"CHICAGO OHARE INTERNATIONAL AIRPORT, IL US",7.8,5,2020-11-26,7.65,4.26
3926,USW00094846,"CHICAGO OHARE INTERNATIONAL AIRPORT, IL US",7.2,0.6,2020-11-27,7.15,1.29
3927,USW00094846,"CHICAGO OHARE INTERNATIONAL AIRPORT, IL US",10,-1.6,2020-11-28,9.43,-2.83
3928,USW00094846,"CHICAGO OHARE INTERNATIONAL AIRPORT, IL US",9.4,2.8,2020-11-29,9.44,0.39
3929,USW00094846,"CHICAGO OHARE INTERNATIONAL AIRPORT, IL US",2.8,-1.6,2020-11-30,2.64,-1.19
3930,USW00094846,"CHICAGO OHARE INTERNATIONAL AIRPORT, IL US",1.7,-3.8,2020-12-01,1.27,-4.6
3931,USW00094846,"CHICAGO OHARE INTERNATIONAL AIRPORT, IL US",8.9,-3.8,2020-12-02,8,-5.06
3932,USW00094846,"CHICAGO OHARE INTERNATIONAL AIRPORT, IL US",6.7,-1,2020-12-03,6.83,-3.2
3933,USW00094846,"CHICAGO OHARE INTERNATIONAL AIRPORT, IL US",7.8,-1,2020-12-04,7.45,-1.72
3934,USW00094846,"CHICAGO OHARE INTERNATIONAL AIRPORT, IL US",5,-1.6,2020-12-05,4.86,-2.74
3935,USW00094846,"CHICAGO OHARE INTERNATIONAL AIRPORT, IL US",2.8,1.1,2020-12-06,2.76,-1
3936,USW00094846,"CHICAGO OHARE INTERNATIONAL AIRPORT, IL US",3.3,0.6,2020-12-07,2.98,0.03
3937,USW00094846,"CHICAGO OHARE INTERNATIONAL AIRPORT, IL US",2.2,0.6,2020-12-08,2.23,0.01
3938,USW00094846,"CHICAGO OHARE INTERNATIONAL AIRPORT, IL US",11.7,0,2020-12-09,10.36,-0.72
3939,USW00094846,"CHICAGO OHARE INTERNATIONAL AIRPORT, IL US",13.9,-0.5,2020-12-10,13.15,-2.34
3940,USW00094846,"CHICAGO OHARE INTERNATIONAL AIRPORT, IL US",6.7,2.2,2020-12-11,7.27,-0.26
3941,USW00094846,"CHICAGO OHARE INTERNATIONAL AIRPORT, IL US",5.6,-1,2020-12-12,5.01,1.08
3942,USW00094846,"CHICAGO OHARE INTERNATIONAL AIRPORT, IL US",2.2,-2.7,2020-12-13,2.46,-3.95
3943,USW00094846,"CHICAGO OHARE INTERNATIONAL AIRPORT, IL US",0,-6,2020-12-14,0.22,-5.16
3944,USW00094846,"CHICAGO OHARE INTERNATIONAL AIRPORT, IL US",1.1,-7.7,2020-12-15,0.48,-7.44
3945,USW00094846,"CHICAGO OHARE INTERNATIONAL AIRPORT, IL US",1.1,-1.6,2020-12-16,0.73,-4.36
3946,USW00094846,"CHICAGO OHARE INTERNATIONAL AIRPORT, IL US",1.7,-2.7,2020-12-17,1.49,-2.72
3947,USW00094846,"CHICAGO OHARE INTERNATIONAL AIRPORT, IL US",2.8,-4.3,2020-12-18,2.82,-5.68
3948,USW00094846,"CHICAGO OHARE INTERNATIONAL AIRPORT, IL US",6.1,2.2,2020-12-19,6,-1.42
3949,USW00094846,"CHICAGO OHARE INTERNATIONAL AIRPORT, IL US",5,0,2020-12-20,5.25,-0.43
3950,USW00094846,"CHICAGO OHARE INTERNATIONAL AIRPORT, IL US",7.8,0.6,2020-12-21,7.58,-0.29
3951,USW00094846,"CHICAGO OHARE INTERNATIONAL AIRPORT, IL US",5.6,0,2020-12-22,6.48,-1.07
3952,USW00094846,"CHICAGO OHARE INTERNATIONAL AIRPORT, IL US",14.4,-3.2,2020-12-23,13.17,-2.61
3953,USW00094846,"CHICAGO OHARE INTERNATIONAL AIRPORT, IL US",-3.2,-12.7,2020-12-24,-3.26,-12.12
3954,USW00094846,"CHICAGO OHARE INTERNATIONAL AIRPORT, IL US",-5.5,-13.2,2020-12-25,-5.47,-13.57
3955,USW00094846,"CHICAGO OHARE INTERNATIONAL AIRPORT, IL US",0.6,-7.1,2020-12-26,0.57,-9.48
3956,USW00094846,"CHICAGO OHARE INTERNATIONAL AIRPORT, IL US",8.3,-3.8,2020-12-27,6.94,-6.04
3957,USW00094846,"CHICAGO OHARE INTERNATIONAL AIRPORT, IL US",1.1,-6,2020-12-28,0.89,-5.41
3958,USW00094846,"CHICAGO OHARE INTERNATIONAL AIRPORT, IL US",0,-7.7,2020-12-29,0.46,-8.98
3959,USW00094846,"CHICAGO OHARE INTERNATIONAL AIRPORT, IL US",1.7,-3.2,2020-12-30,1.96,-5.68
3960,USW00094846,"CHICAGO OHARE INTERNATIONAL AIRPORT, IL US",-1.6,-7.7,2020-12-30,1.96,-5.68
3961,USW00014819,"CHICAGO MIDWAY AIRPORT, IL US",6.1,-5.5,2020-01-01,5.91,-5.79
3962,USW00014819,"CHICAGO MIDWAY AIRPORT, IL US",9.4,2.8,2020-01-02,9.3,1.18
3963,USW00014819,"CHICAGO MIDWAY AIRPORT, IL US",5.6,1.7,2020-01-03,5.76,0.96
3964,USW00014819,"CHICAGO MIDWAY AIRPORT, IL US",1.7,-2.7,2020-01-04,1.26,-2.34
3965,USW00014819,"CHICAGO MIDWAY AIRPORT, IL US",6.1,-3.8,2020-01-05,5.56,-4.03
3966,USW00014819,"CHICAGO MIDWAY AIRPORT, IL US",5.6,-3.2,2020-01-06,5.96,-2.93
3967,USW00014819,"CHICAGO MIDWAY AIRPORT, IL US",5.6,-2.1,2020-01-07,5.19,-2.96
3968,USW00014819,"CHICAGO MIDWAY AIRPORT, IL US",-1,-8.2,2020-01-08,-0.26,-8.36
3969,USW00014819,"CHICAGO MIDWAY AIRPORT, IL US",10,-4.9,2020-01-09,9.39,-5.77
3970,USW00014819,"CHICAGO MIDWAY AIRPORT, IL US",10,3.9,2020-01-10,10.13,1.4
3971,USW00014819,"CHICAGO MIDWAY AIRPORT, IL US",3.9,-3.2,2020-01-11,4.31,-1.53
3972,USW00014819,"CHICAGO MIDWAY AIRPORT, IL US",0.6,-3.8,2020-01-12,0.31,-3.92
3973,USW00014819,"CHICAGO MIDWAY AIRPORT, IL US",1.7,0,2020-01-13,1.32,-1.48
3974,USW00014819,"CHICAGO MIDWAY AIRPORT, IL US",6.1,-1.6,2020-01-14,5.33,-1.66
3975,USW00014819,"CHICAGO MIDWAY AIRPORT, IL US",2.8,-1.6,2020-01-15,2.45,-2.81
3976,USW00014819,"CHICAGO MIDWAY AIRPORT, IL US",-1,-8.2,2020-01-16,-1.04,-8.49
3977,USW00014819,"CHICAGO MIDWAY AIRPORT, IL US",-1,-8.2,2020-01-17,-1.17,-9.6
3978,USW00014819,"CHICAGO MIDWAY AIRPORT, IL US",2.8,-14.3,2020-01-18,2.56,-12.75
3979,USW00014819,"CHICAGO MIDWAY AIRPORT, IL US",-6.6,-16,2020-01-19,-6.06,-16.93
3980,USW00014819,"CHICAGO MIDWAY AIRPORT, IL US",0,-7.7,2020-01-20,-1.38,-10.42
3981,USW00014819,"CHICAGO MIDWAY AIRPORT, IL US",-0.5,-8.2,2020-01-21,-0.66,-9.93
3982,USW00014819,"CHICAGO MIDWAY AIRPORT, IL US",1.7,-4.3,2020-01-22,1.45,-6.84
3983,USW00014819,"CHICAGO MIDWAY AIRPORT, IL US",2.2,-1,2020-01-23,1.61,-2.61
3984,USW00014819,"CHICAGO MIDWAY AIRPORT, IL US",3.9,1.1,2020-01-24,3.34,0.06
3985,USW00014819,"CHICAGO MIDWAY AIRPORT, IL US",1.7,0.6,2020-01-25,1.57,0.36
3986,USW00014819,"CHICAGO MIDWAY AIRPORT, IL US",1.1,-2.1,2020-01-26,1.24,-1.81
3987,USW00014819,"CHICAGO MIDWAY AIRPORT, IL US",2.2,-2.1,2020-01-27,1.76,-2.3
3988,USW00014819,"CHICAGO MIDWAY AIRPORT, IL US",0.6,-0.5,2020-01-28,0.34,-1.24
3989,USW00014819,"CHICAGO MIDWAY AIRPORT, IL US",1.1,-1,2020-01-29,0.6,-1.2
3990,USW00014819,"CHICAGO MIDWAY AIRPORT, IL US",1.1,-0.5,2020-01-30,0.92,-1.58
3991,USW00014819,"CHICAGO MIDWAY AIRPORT, IL US",2.8,-0.5,2020-01-31,2.62,-0.84
3992,USW00014819,"CHICAGO MIDWAY AIRPORT, IL US",3.3,0.6,2020-02-01,3.39,0.25
3993,USW00014819,"CHICAGO MIDWAY AIRPORT, IL US",12.2,1.7,2020-02-02,12.21,0.65
3994,USW00014819,"CHICAGO MIDWAY AIRPORT, IL US",8.3,-1,2020-02-03,7.93,-1.12
3995,USW00014819,"CHICAGO MIDWAY AIRPORT, IL US",3.3,-0.5,2020-02-04,3.16,-1.11
3996,USW00014819,"CHICAGO MIDWAY AIRPORT, IL US",-0.5,-2.7,2020-02-05,0.23,-2.64
3997,USW00014819,"CHICAGO MIDWAY AIRPORT, IL US",-0.5,-2.7,2020-02-06,-0.22,-2.77
3998,USW00014819,"CHICAGO MIDWAY AIRPORT, IL US",2.8,-5.5,2020-02-07,2.75,-5.06
3999,USW00014819,"CHICAGO MIDWAY AIRPORT, IL US",1.7,-3.2,2020-02-08,2.43,-3.56
4000,USW00014819,"CHICAGO MIDWAY AIRPORT, IL US",2.8,-4.9,2020-02-09,2.66,-4.67
4001,USW00014819,"CHICAGO MIDWAY AIRPORT, IL US",2.2,-2.7,2020-02-10,2.14,-3.16
4002,USW00014819,"CHICAGO MIDWAY AIRPORT, IL US",1.7,-3.8,2020-02-11,1.79,-4.05
4003,USW00014819,"CHICAGO MIDWAY AIRPORT, IL US",2.2,-4.3,2020-02-12,2.22,-5.25
4004,USW00014819,"CHICAGO MIDWAY AIRPORT, IL US",0,-14.9,2020-02-13,-0.2,-11.95
4005,USW00014819,"CHICAGO MIDWAY AIRPORT, IL US",-9.9,-18.2,2020-02-14,-9.12,-18.92
4006,USW00014819,"CHICAGO MIDWAY AIRPORT, IL US",0.6,-13.8,2020-02-15,0.2,-16.1
4007,USW00014819,"CHICAGO MIDWAY AIRPORT, IL US",6.7,-7.7,2020-02-16,4.66,-7.59
4008,USW00014819,"CHICAGO MIDWAY AIRPORT, IL US",4.4,-1.6,2020-02-17,4.37,-3.92
4009,USW00014819,"CHICAGO MIDWAY AIRPORT, IL US",3.9,-3.2,2020-02-18,3.99,-3.07
4010,USW00014819,"CHICAGO MIDWAY AIRPORT, IL US",-0.5,-8.2,2020-02-19,-0.74,-8.82
4011,USW00014819,"CHICAGO MIDWAY AIRPORT, IL US",-3.8,-11.6,2020-02-20,-3.94,-11.58
4012,USW00014819,"CHICAGO MIDWAY AIRPORT, IL US",2.8,-11,2020-02-21,2.12,-11.79
4013,USW00014819,"CHICAGO MIDWAY AIRPORT, IL US",10,-3.2,2020-02-22,9.07,-5.31
4014,USW00014819,"CHICAGO MIDWAY AIRPORT, IL US",13.3,0.6,2020-02-23,13.29,-1.05
4015,USW00014819,"CHICAGO MIDWAY AIRPORT, IL US",6.1,3.3,2020-02-24,5.99,1.23
4016,USW00014819,"CHICAGO MIDWAY AIRPORT, IL US",3.9,0,2020-02-25,3.81,0.36
4017,USW00014819,"CHICAGO MIDWAY AIRPORT, IL US",0,-3.2,2020-02-26,0.6,-2.76
4018,USW00014819,"CHICAGO MIDWAY AIRPORT, IL US",-0.5,-5.5,2020-02-27,-0.4,-5.49
4019,USW00014819,"CHICAGO MIDWAY AIRPORT, IL US",-1,-7.7,2020-02-28,-1.08,-7.77
4020,USW00014819,"CHICAGO MIDWAY AIRPORT, IL US",1.7,-8.8,2020-02-29,1.79,-8.69
4021,USW00014819,"CHICAGO MIDWAY AIRPORT, IL US",14.4,-1,2020-03-01,13.21,-3.83
4022,USW00014819,"CHICAGO MIDWAY AIRPORT, IL US",10,1.7,2020-03-02,10.21,0.8
4023,USW00014819,"CHICAGO MIDWAY AIRPORT, IL US",10,0,2020-03-03,9.88,-0.56
4024,USW00014819,"CHICAGO MIDWAY AIRPORT, IL US",9.4,1.7,2020-03-04,8.82,0.41
4025,USW00014819,"CHICAGO MIDWAY AIRPORT, IL US",11.1,0.6,2020-03-05,11.06,-0.21
4026,USW00014819,"CHICAGO MIDWAY AIRPORT, IL US",3.9,-2.1,2020-03-06,4.54,-1.69
4027,USW00014819,"CHICAGO MIDWAY AIRPORT, IL US",11.1,-4.9,2020-03-07,10.25,-5.17
4028,USW00014819,"CHICAGO MIDWAY AIRPORT, IL US",18.9,4.4,2020-03-08,17.99,1.71
4029,USW00014819,"CHICAGO MIDWAY AIRPORT, IL US",15,8.3,2020-03-09,15.35,6.75
4030,USW00014819,"CHICAGO MIDWAY AIRPORT, IL US",11.1,1.1,2020-03-10,10.1,1.59
4031,USW00014819,"CHICAGO MIDWAY AIRPORT, IL US",6.7,2.2,2020-03-11,6.52,1.3
4032,USW00014819,"CHICAGO MIDWAY AIRPORT, IL US",13.3,2.2,2020-03-12,12.93,1.59
4033,USW00014819,"CHICAGO MIDWAY AIRPORT, IL US",9.4,1.1,2020-03-13,9.57,1.16
4034,USW00014819,"CHICAGO MIDWAY AIRPORT, IL US",5,0,2020-03-14,4.36,0.24
4035,USW00014819,"CHICAGO MIDWAY AIRPORT, IL US",3.9,1.1,2020-03-15,4.67,0.01
4036,USW00014819,"CHICAGO MIDWAY AIRPORT, IL US",5,0,2020-03-16,4.56,-0.8
4037,USW00014819,"CHICAGO MIDWAY AIRPORT, IL US",8.9,2.8,2020-03-17,7.83,1.16
4038,USW00014819,"CHICAGO MIDWAY AIRPORT, IL US",7.2,3.9,2020-03-18,6.96,2.65
4039,USW00014819,"CHICAGO MIDWAY AIRPORT, IL US",17.2,4.4,2020-03-19,16.37,3.65
4040,USW00014819,"CHICAGO MIDWAY AIRPORT, IL US",17.2,-0.5,2020-03-20,14.56,0.42
4041,USW00014819,"CHICAGO MIDWAY AIRPORT, IL US",0.6,-2.7,2020-03-21,0.44,-3.01
4042,USW00014819,"CHICAGO MIDWAY AIRPORT, IL US",2.2,-2.1,2020-03-22,1.93,-3.18
4043,USW00014819,"CHICAGO MIDWAY AIRPORT, IL US",6.7,0.6,2020-03-23,5.58,-0.77
4044,USW00014819,"CHICAGO MIDWAY AIRPORT, IL US",7.8,0.6,2020-03-24,6.78,0.1
4045,USW00014819,"CHICAGO MIDWAY AIRPORT, IL US",13.3,0,2020-03-25,13.25,-0.67
4046,USW00014819,"CHICAGO MIDWAY AIRPORT, IL US",11.1,3.3,2020-03-26,11.26,2.17
4047,USW00014819,"CHICAGO MIDWAY AIRPORT, IL US",10.6,2.8,2020-03-27,10.32,2.9
4048,USW00014819,"CHICAGO MIDWAY AIRPORT, IL US",19.4,7.2,2020-03-28,18.19,5.71
4049,USW00014819,"CHICAGO MIDWAY AIRPORT, IL US",17.2,6.7,2020-03-29,15.31,6.67
4050,USW00014819,"CHICAGO MIDWAY AIRPORT, IL US",10,3.9,2020-03-30,9.61,3.52
4051,USW00014819,"CHICAGO MIDWAY AIRPORT, IL US",6.1,2.8,2020-03-31,7.51,2.43
4052,USW00014819,"CHICAGO MIDWAY AIRPORT, IL US",11.7,2.2,2020-04-01,10.23,2.1
4053,USW00014819,"CHICAGO MIDWAY AIRPORT, IL US",15,-0.5,2020-04-02,14.62,-0.57
4054,USW00014819,"CHICAGO MIDWAY AIRPORT, IL US",21.1,7.8,2020-04-03,19.08,5.49
4055,USW00014819,"CHICAGO MIDWAY AIRPORT, IL US",13.3,2.2,2020-04-04,13.64,2.95
4056,USW00014819,"CHICAGO MIDWAY AIRPORT, IL US",10,2.8,2020-04-05,10.01,1.54
4057,USW00014819,"CHICAGO MIDWAY AIRPORT, IL US",18.3,2.2,2020-04-06,16.27,1.15
4058,USW00014819,"CHICAGO MIDWAY AIRPORT, IL US",26.7,12.8,2020-04-07,25.73,8.15
4059,USW00014819,"CHICAGO MIDWAY AIRPORT, IL US",20.6,9.4,2020-04-08,20.85,8.88
4060,USW00014819,"CHICAGO MIDWAY AIRPORT, IL US",10,2.2,2020-04-09,11.89,3.5
4061,USW00014819,"CHICAGO MIDWAY AIRPORT, IL US",10.6,1.1,2020-04-10,9.44,1.02
4062,USW00014819,"CHICAGO MIDWAY AIRPORT, IL US",18.3,5.6,2020-04-11,17.13,3.6
4063,USW00014819,"CHICAGO MIDWAY AIRPORT, IL US",18.9,9.4,2020-04-12,18.31,7.75
4064,USW00014819,"CHICAGO MIDWAY AIRPORT, IL US",12.8,1.7,2020-04-13,12.37,0.79
4065,USW00014819,"CHICAGO MIDWAY AIRPORT, IL US",5,-1,2020-04-14,4.75,-1.68
4066,USW00014819,"CHICAGO MIDWAY AIRPORT, IL US",4.4,-2.1,2020-04-15,4.02,-2.49
4067,USW00014819,"CHICAGO MIDWAY AIRPORT, IL US",7.8,-2.1,2020-04-16,7.27,-1.99
4068,USW00014819,"CHICAGO MIDWAY AIRPORT, IL US",5.6,0.6,2020-04-17,5.69,0.06
4069,USW00014819,"CHICAGO MIDWAY AIRPORT, IL US",15,0.6,2020-04-18,14.6,0.69
4070,USW00014819,"CHICAGO MIDWAY AIRPORT, IL US",16.7,4.4,2020-04-19,16.18,2.53
4071,USW00014819,"CHICAGO MIDWAY AIRPORT, IL US",18.3,2.2,2020-04-20,17.85,1.68
4072,USW00014819,"CHICAGO MIDWAY AIRPORT, IL US",11.1,2.8,2020-04-21,11.8,2.15
4073,USW00014819,"CHICAGO MIDWAY AIRPORT, IL US",16.7,4.4,2020-04-22,16.1,3.93
4074,USW00014819,"CHICAGO MIDWAY AIRPORT, IL US",15,6.7,2020-04-23,14.77,5.71
4075,USW00014819,"CHICAGO MIDWAY AIRPORT, IL US",9.4,5.6,2020-04-24,9.97,5.18
4076,USW00014819,"CHICAGO MIDWAY AIRPORT, IL US",8.3,5.6,2020-04-25,8.67,5.14
4077,USW00014819,"CHICAGO MIDWAY AIRPORT, IL US",16.7,6.1,2020-04-26,15.22,5.38
4078,USW00014819,"CHICAGO MIDWAY AIRPORT, IL US",20,3.9,2020-04-27,19.44,3.58
4079,USW00014819,"CHICAGO MIDWAY AIRPORT, IL US",24.4,11.7,2020-04-28,23.7,9.62
4080,USW00014819,"CHICAGO MIDWAY AIRPORT, IL US",16.7,5.6,2020-04-29,16.95,7.11
4081,USW00014819,"CHICAGO MIDWAY AIRPORT, IL US",12.2,5.6,2020-04-30,11.74,5.38
4082,USW00014819,"CHICAGO MIDWAY AIRPORT, IL US",19.4,2.8,2020-05-01,17.8,3.25
4083,USW00014819,"CHICAGO MIDWAY AIRPORT, IL US",26.1,14.4,2020-05-02,25.21,11.9
4084,USW00014819,"CHICAGO MIDWAY AIRPORT, IL US",22.8,8.9,2020-05-03,23.29,9.72
4085,USW00014819,"CHICAGO MIDWAY AIRPORT, IL US",8.9,5,2020-05-04,10.52,4.66
4086,USW00014819,"CHICAGO MIDWAY AIRPORT, IL US",8.9,5.6,2020-05-05,8.67,4.8
4087,USW00014819,"CHICAGO MIDWAY AIRPORT, IL US",16.1,3.3,2020-05-06,15.27,3.64
4088,USW00014819,"CHICAGO MIDWAY AIRPORT, IL US",18.9,7.8,2020-05-07,18.62,6.16
4089,USW00014819,"CHICAGO MIDWAY AIRPORT, IL US",7.8,1.1,2020-05-08,7.41,1.42
4090,USW00014819,"CHICAGO MIDWAY AIRPORT, IL US",15,-0.5,2020-05-09,14.28,-1.48
4091,USW00014819,"CHICAGO MIDWAY AIRPORT, IL US",11.7,2.8,2020-05-10,12.59,2.65
4092,USW00014819,"CHICAGO MIDWAY AIRPORT, IL US",10,4.4,2020-05-11,10.38,4.17
4093,USW00014819,"CHICAGO MIDWAY AIRPORT, IL US",16.7,3.9,2020-05-12,15.83,3.39
4094,USW00014819,"CHICAGO MIDWAY AIRPORT, IL US",20.6,7.2,2020-05-13,19.8,5.77
4095,USW00014819,"CHICAGO MIDWAY AIRPORT, IL US",22.8,12.8,2020-05-14,22.5,11.32
4096,USW00014819,"CHICAGO MIDWAY AIRPORT, IL US",25,13.9,2020-05-15,24.12,12.5
4097,USW00014819,"CHICAGO MIDWAY AIRPORT, IL US",20.6,11.1,2020-05-16,18.53,10.32
4098,USW00014819,"CHICAGO MIDWAY AIRPORT, IL US",20,12.2,2020-05-17,20.51,11.5
4099,USW00014819,"CHICAGO MIDWAY AIRPORT, IL US",18.9,11.1,2020-05-18,18.68,10.95
4100,USW00014819,"CHICAGO MIDWAY AIRPORT, IL US",16.1,11.1,2020-05-19,15.83,10.65
4101,USW00014819,"CHICAGO MIDWAY AIRPORT, IL US",18.3,12.8,2020-05-20,17.7,11.6
4102,USW00014819,"CHICAGO MIDWAY AIRPORT, IL US",20,13.3,2020-05-21,19.45,12.38
4103,USW00014819,"CHICAGO MIDWAY AIRPORT, IL US",21.1,13.9,2020-05-22,20.24,13.03
4104,USW00014819,"CHICAGO MIDWAY AIRPORT, IL US",27.2,12.8,2020-05-23,25.42,12.21
4105,USW00014819,"CHICAGO MIDWAY AIRPORT, IL US",31.7,17.8,2020-05-24,30.22,16.48
4106,USW00014819,"CHICAGO MIDWAY AIRPORT, IL US",31.1,21.1,2020-05-25,30.18,19.91
4107,USW00014819,"CHICAGO MIDWAY AIRPORT, IL US",31.7,21.1,2020-05-26,30.29,19.29
4108,USW00014819,"CHICAGO MIDWAY AIRPORT, IL US",30.6,22.2,2020-05-27,29.54,20.53
4109,USW00014819,"CHICAGO MIDWAY AIRPORT, IL US",28.3,18.3,2020-05-28,28.53,17.78
4110,USW00014819,"CHICAGO MIDWAY AIRPORT, IL US",24.4,14.4,2020-05-29,24.07,14.05
4111,USW00014819,"CHICAGO MIDWAY AIRPORT, IL US",22.2,12.8,2020-05-30,21.86,12.1
4112,USW00014819,"CHICAGO MIDWAY AIRPORT, IL US",18.9,11.1,2020-05-31,18.91,10.35
4113,USW00014819,"CHICAGO MIDWAY AIRPORT, IL US",25,12.8,2020-06-01,24.43,12.12
4114,USW00014819,"CHICAGO MIDWAY AIRPORT, IL US",34.4,19.4,2020-06-02,33.03,17
4115,USW00014819,"CHICAGO MIDWAY AIRPORT, IL US",29.4,21.1,2020-06-03,29.38,19.29
4116,USW00014819,"CHICAGO MIDWAY AIRPORT, IL US",30,20,2020-06-04,29.58,19.17
4117,USW00014819,"CHICAGO MIDWAY AIRPORT, IL US",31.7,22.2,2020-06-05,31.72,19.8
4118,USW00014819,"CHICAGO MIDWAY AIRPORT, IL US",24.4,16.1,2020-06-06,25.19,16.42
4119,USW00014819,"CHICAGO MIDWAY AIRPORT, IL US",26.1,15,2020-06-07,25.74,14.32
4120,USW00014819,"CHICAGO MIDWAY AIRPORT, IL US",32.8,18.3,2020-06-08,31,16.66
4121,USW00014819,"CHICAGO MIDWAY AIRPORT, IL US",32.8,23.3,2020-06-09,31.18,20.25
4122,USW00014819,"CHICAGO MIDWAY AIRPORT, IL US",28.9,16.7,2020-06-10,28.58,18.56
4123,USW00014819,"CHICAGO MIDWAY AIRPORT, IL US",28.3,15,2020-06-11,28.03,15.14
4124,USW00014819,"CHICAGO MIDWAY AIRPORT, IL US",25.6,13.9,2020-06-12,25.5,12.9
4125,USW00014819,"CHICAGO MIDWAY AIRPORT, IL US",19.4,12.2,2020-06-13,20.91,11.57
4126,USW00014819,"CHICAGO MIDWAY AIRPORT, IL US",21.1,13.9,2020-06-14,20.41,12.12
4127,USW00014819,"CHICAGO MIDWAY AIRPORT, IL US",22.8,12.8,2020-06-15,22.68,11
4128,USW00014819,"CHICAGO MIDWAY AIRPORT, IL US",28.9,15,2020-06-16,27.35,13.14
4129,USW00014819,"CHICAGO MIDWAY AIRPORT, IL US",30,18.3,2020-06-17,28.8,16.47
4130,USW00014819,"CHICAGO MIDWAY AIRPORT, IL US",30.6,17.8,2020-06-18,30.15,16.69
4131,USW00014819,"CHICAGO MIDWAY AIRPORT, IL US",33.9,20.6,2020-06-19,32.45,18.57
4132,USW00014819,"CHICAGO MIDWAY AIRPORT, IL US",32.8,21.7,2020-06-20,33.03,20.14
4133,USW00014819,"CHICAGO MIDWAY AIRPORT, IL US",28.3,21.1,2020-06-21,28.96,19.92
4134,USW00014819,"CHICAGO MIDWAY AIRPORT, IL US",30,18.9,2020-06-22,29.99,18.62
4135,USW00014819,"CHICAGO MIDWAY AIRPORT, IL US",26.1,17.2,2020-06-23,25.9,16.49
4136,USW00014819,"CHICAGO MIDWAY AIRPORT, IL US",26.1,16.1,2020-06-24,25.97,15.23
4137,USW00014819,"CHICAGO MIDWAY AIRPORT, IL US",28.9,17.2,2020-06-25,27.91,16.26
4138,USW00014819,"CHICAGO MIDWAY AIRPORT, IL US",29.4,21.1,2020-06-26,29.52,18.93
4139,USW00014819,"CHICAGO MIDWAY AIRPORT, IL US",31.7,22.2,2020-06-27,30.97,21.02
4140,USW00014819,"CHICAGO MIDWAY AIRPORT, IL US",28.9,22.2,2020-06-28,29.22,20.74
4141,USW00014819,"CHICAGO MIDWAY AIRPORT, IL US",33.9,22.2,2020-06-29,32.22,20.91
4142,USW00014819,"CHICAGO MIDWAY AIRPORT, IL US",31.7,22.8,2020-06-30,31.42,21.47
4143,USW00014819,"CHICAGO MIDWAY AIRPORT, IL US",31.1,23.3,2020-07-01,30.73,21.62
4144,USW00014819,"CHICAGO MIDWAY AIRPORT, IL US",32.2,22.2,2020-07-02,31.65,20.52
4145,USW00014819,"CHICAGO MIDWAY AIRPORT, IL US",31.7,20.6,2020-07-03,31.82,19.81
4146,USW00014819,"CHICAGO MIDWAY AIRPORT, IL US",32.2,22.2,2020-07-04,31.82,21.01
4147,USW00014819,"CHICAGO MIDWAY AIRPORT, IL US",32.2,22.8,2020-07-05,32.23,21.27
4148,USW00014819,"CHICAGO MIDWAY AIRPORT, IL US",34.4,24.4,2020-07-06,33.27,22.59
4149,USW00014819,"CHICAGO MIDWAY AIRPORT, IL US",34.4,23.9,2020-07-07,34.43,22.46
4150,USW00014819,"CHICAGO MIDWAY AIRPORT, IL US",33.3,23.9,2020-07-08,33.28,22.72
4151,USW00014819,"CHICAGO MIDWAY AIRPORT, IL US",33.9,22.2,2020-07-09,34.13,21.87
4152,USW00014819,"CHICAGO MIDWAY AIRPORT, IL US",30.6,21.1,2020-07-10,30.81,21.27
4153,USW00014819,"CHICAGO MIDWAY AIRPORT, IL US",29.4,21.1,2020-07-11,29.37,20.77
4154,USW00014819,"CHICAGO MIDWAY AIRPORT, IL US",26.1,19.4,2020-07-12,27.04,19.33
4155,USW00014819,"CHICAGO MIDWAY AIRPORT, IL US",27.2,17.8,2020-07-13,27.2,17.2
4156,USW00014819,"CHICAGO MIDWAY AIRPORT, IL US",29.4,19.4,2020-07-14,29.6,18.01
4157,USW00014819,"CHICAGO MIDWAY AIRPORT, IL US",30.6,20,2020-07-15,30.36,19.14
4158,USW00014819,"CHICAGO MIDWAY AIRPORT, IL US",28.9,20.6,2020-07-16,28.51,19.68
4159,USW00014819,"CHICAGO MIDWAY AIRPORT, IL US",31.1,20,2020-07-17,30.95,19.01
4160,USW00014819,"CHICAGO MIDWAY AIRPORT, IL US",32.8,24.4,2020-07-18,31.95,22.55
4161,USW00014819,"CHICAGO MIDWAY AIRPORT, IL US",28.3,21.7,2020-07-19,28.71,21.26
4162,USW00014819,"CHICAGO MIDWAY AIRPORT, IL US",30.6,19.4,2020-07-20,29.18,19.27
4163,USW00014819,"CHICAGO MIDWAY AIRPORT, IL US",27.2,22.8,2020-07-21,26.62,21.55
4164,USW00014819,"CHICAGO MIDWAY AIRPORT, IL US",30,22.2,2020-07-22,30.38,21.35
4165,USW00014819,"CHICAGO MIDWAY AIRPORT, IL US",27.2,18.3,2020-07-23,27.33,17.92
4166,USW00014819,"CHICAGO MIDWAY AIRPORT, IL US",29.4,18.9,2020-07-24,29.01,18.06
4167,USW00014819,"CHICAGO MIDWAY AIRPORT, IL US",32.2,20.6,2020-07-25,31.86,19.74
4168,USW00014819,"CHICAGO MIDWAY AIRPORT, IL US",35,23.9,2020-07-26,34.67,22.4
4169,USW00014819,"CHICAGO MIDWAY AIRPORT, IL US",30,22.2,2020-07-27,29.54,22.08
4170,USW00014819,"CHICAGO MIDWAY AIRPORT, IL US",31.1,20.6,2020-07-28,31.89,19.59
4171,USW00014819,"CHICAGO MIDWAY AIRPORT, IL US",32.8,22.2,2020-07-29,32.21,21.19
4172,USW00014819,"CHICAGO MIDWAY AIRPORT, IL US",28.3,22.2,2020-07-30,28.31,21.4
4173,USW00014819,"CHICAGO MIDWAY AIRPORT, IL US",27.2,21.1,2020-07-31,27.47,19.54
4174,USW00014819,"CHICAGO MIDWAY AIRPORT, IL US",26.1,18.3,2020-08-01,26.25,18.65
4175,USW00014819,"CHICAGO MIDWAY AIRPORT, IL US",29.4,18.3,2020-08-02,28.88,18.12
4176,USW00014819,"CHICAGO MIDWAY AIRPORT, IL US",22.8,18.3,2020-08-03,22.63,17.22
4177,USW00014819,"CHICAGO MIDWAY AIRPORT, IL US",23.3,15,2020-08-04,23.48,14.98
4178,USW00014819,"CHICAGO MIDWAY AIRPORT, IL US",24.4,13.9,2020-08-05,24.96,13.07
4179,USW00014819,"CHICAGO MIDWAY AIRPORT, IL US",26.7,18.3,2020-08-06,26.15,16.69
4180,USW00014819,"CHICAGO MIDWAY AIRPORT, IL US",28.9,16.7,2020-08-07,27.79,15.99
4181,USW00014819,"CHICAGO MIDWAY AIRPORT, IL US",30.6,19.4,2020-08-08,30.43,17.78
4182,USW00014819,"CHICAGO MIDWAY AIRPORT, IL US",32.2,22.2,2020-08-09,32.26,20.98
4183,USW00014819,"CHICAGO MIDWAY AIRPORT, IL US",32.2,20.6,2020-08-10,31.65,20.28
4184,USW00014819,"CHICAGO MIDWAY AIRPORT, IL US",27.8,18.9,2020-08-11,28.25,18.36
4185,USW00014819,"CHICAGO MIDWAY AIRPORT, IL US",28.3,17.2,2020-08-12,28.71,16.11
4186,USW00014819,"CHICAGO MIDWAY AIRPORT, IL US",28.9,21.1,2020-08-13,28.58,18.94
4187,USW00014819,"CHICAGO MIDWAY AIRPORT, IL US",31.1,21.7,2020-08-14,30.25,19.88
4188,USW00014819,"CHICAGO MIDWAY AIRPORT, IL US",31.7,21.1,2020-08-15,30.72,20.01
4189,USW00014819,"CHICAGO MIDWAY AIRPORT, IL US",28.3,18.3,2020-08-16,29.04,17.74
4190,USW00014819,"CHICAGO MIDWAY AIRPORT, IL US",28.9,20.6,2020-08-17,28.01,19.13
4191,USW00014819,"CHICAGO MIDWAY AIRPORT, IL US",25,19.4,2020-08-18,25,18.4
4192,USW00014819,"CHICAGO MIDWAY AIRPORT, IL US",26.1,16.1,2020-08-19,26.64,15.39
4193,USW00014819,"CHICAGO MIDWAY AIRPORT, IL US",29.4,16.7,2020-08-20,29.11,15.74
4194,USW00014819,"CHICAGO MIDWAY AIRPORT, IL US",30.6,18.3,2020-08-21,29.79,17.32
4195,USW00014819,"CHICAGO MIDWAY AIRPORT, IL US",31.1,19.4,2020-08-22,30.72,18.22
4196,USW00014819,"CHICAGO MIDWAY AIRPORT, IL US",32.2,21.1,2020-08-23,32.09,19.86
4197,USW00014819,"CHICAGO MIDWAY AIRPORT, IL US",35.6,22.2,2020-08-24,34.96,21.35
4198,USW00014819,"CHICAGO MIDWAY AIRPORT, IL US",32.2,25,2020-08-25,32.06,22.65
4199,USW00014819,"CHICAGO MIDWAY AIRPORT, IL US",34.4,23.9,2020-08-26,33.89,22.52
4200,USW00014819,"CHICAGO MIDWAY AIRPORT, IL US",35,24.4,2020-08-27,34.58,24.02
4201,USW00014819,"CHICAGO MIDWAY AIRPORT, IL US",35,24.4,2020-08-28,34.41,24.1
4202,USW00014819,"CHICAGO MIDWAY AIRPORT, IL US",28.9,20,2020-08-29,29.15,20.38
4203,USW00014819,"CHICAGO MIDWAY AIRPORT, IL US",25.6,17.8,2020-08-30,25.59,16.42
4204,USW00014819,"CHICAGO MIDWAY AIRPORT, IL US",29.4,18.3,2020-08-31,28.86,17.04
4205,USW00014819,"CHICAGO MIDWAY AIRPORT, IL US",23.3,20.6,2020-09-01,24.35,18.96
4206,USW00014819,"CHICAGO MIDWAY AIRPORT, IL US",31.1,21.1,2020-09-02,29.09,20.34
4207,USW00014819,"CHICAGO MIDWAY AIRPORT, IL US",31.1,18.3,2020-09-03,30.81,18
4208,USW00014819,"CHICAGO MIDWAY AIRPORT, IL US",26.7,13.3,2020-09-04,26.94,12.92
4209,USW00014819,"CHICAGO MIDWAY AIRPORT, IL US",28.3,17.8,2020-09-05,28.85,15.26
4210,USW00014819,"CHICAGO MIDWAY AIRPORT, IL US",27.8,15,2020-09-06,27.94,14.88
4211,USW00014819,"CHICAGO MIDWAY AIRPORT, IL US",25.6,18.9,2020-09-07,25.99,17.04
4212,USW00014819,"CHICAGO MIDWAY AIRPORT, IL US",19.4,16.1,2020-09-08,19.21,15.6
4213,USW00014819,"CHICAGO MIDWAY AIRPORT, IL US",18.9,16.1,2020-09-09,18.86,15.28
4214,USW00014819,"CHICAGO MIDWAY AIRPORT, IL US",20,14.4,2020-09-10,19.73,14.46
4215,USW00014819,"CHICAGO MIDWAY AIRPORT, IL US",20.6,16.7,2020-09-11,20.36,15.86
4216,USW00014819,"CHICAGO MIDWAY AIRPORT, IL US",22.8,17.2,2020-09-12,22.31,16.73
4217,USW00014819,"CHICAGO MIDWAY AIRPORT, IL US",24.4,16.1,2020-09-13,23.42,15.71
4218,USW00014819,"CHICAGO MIDWAY AIRPORT, IL US",23.9,13.9,2020-09-14,23.81,13.96
4219,USW00014819,"CHICAGO MIDWAY AIRPORT, IL US",25.6,15,2020-09-15,25.65,14.5
4220,USW00014819,"CHICAGO MIDWAY AIRPORT, IL US",28.3,15,2020-09-16,28.25,14.81
4221,USW00014819,"CHICAGO MIDWAY AIRPORT, IL US",21.1,15.6,2020-09-17,21.95,14.6
4222,USW00014819,"CHICAGO MIDWAY AIRPORT, IL US",16.7,9.4,2020-09-18,17.48,10.69
4223,USW00014819,"CHICAGO MIDWAY AIRPORT, IL US",18.3,8.3,2020-09-19,18.21,7.1
4224,USW00014819,"CHICAGO MIDWAY AIRPORT, IL US",22.8,10,2020-09-20,22.1,8.31
4225,USW00014819,"CHICAGO MIDWAY AIRPORT, IL US",23.9,11.1,2020-09-21,23.78,9.76
4226,USW00014819,"CHICAGO MIDWAY AIRPORT, IL US",26.1,12.8,2020-09-22,26.43,10.92
4227,USW00014819,"CHICAGO MIDWAY AIRPORT, IL US",26.1,14.4,2020-09-23,26.07,13.56
4228,USW00014819,"CHICAGO MIDWAY AIRPORT, IL US",26.1,13.3,2020-09-24,26.28,13.12
4229,USW00014819,"CHICAGO MIDWAY AIRPORT, IL US",27.2,15,2020-09-25,26.92,14.2
4230,USW00014819,"CHICAGO MIDWAY AIRPORT, IL US",25.6,17.2,2020-09-26,25.75,16
4231,USW00014819,"CHICAGO MIDWAY AIRPORT, IL US",25.6,12.2,2020-09-27,25.32,13.51
4232,USW00014819,"CHICAGO MIDWAY AIRPORT, IL US",17.2,10.6,2020-09-28,18.12,10.3
4233,USW00014819,"CHICAGO MIDWAY AIRPORT, IL US",16.1,7.2,2020-09-29,15.87,7.28
4234,USW00014819,"CHICAGO MIDWAY AIRPORT, IL US",20,10.6,2020-09-30,19.25,9.5
4235,USW00014819,"CHICAGO MIDWAY AIRPORT, IL US",14.4,7.8,2020-10-01,15.14,7.94
4236,USW00014819,"CHICAGO MIDWAY AIRPORT, IL US",13.3,6.1,2020-10-02,14.65,5.95
4237,USW00014819,"CHICAGO MIDWAY AIRPORT, IL US",13.9,7.8,2020-10-03,14.09,6.55
4238,USW00014819,"CHICAGO MIDWAY AIRPORT, IL US",13.9,4.4,2020-10-04,13.84,5
4239,USW00014819,"CHICAGO MIDWAY AIRPORT, IL US",17.2,2.2,2020-10-05,16.75,2.64
4240,USW00014819,"CHICAGO MIDWAY AIRPORT, IL US",23.9,10.6,2020-10-06,23.18,7.24
4241,USW00014819,"CHICAGO MIDWAY AIRPORT, IL US",24.4,12.8,2020-10-07,23.88,11.14
4242,USW00014819,"CHICAGO MIDWAY AIRPORT, IL US",21.1,10,2020-10-08,21.59,8.85
4243,USW00014819,"CHICAGO MIDWAY AIRPORT, IL US",27.8,10.6,2020-10-09,26.85,9.37
4244,USW00014819,"CHICAGO MIDWAY AIRPORT, IL US",25,14.4,2020-10-10,24.75,12.58
4245,USW00014819,"CHICAGO MIDWAY AIRPORT, IL US",20,13.9,2020-10-11,22.94,13.23
4246,USW00014819,"CHICAGO MIDWAY AIRPORT, IL US",19.4,8.3,2020-10-12,20.66,10.07
4247,USW00014819,"CHICAGO MIDWAY AIRPORT, IL US",22.8,6.7,2020-10-13,22.25,5.44
4248,USW00014819,"CHICAGO MIDWAY AIRPORT, IL US",25.6,8.3,2020-10-14,25.53,6.61
4249,USW00014819,"CHICAGO MIDWAY AIRPORT, IL US",17.8,5.6,2020-10-15,16.24,6
4250,USW00014819,"CHICAGO MIDWAY AIRPORT, IL US",12.8,2.2,2020-10-16,12.87,1.73
4251,USW00014819,"CHICAGO MIDWAY AIRPORT, IL US",18.3,3.3,2020-10-17,18.1,2.33
4252,USW00014819,"CHICAGO MIDWAY AIRPORT, IL US",15,4.4,2020-10-18,14.3,4.42
4253,USW00014819,"CHICAGO MIDWAY AIRPORT, IL US",11.1,4.4,2020-10-19,11.11,3.97
4254,USW00014819,"CHICAGO MIDWAY AIRPORT, IL US",12.8,6.1,2020-10-20,12.24,5
4255,USW00014819,"CHICAGO MIDWAY AIRPORT, IL US",14.4,7.8,2020-10-21,13.99,7.2
4256,USW00014819,"CHICAGO MIDWAY AIRPORT, IL US",26.1,8.9,2020-10-22,25.57,8.43
4257,USW00014819,"CHICAGO MIDWAY AIRPORT, IL US",21.1,5,2020-10-23,21.43,5.68
4258,USW00014819,"CHICAGO MIDWAY AIRPORT, IL US",8.3,1.7,2020-10-24,9.82,1.91
4259,USW00014819,"CHICAGO MIDWAY AIRPORT, IL US",8.3,5.6,2020-10-25,8.46,3.41
4260,USW00014819,"CHICAGO MIDWAY AIRPORT, IL US",5.6,1.1,2020-10-26,5.62,1.3
4261,USW00014819,"CHICAGO MIDWAY AIRPORT, IL US",2.8,0.6,2020-10-27,3.31,0.82
4262,USW00014819,"CHICAGO MIDWAY AIRPORT, IL US",10.6,0,2020-10-28,9.53,-0.32
4263,USW00014819,"CHICAGO MIDWAY AIRPORT, IL US",10,2.2,2020-10-29,9.57,1.4
4264,USW00014819,"CHICAGO MIDWAY AIRPORT, IL US",6.7,-1,2020-10-30,6.85,-0.66
4265,USW00014819,"CHICAGO MIDWAY AIRPORT, IL US",15,0,2020-10-31,14.38,-0.77
4266,USW00014819,"CHICAGO MIDWAY AIRPORT, IL US",12.8,-0.5,2020-11-01,11.8,-0.7
4267,USW00014819,"CHICAGO MIDWAY AIRPORT, IL US",10.6,-2.1,2020-11-02,10.05,-2.56
4268,USW00014819,"CHICAGO MIDWAY AIRPORT, IL US",21.1,3.3,2020-11-03,19,1.29
4269,USW00014819,"CHICAGO MIDWAY AIRPORT, IL US",23.9,9.4,2020-11-04,23.38,7.64
4270,USW00014819,"CHICAGO MIDWAY AIRPORT, IL US",21.7,13.3,2020-11-05,21.69,11.71
4271,USW00014819,"CHICAGO MIDWAY AIRPORT, IL US",23.3,9.4,2020-11-06,23.27,8.96
4272,USW00014819,"CHICAGO MIDWAY AIRPORT, IL US",22.2,11.1,2020-11-07,22.29,10.64
4273,USW00014819,"CHICAGO MIDWAY AIRPORT, IL US",25,12.2,2020-11-08,24.59,10.75
4274,USW00014819,"CHICAGO MIDWAY AIRPORT, IL US",24.4,17.2,2020-11-09,24.49,14.68
4275,USW00014819,"CHICAGO MIDWAY AIRPORT, IL US",23.3,6.7,2020-11-10,23.34,10.12
4276,USW00014819,"CHICAGO MIDWAY AIRPORT, IL US",7.8,1.7,2020-11-11,9.89,1.42
4277,USW00014819,"CHICAGO MIDWAY AIRPORT, IL US",11.7,1.7,2020-11-12,11.63,0.58
4278,USW00014819,"CHICAGO MIDWAY AIRPORT, IL US",7.8,-1,2020-11-13,7.34,-0.91
4279,USW00014819,"CHICAGO MIDWAY AIRPORT, IL US",10,-1.6,2020-11-14,10.02,-2.8
4280,USW00014819,"CHICAGO MIDWAY AIRPORT, IL US",12.8,1.1,2020-11-15,12.31,0.05
4281,USW00014819,"CHICAGO MIDWAY AIRPORT, IL US",8.9,0,2020-11-16,8.6,-0.46
4282,USW00014819,"CHICAGO MIDWAY AIRPORT, IL US",5.6,-1,2020-11-17,6.09,-1.17
4283,USW00014819,"CHICAGO MIDWAY AIRPORT, IL US",10.6,1.7,2020-11-18,9.91,0.21
4284,USW00014819,"CHICAGO MIDWAY AIRPORT, IL US",18.9,7.2,2020-11-19,17.89,5.48
4285,USW00014819,"CHICAGO MIDWAY AIRPORT, IL US",17.8,6.1,2020-11-20,17.01,6.68
4286,USW00014819,"CHICAGO MIDWAY AIRPORT, IL US",8.3,3.9,2020-11-21,9.27,3.51
4287,USW00014819,"CHICAGO MIDWAY AIRPORT, IL US",7.8,4.4,2020-11-22,7.5,3.62
4288,USW00014819,"CHICAGO MIDWAY AIRPORT, IL US",7.8,0.6,2020-11-23,7.69,0.13
4289,USW00014819,"CHICAGO MIDWAY AIRPORT, IL US",7.2,0.6,2020-11-24,8.02,-0.04
4290,USW00014819,"CHICAGO MIDWAY AIRPORT, IL US",8.3,6.7,2020-11-25,8.91,4.54
4291,USW00014819,"CHICAGO MIDWAY AIRPORT, IL US",7.8,3.9,2020-11-26,7.81,4.06
4292,USW00014819,"CHICAGO MIDWAY AIRPORT, IL US",7.2,0.6,2020-11-27,7.18,1.06
4293,USW00014819,"CHICAGO MIDWAY AIRPORT, IL US",10,-2.1,2020-11-28,9.46,-2.48
4294,USW00014819,"CHICAGO MIDWAY AIRPORT, IL US",10.6,2.2,2020-11-29,9.39,0.6
4295,USW00014819,"CHICAGO MIDWAY AIRPORT, IL US",3.3,-1.6,2020-11-30,3.64,-1.16
4296,USW00014819,"CHICAGO MIDWAY AIRPORT, IL US",1.1,-3.2,2020-12-01,1.27,-3.77
4297,USW00014819,"CHICAGO MIDWAY AIRPORT, IL US",8.3,-4.3,2020-12-02,7.89,-4.45
4298,USW00014819,"CHICAGO MIDWAY AIRPORT, IL US",8.3,-1.6,2020-12-03,7.73,-2.81
4299,USW00014819,"CHICAGO MIDWAY AIRPORT, IL US",7.8,-0.5,2020-12-04,7.75,-1.21
4300,USW00014819,"CHICAGO MIDWAY AIRPORT, IL US",5,-1,2020-12-05,4.8,-1.16
4301,USW00014819,"CHICAGO MIDWAY AIRPORT, IL US",2.8,1.1,2020-12-06,2.96,0.15
4302,USW00014819,"CHICAGO MIDWAY AIRPORT, IL US",3.3,1.1,2020-12-07,2.95,0.52
4303,USW00014819,"CHICAGO MIDWAY AIRPORT, IL US",2.8,0.6,2020-12-08,2.53,0.27
4304,USW00014819,"CHICAGO MIDWAY AIRPORT, IL US",11.7,0,2020-12-09,10.22,-0.35
4305,USW00014819,"CHICAGO MIDWAY AIRPORT, IL US",13.9,-0.5,2020-12-10,13.45,-1.53
4306,USW00014819,"CHICAGO MIDWAY AIRPORT, IL US",7.2,1.7,2020-12-11,7.83,0.46
4307,USW00014819,"CHICAGO MIDWAY AIRPORT, IL US",5.6,0,2020-12-12,5.81,0.93
4308,USW00014819,"CHICAGO MIDWAY AIRPORT, IL US",2.8,-2.7,2020-12-13,3.24,-2.76
4309,USW00014819,"CHICAGO MIDWAY AIRPORT, IL US",0.6,-4.3,2020-12-14,0.98,-4.32
4310,USW00014819,"CHICAGO MIDWAY AIRPORT, IL US",1.1,-5.5,2020-12-15,0.7,-6.06
4311,USW00014819,"CHICAGO MIDWAY AIRPORT, IL US",1.1,-1.6,2020-12-16,0.9,-3.48
4312,USW00014819,"CHICAGO MIDWAY AIRPORT, IL US",1.7,-1.6,2020-12-17,1.51,-2.39
4313,USW00014819,"CHICAGO MIDWAY AIRPORT, IL US",2.8,-4.3,2020-12-18,2.86,-4.95
4314,USW00014819,"CHICAGO MIDWAY AIRPORT, IL US",7.2,1.7,2020-12-19,6.45,-1.03
4315,USW00014819,"CHICAGO MIDWAY AIRPORT, IL US",5.6,0,2020-12-20,5.64,-0.09
4316,USW00014819,"CHICAGO MIDWAY AIRPORT, IL US",8.3,0.6,2020-12-21,7.92,0.09
4317,USW00014819,"CHICAGO MIDWAY AIRPORT, IL US",5.6,-0.5,2020-12-22,5.78,-0.5
4318,USW00014819,"CHICAGO MIDWAY AIRPORT, IL US",14.4,-2.7,2020-12-23,12.99,-2.26
4319,USW00014819,"CHICAGO MIDWAY AIRPORT, IL US",-2.7,-12.1,2020-12-24,-1.45,-11.7
4320,USW00014819,"CHICAGO MIDWAY AIRPORT, IL US",-5.5,-12.7,2020-12-25,-5.81,-13.05
4321,USW00014819,"CHICAGO MIDWAY AIRPORT, IL US",1.7,-7.1,2020-12-26,0.86,-8.78
4322,USW00014819,"CHICAGO MIDWAY AIRPORT, IL US",8.3,-3.8,2020-12-27,7.32,-5.31
4323,USW00014819,"CHICAGO MIDWAY AIRPORT, IL US",1.1,-5.5,2020-12-28,1.15,-5.61
4324,USW00014819,"CHICAGO MIDWAY AIRPORT, IL US",0.6,-7.7,2020-12-29,0.62,-8.36
4325,USW00014819,"CHICAGO MIDWAY AIRPORT, IL US",2.2,-3.2,2020-12-30,2.71,-5.24
4326,USW00014819,"CHICAGO MIDWAY AIRPORT, IL US",-1,-4.9,2020-12-30,2.71,-5.24
4327,USC00111550,"CHICAGO NORTHERLY ISLAND, IL US",1.7,-0.6,2021-01-02,2,-1.41
4328,USC00111550,"CHICAGO NORTHERLY ISLAND, IL US",1.1,-2.8,2021-01-03,1.2,-2.58
4329,USC00111550,"CHICAGO NORTHERLY ISLAND, IL US",1.7,-1.7,2021-01-05,2.19,-1.85
4330,USC00111550,"CHICAGO NORTHERLY ISLAND, IL US",2.2,-0.6,2021-01-06,3.4,-2.03
4331,USC00111550,"CHICAGO NORTHERLY ISLAND, IL US",2.2,1.1,2021-01-07,2.96,0.57
4332,USC00111550,"CHICAGO NORTHERLY ISLAND, IL US",1.7,-0.6,2021-01-08,1.96,-0.78
4333,USC00111550,"CHICAGO NORTHERLY ISLAND, IL US",2.2,-1.7,2021-01-09,2.81,-3.34
4334,USC00111550,"CHICAGO NORTHERLY ISLAND, IL US",-0.6,-3.9,2021-01-10,-0.86,-4.35
4335,USC00111550,"CHICAGO NORTHERLY ISLAND, IL US",-1.1,-6.1,2021-01-11,-1.12,-5.77
4336,USC00111550,"CHICAGO NORTHERLY ISLAND, IL US",3.9,-3.3,2021-01-12,3.78,-3.55
4337,USC00111550,"CHICAGO NORTHERLY ISLAND, IL US",5,0,2021-01-13,5.35,-1.05
4338,USC00111550,"CHICAGO NORTHERLY ISLAND, IL US",4.4,0.6,2021-01-14,4.7,0.23
4339,USC00111550,"CHICAGO NORTHERLY ISLAND, IL US",3.9,-1.1,2021-01-15,3.58,-1.18
4340,USC00111550,"CHICAGO NORTHERLY ISLAND, IL US",2.8,-1.1,2021-01-16,2.77,-1.5
4341,USC00111550,"CHICAGO NORTHERLY ISLAND, IL US",1.7,-1.7,2021-01-17,1.23,-1.98
4342,USC00111550,"CHICAGO NORTHERLY ISLAND, IL US",-0.6,-3.9,2021-01-18,-0.58,-4.11
4343,USC00111550,"CHICAGO NORTHERLY ISLAND, IL US",0,-5.6,2021-01-19,0.08,-6.39
4344,USC00111550,"CHICAGO NORTHERLY ISLAND, IL US",1.7,-8.9,2021-01-20,1.71,-9.79
4345,USC00111550,"CHICAGO NORTHERLY ISLAND, IL US",5.6,0,2021-01-21,5.58,-2.33
4346,USC00111550,"CHICAGO NORTHERLY ISLAND, IL US",0,-9.4,2021-01-22,-0.93,-9.71
4347,USC00111550,"CHICAGO NORTHERLY ISLAND, IL US",-1.1,-9.4,2021-01-23,-0.86,-11.72
4348,USC00111550,"CHICAGO NORTHERLY ISLAND, IL US",1.1,-2.8,2021-01-24,1.14,-4.2
4349,USC00111550,"CHICAGO NORTHERLY ISLAND, IL US",0.6,-1.7,2021-01-25,1.04,-2.09
4350,USC00111550,"CHICAGO NORTHERLY ISLAND, IL US",-0.6,-3.3,2021-01-26,-0.06,-3.18
4351,USC00111550,"CHICAGO NORTHERLY ISLAND, IL US",-2.2,-7.2,2021-01-27,-2.07,-8.25
4352,USC00111550,"CHICAGO NORTHERLY ISLAND, IL US",-2.8,-7.8,2021-01-28,-2.61,-10.78
4353,USC00111550,"CHICAGO NORTHERLY ISLAND, IL US",0.6,-1.7,2021-01-30,1.05,-3.06
4354,USC00111550,"CHICAGO NORTHERLY ISLAND, IL US",1.1,-1.7,2021-01-31,0.84,-1.58
4355,USC00111550,"CHICAGO NORTHERLY ISLAND, IL US",0.6,-1.7,2021-02-01,1.1,-3.81
4356,USC00111550,"CHICAGO NORTHERLY ISLAND, IL US",0.6,-2.2,2021-02-02,0.63,-4.6
4357,USC00111550,"CHICAGO NORTHERLY ISLAND, IL US",2.8,-6.7,2021-02-04,3.49,-6.86
4358,USC00111550,"CHICAGO NORTHERLY ISLAND, IL US",-6.1,-15,2021-02-05,-6.53,-13.34
4359,USC00111550,"CHICAGO NORTHERLY ISLAND, IL US",-9.4,-15,2021-02-06,-9.3,-15.66
4360,USC00111550,"CHICAGO NORTHERLY ISLAND, IL US",-13.3,-20.6,2021-02-07,-13.45,-20.76
4361,USC00111550,"CHICAGO NORTHERLY ISLAND, IL US",-10.6,-16.1,2021-02-08,-9.38,-17.5
4362,USC00111550,"CHICAGO NORTHERLY ISLAND, IL US",-7.2,-15.6,2021-02-09,-7.1,-16.23
4363,USC00111550,"CHICAGO NORTHERLY ISLAND, IL US",-7.2,-13.3,2021-02-10,-7.4,-14.47
4364,USC00111550,"CHICAGO NORTHERLY ISLAND, IL US",-5,-12.8,2021-02-11,-4.96,-13.66
4365,USC00111550,"CHICAGO NORTHERLY ISLAND, IL US",-5,-12.2,2021-02-12,-6,-12.32
4366,USC00111550,"CHICAGO NORTHERLY ISLAND, IL US",-9.4,-18.3,2021-02-13,-9.43,-17.3
4367,USC00111550,"CHICAGO NORTHERLY ISLAND, IL US",-13.9,-19.4,2021-02-14,-13.81,-19.31
4368,USC00111550,"CHICAGO NORTHERLY ISLAND, IL US",-8.3,-16.7,2021-02-15,-9.26,-16.71
4369,USC00111550,"CHICAGO NORTHERLY ISLAND, IL US",-5,-12.2,2021-02-16,-5.71,-13.48
4370,USC00111550,"CHICAGO NORTHERLY ISLAND, IL US",-6.7,-12.8,2021-02-17,-4.9,-14.79
4371,USC00111550,"CHICAGO NORTHERLY ISLAND, IL US",-2.8,-9.4,2021-02-18,-3.25,-11.01
4372,USC00111550,"CHICAGO NORTHERLY ISLAND, IL US",-5,-12.2,2021-02-19,-5.41,-13.28
4373,USC00111550,"CHICAGO NORTHERLY ISLAND, IL US",-1.7,-12.2,2021-02-20,-1.55,-15.64
4374,USC00111550,"CHICAGO NORTHERLY ISLAND, IL US",2.8,-11.7,2021-02-21,3.09,-10.73
4375,USC00111550,"CHICAGO NORTHERLY ISLAND, IL US",5,-3.3,2021-02-22,4.67,-3.61
4376,USC00111550,"CHICAGO NORTHERLY ISLAND, IL US",8.3,2.8,2021-02-23,8.78,1.56
4377,USC00111550,"CHICAGO NORTHERLY ISLAND, IL US",7.8,1.7,2021-02-24,7.84,0.14
4378,USC00111550,"CHICAGO NORTHERLY ISLAND, IL US",5.6,-1.1,2021-02-25,5.16,-4.17
4379,USC00111550,"CHICAGO NORTHERLY ISLAND, IL US",3.9,-1.7,2021-02-26,5.33,-4.65
4380,USC00111550,"CHICAGO NORTHERLY ISLAND, IL US",10.6,1.1,2021-02-27,10.54,0.09
4381,USC00111550,"CHICAGO NORTHERLY ISLAND, IL US",10.6,1.7,2021-02-28,10.2,1.52
4382,USC00111550,"CHICAGO NORTHERLY ISLAND, IL US",1.7,-3.3,2021-03-01,1.49,-4.32
4383,USC00111550,"CHICAGO NORTHERLY ISLAND, IL US",9.4,1.1,2021-03-03,12.41,-0.08
4384,USC00111550,"CHICAGO NORTHERLY ISLAND, IL US",1.7,-1.1,2021-03-04,2.61,-1.56
4385,USC00111550,"CHICAGO NORTHERLY ISLAND, IL US",5.6,-1.7,2021-03-05,7.99,-3.95
4386,USC00111550,"CHICAGO NORTHERLY ISLAND, IL US",4.4,-1.1,2021-03-06,7.02,-3.52
4387,USC00111550,"CHICAGO NORTHERLY ISLAND, IL US",8.9,-2.2,2021-03-07,10.12,-4.32
4388,USC00111550,"CHICAGO NORTHERLY ISLAND, IL US",17.2,6.1,2021-03-08,17.96,4.37
4389,USC00111550,"CHICAGO NORTHERLY ISLAND, IL US",19.4,3.9,2021-03-09,20.31,4.28
4390,USC00111550,"CHICAGO NORTHERLY ISLAND, IL US",19.4,13.3,2021-03-10,20.23,11.88
4391,USC00111550,"CHICAGO NORTHERLY ISLAND, IL US",17.8,7.2,2021-03-11,17.18,7.23
4392,USC00111550,"CHICAGO NORTHERLY ISLAND, IL US",8.3,1.7,2021-03-12,10.68,1.93
4393,USC00111550,"CHICAGO NORTHERLY ISLAND, IL US",12.2,1.1,2021-03-13,14.39,-1.01
4394,USC00111550,"CHICAGO NORTHERLY ISLAND, IL US",10,2.2,2021-03-14,8.77,2.06
4395,USC00111550,"CHICAGO NORTHERLY ISLAND, IL US",3.9,-1.7,2021-03-15,3.28,-1.47
4396,USC00111550,"CHICAGO NORTHERLY ISLAND, IL US",3.9,0.6,2021-03-16,3.52,0.21
4397,USC00111550,"CHICAGO NORTHERLY ISLAND, IL US",3.3,0.6,2021-03-17,5.03,0.61
4398,USC00111550,"CHICAGO NORTHERLY ISLAND, IL US",4.4,2.2,2021-03-18,5.57,2.3
4399,USC00111550,"CHICAGO NORTHERLY ISLAND, IL US",5,1.1,2021-03-19,6.73,-0.07
4400,USC00111550,"CHICAGO NORTHERLY ISLAND, IL US",8.3,0,2021-03-20,12.9,-1.81
4401,USC00111550,"CHICAGO NORTHERLY ISLAND, IL US",18.3,4.4,2021-03-21,18.77,2.09
4402,USC00111550,"CHICAGO NORTHERLY ISLAND, IL US",20,7.2,2021-03-22,20.06,6.49
4403,USC00111550,"CHICAGO NORTHERLY ISLAND, IL US",11.7,6.7,2021-03-23,16.92,8.74
4404,USC00111550,"CHICAGO NORTHERLY ISLAND, IL US",14.4,8.3,2021-03-24,15.32,8.88
4405,USC00111550,"CHICAGO NORTHERLY ISLAND, IL US",8.3,2.8,2021-03-25,9.25,3.6
4406,USC00111550,"CHICAGO NORTHERLY ISLAND, IL US",3.9,1.7,2021-03-26,5.42,1.78
4407,USC00111550,"CHICAGO NORTHERLY ISLAND, IL US",17.2,3.3,2021-03-27,17.73,2.68
4408,USC00111550,"CHICAGO NORTHERLY ISLAND, IL US",11.1,2.2,2021-03-28,10.76,1.24
4409,USC00111550,"CHICAGO NORTHERLY ISLAND, IL US",15.6,1.1,2021-03-29,16.21,-0.79
4410,USC00111550,"CHICAGO NORTHERLY ISLAND, IL US",8.9,4.4,2021-04-15,11.03,3.65
4411,USC00111550,"CHICAGO NORTHERLY ISLAND, IL US",7.8,3.9,2021-04-16,10.68,3.11
4412,USC00111550,"CHICAGO NORTHERLY ISLAND, IL US",8.3,3.9,2021-04-17,11.19,2.18
4413,USC00111550,"CHICAGO NORTHERLY ISLAND, IL US",15.6,6.1,2021-04-18,16.85,2.98
4414,USC00111550,"CHICAGO NORTHERLY ISLAND, IL US",12.2,5.6,2021-04-19,12.05,4.64
4415,USC00111550,"CHICAGO NORTHERLY ISLAND, IL US",5.6,1.1,2021-04-20,5.5,0.92
4416,USC00111550,"CHICAGO NORTHERLY ISLAND, IL US",6.1,1.1,2021-04-21,8.38,0.15
4417,USC00111550,"CHICAGO NORTHERLY ISLAND, IL US",13.9,5.6,2021-04-24,15.27,6.47
4418,USC00111550,"CHICAGO NORTHERLY ISLAND, IL US",6.1,3.9,2021-04-25,7.5,3.73
4419,USC00111550,"CHICAGO NORTHERLY ISLAND, IL US",25,4.4,2021-04-26,25.57,4.04
4420,USC00111550,"CHICAGO NORTHERLY ISLAND, IL US",30,7.8,2021-04-27,30.4,9.85
4421,USC00111550,"CHICAGO NORTHERLY ISLAND, IL US",7.8,5.6,2021-04-28,11.12,6.59
4422,USC00111550,"CHICAGO NORTHERLY ISLAND, IL US",15,6.7,2021-04-29,17.3,7.49
4423,USC00111550,"CHICAGO NORTHERLY ISLAND, IL US",12.8,5.6,2021-04-30,12.93,5.2
4424,USC00111550,"CHICAGO NORTHERLY ISLAND, IL US",11.7,7.8,2021-05-04,13.03,7.83
4425,USC00111550,"CHICAGO NORTHERLY ISLAND, IL US",11.1,6.1,2021-05-05,13.35,5.18
4426,USC00111550,"CHICAGO NORTHERLY ISLAND, IL US",10,6.7,2021-05-06,11.91,5.99
4427,USC00111550,"CHICAGO NORTHERLY ISLAND, IL US",13.3,5.6,2021-05-07,14.63,4.44
4428,USC00111550,"CHICAGO NORTHERLY ISLAND, IL US",8.9,4.4,2021-05-08,10.76,2.68
4429,USC00111550,"CHICAGO NORTHERLY ISLAND, IL US",11.1,4.4,2021-05-09,12.37,4.14
4430,USC00111550,"CHICAGO NORTHERLY ISLAND, IL US",8.9,6.1,2021-05-10,10.3,4.03
4431,USC00111550,"CHICAGO NORTHERLY ISLAND, IL US",9.4,5.6,2021-05-11,10.88,3.06
4432,USC00111550,"CHICAGO NORTHERLY ISLAND, IL US",11.1,6.7,2021-05-12,14.22,3.29
4433,USC00111550,"CHICAGO NORTHERLY ISLAND, IL US",15.6,8.3,2021-05-13,19.36,4.42
4434,USC00111550,"CHICAGO NORTHERLY ISLAND, IL US",21.7,12.8,2021-05-18,23.51,14
4435,USC00111550,"CHICAGO NORTHERLY ISLAND, IL US",22.8,15,2021-05-19,23.6,16.95
4436,USC00111550,"CHICAGO NORTHERLY ISLAND, IL US",28.9,12.2,2021-05-20,29.54,16.83
4437,USC00111550,"CHICAGO NORTHERLY ISLAND, IL US",28.9,17.8,2021-05-21,29.87,18.5
4438,USC00111550,"CHICAGO NORTHERLY ISLAND, IL US",30,16.7,2021-05-22,30.71,18.59
4439,USC00111550,"CHICAGO NORTHERLY ISLAND, IL US",26.1,12.2,2021-05-23,27.03,14.4
4440,USC00111550,"CHICAGO NORTHERLY ISLAND, IL US",28.3,12.2,2021-05-24,30.85,13.43
4441,USC00111550,"CHICAGO NORTHERLY ISLAND, IL US",29.4,21.7,2021-05-25,30.07,20.73
4442,USC00111550,"CHICAGO NORTHERLY ISLAND, IL US",26.7,13.3,2021-05-26,27.47,14.55
4443,USC00111550,"CHICAGO NORTHERLY ISLAND, IL US",31.7,21.1,2021-06-05,32.77,20.53
4444,USC00111550,"CHICAGO NORTHERLY ISLAND, IL US",30,22.8,2021-06-06,31.01,21.84
4445,USC00111550,"CHICAGO NORTHERLY ISLAND, IL US",26.1,18.3,2021-06-07,26.37,20.89
4446,USC00111550,"CHICAGO NORTHERLY ISLAND, IL US",25,18.3,2021-06-08,29.89,19.65
4447,USC00111550,"CHICAGO NORTHERLY ISLAND, IL US",25,20,2021-06-09,28.6,19.82
4448,USC00111550,"CHICAGO NORTHERLY ISLAND, IL US",25.6,20,2021-06-11,30.82,20.04
4449,USC00111550,"CHICAGO NORTHERLY ISLAND, IL US",25,20.6,2021-06-12,30.5,20.44
4450,USC00111550,"CHICAGO NORTHERLY ISLAND, IL US",25.6,20.6,2021-06-13,28.29,19.49
4451,USC00111550,"CHICAGO NORTHERLY ISLAND, IL US",23.9,19.4,2021-06-14,25.84,18.12
4452,USC00111550,"CHICAGO NORTHERLY ISLAND, IL US",22.8,17.8,2021-06-15,24.17,15.6
4453,USC00111550,"CHICAGO NORTHERLY ISLAND, IL US",21.1,16.1,2021-06-16,23.18,14.1
4454,USC00111550,"CHICAGO NORTHERLY ISLAND, IL US",30.6,16.1,2021-06-17,31.34,13.27
4455,USC00111550,"CHICAGO NORTHERLY ISLAND, IL US",27.8,18.3,2021-06-18,30.84,19.03
4456,USC00111550,"CHICAGO NORTHERLY ISLAND, IL US",30,18.3,2021-06-19,31.66,18.7
4457,USC00111550,"CHICAGO NORTHERLY ISLAND, IL US",27.8,18.3,2021-06-20,28.48,17.72
4458,USC00111550,"CHICAGO NORTHERLY ISLAND, IL US",22.2,13.9,2021-06-21,22.69,13.85
4459,USC00111550,"CHICAGO NORTHERLY ISLAND, IL US",22.2,13.9,2021-06-22,23.13,11.67
4460,USC00111550,"CHICAGO NORTHERLY ISLAND, IL US",26.1,18.3,2021-06-23,25.91,17.09
4461,USC00111550,"CHICAGO NORTHERLY ISLAND, IL US",23.9,19.4,2021-06-24,24.95,19.26
4462,USC00111550,"CHICAGO NORTHERLY ISLAND, IL US",24.4,18.9,2021-06-25,25.21,20.23
4463,USC00111550,"CHICAGO NORTHERLY ISLAND, IL US",26.7,21.1,2021-06-26,27.61,21.45
4464,USC00111550,"CHICAGO NORTHERLY ISLAND, IL US",28.3,17.2,2021-06-27,28.71,19.14
4465,USC00111550,"CHICAGO NORTHERLY ISLAND, IL US",23.9,17.2,2021-06-28,27.33,18.46
4466,USC00111550,"CHICAGO NORTHERLY ISLAND, IL US",29.4,19.4,2021-06-29,29.96,20.96
4467,USC00111550,"CHICAGO NORTHERLY ISLAND, IL US",25,20,2021-06-30,27.03,20.75
4468,USC00111550,"CHICAGO NORTHERLY ISLAND, IL US",21.1,16.1,2021-07-01,23.31,16.38
4469,USC00111550,"CHICAGO NORTHERLY ISLAND, IL US",20.6,16.1,2021-07-02,21.91,14.99
4470,USC00111550,"CHICAGO NORTHERLY ISLAND, IL US",29.4,16.1,2021-07-03,29.87,14.23
4471,USC00111550,"CHICAGO NORTHERLY ISLAND, IL US",32.2,23.3,2021-07-05,32.6,22.58
4472,USC00111550,"CHICAGO NORTHERLY ISLAND, IL US",32.2,25,2021-07-06,32.79,24.27
4473,USC00111550,"CHICAGO NORTHERLY ISLAND, IL US",31.1,18.9,2021-07-07,31.31,19.79
4474,USC00111550,"CHICAGO NORTHERLY ISLAND, IL US",18.9,17.2,2021-07-08,19.75,16.55
4475,USC00111550,"CHICAGO NORTHERLY ISLAND, IL US",21.1,16.7,2021-07-09,23.05,15.05
4476,USC00111550,"CHICAGO NORTHERLY ISLAND, IL US",20,18.3,2021-07-11,20.9,18.62
4477,USC00111550,"CHICAGO NORTHERLY ISLAND, IL US",22.2,18.3,2021-07-12,23.32,18.9
4478,USC00111550,"CHICAGO NORTHERLY ISLAND, IL US",26.1,20,2021-07-13,26.67,20.1
4479,USC00111550,"CHICAGO NORTHERLY ISLAND, IL US",28.3,21.1,2021-07-14,29.02,20.28
4480,USC00111550,"CHICAGO NORTHERLY ISLAND, IL US",26.1,18.9,2021-07-15,26.63,19.7
4481,USC00111550,"CHICAGO NORTHERLY ISLAND, IL US",22.2,19.4,2021-07-17,24,19.31
4482,USC00111550,"CHICAGO NORTHERLY ISLAND, IL US",24.4,19.4,2021-07-18,26.9,18.55
4483,USC00111550,"CHICAGO NORTHERLY ISLAND, IL US",23.9,19.4,2021-07-19,27.16,18.12
4484,USC00111550,"CHICAGO NORTHERLY ISLAND, IL US",28.3,19.4,2021-07-20,30.22,18.32
4485,USC00111550,"CHICAGO NORTHERLY ISLAND, IL US",22.8,18.3,2021-07-21,23.57,18.16
4486,USC00111550,"CHICAGO NORTHERLY ISLAND, IL US",25.6,18.9,2021-07-22,28.42,17.58
4487,USC00111550,"CHICAGO NORTHERLY ISLAND, IL US",31.7,23.3,2021-07-23,31.93,22.44
4488,USC00111550,"CHICAGO NORTHERLY ISLAND, IL US",33.3,23.9,2021-07-24,33.26,23.27
4489,USC00111550,"CHICAGO NORTHERLY ISLAND, IL US",28.3,22.8,2021-07-25,31,21.78
4490,USC00111550,"CHICAGO NORTHERLY ISLAND, IL US",28.9,22.2,2021-07-26,32.16,20.28
4491,USC00111550,"CHICAGO NORTHERLY ISLAND, IL US",30.6,23.9,2021-07-27,30.82,21.18
4492,USC00111550,"CHICAGO NORTHERLY ISLAND, IL US",31.7,22.8,2021-07-28,31.74,21.99
4493,USC00111550,"CHICAGO NORTHERLY ISLAND, IL US",30,21.1,2021-07-29,30.65,21.34
4494,USC00111550,"CHICAGO NORTHERLY ISLAND, IL US",22.8,18.3,2021-07-30,23.27,18.4
4495,USC00111550,"CHICAGO NORTHERLY ISLAND, IL US",24.4,17.8,2021-07-31,26.28,16.05
4496,USC00111550,"CHICAGO NORTHERLY ISLAND, IL US",23.3,18.9,2021-08-01,23.98,17.62
4497,USC00111550,"CHICAGO NORTHERLY ISLAND, IL US",25,18.3,2021-08-02,25.08,15.69
4498,USC00111550,"CHICAGO NORTHERLY ISLAND, IL US",25.6,19.4,2021-08-03,27.05,16.66
4499,USC00111550,"CHICAGO NORTHERLY ISLAND, IL US",25.6,18.9,2021-08-04,27.87,16.79
4500,USC00111550,"CHICAGO NORTHERLY ISLAND, IL US",30.6,21.1,2021-08-05,30.32,18.12
4501,USC00111550,"CHICAGO NORTHERLY ISLAND, IL US",28.3,19.4,2021-08-06,28.79,19
4502,USC00111550,"CHICAGO NORTHERLY ISLAND, IL US",31.7,20,2021-08-07,31.53,19.43
4503,USC00111550,"CHICAGO NORTHERLY ISLAND, IL US",32.8,22.2,2021-08-08,32.96,21.95
4504,USC00111550,"CHICAGO NORTHERLY ISLAND, IL US",27.8,22.2,2021-08-09,27.97,22.05
4505,USC00111550,"CHICAGO NORTHERLY ISLAND, IL US",33.9,21.1,2021-08-10,34.09,21.35
4506,USC00111550,"CHICAGO NORTHERLY ISLAND, IL US",31.1,22.8,2021-08-11,31.04,22.39
4507,USC00111550,"CHICAGO NORTHERLY ISLAND, IL US",29.4,23.3,2021-08-12,29.29,22.36
4508,USC00111550,"CHICAGO NORTHERLY ISLAND, IL US",24.4,21.1,2021-08-13,26.63,20.27
4509,USC00111550,"CHICAGO NORTHERLY ISLAND, IL US",25,20.6,2021-08-14,25.98,17.49
4510,USC00111550,"CHICAGO NORTHERLY ISLAND, IL US",25,20,2021-08-15,26.14,16.14
4511,USC00111550,"CHICAGO NORTHERLY ISLAND, IL US",24.4,16.7,2021-08-16,25.71,16.32
4512,USC00111550,"CHICAGO NORTHERLY ISLAND, IL US",26.1,20,2021-08-17,27.43,18.39
4513,USC00111550,"CHICAGO NORTHERLY ISLAND, IL US",27.8,22.2,2021-08-18,29.12,21.3
4514,USC00111550,"CHICAGO NORTHERLY ISLAND, IL US",27.8,22.8,2021-08-19,29.38,21.9
4515,USC00111550,"CHICAGO NORTHERLY ISLAND, IL US",27.8,22.8,2021-08-20,30.8,21.3
4516,USC00111550,"CHICAGO NORTHERLY ISLAND, IL US",31.7,23.3,2021-08-21,31.7,22.51
4517,USC00111550,"CHICAGO NORTHERLY ISLAND, IL US",25.6,21.7,2021-08-22,27.21,20.8
4518,USC00111550,"CHICAGO NORTHERLY ISLAND, IL US",31.1,20.6,2021-08-23,30.99,18.95
4519,USC00111550,"CHICAGO NORTHERLY ISLAND, IL US",34.4,21.1,2021-08-24,35.16,21.65
4520,USC00111550,"CHICAGO NORTHERLY ISLAND, IL US",32.8,22.2,2021-08-25,33.74,21.9
4521,USC00111550,"CHICAGO NORTHERLY ISLAND, IL US",27.8,22.2,2021-08-26,30.49,21.42
4522,USC00111550,"CHICAGO NORTHERLY ISLAND, IL US",29.4,22.8,2021-08-27,31.96,22.22
4523,USC00111550,"CHICAGO NORTHERLY ISLAND, IL US",33.3,24.4,2021-08-28,33.68,23.85
4524,USC00111550,"CHICAGO NORTHERLY ISLAND, IL US",31.7,25,2021-08-29,32.34,23.48
4525,USC00111550,"CHICAGO NORTHERLY ISLAND, IL US",26.1,21.7,2021-08-30,28.03,19.93
4526,USC00111550,"CHICAGO NORTHERLY ISLAND, IL US",26.1,20.6,2021-08-31,27.14,18.85
4527,USC00111550,"CHICAGO NORTHERLY ISLAND, IL US",24.4,20.6,2021-09-01,24.79,18.39
4528,USC00111550,"CHICAGO NORTHERLY ISLAND, IL US",23.3,13.3,2021-09-02,24.94,15.16
4529,USC00111550,"CHICAGO NORTHERLY ISLAND, IL US",25,18.9,2021-09-03,24.98,16.74
4530,USC00111550,"CHICAGO NORTHERLY ISLAND, IL US",23.3,17.8,2021-09-04,23.69,17.58
4531,USC00111550,"CHICAGO NORTHERLY ISLAND, IL US",27.8,17.2,2021-09-05,28.29,15.95
4532,USC00111550,"CHICAGO NORTHERLY ISLAND, IL US",23.3,18.3,2021-09-06,26.09,16.4
4533,USC00111550,"CHICAGO NORTHERLY ISLAND, IL US",30.6,20,2021-09-07,31.39,17.97
4534,USC00111550,"CHICAGO NORTHERLY ISLAND, IL US",26.1,17.8,2021-09-08,26.69,15.31
4535,USC00111550,"CHICAGO NORTHERLY ISLAND, IL US",22.2,16.1,2021-09-09,23.54,14.53
4536,USC00111550,"CHICAGO NORTHERLY ISLAND, IL US",26.7,17.2,2021-09-10,26.91,14.81
4537,USC00111550,"CHICAGO NORTHERLY ISLAND, IL US",30,18.9,2021-09-11,30.38,17.77
4538,USC00111550,"CHICAGO NORTHERLY ISLAND, IL US",30.6,20.6,2021-09-12,31.25,20.31
4539,USC00111550,"CHICAGO NORTHERLY ISLAND, IL US",27.8,20,2021-09-13,29.93,20.09
4540,USC00111550,"CHICAGO NORTHERLY ISLAND, IL US",29.4,20,2021-09-14,30.34,19.5
4541,USC00111550,"CHICAGO NORTHERLY ISLAND, IL US",23.3,18.3,2021-09-15,24.67,16.02
4542,USC00111550,"CHICAGO NORTHERLY ISLAND, IL US",24.4,17.8,2021-09-16,27.2,14.15
4543,USC00111550,"CHICAGO NORTHERLY ISLAND, IL US",31.1,19.4,2021-09-17,31.71,17.01
4544,USC00111550,"CHICAGO NORTHERLY ISLAND, IL US",23.9,20,2021-09-18,25.33,18.83
4545,USC00111550,"CHICAGO NORTHERLY ISLAND, IL US",26.1,20,2021-09-19,30.09,18.32
4546,USC00111550,"CHICAGO NORTHERLY ISLAND, IL US",27.8,21.1,2021-09-20,27.9,20.75
4547,USC00111550,"CHICAGO NORTHERLY ISLAND, IL US",23.3,16.7,2021-09-21,22.84,16.46
4548,USC00111550,"CHICAGO NORTHERLY ISLAND, IL US",17.8,13.9,2021-09-22,17.49,13.77
4549,USC00111550,"CHICAGO NORTHERLY ISLAND, IL US",19.4,12.2,2021-09-23,19.54,11.28
4550,USC00111550,"CHICAGO NORTHERLY ISLAND, IL US",26.1,13.3,2021-09-24,26.32,11.42
4551,USC00111550,"CHICAGO NORTHERLY ISLAND, IL US",21.1,11.7,2021-09-25,21.35,10.71
4552,USC00111550,"CHICAGO NORTHERLY ISLAND, IL US",27.8,14.4,2021-09-26,28.3,12.66
4553,USC00111550,"CHICAGO NORTHERLY ISLAND, IL US",29.4,17.2,2021-09-27,30.37,16.82
4554,USC00111550,"CHICAGO NORTHERLY ISLAND, IL US",20.6,16.7,2021-09-28,22.2,15.37
4555,USC00111550,"CHICAGO NORTHERLY ISLAND, IL US",22.2,15.6,2021-09-29,26,13.87
4556,USC00111550,"CHICAGO NORTHERLY ISLAND, IL US",22.2,15.6,2021-09-30,25.49,14.49
4557,USC00111550,"CHICAGO NORTHERLY ISLAND, IL US",25,16.1,2021-10-01,28.34,15.2
4558,USC00111550,"CHICAGO NORTHERLY ISLAND, IL US",26.7,20,2021-10-02,27.07,18.77
4559,USC00111550,"CHICAGO NORTHERLY ISLAND, IL US",22.8,18.3,2021-10-03,24.5,18.38
4560,USC00111550,"CHICAGO NORTHERLY ISLAND, IL US",20.6,17.8,2021-10-04,21.44,17.73
4561,USC00111550,"CHICAGO NORTHERLY ISLAND, IL US",19.4,17.8,2021-10-05,19.95,18.13
4562,USC00111550,"CHICAGO NORTHERLY ISLAND, IL US",18.9,17.8,2021-10-06,20.07,17.81
4563,USC00111550,"CHICAGO NORTHERLY ISLAND, IL US",21.7,18.3,2021-10-07,23.42,18.41
4564,USC00111550,"CHICAGO NORTHERLY ISLAND, IL US",22.2,17.2,2021-10-08,23.46,16.8
4565,USC00111550,"CHICAGO NORTHERLY ISLAND, IL US",23.3,17.8,2021-10-09,26.16,17.2
4566,USC00111550,"CHICAGO NORTHERLY ISLAND, IL US",27.8,20,2021-10-10,27.79,20.44
4567,USC00111550,"CHICAGO NORTHERLY ISLAND, IL US",26.1,16.1,2021-10-11,26.31,16.81
4568,USC00111550,"CHICAGO NORTHERLY ISLAND, IL US",18.3,15,2021-10-12,18.71,13.7
4569,USC00111550,"CHICAGO NORTHERLY ISLAND, IL US",21.1,13.9,2021-10-13,22.51,11.66
4570,USC00111550,"CHICAGO NORTHERLY ISLAND, IL US",21.1,15.6,2021-10-14,21.48,13.84
4571,USC00111550,"CHICAGO NORTHERLY ISLAND, IL US",17.8,12.2,2021-10-15,17.66,11.46
4572,USC00111550,"CHICAGO NORTHERLY ISLAND, IL US",15,7.8,2021-10-16,15.35,7.42
4573,USC00111550,"CHICAGO NORTHERLY ISLAND, IL US",19.4,7.8,2021-10-17,19.3,6.09
4574,USC00111550,"CHICAGO NORTHERLY ISLAND, IL US",22.2,10.6,2021-10-18,22.29,7.07
4575,USC00111550,"CHICAGO NORTHERLY ISLAND, IL US",22.2,12.2,2021-10-19,22.51,10.25
4576,USC00111550,"CHICAGO NORTHERLY ISLAND, IL US",22.2,12.8,2021-10-20,22.57,11.27
4577,USC00111550,"CHICAGO NORTHERLY ISLAND, IL US",18.9,9.4,2021-10-21,17.48,8.71
4578,USC00111550,"CHICAGO NORTHERLY ISLAND, IL US",12.8,8.3,2021-10-22,12.91,6.55
4579,USC00111550,"CHICAGO NORTHERLY ISLAND, IL US",11.7,7.8,2021-10-23,12.8,4.54
4580,USC00111550,"CHICAGO NORTHERLY ISLAND, IL US",11.1,9.4,2021-10-24,10.66,4.85
4581,USC00111550,"CHICAGO NORTHERLY ISLAND, IL US",11.7,9.4,2021-10-25,11.97,8.43
4582,USC00111550,"CHICAGO NORTHERLY ISLAND, IL US",13.3,9.4,2021-10-26,13.34,5.87
4583,USC00111550,"CHICAGO NORTHERLY ISLAND, IL US",12.2,6.7,2021-10-27,13.32,3.72
4584,USC00111550,"CHICAGO NORTHERLY ISLAND, IL US",13.3,9.4,2021-10-28,13.5,8.05
4585,USC00111550,"CHICAGO NORTHERLY ISLAND, IL US",13.3,11.7,2021-10-29,13.26,11.52
4586,USC00111550,"CHICAGO NORTHERLY ISLAND, IL US",14.4,10,2021-10-30,14.35,8.76
4587,USC00111550,"CHICAGO NORTHERLY ISLAND, IL US",12.2,5.6,2021-10-31,12.21,4.74
4588,USC00111550,"CHICAGO NORTHERLY ISLAND, IL US",8.9,3.3,2021-11-01,9.25,2.18
4589,USC00111550,"CHICAGO NORTHERLY ISLAND, IL US",7.8,1.7,2021-11-02,8.43,0.5
4590,USC00111550,"CHICAGO NORTHERLY ISLAND, IL US",6.7,2.2,2021-11-03,7.4,-0.55
4591,USC00111550,"CHICAGO NORTHERLY ISLAND, IL US",8.9,2.2,2021-11-04,8.9,-1.18
4592,USC00111550,"CHICAGO NORTHERLY ISLAND, IL US",11.1,2.8,2021-11-05,11.27,0.46
4593,USC00111550,"CHICAGO NORTHERLY ISLAND, IL US",15,3.9,2021-11-06,15.31,1.74
4594,USC00111550,"CHICAGO NORTHERLY ISLAND, IL US",18.3,6.7,2021-11-07,18.65,4.82
4595,USC00111550,"CHICAGO NORTHERLY ISLAND, IL US",18.3,9.4,2021-11-08,18.81,8.54
4596,USC00111550,"CHICAGO NORTHERLY ISLAND, IL US",14.4,9.4,2021-11-09,14.05,6.85
4597,USC00111550,"CHICAGO NORTHERLY ISLAND, IL US",12.2,8.9,2021-11-10,13.59,4.36
4598,USC00111550,"CHICAGO NORTHERLY ISLAND, IL US",13.9,6.1,2021-11-11,13.93,4.64
4599,USC00111550,"CHICAGO NORTHERLY ISLAND, IL US",6.7,1.7,2021-11-12,6.13,1.74
4600,USC00111550,"CHICAGO NORTHERLY ISLAND, IL US",5,0.6,2021-11-13,4.72,0.96
4601,USC00111550,"CHICAGO NORTHERLY ISLAND, IL US",3.3,0.6,2021-11-14,3.17,0.8
4602,USC00111550,"CHICAGO NORTHERLY ISLAND, IL US",2.8,0,2021-11-15,2.05,-1.02
4603,USC00111550,"CHICAGO NORTHERLY ISLAND, IL US",13.9,1.7,2021-11-16,13.86,-0.47
4604,USC00111550,"CHICAGO NORTHERLY ISLAND, IL US",16.1,5,2021-11-17,16.42,3.63
4605,USC00111550,"CHICAGO NORTHERLY ISLAND, IL US",5.6,0.6,2021-11-18,4.65,0.49
4606,USC00111550,"CHICAGO NORTHERLY ISLAND, IL US",4.4,-1.7,2021-11-19,4.59,-2.57
4607,USC00111550,"CHICAGO NORTHERLY ISLAND, IL US",9.4,2.2,2021-11-20,9.85,1.11
4608,USC00111550,"CHICAGO NORTHERLY ISLAND, IL US",12.2,0,2021-11-21,12.7,-0.41
4609,USC00111550,"CHICAGO NORTHERLY ISLAND, IL US",2.8,-3.3,2021-11-22,2.73,-3.92
4610,USC00111550,"CHICAGO NORTHERLY ISLAND, IL US",6.1,-2.2,2021-11-23,6.16,-4.56
4611,USC00111550,"CHICAGO NORTHERLY ISLAND, IL US",11.1,2.8,2021-11-24,11.26,1.22
4612,USC00111550,"CHICAGO NORTHERLY ISLAND, IL US",8.9,-3.9,2021-11-25,8.87,-2.78
4613,USC00111550,"CHICAGO NORTHERLY ISLAND, IL US",-0.6,-6.7,2021-11-26,-0.54,-6.97
4614,USC00111550,"CHICAGO NORTHERLY ISLAND, IL US",5,-1.7,2021-11-27,5.14,-2.46
4615,USC00111550,"CHICAGO NORTHERLY ISLAND, IL US",4.4,-0.6,2021-11-28,4.35,-2.08
4616,USC00111550,"CHICAGO NORTHERLY ISLAND, IL US",4.4,-1.7,2021-11-29,4.91,-3.28
4617,USC00111550,"CHICAGO NORTHERLY ISLAND, IL US",11.1,2.2,2021-11-30,11.58,0.24
4618,USC00111550,"CHICAGO NORTHERLY ISLAND, IL US",8.9,3.3,2021-12-01,9.34,0.89
4619,USC00111550,"CHICAGO NORTHERLY ISLAND, IL US",13.9,5.6,2021-12-02,14.5,5.27
4620,USC00111550,"CHICAGO NORTHERLY ISLAND, IL US",8.3,3.9,2021-12-03,9.64,3.19
4621,USC00111550,"CHICAGO NORTHERLY ISLAND, IL US",6.1,0.6,2021-12-04,6.65,-0.07
4622,USC00111550,"CHICAGO NORTHERLY ISLAND, IL US",5.6,1.1,2021-12-05,6.02,1.08
4623,USC00111550,"CHICAGO NORTHERLY ISLAND, IL US",3.9,-8.9,2021-12-06,3.55,-7.93
4624,USC00111550,"CHICAGO NORTHERLY ISLAND, IL US",-3.9,-10.6,2021-12-07,-3.74,-10.76
4625,USC00111550,"CHICAGO NORTHERLY ISLAND, IL US",1.7,-5,2021-12-08,1.6,-5.8
4626,USC00111550,"CHICAGO NORTHERLY ISLAND, IL US",7.8,-1.7,2021-12-09,7.74,-3.43
4627,USC00111550,"CHICAGO NORTHERLY ISLAND, IL US",15.6,2.8,2021-12-10,14.87,0.7
4628,USC00111550,"CHICAGO NORTHERLY ISLAND, IL US",15,0.6,2021-12-11,13.05,-0.04
4629,USC00111550,"CHICAGO NORTHERLY ISLAND, IL US",9.4,0.6,2021-12-12,9.59,-0.35
4630,USC00111550,"CHICAGO NORTHERLY ISLAND, IL US",9.4,1.1,2021-12-13,9.9,0.77
4631,USC00111550,"CHICAGO NORTHERLY ISLAND, IL US",11.1,1.1,2021-12-14,12.03,0.15
4632,USC00111550,"CHICAGO NORTHERLY ISLAND, IL US",17.2,8.9,2021-12-15,18.21,8.28
4633,USC00111550,"CHICAGO NORTHERLY ISLAND, IL US",17.8,0.6,2021-12-16,16.72,2.03
4634,USC00111550,"CHICAGO NORTHERLY ISLAND, IL US",4.4,-1.7,2021-12-17,4.67,-2.9
4635,USC00111550,"CHICAGO NORTHERLY ISLAND, IL US",4.4,-0.6,2021-12-18,4.45,-0.44
4636,USC00111550,"CHICAGO NORTHERLY ISLAND, IL US",3.3,-1.1,2021-12-19,3.85,-1
4637,USC00111550,"CHICAGO NORTHERLY ISLAND, IL US",6.1,-1.1,2021-12-20,6.21,-1.66
4638,USC00111550,"CHICAGO NORTHERLY ISLAND, IL US",5,-2.2,2021-12-21,5.6,-3.95
4639,USC00111550,"CHICAGO NORTHERLY ISLAND, IL US",-0.6,-6.7,2021-12-22,-0.32,-6.86
4640,USC00111550,"CHICAGO NORTHERLY ISLAND, IL US",6.7,-2.2,2021-12-23,7.34,-3.55
4641,USC00111550,"CHICAGO NORTHERLY ISLAND, IL US",13.3,2.2,2021-12-24,13.89,1.05
4642,USC00111550,"CHICAGO NORTHERLY ISLAND, IL US",12.8,2.2,2021-12-25,12.5,1.33
4643,USC00111550,"CHICAGO NORTHERLY ISLAND, IL US",5,0.6,2021-12-26,5.8,-2.37
4644,USC00111550,"CHICAGO NORTHERLY ISLAND, IL US",7.2,0.6,2021-12-27,7.95,-0.33
4645,USC00111550,"CHICAGO NORTHERLY ISLAND, IL US",2.8,-1.1,2021-12-28,3,-0.4
4646,USC00111550,"CHICAGO NORTHERLY ISLAND, IL US",3.3,-1.1,2021-12-29,2.93,-0.82
4647,USC00111550,"CHICAGO NORTHERLY ISLAND, IL US",2.8,-1.1,2021-12-30,3.13,-1.36
4648,USC00111550,"CHICAGO NORTHERLY ISLAND, IL US",5,0,2021-12-31,6.73,0.2
4649,USW00094846,"CHICAGO OHARE INTERNATIONAL AIRPORT, IL US",1.7,-7.1,2021-01-01,1.28,-8.1
4650,USW00094846,"CHICAGO OHARE INTERNATIONAL AIRPORT, IL US",1.7,-2.1,2021-01-02,1.3,-2.88
4651,USW00094846,"CHICAGO OHARE INTERNATIONAL AIRPORT, IL US",0.6,-3.2,2021-01-03,0.56,-3.24
4652,USW00094846,"CHICAGO OHARE INTERNATIONAL AIRPORT, IL US",-1,-4.3,2021-01-04,-0.75,-4.76
4653,USW00094846,"CHICAGO OHARE INTERNATIONAL AIRPORT, IL US",2.8,-1.6,2021-01-05,1.6,-2.93
4654,USW00094846,"CHICAGO OHARE INTERNATIONAL AIRPORT, IL US",3.9,-0.5,2021-01-06,3.27,-2.15
4655,USW00094846,"CHICAGO OHARE INTERNATIONAL AIRPORT, IL US",3.3,0.6,2021-01-07,2.65,-0.18
4656,USW00094846,"CHICAGO OHARE INTERNATIONAL AIRPORT, IL US",2.2,-1,2021-01-08,1.64,-0.93
4657,USW00094846,"CHICAGO OHARE INTERNATIONAL AIRPORT, IL US",2.8,-2.1,2021-01-09,2.66,-3.31
4658,USW00094846,"CHICAGO OHARE INTERNATIONAL AIRPORT, IL US",-1.6,-4.3,2021-01-10,-1.05,-4.35
4659,USW00094846,"CHICAGO OHARE INTERNATIONAL AIRPORT, IL US",-1,-5.5,2021-01-11,-1.32,-6.14
4660,USW00094846,"CHICAGO OHARE INTERNATIONAL AIRPORT, IL US",2.8,-2.7,2021-01-12,2.97,-4.03
4661,USW00094846,"CHICAGO OHARE INTERNATIONAL AIRPORT, IL US",5,-0.5,2021-01-13,4.63,-2.13
4662,USW00094846,"CHICAGO OHARE INTERNATIONAL AIRPORT, IL US",4.4,0,2021-01-14,4.1,-0.79
4663,USW00094846,"CHICAGO OHARE INTERNATIONAL AIRPORT, IL US",3.9,-1,2021-01-15,3.26,-1.37
4664,USW00094846,"CHICAGO OHARE INTERNATIONAL AIRPORT, IL US",2.2,-1,2021-01-16,2.59,-1.89
4665,USW00094846,"CHICAGO OHARE INTERNATIONAL AIRPORT, IL US",1.1,-2.7,2021-01-17,0.78,-2.37
4666,USW00094846,"CHICAGO OHARE INTERNATIONAL AIRPORT, IL US",-1,-4.9,2021-01-18,-1.06,-4.7
4667,USW00094846,"CHICAGO OHARE INTERNATIONAL AIRPORT, IL US",0,-6.6,2021-01-19,-0.27,-7.2
4668,USW00094846,"CHICAGO OHARE INTERNATIONAL AIRPORT, IL US",1.1,-10.5,2021-01-20,1.38,-11.76
4669,USW00094846,"CHICAGO OHARE INTERNATIONAL AIRPORT, IL US",3.9,-1,2021-01-21,4.62,-5.19
4670,USW00094846,"CHICAGO OHARE INTERNATIONAL AIRPORT, IL US",-1,-11,2021-01-22,-3.07,-11
4671,USW00094846,"CHICAGO OHARE INTERNATIONAL AIRPORT, IL US",-1,-12.1,2021-01-23,-1.48,-13.84
4672,USW00094846,"CHICAGO OHARE INTERNATIONAL AIRPORT, IL US",1.1,-2.7,2021-01-24,0.9,-7.52
4673,USW00094846,"CHICAGO OHARE INTERNATIONAL AIRPORT, IL US",1.1,-2.1,2021-01-25,0.95,-3.72
4674,USW00094846,"CHICAGO OHARE INTERNATIONAL AIRPORT, IL US",0,-3.8,2021-01-26,-0.12,-3.66
4675,USW00094846,"CHICAGO OHARE INTERNATIONAL AIRPORT, IL US",-2.7,-9.9,2021-01-27,-2.44,-9.46
4676,USW00094846,"CHICAGO OHARE INTERNATIONAL AIRPORT, IL US",-3.2,-13.2,2021-01-28,-3.79,-13.97
4677,USW00094846,"CHICAGO OHARE INTERNATIONAL AIRPORT, IL US",0,-8.8,2021-01-29,-0.12,-11.96
4678,USW00094846,"CHICAGO OHARE INTERNATIONAL AIRPORT, IL US",1.1,-1.6,2021-01-30,0.91,-5.65
4679,USW00094846,"CHICAGO OHARE INTERNATIONAL AIRPORT, IL US",0,-1,2021-01-31,0.26,-1.55
4680,USW00094846,"CHICAGO OHARE INTERNATIONAL AIRPORT, IL US",0.6,-5.5,2021-02-01,0.62,-5.46
4681,USW00094846,"CHICAGO OHARE INTERNATIONAL AIRPORT, IL US",0.6,-6,2021-02-02,0.34,-7.42
4682,USW00094846,"CHICAGO OHARE INTERNATIONAL AIRPORT, IL US",2.2,-8.2,2021-02-03,2.13,-10.6
4683,USW00094846,"CHICAGO OHARE INTERNATIONAL AIRPORT, IL US",3.9,-7.1,2021-02-04,3.17,-8.92
4684,USW00094846,"CHICAGO OHARE INTERNATIONAL AIRPORT, IL US",-7.1,-13.2,2021-02-05,-7.8,-13.41
4685,USW00094846,"CHICAGO OHARE INTERNATIONAL AIRPORT, IL US",-11,-16.6,2021-02-06,-10.76,-16.65
4686,USW00094846,"CHICAGO OHARE INTERNATIONAL AIRPORT, IL US",-14.9,-21.6,2021-02-07,-14.96,-22.26
4687,USW00094846,"CHICAGO OHARE INTERNATIONAL AIRPORT, IL US",-9.3,-17.1,2021-02-08,-10.15,-19.31
4688,USW00094846,"CHICAGO OHARE INTERNATIONAL AIRPORT, IL US",-7.7,-17.7,2021-02-09,-8.31,-17.99
4689,USW00094846,"CHICAGO OHARE INTERNATIONAL AIRPORT, IL US",-8.8,-14.3,2021-02-10,-8.88,-16.23
4690,USW00094846,"CHICAGO OHARE INTERNATIONAL AIRPORT, IL US",-6,-16.6,2021-02-11,-6.22,-16.41
4691,USW00094846,"CHICAGO OHARE INTERNATIONAL AIRPORT, IL US",-8.2,-13.8,2021-02-12,-8.05,-14.74
4692,USW00094846,"CHICAGO OHARE INTERNATIONAL AIRPORT, IL US",-11,-18.2,2021-02-13,-11.31,-18.03
4693,USW00094846,"CHICAGO OHARE INTERNATIONAL AIRPORT, IL US",-15.5,-20.5,2021-02-14,-15.15,-20.85
4694,USW00094846,"CHICAGO OHARE INTERNATIONAL AIRPORT, IL US",-11,-17.7,2021-02-15,-10.84,-18.65
4695,USW00094846,"CHICAGO OHARE INTERNATIONAL AIRPORT, IL US",-6.6,-13.8,2021-02-16,-6.31,-16.01
4696,USW00094846,"CHICAGO OHARE INTERNATIONAL AIRPORT, IL US",-2.7,-14.3,2021-02-17,-4.6,-16.12
4697,USW00094846,"CHICAGO OHARE INTERNATIONAL AIRPORT, IL US",-3.2,-8.2,2021-02-18,-3.31,-13.05
4698,USW00094846,"CHICAGO OHARE INTERNATIONAL AIRPORT, IL US",-6.6,-13.8,2021-02-19,-6.15,-14.66
4699,USW00094846,"CHICAGO OHARE INTERNATIONAL AIRPORT, IL US",-1.6,-14.9,2021-02-20,-1.84,-17.6
4700,USW00094846,"CHICAGO OHARE INTERNATIONAL AIRPORT, IL US",2.8,-8.2,2021-02-21,2.79,-12.44
4701,USW00094846,"CHICAGO OHARE INTERNATIONAL AIRPORT, IL US",4.4,-3.2,2021-02-22,4.13,-4.54
4702,USW00094846,"CHICAGO OHARE INTERNATIONAL AIRPORT, IL US",8.3,2.8,2021-02-23,7.68,0.05
4703,USW00094846,"CHICAGO OHARE INTERNATIONAL AIRPORT, IL US",7.2,0,2021-02-24,6.87,-0.06
4704,USW00094846,"CHICAGO OHARE INTERNATIONAL AIRPORT, IL US",4.4,-2.7,2021-02-25,4.71,-5.43
4705,USW00094846,"CHICAGO OHARE INTERNATIONAL AIRPORT, IL US",6.1,-4.3,2021-02-26,5.54,-5.74
4706,USW00094846,"CHICAGO OHARE INTERNATIONAL AIRPORT, IL US",11.1,0.6,2021-02-27,10.42,-1.35
4707,USW00094846,"CHICAGO OHARE INTERNATIONAL AIRPORT, IL US",9.4,1.1,2021-02-28,8.92,0.52
4708,USW00094846,"CHICAGO OHARE INTERNATIONAL AIRPORT, IL US",1.7,-4.3,2021-03-01,1.25,-5.16
4709,USW00094846,"CHICAGO OHARE INTERNATIONAL AIRPORT, IL US",6.1,-5.5,2021-03-02,5.85,-7.92
4710,USW00094846,"CHICAGO OHARE INTERNATIONAL AIRPORT, IL US",15,0.6,2021-03-03,13.06,-1.88
4711,USW00094846,"CHICAGO OHARE INTERNATIONAL AIRPORT, IL US",2.8,-2.7,2021-03-04,3.08,-2.66
4712,USW00094846,"CHICAGO OHARE INTERNATIONAL AIRPORT, IL US",9.4,-4.3,2021-03-05,8.45,-5.24
4713,USW00094846,"CHICAGO OHARE INTERNATIONAL AIRPORT, IL US",8.9,-3.2,2021-03-06,7.92,-4.51
4714,USW00094846,"CHICAGO OHARE INTERNATIONAL AIRPORT, IL US",11.1,-3.2,2021-03-07,10.51,-4.96
4715,USW00094846,"CHICAGO OHARE INTERNATIONAL AIRPORT, IL US",16.7,6.7,2021-03-08,16.87,2.1
4716,USW00094846,"CHICAGO OHARE INTERNATIONAL AIRPORT, IL US",20.6,4.4,2021-03-09,19.68,3.25
4717,USW00094846,"CHICAGO OHARE INTERNATIONAL AIRPORT, IL US",20.6,13.9,2021-03-10,20.21,10.27
4718,USW00094846,"CHICAGO OHARE INTERNATIONAL AIRPORT, IL US",17.8,5.6,2021-03-11,15.9,5.86
4719,USW00094846,"CHICAGO OHARE INTERNATIONAL AIRPORT, IL US",12.2,2.8,2021-03-12,11.68,1.04
4720,USW00094846,"CHICAGO OHARE INTERNATIONAL AIRPORT, IL US",15,-0.5,2021-03-13,14.7,-1.8
4721,USW00094846,"CHICAGO OHARE INTERNATIONAL AIRPORT, IL US",8.9,2.2,2021-03-14,8.42,1.24
4722,USW00094846,"CHICAGO OHARE INTERNATIONAL AIRPORT, IL US",4.4,-1.6,2021-03-15,3.05,-0.81
4723,USW00094846,"CHICAGO OHARE INTERNATIONAL AIRPORT, IL US",3.3,0.6,2021-03-16,3.07,-0.42
4724,USW00094846,"CHICAGO OHARE INTERNATIONAL AIRPORT, IL US",3.9,1.1,2021-03-17,4.05,0.44
4725,USW00094846,"CHICAGO OHARE INTERNATIONAL AIRPORT, IL US",6.1,2.2,2021-03-18,6.23,1.59
4726,USW00094846,"CHICAGO OHARE INTERNATIONAL AIRPORT, IL US",7.2,0,2021-03-19,7.3,-0.32
4727,USW00094846,"CHICAGO OHARE INTERNATIONAL AIRPORT, IL US",14.4,-2.1,2021-03-20,13.27,-2.69
4728,USW00094846,"CHICAGO OHARE INTERNATIONAL AIRPORT, IL US",18.3,2.8,2021-03-21,18.13,0.64
4729,USW00094846,"CHICAGO OHARE INTERNATIONAL AIRPORT, IL US",20,7.8,2021-03-22,19.86,5.51
4730,USW00094846,"CHICAGO OHARE INTERNATIONAL AIRPORT, IL US",17.8,10,2021-03-23,17.26,8.15
4731,USW00094846,"CHICAGO OHARE INTERNATIONAL AIRPORT, IL US",14.4,7.8,2021-03-24,14.15,8.66
4732,USW00094846,"CHICAGO OHARE INTERNATIONAL AIRPORT, IL US",10,3.3,2021-03-25,9.25,3.66
4733,USW00094846,"CHICAGO OHARE INTERNATIONAL AIRPORT, IL US",7.2,1.7,2021-03-26,6.13,1.55
4734,USW00094846,"CHICAGO OHARE INTERNATIONAL AIRPORT, IL US",18.9,2.2,2021-03-27,16.97,1.76
4735,USW00094846,"CHICAGO OHARE INTERNATIONAL AIRPORT, IL US",10.6,1.7,2021-03-28,10.17,1.3
4736,USW00094846,"CHICAGO OHARE INTERNATIONAL AIRPORT, IL US",16.7,-0.5,2021-03-29,16.45,-1.59
4737,USW00094846,"CHICAGO OHARE INTERNATIONAL AIRPORT, IL US",20,6.7,2021-03-30,19.93,4.11
4738,USW00094846,"CHICAGO OHARE INTERNATIONAL AIRPORT, IL US",6.7,0,2021-03-31,6.54,0.26
4739,USW00094846,"CHICAGO OHARE INTERNATIONAL AIRPORT, IL US",4.4,-4.3,2021-04-01,4.44,-4.29
4740,USW00094846,"CHICAGO OHARE INTERNATIONAL AIRPORT, IL US",10.6,-3.2,2021-04-02,10.07,-5.1
4741,USW00094846,"CHICAGO OHARE INTERNATIONAL AIRPORT, IL US",21.7,4.4,2021-04-03,21.37,0.67
4742,USW00094846,"CHICAGO OHARE INTERNATIONAL AIRPORT, IL US",24.4,6.1,2021-04-04,23.96,4.19
4743,USW00094846,"CHICAGO OHARE INTERNATIONAL AIRPORT, IL US",24.4,15.6,2021-04-05,24.43,11.23
4744,USW00094846,"CHICAGO OHARE INTERNATIONAL AIRPORT, IL US",27.2,15,2021-04-06,27.14,13.78
4745,USW00094846,"CHICAGO OHARE INTERNATIONAL AIRPORT, IL US",27.8,15.6,2021-04-07,27.09,13.99
4746,USW00094846,"CHICAGO OHARE INTERNATIONAL AIRPORT, IL US",20.6,11.1,2021-04-08,18.71,11.7
4747,USW00094846,"CHICAGO OHARE INTERNATIONAL AIRPORT, IL US",16.7,10.6,2021-04-09,16.57,9.5
4748,USW00094846,"CHICAGO OHARE INTERNATIONAL AIRPORT, IL US",12.8,8.3,2021-04-10,13.18,7.41
4749,USW00094846,"CHICAGO OHARE INTERNATIONAL AIRPORT, IL US",13.3,7.2,2021-04-11,13.3,6.23
4750,USW00094846,"CHICAGO OHARE INTERNATIONAL AIRPORT, IL US",16.7,8.9,2021-04-12,17.28,7.86
4751,USW00094846,"CHICAGO OHARE INTERNATIONAL AIRPORT, IL US",12.2,5.6,2021-04-13,12.44,5.17
4752,USW00094846,"CHICAGO OHARE INTERNATIONAL AIRPORT, IL US",10.6,2.2,2021-04-14,10.42,1.41
4753,USW00094846,"CHICAGO OHARE INTERNATIONAL AIRPORT, IL US",13.3,3.9,2021-04-15,12.44,3
4754,USW00094846,"CHICAGO OHARE INTERNATIONAL AIRPORT, IL US",13.9,3.3,2021-04-16,12.74,2.64
4755,USW00094846,"CHICAGO OHARE INTERNATIONAL AIRPORT, IL US",13.3,1.7,2021-04-17,13.06,1.36
4756,USW00094846,"CHICAGO OHARE INTERNATIONAL AIRPORT, IL US",16.7,3.9,2021-04-18,16.81,2.46
4757,USW00094846,"CHICAGO OHARE INTERNATIONAL AIRPORT, IL US",11.1,4.4,2021-04-19,11.41,4.34
4758,USW00094846,"CHICAGO OHARE INTERNATIONAL AIRPORT, IL US",6.1,1.1,2021-04-20,5.82,0.84
4759,USW00094846,"CHICAGO OHARE INTERNATIONAL AIRPORT, IL US",10,0.6,2021-04-21,9.07,-0.08
4760,USW00094846,"CHICAGO OHARE INTERNATIONAL AIRPORT, IL US",15.6,0,2021-04-22,15.56,-1.87
4761,USW00094846,"CHICAGO OHARE INTERNATIONAL AIRPORT, IL US",16.7,6.1,2021-04-23,16.41,3.62
4762,USW00094846,"CHICAGO OHARE INTERNATIONAL AIRPORT, IL US",17.8,6.7,2021-04-24,16.64,6.83
4763,USW00094846,"CHICAGO OHARE INTERNATIONAL AIRPORT, IL US",8.3,3.9,2021-04-25,8.83,3.83
4764,USW00094846,"CHICAGO OHARE INTERNATIONAL AIRPORT, IL US",26.1,4.4,2021-04-26,25.51,3.98
4765,USW00094846,"CHICAGO OHARE INTERNATIONAL AIRPORT, IL US",30.6,10,2021-04-27,29.93,9.34
4766,USW00094846,"CHICAGO OHARE INTERNATIONAL AIRPORT, IL US",10.6,7.8,2021-04-28,13.2,7.69
4767,USW00094846,"CHICAGO OHARE INTERNATIONAL AIRPORT, IL US",21.7,8.9,2021-04-29,19.58,7.98
4768,USW00094846,"CHICAGO OHARE INTERNATIONAL AIRPORT, IL US",13.3,5.6,2021-04-30,13.66,5.37
4769,USW00094846,"CHICAGO OHARE INTERNATIONAL AIRPORT, IL US",29.4,5.6,2021-05-01,28.72,4.82
4770,USW00094846,"CHICAGO OHARE INTERNATIONAL AIRPORT, IL US",29.4,17.2,2021-05-02,29.02,13.47
4771,USW00094846,"CHICAGO OHARE INTERNATIONAL AIRPORT, IL US",22.8,14.4,2021-05-03,22.28,14.1
4772,USW00094846,"CHICAGO OHARE INTERNATIONAL AIRPORT, IL US",14.4,7.2,2021-05-04,13.66,8.64
4773,USW00094846,"CHICAGO OHARE INTERNATIONAL AIRPORT, IL US",16.1,5,2021-05-05,15.25,4.03
4774,USW00094846,"CHICAGO OHARE INTERNATIONAL AIRPORT, IL US",13.3,6.7,2021-05-06,13.08,6.18
4775,USW00094846,"CHICAGO OHARE INTERNATIONAL AIRPORT, IL US",15.6,3.9,2021-05-07,14.91,4.11
4776,USW00094846,"CHICAGO OHARE INTERNATIONAL AIRPORT, IL US",12.2,2.8,2021-05-08,11.61,1.42
4777,USW00094846,"CHICAGO OHARE INTERNATIONAL AIRPORT, IL US",13.9,4.4,2021-05-09,13.59,3.74
4778,USW00094846,"CHICAGO OHARE INTERNATIONAL AIRPORT, IL US",11.1,3.9,2021-05-10,11.19,3.35
4779,USW00094846,"CHICAGO OHARE INTERNATIONAL AIRPORT, IL US",13.3,2.2,2021-05-11,11.96,1.58
4780,USW00094846,"CHICAGO OHARE INTERNATIONAL AIRPORT, IL US",16.7,2.8,2021-05-12,15.92,1.68
4781,USW00094846,"CHICAGO OHARE INTERNATIONAL AIRPORT, IL US",21.1,5,2021-05-13,20.47,3.52
4782,USW00094846,"CHICAGO OHARE INTERNATIONAL AIRPORT, IL US",21.7,8.9,2021-05-14,22.07,6.52
4783,USW00094846,"CHICAGO OHARE INTERNATIONAL AIRPORT, IL US",16.7,12.8,2021-05-15,16.23,10.52
4784,USW00094846,"CHICAGO OHARE INTERNATIONAL AIRPORT, IL US",22.2,12.8,2021-05-16,21.88,10.79
4785,USW00094846,"CHICAGO OHARE INTERNATIONAL AIRPORT, IL US",21.1,13.3,2021-05-17,20.73,12.35
4786,USW00094846,"CHICAGO OHARE INTERNATIONAL AIRPORT, IL US",24.4,14.4,2021-05-18,23.43,13.28
4787,USW00094846,"CHICAGO OHARE INTERNATIONAL AIRPORT, IL US",23.9,18.3,2021-05-19,23.84,16.49
4788,USW00094846,"CHICAGO OHARE INTERNATIONAL AIRPORT, IL US",30,18.9,2021-05-20,29.15,17.32
4789,USW00094846,"CHICAGO OHARE INTERNATIONAL AIRPORT, IL US",30,20.6,2021-05-21,29.64,18.54
4790,USW00094846,"CHICAGO OHARE INTERNATIONAL AIRPORT, IL US",31.1,21.1,2021-05-22,30.56,18.72
4791,USW00094846,"CHICAGO OHARE INTERNATIONAL AIRPORT, IL US",27.8,13.3,2021-05-23,27.3,15.62
4792,USW00094846,"CHICAGO OHARE INTERNATIONAL AIRPORT, IL US",32.2,13.3,2021-05-24,31.06,13.19
4793,USW00094846,"CHICAGO OHARE INTERNATIONAL AIRPORT, IL US",29.4,20,2021-05-25,29.51,19.37
4794,USW00094846,"CHICAGO OHARE INTERNATIONAL AIRPORT, IL US",27.8,13.3,2021-05-26,27.47,14.8
4795,USW00094846,"CHICAGO OHARE INTERNATIONAL AIRPORT, IL US",15,9.4,2021-05-27,15.71,10.27
4796,USW00094846,"CHICAGO OHARE INTERNATIONAL AIRPORT, IL US",9.4,6.7,2021-05-28,9.93,6.72
4797,USW00094846,"CHICAGO OHARE INTERNATIONAL AIRPORT, IL US",15.6,7.2,2021-05-29,15.96,5.56
4798,USW00094846,"CHICAGO OHARE INTERNATIONAL AIRPORT, IL US",20.6,5.6,2021-05-30,20.72,3.58
4799,USW00094846,"CHICAGO OHARE INTERNATIONAL AIRPORT, IL US",21.1,12.2,2021-05-31,21.18,9.59
4800,USW00094846,"CHICAGO OHARE INTERNATIONAL AIRPORT, IL US",25,10,2021-06-01,24.61,8.69
4801,USW00094846,"CHICAGO OHARE INTERNATIONAL AIRPORT, IL US",25.6,12.8,2021-06-02,25.33,10.93
4802,USW00094846,"CHICAGO OHARE INTERNATIONAL AIRPORT, IL US",30.6,13.3,2021-06-03,30.3,11.76
4803,USW00094846,"CHICAGO OHARE INTERNATIONAL AIRPORT, IL US",32.8,21.7,2021-06-04,32.7,18.84
4804,USW00094846,"CHICAGO OHARE INTERNATIONAL AIRPORT, IL US",33.3,20.6,2021-06-05,33.03,19.79
4805,USW00094846,"CHICAGO OHARE INTERNATIONAL AIRPORT, IL US",31.7,22.2,2021-06-06,31.19,20.98
4806,USW00094846,"CHICAGO OHARE INTERNATIONAL AIRPORT, IL US",26.7,21.7,2021-06-07,26.96,21.35
4807,USW00094846,"CHICAGO OHARE INTERNATIONAL AIRPORT, IL US",32.8,21.7,2021-06-08,30.83,20.23
4808,USW00094846,"CHICAGO OHARE INTERNATIONAL AIRPORT, IL US",31.7,21.1,2021-06-09,30.13,19.93
4809,USW00094846,"CHICAGO OHARE INTERNATIONAL AIRPORT, IL US",32.2,18.9,2021-06-10,30.69,18.78
4810,USW00094846,"CHICAGO OHARE INTERNATIONAL AIRPORT, IL US",33.3,21.7,2021-06-11,32.34,19.93
4811,USW00094846,"CHICAGO OHARE INTERNATIONAL AIRPORT, IL US",33.9,20,2021-06-12,31.98,20.02
4812,USW00094846,"CHICAGO OHARE INTERNATIONAL AIRPORT, IL US",30.6,18.9,2021-06-13,29.75,18.18
4813,USW00094846,"CHICAGO OHARE INTERNATIONAL AIRPORT, IL US",28.3,18.3,2021-06-14,27.49,17.71
4814,USW00094846,"CHICAGO OHARE INTERNATIONAL AIRPORT, IL US",25,15,2021-06-15,25.29,14.71
4815,USW00094846,"CHICAGO OHARE INTERNATIONAL AIRPORT, IL US",25,13.3,2021-06-16,25.05,12.75
4816,USW00094846,"CHICAGO OHARE INTERNATIONAL AIRPORT, IL US",31.1,14.4,2021-06-17,31.17,12.62
4817,USW00094846,"CHICAGO OHARE INTERNATIONAL AIRPORT, IL US",32.2,19.4,2021-06-18,31.84,18.48
4818,USW00094846,"CHICAGO OHARE INTERNATIONAL AIRPORT, IL US",32.2,17.8,2021-06-19,31.72,18.31
4819,USW00094846,"CHICAGO OHARE INTERNATIONAL AIRPORT, IL US",27.8,16.7,2021-06-20,27.65,16.45
4820,USW00094846,"CHICAGO OHARE INTERNATIONAL AIRPORT, IL US",22.2,13.3,2021-06-21,22.69,14.51
4821,USW00094846,"CHICAGO OHARE INTERNATIONAL AIRPORT, IL US",22.8,12.2,2021-06-22,23.12,10.93
4822,USW00094846,"CHICAGO OHARE INTERNATIONAL AIRPORT, IL US",26.1,17.2,2021-06-23,26.2,15.84
4823,USW00094846,"CHICAGO OHARE INTERNATIONAL AIRPORT, IL US",24.4,20,2021-06-24,24.37,18.75
4824,USW00094846,"CHICAGO OHARE INTERNATIONAL AIRPORT, IL US",25,21.1,2021-06-25,25.54,20.27
4825,USW00094846,"CHICAGO OHARE INTERNATIONAL AIRPORT, IL US",27.8,21.1,2021-06-26,27.68,21.13
4826,USW00094846,"CHICAGO OHARE INTERNATIONAL AIRPORT, IL US",28.3,20,2021-06-27,27.94,19.94
4827,USW00094846,"CHICAGO OHARE INTERNATIONAL AIRPORT, IL US",27.8,18.9,2021-06-28,26.95,18.31
4828,USW00094846,"CHICAGO OHARE INTERNATIONAL AIRPORT, IL US",28.9,22.2,2021-06-29,29.29,20.3
4829,USW00094846,"CHICAGO OHARE INTERNATIONAL AIRPORT, IL US",28.3,21.1,2021-06-30,27.96,20.86
4830,USW00094846,"CHICAGO OHARE INTERNATIONAL AIRPORT, IL US",24.4,15,2021-07-01,24.52,16.4
4831,USW00094846,"CHICAGO OHARE INTERNATIONAL AIRPORT, IL US",22.8,13.9,2021-07-02,22.91,13.98
4832,USW00094846,"CHICAGO OHARE INTERNATIONAL AIRPORT, IL US",30,15,2021-07-03,29.6,13.78
4833,USW00094846,"CHICAGO OHARE INTERNATIONAL AIRPORT, IL US",31.7,21.1,2021-07-04,31.56,19.08
4834,USW00094846,"CHICAGO OHARE INTERNATIONAL AIRPORT, IL US",32.8,22.8,2021-07-05,32.31,22.04
4835,USW00094846,"CHICAGO OHARE INTERNATIONAL AIRPORT, IL US",32.8,25,2021-07-06,32.42,23.78
4836,USW00094846,"CHICAGO OHARE INTERNATIONAL AIRPORT, IL US",31.7,19.4,2021-07-07,31.25,20.11
4837,USW00094846,"CHICAGO OHARE INTERNATIONAL AIRPORT, IL US",20,16.1,2021-07-08,20.02,16.22
4838,USW00094846,"CHICAGO OHARE INTERNATIONAL AIRPORT, IL US",24.4,15,2021-07-09,23.8,13.76
4839,USW00094846,"CHICAGO OHARE INTERNATIONAL AIRPORT, IL US",24.4,17.2,2021-07-10,23.86,15.28
4840,USW00094846,"CHICAGO OHARE INTERNATIONAL AIRPORT, IL US",21.7,18.9,2021-07-11,21.05,18.03
4841,USW00094846,"CHICAGO OHARE INTERNATIONAL AIRPORT, IL US",23.3,19.4,2021-07-12,22.99,18.72
4842,USW00094846,"CHICAGO OHARE INTERNATIONAL AIRPORT, IL US",26.7,20,2021-07-13,26.76,19.71
4843,USW00094846,"CHICAGO OHARE INTERNATIONAL AIRPORT, IL US",28.9,20.6,2021-07-14,28.81,19.56
4844,USW00094846,"CHICAGO OHARE INTERNATIONAL AIRPORT, IL US",26.1,18.9,2021-07-15,26.27,19.31
4845,USW00094846,"CHICAGO OHARE INTERNATIONAL AIRPORT, IL US",22.8,18.3,2021-07-16,23.18,18.55
4846,USW00094846,"CHICAGO OHARE INTERNATIONAL AIRPORT, IL US",25,17.8,2021-07-17,25.09,18.25
4847,USW00094846,"CHICAGO OHARE INTERNATIONAL AIRPORT, IL US",27.8,17.2,2021-07-18,27.49,17.51
4848,USW00094846,"CHICAGO OHARE INTERNATIONAL AIRPORT, IL US",29.4,17.8,2021-07-19,28.47,17.04
4849,USW00094846,"CHICAGO OHARE INTERNATIONAL AIRPORT, IL US",31.1,19.4,2021-07-20,30.65,18.06
4850,USW00094846,"CHICAGO OHARE INTERNATIONAL AIRPORT, IL US",23.9,18.3,2021-07-21,23.95,17.78
4851,USW00094846,"CHICAGO OHARE INTERNATIONAL AIRPORT, IL US",30,17.8,2021-07-22,29.23,16.84
4852,USW00094846,"CHICAGO OHARE INTERNATIONAL AIRPORT, IL US",31.7,23.3,2021-07-23,31.62,21.56
4853,USW00094846,"CHICAGO OHARE INTERNATIONAL AIRPORT, IL US",33.3,23.9,2021-07-24,33.12,22.98
4854,USW00094846,"CHICAGO OHARE INTERNATIONAL AIRPORT, IL US",32.2,22.2,2021-07-25,31.91,21.13
4855,USW00094846,"CHICAGO OHARE INTERNATIONAL AIRPORT, IL US",34.4,21.1,2021-07-26,33.16,19.04
4856,USW00094846,"CHICAGO OHARE INTERNATIONAL AIRPORT, IL US",30.6,21.7,2021-07-27,30.71,20.43
4857,USW00094846,"CHICAGO OHARE INTERNATIONAL AIRPORT, IL US",31.1,21.1,2021-07-28,31.51,21.41
4858,USW00094846,"CHICAGO OHARE INTERNATIONAL AIRPORT, IL US",31.7,20.6,2021-07-29,31.15,20.68
4859,USW00094846,"CHICAGO OHARE INTERNATIONAL AIRPORT, IL US",22.8,18.3,2021-07-30,23.62,17.57
4860,USW00094846,"CHICAGO OHARE INTERNATIONAL AIRPORT, IL US",26.7,16.1,2021-07-31,26.3,15.22
4861,USW00094846,"CHICAGO OHARE INTERNATIONAL AIRPORT, IL US",24.4,16.7,2021-08-01,24.83,16.53
4862,USW00094846,"CHICAGO OHARE INTERNATIONAL AIRPORT, IL US",25.6,15.6,2021-08-02,25.27,14.85
4863,USW00094846,"CHICAGO OHARE INTERNATIONAL AIRPORT, IL US",28.3,16.7,2021-08-03,27.54,15.6
4864,USW00094846,"CHICAGO OHARE INTERNATIONAL AIRPORT, IL US",29.4,17.8,2021-08-04,28.51,16.24
4865,USW00094846,"CHICAGO OHARE INTERNATIONAL AIRPORT, IL US",30.6,18.9,2021-08-05,29.74,17.28
4866,USW00094846,"CHICAGO OHARE INTERNATIONAL AIRPORT, IL US",28.3,18.9,2021-08-06,28.27,18.58
4867,USW00094846,"CHICAGO OHARE INTERNATIONAL AIRPORT, IL US",31.7,19.4,2021-08-07,31.12,18.92
4868,USW00094846,"CHICAGO OHARE INTERNATIONAL AIRPORT, IL US",33.3,21.7,2021-08-08,32.77,21.35
4869,USW00094846,"CHICAGO OHARE INTERNATIONAL AIRPORT, IL US",28.3,21.1,2021-08-09,27.36,21.37
4870,USW00094846,"CHICAGO OHARE INTERNATIONAL AIRPORT, IL US",33.9,21.1,2021-08-10,33.39,20.85
4871,USW00094846,"CHICAGO OHARE INTERNATIONAL AIRPORT, IL US",31.1,22.2,2021-08-11,31.15,21.79
4872,USW00094846,"CHICAGO OHARE INTERNATIONAL AIRPORT, IL US",29.4,22.2,2021-08-12,29.49,21.66
4873,USW00094846,"CHICAGO OHARE INTERNATIONAL AIRPORT, IL US",28.9,21.1,2021-08-13,27.42,20.31
4874,USW00094846,"CHICAGO OHARE INTERNATIONAL AIRPORT, IL US",26.7,16.7,2021-08-14,26.3,15.97
4875,USW00094846,"CHICAGO OHARE INTERNATIONAL AIRPORT, IL US",26.7,15.6,2021-08-15,26.58,14.65
4876,USW00094846,"CHICAGO OHARE INTERNATIONAL AIRPORT, IL US",26.7,17.2,2021-08-16,26.39,15.5
4877,USW00094846,"CHICAGO OHARE INTERNATIONAL AIRPORT, IL US",28.9,18.9,2021-08-17,27.99,17.27
4878,USW00094846,"CHICAGO OHARE INTERNATIONAL AIRPORT, IL US",30,21.1,2021-08-18,29.4,19.96
4879,USW00094846,"CHICAGO OHARE INTERNATIONAL AIRPORT, IL US",31.1,22.2,2021-08-19,30.07,20.87
4880,USW00094846,"CHICAGO OHARE INTERNATIONAL AIRPORT, IL US",32.8,21.1,2021-08-20,31.13,20.62
4881,USW00094846,"CHICAGO OHARE INTERNATIONAL AIRPORT, IL US",31.1,22.8,2021-08-21,30.91,21.94
4882,USW00094846,"CHICAGO OHARE INTERNATIONAL AIRPORT, IL US",28.3,21.1,2021-08-22,28.13,20.11
4883,USW00094846,"CHICAGO OHARE INTERNATIONAL AIRPORT, IL US",30.6,19.4,2021-08-23,30.25,18.06
4884,USW00094846,"CHICAGO OHARE INTERNATIONAL AIRPORT, IL US",35,22.2,2021-08-24,34.65,20.78
4885,USW00094846,"CHICAGO OHARE INTERNATIONAL AIRPORT, IL US",34.4,21.7,2021-08-25,33.53,21.45
4886,USW00094846,"CHICAGO OHARE INTERNATIONAL AIRPORT, IL US",32.2,21.1,2021-08-26,31.23,20.4
4887,USW00094846,"CHICAGO OHARE INTERNATIONAL AIRPORT, IL US",32.8,22.8,2021-08-27,32.4,21.71
4888,USW00094846,"CHICAGO OHARE INTERNATIONAL AIRPORT, IL US",33.3,24.4,2021-08-28,33.55,23.51
4889,USW00094846,"CHICAGO OHARE INTERNATIONAL AIRPORT, IL US",31.7,22.2,2021-08-29,31.87,22.8
4890,USW00094846,"CHICAGO OHARE INTERNATIONAL AIRPORT, IL US",29.4,19.4,2021-08-30,28.77,18.65
4891,USW00094846,"CHICAGO OHARE INTERNATIONAL AIRPORT, IL US",27.8,18.9,2021-08-31,27.6,17.56
4892,USW00094846,"CHICAGO OHARE INTERNATIONAL AIRPORT, IL US",24.4,17.2,2021-09-01,24.99,17.35
4893,USW00094846,"CHICAGO OHARE INTERNATIONAL AIRPORT, IL US",25.6,16.7,2021-09-02,25.53,14.77
4894,USW00094846,"CHICAGO OHARE INTERNATIONAL AIRPORT, IL US",23.9,17.8,2021-09-03,24.2,15.7
4895,USW00094846,"CHICAGO OHARE INTERNATIONAL AIRPORT, IL US",22.8,17.2,2021-09-04,23.45,16.42
4896,USW00094846,"CHICAGO OHARE INTERNATIONAL AIRPORT, IL US",27.8,15.6,2021-09-05,28.08,14.69
4897,USW00094846,"CHICAGO OHARE INTERNATIONAL AIRPORT, IL US",27.8,16.1,2021-09-06,27.15,14.96
4898,USW00094846,"CHICAGO OHARE INTERNATIONAL AIRPORT, IL US",31.1,18.3,2021-09-07,30.91,16.46
4899,USW00094846,"CHICAGO OHARE INTERNATIONAL AIRPORT, IL US",26.1,15,2021-09-08,26.28,14.14
4900,USW00094846,"CHICAGO OHARE INTERNATIONAL AIRPORT, IL US",25,14.4,2021-09-09,24.45,13.12
4901,USW00094846,"CHICAGO OHARE INTERNATIONAL AIRPORT, IL US",26.7,15,2021-09-10,26.42,13.8
4902,USW00094846,"CHICAGO OHARE INTERNATIONAL AIRPORT, IL US",30.6,18.3,2021-09-11,30.06,16.27
4903,USW00094846,"CHICAGO OHARE INTERNATIONAL AIRPORT, IL US",30.6,20,2021-09-12,30.77,19.38
4904,USW00094846,"CHICAGO OHARE INTERNATIONAL AIRPORT, IL US",31.1,20,2021-09-13,29.76,19.57
4905,USW00094846,"CHICAGO OHARE INTERNATIONAL AIRPORT, IL US",30,18.9,2021-09-14,29.97,18.86
4906,USW00094846,"CHICAGO OHARE INTERNATIONAL AIRPORT, IL US",26.1,15,2021-09-15,25.27,14.51
4907,USW00094846,"CHICAGO OHARE INTERNATIONAL AIRPORT, IL US",27.8,13.9,2021-09-16,27.34,12.76
4908,USW00094846,"CHICAGO OHARE INTERNATIONAL AIRPORT, IL US",31.7,17.8,2021-09-17,31.47,15.36
4909,USW00094846,"CHICAGO OHARE INTERNATIONAL AIRPORT, IL US",25,18.9,2021-09-18,25.31,17.29
4910,USW00094846,"CHICAGO OHARE INTERNATIONAL AIRPORT, IL US",31.7,17.8,2021-09-19,30.76,16.95
4911,USW00094846,"CHICAGO OHARE INTERNATIONAL AIRPORT, IL US",27.8,21.1,2021-09-20,27.74,19.53
4912,USW00094846,"CHICAGO OHARE INTERNATIONAL AIRPORT, IL US",23.9,15.6,2021-09-21,21.92,16.02
4913,USW00094846,"CHICAGO OHARE INTERNATIONAL AIRPORT, IL US",17.2,13.3,2021-09-22,17.33,13.26
4914,USW00094846,"CHICAGO OHARE INTERNATIONAL AIRPORT, IL US",19.4,10.6,2021-09-23,19.8,10.53
4915,USW00094846,"CHICAGO OHARE INTERNATIONAL AIRPORT, IL US",26.1,11.1,2021-09-24,26.04,10.27
4916,USW00094846,"CHICAGO OHARE INTERNATIONAL AIRPORT, IL US",20.6,10,2021-09-25,21.1,9.6
4917,USW00094846,"CHICAGO OHARE INTERNATIONAL AIRPORT, IL US",28.3,12.2,2021-09-26,28.11,11.41
4918,USW00094846,"CHICAGO OHARE INTERNATIONAL AIRPORT, IL US",30.6,17.2,2021-09-27,30.32,15.18
4919,USW00094846,"CHICAGO OHARE INTERNATIONAL AIRPORT, IL US",22.8,15.6,2021-09-28,22.8,14.22
4920,USW00094846,"CHICAGO OHARE INTERNATIONAL AIRPORT, IL US",27.8,12.8,2021-09-29,26.8,12.55
4921,USW00094846,"CHICAGO OHARE INTERNATIONAL AIRPORT, IL US",26.7,15,2021-09-30,26.4,13.54
4922,USW00094846,"CHICAGO OHARE INTERNATIONAL AIRPORT, IL US",29.4,16.1,2021-10-01,28.99,14.34
4923,USW00094846,"CHICAGO OHARE INTERNATIONAL AIRPORT, IL US",26.7,18.9,2021-10-02,27.06,17.65
4924,USW00094846,"CHICAGO OHARE INTERNATIONAL AIRPORT, IL US",24.4,18.3,2021-10-03,24.48,18.13
4925,USW00094846,"CHICAGO OHARE INTERNATIONAL AIRPORT, IL US",22.8,17.8,2021-10-04,22.76,17.32
4926,USW00094846,"CHICAGO OHARE INTERNATIONAL AIRPORT, IL US",19.4,18.3,2021-10-05,19.45,17.84
4927,USW00094846,"CHICAGO OHARE INTERNATIONAL AIRPORT, IL US",20,17.8,2021-10-06,19.74,17.48
4928,USW00094846,"CHICAGO OHARE INTERNATIONAL AIRPORT, IL US",23.9,18.3,2021-10-07,23.26,18.01
4929,USW00094846,"CHICAGO OHARE INTERNATIONAL AIRPORT, IL US",23.9,16.7,2021-10-08,23.41,16.33
4930,USW00094846,"CHICAGO OHARE INTERNATIONAL AIRPORT, IL US",26.7,17.8,2021-10-09,26.35,16.93
4931,USW00094846,"CHICAGO OHARE INTERNATIONAL AIRPORT, IL US",26.1,21.1,2021-10-10,26.47,19.22
4932,USW00094846,"CHICAGO OHARE INTERNATIONAL AIRPORT, IL US",25,16.7,2021-10-11,25.35,17.28
4933,USW00094846,"CHICAGO OHARE INTERNATIONAL AIRPORT, IL US",18.3,13.3,2021-10-12,18.51,14.09
4934,USW00094846,"CHICAGO OHARE INTERNATIONAL AIRPORT, IL US",21.7,11.7,2021-10-13,21.88,10.71
4935,USW00094846,"CHICAGO OHARE INTERNATIONAL AIRPORT, IL US",21.7,13.3,2021-10-14,21.43,12.4
4936,USW00094846,"CHICAGO OHARE INTERNATIONAL AIRPORT, IL US",16.7,10.6,2021-10-15,16.89,9.86
4937,USW00094846,"CHICAGO OHARE INTERNATIONAL AIRPORT, IL US",15,6.7,2021-10-16,15.32,6.28
4938,USW00094846,"CHICAGO OHARE INTERNATIONAL AIRPORT, IL US",18.9,5.6,2021-10-17,19.11,4.97
4939,USW00094846,"CHICAGO OHARE INTERNATIONAL AIRPORT, IL US",22.2,7.2,2021-10-18,22.08,5.79
4940,USW00094846,"CHICAGO OHARE INTERNATIONAL AIRPORT, IL US",21.7,11.1,2021-10-19,22.07,8.54
4941,USW00094846,"CHICAGO OHARE INTERNATIONAL AIRPORT, IL US",22.2,11.7,2021-10-20,22.34,10.39
4942,USW00094846,"CHICAGO OHARE INTERNATIONAL AIRPORT, IL US",18.3,6.7,2021-10-21,16.24,8.62
4943,USW00094846,"CHICAGO OHARE INTERNATIONAL AIRPORT, IL US",13.3,5,2021-10-22,12.54,5.07
4944,USW00094846,"CHICAGO OHARE INTERNATIONAL AIRPORT, IL US",13.3,3.9,2021-10-23,12.93,2.92
4945,USW00094846,"CHICAGO OHARE INTERNATIONAL AIRPORT, IL US",10.6,3.9,2021-10-24,10.66,3.49
4946,USW00094846,"CHICAGO OHARE INTERNATIONAL AIRPORT, IL US",12.8,8.3,2021-10-25,11.88,7.17
4947,USW00094846,"CHICAGO OHARE INTERNATIONAL AIRPORT, IL US",13.9,5,2021-10-26,13.71,4.86
4948,USW00094846,"CHICAGO OHARE INTERNATIONAL AIRPORT, IL US",13.3,3.3,2021-10-27,13.58,2.79
4949,USW00094846,"CHICAGO OHARE INTERNATIONAL AIRPORT, IL US",13.9,8.9,2021-10-28,12.98,6.51
4950,USW00094846,"CHICAGO OHARE INTERNATIONAL AIRPORT, IL US",13.3,11.7,2021-10-29,12.81,11
4951,USW00094846,"CHICAGO OHARE INTERNATIONAL AIRPORT, IL US",15,7.2,2021-10-30,15.09,8.18
4952,USW00094846,"CHICAGO OHARE INTERNATIONAL AIRPORT, IL US",11.7,3.9,2021-10-31,12.17,4.12
4953,USW00094846,"CHICAGO OHARE INTERNATIONAL AIRPORT, IL US",9.4,1.7,2021-11-01,9.24,1.06
4954,USW00094846,"CHICAGO OHARE INTERNATIONAL AIRPORT, IL US",8.3,0,2021-11-02,8.41,-0.58
4955,USW00094846,"CHICAGO OHARE INTERNATIONAL AIRPORT, IL US",7.2,-1.6,2021-11-03,7.33,-2.31
4956,USW00094846,"CHICAGO OHARE INTERNATIONAL AIRPORT, IL US",8.3,-1.6,2021-11-04,8.67,-2.39
4957,USW00094846,"CHICAGO OHARE INTERNATIONAL AIRPORT, IL US",11.1,1.1,2021-11-05,11.09,-0.5
4958,USW00094846,"CHICAGO OHARE INTERNATIONAL AIRPORT, IL US",15,2.2,2021-11-06,15.16,1.05
4959,USW00094846,"CHICAGO OHARE INTERNATIONAL AIRPORT, IL US",18.3,5,2021-11-07,18.5,3.98
4960,USW00094846,"CHICAGO OHARE INTERNATIONAL AIRPORT, IL US",18.3,9.4,2021-11-08,18.53,7.59
4961,USW00094846,"CHICAGO OHARE INTERNATIONAL AIRPORT, IL US",14.4,5.6,2021-11-09,14.5,6.26
4962,USW00094846,"CHICAGO OHARE INTERNATIONAL AIRPORT, IL US",13.3,3.3,2021-11-10,13.63,2.62
4963,USW00094846,"CHICAGO OHARE INTERNATIONAL AIRPORT, IL US",13.9,5,2021-11-11,13.25,3.92
4964,USW00094846,"CHICAGO OHARE INTERNATIONAL AIRPORT, IL US",6.1,1.7,2021-11-12,5.54,1.62
4965,USW00094846,"CHICAGO OHARE INTERNATIONAL AIRPORT, IL US",3.9,0.6,2021-11-13,4.21,0.88
4966,USW00094846,"CHICAGO OHARE INTERNATIONAL AIRPORT, IL US",2.8,0.6,2021-11-14,2.89,0.48
4967,USW00094846,"CHICAGO OHARE INTERNATIONAL AIRPORT, IL US",2.2,-1,2021-11-15,1.6,-1.89
4968,USW00094846,"CHICAGO OHARE INTERNATIONAL AIRPORT, IL US",13.3,-1,2021-11-16,13.83,-1.6
4969,USW00094846,"CHICAGO OHARE INTERNATIONAL AIRPORT, IL US",16.1,4.4,2021-11-17,15.88,2.65
4970,USW00094846,"CHICAGO OHARE INTERNATIONAL AIRPORT, IL US",4.4,0,2021-11-18,3.84,-0.2
4971,USW00094846,"CHICAGO OHARE INTERNATIONAL AIRPORT, IL US",4.4,-3.2,2021-11-19,4.24,-3.98
4972,USW00094846,"CHICAGO OHARE INTERNATIONAL AIRPORT, IL US",10,2.2,2021-11-20,9.8,-0.48
4973,USW00094846,"CHICAGO OHARE INTERNATIONAL AIRPORT, IL US",12.8,-1,2021-11-21,12.57,-0.78
4974,USW00094846,"CHICAGO OHARE INTERNATIONAL AIRPORT, IL US",2.2,-4.9,2021-11-22,2.46,-5.32
4975,USW00094846,"CHICAGO OHARE INTERNATIONAL AIRPORT, IL US",6.1,-4.3,2021-11-23,6.03,-5.68
4976,USW00094846,"CHICAGO OHARE INTERNATIONAL AIRPORT, IL US",11.7,2.8,2021-11-24,11.42,-0.48
4977,USW00094846,"CHICAGO OHARE INTERNATIONAL AIRPORT, IL US",8.9,-4.9,2021-11-25,7.95,-1.68
4978,USW00094846,"CHICAGO OHARE INTERNATIONAL AIRPORT, IL US",-0.5,-7.7,2021-11-26,-0.66,-8.3
4979,USW00094846,"CHICAGO OHARE INTERNATIONAL AIRPORT, IL US",5.6,-1,2021-11-27,5.32,-4.05
4980,USW00094846,"CHICAGO OHARE INTERNATIONAL AIRPORT, IL US",5,-2.7,2021-11-28,4.5,-3.27
4981,USW00094846,"CHICAGO OHARE INTERNATIONAL AIRPORT, IL US",5,-2.7,2021-11-29,4.83,-4.37
4982,USW00094846,"CHICAGO OHARE INTERNATIONAL AIRPORT, IL US",11.7,1.1,2021-11-30,11.2,-0.84
4983,USW00094846,"CHICAGO OHARE INTERNATIONAL AIRPORT, IL US",9.4,1.1,2021-12-01,9.39,-0.12
4984,USW00094846,"CHICAGO OHARE INTERNATIONAL AIRPORT, IL US",15,6.7,2021-12-02,14.02,4.84
4985,USW00094846,"CHICAGO OHARE INTERNATIONAL AIRPORT, IL US",10.6,2.8,2021-12-03,10.07,2.99
4986,USW00094846,"CHICAGO OHARE INTERNATIONAL AIRPORT, IL US",6.7,-0.5,2021-12-04,6.18,-1.01
4987,USW00094846,"CHICAGO OHARE INTERNATIONAL AIRPORT, IL US",5,1.1,2021-12-05,4.93,0.36
4988,USW00094846,"CHICAGO OHARE INTERNATIONAL AIRPORT, IL US",3.3,-9.3,2021-12-06,2.57,-6.43
4989,USW00094846,"CHICAGO OHARE INTERNATIONAL AIRPORT, IL US",-3.2,-10.5,2021-12-07,-3.81,-11.83
4990,USW00094846,"CHICAGO OHARE INTERNATIONAL AIRPORT, IL US",1.7,-3.8,2021-12-08,1.24,-7.26
4991,USW00094846,"CHICAGO OHARE INTERNATIONAL AIRPORT, IL US",7.8,-2.1,2021-12-09,7.19,-4.18
4992,USW00094846,"CHICAGO OHARE INTERNATIONAL AIRPORT, IL US",15.6,2.2,2021-12-10,13.85,0.27
4993,USW00094846,"CHICAGO OHARE INTERNATIONAL AIRPORT, IL US",14.4,0,2021-12-11,11.14,-0.34
4994,USW00094846,"CHICAGO OHARE INTERNATIONAL AIRPORT, IL US",8.9,0,2021-12-12,9.07,-0.78
4995,USW00094846,"CHICAGO OHARE INTERNATIONAL AIRPORT, IL US",9.4,0.6,2021-12-13,9.44,0
4996,USW00094846,"CHICAGO OHARE INTERNATIONAL AIRPORT, IL US",12.2,0,2021-12-14,11.9,-1.28
4997,USW00094846,"CHICAGO OHARE INTERNATIONAL AIRPORT, IL US",18.9,10,2021-12-15,18.17,6.57
4998,USW00094846,"CHICAGO OHARE INTERNATIONAL AIRPORT, IL US",18.9,0,2021-12-16,14.25,1.64
4999,USW00094846,"CHICAGO OHARE INTERNATIONAL AIRPORT, IL US",4.4,-3.2,2021-12-17,4.27,-4.02
5000,USW00094846,"CHICAGO OHARE INTERNATIONAL AIRPORT, IL US",4.4,-0.5,2021-12-18,3.93,-2.1
5001,USW00094846,"CHICAGO OHARE INTERNATIONAL AIRPORT, IL US",2.8,-2.1,2021-12-19,3.22,-2.16
5002,USW00094846,"CHICAGO OHARE INTERNATIONAL AIRPORT, IL US",5.6,-1,2021-12-20,5.58,-2.42
5003,USW00094846,"CHICAGO OHARE INTERNATIONAL AIRPORT, IL US",4.4,-4.9,2021-12-21,4.85,-5.11
5004,USW00094846,"CHICAGO OHARE INTERNATIONAL AIRPORT, IL US",-0.5,-7.1,2021-12-22,-0.76,-8.07
5005,USW00094846,"CHICAGO OHARE INTERNATIONAL AIRPORT, IL US",7.8,-2.7,2021-12-23,7.08,-5.2
5006,USW00094846,"CHICAGO OHARE INTERNATIONAL AIRPORT, IL US",13.9,1.1,2021-12-24,13.1,-0.69
5007,USW00094846,"CHICAGO OHARE INTERNATIONAL AIRPORT, IL US",12.8,-0.5,2021-12-25,11.58,1.56
5008,USW00094846,"CHICAGO OHARE INTERNATIONAL AIRPORT, IL US",6.1,-3.2,2021-12-26,5.87,-3.79
5009,USW00094846,"CHICAGO OHARE INTERNATIONAL AIRPORT, IL US",7.8,0,2021-12-27,7.35,-1.8
5010,USW00094846,"CHICAGO OHARE INTERNATIONAL AIRPORT, IL US",2.8,-1,2021-12-28,2.66,-1.57
5011,USW00094846,"CHICAGO OHARE INTERNATIONAL AIRPORT, IL US",2.2,-2.1,2021-12-29,2.12,-1.49
5012,USW00094846,"CHICAGO OHARE INTERNATIONAL AIRPORT, IL US",2.8,-1.6,2021-12-30,2.48,-2.27
5013,USW00094846,"CHICAGO OHARE INTERNATIONAL AIRPORT, IL US",6.1,0.6,2021-12-31,5.42,-1.08
5014,USW00014819,"CHICAGO MIDWAY AIRPORT, IL US",1.7,-4.3,2021-01-01,1.37,-6.48
5015,USW00014819,"CHICAGO MIDWAY AIRPORT, IL US",2.2,-1,2021-01-02,1.68,-1.94
5016,USW00014819,"CHICAGO MIDWAY AIRPORT, IL US",1.1,-2.7,2021-01-03,0.86,-2.65
5017,USW00014819,"CHICAGO MIDWAY AIRPORT, IL US",-0.5,-3.8,2021-01-04,-0.4,-4.19
5018,USW00014819,"CHICAGO MIDWAY AIRPORT, IL US",2.8,-1.6,2021-01-05,1.87,-2.46
5019,USW00014819,"CHICAGO MIDWAY AIRPORT, IL US",4.4,-1.6,2021-01-06,3.51,-1.89
5020,USW00014819,"CHICAGO MIDWAY AIRPORT, IL US",3.9,1.7,2021-01-07,3.09,0.1
5021,USW00014819,"CHICAGO MIDWAY AIRPORT, IL US",2.2,-0.5,2021-01-08,1.83,-0.76
5022,USW00014819,"CHICAGO MIDWAY AIRPORT, IL US",3.9,-3.2,2021-01-09,2.88,-3.77
5023,USW00014819,"CHICAGO MIDWAY AIRPORT, IL US",-0.5,-3.8,2021-01-10,-1,-4.65
5024,USW00014819,"CHICAGO MIDWAY AIRPORT, IL US",-1,-5.5,2021-01-11,-1.31,-6
5025,USW00014819,"CHICAGO MIDWAY AIRPORT, IL US",3.9,-3.2,2021-01-12,3.4,-3.94
5026,USW00014819,"CHICAGO MIDWAY AIRPORT, IL US",5.6,-0.5,2021-01-13,5.06,-1.69
5027,USW00014819,"CHICAGO MIDWAY AIRPORT, IL US",5,0.6,2021-01-14,4.45,-0.04
5028,USW00014819,"CHICAGO MIDWAY AIRPORT, IL US",3.3,-2.1,2021-01-15,3.22,-1.49
5029,USW00014819,"CHICAGO MIDWAY AIRPORT, IL US",2.8,-2.1,2021-01-16,2.64,-2.16
5030,USW00014819,"CHICAGO MIDWAY AIRPORT, IL US",1.1,-2.1,2021-01-17,0.73,-2.21
5031,USW00014819,"CHICAGO MIDWAY AIRPORT, IL US",-1,-4.3,2021-01-18,-1.11,-4.36
5032,USW00014819,"CHICAGO MIDWAY AIRPORT, IL US",0.6,-6.6,2021-01-19,0.11,-7.12
5033,USW00014819,"CHICAGO MIDWAY AIRPORT, IL US",1.7,-9.9,2021-01-20,1.56,-9.99
5034,USW00014819,"CHICAGO MIDWAY AIRPORT, IL US",5.6,-0.5,2021-01-21,5.42,-3.75
5035,USW00014819,"CHICAGO MIDWAY AIRPORT, IL US",-0.5,-10.5,2021-01-22,-1.95,-9.82
5036,USW00014819,"CHICAGO MIDWAY AIRPORT, IL US",-0.5,-11.6,2021-01-23,-0.83,-12.33
5037,USW00014819,"CHICAGO MIDWAY AIRPORT, IL US",1.7,-2.7,2021-01-24,1.26,-5.91
5038,USW00014819,"CHICAGO MIDWAY AIRPORT, IL US",1.1,-1,2021-01-25,1.02,-2.28
5039,USW00014819,"CHICAGO MIDWAY AIRPORT, IL US",0.6,-3.2,2021-01-26,-0.05,-3.05
5040,USW00014819,"CHICAGO MIDWAY AIRPORT, IL US",-2.1,-9.3,2021-01-27,-2.27,-8.42
5041,USW00014819,"CHICAGO MIDWAY AIRPORT, IL US",-3.2,-11.6,2021-01-28,-3.12,-11.76
5042,USW00014819,"CHICAGO MIDWAY AIRPORT, IL US",0,-7.1,2021-01-29,-0.07,-10.12
5043,USW00014819,"CHICAGO MIDWAY AIRPORT, IL US",1.1,-1.6,2021-01-30,0.94,-4.15
5044,USW00014819,"CHICAGO MIDWAY AIRPORT, IL US",1.1,-1.6,2021-01-31,0.51,-1.74
5045,USW00014819,"CHICAGO MIDWAY AIRPORT, IL US",1.1,-4.9,2021-02-01,0.82,-4.38
5046,USW00014819,"CHICAGO MIDWAY AIRPORT, IL US",0.6,-6,2021-02-02,0.57,-6.22
5047,USW00014819,"CHICAGO MIDWAY AIRPORT, IL US",2.2,-8.2,2021-02-03,2.31,-9.35
5048,USW00014819,"CHICAGO MIDWAY AIRPORT, IL US",3.9,-7.1,2021-02-04,3.26,-8.07
5049,USW00014819,"CHICAGO MIDWAY AIRPORT, IL US",-7.1,-12.7,2021-02-05,-7.18,-13.02
5050,USW00014819,"CHICAGO MIDWAY AIRPORT, IL US",-9.9,-15.5,2021-02-06,-9.76,-15.81
5051,USW00014819,"CHICAGO MIDWAY AIRPORT, IL US",-14.3,-21,2021-02-07,-14.23,-21.38
5052,USW00014819,"CHICAGO MIDWAY AIRPORT, IL US",-9.3,-16.6,2021-02-08,-9.66,-18.45
5053,USW00014819,"CHICAGO MIDWAY AIRPORT, IL US",-7.1,-16,2021-02-09,-7.42,-16.59
5054,USW00014819,"CHICAGO MIDWAY AIRPORT, IL US",-8.2,-13.8,2021-02-10,-7.95,-14.97
5055,USW00014819,"CHICAGO MIDWAY AIRPORT, IL US",-4.3,-14.9,2021-02-11,-5.27,-14.51
5056,USW00014819,"CHICAGO MIDWAY AIRPORT, IL US",-6,-12.7,2021-02-12,-6.4,-13.27
5057,USW00014819,"CHICAGO MIDWAY AIRPORT, IL US",-9.9,-17.7,2021-02-13,-10.15,-17.27
5058,USW00014819,"CHICAGO MIDWAY AIRPORT, IL US",-14.3,-19.3,2021-02-14,-14.14,-19.89
5059,USW00014819,"CHICAGO MIDWAY AIRPORT, IL US",-7.7,-17.1,2021-02-15,-9.44,-17.75
5060,USW00014819,"CHICAGO MIDWAY AIRPORT, IL US",-5.5,-13.2,2021-02-16,-5.87,-15.01
5061,USW00014819,"CHICAGO MIDWAY AIRPORT, IL US",-4.3,-14.3,2021-02-17,-5.13,-15.64
5062,USW00014819,"CHICAGO MIDWAY AIRPORT, IL US",-3.2,-9.3,2021-02-18,-3.41,-11.99
5063,USW00014819,"CHICAGO MIDWAY AIRPORT, IL US",-6,-13.8,2021-02-19,-6,-14.33
5064,USW00014819,"CHICAGO MIDWAY AIRPORT, IL US",-1.6,-15.5,2021-02-20,-1.68,-16.09
5065,USW00014819,"CHICAGO MIDWAY AIRPORT, IL US",3.3,-7.1,2021-02-21,3.07,-11.25
5066,USW00014819,"CHICAGO MIDWAY AIRPORT, IL US",4.4,-3.2,2021-02-22,4.33,-4.5
5067,USW00014819,"CHICAGO MIDWAY AIRPORT, IL US",7.8,2.2,2021-02-23,8.07,0.55
5068,USW00014819,"CHICAGO MIDWAY AIRPORT, IL US",7.2,0,2021-02-24,7.31,0.29
5069,USW00014819,"CHICAGO MIDWAY AIRPORT, IL US",4.4,-4.3,2021-02-25,4.82,-4.57
5070,USW00014819,"CHICAGO MIDWAY AIRPORT, IL US",5.6,-4.3,2021-02-26,5.37,-4.89
5071,USW00014819,"CHICAGO MIDWAY AIRPORT, IL US",10,1.1,2021-02-27,10.33,-0.78
5072,USW00014819,"CHICAGO MIDWAY AIRPORT, IL US",9.4,1.1,2021-02-28,9.74,0.72
5073,USW00014819,"CHICAGO MIDWAY AIRPORT, IL US",1.7,-4.3,2021-03-01,1.55,-4.46
5074,USW00014819,"CHICAGO MIDWAY AIRPORT, IL US",6.7,-5.5,2021-03-02,6.3,-7.15
5075,USW00014819,"CHICAGO MIDWAY AIRPORT, IL US",15.6,1.7,2021-03-03,13.42,-1.12
5076,USW00014819,"CHICAGO MIDWAY AIRPORT, IL US",3.9,-1,2021-03-04,3.24,-1.6
5077,USW00014819,"CHICAGO MIDWAY AIRPORT, IL US",10,-3.8,2021-03-05,8.57,-4.34
5078,USW00014819,"CHICAGO MIDWAY AIRPORT, IL US",8.9,-2.7,2021-03-06,7.98,-3.84
5079,USW00014819,"CHICAGO MIDWAY AIRPORT, IL US",11.1,-3.8,2021-03-07,10.51,-4.49
5080,USW00014819,"CHICAGO MIDWAY AIRPORT, IL US",18.3,5.6,2021-03-08,18.12,2.78
5081,USW00014819,"CHICAGO MIDWAY AIRPORT, IL US",20.6,6.1,2021-03-09,20.14,4.36
5082,USW00014819,"CHICAGO MIDWAY AIRPORT, IL US",20.6,12.8,2021-03-10,20.32,10.75
5083,USW00014819,"CHICAGO MIDWAY AIRPORT, IL US",17.8,6.1,2021-03-11,16.54,7.15
5084,USW00014819,"CHICAGO MIDWAY AIRPORT, IL US",12.8,2.2,2021-03-12,11.46,1.58
5085,USW00014819,"CHICAGO MIDWAY AIRPORT, IL US",15.6,0.6,2021-03-13,14.7,-0.89
5086,USW00014819,"CHICAGO MIDWAY AIRPORT, IL US",8.3,3.3,2021-03-14,8.8,1.55
5087,USW00014819,"CHICAGO MIDWAY AIRPORT, IL US",4.4,-1,2021-03-15,3.21,-0.82
5088,USW00014819,"CHICAGO MIDWAY AIRPORT, IL US",3.3,0.6,2021-03-16,3.5,-0.17
5089,USW00014819,"CHICAGO MIDWAY AIRPORT, IL US",5,0.6,2021-03-17,4.99,0.53
5090,USW00014819,"CHICAGO MIDWAY AIRPORT, IL US",6.1,2.8,2021-03-18,5.75,1.86
5091,USW00014819,"CHICAGO MIDWAY AIRPORT, IL US",7.8,0.6,2021-03-19,7.44,0.28
5092,USW00014819,"CHICAGO MIDWAY AIRPORT, IL US",14.4,0,2021-03-20,13.43,-1.85
5093,USW00014819,"CHICAGO MIDWAY AIRPORT, IL US",18.9,3.9,2021-03-21,18.59,1.32
5094,USW00014819,"CHICAGO MIDWAY AIRPORT, IL US",20,8.3,2021-03-22,19.97,5.92
5095,USW00014819,"CHICAGO MIDWAY AIRPORT, IL US",18.9,11.1,2021-03-23,17.53,8.71
5096,USW00014819,"CHICAGO MIDWAY AIRPORT, IL US",15.6,8.9,2021-03-24,14.87,8.97
5097,USW00014819,"CHICAGO MIDWAY AIRPORT, IL US",10,3.3,2021-03-25,9.74,3.81
5098,USW00014819,"CHICAGO MIDWAY AIRPORT, IL US",5.6,2.2,2021-03-26,5.97,2.02
5099,USW00014819,"CHICAGO MIDWAY AIRPORT, IL US",18.9,2.8,2021-03-27,18.26,2.55
5100,USW00014819,"CHICAGO MIDWAY AIRPORT, IL US",11.1,1.1,2021-03-28,10.4,1.65
5101,USW00014819,"CHICAGO MIDWAY AIRPORT, IL US",16.7,0,2021-03-29,16.33,-0.95
5102,USW00014819,"CHICAGO MIDWAY AIRPORT, IL US",20.6,7.2,2021-03-30,20.36,4.07
5103,USW00014819,"CHICAGO MIDWAY AIRPORT, IL US",7.2,1.1,2021-03-31,6.94,0.82
5104,USW00014819,"CHICAGO MIDWAY AIRPORT, IL US",3.9,-3.2,2021-04-01,4.13,-3.36
5105,USW00014819,"CHICAGO MIDWAY AIRPORT, IL US",10.6,-3.2,2021-04-02,10.34,-4.72
5106,USW00014819,"CHICAGO MIDWAY AIRPORT, IL US",21.7,4.4,2021-04-03,21.68,0.96
5107,USW00014819,"CHICAGO MIDWAY AIRPORT, IL US",24.4,6.7,2021-04-04,24.33,4.74
5108,USW00014819,"CHICAGO MIDWAY AIRPORT, IL US",25.6,15,2021-04-05,24.98,11.73
5109,USW00014819,"CHICAGO MIDWAY AIRPORT, IL US",27.8,14.4,2021-04-06,27.34,13.97
5110,USW00014819,"CHICAGO MIDWAY AIRPORT, IL US",27.8,16.1,2021-04-07,27.62,14.65
5111,USW00014819,"CHICAGO MIDWAY AIRPORT, IL US",20.6,10,2021-04-08,19.47,11.73
5112,USW00014819,"CHICAGO MIDWAY AIRPORT, IL US",17.2,10,2021-04-09,17.21,9.81
5113,USW00014819,"CHICAGO MIDWAY AIRPORT, IL US",13.3,8.3,2021-04-10,13.66,7.47
5114,USW00014819,"CHICAGO MIDWAY AIRPORT, IL US",13.3,7.2,2021-04-11,13.33,6.71
5115,USW00014819,"CHICAGO MIDWAY AIRPORT, IL US",17.8,8.9,2021-04-12,17.39,8.02
5116,USW00014819,"CHICAGO MIDWAY AIRPORT, IL US",12.8,6.1,2021-04-13,12.75,5.54
5117,USW00014819,"CHICAGO MIDWAY AIRPORT, IL US",11.1,2.2,2021-04-14,10.87,2.07
5118,USW00014819,"CHICAGO MIDWAY AIRPORT, IL US",13.3,3.9,2021-04-15,12.11,3.26
5119,USW00014819,"CHICAGO MIDWAY AIRPORT, IL US",11.1,4.4,2021-04-16,11.9,3.07
5120,USW00014819,"CHICAGO MIDWAY AIRPORT, IL US",13.9,2.8,2021-04-17,12.45,2.01
5121,USW00014819,"CHICAGO MIDWAY AIRPORT, IL US",17.8,3.9,2021-04-18,17.08,2.96
5122,USW00014819,"CHICAGO MIDWAY AIRPORT, IL US",12.2,5,2021-04-19,12.12,4.14
5123,USW00014819,"CHICAGO MIDWAY AIRPORT, IL US",5.6,0.6,2021-04-20,5.37,1.06
5124,USW00014819,"CHICAGO MIDWAY AIRPORT, IL US",10.6,1.1,2021-04-21,8.95,0.27
5125,USW00014819,"CHICAGO MIDWAY AIRPORT, IL US",15.6,-0.5,2021-04-22,15.44,-1.46
5126,USW00014819,"CHICAGO MIDWAY AIRPORT, IL US",17.2,6.7,2021-04-23,16.31,4.08
5127,USW00014819,"CHICAGO MIDWAY AIRPORT, IL US",16.7,7.8,2021-04-24,15.95,6.68
5128,USW00014819,"CHICAGO MIDWAY AIRPORT, IL US",8.9,4.4,2021-04-25,8.58,3.97
5129,USW00014819,"CHICAGO MIDWAY AIRPORT, IL US",26.1,4.4,2021-04-26,25.65,3.87
5130,USW00014819,"CHICAGO MIDWAY AIRPORT, IL US",30.6,14.4,2021-04-27,30.26,9.92
5131,USW00014819,"CHICAGO MIDWAY AIRPORT, IL US",14.4,7.2,2021-04-28,12.74,7.41
5132,USW00014819,"CHICAGO MIDWAY AIRPORT, IL US",17.8,8.3,2021-04-29,18.3,7.67
5133,USW00014819,"CHICAGO MIDWAY AIRPORT, IL US",13.3,6.1,2021-04-30,13.62,5.57
5134,USW00014819,"CHICAGO MIDWAY AIRPORT, IL US",28.3,6.1,2021-05-01,28.43,4.98
5135,USW00014819,"CHICAGO MIDWAY AIRPORT, IL US",28.9,16.7,2021-05-02,28.73,13.63
5136,USW00014819,"CHICAGO MIDWAY AIRPORT, IL US",21.7,13.3,2021-05-03,21.41,13.59
5137,USW00014819,"CHICAGO MIDWAY AIRPORT, IL US",14.4,8.3,2021-05-04,13.46,8.58
5138,USW00014819,"CHICAGO MIDWAY AIRPORT, IL US",15,5.6,2021-05-05,14.54,5.17
5139,USW00014819,"CHICAGO MIDWAY AIRPORT, IL US",13.3,6.7,2021-05-06,12.35,6.14
5140,USW00014819,"CHICAGO MIDWAY AIRPORT, IL US",15.6,5.6,2021-05-07,15.13,4.3
5141,USW00014819,"CHICAGO MIDWAY AIRPORT, IL US",11.1,2.8,2021-05-08,11.39,2.07
5142,USW00014819,"CHICAGO MIDWAY AIRPORT, IL US",13.3,4.4,2021-05-09,12.74,3.35
5143,USW00014819,"CHICAGO MIDWAY AIRPORT, IL US",10.6,3.9,2021-05-10,11.07,3.57
5144,USW00014819,"CHICAGO MIDWAY AIRPORT, IL US",11.7,2.8,2021-05-11,11.52,2.79
5145,USW00014819,"CHICAGO MIDWAY AIRPORT, IL US",15.6,3.3,2021-05-12,15.02,2.73
5146,USW00014819,"CHICAGO MIDWAY AIRPORT, IL US",21.1,5,2021-05-13,19.93,3.91
5147,USW00014819,"CHICAGO MIDWAY AIRPORT, IL US",21.7,8.3,2021-05-14,21.85,6.76
5148,USW00014819,"CHICAGO MIDWAY AIRPORT, IL US",16.1,12.2,2021-05-15,16.23,10.3
5149,USW00014819,"CHICAGO MIDWAY AIRPORT, IL US",22.2,12.2,2021-05-16,22.1,11.18
5150,USW00014819,"CHICAGO MIDWAY AIRPORT, IL US",21.1,13.9,2021-05-17,20.13,13.07
5151,USW00014819,"CHICAGO MIDWAY AIRPORT, IL US",23.9,15,2021-05-18,23.33,14.05
5152,USW00014819,"CHICAGO MIDWAY AIRPORT, IL US",23.3,17.8,2021-05-19,23.34,16.6
5153,USW00014819,"CHICAGO MIDWAY AIRPORT, IL US",29.4,18.9,2021-05-20,29.31,17.22
5154,USW00014819,"CHICAGO MIDWAY AIRPORT, IL US",30,19.4,2021-05-21,29.62,18.52
5155,USW00014819,"CHICAGO MIDWAY AIRPORT, IL US",30.6,18.9,2021-05-22,30.51,18.49
5156,USW00014819,"CHICAGO MIDWAY AIRPORT, IL US",27.8,15,2021-05-23,27.42,15.54
5157,USW00014819,"CHICAGO MIDWAY AIRPORT, IL US",32.2,14.4,2021-05-24,31.18,13.91
5158,USW00014819,"CHICAGO MIDWAY AIRPORT, IL US",30.6,22.8,2021-05-25,29.92,20.12
5159,USW00014819,"CHICAGO MIDWAY AIRPORT, IL US",27.8,15,2021-05-26,27.36,14.87
5160,USW00014819,"CHICAGO MIDWAY AIRPORT, IL US",17.2,10.6,2021-05-27,16.91,11.11
5161,USW00014819,"CHICAGO MIDWAY AIRPORT, IL US",10.6,7.2,2021-05-28,10.58,7
5162,USW00014819,"CHICAGO MIDWAY AIRPORT, IL US",16.1,7.8,2021-05-29,16.02,6.28
5163,USW00014819,"CHICAGO MIDWAY AIRPORT, IL US",20.6,5,2021-05-30,20.73,4.28
5164,USW00014819,"CHICAGO MIDWAY AIRPORT, IL US",21.7,12.8,2021-05-31,21.29,9.88
5165,USW00014819,"CHICAGO MIDWAY AIRPORT, IL US",24.4,10.6,2021-06-01,24.46,9.16
5166,USW00014819,"CHICAGO MIDWAY AIRPORT, IL US",25.6,13.3,2021-06-02,25.1,11.48
5167,USW00014819,"CHICAGO MIDWAY AIRPORT, IL US",30.6,13.3,2021-06-03,30.23,12.13
5168,USW00014819,"CHICAGO MIDWAY AIRPORT, IL US",32.8,21.1,2021-06-04,32.55,18.68
5169,USW00014819,"CHICAGO MIDWAY AIRPORT, IL US",33.3,20.6,2021-06-05,32.61,20.12
5170,USW00014819,"CHICAGO MIDWAY AIRPORT, IL US",31.1,21.7,2021-06-06,30.81,21.07
5171,USW00014819,"CHICAGO MIDWAY AIRPORT, IL US",26.1,22.8,2021-06-07,26.18,21.02
5172,USW00014819,"CHICAGO MIDWAY AIRPORT, IL US",32.2,21.7,2021-06-08,30.51,19.82
5173,USW00014819,"CHICAGO MIDWAY AIRPORT, IL US",30.6,22.2,2021-06-09,29.72,20.14
5174,USW00014819,"CHICAGO MIDWAY AIRPORT, IL US",31.7,20.6,2021-06-10,30.21,19.38
5175,USW00014819,"CHICAGO MIDWAY AIRPORT, IL US",32.8,21.7,2021-06-11,31.72,20.28
5176,USW00014819,"CHICAGO MIDWAY AIRPORT, IL US",33.3,21.1,2021-06-12,31.78,20.48
5177,USW00014819,"CHICAGO MIDWAY AIRPORT, IL US",29.4,21.1,2021-06-13,29.05,19.41
5178,USW00014819,"CHICAGO MIDWAY AIRPORT, IL US",27.8,19.4,2021-06-14,26.79,18.48
5179,USW00014819,"CHICAGO MIDWAY AIRPORT, IL US",26.1,16.7,2021-06-15,25.01,15.37
5180,USW00014819,"CHICAGO MIDWAY AIRPORT, IL US",25.6,16.1,2021-06-16,24.46,14.02
5181,USW00014819,"CHICAGO MIDWAY AIRPORT, IL US",31.7,14.4,2021-06-17,31.37,13.16
5182,USW00014819,"CHICAGO MIDWAY AIRPORT, IL US",32.8,20,2021-06-18,31.37,18.14
5183,USW00014819,"CHICAGO MIDWAY AIRPORT, IL US",32.8,20,2021-06-19,31.72,18.97
5184,USW00014819,"CHICAGO MIDWAY AIRPORT, IL US",28.9,19.4,2021-06-20,28.45,17.9
5185,USW00014819,"CHICAGO MIDWAY AIRPORT, IL US",23.9,15,2021-06-21,22.83,14.76
5186,USW00014819,"CHICAGO MIDWAY AIRPORT, IL US",23.9,12.8,2021-06-22,23.28,11.47
5187,USW00014819,"CHICAGO MIDWAY AIRPORT, IL US",26.7,18.3,2021-06-23,26.08,16.22
5188,USW00014819,"CHICAGO MIDWAY AIRPORT, IL US",24.4,20.6,2021-06-24,24.4,18.96
5189,USW00014819,"CHICAGO MIDWAY AIRPORT, IL US",25,21.1,2021-06-25,25.07,20.04
5190,USW00014819,"CHICAGO MIDWAY AIRPORT, IL US",27.8,21.7,2021-06-26,27.53,21.26
5191,USW00014819,"CHICAGO MIDWAY AIRPORT, IL US",28.9,20,2021-06-27,28.64,19.71
5192,USW00014819,"CHICAGO MIDWAY AIRPORT, IL US",29.4,18.9,2021-06-28,27.98,18.58
5193,USW00014819,"CHICAGO MIDWAY AIRPORT, IL US",30.6,22.2,2021-06-29,30.01,20.82
5194,USW00014819,"CHICAGO MIDWAY AIRPORT, IL US",27.8,21.7,2021-06-30,27.35,20.93
5195,USW00014819,"CHICAGO MIDWAY AIRPORT, IL US",25.6,16.7,2021-07-01,24.27,16.84
5196,USW00014819,"CHICAGO MIDWAY AIRPORT, IL US",23.3,16.1,2021-07-02,22.69,14.93
5197,USW00014819,"CHICAGO MIDWAY AIRPORT, IL US",30,14.4,2021-07-03,29.58,14.14
5198,USW00014819,"CHICAGO MIDWAY AIRPORT, IL US",32.2,20.6,2021-07-04,31.83,18.87
5199,USW00014819,"CHICAGO MIDWAY AIRPORT, IL US",32.8,22.8,2021-07-05,32.36,22
5200,USW00014819,"CHICAGO MIDWAY AIRPORT, IL US",33.3,25,2021-07-06,32.57,23.83
5201,USW00014819,"CHICAGO MIDWAY AIRPORT, IL US",32.8,20.6,2021-07-07,31.59,20.37
5202,USW00014819,"CHICAGO MIDWAY AIRPORT, IL US",20.6,16.1,2021-07-08,20.17,16.89
5203,USW00014819,"CHICAGO MIDWAY AIRPORT, IL US",24.4,14.4,2021-07-09,23.66,14.57
5204,USW00014819,"CHICAGO MIDWAY AIRPORT, IL US",24.4,18.3,2021-07-10,23.72,15.97
5205,USW00014819,"CHICAGO MIDWAY AIRPORT, IL US",21.1,19.4,2021-07-11,20.8,18.42
5206,USW00014819,"CHICAGO MIDWAY AIRPORT, IL US",23.9,19.4,2021-07-12,23.48,18.8
5207,USW00014819,"CHICAGO MIDWAY AIRPORT, IL US",27.2,21.1,2021-07-13,26.74,20.02
5208,USW00014819,"CHICAGO MIDWAY AIRPORT, IL US",29.4,21.1,2021-07-14,28.88,20.17
5209,USW00014819,"CHICAGO MIDWAY AIRPORT, IL US",27.2,20,2021-07-15,26.61,19.64
5210,USW00014819,"CHICAGO MIDWAY AIRPORT, IL US",23.9,19.4,2021-07-16,23.1,19.17
5211,USW00014819,"CHICAGO MIDWAY AIRPORT, IL US",26.1,20.6,2021-07-17,24.86,19.34
5212,USW00014819,"CHICAGO MIDWAY AIRPORT, IL US",28.3,20,2021-07-18,27.65,18.67
5213,USW00014819,"CHICAGO MIDWAY AIRPORT, IL US",28.9,19.4,2021-07-19,27.98,18.15
5214,USW00014819,"CHICAGO MIDWAY AIRPORT, IL US",31.7,19.4,2021-07-20,30.44,18.3
5215,USW00014819,"CHICAGO MIDWAY AIRPORT, IL US",24.4,19.4,2021-07-21,24.2,18.33
5216,USW00014819,"CHICAGO MIDWAY AIRPORT, IL US",30,18.9,2021-07-22,29.03,17.68
5217,USW00014819,"CHICAGO MIDWAY AIRPORT, IL US",32.8,23.3,2021-07-23,31.9,21.82
5218,USW00014819,"CHICAGO MIDWAY AIRPORT, IL US",33.9,23.9,2021-07-24,33.26,23.15
5219,USW00014819,"CHICAGO MIDWAY AIRPORT, IL US",32.8,22.8,2021-07-25,31.58,21.87
5220,USW00014819,"CHICAGO MIDWAY AIRPORT, IL US",33.9,20.6,2021-07-26,32.8,19.75
5221,USW00014819,"CHICAGO MIDWAY AIRPORT, IL US",31.1,22.2,2021-07-27,30.76,20.8
5222,USW00014819,"CHICAGO MIDWAY AIRPORT, IL US",32.2,23.3,2021-07-28,31.7,21.81
5223,USW00014819,"CHICAGO MIDWAY AIRPORT, IL US",31.7,22.2,2021-07-29,31.11,21.27
5224,USW00014819,"CHICAGO MIDWAY AIRPORT, IL US",24.4,19.4,2021-07-30,23.63,18.57
5225,USW00014819,"CHICAGO MIDWAY AIRPORT, IL US",27.2,17.2,2021-07-31,26.19,16.49
5226,USW00014819,"CHICAGO MIDWAY AIRPORT, IL US",25,17.8,2021-08-01,24.61,17.5
5227,USW00014819,"CHICAGO MIDWAY AIRPORT, IL US",25,16.7,2021-08-02,25.21,15.54
5228,USW00014819,"CHICAGO MIDWAY AIRPORT, IL US",27.8,17.2,2021-08-03,27.2,16.34
5229,USW00014819,"CHICAGO MIDWAY AIRPORT, IL US",28.9,17.8,2021-08-04,28.36,16.64
5230,USW00014819,"CHICAGO MIDWAY AIRPORT, IL US",30,18.9,2021-08-05,29.88,17.62
5231,USW00014819,"CHICAGO MIDWAY AIRPORT, IL US",28.9,19.4,2021-08-06,28.61,18.7
5232,USW00014819,"CHICAGO MIDWAY AIRPORT, IL US",31.7,20,2021-08-07,31.55,19.37
5233,USW00014819,"CHICAGO MIDWAY AIRPORT, IL US",33.3,22.2,2021-08-08,32.83,21.63
5234,USW00014819,"CHICAGO MIDWAY AIRPORT, IL US",27.8,22.2,2021-08-09,27.72,21.68
5235,USW00014819,"CHICAGO MIDWAY AIRPORT, IL US",34.4,21.7,2021-08-10,33.89,21.33
5236,USW00014819,"CHICAGO MIDWAY AIRPORT, IL US",31.1,22.8,2021-08-11,30.96,22.24
5237,USW00014819,"CHICAGO MIDWAY AIRPORT, IL US",29.4,22.8,2021-08-12,28.94,22.18
5238,USW00014819,"CHICAGO MIDWAY AIRPORT, IL US",27.8,21.1,2021-08-13,27.18,20.5
5239,USW00014819,"CHICAGO MIDWAY AIRPORT, IL US",26.7,18.9,2021-08-14,26.4,17.31
5240,USW00014819,"CHICAGO MIDWAY AIRPORT, IL US",27.2,16.1,2021-08-15,26.56,15.51
5241,USW00014819,"CHICAGO MIDWAY AIRPORT, IL US",26.7,18.3,2021-08-16,26.34,16.06
5242,USW00014819,"CHICAGO MIDWAY AIRPORT, IL US",28.3,20,2021-08-17,28.11,18.02
5243,USW00014819,"CHICAGO MIDWAY AIRPORT, IL US",30,23.3,2021-08-18,29.53,20.94
5244,USW00014819,"CHICAGO MIDWAY AIRPORT, IL US",30.6,23.3,2021-08-19,29.94,21.58
5245,USW00014819,"CHICAGO MIDWAY AIRPORT, IL US",32.2,22.2,2021-08-20,31.19,21.1
5246,USW00014819,"CHICAGO MIDWAY AIRPORT, IL US",31.7,23.9,2021-08-21,31.27,22.31
5247,USW00014819,"CHICAGO MIDWAY AIRPORT, IL US",28.9,22.2,2021-08-22,28.18,21.09
5248,USW00014819,"CHICAGO MIDWAY AIRPORT, IL US",31.1,20,2021-08-23,30.84,18.88
5249,USW00014819,"CHICAGO MIDWAY AIRPORT, IL US",35.6,22.8,2021-08-24,35.01,21.42
5250,USW00014819,"CHICAGO MIDWAY AIRPORT, IL US",34.4,22.2,2021-08-25,33.95,21.77
5251,USW00014819,"CHICAGO MIDWAY AIRPORT, IL US",32.2,21.7,2021-08-26,31,21.16
5252,USW00014819,"CHICAGO MIDWAY AIRPORT, IL US",33.3,22.8,2021-08-27,32.31,21.9
5253,USW00014819,"CHICAGO MIDWAY AIRPORT, IL US",33.9,24.4,2021-08-28,33.42,23.48
5254,USW00014819,"CHICAGO MIDWAY AIRPORT, IL US",32.8,23.9,2021-08-29,32.09,23.22
5255,USW00014819,"CHICAGO MIDWAY AIRPORT, IL US",29.4,20.6,2021-08-30,28.56,19.88
5256,USW00014819,"CHICAGO MIDWAY AIRPORT, IL US",27.8,20,2021-08-31,27.62,18.47
5257,USW00014819,"CHICAGO MIDWAY AIRPORT, IL US",25.6,18.9,2021-09-01,25.12,18.17
5258,USW00014819,"CHICAGO MIDWAY AIRPORT, IL US",26.1,17.2,2021-09-02,25.45,15.27
5259,USW00014819,"CHICAGO MIDWAY AIRPORT, IL US",24.4,18.3,2021-09-03,24.55,16.48
5260,USW00014819,"CHICAGO MIDWAY AIRPORT, IL US",23.9,17.8,2021-09-04,23.55,17.13
5261,USW00014819,"CHICAGO MIDWAY AIRPORT, IL US",28.9,15.6,2021-09-05,28.32,15.2
5262,USW00014819,"CHICAGO MIDWAY AIRPORT, IL US",27.8,16.7,2021-09-06,27.08,15.84
5263,USW00014819,"CHICAGO MIDWAY AIRPORT, IL US",32.2,18.3,2021-09-07,31.57,17.17
5264,USW00014819,"CHICAGO MIDWAY AIRPORT, IL US",27.8,14.4,2021-09-08,26.83,14.61
5265,USW00014819,"CHICAGO MIDWAY AIRPORT, IL US",24.4,13.9,2021-09-09,24.18,13.81
5266,USW00014819,"CHICAGO MIDWAY AIRPORT, IL US",27.2,15.6,2021-09-10,26.76,14.42
5267,USW00014819,"CHICAGO MIDWAY AIRPORT, IL US",31.1,18.9,2021-09-11,30.37,17.18
5268,USW00014819,"CHICAGO MIDWAY AIRPORT, IL US",32.2,21.7,2021-09-12,31.24,19.99
5269,USW00014819,"CHICAGO MIDWAY AIRPORT, IL US",32.2,21.7,2021-09-13,30.63,19.94
5270,USW00014819,"CHICAGO MIDWAY AIRPORT, IL US",31.1,19.4,2021-09-14,30.48,19.19
5271,USW00014819,"CHICAGO MIDWAY AIRPORT, IL US",26.1,16.1,2021-09-15,25.28,15.61
5272,USW00014819,"CHICAGO MIDWAY AIRPORT, IL US",28.3,15,2021-09-16,27.57,13.76
5273,USW00014819,"CHICAGO MIDWAY AIRPORT, IL US",31.7,18.3,2021-09-17,31.68,16.14
5274,USW00014819,"CHICAGO MIDWAY AIRPORT, IL US",26.1,20.6,2021-09-18,26.26,18.59
5275,USW00014819,"CHICAGO MIDWAY AIRPORT, IL US",32.2,19.4,2021-09-19,31.03,18.22
5276,USW00014819,"CHICAGO MIDWAY AIRPORT, IL US",28.9,21.7,2021-09-20,27.95,20.16
5277,USW00014819,"CHICAGO MIDWAY AIRPORT, IL US",24.4,16.1,2021-09-21,22.49,16.63
5278,USW00014819,"CHICAGO MIDWAY AIRPORT, IL US",17.2,13.3,2021-09-22,17.22,13.53
5279,USW00014819,"CHICAGO MIDWAY AIRPORT, IL US",20.6,11.7,2021-09-23,19.92,11.1
5280,USW00014819,"CHICAGO MIDWAY AIRPORT, IL US",26.7,11.1,2021-09-24,26.36,10.8
5281,USW00014819,"CHICAGO MIDWAY AIRPORT, IL US",21.7,10,2021-09-25,21.33,10.16
5282,USW00014819,"CHICAGO MIDWAY AIRPORT, IL US",28.9,13.3,2021-09-26,28.29,11.99
5283,USW00014819,"CHICAGO MIDWAY AIRPORT, IL US",31.1,18.3,2021-09-27,30.59,15.92
5284,USW00014819,"CHICAGO MIDWAY AIRPORT, IL US",22.8,17.2,2021-09-28,22.87,15.65
5285,USW00014819,"CHICAGO MIDWAY AIRPORT, IL US",27.2,15.6,2021-09-29,27,13.82
5286,USW00014819,"CHICAGO MIDWAY AIRPORT, IL US",27.2,15.6,2021-09-30,26.35,14.36
5287,USW00014819,"CHICAGO MIDWAY AIRPORT, IL US",30,16.7,2021-10-01,28.96,15.19
5288,USW00014819,"CHICAGO MIDWAY AIRPORT, IL US",27.8,20.6,2021-10-02,26.98,18.31
5289,USW00014819,"CHICAGO MIDWAY AIRPORT, IL US",26.1,19.4,2021-10-03,24.75,18.36
5290,USW00014819,"CHICAGO MIDWAY AIRPORT, IL US",22.8,18.3,2021-10-04,22.33,17.5
5291,USW00014819,"CHICAGO MIDWAY AIRPORT, IL US",20.6,18.9,2021-10-05,20.13,18
5292,USW00014819,"CHICAGO MIDWAY AIRPORT, IL US",20.6,18.3,2021-10-06,20.24,17.57
5293,USW00014819,"CHICAGO MIDWAY AIRPORT, IL US",23.9,19.4,2021-10-07,23.43,18.26
5294,USW00014819,"CHICAGO MIDWAY AIRPORT, IL US",24.4,17.2,2021-10-08,23.66,16.71
5295,USW00014819,"CHICAGO MIDWAY AIRPORT, IL US",27.8,17.8,2021-10-09,26.71,16.97
5296,USW00014819,"CHICAGO MIDWAY AIRPORT, IL US",28.9,22.2,2021-10-10,27.95,19.87
5297,USW00014819,"CHICAGO MIDWAY AIRPORT, IL US",26.7,17.2,2021-10-11,26.01,17.46
5298,USW00014819,"CHICAGO MIDWAY AIRPORT, IL US",18.9,13.3,2021-10-12,19.06,13.92
5299,USW00014819,"CHICAGO MIDWAY AIRPORT, IL US",23.3,11.7,2021-10-13,22.6,11.4
5300,USW00014819,"CHICAGO MIDWAY AIRPORT, IL US",21.7,15.6,2021-10-14,21.37,13.43
5301,USW00014819,"CHICAGO MIDWAY AIRPORT, IL US",17.8,11.1,2021-10-15,17.43,11.28
5302,USW00014819,"CHICAGO MIDWAY AIRPORT, IL US",15.6,6.7,2021-10-16,15.33,6.89
5303,USW00014819,"CHICAGO MIDWAY AIRPORT, IL US",19.4,5.6,2021-10-17,19.33,5.43
5304,USW00014819,"CHICAGO MIDWAY AIRPORT, IL US",22.2,7.2,2021-10-18,22.23,6.48
5305,USW00014819,"CHICAGO MIDWAY AIRPORT, IL US",22.8,11.1,2021-10-19,22.36,9.37
5306,USW00014819,"CHICAGO MIDWAY AIRPORT, IL US",22.8,11.7,2021-10-20,22.56,10.84
5307,USW00014819,"CHICAGO MIDWAY AIRPORT, IL US",18.9,8.3,2021-10-21,16.64,8.88
5308,USW00014819,"CHICAGO MIDWAY AIRPORT, IL US",13.3,7.2,2021-10-22,12.81,6.74
5309,USW00014819,"CHICAGO MIDWAY AIRPORT, IL US",13.3,4.4,2021-10-23,13,4.03
5310,USW00014819,"CHICAGO MIDWAY AIRPORT, IL US",11.1,5,2021-10-24,10.53,4.56
5311,USW00014819,"CHICAGO MIDWAY AIRPORT, IL US",12.2,9.4,2021-10-25,11.72,7.94
5312,USW00014819,"CHICAGO MIDWAY AIRPORT, IL US",13.3,5,2021-10-26,13.44,5.71
5313,USW00014819,"CHICAGO MIDWAY AIRPORT, IL US",13.9,3.9,2021-10-27,13.57,3.22
5314,USW00014819,"CHICAGO MIDWAY AIRPORT, IL US",13.3,8.9,2021-10-28,12.88,6.79
5315,USW00014819,"CHICAGO MIDWAY AIRPORT, IL US",13.3,11.7,2021-10-29,13.05,11.16
5316,USW00014819,"CHICAGO MIDWAY AIRPORT, IL US",14.4,7.2,2021-10-30,14.59,8.39
5317,USW00014819,"CHICAGO MIDWAY AIRPORT, IL US",12.2,3.3,2021-10-31,12.28,4.31
5318,USW00014819,"CHICAGO MIDWAY AIRPORT, IL US",9.4,1.1,2021-11-01,9.18,1.45
5319,USW00014819,"CHICAGO MIDWAY AIRPORT, IL US",8.9,0,2021-11-02,8.45,-0.05
5320,USW00014819,"CHICAGO MIDWAY AIRPORT, IL US",7.8,-1,2021-11-03,7.6,-1.27
5321,USW00014819,"CHICAGO MIDWAY AIRPORT, IL US",8.9,-1,2021-11-04,8.74,-1.69
5322,USW00014819,"CHICAGO MIDWAY AIRPORT, IL US",11.1,1.1,2021-11-05,11.11,-0.22
5323,USW00014819,"CHICAGO MIDWAY AIRPORT, IL US",15.6,1.7,2021-11-06,15.18,1.3
5324,USW00014819,"CHICAGO MIDWAY AIRPORT, IL US",18.9,5,2021-11-07,18.6,4.11
5325,USW00014819,"CHICAGO MIDWAY AIRPORT, IL US",18.9,8.9,2021-11-08,18.72,7.78
5326,USW00014819,"CHICAGO MIDWAY AIRPORT, IL US",13.9,6.1,2021-11-09,14.02,6.83
5327,USW00014819,"CHICAGO MIDWAY AIRPORT, IL US",14.4,4.4,2021-11-10,13.71,3.87
5328,USW00014819,"CHICAGO MIDWAY AIRPORT, IL US",14.4,3.3,2021-11-11,13.61,3.98
5329,USW00014819,"CHICAGO MIDWAY AIRPORT, IL US",6.1,1.1,2021-11-12,5.9,1.73
5330,USW00014819,"CHICAGO MIDWAY AIRPORT, IL US",5,1.1,2021-11-13,4.55,0.94
5331,USW00014819,"CHICAGO MIDWAY AIRPORT, IL US",3.3,1.1,2021-11-14,3,0.69
5332,USW00014819,"CHICAGO MIDWAY AIRPORT, IL US",2.2,-1,2021-11-15,1.94,-1.3
5333,USW00014819,"CHICAGO MIDWAY AIRPORT, IL US",13.9,0,2021-11-16,14.09,-0.77
5334,USW00014819,"CHICAGO MIDWAY AIRPORT, IL US",16.7,5,2021-11-17,16.27,3.07
5335,USW00014819,"CHICAGO MIDWAY AIRPORT, IL US",5,0.6,2021-11-18,4.2,0.38
5336,USW00014819,"CHICAGO MIDWAY AIRPORT, IL US",4.4,-3.2,2021-11-19,4.47,-3.21
5337,USW00014819,"CHICAGO MIDWAY AIRPORT, IL US",10,2.2,2021-11-20,10.04,0.24
5338,USW00014819,"CHICAGO MIDWAY AIRPORT, IL US",12.8,-1,2021-11-21,12.66,-0.4
5339,USW00014819,"CHICAGO MIDWAY AIRPORT, IL US",2.8,-4.3,2021-11-22,2.65,-4.6
5340,USW00014819,"CHICAGO MIDWAY AIRPORT, IL US",6.1,-3.8,2021-11-23,6.05,-4.94
5341,USW00014819,"CHICAGO MIDWAY AIRPORT, IL US",11.7,2.8,2021-11-24,11.63,0.15
5342,USW00014819,"CHICAGO MIDWAY AIRPORT, IL US",9.4,-4.3,2021-11-25,8.52,-2.28
5343,USW00014819,"CHICAGO MIDWAY AIRPORT, IL US",-0.5,-7.1,2021-11-26,-0.7,-7.51
5344,USW00014819,"CHICAGO MIDWAY AIRPORT, IL US",5,-1,2021-11-27,5.06,-3.31
5345,USW00014819,"CHICAGO MIDWAY AIRPORT, IL US",5,-3.2,2021-11-28,4.41,-2.65
5346,USW00014819,"CHICAGO MIDWAY AIRPORT, IL US",5,-3.2,2021-11-29,4.76,-3.8
5347,USW00014819,"CHICAGO MIDWAY AIRPORT, IL US",11.7,0.6,2021-11-30,11.43,-0.42
5348,USW00014819,"CHICAGO MIDWAY AIRPORT, IL US",8.9,1.7,2021-12-01,9.06,0.56
5349,USW00014819,"CHICAGO MIDWAY AIRPORT, IL US",15,6.7,2021-12-02,14.48,4.95
5350,USW00014819,"CHICAGO MIDWAY AIRPORT, IL US",10.6,3.9,2021-12-03,10.34,3.16
5351,USW00014819,"CHICAGO MIDWAY AIRPORT, IL US",7.8,-0.5,2021-12-04,6.89,-0.51
5352,USW00014819,"CHICAGO MIDWAY AIRPORT, IL US",6.1,1.7,2021-12-05,5.7,0.73
5353,USW00014819,"CHICAGO MIDWAY AIRPORT, IL US",3.3,-9.3,2021-12-06,3.08,-6.95
5354,USW00014819,"CHICAGO MIDWAY AIRPORT, IL US",-3.8,-10.5,2021-12-07,-3.9,-11.05
5355,USW00014819,"CHICAGO MIDWAY AIRPORT, IL US",2.2,-4.3,2021-12-08,1.77,-6.63
5356,USW00014819,"CHICAGO MIDWAY AIRPORT, IL US",8.3,-2.1,2021-12-09,7.77,-3.48
5357,USW00014819,"CHICAGO MIDWAY AIRPORT, IL US",16.1,0.6,2021-12-10,15.16,0.22
5358,USW00014819,"CHICAGO MIDWAY AIRPORT, IL US",15,-1,2021-12-11,12.45,-0.6
5359,USW00014819,"CHICAGO MIDWAY AIRPORT, IL US",10,-1,2021-12-12,9.46,-0.64
5360,USW00014819,"CHICAGO MIDWAY AIRPORT, IL US",10,2.2,2021-12-13,9.74,0.66
5361,USW00014819,"CHICAGO MIDWAY AIRPORT, IL US",12.8,0.6,2021-12-14,12.13,-0.19
5362,USW00014819,"CHICAGO MIDWAY AIRPORT, IL US",18.9,11.1,2021-12-15,18.14,7.43
5363,USW00014819,"CHICAGO MIDWAY AIRPORT, IL US",19.4,1.7,2021-12-16,15.95,2.82
5364,USW00014819,"CHICAGO MIDWAY AIRPORT, IL US",5.6,-2.1,2021-12-17,4.57,-3.23
5365,USW00014819,"CHICAGO MIDWAY AIRPORT, IL US",5.6,0.6,2021-12-18,4.29,-1.23
5366,USW00014819,"CHICAGO MIDWAY AIRPORT, IL US",4.4,0,2021-12-19,3.65,-1.37
5367,USW00014819,"CHICAGO MIDWAY AIRPORT, IL US",7.2,-0.5,2021-12-20,6.2,-1.83
5368,USW00014819,"CHICAGO MIDWAY AIRPORT, IL US",6.7,-2.7,2021-12-21,5.52,-3.94
5369,USW00014819,"CHICAGO MIDWAY AIRPORT, IL US",0,-6.6,2021-12-22,-0.49,-7.1
5370,USW00014819,"CHICAGO MIDWAY AIRPORT, IL US",8.3,-2.1,2021-12-23,7.48,-4.25
5371,USW00014819,"CHICAGO MIDWAY AIRPORT, IL US",14.4,2.8,2021-12-24,13.75,0.66
5372,USW00014819,"CHICAGO MIDWAY AIRPORT, IL US",15,1.7,2021-12-25,12.27,2.06
5373,USW00014819,"CHICAGO MIDWAY AIRPORT, IL US",6.7,-1,2021-12-26,6.03,-2.5
5374,USW00014819,"CHICAGO MIDWAY AIRPORT, IL US",8.9,1.1,2021-12-27,7.81,-0.91
5375,USW00014819,"CHICAGO MIDWAY AIRPORT, IL US",3.9,0.6,2021-12-28,2.87,-0.72
5376,USW00014819,"CHICAGO MIDWAY AIRPORT, IL US",3.9,0,2021-12-29,2.85,-0.89
5377,USW00014819,"CHICAGO MIDWAY AIRPORT, IL US",3.9,0.6,2021-12-30,3.04,-1.07
5378,USW00014819,"CHICAGO MIDWAY AIRPORT, IL US",7.8,1.1,2021-12-31,6.74,-0.04
5379,USC00111550,"CHICAGO NORTHERLY ISLAND, IL US",3.3,-1.7,2022-01-01,3.69,-1.97
5380,USC00111550,"CHICAGO NORTHERLY ISLAND, IL US",-1.7,-8.3,2022-01-02,-1.87,-8.48
5381,USC00111550,"CHICAGO NORTHERLY ISLAND, IL US",-5,-10.6,2022-01-03,-4.88,-12.52
5382,USC00111550,"CHICAGO NORTHERLY ISLAND, IL US",1.1,-5.6,2022-01-04,1.79,-7.06
5383,USC00111550,"CHICAGO NORTHERLY ISLAND, IL US",0.6,-11.1,2022-01-05,-0.51,-10.5
5384,USC00111550,"CHICAGO NORTHERLY ISLAND, IL US",-8.3,-14.4,2022-01-06,-8.65,-14.7
5385,USC00111550,"CHICAGO NORTHERLY ISLAND, IL US",-8.3,-17.2,2022-01-07,-8.72,-17.96
5386,USC00111550,"CHICAGO NORTHERLY ISLAND, IL US",1.1,-10.6,2022-01-08,1.63,-12.01
5387,USC00111550,"CHICAGO NORTHERLY ISLAND, IL US",1.1,-11.7,2022-01-09,1.28,-11.45
5388,USC00111550,"CHICAGO NORTHERLY ISLAND, IL US",-7.8,-13.3,2022-01-10,-7.59,-13.51
5389,USC00111550,"CHICAGO NORTHERLY ISLAND, IL US",2.2,-13.9,2022-01-11,2.56,-15.07
5390,USC00111550,"CHICAGO NORTHERLY ISLAND, IL US",5,-0.6,2022-01-12,5.2,-3.58
5391,USC00111550,"CHICAGO NORTHERLY ISLAND, IL US",2.8,-1.1,2022-01-13,3.98,-1.31
5392,USC00111550,"CHICAGO NORTHERLY ISLAND, IL US",1.7,-3.9,2022-01-14,1.92,-2.93
5393,USC00111550,"CHICAGO NORTHERLY ISLAND, IL US",-3.9,-6.1,2022-01-15,-3.38,-7.8
5394,USC00111550,"CHICAGO NORTHERLY ISLAND, IL US",-2.2,-8.9,2022-01-16,-1.47,-11.13
5395,USC00111550,"CHICAGO NORTHERLY ISLAND, IL US",-2.2,-5,2022-01-17,-1.8,-5.92
5396,USC00111550,"CHICAGO NORTHERLY ISLAND, IL US",6.1,-5.6,2022-01-18,6.61,-6.19
5397,USC00111550,"CHICAGO NORTHERLY ISLAND, IL US",5,-10.6,2022-01-19,3.57,-9.7
5398,USC00111550,"CHICAGO NORTHERLY ISLAND, IL US",-7.8,-12.8,2022-01-20,-6.72,-12.5
5399,USC00111550,"CHICAGO NORTHERLY ISLAND, IL US",-3.9,-10.6,2022-01-21,-3.44,-12.09
5400,USC00111550,"CHICAGO NORTHERLY ISLAND, IL US",0.6,-7.2,2022-01-22,1.05,-8.32
5401,USC00111550,"CHICAGO NORTHERLY ISLAND, IL US",-4.4,-10.6,2022-01-23,-4.58,-11.8
5402,USC00111550,"CHICAGO NORTHERLY ISLAND, IL US",-3.3,-11.1,2022-01-24,-2.73,-12.19
5403,USC00111550,"CHICAGO NORTHERLY ISLAND, IL US",-9.4,-16.7,2022-01-25,-9.45,-16.67
5404,USC00111550,"CHICAGO NORTHERLY ISLAND, IL US",-10,-19.4,2022-01-26,-9.06,-20.89
5405,USC00111550,"CHICAGO NORTHERLY ISLAND, IL US",0,-10,2022-01-27,0.63,-12.49
5406,USC00111550,"CHICAGO NORTHERLY ISLAND, IL US",-2.8,-10,2022-01-28,-3.29,-10.41
5407,USC00111550,"CHICAGO NORTHERLY ISLAND, IL US",-6.1,-11.1,2022-01-29,-5.03,-13.1
5408,USC00111550,"CHICAGO NORTHERLY ISLAND, IL US",-1.1,-8.3,2022-01-30,-0.19,-11.07
5409,USC00111550,"CHICAGO NORTHERLY ISLAND, IL US",0.6,-2.2,2022-01-31,1.51,-3.91
5410,USC00111550,"CHICAGO NORTHERLY ISLAND, IL US",7.8,-0.6,2022-02-01,8.5,-0.86
5411,USC00111550,"CHICAGO NORTHERLY ISLAND, IL US",0,-6.7,2022-02-02,-0.19,-6.68
5412,USC00111550,"CHICAGO NORTHERLY ISLAND, IL US",-3.3,-6.1,2022-02-03,-3.97,-7.54
5413,USC00111550,"CHICAGO NORTHERLY ISLAND, IL US",-3.3,-11.1,2022-02-04,-3.68,-11.59
5414,USC00111550,"CHICAGO NORTHERLY ISLAND, IL US",-7.2,-13.3,2022-02-05,-6.64,-14.45
5415,USC00111550,"CHICAGO NORTHERLY ISLAND, IL US",-0.6,-8.3,2022-02-06,0.58,-9.47
5416,USC00111550,"CHICAGO NORTHERLY ISLAND, IL US",-0.6,-7.8,2022-02-07,-0.99,-7.85
5417,USC00111550,"CHICAGO NORTHERLY ISLAND, IL US",3.9,-7.8,2022-02-08,4.34,-8.96
5418,USC00111550,"CHICAGO NORTHERLY ISLAND, IL US",5,0.6,2022-02-09,5.52,-1.36
5419,USC00111550,"CHICAGO NORTHERLY ISLAND, IL US",1.7,-2.8,2022-02-10,2.02,-2.44
5420,USC00111550,"CHICAGO NORTHERLY ISLAND, IL US",6.7,-5.6,2022-02-11,7.05,-3.01
5421,USC00111550,"CHICAGO NORTHERLY ISLAND, IL US",-1.1,-10.6,2022-02-12,-2.4,-10.07
5422,USC00111550,"CHICAGO NORTHERLY ISLAND, IL US",-7.2,-10.6,2022-02-13,-6.88,-10.84
5423,USC00111550,"CHICAGO NORTHERLY ISLAND, IL US",-3.3,-10,2022-02-14,-2.99,-10.35
5424,USC00111550,"CHICAGO NORTHERLY ISLAND, IL US",7.2,-5.6,2022-02-15,7.39,-6.64
5425,USC00111550,"CHICAGO NORTHERLY ISLAND, IL US",11.7,2.8,2022-02-16,11.91,1.49
5426,USC00111550,"CHICAGO NORTHERLY ISLAND, IL US",2.8,-7.8,2022-02-17,3.61,-6.62
5427,USC00111550,"CHICAGO NORTHERLY ISLAND, IL US",-0.6,-11.7,2022-02-18,-0.21,-13.25
5428,USC00111550,"CHICAGO NORTHERLY ISLAND, IL US",-2.2,-11.7,2022-02-19,-2.15,-12.22
5429,USC00111550,"CHICAGO NORTHERLY ISLAND, IL US",8.3,-8.3,2022-02-20,9.1,-8.98
5430,USC00111550,"CHICAGO NORTHERLY ISLAND, IL US",5.6,0.6,2022-02-21,9.17,-0.18
5431,USC00111550,"CHICAGO NORTHERLY ISLAND, IL US",5,-5,2022-02-22,7.37,-3.37
5432,USC00111550,"CHICAGO NORTHERLY ISLAND, IL US",-3.9,-8.9,2022-02-23,-3.92,-8.57
5433,USC00111550,"CHICAGO NORTHERLY ISLAND, IL US",-2.8,-4.4,2022-02-24,-2.2,-5.73
5434,USC00111550,"CHICAGO NORTHERLY ISLAND, IL US",-1.7,-6.1,2022-02-25,-0.86,-6.85
5435,USC00111550,"CHICAGO NORTHERLY ISLAND, IL US",0,-8.9,2022-02-26,0.33,-10.04
5436,USC00111550,"CHICAGO NORTHERLY ISLAND, IL US",5,-2.2,2022-02-27,6.21,-3.88
5437,USC00111550,"CHICAGO NORTHERLY ISLAND, IL US",11.7,-2.2,2022-02-28,11.88,-3.03
5438,USC00111550,"CHICAGO NORTHERLY ISLAND, IL US",7.2,0,2022-03-01,9.53,0.74
5439,USC00111550,"CHICAGO NORTHERLY ISLAND, IL US",13.9,-0.6,2022-03-02,14.57,-0.86
5440,USC00111550,"CHICAGO NORTHERLY ISLAND, IL US",1.1,-2.2,2022-03-03,1.56,-2.36
5441,USC00111550,"CHICAGO NORTHERLY ISLAND, IL US",1.7,-2.2,2022-03-04,4.72,-3.04
5442,USC00111550,"CHICAGO NORTHERLY ISLAND, IL US",20,1.1,2022-03-05,21.12,2.12
5443,USC00111550,"CHICAGO NORTHERLY ISLAND, IL US",15.6,1.1,2022-03-06,14.16,2.21
5444,USC00111550,"CHICAGO NORTHERLY ISLAND, IL US",2.2,-0.6,2022-03-07,2.56,-0.29
5445,USC00111550,"CHICAGO NORTHERLY ISLAND, IL US",4.4,-2.8,2022-03-08,4.7,-2.83
5446,USC00111550,"CHICAGO NORTHERLY ISLAND, IL US",5.6,-1.1,2022-03-09,6.22,-2.25
5447,USC00111550,"CHICAGO NORTHERLY ISLAND, IL US",-1.1,-5,2022-03-10,-0.55,-4.45
5448,USC00111550,"CHICAGO NORTHERLY ISLAND, IL US",-0.6,-7.8,2022-03-11,0.3,-7.69
5449,USC00111550,"CHICAGO NORTHERLY ISLAND, IL US",-5,-11.1,2022-03-12,-4.18,-11.1
5450,USC00111550,"CHICAGO NORTHERLY ISLAND, IL US",10.6,-6.7,2022-03-13,11.33,-7.3
5451,USC00111550,"CHICAGO NORTHERLY ISLAND, IL US",16.7,2.8,2022-03-14,17.37,2.15
5452,USC00111550,"CHICAGO NORTHERLY ISLAND, IL US",5.6,1.1,2022-03-15,9.67,0.96
5453,USC00111550,"CHICAGO NORTHERLY ISLAND, IL US",20,1.1,2022-03-16,21.17,1.44
5454,USC00111550,"CHICAGO NORTHERLY ISLAND, IL US",16.7,5,2022-03-17,20.93,6.54
5455,USC00111550,"CHICAGO NORTHERLY ISLAND, IL US",7.2,3.3,2022-03-18,8.66,4.08
5456,USC00111550,"CHICAGO NORTHERLY ISLAND, IL US",6.1,2.2,2022-03-19,6.23,2.54
5457,USC00111550,"CHICAGO NORTHERLY ISLAND, IL US",11.1,3.3,2022-03-20,15.66,0.88
5458,USC00111550,"CHICAGO NORTHERLY ISLAND, IL US",22.8,4.4,2022-03-21,23.75,4.05
5459,USC00111550,"CHICAGO NORTHERLY ISLAND, IL US",11.7,3.9,2022-03-22,13.46,6.97
5460,USC00111550,"CHICAGO NORTHERLY ISLAND, IL US",12.2,5.6,2022-03-23,14.54,6.88
5461,USC00111550,"CHICAGO NORTHERLY ISLAND, IL US",7.2,2.2,2022-03-24,7.13,3.67
5462,USC00111550,"CHICAGO NORTHERLY ISLAND, IL US",8.3,1.7,2022-03-25,8.71,1.83
5463,USC00111550,"CHICAGO NORTHERLY ISLAND, IL US",1.7,-2.2,2022-03-26,1.49,-2.17
5464,USC00111550,"CHICAGO NORTHERLY ISLAND, IL US",-0.6,-4.4,2022-03-27,1.01,-4.9
5465,USC00111550,"CHICAGO NORTHERLY ISLAND, IL US",-0.6,-3.3,2022-03-28,0.35,-5.16
5466,USC00111550,"CHICAGO NORTHERLY ISLAND, IL US",5,-2.2,2022-03-29,6.52,-2.73
5467,USC00111550,"CHICAGO NORTHERLY ISLAND, IL US",16.1,5,2022-03-30,16.5,4.56
5468,USC00111550,"CHICAGO NORTHERLY ISLAND, IL US",9.4,0.6,2022-03-31,8.62,0.93
5469,USC00111550,"CHICAGO NORTHERLY ISLAND, IL US",3.9,0,2022-04-01,6.01,-0.16
5470,USC00111550,"CHICAGO NORTHERLY ISLAND, IL US",6.1,1.1,2022-04-02,6.69,-0.18
5471,USC00111550,"CHICAGO NORTHERLY ISLAND, IL US",5.6,2.2,2022-04-03,7.97,0.99
5472,USC00111550,"CHICAGO NORTHERLY ISLAND, IL US",11.7,3.3,2022-04-04,12.32,3.81
5473,USC00111550,"CHICAGO NORTHERLY ISLAND, IL US",7.8,1.7,2022-04-05,11.86,2.64
5474,USC00111550,"CHICAGO NORTHERLY ISLAND, IL US",13.3,6.7,2022-04-06,13.9,5.95
5475,USC00111550,"CHICAGO NORTHERLY ISLAND, IL US",6.7,3.9,2022-04-07,7.21,4.28
5476,USC00111550,"CHICAGO NORTHERLY ISLAND, IL US",5,0.6,2022-04-08,5.24,1.02
5477,USC00111550,"CHICAGO NORTHERLY ISLAND, IL US",5.6,0,2022-04-09,7.92,0.2
5478,USC00111550,"CHICAGO NORTHERLY ISLAND, IL US",15,3.3,2022-04-10,16.27,1.42
5479,USC00111550,"CHICAGO NORTHERLY ISLAND, IL US",16.7,6.7,2022-04-11,16.55,5.92
5480,USC00111550,"CHICAGO NORTHERLY ISLAND, IL US",18.9,5.6,2022-04-12,20.55,3.95
5481,USC00111550,"CHICAGO NORTHERLY ISLAND, IL US",21.1,5,2022-04-13,21.45,5.46
5482,USC00111550,"CHICAGO NORTHERLY ISLAND, IL US",10.6,2.2,2022-04-14,11.47,1.97
5483,USC00111550,"CHICAGO NORTHERLY ISLAND, IL US",12.8,5,2022-04-15,12.91,4.59
5484,USC00111550,"CHICAGO NORTHERLY ISLAND, IL US",5.6,1.7,2022-04-16,7.98,0.83
5485,USC00111550,"CHICAGO NORTHERLY ISLAND, IL US",3.9,1.7,2022-04-17,5.21,-0.45
5486,USC00111550,"CHICAGO NORTHERLY ISLAND, IL US",5,0.6,2022-04-18,5.31,0.76
5487,USC00111550,"CHICAGO NORTHERLY ISLAND, IL US",6.1,2.8,2022-04-19,8.62,2.47
5488,USC00111550,"CHICAGO NORTHERLY ISLAND, IL US",11.7,5,2022-04-20,12.43,4.49
5489,USC00111550,"CHICAGO NORTHERLY ISLAND, IL US",19.4,9.4,2022-04-21,20.8,8.77
5490,USC00111550,"CHICAGO NORTHERLY ISLAND, IL US",11.7,6.7,2022-04-22,13.81,7.9
5491,USC00111550,"CHICAGO NORTHERLY ISLAND, IL US",27.8,7.8,2022-04-23,29.06,9.86
5492,USC00111550,"CHICAGO NORTHERLY ISLAND, IL US",22.8,13.9,2022-04-24,23.06,13.85
5493,USC00111550,"CHICAGO NORTHERLY ISLAND, IL US",13.9,5,2022-04-25,13.85,5.96
5494,USC00111550,"CHICAGO NORTHERLY ISLAND, IL US",9.4,3.3,2022-04-26,10.24,2.97
5495,USC00111550,"CHICAGO NORTHERLY ISLAND, IL US",3.9,1.1,2022-04-27,4.92,1.03
5496,USC00111550,"CHICAGO NORTHERLY ISLAND, IL US",8.3,3.3,2022-04-28,9.7,3.17
5497,USC00111550,"CHICAGO NORTHERLY ISLAND, IL US",11.1,7.2,2022-04-29,17.07,7.87
5498,USC00111550,"CHICAGO NORTHERLY ISLAND, IL US",16.7,8.3,2022-04-30,19.87,9.48
5499,USC00111550,"CHICAGO NORTHERLY ISLAND, IL US",14.4,10,2022-05-01,14.09,10.3
5500,USC00111550,"CHICAGO NORTHERLY ISLAND, IL US",11.7,7.2,2022-05-02,12.61,8.22
5501,USC00111550,"CHICAGO NORTHERLY ISLAND, IL US",8.3,5.6,2022-05-03,10.08,6.63
5502,USC00111550,"CHICAGO NORTHERLY ISLAND, IL US",7.8,4.4,2022-05-04,11.04,4.7
5503,USC00111550,"CHICAGO NORTHERLY ISLAND, IL US",8.9,5.6,2022-05-05,11.5,5.59
5504,USC00111550,"CHICAGO NORTHERLY ISLAND, IL US",10,7.2,2022-05-06,11.54,8.3
5505,USC00111550,"CHICAGO NORTHERLY ISLAND, IL US",11.7,7.8,2022-05-07,15.47,7.1
5506,USC00111550,"CHICAGO NORTHERLY ISLAND, IL US",13.3,6.7,2022-05-08,17.6,6.41
5507,USC00111550,"CHICAGO NORTHERLY ISLAND, IL US",25,8.9,2022-05-09,27.35,11.42
5508,USC00111550,"CHICAGO NORTHERLY ISLAND, IL US",30.6,16.1,2022-05-10,31.83,18.34
5509,USC00111550,"CHICAGO NORTHERLY ISLAND, IL US",25.6,14.4,2022-05-11,30.81,20.18
5510,USC00111550,"CHICAGO NORTHERLY ISLAND, IL US",24.4,16.1,2022-05-12,31.03,20.52
5511,USC00111550,"CHICAGO NORTHERLY ISLAND, IL US",26.7,15.6,2022-05-13,31.11,18.15
5512,USC00111550,"CHICAGO NORTHERLY ISLAND, IL US",24.4,16.1,2022-05-14,27.43,17.54
5513,USC00111550,"CHICAGO NORTHERLY ISLAND, IL US",22.2,14.4,2022-05-15,24.05,14.61
5514,USC00111550,"CHICAGO NORTHERLY ISLAND, IL US",24.4,13.9,2022-05-16,25.39,12.72
5515,USC00111550,"CHICAGO NORTHERLY ISLAND, IL US",16.7,10,2022-05-17,18.15,10.49
5516,USC00111550,"CHICAGO NORTHERLY ISLAND, IL US",14.4,10.6,2022-05-18,16.28,11.4
5517,USC00111550,"CHICAGO NORTHERLY ISLAND, IL US",28.9,11.7,2022-05-19,29.72,11.26
5518,USC00111550,"CHICAGO NORTHERLY ISLAND, IL US",30,13.3,2022-05-20,30.26,14.9
5519,USC00111550,"CHICAGO NORTHERLY ISLAND, IL US",16.7,11.1,2022-05-21,17,12.53
5520,USC00111550,"CHICAGO NORTHERLY ISLAND, IL US",14.4,10.6,2022-05-22,16.41,10.15
5521,USC00111550,"CHICAGO NORTHERLY ISLAND, IL US",13.3,9.4,2022-05-23,15.65,7.66
5522,USC00111550,"CHICAGO NORTHERLY ISLAND, IL US",14.4,9.4,2022-05-24,17.88,9.15
5523,USC00111550,"CHICAGO NORTHERLY ISLAND, IL US",26.1,11.7,2022-05-25,26.66,12.65
5524,USC00111550,"CHICAGO NORTHERLY ISLAND, IL US",25,14.4,2022-05-26,25.58,16.29
5525,USC00111550,"CHICAGO NORTHERLY ISLAND, IL US",16.7,9.4,2022-05-27,17.31,10.2
5526,USC00111550,"CHICAGO NORTHERLY ISLAND, IL US",19.4,11.1,2022-05-28,22.63,9.78
5527,USC00111550,"CHICAGO NORTHERLY ISLAND, IL US",27.8,17.2,2022-05-29,29.25,16.7
5528,USC00111550,"CHICAGO NORTHERLY ISLAND, IL US",30.6,21.7,2022-05-30,31.85,21.41
5529,USC00111550,"CHICAGO NORTHERLY ISLAND, IL US",30.6,23.3,2022-05-31,31.04,23.19
5530,USC00111550,"CHICAGO NORTHERLY ISLAND, IL US",25.6,13.3,2022-06-01,24.15,15.08
5531,USC00111550,"CHICAGO NORTHERLY ISLAND, IL US",19.4,13.9,2022-06-02,23.4,13.97
5532,USC00111550,"CHICAGO NORTHERLY ISLAND, IL US",26.1,14.4,2022-06-03,27.04,14
5533,USC00111550,"CHICAGO NORTHERLY ISLAND, IL US",17.2,13.3,2022-06-04,20.5,12
5534,USC00111550,"CHICAGO NORTHERLY ISLAND, IL US",21.1,13.9,2022-06-05,24.22,14.99
5535,USC00111550,"CHICAGO NORTHERLY ISLAND, IL US",23.3,13.3,2022-06-06,24.77,14.41
5536,USC00111550,"CHICAGO NORTHERLY ISLAND, IL US",16.1,11.7,2022-06-07,19.39,12.72
5537,USC00111550,"CHICAGO NORTHERLY ISLAND, IL US",18.9,12.8,2022-06-08,20.36,12.8
5538,USC00111550,"CHICAGO NORTHERLY ISLAND, IL US",24.4,12.2,2022-06-09,25.44,11.6
5539,USC00111550,"CHICAGO NORTHERLY ISLAND, IL US",25.6,16.1,2022-06-10,26.43,13.7
5540,USC00111550,"CHICAGO NORTHERLY ISLAND, IL US",22.8,15,2022-06-11,23.69,14.51
5541,USC00111550,"CHICAGO NORTHERLY ISLAND, IL US",20.6,13.3,2022-06-12,21.46,14.49
5542,USC00111550,"CHICAGO NORTHERLY ISLAND, IL US",24.4,13.9,2022-06-13,29.47,14.48
5543,USC00111550,"CHICAGO NORTHERLY ISLAND, IL US",35.6,17.8,2022-06-14,36.57,19.43
5544,USC00111550,"CHICAGO NORTHERLY ISLAND, IL US",35,27.8,2022-06-15,35.84,26.17
5545,USC00111550,"CHICAGO NORTHERLY ISLAND, IL US",34.4,19.4,2022-06-16,34.77,21.91
5546,USC00111550,"CHICAGO NORTHERLY ISLAND, IL US",26.1,17.2,2022-06-17,28.29,18.68
5547,USC00111550,"CHICAGO NORTHERLY ISLAND, IL US",18.9,13.9,2022-06-18,21.34,13.14
5548,USC00111550,"CHICAGO NORTHERLY ISLAND, IL US",26.1,13.9,2022-06-19,28.66,11.87
5549,USC00111550,"CHICAGO NORTHERLY ISLAND, IL US",33.9,19.4,2022-06-20,34.63,17.74
5550,USC00111550,"CHICAGO NORTHERLY ISLAND, IL US",36.1,23.3,2022-06-21,36.99,22.22
5551,USC00111550,"CHICAGO NORTHERLY ISLAND, IL US",30,21.1,2022-06-22,31.24,21.67
5552,USC00111550,"CHICAGO NORTHERLY ISLAND, IL US",23.3,18.3,2022-06-23,26.97,18.22
5553,USC00111550,"CHICAGO NORTHERLY ISLAND, IL US",26.1,18.3,2022-06-24,30.93,17.03
5554,USC00111550,"CHICAGO NORTHERLY ISLAND, IL US",25.6,18.9,2022-06-25,25.64,18.56
5555,USC00111550,"CHICAGO NORTHERLY ISLAND, IL US",26.1,20,2022-06-26,26.8,19.31
5556,USC00111550,"CHICAGO NORTHERLY ISLAND, IL US",22.8,17.8,2022-06-27,24.79,16.08
5557,USC00111550,"CHICAGO NORTHERLY ISLAND, IL US",29.4,16.7,2022-06-28,29.98,14.87
5558,USC00111550,"CHICAGO NORTHERLY ISLAND, IL US",27.2,20,2022-06-29,29.58,19.07
5559,USC00111550,"CHICAGO NORTHERLY ISLAND, IL US",32.2,22.8,2022-06-30,33.37,22.19
5560,USC00111550,"CHICAGO NORTHERLY ISLAND, IL US",26.7,18.3,2022-07-01,27.86,19.13
5561,USC00111550,"CHICAGO NORTHERLY ISLAND, IL US",24.4,18.9,2022-07-02,27.69,17.23
5562,USC00111550,"CHICAGO NORTHERLY ISLAND, IL US",25.6,20,2022-07-03,28.92,18.88
5563,USC00111550,"CHICAGO NORTHERLY ISLAND, IL US",30.6,20,2022-07-04,31.21,19.8
5564,USC00111550,"CHICAGO NORTHERLY ISLAND, IL US",31.1,19.4,2022-07-05,33.31,20.47
5565,USC00111550,"CHICAGO NORTHERLY ISLAND, IL US",23.3,19.4,2022-07-06,25.59,20.61
5566,USC00111550,"CHICAGO NORTHERLY ISLAND, IL US",25,19.4,2022-07-07,28.34,20.23
5567,USC00111550,"CHICAGO NORTHERLY ISLAND, IL US",23.9,20.6,2022-07-08,25.29,20.95
5568,USC00111550,"CHICAGO NORTHERLY ISLAND, IL US",22.8,19.4,2022-07-09,24.41,18.69
5569,USC00111550,"CHICAGO NORTHERLY ISLAND, IL US",25,18.3,2022-07-10,28.46,15.95
5570,USC00111550,"CHICAGO NORTHERLY ISLAND, IL US",28.9,21.1,2022-07-11,29.9,20.58
5571,USC00111550,"CHICAGO NORTHERLY ISLAND, IL US",27.8,21.1,2022-07-12,29.53,20.57
5572,USC00111550,"CHICAGO NORTHERLY ISLAND, IL US",26.1,18.9,2022-07-13,27.14,18.75
5573,USC00111550,"CHICAGO NORTHERLY ISLAND, IL US",23.3,18.3,2022-07-14,25.3,16.41
5574,USC00111550,"CHICAGO NORTHERLY ISLAND, IL US",22.2,18.9,2022-07-15,23.12,17.89
5575,USC00111550,"CHICAGO NORTHERLY ISLAND, IL US",22.8,19.4,2022-07-16,24.87,19.77
5576,USC00111550,"CHICAGO NORTHERLY ISLAND, IL US",22.2,20.6,2022-07-17,24.57,20.62
5577,USC00111550,"CHICAGO NORTHERLY ISLAND, IL US",26.7,21.1,2022-07-18,30.21,20.36
5578,USC00111550,"CHICAGO NORTHERLY ISLAND, IL US",30.6,18.3,2022-07-19,31.78,20.35
5579,USC00111550,"CHICAGO NORTHERLY ISLAND, IL US",29.4,24.4,2022-07-20,30.87,24.56
5580,USC00111550,"CHICAGO NORTHERLY ISLAND, IL US",32.8,22.8,2022-07-21,33.53,21.52
5581,USC00111550,"CHICAGO NORTHERLY ISLAND, IL US",31.1,22.8,2022-07-22,32.51,21.41
5582,USC00111550,"CHICAGO NORTHERLY ISLAND, IL US",29.4,18.9,2022-07-23,30.12,20.34
5583,USC00111550,"CHICAGO NORTHERLY ISLAND, IL US",30,22.2,2022-07-24,30.2,21.97
5584,USC00111550,"CHICAGO NORTHERLY ISLAND, IL US",23.9,19.4,2022-07-25,24.72,18.69
5585,USC00111550,"CHICAGO NORTHERLY ISLAND, IL US",23.3,18.9,2022-07-26,26.44,17.97
5586,USC00111550,"CHICAGO NORTHERLY ISLAND, IL US",27.2,21.1,2022-07-27,28.87,20.57
5587,USC00111550,"CHICAGO NORTHERLY ISLAND, IL US",26.7,21.1,2022-07-28,27.45,19.84
5588,USC00111550,"CHICAGO NORTHERLY ISLAND, IL US",23.9,18.9,2022-07-29,26.31,17.12
5589,USC00111550,"CHICAGO NORTHERLY ISLAND, IL US",25.6,18.9,2022-07-30,27.88,17.16
5590,USC00111550,"CHICAGO NORTHERLY ISLAND, IL US",28.3,20.6,2022-07-31,29.12,18.73
5591,USC00111550,"CHICAGO NORTHERLY ISLAND, IL US",29.4,22.2,2022-08-01,30.25,21.95
5592,USC00111550,"CHICAGO NORTHERLY ISLAND, IL US",30.6,20,2022-08-02,31.56,19.51
5593,USC00111550,"CHICAGO NORTHERLY ISLAND, IL US",32.2,23.3,2022-08-03,33.23,23.21
5594,USC00111550,"CHICAGO NORTHERLY ISLAND, IL US",26.7,20.6,2022-08-04,28,21.79
5595,USC00111550,"CHICAGO NORTHERLY ISLAND, IL US",25.6,20,2022-08-05,29.29,20.59
5596,USC00111550,"CHICAGO NORTHERLY ISLAND, IL US",32.8,22.2,2022-08-06,33.81,22.69
5597,USC00111550,"CHICAGO NORTHERLY ISLAND, IL US",28.3,21.7,2022-08-07,28.29,23.71
5598,USC00111550,"CHICAGO NORTHERLY ISLAND, IL US",26.7,17.8,2022-08-08,27.82,19.71
5599,USC00111550,"CHICAGO NORTHERLY ISLAND, IL US",21.7,16.1,2022-08-09,23.74,16.97
5600,USC00111550,"CHICAGO NORTHERLY ISLAND, IL US",24.4,16.1,2022-08-10,27.86,15.4
5601,USC00111550,"CHICAGO NORTHERLY ISLAND, IL US",24.4,18.9,2022-08-11,25.38,17.88
5602,USC00111550,"CHICAGO NORTHERLY ISLAND, IL US",23.3,18.9,2022-08-12,25.1,15.91
5603,USC00111550,"CHICAGO NORTHERLY ISLAND, IL US",24.4,18.3,2022-08-13,25.41,17.97
5604,USC00111550,"CHICAGO NORTHERLY ISLAND, IL US",22.8,19.4,2022-08-14,24.73,19.64
5605,USC00111550,"CHICAGO NORTHERLY ISLAND, IL US",24.4,19.4,2022-08-15,25.62,18.77
5606,USC00111550,"CHICAGO NORTHERLY ISLAND, IL US",25,19.4,2022-08-16,26.73,17.53
5607,USC00111550,"CHICAGO NORTHERLY ISLAND, IL US",25,18.9,2022-08-17,26.8,16.93
5608,USC00111550,"CHICAGO NORTHERLY ISLAND, IL US",26.1,18.3,2022-08-18,28.25,15.96
5609,USC00111550,"CHICAGO NORTHERLY ISLAND, IL US",29.4,20,2022-08-19,30.06,19.06
5610,USC00111550,"CHICAGO NORTHERLY ISLAND, IL US",25,18.3,2022-08-20,25.79,18.82
5611,USC00111550,"CHICAGO NORTHERLY ISLAND, IL US",23.3,20,2022-08-21,25.23,19.17
5612,USC00111550,"CHICAGO NORTHERLY ISLAND, IL US",23.9,18.9,2022-08-22,26.67,17.96
5613,USC00111550,"CHICAGO NORTHERLY ISLAND, IL US",26.7,19.4,2022-08-23,28.62,17.47
5614,USC00111550,"CHICAGO NORTHERLY ISLAND, IL US",25.6,20,2022-08-24,28.43,18.04
5615,USC00111550,"CHICAGO NORTHERLY ISLAND, IL US",26.7,18.9,2022-08-25,27.29,18.48
5616,USC00111550,"CHICAGO NORTHERLY ISLAND, IL US",23.3,18.9,2022-08-26,24.85,17.95
5617,USC00111550,"CHICAGO NORTHERLY ISLAND, IL US",24.4,17.8,2022-08-27,27.11,15.05
5618,USC00111550,"CHICAGO NORTHERLY ISLAND, IL US",31.1,20.6,2022-08-28,32.25,19.53
5619,USC00111550,"CHICAGO NORTHERLY ISLAND, IL US",30,20.6,2022-08-29,30.11,21.16
5620,USC00111550,"CHICAGO NORTHERLY ISLAND, IL US",26.7,20,2022-08-30,27.43,19.07
5621,USC00111550,"CHICAGO NORTHERLY ISLAND, IL US",29.4,18.3,2022-08-31,29.72,16.67
5622,USC00111550,"CHICAGO NORTHERLY ISLAND, IL US",30.6,21.1,2022-09-01,31.29,19.4
5623,USC00111550,"CHICAGO NORTHERLY ISLAND, IL US",29.4,22.2,2022-09-02,30.09,20.63
5624,USC00111550,"CHICAGO NORTHERLY ISLAND, IL US",29.4,20.6,2022-09-03,30.78,20.29
5625,USC00111550,"CHICAGO NORTHERLY ISLAND, IL US",21.7,19.4,2022-09-04,22.63,19.94
5626,USC00111550,"CHICAGO NORTHERLY ISLAND, IL US",21.7,18.9,2022-09-05,21.91,18.9
5627,USC00111550,"CHICAGO NORTHERLY ISLAND, IL US",23.9,20,2022-09-06,25.44,19.46
5628,USC00111550,"CHICAGO NORTHERLY ISLAND, IL US",24.4,18.9,2022-09-07,26.13,17.93
5629,USC00111550,"CHICAGO NORTHERLY ISLAND, IL US",25,17.8,2022-09-08,27.72,15.83
5630,USC00111550,"CHICAGO NORTHERLY ISLAND, IL US",27.8,17.8,2022-09-09,29.13,16.15
5631,USC00111550,"CHICAGO NORTHERLY ISLAND, IL US",26.7,19.4,2022-09-10,28.83,17.35
5632,USC00111550,"CHICAGO NORTHERLY ISLAND, IL US",22.2,15,2022-09-11,22.11,15.53
5633,USC00111550,"CHICAGO NORTHERLY ISLAND, IL US",17.8,12.2,2022-09-12,18.31,12.55
5634,USC00111550,"CHICAGO NORTHERLY ISLAND, IL US",22.8,15.6,2022-09-13,24.51,14.51
5635,USC00111550,"CHICAGO NORTHERLY ISLAND, IL US",22.2,17.2,2022-09-14,24.58,14.35
5636,USC00111550,"CHICAGO NORTHERLY ISLAND, IL US",27.2,17.2,2022-09-15,27.79,15.23
5637,USC00111550,"CHICAGO NORTHERLY ISLAND, IL US",27.8,18.9,2022-09-16,28.5,17.09
5638,USC00111550,"CHICAGO NORTHERLY ISLAND, IL US",28.9,20.6,2022-09-17,29.76,19.58
5639,USC00111550,"CHICAGO NORTHERLY ISLAND, IL US",29.4,21.1,2022-09-18,29.76,20.76
5640,USC00111550,"CHICAGO NORTHERLY ISLAND, IL US",22.2,17.8,2022-09-19,24.14,17.66
5641,USC00111550,"CHICAGO NORTHERLY ISLAND, IL US",29.4,17.2,2022-09-20,30.53,16.41
5642,USC00111550,"CHICAGO NORTHERLY ISLAND, IL US",29.4,17.2,2022-09-21,30.02,17.09
5643,USC00111550,"CHICAGO NORTHERLY ISLAND, IL US",17.2,12.8,2022-09-22,18.15,12.35
5644,USC00111550,"CHICAGO NORTHERLY ISLAND, IL US",17.2,12.2,2022-09-23,17.8,9.56
5645,USC00111550,"CHICAGO NORTHERLY ISLAND, IL US",22.8,11.1,2022-09-24,22.62,11.11
5646,USC00111550,"CHICAGO NORTHERLY ISLAND, IL US",19.4,13.9,2022-09-25,19.97,13.58
5647,USC00111550,"CHICAGO NORTHERLY ISLAND, IL US",16.7,11.7,2022-09-26,17.58,11.55
5648,USC00111550,"CHICAGO NORTHERLY ISLAND, IL US",15,9.4,2022-09-27,16.14,9.15
5649,USC00111550,"CHICAGO NORTHERLY ISLAND, IL US",15.6,9.4,2022-09-28,15.79,8.51
5650,USC00111550,"CHICAGO NORTHERLY ISLAND, IL US",15.6,10.6,2022-09-29,16.9,6.92
5651,USC00111550,"CHICAGO NORTHERLY ISLAND, IL US",16.7,10,2022-09-30,18.16,7.92
5652,USC00111550,"CHICAGO NORTHERLY ISLAND, IL US",18.3,15,2022-10-01,19.54,10.11
5653,USC00111550,"CHICAGO NORTHERLY ISLAND, IL US",17.2,13.9,2022-10-02,18.42,11.73
5654,USC00111550,"CHICAGO NORTHERLY ISLAND, IL US",16.1,11.1,2022-10-03,18.61,8.16
5655,USC00111550,"CHICAGO NORTHERLY ISLAND, IL US",21.7,11.7,2022-10-04,22.78,7.48
5656,USC00111550,"CHICAGO NORTHERLY ISLAND, IL US",23.9,13.3,2022-10-05,24.72,9.42
5657,USC00111550,"CHICAGO NORTHERLY ISLAND, IL US",22.8,11.1,2022-10-06,23.91,10.89
5658,USC00111550,"CHICAGO NORTHERLY ISLAND, IL US",11.7,7.8,2022-10-07,13.1,6.29
5659,USC00111550,"CHICAGO NORTHERLY ISLAND, IL US",14.4,5,2022-10-08,14.74,3.67
5660,USC00111550,"CHICAGO NORTHERLY ISLAND, IL US",20,7.8,2022-10-09,20.84,5.59
5661,USC00111550,"CHICAGO NORTHERLY ISLAND, IL US",18.9,11.1,2022-10-10,22.14,8.37
5662,USC00111550,"CHICAGO NORTHERLY ISLAND, IL US",19.4,12.2,2022-10-11,20.86,10.17
5663,USC00111550,"CHICAGO NORTHERLY ISLAND, IL US",17.2,10,2022-10-12,18.09,10.23
5664,USC00111550,"CHICAGO NORTHERLY ISLAND, IL US",17.2,4.4,2022-10-13,14.72,4.36
5665,USC00111550,"CHICAGO NORTHERLY ISLAND, IL US",15.6,3.9,2022-10-14,16.01,3.14
5666,USC00111550,"CHICAGO NORTHERLY ISLAND, IL US",11.7,3.3,2022-10-15,12.31,2.46
5667,USC00111550,"CHICAGO NORTHERLY ISLAND, IL US",12.8,6.1,2022-10-16,13.01,4.26
5668,USC00111550,"CHICAGO NORTHERLY ISLAND, IL US",6.1,3.3,2022-10-17,6.49,3.35
5669,USC00111550,"CHICAGO NORTHERLY ISLAND, IL US",7.8,2.2,2022-10-18,8.54,2.28
5670,USC00111550,"CHICAGO NORTHERLY ISLAND, IL US",8.9,2.2,2022-10-19,9.35,1.52
5671,USC00111550,"CHICAGO NORTHERLY ISLAND, IL US",16.1,1.7,2022-10-20,16.69,0.56
5672,USC00111550,"CHICAGO NORTHERLY ISLAND, IL US",23.9,7.8,2022-10-21,24.67,5.37
5673,USC00111550,"CHICAGO NORTHERLY ISLAND, IL US",26.1,13.9,2022-10-22,26.72,12.23
5674,USC00111550,"CHICAGO NORTHERLY ISLAND, IL US",25.6,16.1,2022-10-23,26.29,15.73
5675,USC00111550,"CHICAGO NORTHERLY ISLAND, IL US",23.9,15,2022-10-24,24.7,16.48
5676,USC00111550,"CHICAGO NORTHERLY ISLAND, IL US",19.4,7.8,2022-10-25,19.68,9.72
5677,USC00111550,"CHICAGO NORTHERLY ISLAND, IL US",12.2,6.7,2022-10-26,12.29,5.36
5678,USC00111550,"CHICAGO NORTHERLY ISLAND, IL US",11.1,6.1,2022-10-27,11.84,3.2
5679,USC00111550,"CHICAGO NORTHERLY ISLAND, IL US",12.2,7.8,2022-10-28,14.75,5.57
5680,USC00111550,"CHICAGO NORTHERLY ISLAND, IL US",14.4,7.2,2022-10-29,17.85,4.89
5681,USC00111550,"CHICAGO NORTHERLY ISLAND, IL US",14.4,9.4,2022-10-30,17.57,7.42
5682,USC00111550,"CHICAGO NORTHERLY ISLAND, IL US",13.3,11.7,2022-10-31,14.65,9.82
5683,USC00111550,"CHICAGO NORTHERLY ISLAND, IL US",20,9.4,2022-11-01,20.73,7.52
5684,USC00111550,"CHICAGO NORTHERLY ISLAND, IL US",21.7,10,2022-11-02,22.37,7.57
5685,USC00111550,"CHICAGO NORTHERLY ISLAND, IL US",22.2,12.2,2022-11-03,23.09,10.83
5686,USC00111550,"CHICAGO NORTHERLY ISLAND, IL US",22.8,15.6,2022-11-04,23.06,15.1
5687,USC00111550,"CHICAGO NORTHERLY ISLAND, IL US",20,7.8,2022-11-05,20.18,8.86
5688,USC00111550,"CHICAGO NORTHERLY ISLAND, IL US",16.7,7.8,2022-11-06,17.39,7.16
5689,USC00111550,"CHICAGO NORTHERLY ISLAND, IL US",11.1,6.1,2022-11-07,12.31,5.33
5690,USC00111550,"CHICAGO NORTHERLY ISLAND, IL US",11.7,7.2,2022-11-08,12.17,5.97
5691,USC00111550,"CHICAGO NORTHERLY ISLAND, IL US",20.6,8.9,2022-11-09,20.67,7.78
5692,USC00111550,"CHICAGO NORTHERLY ISLAND, IL US",23.3,16.1,2022-11-10,24.07,14.18
5693,USC00111550,"CHICAGO NORTHERLY ISLAND, IL US",16.1,0.6,2022-11-11,14.35,1.88
5694,USC00111550,"CHICAGO NORTHERLY ISLAND, IL US",2.8,0.6,2022-11-12,2.79,0.47
5695,USC00111550,"CHICAGO NORTHERLY ISLAND, IL US",3.3,0,2022-11-13,2.99,-1.15
5696,USC00111550,"CHICAGO NORTHERLY ISLAND, IL US",6.1,0,2022-11-14,5.68,-2.97
5697,USC00111550,"CHICAGO NORTHERLY ISLAND, IL US",3.3,0.6,2022-11-15,3.35,-0.35
5698,USC00111550,"CHICAGO NORTHERLY ISLAND, IL US",2.2,0,2022-11-16,2.28,-0.24
5699,USC00111550,"CHICAGO NORTHERLY ISLAND, IL US",1.1,-1.7,2022-11-17,0.99,-1.56
5700,USC00111550,"CHICAGO NORTHERLY ISLAND, IL US",-0.6,-6.1,2022-11-18,-1.19,-5.78
5701,USC00111550,"CHICAGO NORTHERLY ISLAND, IL US",-2.2,-7.8,2022-11-19,-2.47,-8.3
5702,USC00111550,"CHICAGO NORTHERLY ISLAND, IL US",0.6,-10,2022-11-20,0.6,-10.76
5703,USC00111550,"CHICAGO NORTHERLY ISLAND, IL US",8.3,-1.1,2022-11-21,8.52,-3.87
5704,USC00111550,"CHICAGO NORTHERLY ISLAND, IL US",11.1,-3.3,2022-11-22,11.13,-3.63
5705,USC00111550,"CHICAGO NORTHERLY ISLAND, IL US",14.4,2.8,2022-11-23,14.9,0.05
5706,USC00111550,"CHICAGO NORTHERLY ISLAND, IL US",11.7,4.4,2022-11-24,12.09,1.87
5707,USC00111550,"CHICAGO NORTHERLY ISLAND, IL US",11.1,2.8,2022-11-25,11.2,1.49
5708,USC00111550,"CHICAGO NORTHERLY ISLAND, IL US",12.8,2.8,2022-11-26,13.14,0.78
5709,USC00111550,"CHICAGO NORTHERLY ISLAND, IL US",7.2,4.4,2022-11-27,7.62,2.45
5710,USC00111550,"CHICAGO NORTHERLY ISLAND, IL US",7.2,1.7,2022-11-28,7.82,-0.94
5711,USC00111550,"CHICAGO NORTHERLY ISLAND, IL US",15,2.2,2022-11-29,15.03,1.2
5712,USC00111550,"CHICAGO NORTHERLY ISLAND, IL US",2.2,-5.6,2022-11-30,1.34,-6.01
5713,USC00111550,"CHICAGO NORTHERLY ISLAND, IL US",2.2,-7.2,2022-12-01,2.52,-7.95
5714,USC00111550,"CHICAGO NORTHERLY ISLAND, IL US",11.1,2.2,2022-12-02,11.39,-0.18
5715,USC00111550,"CHICAGO NORTHERLY ISLAND, IL US",10.6,-4.4,2022-12-03,8.92,-5.2
5716,USC00111550,"CHICAGO NORTHERLY ISLAND, IL US",5,-6.1,2022-12-04,4.68,-7.74
5717,USC00111550,"CHICAGO NORTHERLY ISLAND, IL US",6.1,-1.7,2022-12-05,6.38,-3.21
5718,USC00111550,"CHICAGO NORTHERLY ISLAND, IL US",5.6,3.9,2022-12-06,6.21,1.89
5719,USC00111550,"CHICAGO NORTHERLY ISLAND, IL US",6.7,2.8,2022-12-07,6.74,2.46
5720,USC00111550,"CHICAGO NORTHERLY ISLAND, IL US",4.4,1.7,2022-12-08,4.96,0.66
5721,USC00111550,"CHICAGO NORTHERLY ISLAND, IL US",3.3,1.7,2022-12-09,3.16,0.77
5722,USC00111550,"CHICAGO NORTHERLY ISLAND, IL US",3.9,2.2,2022-12-10,4.04,2.23
5723,USC00111550,"CHICAGO NORTHERLY ISLAND, IL US",3.9,2.8,2022-12-11,4.32,2.6
5724,USC00111550,"CHICAGO NORTHERLY ISLAND, IL US",5,2.2,2022-12-12,5.25,2.19
5725,USC00111550,"CHICAGO NORTHERLY ISLAND, IL US",3.3,1.1,2022-12-13,3.34,1.36
5726,USC00111550,"CHICAGO NORTHERLY ISLAND, IL US",5,2.8,2022-12-14,5.95,2.58
5727,USC00111550,"CHICAGO NORTHERLY ISLAND, IL US",3.9,-0.6,2022-12-15,3.57,-0.38
5728,USC00111550,"CHICAGO NORTHERLY ISLAND, IL US",0,-3.3,2022-12-16,-0.19,-3.02
5729,USC00111550,"CHICAGO NORTHERLY ISLAND, IL US",-2.8,-6.1,2022-12-17,-3.15,-6.01
5730,USC00111550,"CHICAGO NORTHERLY ISLAND, IL US",-5.6,-8.9,2022-12-18,-5.34,-9.49
5731,USC00111550,"CHICAGO NORTHERLY ISLAND, IL US",-2.2,-10.6,2022-12-19,-2.52,-11.73
5732,USC00111550,"CHICAGO NORTHERLY ISLAND, IL US",1.1,-4.4,2022-12-20,1.02,-7.31
5733,USC00111550,"CHICAGO NORTHERLY ISLAND, IL US",0.6,-7.8,2022-12-21,0.36,-8.34
5734,USC00111550,"CHICAGO NORTHERLY ISLAND, IL US",1.1,-20,2022-12-22,1.17,-17.86
5735,USC00111550,"CHICAGO NORTHERLY ISLAND, IL US",-17.8,-22.2,2022-12-23,-18.04,-22.78
5736,USC00111550,"CHICAGO NORTHERLY ISLAND, IL US",-10,-18.3,2022-12-24,-10.23,-19.38
5737,USC00111550,"CHICAGO NORTHERLY ISLAND, IL US",-8.9,-15.6,2022-12-25,-9.41,-16.73
5738,USC00111550,"CHICAGO NORTHERLY ISLAND, IL US",-5.6,-10,2022-12-26,-5.55,-12.23
5739,USC00111550,"CHICAGO NORTHERLY ISLAND, IL US",-3.3,-11.7,2022-12-27,-3.08,-13.18
5740,USC00111550,"CHICAGO NORTHERLY ISLAND, IL US",7.8,-3.3,2022-12-28,7.86,-5.67
5741,USC00111550,"CHICAGO NORTHERLY ISLAND, IL US",13.9,6.7,2022-12-29,14.2,5.01
5742,USC00111550,"CHICAGO NORTHERLY ISLAND, IL US",13.9,0.6,2022-12-30,12.95,1.13
5743,USC00111550,"CHICAGO NORTHERLY ISLAND, IL US",1.7,-1.1,2022-12-31,3.26,-1.76
5744,USW00094846,"CHICAGO OHARE INTERNATIONAL AIRPORT, IL US",3.3,-4.3,2022-01-01,2.22,-2.56
5745,USW00094846,"CHICAGO OHARE INTERNATIONAL AIRPORT, IL US",-2.1,-10.5,2022-01-02,-2.66,-10.12
5746,USW00094846,"CHICAGO OHARE INTERNATIONAL AIRPORT, IL US",-5.5,-12.7,2022-01-03,-5.24,-14.42
5747,USW00094846,"CHICAGO OHARE INTERNATIONAL AIRPORT, IL US",1.7,-5.5,2022-01-04,1.32,-9.27
5748,USW00094846,"CHICAGO OHARE INTERNATIONAL AIRPORT, IL US",1.1,-11,2022-01-05,-2.18,-10.42
5749,USW00094846,"CHICAGO OHARE INTERNATIONAL AIRPORT, IL US",-9.3,-15.5,2022-01-06,-9.47,-15.18
5750,USW00094846,"CHICAGO OHARE INTERNATIONAL AIRPORT, IL US",-9.3,-18.2,2022-01-07,-9.23,-18.52
5751,USW00094846,"CHICAGO OHARE INTERNATIONAL AIRPORT, IL US",1.1,-10.5,2022-01-08,0.82,-13.34
5752,USW00094846,"CHICAGO OHARE INTERNATIONAL AIRPORT, IL US",1.1,-12.7,2022-01-09,0.05,-11.36
5753,USW00094846,"CHICAGO OHARE INTERNATIONAL AIRPORT, IL US",-8.8,-14.9,2022-01-10,-8.77,-14.18
5754,USW00094846,"CHICAGO OHARE INTERNATIONAL AIRPORT, IL US",2.2,-15.5,2022-01-11,1.98,-16.19
5755,USW00094846,"CHICAGO OHARE INTERNATIONAL AIRPORT, IL US",5,-0.5,2022-01-12,5.05,-6.46
5756,USW00094846,"CHICAGO OHARE INTERNATIONAL AIRPORT, IL US",4.4,-1.6,2022-01-13,4.49,-1.63
5757,USW00094846,"CHICAGO OHARE INTERNATIONAL AIRPORT, IL US",2.2,-3.2,2022-01-14,1.28,-2.65
5758,USW00094846,"CHICAGO OHARE INTERNATIONAL AIRPORT, IL US",-3.2,-8.8,2022-01-15,-3.64,-7.62
5759,USW00094846,"CHICAGO OHARE INTERNATIONAL AIRPORT, IL US",-1.6,-11,2022-01-16,-2.03,-12.29
5760,USW00094846,"CHICAGO OHARE INTERNATIONAL AIRPORT, IL US",-2.1,-5.5,2022-01-17,-2.08,-7.93
5761,USW00094846,"CHICAGO OHARE INTERNATIONAL AIRPORT, IL US",6.7,-6.6,2022-01-18,6.27,-6.93
5762,USW00094846,"CHICAGO OHARE INTERNATIONAL AIRPORT, IL US",4.4,-12.1,2022-01-19,1.26,-9.98
5763,USW00094846,"CHICAGO OHARE INTERNATIONAL AIRPORT, IL US",-7.1,-14.3,2022-01-20,-7.33,-14.36
5764,USW00094846,"CHICAGO OHARE INTERNATIONAL AIRPORT, IL US",-3.8,-14.3,2022-01-21,-4.01,-14.46
5765,USW00094846,"CHICAGO OHARE INTERNATIONAL AIRPORT, IL US",0.6,-7.1,2022-01-22,0.54,-10.44
5766,USW00094846,"CHICAGO OHARE INTERNATIONAL AIRPORT, IL US",-6,-13.8,2022-01-23,-5.85,-12.55
5767,USW00094846,"CHICAGO OHARE INTERNATIONAL AIRPORT, IL US",-3.2,-12.1,2022-01-24,-3.42,-13.5
5768,USW00094846,"CHICAGO OHARE INTERNATIONAL AIRPORT, IL US",-11,-17.7,2022-01-25,-10.95,-18.07
5769,USW00094846,"CHICAGO OHARE INTERNATIONAL AIRPORT, IL US",-9.3,-21,2022-01-26,-8.35,-22.29
5770,USW00094846,"CHICAGO OHARE INTERNATIONAL AIRPORT, IL US",0,-9.9,2022-01-27,0.36,-14.02
5771,USW00094846,"CHICAGO OHARE INTERNATIONAL AIRPORT, IL US",-3.2,-11.6,2022-01-28,-3.73,-11.42
5772,USW00094846,"CHICAGO OHARE INTERNATIONAL AIRPORT, IL US",-5.5,-13.8,2022-01-29,-5.43,-13.91
5773,USW00094846,"CHICAGO OHARE INTERNATIONAL AIRPORT, IL US",-0.5,-11.6,2022-01-30,-0.8,-12.79
5774,USW00094846,"CHICAGO OHARE INTERNATIONAL AIRPORT, IL US",0.6,-3.8,2022-01-31,1.4,-7.19
5775,USW00094846,"CHICAGO OHARE INTERNATIONAL AIRPORT, IL US",7.8,0,2022-02-01,7.5,-3.57
5776,USW00094846,"CHICAGO OHARE INTERNATIONAL AIRPORT, IL US",0.6,-8.8,2022-02-02,-1.4,-8.02
5777,USW00094846,"CHICAGO OHARE INTERNATIONAL AIRPORT, IL US",-4.3,-8.8,2022-02-03,-4.92,-9.09
5778,USW00094846,"CHICAGO OHARE INTERNATIONAL AIRPORT, IL US",-4.3,-12.1,2022-02-04,-4.19,-12.82
5779,USW00094846,"CHICAGO OHARE INTERNATIONAL AIRPORT, IL US",-6.6,-15.5,2022-02-05,-6.71,-16.22
5780,USW00094846,"CHICAGO OHARE INTERNATIONAL AIRPORT, IL US",0.6,-7.7,2022-02-06,0.56,-11.53
5781,USW00094846,"CHICAGO OHARE INTERNATIONAL AIRPORT, IL US",-0.5,-7.7,2022-02-07,-1.5,-8.12
5782,USW00094846,"CHICAGO OHARE INTERNATIONAL AIRPORT, IL US",3.3,-7.1,2022-02-08,3.86,-8.83
5783,USW00094846,"CHICAGO OHARE INTERNATIONAL AIRPORT, IL US",5,0,2022-02-09,5.1,-2.76
5784,USW00094846,"CHICAGO OHARE INTERNATIONAL AIRPORT, IL US",1.7,-2.7,2022-02-10,2.15,-2.55
5785,USW00094846,"CHICAGO OHARE INTERNATIONAL AIRPORT, IL US",6.7,-2.1,2022-02-11,6.63,-2.95
5786,USW00094846,"CHICAGO OHARE INTERNATIONAL AIRPORT, IL US",-2.1,-10.5,2022-02-12,-3.52,-10.7
5787,USW00094846,"CHICAGO OHARE INTERNATIONAL AIRPORT, IL US",-6.6,-11,2022-02-13,-7.18,-11.27
5788,USW00094846,"CHICAGO OHARE INTERNATIONAL AIRPORT, IL US",-3.2,-9.9,2022-02-14,-3.28,-10.91
5789,USW00094846,"CHICAGO OHARE INTERNATIONAL AIRPORT, IL US",7.2,-5.5,2022-02-15,7.33,-7.64
5790,USW00094846,"CHICAGO OHARE INTERNATIONAL AIRPORT, IL US",12.8,5,2022-02-16,11.72,0.54
5791,USW00094846,"CHICAGO OHARE INTERNATIONAL AIRPORT, IL US",5,-8.8,2022-02-17,2.6,-6.39
5792,USW00094846,"CHICAGO OHARE INTERNATIONAL AIRPORT, IL US",-0.5,-13.8,2022-02-18,-0.76,-14.94
5793,USW00094846,"CHICAGO OHARE INTERNATIONAL AIRPORT, IL US",-3.8,-12.7,2022-02-19,-2.8,-13.72
5794,USW00094846,"CHICAGO OHARE INTERNATIONAL AIRPORT, IL US",8.3,-8.2,2022-02-20,8.44,-10.17
5795,USW00094846,"CHICAGO OHARE INTERNATIONAL AIRPORT, IL US",8.9,0,2022-02-21,8.62,-0.95
5796,USW00094846,"CHICAGO OHARE INTERNATIONAL AIRPORT, IL US",6.7,-4.9,2022-02-22,5.96,-2.99
5797,USW00094846,"CHICAGO OHARE INTERNATIONAL AIRPORT, IL US",-4.9,-9.3,2022-02-23,-4.35,-9.61
5798,USW00094846,"CHICAGO OHARE INTERNATIONAL AIRPORT, IL US",-2.7,-6,2022-02-24,-2.74,-7.15
5799,USW00094846,"CHICAGO OHARE INTERNATIONAL AIRPORT, IL US",-0.5,-7.7,2022-02-25,-1.12,-8.15
5800,USW00094846,"CHICAGO OHARE INTERNATIONAL AIRPORT, IL US",-0.5,-10.5,2022-02-26,-0.36,-11.01
5801,USW00094846,"CHICAGO OHARE INTERNATIONAL AIRPORT, IL US",6.1,-3.2,2022-02-27,5.58,-5.86
5802,USW00094846,"CHICAGO OHARE INTERNATIONAL AIRPORT, IL US",11.7,-2.7,2022-02-28,11.27,-3.93
5803,USW00094846,"CHICAGO OHARE INTERNATIONAL AIRPORT, IL US",12.2,2.2,2022-03-01,10.76,0.05
5804,USW00094846,"CHICAGO OHARE INTERNATIONAL AIRPORT, IL US",14.4,0.6,2022-03-02,14.1,-0.56
5805,USW00094846,"CHICAGO OHARE INTERNATIONAL AIRPORT, IL US",2.2,-2.1,2022-03-03,2,-2.58
5806,USW00094846,"CHICAGO OHARE INTERNATIONAL AIRPORT, IL US",5,-2.1,2022-03-04,4.84,-3.33
5807,USW00094846,"CHICAGO OHARE INTERNATIONAL AIRPORT, IL US",20.6,3.9,2022-03-05,20.11,1
5808,USW00094846,"CHICAGO OHARE INTERNATIONAL AIRPORT, IL US",15,1.7,2022-03-06,12.64,1.7
5809,USW00094846,"CHICAGO OHARE INTERNATIONAL AIRPORT, IL US",2.2,-1,2022-03-07,2.25,-0.93
5810,USW00094846,"CHICAGO OHARE INTERNATIONAL AIRPORT, IL US",3.9,-2.7,2022-03-08,4.14,-4.03
5811,USW00094846,"CHICAGO OHARE INTERNATIONAL AIRPORT, IL US",5,-2.7,2022-03-09,5.22,-3.4
5812,USW00094846,"CHICAGO OHARE INTERNATIONAL AIRPORT, IL US",-0.5,-5.5,2022-03-10,-0.81,-5.39
5813,USW00094846,"CHICAGO OHARE INTERNATIONAL AIRPORT, IL US",-0.5,-8.8,2022-03-11,-0.34,-8.08
5814,USW00094846,"CHICAGO OHARE INTERNATIONAL AIRPORT, IL US",-4.9,-11.6,2022-03-12,-4.36,-12.01
5815,USW00094846,"CHICAGO OHARE INTERNATIONAL AIRPORT, IL US",10.6,-6,2022-03-13,10.66,-8.12
5816,USW00094846,"CHICAGO OHARE INTERNATIONAL AIRPORT, IL US",17.2,2.8,2022-03-14,16.73,0.89
5817,USW00094846,"CHICAGO OHARE INTERNATIONAL AIRPORT, IL US",12.2,2.2,2022-03-15,11.98,0.76
5818,USW00094846,"CHICAGO OHARE INTERNATIONAL AIRPORT, IL US",21.1,2.2,2022-03-16,20.81,0.83
5819,USW00094846,"CHICAGO OHARE INTERNATIONAL AIRPORT, IL US",22.8,8.3,2022-03-17,21.48,5.87
5820,USW00094846,"CHICAGO OHARE INTERNATIONAL AIRPORT, IL US",8.3,4.4,2022-03-18,8.17,4.34
5821,USW00094846,"CHICAGO OHARE INTERNATIONAL AIRPORT, IL US",6.1,2.8,2022-03-19,6.1,2.37
5822,USW00094846,"CHICAGO OHARE INTERNATIONAL AIRPORT, IL US",17.2,1.1,2022-03-20,16.27,-0.25
5823,USW00094846,"CHICAGO OHARE INTERNATIONAL AIRPORT, IL US",23.3,5.6,2022-03-21,23.28,3
5824,USW00094846,"CHICAGO OHARE INTERNATIONAL AIRPORT, IL US",13.3,7.2,2022-03-22,12.83,7.05
5825,USW00094846,"CHICAGO OHARE INTERNATIONAL AIRPORT, IL US",14.4,7.8,2022-03-23,13.56,6.77
5826,USW00094846,"CHICAGO OHARE INTERNATIONAL AIRPORT, IL US",7.8,3.9,2022-03-24,6.91,3.87
5827,USW00094846,"CHICAGO OHARE INTERNATIONAL AIRPORT, IL US",8.3,1.7,2022-03-25,8.53,1.91
5828,USW00094846,"CHICAGO OHARE INTERNATIONAL AIRPORT, IL US",1.7,-3.2,2022-03-26,1.01,-2.72
5829,USW00094846,"CHICAGO OHARE INTERNATIONAL AIRPORT, IL US",2.2,-5.5,2022-03-27,1.67,-5.47
5830,USW00094846,"CHICAGO OHARE INTERNATIONAL AIRPORT, IL US",1.7,-5.5,2022-03-28,1.41,-5.67
5831,USW00094846,"CHICAGO OHARE INTERNATIONAL AIRPORT, IL US",6.7,-1.6,2022-03-29,7.02,-3.23
5832,USW00094846,"CHICAGO OHARE INTERNATIONAL AIRPORT, IL US",15.6,6.7,2022-03-30,15.83,3.4
5833,USW00094846,"CHICAGO OHARE INTERNATIONAL AIRPORT, IL US",8.9,0.6,2022-03-31,7.3,0.94
5834,USW00094846,"CHICAGO OHARE INTERNATIONAL AIRPORT, IL US",7.8,-0.5,2022-04-01,7,-0.96
5835,USW00094846,"CHICAGO OHARE INTERNATIONAL AIRPORT, IL US",5.6,0.6,2022-04-02,5.62,-0.74
5836,USW00094846,"CHICAGO OHARE INTERNATIONAL AIRPORT, IL US",10,0.6,2022-04-03,9.17,-0.1
5837,USW00094846,"CHICAGO OHARE INTERNATIONAL AIRPORT, IL US",11.1,4.4,2022-04-04,10.95,3
5838,USW00094846,"CHICAGO OHARE INTERNATIONAL AIRPORT, IL US",11.7,3.3,2022-04-05,11.44,2.71
5839,USW00094846,"CHICAGO OHARE INTERNATIONAL AIRPORT, IL US",13.3,6.1,2022-04-06,13.38,5.27
5840,USW00094846,"CHICAGO OHARE INTERNATIONAL AIRPORT, IL US",6.7,3.3,2022-04-07,6.81,3.89
5841,USW00094846,"CHICAGO OHARE INTERNATIONAL AIRPORT, IL US",5,0.6,2022-04-08,5.28,1.05
5842,USW00094846,"CHICAGO OHARE INTERNATIONAL AIRPORT, IL US",12.2,0,2022-04-09,9.33,-0.2
5843,USW00094846,"CHICAGO OHARE INTERNATIONAL AIRPORT, IL US",17.8,0,2022-04-10,16.36,0
5844,USW00094846,"CHICAGO OHARE INTERNATIONAL AIRPORT, IL US",16.7,7.2,2022-04-11,16.46,4.25
5845,USW00094846,"CHICAGO OHARE INTERNATIONAL AIRPORT, IL US",20.6,4.4,2022-04-12,20.18,3.09
5846,USW00094846,"CHICAGO OHARE INTERNATIONAL AIRPORT, IL US",22.2,3.9,2022-04-13,21.53,3.75
5847,USW00094846,"CHICAGO OHARE INTERNATIONAL AIRPORT, IL US",10.6,1.7,2022-04-14,10.91,1.5
5848,USW00094846,"CHICAGO OHARE INTERNATIONAL AIRPORT, IL US",11.7,4.4,2022-04-15,11.65,3.58
5849,USW00094846,"CHICAGO OHARE INTERNATIONAL AIRPORT, IL US",9.4,0,2022-04-16,9.09,-0.17
5850,USW00094846,"CHICAGO OHARE INTERNATIONAL AIRPORT, IL US",6.1,-1.6,2022-04-17,5.64,-1.38
5851,USW00094846,"CHICAGO OHARE INTERNATIONAL AIRPORT, IL US",5,0.6,2022-04-18,5.07,0.41
5852,USW00094846,"CHICAGO OHARE INTERNATIONAL AIRPORT, IL US",10.6,2.2,2022-04-19,9.75,1.75
5853,USW00094846,"CHICAGO OHARE INTERNATIONAL AIRPORT, IL US",11.1,5,2022-04-20,11.39,3.93
5854,USW00094846,"CHICAGO OHARE INTERNATIONAL AIRPORT, IL US",20,10,2022-04-21,20.14,8.2
5855,USW00094846,"CHICAGO OHARE INTERNATIONAL AIRPORT, IL US",11.7,7.8,2022-04-22,14.27,7.62
5856,USW00094846,"CHICAGO OHARE INTERNATIONAL AIRPORT, IL US",28.9,10.6,2022-04-23,28.67,9.35
5857,USW00094846,"CHICAGO OHARE INTERNATIONAL AIRPORT, IL US",22.8,12.2,2022-04-24,22.13,13.57
5858,USW00094846,"CHICAGO OHARE INTERNATIONAL AIRPORT, IL US",12.2,5,2022-04-25,12.46,6.24
5859,USW00094846,"CHICAGO OHARE INTERNATIONAL AIRPORT, IL US",10.6,1.1,2022-04-26,10.65,2.23
5860,USW00094846,"CHICAGO OHARE INTERNATIONAL AIRPORT, IL US",5,0.6,2022-04-27,5.51,0.15
5861,USW00094846,"CHICAGO OHARE INTERNATIONAL AIRPORT, IL US",10,3.3,2022-04-28,9.72,2.52
5862,USW00094846,"CHICAGO OHARE INTERNATIONAL AIRPORT, IL US",18.9,8.3,2022-04-29,17.67,7.16
5863,USW00094846,"CHICAGO OHARE INTERNATIONAL AIRPORT, IL US",20.6,10.6,2022-04-30,20.05,9.54
5864,USW00094846,"CHICAGO OHARE INTERNATIONAL AIRPORT, IL US",13.3,9.4,2022-05-01,13.18,9.98
5865,USW00094846,"CHICAGO OHARE INTERNATIONAL AIRPORT, IL US",12.2,8.9,2022-05-02,12.42,8.09
5866,USW00094846,"CHICAGO OHARE INTERNATIONAL AIRPORT, IL US",10,6.7,2022-05-03,9.57,6.66
5867,USW00094846,"CHICAGO OHARE INTERNATIONAL AIRPORT, IL US",13.3,3.9,2022-05-04,12.77,3.84
5868,USW00094846,"CHICAGO OHARE INTERNATIONAL AIRPORT, IL US",11.7,5.6,2022-05-05,11.61,5.2
5869,USW00094846,"CHICAGO OHARE INTERNATIONAL AIRPORT, IL US",11.7,8.3,2022-05-06,12.05,7.94
5870,USW00094846,"CHICAGO OHARE INTERNATIONAL AIRPORT, IL US",17.8,6.1,2022-05-07,17.08,6.16
5871,USW00094846,"CHICAGO OHARE INTERNATIONAL AIRPORT, IL US",18.3,6.1,2022-05-08,17.89,6.12
5872,USW00094846,"CHICAGO OHARE INTERNATIONAL AIRPORT, IL US",28.3,13.3,2022-05-09,27.64,11.45
5873,USW00094846,"CHICAGO OHARE INTERNATIONAL AIRPORT, IL US",31.7,20.6,2022-05-10,31.72,17.63
5874,USW00094846,"CHICAGO OHARE INTERNATIONAL AIRPORT, IL US",32.2,23.3,2022-05-11,31.8,20.98
5875,USW00094846,"CHICAGO OHARE INTERNATIONAL AIRPORT, IL US",32.8,23.3,2022-05-12,32.21,21.26
5876,USW00094846,"CHICAGO OHARE INTERNATIONAL AIRPORT, IL US",31.7,20,2022-05-13,31.65,18.88
5877,USW00094846,"CHICAGO OHARE INTERNATIONAL AIRPORT, IL US",30,19.4,2022-05-14,29.33,17.64
5878,USW00094846,"CHICAGO OHARE INTERNATIONAL AIRPORT, IL US",24.4,14.4,2022-05-15,24.63,15.28
5879,USW00094846,"CHICAGO OHARE INTERNATIONAL AIRPORT, IL US",25.6,12.2,2022-05-16,25.51,12.26
5880,USW00094846,"CHICAGO OHARE INTERNATIONAL AIRPORT, IL US",20,10.6,2022-05-17,19.55,9.9
5881,USW00094846,"CHICAGO OHARE INTERNATIONAL AIRPORT, IL US",15.6,11.1,2022-05-18,16.02,10.75
5882,USW00094846,"CHICAGO OHARE INTERNATIONAL AIRPORT, IL US",30,11.7,2022-05-19,29.47,11
5883,USW00094846,"CHICAGO OHARE INTERNATIONAL AIRPORT, IL US",30,14.4,2022-05-20,29.41,14.82
5884,USW00094846,"CHICAGO OHARE INTERNATIONAL AIRPORT, IL US",16.7,12.2,2022-05-21,16.73,12.7
5885,USW00094846,"CHICAGO OHARE INTERNATIONAL AIRPORT, IL US",17.2,10,2022-05-22,17.14,9.46
5886,USW00094846,"CHICAGO OHARE INTERNATIONAL AIRPORT, IL US",16.1,7.2,2022-05-23,16.26,6.76
5887,USW00094846,"CHICAGO OHARE INTERNATIONAL AIRPORT, IL US",18.9,9.4,2022-05-24,18.18,8.96
5888,USW00094846,"CHICAGO OHARE INTERNATIONAL AIRPORT, IL US",26.1,12.2,2022-05-25,25.12,12.05
5889,USW00094846,"CHICAGO OHARE INTERNATIONAL AIRPORT, IL US",25,17.8,2022-05-26,25.02,15.18
5890,USW00094846,"CHICAGO OHARE INTERNATIONAL AIRPORT, IL US",17.8,10.6,2022-05-27,17.26,10.71
5891,USW00094846,"CHICAGO OHARE INTERNATIONAL AIRPORT, IL US",23.3,9.4,2022-05-28,22.75,9.41
5892,USW00094846,"CHICAGO OHARE INTERNATIONAL AIRPORT, IL US",29.4,17.2,2022-05-29,28.9,15.68
5893,USW00094846,"CHICAGO OHARE INTERNATIONAL AIRPORT, IL US",31.7,21.1,2022-05-30,31.54,20.55
5894,USW00094846,"CHICAGO OHARE INTERNATIONAL AIRPORT, IL US",30,23.3,2022-05-31,30.07,22.63
5895,USW00094846,"CHICAGO OHARE INTERNATIONAL AIRPORT, IL US",23.3,15,2022-06-01,24.17,15.96
5896,USW00094846,"CHICAGO OHARE INTERNATIONAL AIRPORT, IL US",25,14.4,2022-06-02,24.36,13.68
5897,USW00094846,"CHICAGO OHARE INTERNATIONAL AIRPORT, IL US",27.2,14.4,2022-06-03,26.93,13.54
5898,USW00094846,"CHICAGO OHARE INTERNATIONAL AIRPORT, IL US",21.7,12.2,2022-06-04,20.22,11.6
5899,USW00094846,"CHICAGO OHARE INTERNATIONAL AIRPORT, IL US",25,14.4,2022-06-05,24.43,14.27
5900,USW00094846,"CHICAGO OHARE INTERNATIONAL AIRPORT, IL US",24.4,13.9,2022-06-06,24.52,14.21
5901,USW00094846,"CHICAGO OHARE INTERNATIONAL AIRPORT, IL US",22.2,13.3,2022-06-07,21.55,13.02
5902,USW00094846,"CHICAGO OHARE INTERNATIONAL AIRPORT, IL US",20.6,13.3,2022-06-08,20.28,12.96
5903,USW00094846,"CHICAGO OHARE INTERNATIONAL AIRPORT, IL US",25.6,11.7,2022-06-09,25.4,11.19
5904,USW00094846,"CHICAGO OHARE INTERNATIONAL AIRPORT, IL US",25.6,14.4,2022-06-10,25.78,12.95
5905,USW00094846,"CHICAGO OHARE INTERNATIONAL AIRPORT, IL US",22.8,15,2022-06-11,23.14,14.52
5906,USW00094846,"CHICAGO OHARE INTERNATIONAL AIRPORT, IL US",21.1,14.4,2022-06-12,21.51,14.39
5907,USW00094846,"CHICAGO OHARE INTERNATIONAL AIRPORT, IL US",31.7,13.9,2022-06-13,30.27,13.85
5908,USW00094846,"CHICAGO OHARE INTERNATIONAL AIRPORT, IL US",36.7,18.3,2022-06-14,36.19,18.86
5909,USW00094846,"CHICAGO OHARE INTERNATIONAL AIRPORT, IL US",35.6,24.4,2022-06-15,35.72,25.25
5910,USW00094846,"CHICAGO OHARE INTERNATIONAL AIRPORT, IL US",34.4,22.2,2022-06-16,34.16,21.49
5911,USW00094846,"CHICAGO OHARE INTERNATIONAL AIRPORT, IL US",28.9,17.8,2022-06-17,28.95,18.07
5912,USW00094846,"CHICAGO OHARE INTERNATIONAL AIRPORT, IL US",22.2,12.8,2022-06-18,22.68,12.96
5913,USW00094846,"CHICAGO OHARE INTERNATIONAL AIRPORT, IL US",29.4,11.1,2022-06-19,28.71,10.87
5914,USW00094846,"CHICAGO OHARE INTERNATIONAL AIRPORT, IL US",35,17.8,2022-06-20,34.26,16.84
5915,USW00094846,"CHICAGO OHARE INTERNATIONAL AIRPORT, IL US",37.2,22.8,2022-06-21,36.65,21.36
5916,USW00094846,"CHICAGO OHARE INTERNATIONAL AIRPORT, IL US",31.7,22.2,2022-06-22,31.52,21.84
5917,USW00094846,"CHICAGO OHARE INTERNATIONAL AIRPORT, IL US",29.4,18.3,2022-06-23,28.41,17.87
5918,USW00094846,"CHICAGO OHARE INTERNATIONAL AIRPORT, IL US",33.3,18.3,2022-06-24,32.06,16.91
5919,USW00094846,"CHICAGO OHARE INTERNATIONAL AIRPORT, IL US",25,19.4,2022-06-25,25.07,18.27
5920,USW00094846,"CHICAGO OHARE INTERNATIONAL AIRPORT, IL US",26.7,18.3,2022-06-26,26.47,18.4
5921,USW00094846,"CHICAGO OHARE INTERNATIONAL AIRPORT, IL US",26.7,15.6,2022-06-27,25.55,15
5922,USW00094846,"CHICAGO OHARE INTERNATIONAL AIRPORT, IL US",30,16.1,2022-06-28,29.65,14.53
5923,USW00094846,"CHICAGO OHARE INTERNATIONAL AIRPORT, IL US",31.1,18.9,2022-06-29,30.3,18.4
5924,USW00094846,"CHICAGO OHARE INTERNATIONAL AIRPORT, IL US",33.3,22.8,2022-06-30,32.99,21.34
5925,USW00094846,"CHICAGO OHARE INTERNATIONAL AIRPORT, IL US",27.8,19.4,2022-07-01,27.78,19.98
5926,USW00094846,"CHICAGO OHARE INTERNATIONAL AIRPORT, IL US",30.6,18.3,2022-07-02,29.08,16.66
5927,USW00094846,"CHICAGO OHARE INTERNATIONAL AIRPORT, IL US",31.1,20,2022-07-03,29.86,18.31
5928,USW00094846,"CHICAGO OHARE INTERNATIONAL AIRPORT, IL US",30.6,20.6,2022-07-04,30.32,19.03
5929,USW00094846,"CHICAGO OHARE INTERNATIONAL AIRPORT, IL US",34.4,20.6,2022-07-05,33.43,20.37
5930,USW00094846,"CHICAGO OHARE INTERNATIONAL AIRPORT, IL US",26.7,20,2022-07-06,26.34,20.33
5931,USW00094846,"CHICAGO OHARE INTERNATIONAL AIRPORT, IL US",30,20,2022-07-07,28.89,19.64
5932,USW00094846,"CHICAGO OHARE INTERNATIONAL AIRPORT, IL US",25,19.4,2022-07-08,24.98,20.34
5933,USW00094846,"CHICAGO OHARE INTERNATIONAL AIRPORT, IL US",24.4,17.2,2022-07-09,24.75,17.91
5934,USW00094846,"CHICAGO OHARE INTERNATIONAL AIRPORT, IL US",30,15,2022-07-10,28.82,14.74
5935,USW00094846,"CHICAGO OHARE INTERNATIONAL AIRPORT, IL US",29.4,21.7,2022-07-11,29.91,20
5936,USW00094846,"CHICAGO OHARE INTERNATIONAL AIRPORT, IL US",30,20,2022-07-12,29.53,19.85
5937,USW00094846,"CHICAGO OHARE INTERNATIONAL AIRPORT, IL US",26.7,17.8,2022-07-13,27.56,18.49
5938,USW00094846,"CHICAGO OHARE INTERNATIONAL AIRPORT, IL US",26.7,16.1,2022-07-14,26.39,15.47
5939,USW00094846,"CHICAGO OHARE INTERNATIONAL AIRPORT, IL US",22.2,18.9,2022-07-15,22.63,17.6
5940,USW00094846,"CHICAGO OHARE INTERNATIONAL AIRPORT, IL US",23.9,19.4,2022-07-16,24.55,19.34
5941,USW00094846,"CHICAGO OHARE INTERNATIONAL AIRPORT, IL US",25,20.6,2022-07-17,25.33,20
5942,USW00094846,"CHICAGO OHARE INTERNATIONAL AIRPORT, IL US",31.7,20,2022-07-18,31.01,19.44
5943,USW00094846,"CHICAGO OHARE INTERNATIONAL AIRPORT, IL US",32.2,21.7,2022-07-19,31.47,20.39
5944,USW00094846,"CHICAGO OHARE INTERNATIONAL AIRPORT, IL US",30.6,24.4,2022-07-20,30.08,23.71
5945,USW00094846,"CHICAGO OHARE INTERNATIONAL AIRPORT, IL US",33.3,20.6,2022-07-21,32.95,20.31
5946,USW00094846,"CHICAGO OHARE INTERNATIONAL AIRPORT, IL US",32.8,20.6,2022-07-22,32.06,19.61
5947,USW00094846,"CHICAGO OHARE INTERNATIONAL AIRPORT, IL US",30,20,2022-07-23,29.74,20.31
5948,USW00094846,"CHICAGO OHARE INTERNATIONAL AIRPORT, IL US",30,21.7,2022-07-24,29.97,21.54
5949,USW00094846,"CHICAGO OHARE INTERNATIONAL AIRPORT, IL US",24.4,17.8,2022-07-25,25,17.77
5950,USW00094846,"CHICAGO OHARE INTERNATIONAL AIRPORT, IL US",27.8,17.8,2022-07-26,26.74,17.49
5951,USW00094846,"CHICAGO OHARE INTERNATIONAL AIRPORT, IL US",28.3,21.1,2022-07-27,28.6,19.59
5952,USW00094846,"CHICAGO OHARE INTERNATIONAL AIRPORT, IL US",26.7,19.4,2022-07-28,26.88,19.31
5953,USW00094846,"CHICAGO OHARE INTERNATIONAL AIRPORT, IL US",27.2,16.7,2022-07-29,26.57,16.14
5954,USW00094846,"CHICAGO OHARE INTERNATIONAL AIRPORT, IL US",28.3,17.2,2022-07-30,27.87,16.34
5955,USW00094846,"CHICAGO OHARE INTERNATIONAL AIRPORT, IL US",29.4,18.9,2022-07-31,28.82,17.7
5956,USW00094846,"CHICAGO OHARE INTERNATIONAL AIRPORT, IL US",29.4,22.2,2022-08-01,29.83,20.78
5957,USW00094846,"CHICAGO OHARE INTERNATIONAL AIRPORT, IL US",32.2,20,2022-08-02,31.21,18.81
5958,USW00094846,"CHICAGO OHARE INTERNATIONAL AIRPORT, IL US",32.8,23.9,2022-08-03,32.21,22.03
5959,USW00094846,"CHICAGO OHARE INTERNATIONAL AIRPORT, IL US",28.3,20.6,2022-08-04,28.41,21.51
5960,USW00094846,"CHICAGO OHARE INTERNATIONAL AIRPORT, IL US",31.1,19.4,2022-08-05,29.77,19.45
5961,USW00094846,"CHICAGO OHARE INTERNATIONAL AIRPORT, IL US",35,23.3,2022-08-06,33.79,21.82
5962,USW00094846,"CHICAGO OHARE INTERNATIONAL AIRPORT, IL US",28.3,23.9,2022-08-07,27.9,23.17
5963,USW00094846,"CHICAGO OHARE INTERNATIONAL AIRPORT, IL US",27.2,18.3,2022-08-08,26.94,19.99
5964,USW00094846,"CHICAGO OHARE INTERNATIONAL AIRPORT, IL US",25,16.1,2022-08-09,24.68,16.16
5965,USW00094846,"CHICAGO OHARE INTERNATIONAL AIRPORT, IL US",29.4,15.6,2022-08-10,28.5,14.74
5966,USW00094846,"CHICAGO OHARE INTERNATIONAL AIRPORT, IL US",26.1,16.1,2022-08-11,25.76,16.86
5967,USW00094846,"CHICAGO OHARE INTERNATIONAL AIRPORT, IL US",25,14.4,2022-08-12,24.7,14.7
5968,USW00094846,"CHICAGO OHARE INTERNATIONAL AIRPORT, IL US",26.1,19.4,2022-08-13,25.38,17.58
5969,USW00094846,"CHICAGO OHARE INTERNATIONAL AIRPORT, IL US",25,18.9,2022-08-14,24.41,19.33
5970,USW00094846,"CHICAGO OHARE INTERNATIONAL AIRPORT, IL US",26.1,18.9,2022-08-15,25.65,18.61
5971,USW00094846,"CHICAGO OHARE INTERNATIONAL AIRPORT, IL US",27.2,16.7,2022-08-16,27,16.71
5972,USW00094846,"CHICAGO OHARE INTERNATIONAL AIRPORT, IL US",27.8,16.7,2022-08-17,27.35,15.97
5973,USW00094846,"CHICAGO OHARE INTERNATIONAL AIRPORT, IL US",28.9,16.1,2022-08-18,28.22,15.17
5974,USW00094846,"CHICAGO OHARE INTERNATIONAL AIRPORT, IL US",30,20,2022-08-19,29.34,17.97
5975,USW00094846,"CHICAGO OHARE INTERNATIONAL AIRPORT, IL US",25,18.3,2022-08-20,24.67,18.26
5976,USW00094846,"CHICAGO OHARE INTERNATIONAL AIRPORT, IL US",26.1,18.9,2022-08-21,25.67,18.48
5977,USW00094846,"CHICAGO OHARE INTERNATIONAL AIRPORT, IL US",29.4,17.8,2022-08-22,27.42,16.84
5978,USW00094846,"CHICAGO OHARE INTERNATIONAL AIRPORT, IL US",29.4,17.8,2022-08-23,28.55,16.87
5979,USW00094846,"CHICAGO OHARE INTERNATIONAL AIRPORT, IL US",29.4,19.4,2022-08-24,28.73,17.47
5980,USW00094846,"CHICAGO OHARE INTERNATIONAL AIRPORT, IL US",27.2,18.9,2022-08-25,26.94,18.16
5981,USW00094846,"CHICAGO OHARE INTERNATIONAL AIRPORT, IL US",25.6,17.2,2022-08-26,25.2,17.55
5982,USW00094846,"CHICAGO OHARE INTERNATIONAL AIRPORT, IL US",28.3,15,2022-08-27,27.19,14.22
5983,USW00094846,"CHICAGO OHARE INTERNATIONAL AIRPORT, IL US",31.7,20,2022-08-28,31.35,18.48
5984,USW00094846,"CHICAGO OHARE INTERNATIONAL AIRPORT, IL US",29.4,21.1,2022-08-29,28.8,20.72
5985,USW00094846,"CHICAGO OHARE INTERNATIONAL AIRPORT, IL US",26.7,18.3,2022-08-30,26.43,18.07
5986,USW00094846,"CHICAGO OHARE INTERNATIONAL AIRPORT, IL US",29.4,16.7,2022-08-31,29.22,15.85
5987,USW00094846,"CHICAGO OHARE INTERNATIONAL AIRPORT, IL US",31.1,19.4,2022-09-01,30.56,18.26
5988,USW00094846,"CHICAGO OHARE INTERNATIONAL AIRPORT, IL US",30,21.1,2022-09-02,29.4,19.89
5989,USW00094846,"CHICAGO OHARE INTERNATIONAL AIRPORT, IL US",31.1,20,2022-09-03,30.34,19.71
5990,USW00094846,"CHICAGO OHARE INTERNATIONAL AIRPORT, IL US",22.8,19.4,2022-09-04,22.75,19.14
5991,USW00094846,"CHICAGO OHARE INTERNATIONAL AIRPORT, IL US",21.1,17.8,2022-09-05,22.24,18.39
5992,USW00094846,"CHICAGO OHARE INTERNATIONAL AIRPORT, IL US",26.7,17.8,2022-09-06,26.13,18.53
5993,USW00094846,"CHICAGO OHARE INTERNATIONAL AIRPORT, IL US",27.2,17.2,2022-09-07,26.57,17.28
5994,USW00094846,"CHICAGO OHARE INTERNATIONAL AIRPORT, IL US",28.9,16.7,2022-09-08,28.04,15.46
5995,USW00094846,"CHICAGO OHARE INTERNATIONAL AIRPORT, IL US",28.9,16.7,2022-09-09,28.53,15.37
5996,USW00094846,"CHICAGO OHARE INTERNATIONAL AIRPORT, IL US",28.9,17.2,2022-09-10,28.53,15.97
5997,USW00094846,"CHICAGO OHARE INTERNATIONAL AIRPORT, IL US",21.7,14.4,2022-09-11,21.08,15.15
5998,USW00094846,"CHICAGO OHARE INTERNATIONAL AIRPORT, IL US",19.4,12.2,2022-09-12,18.7,12.26
5999,USW00094846,"CHICAGO OHARE INTERNATIONAL AIRPORT, IL US",25.6,15.6,2022-09-13,24.92,14.03
6000,USW00094846,"CHICAGO OHARE INTERNATIONAL AIRPORT, IL US",26.1,14.4,2022-09-14,25.22,13.4
6001,USW00094846,"CHICAGO OHARE INTERNATIONAL AIRPORT, IL US",27.2,15.6,2022-09-15,27.01,14.31
6002,USW00094846,"CHICAGO OHARE INTERNATIONAL AIRPORT, IL US",27.8,17.2,2022-09-16,27.9,16.24
6003,USW00094846,"CHICAGO OHARE INTERNATIONAL AIRPORT, IL US",29.4,20,2022-09-17,29.16,19
6004,USW00094846,"CHICAGO OHARE INTERNATIONAL AIRPORT, IL US",29.4,19.4,2022-09-18,29.09,20.07
6005,USW00094846,"CHICAGO OHARE INTERNATIONAL AIRPORT, IL US",25.6,17.2,2022-09-19,25.25,17.56
6006,USW00094846,"CHICAGO OHARE INTERNATIONAL AIRPORT, IL US",30,17.2,2022-09-20,30.67,16.17
6007,USW00094846,"CHICAGO OHARE INTERNATIONAL AIRPORT, IL US",29.4,15.6,2022-09-21,29.27,16.47
6008,USW00094846,"CHICAGO OHARE INTERNATIONAL AIRPORT, IL US",17.8,10,2022-09-22,18.12,10.85
6009,USW00094846,"CHICAGO OHARE INTERNATIONAL AIRPORT, IL US",17.8,10,2022-09-23,17.37,8.8
6010,USW00094846,"CHICAGO OHARE INTERNATIONAL AIRPORT, IL US",21.7,11.1,2022-09-24,21.21,10.18
6011,USW00094846,"CHICAGO OHARE INTERNATIONAL AIRPORT, IL US",20,12.8,2022-09-25,19.39,12.49
6012,USW00094846,"CHICAGO OHARE INTERNATIONAL AIRPORT, IL US",17.8,10.6,2022-09-26,17.32,10.16
6013,USW00094846,"CHICAGO OHARE INTERNATIONAL AIRPORT, IL US",16.1,7.8,2022-09-27,15.72,7.39
6014,USW00094846,"CHICAGO OHARE INTERNATIONAL AIRPORT, IL US",16.1,7.2,2022-09-28,15.52,7
6015,USW00094846,"CHICAGO OHARE INTERNATIONAL AIRPORT, IL US",17.8,6.7,2022-09-29,17.19,5.57
6016,USW00094846,"CHICAGO OHARE INTERNATIONAL AIRPORT, IL US",19.4,8.3,2022-09-30,18.59,6.49
6017,USW00094846,"CHICAGO OHARE INTERNATIONAL AIRPORT, IL US",20,10,2022-10-01,19.84,8.54
6018,USW00094846,"CHICAGO OHARE INTERNATIONAL AIRPORT, IL US",18.3,10.6,2022-10-02,18.76,10.49
6019,USW00094846,"CHICAGO OHARE INTERNATIONAL AIRPORT, IL US",21.1,7.2,2022-10-03,19.81,6.88
6020,USW00094846,"CHICAGO OHARE INTERNATIONAL AIRPORT, IL US",23.3,7.2,2022-10-04,22.88,6.25
6021,USW00094846,"CHICAGO OHARE INTERNATIONAL AIRPORT, IL US",24.4,8.9,2022-10-05,24.18,7.87
6022,USW00094846,"CHICAGO OHARE INTERNATIONAL AIRPORT, IL US",24.4,10.6,2022-10-06,23.61,9.8
6023,USW00094846,"CHICAGO OHARE INTERNATIONAL AIRPORT, IL US",13.9,4.4,2022-10-07,13.24,4.74
6024,USW00094846,"CHICAGO OHARE INTERNATIONAL AIRPORT, IL US",14.4,3.3,2022-10-08,14.28,1.92
6025,USW00094846,"CHICAGO OHARE INTERNATIONAL AIRPORT, IL US",20.6,5.6,2022-10-09,20.3,4.57
6026,USW00094846,"CHICAGO OHARE INTERNATIONAL AIRPORT, IL US",22.8,7.8,2022-10-10,21.83,6.85
6027,USW00094846,"CHICAGO OHARE INTERNATIONAL AIRPORT, IL US",20.6,10,2022-10-11,20.63,8.97
6028,USW00094846,"CHICAGO OHARE INTERNATIONAL AIRPORT, IL US",18.3,9.4,2022-10-12,18.02,10.01
6029,USW00094846,"CHICAGO OHARE INTERNATIONAL AIRPORT, IL US",12.8,3.3,2022-10-13,13.39,4.03
6030,USW00094846,"CHICAGO OHARE INTERNATIONAL AIRPORT, IL US",15,3.9,2022-10-14,15,2.99
6031,USW00094846,"CHICAGO OHARE INTERNATIONAL AIRPORT, IL US",11.7,1.7,2022-10-15,11.87,1.35
6032,USW00094846,"CHICAGO OHARE INTERNATIONAL AIRPORT, IL US",12.2,4.4,2022-10-16,12.39,2.94
6033,USW00094846,"CHICAGO OHARE INTERNATIONAL AIRPORT, IL US",6.1,2.2,2022-10-17,5.93,2.34
6034,USW00094846,"CHICAGO OHARE INTERNATIONAL AIRPORT, IL US",9.4,1.7,2022-10-18,8.7,1.53
6035,USW00094846,"CHICAGO OHARE INTERNATIONAL AIRPORT, IL US",8.9,0.6,2022-10-19,8.84,0.26
6036,USW00094846,"CHICAGO OHARE INTERNATIONAL AIRPORT, IL US",16.7,0.6,2022-10-20,16.42,-0.16
6037,USW00094846,"CHICAGO OHARE INTERNATIONAL AIRPORT, IL US",24.4,6.1,2022-10-21,24.07,3.64
6038,USW00094846,"CHICAGO OHARE INTERNATIONAL AIRPORT, IL US",26.1,13.3,2022-10-22,26.1,10.26
6039,USW00094846,"CHICAGO OHARE INTERNATIONAL AIRPORT, IL US",26.1,16.7,2022-10-23,25.79,14.84
6040,USW00094846,"CHICAGO OHARE INTERNATIONAL AIRPORT, IL US",24.4,17.2,2022-10-24,24.41,16.08
6041,USW00094846,"CHICAGO OHARE INTERNATIONAL AIRPORT, IL US",21.1,7.8,2022-10-25,18.83,10.25
6042,USW00094846,"CHICAGO OHARE INTERNATIONAL AIRPORT, IL US",12.2,4.4,2022-10-26,12.26,4.43
6043,USW00094846,"CHICAGO OHARE INTERNATIONAL AIRPORT, IL US",12.2,2.8,2022-10-27,11.84,1.96
6044,USW00094846,"CHICAGO OHARE INTERNATIONAL AIRPORT, IL US",16.1,6.7,2022-10-28,15.42,3.85
6045,USW00094846,"CHICAGO OHARE INTERNATIONAL AIRPORT, IL US",19.4,3.9,2022-10-29,18.32,3.21
6046,USW00094846,"CHICAGO OHARE INTERNATIONAL AIRPORT, IL US",18.3,7.2,2022-10-30,17.5,5.55
6047,USW00094846,"CHICAGO OHARE INTERNATIONAL AIRPORT, IL US",13.9,10,2022-10-31,14.55,8.14
6048,USW00094846,"CHICAGO OHARE INTERNATIONAL AIRPORT, IL US",20,7.2,2022-11-01,20.45,6.11
6049,USW00094846,"CHICAGO OHARE INTERNATIONAL AIRPORT, IL US",22.2,6.1,2022-11-02,22.01,6.16
6050,USW00094846,"CHICAGO OHARE INTERNATIONAL AIRPORT, IL US",22.8,11.1,2022-11-03,22.59,9.14
6051,USW00094846,"CHICAGO OHARE INTERNATIONAL AIRPORT, IL US",22.2,16.1,2022-11-04,22.12,14.12
6052,USW00094846,"CHICAGO OHARE INTERNATIONAL AIRPORT, IL US",20.6,7.2,2022-11-05,19.45,10.14
6053,USW00094846,"CHICAGO OHARE INTERNATIONAL AIRPORT, IL US",16.1,7.2,2022-11-06,16.39,6.72
6054,USW00094846,"CHICAGO OHARE INTERNATIONAL AIRPORT, IL US",12.2,3.9,2022-11-07,12.82,3.72
6055,USW00094846,"CHICAGO OHARE INTERNATIONAL AIRPORT, IL US",12.2,6.7,2022-11-08,11.96,5.03
6056,USW00094846,"CHICAGO OHARE INTERNATIONAL AIRPORT, IL US",21.1,8.3,2022-11-09,20.58,7.1
6057,USW00094846,"CHICAGO OHARE INTERNATIONAL AIRPORT, IL US",24.4,15.6,2022-11-10,23.87,13.44
6058,USW00094846,"CHICAGO OHARE INTERNATIONAL AIRPORT, IL US",16.1,0,2022-11-11,12.86,2.3
6059,USW00094846,"CHICAGO OHARE INTERNATIONAL AIRPORT, IL US",2.2,0,2022-11-12,2.21,-0.11
6060,USW00094846,"CHICAGO OHARE INTERNATIONAL AIRPORT, IL US",3.3,-2.1,2022-11-13,2.47,-2.31
6061,USW00094846,"CHICAGO OHARE INTERNATIONAL AIRPORT, IL US",5.6,-2.7,2022-11-14,5.2,-3.97
6062,USW00094846,"CHICAGO OHARE INTERNATIONAL AIRPORT, IL US",3.3,0.6,2022-11-15,2.86,-1.85
6063,USW00094846,"CHICAGO OHARE INTERNATIONAL AIRPORT, IL US",2.8,-0.5,2022-11-16,1.85,-0.53
6064,USW00094846,"CHICAGO OHARE INTERNATIONAL AIRPORT, IL US",0.6,-1.6,2022-11-17,0.65,-1.91
6065,USW00094846,"CHICAGO OHARE INTERNATIONAL AIRPORT, IL US",-1,-6,2022-11-18,-1.87,-5.49
6066,USW00094846,"CHICAGO OHARE INTERNATIONAL AIRPORT, IL US",-2.7,-8.8,2022-11-19,-2.77,-8.49
6067,USW00094846,"CHICAGO OHARE INTERNATIONAL AIRPORT, IL US",1.1,-10.5,2022-11-20,0.59,-11.13
6068,USW00094846,"CHICAGO OHARE INTERNATIONAL AIRPORT, IL US",8.3,-1,2022-11-21,7.71,-5.47
6069,USW00094846,"CHICAGO OHARE INTERNATIONAL AIRPORT, IL US",11.1,-3.2,2022-11-22,10.54,-4.49
6070,USW00094846,"CHICAGO OHARE INTERNATIONAL AIRPORT, IL US",14.4,1.1,2022-11-23,14.25,-1.22
6071,USW00094846,"CHICAGO OHARE INTERNATIONAL AIRPORT, IL US",12.2,1.7,2022-11-24,11.24,0.84
6072,USW00094846,"CHICAGO OHARE INTERNATIONAL AIRPORT, IL US",11.1,0.6,2022-11-25,10.86,0.12
6073,USW00094846,"CHICAGO OHARE INTERNATIONAL AIRPORT, IL US",13.3,1.1,2022-11-26,12.75,0.1
6074,USW00094846,"CHICAGO OHARE INTERNATIONAL AIRPORT, IL US",8.3,1.7,2022-11-27,7.64,1.39
6075,USW00094846,"CHICAGO OHARE INTERNATIONAL AIRPORT, IL US",7.8,-1.6,2022-11-28,7.45,-2.82
6076,USW00094846,"CHICAGO OHARE INTERNATIONAL AIRPORT, IL US",14.4,1.1,2022-11-29,14.31,-0.57
6077,USW00094846,"CHICAGO OHARE INTERNATIONAL AIRPORT, IL US",1.7,-6.6,2022-11-30,0.54,-6.24
6078,USW00094846,"CHICAGO OHARE INTERNATIONAL AIRPORT, IL US",2.2,-7.7,2022-12-01,2.49,-8.44
6079,USW00094846,"CHICAGO OHARE INTERNATIONAL AIRPORT, IL US",11.7,2.2,2022-12-02,10.78,-1.95
6080,USW00094846,"CHICAGO OHARE INTERNATIONAL AIRPORT, IL US",10.6,-6,2022-12-03,6.86,-6.17
6081,USW00094846,"CHICAGO OHARE INTERNATIONAL AIRPORT, IL US",4.4,-7.1,2022-12-04,4.07,-7.92
6082,USW00094846,"CHICAGO OHARE INTERNATIONAL AIRPORT, IL US",6.7,-1.6,2022-12-05,6.06,-3.92
6083,USW00094846,"CHICAGO OHARE INTERNATIONAL AIRPORT, IL US",6.1,2.2,2022-12-06,5.97,0.51
6084,USW00094846,"CHICAGO OHARE INTERNATIONAL AIRPORT, IL US",6.1,1.1,2022-12-07,5.77,1.03
6085,USW00094846,"CHICAGO OHARE INTERNATIONAL AIRPORT, IL US",5,-1,2022-12-08,4.92,-0.72
6086,USW00094846,"CHICAGO OHARE INTERNATIONAL AIRPORT, IL US",3.3,1.1,2022-12-09,2.95,0.38
6087,USW00094846,"CHICAGO OHARE INTERNATIONAL AIRPORT, IL US",4.4,2.8,2022-12-10,3.7,1.83
6088,USW00094846,"CHICAGO OHARE INTERNATIONAL AIRPORT, IL US",4.4,2.2,2022-12-11,3.78,2.07
6089,USW00094846,"CHICAGO OHARE INTERNATIONAL AIRPORT, IL US",5.6,1.7,2022-12-12,4.97,1.78
6090,USW00094846,"CHICAGO OHARE INTERNATIONAL AIRPORT, IL US",3.3,1.7,2022-12-13,3.24,1.12
6091,USW00094846,"CHICAGO OHARE INTERNATIONAL AIRPORT, IL US",6.7,2.8,2022-12-14,6.09,2.12
6092,USW00094846,"CHICAGO OHARE INTERNATIONAL AIRPORT, IL US",3.3,-0.5,2022-12-15,2.69,-0.47
6093,USW00094846,"CHICAGO OHARE INTERNATIONAL AIRPORT, IL US",-0.5,-3.2,2022-12-16,-0.78,-2.95
6094,USW00094846,"CHICAGO OHARE INTERNATIONAL AIRPORT, IL US",-3.2,-6,2022-12-17,-3.62,-5.93
6095,USW00094846,"CHICAGO OHARE INTERNATIONAL AIRPORT, IL US",-6,-9.9,2022-12-18,-6.21,-9.93
6096,USW00094846,"CHICAGO OHARE INTERNATIONAL AIRPORT, IL US",-3.2,-12.1,2022-12-19,-3.36,-12.71
6097,USW00094846,"CHICAGO OHARE INTERNATIONAL AIRPORT, IL US",0.6,-7.7,2022-12-20,0.05,-9.17
6098,USW00094846,"CHICAGO OHARE INTERNATIONAL AIRPORT, IL US",0,-11.6,2022-12-21,-0.13,-11.06
6099,USW00094846,"CHICAGO OHARE INTERNATIONAL AIRPORT, IL US",0.6,-21,2022-12-22,0.53,-18.07
6100,USW00094846,"CHICAGO OHARE INTERNATIONAL AIRPORT, IL US",-18.2,-22.1,2022-12-23,-18,-23.01
6101,USW00094846,"CHICAGO OHARE INTERNATIONAL AIRPORT, IL US",-9.9,-18.2,2022-12-24,-10.59,-19.95
6102,USW00094846,"CHICAGO OHARE INTERNATIONAL AIRPORT, IL US",-9.9,-16.6,2022-12-25,-9.38,-16.94
6103,USW00094846,"CHICAGO OHARE INTERNATIONAL AIRPORT, IL US",-5.5,-11.6,2022-12-26,-5.93,-13.73
6104,USW00094846,"CHICAGO OHARE INTERNATIONAL AIRPORT, IL US",-3.8,-13.2,2022-12-27,-3,-14.21
6105,USW00094846,"CHICAGO OHARE INTERNATIONAL AIRPORT, IL US",7.2,-3.8,2022-12-28,7.45,-7.58
6106,USW00094846,"CHICAGO OHARE INTERNATIONAL AIRPORT, IL US",15,6.1,2022-12-29,14.26,2.73
6107,USW00094846,"CHICAGO OHARE INTERNATIONAL AIRPORT, IL US",13.9,-1,2022-12-30,10.61,0.62
6108,USW00094846,"CHICAGO OHARE INTERNATIONAL AIRPORT, IL US",3.9,-3.2,2022-12-31,3.44,-3.95
6109,USW00014819,"CHICAGO MIDWAY AIRPORT, IL US",5,-0.5,2022-01-01,3.53,-1.6
6110,USW00014819,"CHICAGO MIDWAY AIRPORT, IL US",0,-8.8,2022-01-02,-1.9,-8.66
6111,USW00014819,"CHICAGO MIDWAY AIRPORT, IL US",-4.3,-12.1,2022-01-03,-5.18,-13.21
6112,USW00014819,"CHICAGO MIDWAY AIRPORT, IL US",2.2,-4.3,2022-01-04,1.54,-8.12
6113,USW00014819,"CHICAGO MIDWAY AIRPORT, IL US",1.7,-10.5,2022-01-05,-1.14,-10.14
6114,USW00014819,"CHICAGO MIDWAY AIRPORT, IL US",-8.8,-14.3,2022-01-06,-9.24,-14.92
6115,USW00014819,"CHICAGO MIDWAY AIRPORT, IL US",-9.3,-17.1,2022-01-07,-9.32,-18.22
6116,USW00014819,"CHICAGO MIDWAY AIRPORT, IL US",2.2,-9.3,2022-01-08,1.48,-12.92
6117,USW00014819,"CHICAGO MIDWAY AIRPORT, IL US",2.8,-11,2022-01-09,1.16,-11.25
6118,USW00014819,"CHICAGO MIDWAY AIRPORT, IL US",-6.6,-13.2,2022-01-10,-7.44,-13.45
6119,USW00014819,"CHICAGO MIDWAY AIRPORT, IL US",3.3,-14.3,2022-01-11,2.26,-15.26
6120,USW00014819,"CHICAGO MIDWAY AIRPORT, IL US",5.6,-1,2022-01-12,4.83,-5.31
6121,USW00014819,"CHICAGO MIDWAY AIRPORT, IL US",5,-1.6,2022-01-13,4.32,-2.08
6122,USW00014819,"CHICAGO MIDWAY AIRPORT, IL US",3.3,-2.1,2022-01-14,1.91,-2.57
6123,USW00014819,"CHICAGO MIDWAY AIRPORT, IL US",-2.1,-6,2022-01-15,-3.29,-7.16
6124,USW00014819,"CHICAGO MIDWAY AIRPORT, IL US",-1,-9.9,2022-01-16,-1.67,-11.35
6125,USW00014819,"CHICAGO MIDWAY AIRPORT, IL US",-1,-3.8,2022-01-17,-1.85,-7.09
6126,USW00014819,"CHICAGO MIDWAY AIRPORT, IL US",7.2,-5.5,2022-01-18,6.64,-6.54
6127,USW00014819,"CHICAGO MIDWAY AIRPORT, IL US",6.1,-10.5,2022-01-19,2.96,-9.6
6128,USW00014819,"CHICAGO MIDWAY AIRPORT, IL US",-5.5,-12.7,2022-01-20,-6.68,-13.16
6129,USW00014819,"CHICAGO MIDWAY AIRPORT, IL US",-2.7,-12.1,2022-01-21,-3.55,-12.97
6130,USW00014819,"CHICAGO MIDWAY AIRPORT, IL US",2.2,-6.6,2022-01-22,1.2,-9.1
6131,USW00014819,"CHICAGO MIDWAY AIRPORT, IL US",-3.8,-12.1,2022-01-23,-4.71,-11.38
6132,USW00014819,"CHICAGO MIDWAY AIRPORT, IL US",-1.6,-10.5,2022-01-24,-2.61,-12.57
6133,USW00014819,"CHICAGO MIDWAY AIRPORT, IL US",-9.3,-16.6,2022-01-25,-9.94,-17.06
6134,USW00014819,"CHICAGO MIDWAY AIRPORT, IL US",-9.3,-20.5,2022-01-26,-8.75,-21.58
6135,USW00014819,"CHICAGO MIDWAY AIRPORT, IL US",0.6,-9.9,2022-01-27,0.27,-13.77
6136,USW00014819,"CHICAGO MIDWAY AIRPORT, IL US",-1.6,-11,2022-01-28,-3.18,-10.55
6137,USW00014819,"CHICAGO MIDWAY AIRPORT, IL US",-4.9,-12.7,2022-01-29,-5.26,-13.78
6138,USW00014819,"CHICAGO MIDWAY AIRPORT, IL US",0.6,-9.9,2022-01-30,-0.33,-11.89
6139,USW00014819,"CHICAGO MIDWAY AIRPORT, IL US",1.7,-2.1,2022-01-31,1.28,-5.66
6140,USW00014819,"CHICAGO MIDWAY AIRPORT, IL US",9.4,0.6,2022-02-01,8.33,-1.79
6141,USW00014819,"CHICAGO MIDWAY AIRPORT, IL US",0.6,-7.1,2022-02-02,-0.85,-6.84
6142,USW00014819,"CHICAGO MIDWAY AIRPORT, IL US",-2.7,-7.1,2022-02-03,-4.08,-7.81
6143,USW00014819,"CHICAGO MIDWAY AIRPORT, IL US",-3.2,-11,2022-02-04,-3.77,-11.43
6144,USW00014819,"CHICAGO MIDWAY AIRPORT, IL US",-7.1,-14.3,2022-02-05,-7.16,-15.28
6145,USW00014819,"CHICAGO MIDWAY AIRPORT, IL US",0.6,-7.7,2022-02-06,0.26,-10.67
6146,USW00014819,"CHICAGO MIDWAY AIRPORT, IL US",0,-7.7,2022-02-07,-1.46,-8.26
6147,USW00014819,"CHICAGO MIDWAY AIRPORT, IL US",5,-7.7,2022-02-08,4.09,-9.09
6148,USW00014819,"CHICAGO MIDWAY AIRPORT, IL US",5.6,1.1,2022-02-09,5.21,-2.32
6149,USW00014819,"CHICAGO MIDWAY AIRPORT, IL US",2.2,-2.1,2022-02-10,2.15,-2.27
6150,USW00014819,"CHICAGO MIDWAY AIRPORT, IL US",7.2,-1,2022-02-11,6.89,-2.76
6151,USW00014819,"CHICAGO MIDWAY AIRPORT, IL US",-0.5,-9.3,2022-02-12,-2.87,-9.8
6152,USW00014819,"CHICAGO MIDWAY AIRPORT, IL US",-6,-9.9,2022-02-13,-6.92,-10.85
6153,USW00014819,"CHICAGO MIDWAY AIRPORT, IL US",-2.7,-9.3,2022-02-14,-3.1,-10.52
6154,USW00014819,"CHICAGO MIDWAY AIRPORT, IL US",7.8,-4.9,2022-02-15,7.35,-7.18
6155,USW00014819,"CHICAGO MIDWAY AIRPORT, IL US",12.2,6.1,2022-02-16,11.82,1
6156,USW00014819,"CHICAGO MIDWAY AIRPORT, IL US",6.1,-8.2,2022-02-17,3.5,-6.03
6157,USW00014819,"CHICAGO MIDWAY AIRPORT, IL US",0,-13.2,2022-02-18,-0.38,-14.07
6158,USW00014819,"CHICAGO MIDWAY AIRPORT, IL US",-1.6,-11.6,2022-02-19,-2.48,-12.82
6159,USW00014819,"CHICAGO MIDWAY AIRPORT, IL US",9.4,-7.7,2022-02-20,8.74,-9.45
6160,USW00014819,"CHICAGO MIDWAY AIRPORT, IL US",12.2,0.6,2022-02-21,10.19,-0.8
6161,USW00014819,"CHICAGO MIDWAY AIRPORT, IL US",12.2,-3.8,2022-02-22,8.31,-3.15
6162,USW00014819,"CHICAGO MIDWAY AIRPORT, IL US",-3.2,-7.7,2022-02-23,-3.97,-8.48
6163,USW00014819,"CHICAGO MIDWAY AIRPORT, IL US",-1.6,-4.3,2022-02-24,-2.18,-6.06
6164,USW00014819,"CHICAGO MIDWAY AIRPORT, IL US",-0.5,-6.6,2022-02-25,-1.01,-6.81
6165,USW00014819,"CHICAGO MIDWAY AIRPORT, IL US",0.6,-9.3,2022-02-26,0.21,-10.18
6166,USW00014819,"CHICAGO MIDWAY AIRPORT, IL US",7.8,-1.6,2022-02-27,6.35,-4.85
6167,USW00014819,"CHICAGO MIDWAY AIRPORT, IL US",12.8,-1.6,2022-02-28,11.95,-3.24
6168,USW00014819,"CHICAGO MIDWAY AIRPORT, IL US",11.1,2.2,2022-03-01,10.4,0.35
6169,USW00014819,"CHICAGO MIDWAY AIRPORT, IL US",15.6,1.1,2022-03-02,14.91,-0.45
6170,USW00014819,"CHICAGO MIDWAY AIRPORT, IL US",3.3,-1,2022-03-03,1.92,-2.07
6171,USW00014819,"CHICAGO MIDWAY AIRPORT, IL US",6.1,-1,2022-03-04,5.34,-2.68
6172,USW00014819,"CHICAGO MIDWAY AIRPORT, IL US",21.7,5.6,2022-03-05,20.89,1.73
6173,USW00014819,"CHICAGO MIDWAY AIRPORT, IL US",16.1,2.8,2022-03-06,13.03,2.25
6174,USW00014819,"CHICAGO MIDWAY AIRPORT, IL US",3.3,0,2022-03-07,2.48,-0.38
6175,USW00014819,"CHICAGO MIDWAY AIRPORT, IL US",5.6,-2.1,2022-03-08,4.69,-2.92
6176,USW00014819,"CHICAGO MIDWAY AIRPORT, IL US",6.7,-1,2022-03-09,6.05,-2.35
6177,USW00014819,"CHICAGO MIDWAY AIRPORT, IL US",0.6,-3.2,2022-03-10,-0.26,-4.39
6178,USW00014819,"CHICAGO MIDWAY AIRPORT, IL US",0.6,-7.7,2022-03-11,-0.1,-7.72
6179,USW00014819,"CHICAGO MIDWAY AIRPORT, IL US",-4.3,-10.5,2022-03-12,-4.5,-11.37
6180,USW00014819,"CHICAGO MIDWAY AIRPORT, IL US",11.7,-5.5,2022-03-13,11.16,-7.75
6181,USW00014819,"CHICAGO MIDWAY AIRPORT, IL US",18.3,4.4,2022-03-14,17.38,1.57
6182,USW00014819,"CHICAGO MIDWAY AIRPORT, IL US",12.8,1.7,2022-03-15,11.72,1.1
6183,USW00014819,"CHICAGO MIDWAY AIRPORT, IL US",22.2,3.3,2022-03-16,21.2,1.58
6184,USW00014819,"CHICAGO MIDWAY AIRPORT, IL US",23.3,9.4,2022-03-17,21.54,6.39
6185,USW00014819,"CHICAGO MIDWAY AIRPORT, IL US",10,5.6,2022-03-18,8.56,4.5
6186,USW00014819,"CHICAGO MIDWAY AIRPORT, IL US",6.7,3.9,2022-03-19,6.16,2.83
6187,USW00014819,"CHICAGO MIDWAY AIRPORT, IL US",18.3,1.1,2022-03-20,16.44,0.56
6188,USW00014819,"CHICAGO MIDWAY AIRPORT, IL US",25,6.7,2022-03-21,23.68,3.76
6189,USW00014819,"CHICAGO MIDWAY AIRPORT, IL US",16.7,10,2022-03-22,14.16,7.5
6190,USW00014819,"CHICAGO MIDWAY AIRPORT, IL US",15.6,7.8,2022-03-23,14.51,7.29
6191,USW00014819,"CHICAGO MIDWAY AIRPORT, IL US",7.8,5,2022-03-24,7.1,4.1
6192,USW00014819,"CHICAGO MIDWAY AIRPORT, IL US",10,2.2,2022-03-25,8.95,2.05
6193,USW00014819,"CHICAGO MIDWAY AIRPORT, IL US",2.2,-1.6,2022-03-26,1.4,-2.22
6194,USW00014819,"CHICAGO MIDWAY AIRPORT, IL US",3.3,-3.8,2022-03-27,1.71,-4.8
6195,USW00014819,"CHICAGO MIDWAY AIRPORT, IL US",1.7,-3.8,2022-03-28,1.19,-5.17
6196,USW00014819,"CHICAGO MIDWAY AIRPORT, IL US",7.2,-0.5,2022-03-29,6.89,-2.8
6197,USW00014819,"CHICAGO MIDWAY AIRPORT, IL US",17.8,7.8,2022-03-30,16.5,3.87
6198,USW00014819,"CHICAGO MIDWAY AIRPORT, IL US",10,1.1,2022-03-31,7.8,1.26
6199,USW00014819,"CHICAGO MIDWAY AIRPORT, IL US",8.3,0.6,2022-04-01,6.75,-0.25
6200,USW00014819,"CHICAGO MIDWAY AIRPORT, IL US",7.2,1.7,2022-04-02,6.51,-0.03
6201,USW00014819,"CHICAGO MIDWAY AIRPORT, IL US",9.4,0.6,2022-04-03,9.24,0.35
6202,USW00014819,"CHICAGO MIDWAY AIRPORT, IL US",12.8,6.1,2022-04-04,11.95,3.41
6203,USW00014819,"CHICAGO MIDWAY AIRPORT, IL US",12.8,3.9,2022-04-05,12.36,2.45
6204,USW00014819,"CHICAGO MIDWAY AIRPORT, IL US",15,7.2,2022-04-06,13.85,5.35
6205,USW00014819,"CHICAGO MIDWAY AIRPORT, IL US",7.8,5,2022-04-07,7.07,4.34
6206,USW00014819,"CHICAGO MIDWAY AIRPORT, IL US",6.1,1.1,2022-04-08,5.61,1.22
6207,USW00014819,"CHICAGO MIDWAY AIRPORT, IL US",10,1.1,2022-04-09,8.95,0.12
6208,USW00014819,"CHICAGO MIDWAY AIRPORT, IL US",17.8,2.2,2022-04-10,16.72,0.92
6209,USW00014819,"CHICAGO MIDWAY AIRPORT, IL US",17.2,8.9,2022-04-11,16.56,5.14
6210,USW00014819,"CHICAGO MIDWAY AIRPORT, IL US",22.2,6.1,2022-04-12,20.86,4.01
6211,USW00014819,"CHICAGO MIDWAY AIRPORT, IL US",22.2,5.6,2022-04-13,21.32,4.71
6212,USW00014819,"CHICAGO MIDWAY AIRPORT, IL US",12.8,2.8,2022-04-14,11.61,1.88
6213,USW00014819,"CHICAGO MIDWAY AIRPORT, IL US",13.3,5.6,2022-04-15,12.8,4.04
6214,USW00014819,"CHICAGO MIDWAY AIRPORT, IL US",10.6,1.7,2022-04-16,8.66,0.91
6215,USW00014819,"CHICAGO MIDWAY AIRPORT, IL US",6.1,1.1,2022-04-17,5.83,-0.61
6216,USW00014819,"CHICAGO MIDWAY AIRPORT, IL US",5.6,1.7,2022-04-18,5.39,0.41
6217,USW00014819,"CHICAGO MIDWAY AIRPORT, IL US",10.6,3.3,2022-04-19,9.35,1.75
6218,USW00014819,"CHICAGO MIDWAY AIRPORT, IL US",13.3,6.1,2022-04-20,12.2,4.08
6219,USW00014819,"CHICAGO MIDWAY AIRPORT, IL US",21.7,10.6,2022-04-21,20.65,8.53
6220,USW00014819,"CHICAGO MIDWAY AIRPORT, IL US",16.1,10,2022-04-22,14.84,8.37
6221,USW00014819,"CHICAGO MIDWAY AIRPORT, IL US",30,13.9,2022-04-23,28.97,10.58
6222,USW00014819,"CHICAGO MIDWAY AIRPORT, IL US",23.9,14.4,2022-04-24,22.5,13.69
6223,USW00014819,"CHICAGO MIDWAY AIRPORT, IL US",14.4,5.6,2022-04-25,13.44,6.4
6224,USW00014819,"CHICAGO MIDWAY AIRPORT, IL US",12.2,3.9,2022-04-26,10.76,2.95
6225,USW00014819,"CHICAGO MIDWAY AIRPORT, IL US",6.7,2.2,2022-04-27,5.79,0.82
6226,USW00014819,"CHICAGO MIDWAY AIRPORT, IL US",11.1,4.4,2022-04-28,10.29,2.77
6227,USW00014819,"CHICAGO MIDWAY AIRPORT, IL US",21.1,10.6,2022-04-29,18.31,7.66
6228,USW00014819,"CHICAGO MIDWAY AIRPORT, IL US",22.8,11.1,2022-04-30,20.78,9.85
6229,USW00014819,"CHICAGO MIDWAY AIRPORT, IL US",15,10.6,2022-05-01,13.58,10.29
6230,USW00014819,"CHICAGO MIDWAY AIRPORT, IL US",13.3,8.3,2022-05-02,12.67,8.23
6231,USW00014819,"CHICAGO MIDWAY AIRPORT, IL US",11.1,7.2,2022-05-03,10.18,6.92
6232,USW00014819,"CHICAGO MIDWAY AIRPORT, IL US",13.9,5.6,2022-05-04,12.29,4.74
6233,USW00014819,"CHICAGO MIDWAY AIRPORT, IL US",12.2,7.2,2022-05-05,11.65,5.8
6234,USW00014819,"CHICAGO MIDWAY AIRPORT, IL US",12.2,10,2022-05-06,11.47,8.46
6235,USW00014819,"CHICAGO MIDWAY AIRPORT, IL US",18.3,8.9,2022-05-07,16.51,7.24
6236,USW00014819,"CHICAGO MIDWAY AIRPORT, IL US",20.6,7.8,2022-05-08,18.3,6.73
6237,USW00014819,"CHICAGO MIDWAY AIRPORT, IL US",29.4,13.9,2022-05-09,27.81,11.36
6238,USW00014819,"CHICAGO MIDWAY AIRPORT, IL US",33.3,21.1,2022-05-10,32.01,17.87
6239,USW00014819,"CHICAGO MIDWAY AIRPORT, IL US",32.8,25,2022-05-11,31.65,20.97
6240,USW00014819,"CHICAGO MIDWAY AIRPORT, IL US",35,24.4,2022-05-12,32.07,21.59
6241,USW00014819,"CHICAGO MIDWAY AIRPORT, IL US",33.9,21.7,2022-05-13,31.78,19.06
6242,USW00014819,"CHICAGO MIDWAY AIRPORT, IL US",29.4,20,2022-05-14,28.41,17.99
6243,USW00014819,"CHICAGO MIDWAY AIRPORT, IL US",26.1,15,2022-05-15,24.67,14.86
6244,USW00014819,"CHICAGO MIDWAY AIRPORT, IL US",26.7,13.3,2022-05-16,25.64,12.36
6245,USW00014819,"CHICAGO MIDWAY AIRPORT, IL US",19.4,12.2,2022-05-17,19.27,10.81
6246,USW00014819,"CHICAGO MIDWAY AIRPORT, IL US",17.8,12.8,2022-05-18,17.01,11.5
6247,USW00014819,"CHICAGO MIDWAY AIRPORT, IL US",31.1,13.3,2022-05-19,29.9,11.6
6248,USW00014819,"CHICAGO MIDWAY AIRPORT, IL US",31.7,16.7,2022-05-20,30.19,14.65
6249,USW00014819,"CHICAGO MIDWAY AIRPORT, IL US",17.8,13.9,2022-05-21,16.86,12.8
6250,USW00014819,"CHICAGO MIDWAY AIRPORT, IL US",18.3,11.7,2022-05-22,16.88,10.43
6251,USW00014819,"CHICAGO MIDWAY AIRPORT, IL US",17.2,8.9,2022-05-23,16.66,7.6
6252,USW00014819,"CHICAGO MIDWAY AIRPORT, IL US",20,11.1,2022-05-24,18.7,9.5
6253,USW00014819,"CHICAGO MIDWAY AIRPORT, IL US",28.3,14.4,2022-05-25,26.94,12.85
6254,USW00014819,"CHICAGO MIDWAY AIRPORT, IL US",26.1,18.3,2022-05-26,25.38,16.03
6255,USW00014819,"CHICAGO MIDWAY AIRPORT, IL US",18.3,11.1,2022-05-27,17.27,11.2
6256,USW00014819,"CHICAGO MIDWAY AIRPORT, IL US",24.4,10.6,2022-05-28,22.91,9.68
6257,USW00014819,"CHICAGO MIDWAY AIRPORT, IL US",30.6,18.3,2022-05-29,29.29,15.72
6258,USW00014819,"CHICAGO MIDWAY AIRPORT, IL US",33.3,22.8,2022-05-30,31.95,20.59
6259,USW00014819,"CHICAGO MIDWAY AIRPORT, IL US",32.2,23.9,2022-05-31,30.96,22.63
6260,USW00014819,"CHICAGO MIDWAY AIRPORT, IL US",26.1,16.1,2022-06-01,24.58,16.13
6261,USW00014819,"CHICAGO MIDWAY AIRPORT, IL US",26.1,15.6,2022-06-02,24.23,14.21
6262,USW00014819,"CHICAGO MIDWAY AIRPORT, IL US",28.3,16.7,2022-06-03,27.27,14.17
6263,USW00014819,"CHICAGO MIDWAY AIRPORT, IL US",22.2,15,2022-06-04,21.19,12.19
6264,USW00014819,"CHICAGO MIDWAY AIRPORT, IL US",27.2,17.2,2022-06-05,25.71,14.62
6265,USW00014819,"CHICAGO MIDWAY AIRPORT, IL US",24.4,15.6,2022-06-06,24.64,14.89
6266,USW00014819,"CHICAGO MIDWAY AIRPORT, IL US",21.7,13.9,2022-06-07,20.55,13.13
6267,USW00014819,"CHICAGO MIDWAY AIRPORT, IL US",22.2,14.4,2022-06-08,20.72,13.08
6268,USW00014819,"CHICAGO MIDWAY AIRPORT, IL US",26.7,11.7,2022-06-09,25.43,11.24
6269,USW00014819,"CHICAGO MIDWAY AIRPORT, IL US",27.8,15,2022-06-10,26.42,13.29
6270,USW00014819,"CHICAGO MIDWAY AIRPORT, IL US",24.4,15.6,2022-06-11,23.56,14.07
6271,USW00014819,"CHICAGO MIDWAY AIRPORT, IL US",23.3,15.6,2022-06-12,22.17,14.54
6272,USW00014819,"CHICAGO MIDWAY AIRPORT, IL US",33.9,16.7,2022-06-13,30.93,14.78
6273,USW00014819,"CHICAGO MIDWAY AIRPORT, IL US",37.8,23.9,2022-06-14,36.63,19.7
6274,USW00014819,"CHICAGO MIDWAY AIRPORT, IL US",37.8,28.3,2022-06-15,36.06,26.28
6275,USW00014819,"CHICAGO MIDWAY AIRPORT, IL US",36.1,23.9,2022-06-16,34.92,22.29
6276,USW00014819,"CHICAGO MIDWAY AIRPORT, IL US",31.1,20.6,2022-06-17,29.08,18.97
6277,USW00014819,"CHICAGO MIDWAY AIRPORT, IL US",24.4,15,2022-06-18,22.45,14
6278,USW00014819,"CHICAGO MIDWAY AIRPORT, IL US",31.1,13.9,2022-06-19,29.21,11.82
6279,USW00014819,"CHICAGO MIDWAY AIRPORT, IL US",36.1,19.4,2022-06-20,34.82,16.95
6280,USW00014819,"CHICAGO MIDWAY AIRPORT, IL US",38.3,22.8,2022-06-21,37,21.24
6281,USW00014819,"CHICAGO MIDWAY AIRPORT, IL US",33.3,23.3,2022-06-22,31.77,21.9
6282,USW00014819,"CHICAGO MIDWAY AIRPORT, IL US",29.4,22.2,2022-06-23,28.12,18.62
6283,USW00014819,"CHICAGO MIDWAY AIRPORT, IL US",33.9,19.4,2022-06-24,31.86,17.29
6284,USW00014819,"CHICAGO MIDWAY AIRPORT, IL US",27.2,20,2022-06-25,25.93,18.4
6285,USW00014819,"CHICAGO MIDWAY AIRPORT, IL US",28.3,20,2022-06-26,26.97,18.72
6286,USW00014819,"CHICAGO MIDWAY AIRPORT, IL US",27.2,17.2,2022-06-27,25.5,15.79
6287,USW00014819,"CHICAGO MIDWAY AIRPORT, IL US",31.1,16.7,2022-06-28,29.93,15.01
6288,USW00014819,"CHICAGO MIDWAY AIRPORT, IL US",31.7,21.1,2022-06-29,30.48,18.75
6289,USW00014819,"CHICAGO MIDWAY AIRPORT, IL US",34.4,23.3,2022-06-30,33.31,21.7
6290,USW00014819,"CHICAGO MIDWAY AIRPORT, IL US",29.4,20.6,2022-07-01,27.82,19.62
6291,USW00014819,"CHICAGO MIDWAY AIRPORT, IL US",30,18.3,2022-07-02,28.49,17.26
6292,USW00014819,"CHICAGO MIDWAY AIRPORT, IL US",31.1,20.6,2022-07-03,29.86,18.63
6293,USW00014819,"CHICAGO MIDWAY AIRPORT, IL US",32.2,22.2,2022-07-04,30.97,19.52
6294,USW00014819,"CHICAGO MIDWAY AIRPORT, IL US",35,21.1,2022-07-05,34.17,20.33
6295,USW00014819,"CHICAGO MIDWAY AIRPORT, IL US",27.8,22.2,2022-07-06,26.43,20.92
6296,USW00014819,"CHICAGO MIDWAY AIRPORT, IL US",30,22.2,2022-07-07,28.77,20.5
6297,USW00014819,"CHICAGO MIDWAY AIRPORT, IL US",27.2,22.2,2022-07-08,25.53,20.98
6298,USW00014819,"CHICAGO MIDWAY AIRPORT, IL US",26.1,20.6,2022-07-09,25,19.1
6299,USW00014819,"CHICAGO MIDWAY AIRPORT, IL US",31.1,16.7,2022-07-10,29,15.79
6300,USW00014819,"CHICAGO MIDWAY AIRPORT, IL US",30.6,22.2,2022-07-11,29.74,19.88
6301,USW00014819,"CHICAGO MIDWAY AIRPORT, IL US",31.1,21.7,2022-07-12,29.79,20.26
6302,USW00014819,"CHICAGO MIDWAY AIRPORT, IL US",29.4,21.1,2022-07-13,28.01,19.1
6303,USW00014819,"CHICAGO MIDWAY AIRPORT, IL US",27.8,17.8,2022-07-14,26.31,16.31
6304,USW00014819,"CHICAGO MIDWAY AIRPORT, IL US",24.4,20.6,2022-07-15,22.9,18.16
6305,USW00014819,"CHICAGO MIDWAY AIRPORT, IL US",25.6,21.7,2022-07-16,25.12,19.88
6306,USW00014819,"CHICAGO MIDWAY AIRPORT, IL US",25,21.7,2022-07-17,24.84,20.61
6307,USW00014819,"CHICAGO MIDWAY AIRPORT, IL US",32.8,21.7,2022-07-18,30.89,20.44
6308,USW00014819,"CHICAGO MIDWAY AIRPORT, IL US",32.8,22.8,2022-07-19,31.65,20.52
6309,USW00014819,"CHICAGO MIDWAY AIRPORT, IL US",31.7,25.6,2022-07-20,30.7,23.79
6310,USW00014819,"CHICAGO MIDWAY AIRPORT, IL US",34.4,22.2,2022-07-21,33.33,20.89
6311,USW00014819,"CHICAGO MIDWAY AIRPORT, IL US",33.3,21.7,2022-07-22,32.29,20.26
6312,USW00014819,"CHICAGO MIDWAY AIRPORT, IL US",31.1,21.7,2022-07-23,29.76,20.28
6313,USW00014819,"CHICAGO MIDWAY AIRPORT, IL US",31.1,23.3,2022-07-24,30.11,21.72
6314,USW00014819,"CHICAGO MIDWAY AIRPORT, IL US",26.1,20.6,2022-07-25,25.36,18.72
6315,USW00014819,"CHICAGO MIDWAY AIRPORT, IL US",28.3,20,2022-07-26,26.86,17.96
6316,USW00014819,"CHICAGO MIDWAY AIRPORT, IL US",30.6,21.7,2022-07-27,28.99,19.94
6317,USW00014819,"CHICAGO MIDWAY AIRPORT, IL US",28.3,21.1,2022-07-28,27.48,19.58
6318,USW00014819,"CHICAGO MIDWAY AIRPORT, IL US",28.3,17.8,2022-07-29,26.7,16.71
6319,USW00014819,"CHICAGO MIDWAY AIRPORT, IL US",29.4,18.9,2022-07-30,28.08,16.96
6320,USW00014819,"CHICAGO MIDWAY AIRPORT, IL US",30,20,2022-07-31,29.1,18.23
6321,USW00014819,"CHICAGO MIDWAY AIRPORT, IL US",31.7,23.9,2022-08-01,30.39,21.2
6322,USW00014819,"CHICAGO MIDWAY AIRPORT, IL US",32.8,21.7,2022-08-02,31.54,19.56
6323,USW00014819,"CHICAGO MIDWAY AIRPORT, IL US",35,24.4,2022-08-03,33.23,22.43
6324,USW00014819,"CHICAGO MIDWAY AIRPORT, IL US",29.4,23.9,2022-08-04,28.64,22.08
6325,USW00014819,"CHICAGO MIDWAY AIRPORT, IL US",31.1,22.8,2022-08-05,29.71,20.94
6326,USW00014819,"CHICAGO MIDWAY AIRPORT, IL US",35,25,2022-08-06,33.89,22.69
6327,USW00014819,"CHICAGO MIDWAY AIRPORT, IL US",28.9,25.6,2022-08-07,28.06,23.6
6328,USW00014819,"CHICAGO MIDWAY AIRPORT, IL US",28.9,20.6,2022-08-08,27.86,20.17
6329,USW00014819,"CHICAGO MIDWAY AIRPORT, IL US",25.6,18.3,2022-08-09,24.39,16.85
6330,USW00014819,"CHICAGO MIDWAY AIRPORT, IL US",30.6,16.7,2022-08-10,28.5,15.11
6331,USW00014819,"CHICAGO MIDWAY AIRPORT, IL US",26.7,20,2022-08-11,25.77,17.44
6332,USW00014819,"CHICAGO MIDWAY AIRPORT, IL US",27.2,17.2,2022-08-12,25.34,15.78
6333,USW00014819,"CHICAGO MIDWAY AIRPORT, IL US",26.7,20.6,2022-08-13,25.55,17.87
6334,USW00014819,"CHICAGO MIDWAY AIRPORT, IL US",26.7,21.7,2022-08-14,24.99,19.56
6335,USW00014819,"CHICAGO MIDWAY AIRPORT, IL US",27.2,20.6,2022-08-15,25.97,19.12
6336,USW00014819,"CHICAGO MIDWAY AIRPORT, IL US",28.9,19.4,2022-08-16,27.31,17.65
6337,USW00014819,"CHICAGO MIDWAY AIRPORT, IL US",28.9,18.3,2022-08-17,27.54,16.77
6338,USW00014819,"CHICAGO MIDWAY AIRPORT, IL US",30,17.2,2022-08-18,28.45,15.78
6339,USW00014819,"CHICAGO MIDWAY AIRPORT, IL US",31.1,20.6,2022-08-19,29.82,18.44
6340,USW00014819,"CHICAGO MIDWAY AIRPORT, IL US",26.1,20,2022-08-20,25.22,18.61
6341,USW00014819,"CHICAGO MIDWAY AIRPORT, IL US",27.2,20,2022-08-21,25.89,18.8
6342,USW00014819,"CHICAGO MIDWAY AIRPORT, IL US",28.9,18.3,2022-08-22,27.37,17.56
6343,USW00014819,"CHICAGO MIDWAY AIRPORT, IL US",30,18.3,2022-08-23,28.79,17.16
6344,USW00014819,"CHICAGO MIDWAY AIRPORT, IL US",30.6,19.4,2022-08-24,28.77,17.89
6345,USW00014819,"CHICAGO MIDWAY AIRPORT, IL US",28.3,20,2022-08-25,27.31,18.34
6346,USW00014819,"CHICAGO MIDWAY AIRPORT, IL US",26.7,19.4,2022-08-26,25.44,18.18
6347,USW00014819,"CHICAGO MIDWAY AIRPORT, IL US",28.9,16.7,2022-08-27,27.68,15.15
6348,USW00014819,"CHICAGO MIDWAY AIRPORT, IL US",33.3,22.2,2022-08-28,31.99,19.04
6349,USW00014819,"CHICAGO MIDWAY AIRPORT, IL US",30.6,22.2,2022-08-29,29.86,21.04
6350,USW00014819,"CHICAGO MIDWAY AIRPORT, IL US",27.8,19.4,2022-08-30,27.16,18.74
6351,USW00014819,"CHICAGO MIDWAY AIRPORT, IL US",30.6,17.8,2022-08-31,29.59,16.24
6352,USW00014819,"CHICAGO MIDWAY AIRPORT, IL US",32.2,20.6,2022-09-01,31.05,18.66
6353,USW00014819,"CHICAGO MIDWAY AIRPORT, IL US",31.1,21.7,2022-09-02,29.91,20.15
6354,USW00014819,"CHICAGO MIDWAY AIRPORT, IL US",32.8,21.7,2022-09-03,31.04,20.08
6355,USW00014819,"CHICAGO MIDWAY AIRPORT, IL US",23.9,21.1,2022-09-04,22.95,19.82
6356,USW00014819,"CHICAGO MIDWAY AIRPORT, IL US",22.8,20.6,2022-09-05,22.06,19.15
6357,USW00014819,"CHICAGO MIDWAY AIRPORT, IL US",27.2,21.1,2022-09-06,26.21,19.45
6358,USW00014819,"CHICAGO MIDWAY AIRPORT, IL US",28.3,20,2022-09-07,26.67,18.17
6359,USW00014819,"CHICAGO MIDWAY AIRPORT, IL US",30,17.2,2022-09-08,28.08,15.63
6360,USW00014819,"CHICAGO MIDWAY AIRPORT, IL US",30.6,18.3,2022-09-09,29.05,15.92
6361,USW00014819,"CHICAGO MIDWAY AIRPORT, IL US",30.6,18.9,2022-09-10,29.06,16.88
6362,USW00014819,"CHICAGO MIDWAY AIRPORT, IL US",23.3,16.1,2022-09-11,21.7,15.23
6363,USW00014819,"CHICAGO MIDWAY AIRPORT, IL US",20,13.3,2022-09-12,18.42,12.52
6364,USW00014819,"CHICAGO MIDWAY AIRPORT, IL US",26.7,16.7,2022-09-13,25.04,14.34
6365,USW00014819,"CHICAGO MIDWAY AIRPORT, IL US",27.2,15,2022-09-14,25.53,13.89
6366,USW00014819,"CHICAGO MIDWAY AIRPORT, IL US",28.9,17.2,2022-09-15,27.76,15.03
6367,USW00014819,"CHICAGO MIDWAY AIRPORT, IL US",29.4,18.9,2022-09-16,28.41,16.95
6368,USW00014819,"CHICAGO MIDWAY AIRPORT, IL US",31.1,21.7,2022-09-17,29.71,19.19
6369,USW00014819,"CHICAGO MIDWAY AIRPORT, IL US",30.6,22.2,2022-09-18,29.8,20.5
6370,USW00014819,"CHICAGO MIDWAY AIRPORT, IL US",26.1,19.4,2022-09-19,25.02,17.97
6371,USW00014819,"CHICAGO MIDWAY AIRPORT, IL US",34.4,18.9,2022-09-20,32.21,16.72
6372,USW00014819,"CHICAGO MIDWAY AIRPORT, IL US",31.7,17.8,2022-09-21,30.41,16.87
6373,USW00014819,"CHICAGO MIDWAY AIRPORT, IL US",19.4,13.3,2022-09-22,18.39,12.23
6374,USW00014819,"CHICAGO MIDWAY AIRPORT, IL US",18.3,11.1,2022-09-23,17.71,9.62
6375,USW00014819,"CHICAGO MIDWAY AIRPORT, IL US",23.9,12.8,2022-09-24,22.79,10.92
6376,USW00014819,"CHICAGO MIDWAY AIRPORT, IL US",20.6,14.4,2022-09-25,19.73,13.12
6377,USW00014819,"CHICAGO MIDWAY AIRPORT, IL US",18.3,11.7,2022-09-26,17.83,10.79
6378,USW00014819,"CHICAGO MIDWAY AIRPORT, IL US",17.2,8.9,2022-09-27,16.22,8.2
6379,USW00014819,"CHICAGO MIDWAY AIRPORT, IL US",17.2,9.4,2022-09-28,16.28,7.96
6380,USW00014819,"CHICAGO MIDWAY AIRPORT, IL US",17.8,7.8,2022-09-29,17.35,6.33
6381,USW00014819,"CHICAGO MIDWAY AIRPORT, IL US",19.4,9.4,2022-09-30,18.66,7.31
6382,USW00014819,"CHICAGO MIDWAY AIRPORT, IL US",21.1,11.1,2022-10-01,19.98,9.51
6383,USW00014819,"CHICAGO MIDWAY AIRPORT, IL US",20.6,14.4,2022-10-02,19.14,11.32
6384,USW00014819,"CHICAGO MIDWAY AIRPORT, IL US",20.6,10,2022-10-03,19.56,7.99
6385,USW00014819,"CHICAGO MIDWAY AIRPORT, IL US",24.4,8.3,2022-10-04,23.25,7.03
6386,USW00014819,"CHICAGO MIDWAY AIRPORT, IL US",25.6,10.6,2022-10-05,24.79,8.63
6387,USW00014819,"CHICAGO MIDWAY AIRPORT, IL US",25,12.2,2022-10-06,24.12,10.64
6388,USW00014819,"CHICAGO MIDWAY AIRPORT, IL US",14.4,5.6,2022-10-07,13.32,6.08
6389,USW00014819,"CHICAGO MIDWAY AIRPORT, IL US",15.6,3.3,2022-10-08,14.74,2.7
6390,USW00014819,"CHICAGO MIDWAY AIRPORT, IL US",21.7,7.8,2022-10-09,20.88,4.77
6391,USW00014819,"CHICAGO MIDWAY AIRPORT, IL US",24.4,10,2022-10-10,22.81,7.67
6392,USW00014819,"CHICAGO MIDWAY AIRPORT, IL US",21.7,12.2,2022-10-11,20.69,9.85
6393,USW00014819,"CHICAGO MIDWAY AIRPORT, IL US",18.3,10.6,2022-10-12,17.94,10.47
6394,USW00014819,"CHICAGO MIDWAY AIRPORT, IL US",15,5,2022-10-13,14.38,4.46
6395,USW00014819,"CHICAGO MIDWAY AIRPORT, IL US",17.2,4.4,2022-10-14,16.03,3.07
6396,USW00014819,"CHICAGO MIDWAY AIRPORT, IL US",12.8,2.8,2022-10-15,12.11,1.95
6397,USW00014819,"CHICAGO MIDWAY AIRPORT, IL US",13.9,5.6,2022-10-16,13.3,3.66
6398,USW00014819,"CHICAGO MIDWAY AIRPORT, IL US",7.2,3.9,2022-10-17,6.17,3.03
6399,USW00014819,"CHICAGO MIDWAY AIRPORT, IL US",10,2.8,2022-10-18,8.82,2.05
6400,USW00014819,"CHICAGO MIDWAY AIRPORT, IL US",10,1.7,2022-10-19,9.26,0.95
6401,USW00014819,"CHICAGO MIDWAY AIRPORT, IL US",17.2,1.1,2022-10-20,16.81,0.08
6402,USW00014819,"CHICAGO MIDWAY AIRPORT, IL US",25.6,7.2,2022-10-21,24.63,4.37
6403,USW00014819,"CHICAGO MIDWAY AIRPORT, IL US",27.8,14.4,2022-10-22,26.72,11.09
6404,USW00014819,"CHICAGO MIDWAY AIRPORT, IL US",27.2,17.8,2022-10-23,26.3,15.43
6405,USW00014819,"CHICAGO MIDWAY AIRPORT, IL US",26.1,17.8,2022-10-24,24.76,16.34
6406,USW00014819,"CHICAGO MIDWAY AIRPORT, IL US",21.7,9.4,2022-10-25,19.18,10.26
6407,USW00014819,"CHICAGO MIDWAY AIRPORT, IL US",13.9,6.1,2022-10-26,12.71,5.36
6408,USW00014819,"CHICAGO MIDWAY AIRPORT, IL US",12.2,5,2022-10-27,11.96,3.13
6409,USW00014819,"CHICAGO MIDWAY AIRPORT, IL US",16.1,7.8,2022-10-28,15.36,5.06
6410,USW00014819,"CHICAGO MIDWAY AIRPORT, IL US",19.4,6.1,2022-10-29,18.49,4.61
6411,USW00014819,"CHICAGO MIDWAY AIRPORT, IL US",19.4,9.4,2022-10-30,18.04,6.84
6412,USW00014819,"CHICAGO MIDWAY AIRPORT, IL US",16.1,11.1,2022-10-31,14.69,8.93
6413,USW00014819,"CHICAGO MIDWAY AIRPORT, IL US",21.1,7.8,2022-11-01,20.6,7.06
6414,USW00014819,"CHICAGO MIDWAY AIRPORT, IL US",23.3,9.4,2022-11-02,22.5,7.3
6415,USW00014819,"CHICAGO MIDWAY AIRPORT, IL US",23.9,12.8,2022-11-03,22.98,10.18
6416,USW00014819,"CHICAGO MIDWAY AIRPORT, IL US",24.4,16.7,2022-11-04,23.06,14.42
6417,USW00014819,"CHICAGO MIDWAY AIRPORT, IL US",21.7,8.3,2022-11-05,19.84,9.67
6418,USW00014819,"CHICAGO MIDWAY AIRPORT, IL US",17.8,8.3,2022-11-06,17.14,6.97
6419,USW00014819,"CHICAGO MIDWAY AIRPORT, IL US",14.4,5.6,2022-11-07,12.69,4.66
6420,USW00014819,"CHICAGO MIDWAY AIRPORT, IL US",12.2,6.7,2022-11-08,12.47,5.44
6421,USW00014819,"CHICAGO MIDWAY AIRPORT, IL US",21.1,8.9,2022-11-09,20.81,7.37
6422,USW00014819,"CHICAGO MIDWAY AIRPORT, IL US",24.4,15,2022-11-10,24,13.39
6423,USW00014819,"CHICAGO MIDWAY AIRPORT, IL US",15.6,0.6,2022-11-11,13.28,2.39
6424,USW00014819,"CHICAGO MIDWAY AIRPORT, IL US",2.8,0.6,2022-11-12,2.58,0.12
6425,USW00014819,"CHICAGO MIDWAY AIRPORT, IL US",2.2,-1,2022-11-13,2.67,-1.61
6426,USW00014819,"CHICAGO MIDWAY AIRPORT, IL US",5,-2.1,2022-11-14,5.43,-3.24
6427,USW00014819,"CHICAGO MIDWAY AIRPORT, IL US",2.8,0,2022-11-15,2.94,-1.3
6428,USW00014819,"CHICAGO MIDWAY AIRPORT, IL US",1.7,-0.5,2022-11-16,1.9,-0.47
6429,USW00014819,"CHICAGO MIDWAY AIRPORT, IL US",1.1,-1.6,2022-11-17,0.97,-1.8
6430,USW00014819,"CHICAGO MIDWAY AIRPORT, IL US",-1,-6,2022-11-18,-1.73,-5.63
6431,USW00014819,"CHICAGO MIDWAY AIRPORT, IL US",-2.7,-8.8,2022-11-19,-2.67,-8.5
6432,USW00014819,"CHICAGO MIDWAY AIRPORT, IL US",0.6,-10.5,2022-11-20,0.7,-10.93
6433,USW00014819,"CHICAGO MIDWAY AIRPORT, IL US",8.3,-1.6,2022-11-21,8.15,-4.67
6434,USW00014819,"CHICAGO MIDWAY AIRPORT, IL US",11.1,-2.1,2022-11-22,11.1,-3.77
6435,USW00014819,"CHICAGO MIDWAY AIRPORT, IL US",15,0.6,2022-11-23,14.8,-0.57
6436,USW00014819,"CHICAGO MIDWAY AIRPORT, IL US",11.7,3.3,2022-11-24,11.76,1.63
6437,USW00014819,"CHICAGO MIDWAY AIRPORT, IL US",11.1,0.6,2022-11-25,11,0.91
6438,USW00014819,"CHICAGO MIDWAY AIRPORT, IL US",13.3,0.6,2022-11-26,13.02,0.26
6439,USW00014819,"CHICAGO MIDWAY AIRPORT, IL US",7.8,1.7,2022-11-27,7.58,1.74
6440,USW00014819,"CHICAGO MIDWAY AIRPORT, IL US",7.8,-0.5,2022-11-28,7.45,-1.26
6441,USW00014819,"CHICAGO MIDWAY AIRPORT, IL US",15,1.7,2022-11-29,14.77,0.51
6442,USW00014819,"CHICAGO MIDWAY AIRPORT, IL US",1.7,-6.6,2022-11-30,0.65,-6.1
6443,USW00014819,"CHICAGO MIDWAY AIRPORT, IL US",2.8,-7.7,2022-12-01,2.52,-8.22
6444,USW00014819,"CHICAGO MIDWAY AIRPORT, IL US",11.1,2.2,2022-12-02,11.2,-1.31
6445,USW00014819,"CHICAGO MIDWAY AIRPORT, IL US",11.1,-6,2022-12-03,7.67,-5.58
6446,USW00014819,"CHICAGO MIDWAY AIRPORT, IL US",4.4,-7.7,2022-12-04,4.56,-8.06
6447,USW00014819,"CHICAGO MIDWAY AIRPORT, IL US",6.7,-2.1,2022-12-05,6.38,-4.01
6448,USW00014819,"CHICAGO MIDWAY AIRPORT, IL US",6.7,2.2,2022-12-06,6.21,0.95
6449,USW00014819,"CHICAGO MIDWAY AIRPORT, IL US",6.1,3.3,2022-12-07,6.46,2.14
6450,USW00014819,"CHICAGO MIDWAY AIRPORT, IL US",5.6,1.7,2022-12-08,5.3,0.74
6451,USW00014819,"CHICAGO MIDWAY AIRPORT, IL US",3.3,1.7,2022-12-09,2.98,0.74
6452,USW00014819,"CHICAGO MIDWAY AIRPORT, IL US",3.9,2.8,2022-12-10,3.84,2
6453,USW00014819,"CHICAGO MIDWAY AIRPORT, IL US",4.4,2.8,2022-12-11,4.01,2.38
6454,USW00014819,"CHICAGO MIDWAY AIRPORT, IL US",5.6,2.8,2022-12-12,5.16,2.14
6455,USW00014819,"CHICAGO MIDWAY AIRPORT, IL US",3.3,1.1,2022-12-13,3.19,0.97
6456,USW00014819,"CHICAGO MIDWAY AIRPORT, IL US",6.7,2.8,2022-12-14,6.19,2.14
6457,USW00014819,"CHICAGO MIDWAY AIRPORT, IL US",3.3,-0.5,2022-12-15,3.06,-0.35
6458,USW00014819,"CHICAGO MIDWAY AIRPORT, IL US",-0.5,-3.2,2022-12-16,-0.52,-2.92
6459,USW00014819,"CHICAGO MIDWAY AIRPORT, IL US",-3.2,-6.6,2022-12-17,-3.51,-6.1
6460,USW00014819,"CHICAGO MIDWAY AIRPORT, IL US",-6,-9.9,2022-12-18,-5.97,-9.81
6461,USW00014819,"CHICAGO MIDWAY AIRPORT, IL US",-3.2,-12.1,2022-12-19,-3.07,-12.12
6462,USW00014819,"CHICAGO MIDWAY AIRPORT, IL US",0.6,-5.5,2022-12-20,0.69,-8.01
6463,USW00014819,"CHICAGO MIDWAY AIRPORT, IL US",0,-8.2,2022-12-21,0.01,-8.68
6464,USW00014819,"CHICAGO MIDWAY AIRPORT, IL US",1.1,-21,2022-12-22,0.88,-17.1
6465,USW00014819,"CHICAGO MIDWAY AIRPORT, IL US",-18.2,-22.7,2022-12-23,-18.13,-22.89
6466,USW00014819,"CHICAGO MIDWAY AIRPORT, IL US",-10.5,-18.2,2022-12-24,-10.51,-19.71
6467,USW00014819,"CHICAGO MIDWAY AIRPORT, IL US",-9.9,-16.6,2022-12-25,-9.29,-16.99
6468,USW00014819,"CHICAGO MIDWAY AIRPORT, IL US",-5.5,-11,2022-12-26,-5.72,-13.22
6469,USW00014819,"CHICAGO MIDWAY AIRPORT, IL US",-3.2,-13.2,2022-12-27,-3.2,-13.67
6470,USW00014819,"CHICAGO MIDWAY AIRPORT, IL US",7.2,-3.8,2022-12-28,7.47,-6.95
6471,USW00014819,"CHICAGO MIDWAY AIRPORT, IL US",13.9,6.7,2022-12-29,14.03,3.27
6472,USW00014819,"CHICAGO MIDWAY AIRPORT, IL US",13.9,-0.5,2022-12-30,12.13,1.4
6473,USW00014819,"CHICAGO MIDWAY AIRPORT, IL US",3.9,-2.7,2022-12-31,3.56,-2.51
6474,USC00111550,"CHICAGO NORTHERLY ISLAND, IL US",7.2,1.1,2023-01-01,7.52,1.49
6475,USC00111550,"CHICAGO NORTHERLY ISLAND, IL US",5.6,0,2023-01-02,6.31,0.41
6476,USC00111550,"CHICAGO NORTHERLY ISLAND, IL US",8.3,2.2,2023-01-03,9.72,3.5
6477,USC00111550,"CHICAGO NORTHERLY ISLAND, IL US",7.2,0.6,2023-01-04,6.8,0.87
6478,USC00111550,"CHICAGO NORTHERLY ISLAND, IL US",1.1,-0.6,2023-01-05,1.39,-0.31
6479,USC00111550,"CHICAGO NORTHERLY ISLAND, IL US",0.6,-3.3,2023-01-06,0.78,-2.91
6480,USC00111550,"CHICAGO NORTHERLY ISLAND, IL US",0.6,-1.7,2023-01-07,0.7,-2.52
6481,USC00111550,"CHICAGO NORTHERLY ISLAND, IL US",1.7,-3.3,2023-01-08,1.57,-3.35
6482,USC00111550,"CHICAGO NORTHERLY ISLAND, IL US",6.7,-3.3,2023-01-09,6.84,-3.93
6483,USC00111550,"CHICAGO NORTHERLY ISLAND, IL US",7.2,1.1,2023-01-10,9.12,0.35
6484,USC00111550,"CHICAGO NORTHERLY ISLAND, IL US",8.9,1.7,2023-01-11,11.14,2.13
6485,USC00111550,"CHICAGO NORTHERLY ISLAND, IL US",4.4,1.1,2023-01-12,5.44,1.83
6486,USC00111550,"CHICAGO NORTHERLY ISLAND, IL US",1.7,-2.2,2023-01-13,1.7,-2.22
6487,USC00111550,"CHICAGO NORTHERLY ISLAND, IL US",0,-4.4,2023-01-14,-0.23,-4.16
6488,USC00111550,"CHICAGO NORTHERLY ISLAND, IL US",5.6,-3.3,2023-01-15,5.95,-3.58
6489,USC00111550,"CHICAGO NORTHERLY ISLAND, IL US",11.1,2.2,2023-01-16,11.19,2.22
6490,USC00111550,"CHICAGO NORTHERLY ISLAND, IL US",10.6,2.8,2023-01-17,9.26,2.98
6491,USC00111550,"CHICAGO NORTHERLY ISLAND, IL US",3.3,1.7,2023-01-18,4.01,2.18
6492,USC00111550,"CHICAGO NORTHERLY ISLAND, IL US",5,1.7,2023-01-19,5.55,1.53
6493,USC00111550,"CHICAGO NORTHERLY ISLAND, IL US",1.7,-0.6,2023-01-20,1.59,-0.76
6494,USC00111550,"CHICAGO NORTHERLY ISLAND, IL US",0,-2.2,2023-01-21,0.11,-2.02
6495,USC00111550,"CHICAGO NORTHERLY ISLAND, IL US",0.6,-2.2,2023-01-22,1.03,-2.2
6496,USC00111550,"CHICAGO NORTHERLY ISLAND, IL US",0,-5.6,2023-01-23,0.07,-5.5
6497,USC00111550,"CHICAGO NORTHERLY ISLAND, IL US",3.9,-2.2,2023-01-24,2.5,-2.68
6498,USC00111550,"CHICAGO NORTHERLY ISLAND, IL US",1.1,-0.6,2023-01-25,1.45,-0.82
6499,USC00111550,"CHICAGO NORTHERLY ISLAND, IL US",0,-7.8,2023-01-26,-0.23,-7.36
6500,USC00111550,"CHICAGO NORTHERLY ISLAND, IL US",2.2,-9.4,2023-01-27,2.57,-10.56
6501,USC00111550,"CHICAGO NORTHERLY ISLAND, IL US",-0.6,-5.6,2023-01-28,-0.48,-6.91
6502,USC00111550,"CHICAGO NORTHERLY ISLAND, IL US",-0.6,-6.7,2023-01-29,-0.54,-7.16
6503,USC00111550,"CHICAGO NORTHERLY ISLAND, IL US",-6.1,-13.3,2023-01-30,-6.99,-13.37
6504,USC00111550,"CHICAGO NORTHERLY ISLAND, IL US",-8.9,-14.4,2023-01-31,-9.03,-16.43
6505,USC00111550,"CHICAGO NORTHERLY ISLAND, IL US",-1.7,-12.8,2023-02-01,-1.93,-15.34
6506,USC00111550,"CHICAGO NORTHERLY ISLAND, IL US",1.7,-10.6,2023-02-02,1.83,-11.6
6507,USC00111550,"CHICAGO NORTHERLY ISLAND, IL US",-10.6,-15.6,2023-02-03,-10.54,-16.12
6508,USC00111550,"CHICAGO NORTHERLY ISLAND, IL US",6.1,-10.6,2023-02-04,6.01,-11.95
6509,USC00111550,"CHICAGO NORTHERLY ISLAND, IL US",6.1,-1.1,2023-02-05,6.51,-3.19
6510,USC00111550,"CHICAGO NORTHERLY ISLAND, IL US",8.3,-2.8,2023-02-06,8.38,-5.32
6511,USC00111550,"CHICAGO NORTHERLY ISLAND, IL US",10.6,0.6,2023-02-07,9.92,-1.13
6512,USC00111550,"CHICAGO NORTHERLY ISLAND, IL US",2.8,-1.1,2023-02-08,5.42,-3.47
6513,USC00111550,"CHICAGO NORTHERLY ISLAND, IL US",7.2,1.1,2023-02-09,7.78,0.82
6514,USC00111550,"CHICAGO NORTHERLY ISLAND, IL US",3.9,-1.7,2023-02-10,4.13,-2.2
6515,USC00111550,"CHICAGO NORTHERLY ISLAND, IL US",8.3,-3.3,2023-02-11,8.51,-5.02
6516,USC00111550,"CHICAGO NORTHERLY ISLAND, IL US",11.1,0.6,2023-02-12,11.52,-2.46
6517,USC00111550,"CHICAGO NORTHERLY ISLAND, IL US",11.1,2.2,2023-02-13,11.36,0.28
6518,USC00111550,"CHICAGO NORTHERLY ISLAND, IL US",12.2,2.2,2023-02-14,12.54,0.41
6519,USC00111550,"CHICAGO NORTHERLY ISLAND, IL US",11.7,1.1,2023-02-15,10.92,1.82
6520,USC00111550,"CHICAGO NORTHERLY ISLAND, IL US",1.7,-3.3,2023-02-16,2.14,-2.56
6521,USC00111550,"CHICAGO NORTHERLY ISLAND, IL US",-2.2,-6.1,2023-02-17,-2.39,-6.81
6522,USC00111550,"CHICAGO NORTHERLY ISLAND, IL US",7.8,-3.9,2023-02-18,7.61,-4.99
6523,USC00111550,"CHICAGO NORTHERLY ISLAND, IL US",11.1,3.9,2023-02-19,11.47,2.42
6524,USC00111550,"CHICAGO NORTHERLY ISLAND, IL US",6.7,-0.6,2023-02-20,7.44,-1.46
6525,USC00111550,"CHICAGO NORTHERLY ISLAND, IL US",5.6,-3.3,2023-02-21,4.63,-3.32
6526,USC00111550,"CHICAGO NORTHERLY ISLAND, IL US",1.7,0.6,2023-02-22,2.29,0.03
6527,USC00111550,"CHICAGO NORTHERLY ISLAND, IL US",3.3,-3.9,2023-02-23,5.54,-3.56
6528,USC00111550,"CHICAGO NORTHERLY ISLAND, IL US",-2.2,-6.1,2023-02-24,-1.98,-6.54
6529,USC00111550,"CHICAGO NORTHERLY ISLAND, IL US",3.3,-2.8,2023-02-25,3.62,-3.46
6530,USC00111550,"CHICAGO NORTHERLY ISLAND, IL US",6.7,-0.6,2023-02-26,8.81,-2.08
6531,USC00111550,"CHICAGO NORTHERLY ISLAND, IL US",14.4,2.2,2023-02-27,14.47,2.03
6532,USC00111550,"CHICAGO NORTHERLY ISLAND, IL US",5.6,2.2,2023-02-28,8.93,2.72
6533,USC00111550,"CHICAGO NORTHERLY ISLAND, IL US",12.2,1.7,2023-03-01,13.19,2.43
6534,USC00111550,"CHICAGO NORTHERLY ISLAND, IL US",4.4,0.6,2023-03-02,4.07,0.76
6535,USC00111550,"CHICAGO NORTHERLY ISLAND, IL US",2.8,1.1,2023-03-03,3.43,0.1
6536,USC00111550,"CHICAGO NORTHERLY ISLAND, IL US",9.4,0,2023-03-04,9.28,-1.62
6537,USC00111550,"CHICAGO NORTHERLY ISLAND, IL US",5.6,2.2,2023-03-05,8.46,-0.75
6538,USC00111550,"CHICAGO NORTHERLY ISLAND, IL US",7.8,2.2,2023-03-06,10.78,2.49
6539,USC00111550,"CHICAGO NORTHERLY ISLAND, IL US",5.6,1.7,2023-03-07,6.19,1.9
6540,USC00111550,"CHICAGO NORTHERLY ISLAND, IL US",4.4,1.7,2023-03-08,7.09,1.67
6541,USC00111550,"CHICAGO NORTHERLY ISLAND, IL US",3.9,0.6,2023-03-09,4.79,0.8
6542,USC00111550,"CHICAGO NORTHERLY ISLAND, IL US",2.2,0,2023-03-10,2.63,0.35
6543,USC00111550,"CHICAGO NORTHERLY ISLAND, IL US",2.8,0,2023-03-11,3.68,0.2
6544,USC00111550,"CHICAGO NORTHERLY ISLAND, IL US",2.8,-1.1,2023-03-12,2.85,-1.04
6545,USC00111550,"CHICAGO NORTHERLY ISLAND, IL US",0,-2.2,2023-03-13,0.66,-2.8
6546,USC00111550,"CHICAGO NORTHERLY ISLAND, IL US",0,-5,2023-03-14,1.61,-5.41
6547,USC00111550,"CHICAGO NORTHERLY ISLAND, IL US",8.9,-3.9,2023-03-15,9.7,-5.12
6548,USC00111550,"CHICAGO NORTHERLY ISLAND, IL US",10,5,2023-03-16,10.15,3.3
6549,USC00111550,"CHICAGO NORTHERLY ISLAND, IL US",10.6,-5,2023-03-17,8.86,-4.11
6550,USC00111550,"CHICAGO NORTHERLY ISLAND, IL US",-4.4,-10.6,2023-03-18,-3.91,-10.51
6551,USC00111550,"CHICAGO NORTHERLY ISLAND, IL US",4.4,-6.7,2023-03-19,4.9,-7.74
6552,USC00111550,"CHICAGO NORTHERLY ISLAND, IL US",10,-1.7,2023-03-20,10.88,-2.73
6553,USC00111550,"CHICAGO NORTHERLY ISLAND, IL US",12.2,2.8,2023-03-21,12.72,1.85
6554,USC00111550,"CHICAGO NORTHERLY ISLAND, IL US",10.6,3.9,2023-03-22,11.1,4.11
6555,USC00111550,"CHICAGO NORTHERLY ISLAND, IL US",7.8,1.7,2023-03-23,8.5,2.1
6556,USC00111550,"CHICAGO NORTHERLY ISLAND, IL US",5,2.2,2023-03-24,6.96,1.86
6557,USC00111550,"CHICAGO NORTHERLY ISLAND, IL US",6.7,1.1,2023-03-25,6.82,1.34
6558,USC00111550,"CHICAGO NORTHERLY ISLAND, IL US",6.1,1.7,2023-03-26,7.86,0.58
6559,USC00111550,"CHICAGO NORTHERLY ISLAND, IL US",5.6,1.1,2023-03-27,6.92,0.16
6560,USC00111550,"CHICAGO NORTHERLY ISLAND, IL US",9.4,0.6,2023-03-28,10.48,-1.26
6561,USC00111550,"CHICAGO NORTHERLY ISLAND, IL US",5.6,-1.1,2023-03-29,5.84,-1.65
6562,USC00111550,"CHICAGO NORTHERLY ISLAND, IL US",12.8,-2.2,2023-03-30,13.44,-3.61
6563,USC00111550,"CHICAGO NORTHERLY ISLAND, IL US",20.6,10,2023-03-31,21.06,6.63
6564,USC00111550,"CHICAGO NORTHERLY ISLAND, IL US",10,1.1,2023-04-01,8.81,1.08
6565,USC00111550,"CHICAGO NORTHERLY ISLAND, IL US",12.8,-0.6,2023-04-02,13.01,-1.52
6566,USC00111550,"CHICAGO NORTHERLY ISLAND, IL US",14.4,5,2023-04-03,16.49,4.81
6567,USC00111550,"CHICAGO NORTHERLY ISLAND, IL US",20,5,2023-04-04,21.2,6.3
6568,USC00111550,"CHICAGO NORTHERLY ISLAND, IL US",22.2,4.4,2023-04-05,22.43,4.76
6569,USC00111550,"CHICAGO NORTHERLY ISLAND, IL US",11.1,1.1,2023-04-06,11.88,0.84
6570,USC00111550,"CHICAGO NORTHERLY ISLAND, IL US",7.2,2.8,2023-04-07,8.38,2.11
6571,USC00111550,"CHICAGO NORTHERLY ISLAND, IL US",10.6,2.8,2023-04-08,15.56,2.21
6572,USC00111550,"CHICAGO NORTHERLY ISLAND, IL US",18.9,5,2023-04-09,19.79,4.82
6573,USC00111550,"CHICAGO NORTHERLY ISLAND, IL US",20.6,7.2,2023-04-10,21.44,7.58
6574,USC00111550,"CHICAGO NORTHERLY ISLAND, IL US",25,12.8,2023-04-11,26.1,11.09
6575,USC00111550,"CHICAGO NORTHERLY ISLAND, IL US",27.2,15,2023-04-12,28.14,14.66
6576,USC00111550,"CHICAGO NORTHERLY ISLAND, IL US",28.3,14.4,2023-04-13,28.8,13.01
6577,USC00111550,"CHICAGO NORTHERLY ISLAND, IL US",21.1,11.7,2023-04-14,26.68,11.68
6578,USC00111550,"CHICAGO NORTHERLY ISLAND, IL US",27.2,15,2023-04-15,27.93,16.25
6579,USC00111550,"CHICAGO NORTHERLY ISLAND, IL US",18.3,1.1,2023-04-16,17.47,3.64
6580,USC00111550,"CHICAGO NORTHERLY ISLAND, IL US",4.4,0,2023-04-17,4.46,0.12
6581,USC00111550,"CHICAGO NORTHERLY ISLAND, IL US",11.1,1.7,2023-04-18,13.58,1.13
6582,USC00111550,"CHICAGO NORTHERLY ISLAND, IL US",12.8,5.6,2023-04-19,18.21,4.73
6583,USC00111550,"CHICAGO NORTHERLY ISLAND, IL US",26.1,9.4,2023-04-20,26.72,9.07
6584,USC00111550,"CHICAGO NORTHERLY ISLAND, IL US",16.1,7.8,2023-04-21,16.79,7.06
6585,USC00111550,"CHICAGO NORTHERLY ISLAND, IL US",8.3,3.3,2023-04-22,8.14,3
6586,USC00111550,"CHICAGO NORTHERLY ISLAND, IL US",5.6,2.2,2023-04-23,5.86,2.18
6587,USC00111550,"CHICAGO NORTHERLY ISLAND, IL US",10,2.8,2023-04-24,11.29,1.32
6588,USC00111550,"CHICAGO NORTHERLY ISLAND, IL US",20,13.9,2023-09-14,21.24,10.82
6589,USC00111550,"CHICAGO NORTHERLY ISLAND, IL US",23.3,13.9,2023-09-15,24.41,11.53
6590,USC00111550,"CHICAGO NORTHERLY ISLAND, IL US",21.7,16.7,2023-09-16,22.1,14.53
6591,USC00111550,"CHICAGO NORTHERLY ISLAND, IL US",20,15,2023-09-17,19.98,13.64
6592,USC00111550,"CHICAGO NORTHERLY ISLAND, IL US",20.6,15,2023-09-18,21.05,12.41
6593,USC00111550,"CHICAGO NORTHERLY ISLAND, IL US",20,13.9,2023-09-19,18.85,13.02
6594,USC00111550,"CHICAGO NORTHERLY ISLAND, IL US",26.7,17.2,2023-09-20,26.65,15.57
6595,USC00111550,"CHICAGO NORTHERLY ISLAND, IL US",21.1,15.6,2023-09-21,24.21,17.23
6596,USC00111550,"CHICAGO NORTHERLY ISLAND, IL US",22.8,18.3,2023-09-22,25.16,18.01
6597,USC00111550,"CHICAGO NORTHERLY ISLAND, IL US",22.2,17.8,2023-09-23,24.73,17.33
6598,USC00111550,"CHICAGO NORTHERLY ISLAND, IL US",22.2,15.6,2023-09-24,24.07,14.27
6599,USC00111550,"CHICAGO NORTHERLY ISLAND, IL US",21.7,17.8,2023-09-25,23.29,16.83
6600,USC00111550,"CHICAGO NORTHERLY ISLAND, IL US",21.1,17.2,2023-09-26,22.38,17.4
6601,USC00111550,"CHICAGO NORTHERLY ISLAND, IL US",20.6,17.2,2023-09-27,20.76,17.12
6602,USC00111550,"CHICAGO NORTHERLY ISLAND, IL US",20.6,17.2,2023-09-28,20.8,16.22
6603,USC00111550,"CHICAGO NORTHERLY ISLAND, IL US",20.6,16.1,2023-09-29,22.69,14.35
6604,USC00111550,"CHICAGO NORTHERLY ISLAND, IL US",22.8,15.6,2023-09-30,26.66,14.66
6605,USC00111550,"CHICAGO NORTHERLY ISLAND, IL US",23.3,17.2,2023-10-01,27.46,16.37
6606,USC00111550,"CHICAGO NORTHERLY ISLAND, IL US",25,17.2,2023-10-02,28.01,16.42
6607,USC00111550,"CHICAGO NORTHERLY ISLAND, IL US",28.9,17.8,2023-10-03,29.96,16.72
6608,USC00111550,"CHICAGO NORTHERLY ISLAND, IL US",28.9,19.4,2023-10-04,29.2,19.27
6609,USC00111550,"CHICAGO NORTHERLY ISLAND, IL US",21.1,16.7,2023-10-05,21.53,15.9
6610,USC00111550,"CHICAGO NORTHERLY ISLAND, IL US",16.7,8.3,2023-10-06,16.48,8.11
6611,USC00111550,"CHICAGO NORTHERLY ISLAND, IL US",14.4,7.8,2023-10-07,14.8,7.56
6612,USC00111550,"CHICAGO NORTHERLY ISLAND, IL US",12.2,7.8,2023-10-08,13.02,7.23
6613,USC00111550,"CHICAGO NORTHERLY ISLAND, IL US",13.9,7.8,2023-10-09,14.36,5.88
6614,USC00111550,"CHICAGO NORTHERLY ISLAND, IL US",16.7,6.1,2023-10-10,16.88,4.89
6615,USC00111550,"CHICAGO NORTHERLY ISLAND, IL US",17.8,7.8,2023-10-11,18.8,5.1
6616,USC00111550,"CHICAGO NORTHERLY ISLAND, IL US",15.6,11.7,2023-10-12,16.57,10.29
6617,USC00111550,"CHICAGO NORTHERLY ISLAND, IL US",14.4,12.2,2023-10-13,14.64,12.02
6618,USC00111550,"CHICAGO NORTHERLY ISLAND, IL US",12.8,10.6,2023-10-14,13,10
6619,USC00111550,"CHICAGO NORTHERLY ISLAND, IL US",13.9,7.8,2023-10-15,14.53,7.91
6620,USC00111550,"CHICAGO NORTHERLY ISLAND, IL US",12.2,8.3,2023-10-16,12.27,7.22
6621,USC00111550,"CHICAGO NORTHERLY ISLAND, IL US",16.7,7.2,2023-10-17,17.05,5.21
6622,USC00111550,"CHICAGO NORTHERLY ISLAND, IL US",18.9,8.3,2023-10-18,19.15,6.47
6623,USC00111550,"CHICAGO NORTHERLY ISLAND, IL US",14.4,11.7,2023-10-19,14.72,10.78
6624,USC00111550,"CHICAGO NORTHERLY ISLAND, IL US",14.4,11.1,2023-10-20,14.73,8.96
6625,USC00111550,"CHICAGO NORTHERLY ISLAND, IL US",17.2,8.3,2023-10-21,17.65,6.48
6626,USC00111550,"CHICAGO NORTHERLY ISLAND, IL US",12.2,6.7,2023-10-22,14.02,5.65
6627,USC00111550,"CHICAGO NORTHERLY ISLAND, IL US",18.9,6.7,2023-10-23,18.99,5.72
6628,USC00111550,"CHICAGO NORTHERLY ISLAND, IL US",27.2,15.6,2023-10-24,27.62,13.29
6629,USC00111550,"CHICAGO NORTHERLY ISLAND, IL US",19.4,14.4,2023-10-25,19.53,15.04
6630,USC00111550,"CHICAGO NORTHERLY ISLAND, IL US",21.7,17.2,2023-10-26,21.9,17.19
6631,USC00111550,"CHICAGO NORTHERLY ISLAND, IL US",21.1,7.2,2023-10-27,21.88,9.21
6632,USC00111550,"CHICAGO NORTHERLY ISLAND, IL US",10,5,2023-10-28,10.23,4.83
6633,USC00111550,"CHICAGO NORTHERLY ISLAND, IL US",10,3.9,2023-10-29,8.99,4.17
6634,USC00111550,"CHICAGO NORTHERLY ISLAND, IL US",5.6,0.6,2023-10-30,6.27,-0.09
6635,USC00111550,"CHICAGO NORTHERLY ISLAND, IL US",2.2,-1.1,2023-10-31,2.58,-2.28
6636,USC00111550,"CHICAGO NORTHERLY ISLAND, IL US",5,-0.6,2023-11-01,5.19,-2.12
6637,USC00111550,"CHICAGO NORTHERLY ISLAND, IL US",12.2,1.1,2023-11-02,12.73,0.52
6638,USC00111550,"CHICAGO NORTHERLY ISLAND, IL US",14.4,6.7,2023-11-03,14.07,5.55
6639,USC00111550,"CHICAGO NORTHERLY ISLAND, IL US",13.3,6.7,2023-11-04,14.23,4.53
6640,USC00111550,"CHICAGO NORTHERLY ISLAND, IL US",15,6.1,2023-11-05,15.54,2.74
6641,USC00111550,"CHICAGO NORTHERLY ISLAND, IL US",20.6,11.7,2023-11-06,21,10.38
6642,USC00111550,"CHICAGO NORTHERLY ISLAND, IL US",13.9,7.8,2023-11-07,13.21,7
6643,USC00111550,"CHICAGO NORTHERLY ISLAND, IL US",14.4,8.3,2023-11-08,14.85,8.02
6644,USC00111550,"CHICAGO NORTHERLY ISLAND, IL US",13.3,6.1,2023-11-09,13.62,5.66
6645,USC00111550,"CHICAGO NORTHERLY ISLAND, IL US",9.4,3.9,2023-11-10,8.99,2.28
6646,USC00111550,"CHICAGO NORTHERLY ISLAND, IL US",10,2.8,2023-11-11,10.79,-0.04
6647,USC00111550,"CHICAGO NORTHERLY ISLAND, IL US",14.4,5.6,2023-11-12,14.2,4.1
6648,USC00111550,"CHICAGO NORTHERLY ISLAND, IL US",16.7,7.2,2023-11-13,17.13,3.34
6649,USC00111550,"CHICAGO NORTHERLY ISLAND, IL US",16.1,5.6,2023-11-14,16.72,1.06
6650,USC00111550,"CHICAGO NORTHERLY ISLAND, IL US",18.3,7.2,2023-11-15,18.81,4.95
6651,USC00111550,"CHICAGO NORTHERLY ISLAND, IL US",18.9,8.9,2023-11-16,19.2,6.73
6652,USC00111550,"CHICAGO NORTHERLY ISLAND, IL US",16.7,5,2023-11-17,15.4,3.31
6653,USC00111550,"CHICAGO NORTHERLY ISLAND, IL US",11.7,2.2,2023-11-18,11.84,-0.89
6654,USC00111550,"CHICAGO NORTHERLY ISLAND, IL US",11.7,5,2023-11-19,11.88,1.52
6655,USC00111550,"CHICAGO NORTHERLY ISLAND, IL US",9.4,5.6,2023-11-20,9.46,4.55
6656,USC00111550,"CHICAGO NORTHERLY ISLAND, IL US",7.2,4.4,2023-11-21,7.14,3.41
6657,USC00111550,"CHICAGO NORTHERLY ISLAND, IL US",7.2,2.8,2023-11-22,7.88,1.79
6658,USC00111550,"CHICAGO NORTHERLY ISLAND, IL US",7.8,1.7,2023-11-23,8.37,0.52
6659,USC00111550,"CHICAGO NORTHERLY ISLAND, IL US",4.4,-0.6,2023-11-24,2.69,-1.89
6660,USC00111550,"CHICAGO NORTHERLY ISLAND, IL US",3.9,-1.1,2023-11-25,3.68,-2.95
6661,USC00111550,"CHICAGO NORTHERLY ISLAND, IL US",1.1,-1.7,2023-11-26,1.12,-2.37
6662,USC00111550,"CHICAGO NORTHERLY ISLAND, IL US",-1.1,-7.2,2023-11-27,-1.57,-7.06
6663,USC00111550,"CHICAGO NORTHERLY ISLAND, IL US",-3.3,-8.9,2023-11-28,-3.24,-9.18
6664,USC00111550,"CHICAGO NORTHERLY ISLAND, IL US",5.6,-5.6,2023-11-29,5.66,-6.83
6665,USC00111550,"CHICAGO NORTHERLY ISLAND, IL US",11.7,1.1,2023-11-30,11.94,-0.89
6666,USC00111550,"CHICAGO NORTHERLY ISLAND, IL US",6.7,5,2023-12-01,7.02,4.56
6667,USC00111550,"CHICAGO NORTHERLY ISLAND, IL US",5.6,4.4,2023-12-02,6.39,4.4
6668,USC00111550,"CHICAGO NORTHERLY ISLAND, IL US",5,2.8,2023-12-03,5.07,2.92
6669,USC00111550,"CHICAGO NORTHERLY ISLAND, IL US",4.4,2.2,2023-12-04,4.86,1.32
6670,USC00111550,"CHICAGO NORTHERLY ISLAND, IL US",4.4,0.6,2023-12-05,5,0.41
6671,USC00111550,"CHICAGO NORTHERLY ISLAND, IL US",4.4,1.1,2023-12-06,4.38,0.31
6672,USC00111550,"CHICAGO NORTHERLY ISLAND, IL US",11.1,2.2,2023-12-07,11.22,2.05
6673,USC00111550,"CHICAGO NORTHERLY ISLAND, IL US",12.8,7.2,2023-12-08,13.13,6.27
6674,USC00111550,"CHICAGO NORTHERLY ISLAND, IL US",13.3,1.7,2023-12-09,13.23,2.9
6675,USC00111550,"CHICAGO NORTHERLY ISLAND, IL US",2.2,-1.1,2023-12-10,2.13,-0.87
6676,USC00111550,"CHICAGO NORTHERLY ISLAND, IL US",2.2,-2.2,2023-12-11,2.38,-1.97
6677,USC00111550,"CHICAGO NORTHERLY ISLAND, IL US",3.9,-0.6,2023-12-12,4.16,-1.71
6678,USC00111550,"CHICAGO NORTHERLY ISLAND, IL US",5.6,-2.2,2023-12-13,5.91,-5.16
6679,USC00111550,"CHICAGO NORTHERLY ISLAND, IL US",10.6,1.1,2023-12-14,11.03,-1.48
6680,USC00111550,"CHICAGO NORTHERLY ISLAND, IL US",12.2,3.9,2023-12-15,12.28,1.33
6681,USC00111550,"CHICAGO NORTHERLY ISLAND, IL US",6.7,4.4,2023-12-16,7.91,4.6
6682,USC00111550,"CHICAGO NORTHERLY ISLAND, IL US",6.7,2.2,2023-12-17,6.8,2.78
6683,USC00111550,"CHICAGO NORTHERLY ISLAND, IL US",2.8,-5,2023-12-18,2.39,-4.71
6684,USC00111550,"CHICAGO NORTHERLY ISLAND, IL US",0.6,-6.7,2023-12-19,0.79,-7.98
6685,USC00111550,"CHICAGO NORTHERLY ISLAND, IL US",6.7,0,2023-12-20,6.67,-1.72
6686,USC00111550,"CHICAGO NORTHERLY ISLAND, IL US",5.6,1.7,2023-12-21,7.87,0.68
6687,USC00111550,"CHICAGO NORTHERLY ISLAND, IL US",7.2,3.9,2023-12-22,7.82,4.93
6688,USC00111550,"CHICAGO NORTHERLY ISLAND, IL US",7.8,5,2023-12-23,9.11,6.01
6689,USC00111550,"CHICAGO NORTHERLY ISLAND, IL US",10,6.1,2023-12-24,12.04,7.91
6690,USC00111550,"CHICAGO NORTHERLY ISLAND, IL US",11.1,6.1,2023-12-25,14.02,8.79
6691,USC00111550,"CHICAGO NORTHERLY ISLAND, IL US",10.6,0.6,2023-12-26,9.8,0.64
6692,USC00111550,"CHICAGO NORTHERLY ISLAND, IL US",5,0.6,2023-12-27,5.87,-0.91
6693,USC00111550,"CHICAGO NORTHERLY ISLAND, IL US",5.6,2.8,2023-12-28,5.96,2.36
6694,USC00111550,"CHICAGO NORTHERLY ISLAND, IL US",5,1.1,2023-12-29,5.36,0.47
6695,USC00111550,"CHICAGO NORTHERLY ISLAND, IL US",3.3,-1.7,2023-12-30,3.31,-1.96
6696,USC00111550,"CHICAGO NORTHERLY ISLAND, IL US",2.8,-0.6,2023-12-31,2.65,-0.49
6697,USW00094846,"CHICAGO OHARE INTERNATIONAL AIRPORT, IL US",7.2,2.8,2023-01-01,6.14,-0.54
6698,USW00094846,"CHICAGO OHARE INTERNATIONAL AIRPORT, IL US",6.1,0,2023-01-02,5.74,-0.65
6699,USW00094846,"CHICAGO OHARE INTERNATIONAL AIRPORT, IL US",8.9,3.9,2023-01-03,8.05,2.1
6700,USW00094846,"CHICAGO OHARE INTERNATIONAL AIRPORT, IL US",6.7,0.6,2023-01-04,5.15,0.78
6701,USW00094846,"CHICAGO OHARE INTERNATIONAL AIRPORT, IL US",1.1,0,2023-01-05,0.87,-0.49
6702,USW00094846,"CHICAGO OHARE INTERNATIONAL AIRPORT, IL US",1.1,-3.8,2023-01-06,0.12,-2.96
6703,USW00094846,"CHICAGO OHARE INTERNATIONAL AIRPORT, IL US",0,-2.7,2023-01-07,-0.39,-3.57
6704,USW00094846,"CHICAGO OHARE INTERNATIONAL AIRPORT, IL US",0.6,-3.2,2023-01-08,0.36,-4.25
6705,USW00094846,"CHICAGO OHARE INTERNATIONAL AIRPORT, IL US",6.7,-3.8,2023-01-09,6.35,-4.56
6706,USW00094846,"CHICAGO OHARE INTERNATIONAL AIRPORT, IL US",10,1.1,2023-01-10,9.07,-1.22
6707,USW00094846,"CHICAGO OHARE INTERNATIONAL AIRPORT, IL US",13.9,3.3,2023-01-11,11.26,1.15
6708,USW00094846,"CHICAGO OHARE INTERNATIONAL AIRPORT, IL US",6.1,2.2,2023-01-12,4.85,1.65
6709,USW00094846,"CHICAGO OHARE INTERNATIONAL AIRPORT, IL US",2.2,-3.2,2023-01-13,0.84,-2.47
6710,USW00094846,"CHICAGO OHARE INTERNATIONAL AIRPORT, IL US",-0.5,-4.3,2023-01-14,-0.55,-4.62
6711,USW00094846,"CHICAGO OHARE INTERNATIONAL AIRPORT, IL US",6.7,-3.2,2023-01-15,6.03,-4.05
6712,USW00094846,"CHICAGO OHARE INTERNATIONAL AIRPORT, IL US",11.1,4.4,2023-01-16,10.44,1.11
6713,USW00094846,"CHICAGO OHARE INTERNATIONAL AIRPORT, IL US",9.4,2.8,2023-01-17,7.59,2.79
6714,USW00094846,"CHICAGO OHARE INTERNATIONAL AIRPORT, IL US",5,2.2,2023-01-18,3.93,1.79
6715,USW00094846,"CHICAGO OHARE INTERNATIONAL AIRPORT, IL US",5.6,1.1,2023-01-19,5.06,1.28
6716,USW00094846,"CHICAGO OHARE INTERNATIONAL AIRPORT, IL US",1.7,-1.6,2023-01-20,1.07,-0.91
6717,USW00094846,"CHICAGO OHARE INTERNATIONAL AIRPORT, IL US",0,-2.1,2023-01-21,-0.48,-2.41
6718,USW00094846,"CHICAGO OHARE INTERNATIONAL AIRPORT, IL US",1.1,-3.2,2023-01-22,0.7,-2.88
6719,USW00094846,"CHICAGO OHARE INTERNATIONAL AIRPORT, IL US",-1,-6,2023-01-23,-0.92,-6.09
6720,USW00094846,"CHICAGO OHARE INTERNATIONAL AIRPORT, IL US",2.2,-2.1,2023-01-24,2.39,-3.49
6721,USW00094846,"CHICAGO OHARE INTERNATIONAL AIRPORT, IL US",1.1,-0.5,2023-01-25,1.26,-1.33
6722,USW00094846,"CHICAGO OHARE INTERNATIONAL AIRPORT, IL US",0,-9.3,2023-01-26,-1.05,-7.14
6723,USW00094846,"CHICAGO OHARE INTERNATIONAL AIRPORT, IL US",2.2,-10.5,2023-01-27,2.05,-11.24
6724,USW00094846,"CHICAGO OHARE INTERNATIONAL AIRPORT, IL US",-0.5,-7.1,2023-01-28,-1.21,-7.66
6725,USW00094846,"CHICAGO OHARE INTERNATIONAL AIRPORT, IL US",-0.5,-7.7,2023-01-29,-1.89,-7.85
6726,USW00094846,"CHICAGO OHARE INTERNATIONAL AIRPORT, IL US",-7.7,-14.9,2023-01-30,-8.51,-14.1
6727,USW00094846,"CHICAGO OHARE INTERNATIONAL AIRPORT, IL US",-11,-18.2,2023-01-31,-10.89,-18.65
6728,USW00094846,"CHICAGO OHARE INTERNATIONAL AIRPORT, IL US",-2.7,-14.3,2023-02-01,-2.72,-17.22
6729,USW00094846,"CHICAGO OHARE INTERNATIONAL AIRPORT, IL US",0.6,-12.1,2023-02-02,0.63,-12.94
6730,USW00094846,"CHICAGO OHARE INTERNATIONAL AIRPORT, IL US",-11.6,-18.2,2023-02-03,-10.28,-18.33
6731,USW00094846,"CHICAGO OHARE INTERNATIONAL AIRPORT, IL US",5.6,-11.6,2023-02-04,4.88,-14.24
6732,USW00094846,"CHICAGO OHARE INTERNATIONAL AIRPORT, IL US",5,-2.1,2023-02-05,5.21,-4.99
6733,USW00094846,"CHICAGO OHARE INTERNATIONAL AIRPORT, IL US",8.3,-4.9,2023-02-06,8.33,-6.86
6734,USW00094846,"CHICAGO OHARE INTERNATIONAL AIRPORT, IL US",10.6,0,2023-02-07,7.92,-3.33
6735,USW00094846,"CHICAGO OHARE INTERNATIONAL AIRPORT, IL US",6.7,-2.7,2023-02-08,5.88,-4.2
6736,USW00094846,"CHICAGO OHARE INTERNATIONAL AIRPORT, IL US",5.6,2.2,2023-02-09,5.93,-0.62
6737,USW00094846,"CHICAGO OHARE INTERNATIONAL AIRPORT, IL US",3.3,-2.7,2023-02-10,3.34,-2.55
6738,USW00094846,"CHICAGO OHARE INTERNATIONAL AIRPORT, IL US",8.3,-4.9,2023-02-11,8,-5.53
6739,USW00094846,"CHICAGO OHARE INTERNATIONAL AIRPORT, IL US",11.1,-1,2023-02-12,10.95,-3.15
6740,USW00094846,"CHICAGO OHARE INTERNATIONAL AIRPORT, IL US",11.1,1.1,2023-02-13,10.98,-0.47
6741,USW00094846,"CHICAGO OHARE INTERNATIONAL AIRPORT, IL US",12.8,0.6,2023-02-14,12.22,0.1
6742,USW00094846,"CHICAGO OHARE INTERNATIONAL AIRPORT, IL US",10.6,1.1,2023-02-15,9.4,1.26
6743,USW00094846,"CHICAGO OHARE INTERNATIONAL AIRPORT, IL US",1.7,-4.3,2023-02-16,1.34,-2.99
6744,USW00094846,"CHICAGO OHARE INTERNATIONAL AIRPORT, IL US",-3.2,-8.2,2023-02-17,-2.42,-8.38
6745,USW00094846,"CHICAGO OHARE INTERNATIONAL AIRPORT, IL US",6.7,-3.8,2023-02-18,6.61,-6.02
6746,USW00094846,"CHICAGO OHARE INTERNATIONAL AIRPORT, IL US",10.6,3.3,2023-02-19,10.45,1.32
6747,USW00094846,"CHICAGO OHARE INTERNATIONAL AIRPORT, IL US",8.9,-1.6,2023-02-20,8.1,-2.36
6748,USW00094846,"CHICAGO OHARE INTERNATIONAL AIRPORT, IL US",4.4,-4.3,2023-02-21,3.75,-4.39
6749,USW00094846,"CHICAGO OHARE INTERNATIONAL AIRPORT, IL US",2.2,0.6,2023-02-22,1.76,-1.46
6750,USW00094846,"CHICAGO OHARE INTERNATIONAL AIRPORT, IL US",4.4,-4.9,2023-02-23,4.15,-3.16
6751,USW00094846,"CHICAGO OHARE INTERNATIONAL AIRPORT, IL US",-1.6,-7.7,2023-02-24,-1.84,-7.89
6752,USW00094846,"CHICAGO OHARE INTERNATIONAL AIRPORT, IL US",3.3,-3.2,2023-02-25,3.28,-4.73
6753,USW00094846,"CHICAGO OHARE INTERNATIONAL AIRPORT, IL US",11.1,-2.1,2023-02-26,9.76,-2.71
6754,USW00094846,"CHICAGO OHARE INTERNATIONAL AIRPORT, IL US",14.4,3.3,2023-02-27,13.49,0.91
6755,USW00094846,"CHICAGO OHARE INTERNATIONAL AIRPORT, IL US",11.1,3.3,2023-02-28,9.8,2.66
6756,USW00094846,"CHICAGO OHARE INTERNATIONAL AIRPORT, IL US",13.3,3.3,2023-03-01,13.1,2.48
6757,USW00094846,"CHICAGO OHARE INTERNATIONAL AIRPORT, IL US",4.4,0.6,2023-03-02,4.09,0.51
6758,USW00094846,"CHICAGO OHARE INTERNATIONAL AIRPORT, IL US",3.3,0.6,2023-03-03,3.31,-0.51
6759,USW00094846,"CHICAGO OHARE INTERNATIONAL AIRPORT, IL US",10,-1.6,2023-03-04,9.8,-2.45
6760,USW00094846,"CHICAGO OHARE INTERNATIONAL AIRPORT, IL US",10,-0.5,2023-03-05,9.07,-1.72
6761,USW00094846,"CHICAGO OHARE INTERNATIONAL AIRPORT, IL US",12.8,4.4,2023-03-06,12.26,1.8
6762,USW00094846,"CHICAGO OHARE INTERNATIONAL AIRPORT, IL US",7.2,2.2,2023-03-07,6.98,1.7
6763,USW00094846,"CHICAGO OHARE INTERNATIONAL AIRPORT, IL US",8.3,2.2,2023-03-08,7.25,1.41
6764,USW00094846,"CHICAGO OHARE INTERNATIONAL AIRPORT, IL US",4.4,0.6,2023-03-09,4.21,0.89
6765,USW00094846,"CHICAGO OHARE INTERNATIONAL AIRPORT, IL US",2.8,0.6,2023-03-10,2.61,0.21
6766,USW00094846,"CHICAGO OHARE INTERNATIONAL AIRPORT, IL US",3.9,0,2023-03-11,3.55,-0.15
6767,USW00094846,"CHICAGO OHARE INTERNATIONAL AIRPORT, IL US",2.8,-1,2023-03-12,2.63,-0.95
6768,USW00094846,"CHICAGO OHARE INTERNATIONAL AIRPORT, IL US",0.6,-3.2,2023-03-13,0.2,-3.21
6769,USW00094846,"CHICAGO OHARE INTERNATIONAL AIRPORT, IL US",3.3,-6.6,2023-03-14,2.2,-6.86
6770,USW00094846,"CHICAGO OHARE INTERNATIONAL AIRPORT, IL US",10,-4.9,2023-03-15,9.45,-5.9
6771,USW00094846,"CHICAGO OHARE INTERNATIONAL AIRPORT, IL US",10,5,2023-03-16,9.4,1.69
6772,USW00094846,"CHICAGO OHARE INTERNATIONAL AIRPORT, IL US",8.3,-6,2023-03-17,6.72,-3.91
6773,USW00094846,"CHICAGO OHARE INTERNATIONAL AIRPORT, IL US",-3.8,-11,2023-03-18,-3.98,-11.28
6774,USW00094846,"CHICAGO OHARE INTERNATIONAL AIRPORT, IL US",4.4,-7.1,2023-03-19,4.38,-8.84
6775,USW00094846,"CHICAGO OHARE INTERNATIONAL AIRPORT, IL US",11.1,-1,2023-03-20,10.72,-4.06
6776,USW00094846,"CHICAGO OHARE INTERNATIONAL AIRPORT, IL US",12.2,2.8,2023-03-21,12.6,0.78
6777,USW00094846,"CHICAGO OHARE INTERNATIONAL AIRPORT, IL US",11.7,4.4,2023-03-22,11.16,3.45
6778,USW00094846,"CHICAGO OHARE INTERNATIONAL AIRPORT, IL US",8.9,2.2,2023-03-23,8.58,2.15
6779,USW00094846,"CHICAGO OHARE INTERNATIONAL AIRPORT, IL US",7.2,1.7,2023-03-24,6.83,1.12
6780,USW00094846,"CHICAGO OHARE INTERNATIONAL AIRPORT, IL US",6.7,1.1,2023-03-25,6.64,0.89
6781,USW00094846,"CHICAGO OHARE INTERNATIONAL AIRPORT, IL US",8.9,1.1,2023-03-26,8.21,-0.6
6782,USW00094846,"CHICAGO OHARE INTERNATIONAL AIRPORT, IL US",7.8,0,2023-03-27,7.69,-0.76
6783,USW00094846,"CHICAGO OHARE INTERNATIONAL AIRPORT, IL US",10.6,-1,2023-03-28,10.35,-2.07
6784,USW00094846,"CHICAGO OHARE INTERNATIONAL AIRPORT, IL US",5.6,-1.6,2023-03-29,5.27,-2.1
6785,USW00094846,"CHICAGO OHARE INTERNATIONAL AIRPORT, IL US",13.9,-2.7,2023-03-30,13.42,-3.79
6786,USW00094846,"CHICAGO OHARE INTERNATIONAL AIRPORT, IL US",21.1,9.4,2023-03-31,20.28,4.79
6787,USW00094846,"CHICAGO OHARE INTERNATIONAL AIRPORT, IL US",8.9,0,2023-04-01,7.88,0.95
6788,USW00094846,"CHICAGO OHARE INTERNATIONAL AIRPORT, IL US",13.3,-1,2023-04-02,12.89,-1.52
6789,USW00094846,"CHICAGO OHARE INTERNATIONAL AIRPORT, IL US",17.8,6.7,2023-04-03,16.51,3.47
6790,USW00094846,"CHICAGO OHARE INTERNATIONAL AIRPORT, IL US",20.6,6.7,2023-04-04,20.99,5.98
6791,USW00094846,"CHICAGO OHARE INTERNATIONAL AIRPORT, IL US",22.2,3.3,2023-04-05,21.63,4.54
6792,USW00094846,"CHICAGO OHARE INTERNATIONAL AIRPORT, IL US",11.1,0,2023-04-06,11.69,-0.14
6793,USW00094846,"CHICAGO OHARE INTERNATIONAL AIRPORT, IL US",9.4,1.7,2023-04-07,9.13,0.9
6794,USW00094846,"CHICAGO OHARE INTERNATIONAL AIRPORT, IL US",17.2,2.2,2023-04-08,16.34,1.37
6795,USW00094846,"CHICAGO OHARE INTERNATIONAL AIRPORT, IL US",20,5,2023-04-09,19.75,3.76
6796,USW00094846,"CHICAGO OHARE INTERNATIONAL AIRPORT, IL US",21.7,9.4,2023-04-10,21.62,6.69
6797,USW00094846,"CHICAGO OHARE INTERNATIONAL AIRPORT, IL US",26.1,11.1,2023-04-11,25.98,9.64
6798,USW00094846,"CHICAGO OHARE INTERNATIONAL AIRPORT, IL US",27.8,13.9,2023-04-12,27.79,13.24
6799,USW00094846,"CHICAGO OHARE INTERNATIONAL AIRPORT, IL US",28.3,13.9,2023-04-13,28.4,12.07
6800,USW00094846,"CHICAGO OHARE INTERNATIONAL AIRPORT, IL US",28.3,13.3,2023-04-14,27.23,10.67
6801,USW00094846,"CHICAGO OHARE INTERNATIONAL AIRPORT, IL US",28.3,17.8,2023-04-15,27.87,14.69
6802,USW00094846,"CHICAGO OHARE INTERNATIONAL AIRPORT, IL US",17.8,1.1,2023-04-16,15.4,4.11
6803,USW00094846,"CHICAGO OHARE INTERNATIONAL AIRPORT, IL US",3.9,0,2023-04-17,4.15,-0.42
6804,USW00094846,"CHICAGO OHARE INTERNATIONAL AIRPORT, IL US",14.4,0.6,2023-04-18,13.99,0.18
6805,USW00094846,"CHICAGO OHARE INTERNATIONAL AIRPORT, IL US",17.8,5.6,2023-04-19,17.61,3.98
6806,USW00094846,"CHICAGO OHARE INTERNATIONAL AIRPORT, IL US",26.1,8.9,2023-04-20,25.72,8.09
6807,USW00094846,"CHICAGO OHARE INTERNATIONAL AIRPORT, IL US",17.2,6.7,2023-04-21,16.91,5.8
6808,USW00094846,"CHICAGO OHARE INTERNATIONAL AIRPORT, IL US",8.3,1.7,2023-04-22,7.62,2.74
6809,USW00094846,"CHICAGO OHARE INTERNATIONAL AIRPORT, IL US",5.6,2.2,2023-04-23,5.23,1.69
6810,USW00094846,"CHICAGO OHARE INTERNATIONAL AIRPORT, IL US",12.2,2.2,2023-04-24,11.62,1.09
6811,USW00094846,"CHICAGO OHARE INTERNATIONAL AIRPORT, IL US",7.8,1.7,2023-04-25,8.08,0.75
6812,USW00094846,"CHICAGO OHARE INTERNATIONAL AIRPORT, IL US",11.1,-0.5,2023-04-26,10.39,-0.92
6813,USW00094846,"CHICAGO OHARE INTERNATIONAL AIRPORT, IL US",19.4,2.8,2023-04-27,18.96,0.78
6814,USW00094846,"CHICAGO OHARE INTERNATIONAL AIRPORT, IL US",17.2,7.2,2023-04-28,16.84,4.95
6815,USW00094846,"CHICAGO OHARE INTERNATIONAL AIRPORT, IL US",15,6.1,2023-04-29,14.73,4.36
6816,USW00094846,"CHICAGO OHARE INTERNATIONAL AIRPORT, IL US",8.9,4.4,2023-04-30,8.92,3.88
6817,USW00094846,"CHICAGO OHARE INTERNATIONAL AIRPORT, IL US",10,4.4,2023-05-01,9.66,3.98
6818,USW00094846,"CHICAGO OHARE INTERNATIONAL AIRPORT, IL US",12.2,5.6,2023-05-02,12.4,4.92
6819,USW00094846,"CHICAGO OHARE INTERNATIONAL AIRPORT, IL US",15,3.3,2023-05-03,14.72,3.03
6820,USW00094846,"CHICAGO OHARE INTERNATIONAL AIRPORT, IL US",22.2,5.6,2023-05-04,22.07,3.67
6821,USW00094846,"CHICAGO OHARE INTERNATIONAL AIRPORT, IL US",25.6,12.8,2023-05-05,25.19,9.84
6822,USW00094846,"CHICAGO OHARE INTERNATIONAL AIRPORT, IL US",25.6,15,2023-05-06,24.62,13.63
6823,USW00094846,"CHICAGO OHARE INTERNATIONAL AIRPORT, IL US",30.6,14.4,2023-05-07,29.62,13.9
6824,USW00094846,"CHICAGO OHARE INTERNATIONAL AIRPORT, IL US",15.6,10.6,2023-05-08,15.45,10.43
6825,USW00094846,"CHICAGO OHARE INTERNATIONAL AIRPORT, IL US",21.1,7.8,2023-05-09,20.69,8.45
6826,USW00094846,"CHICAGO OHARE INTERNATIONAL AIRPORT, IL US",27.2,9.4,2023-05-10,25.86,8.41
6827,USW00094846,"CHICAGO OHARE INTERNATIONAL AIRPORT, IL US",28.9,12.8,2023-05-11,27.94,10.69
6828,USW00094846,"CHICAGO OHARE INTERNATIONAL AIRPORT, IL US",25,13.9,2023-05-12,24.64,14.39
6829,USW00094846,"CHICAGO OHARE INTERNATIONAL AIRPORT, IL US",21.1,13.3,2023-05-13,20.56,13.37
6830,USW00094846,"CHICAGO OHARE INTERNATIONAL AIRPORT, IL US",17.2,11.1,2023-05-14,16.75,12.17
6831,USW00094846,"CHICAGO OHARE INTERNATIONAL AIRPORT, IL US",20,10.6,2023-05-15,19.67,9.82
6832,USW00094846,"CHICAGO OHARE INTERNATIONAL AIRPORT, IL US",27.2,10.6,2023-05-16,26.6,8.94
6833,USW00094846,"CHICAGO OHARE INTERNATIONAL AIRPORT, IL US",16.1,7.2,2023-05-17,16.44,6.58
6834,USW00094846,"CHICAGO OHARE INTERNATIONAL AIRPORT, IL US",23.9,6.7,2023-05-18,22.97,5.55
6835,USW00094846,"CHICAGO OHARE INTERNATIONAL AIRPORT, IL US",24.4,12.2,2023-05-19,23.34,10.42
6836,USW00094846,"CHICAGO OHARE INTERNATIONAL AIRPORT, IL US",22.8,8.3,2023-05-20,21.43,8.07
6837,USW00094846,"CHICAGO OHARE INTERNATIONAL AIRPORT, IL US",27.2,12.2,2023-05-21,26.36,9.83
6838,USW00094846,"CHICAGO OHARE INTERNATIONAL AIRPORT, IL US",28.3,12.8,2023-05-22,27.17,10.59
6839,USW00094846,"CHICAGO OHARE INTERNATIONAL AIRPORT, IL US",30,13.9,2023-05-23,28.97,11.82
6840,USW00094846,"CHICAGO OHARE INTERNATIONAL AIRPORT, IL US",19.4,11.1,2023-05-24,20.33,11.03
6841,USW00094846,"CHICAGO OHARE INTERNATIONAL AIRPORT, IL US",16.7,7.8,2023-05-25,16.45,7.8
6842,USW00094846,"CHICAGO OHARE INTERNATIONAL AIRPORT, IL US",21.1,7.2,2023-05-26,20.71,5.97
6843,USW00094846,"CHICAGO OHARE INTERNATIONAL AIRPORT, IL US",23.3,8.3,2023-05-27,22.75,6.69
6844,USW00094846,"CHICAGO OHARE INTERNATIONAL AIRPORT, IL US",26.7,11.7,2023-05-28,25.99,10.86
6845,USW00094846,"CHICAGO OHARE INTERNATIONAL AIRPORT, IL US",30,11.7,2023-05-29,28.4,10.51
6846,USW00094846,"CHICAGO OHARE INTERNATIONAL AIRPORT, IL US",32.8,15,2023-05-30,31.24,13.26
6847,USW00094846,"CHICAGO OHARE INTERNATIONAL AIRPORT, IL US",32.8,20.6,2023-05-31,31.99,17.68
6848,USW00094846,"CHICAGO OHARE INTERNATIONAL AIRPORT, IL US",32.8,20,2023-06-01,32.34,17.94
6849,USW00094846,"CHICAGO OHARE INTERNATIONAL AIRPORT, IL US",32.8,18.3,2023-06-02,32.15,17.55
6850,USW00094846,"CHICAGO OHARE INTERNATIONAL AIRPORT, IL US",30.6,17.2,2023-06-03,30.86,17.04
6851,USW00094846,"CHICAGO OHARE INTERNATIONAL AIRPORT, IL US",25,15,2023-06-04,25.12,15.42
6852,USW00094846,"CHICAGO OHARE INTERNATIONAL AIRPORT, IL US",28.9,13.3,2023-06-05,28.82,11.96
6853,USW00094846,"CHICAGO OHARE INTERNATIONAL AIRPORT, IL US",25,16.1,2023-06-06,25.41,14.81
6854,USW00094846,"CHICAGO OHARE INTERNATIONAL AIRPORT, IL US",23.9,12.8,2023-06-07,23.57,12.93
6855,USW00094846,"CHICAGO OHARE INTERNATIONAL AIRPORT, IL US",23.9,10.6,2023-06-08,23.36,10.08
6856,USW00094846,"CHICAGO OHARE INTERNATIONAL AIRPORT, IL US",28.3,12.8,2023-06-09,26.76,9.98
6857,USW00094846,"CHICAGO OHARE INTERNATIONAL AIRPORT, IL US",30,16.7,2023-06-10,29.84,13.53
6858,USW00094846,"CHICAGO OHARE INTERNATIONAL AIRPORT, IL US",17.8,10,2023-06-11,16.49,11.48
6859,USW00094846,"CHICAGO OHARE INTERNATIONAL AIRPORT, IL US",21.1,9.4,2023-06-12,20.6,8.63
6860,USW00094846,"CHICAGO OHARE INTERNATIONAL AIRPORT, IL US",18.3,12.8,2023-06-13,18.28,11.53
6861,USW00094846,"CHICAGO OHARE INTERNATIONAL AIRPORT, IL US",25,15,2023-06-14,23.78,14
6862,USW00094846,"CHICAGO OHARE INTERNATIONAL AIRPORT, IL US",26.7,11.7,2023-06-15,26.49,12.38
6863,USW00094846,"CHICAGO OHARE INTERNATIONAL AIRPORT, IL US",20,11.1,2023-06-16,19.87,10.12
6864,USW00094846,"CHICAGO OHARE INTERNATIONAL AIRPORT, IL US",27.2,11.7,2023-06-17,26.38,9.53
6865,USW00094846,"CHICAGO OHARE INTERNATIONAL AIRPORT, IL US",30,15.6,2023-06-18,29.15,13.58
6866,USW00094846,"CHICAGO OHARE INTERNATIONAL AIRPORT, IL US",30.6,16.1,2023-06-19,29.47,15.34
6867,USW00094846,"CHICAGO OHARE INTERNATIONAL AIRPORT, IL US",28.3,15.6,2023-06-20,28.39,14.52
6868,USW00094846,"CHICAGO OHARE INTERNATIONAL AIRPORT, IL US",31.1,16.1,2023-06-21,30.21,16.05
6869,USW00094846,"CHICAGO OHARE INTERNATIONAL AIRPORT, IL US",30,18.9,2023-06-22,29.15,17.39
6870,USW00094846,"CHICAGO OHARE INTERNATIONAL AIRPORT, IL US",30,18.3,2023-06-23,29.19,17.12
6871,USW00094846,"CHICAGO OHARE INTERNATIONAL AIRPORT, IL US",33.9,18.9,2023-06-24,32.61,16.49
6872,USW00094846,"CHICAGO OHARE INTERNATIONAL AIRPORT, IL US",30,20,2023-06-25,29.49,18.55
6873,USW00094846,"CHICAGO OHARE INTERNATIONAL AIRPORT, IL US",23.9,20,2023-06-26,23.47,19.25
6874,USW00094846,"CHICAGO OHARE INTERNATIONAL AIRPORT, IL US",25.6,17.2,2023-06-27,24.57,16.15
6875,USW00094846,"CHICAGO OHARE INTERNATIONAL AIRPORT, IL US",29.4,14.4,2023-06-28,28.44,12.86
6876,USW00094846,"CHICAGO OHARE INTERNATIONAL AIRPORT, IL US",31.1,22.2,2023-06-29,30.13,18.76
6877,USW00094846,"CHICAGO OHARE INTERNATIONAL AIRPORT, IL US",32.8,22.2,2023-06-30,31.38,20.54
6878,USW00094846,"CHICAGO OHARE INTERNATIONAL AIRPORT, IL US",30,22.2,2023-07-01,28.81,20.66
6879,USW00094846,"CHICAGO OHARE INTERNATIONAL AIRPORT, IL US",22.8,18.9,2023-07-02,23.02,18.88
6880,USW00094846,"CHICAGO OHARE INTERNATIONAL AIRPORT, IL US",31.1,17.8,2023-07-03,29.77,16.19
6881,USW00094846,"CHICAGO OHARE INTERNATIONAL AIRPORT, IL US",33.3,21.1,2023-07-04,32.49,18.95
6882,USW00094846,"CHICAGO OHARE INTERNATIONAL AIRPORT, IL US",32.8,21.7,2023-07-05,32.65,20.97
6883,USW00094846,"CHICAGO OHARE INTERNATIONAL AIRPORT, IL US",27.8,18.9,2023-07-06,27.32,18.9
6884,USW00094846,"CHICAGO OHARE INTERNATIONAL AIRPORT, IL US",27.2,17.8,2023-07-07,27.12,16.52
6885,USW00094846,"CHICAGO OHARE INTERNATIONAL AIRPORT, IL US",24.4,17.8,2023-07-08,23.95,16.78
6886,USW00094846,"CHICAGO OHARE INTERNATIONAL AIRPORT, IL US",29.4,16.1,2023-07-09,28.58,14.92
6887,USW00094846,"CHICAGO OHARE INTERNATIONAL AIRPORT, IL US",30.6,18.3,2023-07-10,29.37,16.43
6888,USW00094846,"CHICAGO OHARE INTERNATIONAL AIRPORT, IL US",30,20.6,2023-07-11,29.66,18.93
6889,USW00094846,"CHICAGO OHARE INTERNATIONAL AIRPORT, IL US",24.4,17.8,2023-07-12,24.61,16.81
6890,USW00094846,"CHICAGO OHARE INTERNATIONAL AIRPORT, IL US",25.6,17.2,2023-07-13,25.19,16.69
6891,USW00094846,"CHICAGO OHARE INTERNATIONAL AIRPORT, IL US",32.2,20,2023-07-14,31.67,18.47
6892,USW00094846,"CHICAGO OHARE INTERNATIONAL AIRPORT, IL US",29.4,21.1,2023-07-15,29.03,19.82
6893,USW00094846,"CHICAGO OHARE INTERNATIONAL AIRPORT, IL US",27.2,19.4,2023-07-16,27.13,18.36
6894,USW00094846,"CHICAGO OHARE INTERNATIONAL AIRPORT, IL US",26.7,18.9,2023-07-17,26.21,17.54
6895,USW00094846,"CHICAGO OHARE INTERNATIONAL AIRPORT, IL US",27.2,17.2,2023-07-18,26.02,14.91
6896,USW00094846,"CHICAGO OHARE INTERNATIONAL AIRPORT, IL US",30,17.2,2023-07-19,28.85,14.88
6897,USW00094846,"CHICAGO OHARE INTERNATIONAL AIRPORT, IL US",30.6,20,2023-07-20,29.93,17.99
6898,USW00094846,"CHICAGO OHARE INTERNATIONAL AIRPORT, IL US",27.8,17.8,2023-07-21,26.92,17.53
6899,USW00094846,"CHICAGO OHARE INTERNATIONAL AIRPORT, IL US",29.4,18.3,2023-07-22,29.17,16.08
6900,USW00094846,"CHICAGO OHARE INTERNATIONAL AIRPORT, IL US",28.9,17.8,2023-07-23,28.46,16.66
6901,USW00094846,"CHICAGO OHARE INTERNATIONAL AIRPORT, IL US",31.7,20,2023-07-24,30.21,18.17
6902,USW00094846,"CHICAGO OHARE INTERNATIONAL AIRPORT, IL US",32.8,21.1,2023-07-25,31.6,18.76
6903,USW00094846,"CHICAGO OHARE INTERNATIONAL AIRPORT, IL US",32.2,21.7,2023-07-26,31.66,21.2
6904,USW00094846,"CHICAGO OHARE INTERNATIONAL AIRPORT, IL US",33.3,22.2,2023-07-27,32.45,21.2
6905,USW00094846,"CHICAGO OHARE INTERNATIONAL AIRPORT, IL US",33.9,21.1,2023-07-28,33.28,20.91
6906,USW00094846,"CHICAGO OHARE INTERNATIONAL AIRPORT, IL US",28.3,20.6,2023-07-29,27.97,19.75
6907,USW00094846,"CHICAGO OHARE INTERNATIONAL AIRPORT, IL US",26.7,19.4,2023-07-30,26.28,17.67
6908,USW00094846,"CHICAGO OHARE INTERNATIONAL AIRPORT, IL US",28.3,17.8,2023-07-31,27.59,16.2
6909,USW00094846,"CHICAGO OHARE INTERNATIONAL AIRPORT, IL US",29.4,20.6,2023-08-01,28.86,18.26
6910,USW00094846,"CHICAGO OHARE INTERNATIONAL AIRPORT, IL US",29.4,20,2023-08-02,28.69,18.26
6911,USW00094846,"CHICAGO OHARE INTERNATIONAL AIRPORT, IL US",32.2,19.4,2023-08-03,30.92,17.83
6912,USW00094846,"CHICAGO OHARE INTERNATIONAL AIRPORT, IL US",30,21.1,2023-08-04,28.93,19.88
6913,USW00094846,"CHICAGO OHARE INTERNATIONAL AIRPORT, IL US",25,20.6,2023-08-05,24.53,19.29
6914,USW00094846,"CHICAGO OHARE INTERNATIONAL AIRPORT, IL US",22.8,18.9,2023-08-06,23.01,18.63
6915,USW00094846,"CHICAGO OHARE INTERNATIONAL AIRPORT, IL US",27.8,18.9,2023-08-07,26.26,18.13
6916,USW00094846,"CHICAGO OHARE INTERNATIONAL AIRPORT, IL US",29.4,17.8,2023-08-08,28.68,16.08
6917,USW00094846,"CHICAGO OHARE INTERNATIONAL AIRPORT, IL US",26.1,18.9,2023-08-09,25.3,17.37
6918,USW00094846,"CHICAGO OHARE INTERNATIONAL AIRPORT, IL US",30,18.3,2023-08-10,28.85,16.98
6919,USW00094846,"CHICAGO OHARE INTERNATIONAL AIRPORT, IL US",29.4,21.1,2023-08-11,28.99,19.52
6920,USW00094846,"CHICAGO OHARE INTERNATIONAL AIRPORT, IL US",30.6,20,2023-08-12,29.78,19.44
6921,USW00094846,"CHICAGO OHARE INTERNATIONAL AIRPORT, IL US",27.2,18.9,2023-08-13,26.46,17.28
6922,USW00094846,"CHICAGO OHARE INTERNATIONAL AIRPORT, IL US",24.4,17.8,2023-08-14,23.07,17.39
6923,USW00094846,"CHICAGO OHARE INTERNATIONAL AIRPORT, IL US",25.6,16.7,2023-08-15,25.03,16.08
6924,USW00094846,"CHICAGO OHARE INTERNATIONAL AIRPORT, IL US",27.8,15.6,2023-08-16,27.01,13.39
6925,USW00094846,"CHICAGO OHARE INTERNATIONAL AIRPORT, IL US",26.7,17.2,2023-08-17,26.24,15.95
6926,USW00094846,"CHICAGO OHARE INTERNATIONAL AIRPORT, IL US",26.1,15,2023-08-18,25.45,13.36
6927,USW00094846,"CHICAGO OHARE INTERNATIONAL AIRPORT, IL US",28.9,17.2,2023-08-19,27.87,15
6928,USW00094846,"CHICAGO OHARE INTERNATIONAL AIRPORT, IL US",32.8,21.1,2023-08-20,32.2,19.48
6929,USW00094846,"CHICAGO OHARE INTERNATIONAL AIRPORT, IL US",27.8,20.6,2023-08-21,27.73,19.69
6930,USW00094846,"CHICAGO OHARE INTERNATIONAL AIRPORT, IL US",32.2,20.6,2023-08-22,30.49,19.32
6931,USW00094846,"CHICAGO OHARE INTERNATIONAL AIRPORT, IL US",36.7,25,2023-08-23,35.98,22.47
6932,USW00094846,"CHICAGO OHARE INTERNATIONAL AIRPORT, IL US",37.8,23.9,2023-08-24,36.77,23.88
6933,USW00094846,"CHICAGO OHARE INTERNATIONAL AIRPORT, IL US",27.8,21.7,2023-08-25,27.4,20.9
6934,USW00094846,"CHICAGO OHARE INTERNATIONAL AIRPORT, IL US",25,17.2,2023-08-26,24.29,18.02
6935,USW00094846,"CHICAGO OHARE INTERNATIONAL AIRPORT, IL US",23.9,16.1,2023-08-27,23.62,15.6
6936,USW00094846,"CHICAGO OHARE INTERNATIONAL AIRPORT, IL US",27.8,15,2023-08-28,26.24,13.28
6937,USW00094846,"CHICAGO OHARE INTERNATIONAL AIRPORT, IL US",30.6,17.2,2023-08-29,29.11,15.45
6938,USW00094846,"CHICAGO OHARE INTERNATIONAL AIRPORT, IL US",21.7,12.8,2023-08-30,21.53,12.47
6939,USW00094846,"CHICAGO OHARE INTERNATIONAL AIRPORT, IL US",26.1,12.2,2023-08-31,24.95,10.44
6940,USW00094846,"CHICAGO OHARE INTERNATIONAL AIRPORT, IL US",29.4,14.4,2023-09-01,28.16,12.45
6941,USW00094846,"CHICAGO OHARE INTERNATIONAL AIRPORT, IL US",31.7,17.8,2023-09-02,30.49,15.09
6942,USW00094846,"CHICAGO OHARE INTERNATIONAL AIRPORT, IL US",34.4,21.1,2023-09-03,33.16,18.92
6943,USW00094846,"CHICAGO OHARE INTERNATIONAL AIRPORT, IL US",34.4,21.7,2023-09-04,33.35,20.55
6944,USW00094846,"CHICAGO OHARE INTERNATIONAL AIRPORT, IL US",34.4,23.3,2023-09-05,32.73,22.49
6945,USW00094846,"CHICAGO OHARE INTERNATIONAL AIRPORT, IL US",28.3,21.7,2023-09-06,27.45,20.32
6946,USW00094846,"CHICAGO OHARE INTERNATIONAL AIRPORT, IL US",21.7,17.8,2023-09-07,21.23,17.49
6947,USW00094846,"CHICAGO OHARE INTERNATIONAL AIRPORT, IL US",20,14.4,2023-09-08,19.88,14.87
6948,USW00094846,"CHICAGO OHARE INTERNATIONAL AIRPORT, IL US",24.4,13.3,2023-09-09,23.57,11.92
6949,USW00094846,"CHICAGO OHARE INTERNATIONAL AIRPORT, IL US",28.3,12.2,2023-09-10,26.78,10.71
6950,USW00094846,"CHICAGO OHARE INTERNATIONAL AIRPORT, IL US",21.1,16.1,2023-09-11,19.87,13.7
6951,USW00094846,"CHICAGO OHARE INTERNATIONAL AIRPORT, IL US",22.2,13.9,2023-09-12,21.39,12.64
6952,USW00094846,"CHICAGO OHARE INTERNATIONAL AIRPORT, IL US",22.2,12.2,2023-09-13,20.67,10.79
6953,USW00094846,"CHICAGO OHARE INTERNATIONAL AIRPORT, IL US",23.3,11.7,2023-09-14,21.94,9.74
6954,USW00094846,"CHICAGO OHARE INTERNATIONAL AIRPORT, IL US",26.1,12.2,2023-09-15,24.57,10.14
6955,USW00094846,"CHICAGO OHARE INTERNATIONAL AIRPORT, IL US",21.1,15.6,2023-09-16,21.37,13.54
6956,USW00094846,"CHICAGO OHARE INTERNATIONAL AIRPORT, IL US",17.8,13.9,2023-09-17,19.66,13.19
6957,USW00094846,"CHICAGO OHARE INTERNATIONAL AIRPORT, IL US",22.8,11.7,2023-09-18,21.56,10.94
6958,USW00094846,"CHICAGO OHARE INTERNATIONAL AIRPORT, IL US",20,14.4,2023-09-19,18.67,12.54
6959,USW00094846,"CHICAGO OHARE INTERNATIONAL AIRPORT, IL US",26.7,17.2,2023-09-20,25.74,14.96
6960,USW00094846,"CHICAGO OHARE INTERNATIONAL AIRPORT, IL US",27.2,18.9,2023-09-21,24.18,16.93
6961,USW00094846,"CHICAGO OHARE INTERNATIONAL AIRPORT, IL US",26.7,18.9,2023-09-22,24.88,17.57
6962,USW00094846,"CHICAGO OHARE INTERNATIONAL AIRPORT, IL US",27.2,18.3,2023-09-23,25.38,17.34
6963,USW00094846,"CHICAGO OHARE INTERNATIONAL AIRPORT, IL US",26.1,15,2023-09-24,24.45,13.88
6964,USW00094846,"CHICAGO OHARE INTERNATIONAL AIRPORT, IL US",23.9,17.8,2023-09-25,23.55,16.34
6965,USW00094846,"CHICAGO OHARE INTERNATIONAL AIRPORT, IL US",22.8,17.2,2023-09-26,22.55,17.07
6966,USW00094846,"CHICAGO OHARE INTERNATIONAL AIRPORT, IL US",22.2,17.2,2023-09-27,21.01,16.7
6967,USW00094846,"CHICAGO OHARE INTERNATIONAL AIRPORT, IL US",21.7,16.1,2023-09-28,20.83,15.5
6968,USW00094846,"CHICAGO OHARE INTERNATIONAL AIRPORT, IL US",25,15,2023-09-29,23.26,12.99
6969,USW00094846,"CHICAGO OHARE INTERNATIONAL AIRPORT, IL US",28.9,16.1,2023-09-30,27.09,13.89
6970,USW00094846,"CHICAGO OHARE INTERNATIONAL AIRPORT, IL US",30.6,17.2,2023-10-01,28.37,15.42
6971,USW00094846,"CHICAGO OHARE INTERNATIONAL AIRPORT, IL US",30,17.8,2023-10-02,28.42,15.56
6972,USW00094846,"CHICAGO OHARE INTERNATIONAL AIRPORT, IL US",30.6,17.8,2023-10-03,29.43,15.76
6973,USW00094846,"CHICAGO OHARE INTERNATIONAL AIRPORT, IL US",28.9,20,2023-10-04,28.35,18.23
6974,USW00094846,"CHICAGO OHARE INTERNATIONAL AIRPORT, IL US",22.8,15.6,2023-10-05,21.9,15.7
6975,USW00094846,"CHICAGO OHARE INTERNATIONAL AIRPORT, IL US",16.7,9.4,2023-10-06,15.7,7.98
6976,USW00094846,"CHICAGO OHARE INTERNATIONAL AIRPORT, IL US",16.1,7.8,2023-10-07,14.67,6.28
6977,USW00094846,"CHICAGO OHARE INTERNATIONAL AIRPORT, IL US",13.9,7.2,2023-10-08,12.74,5.83
6978,USW00094846,"CHICAGO OHARE INTERNATIONAL AIRPORT, IL US",15,6.7,2023-10-09,14.08,4.86
6979,USW00094846,"CHICAGO OHARE INTERNATIONAL AIRPORT, IL US",17.8,5.6,2023-10-10,16.77,4.03
6980,USW00094846,"CHICAGO OHARE INTERNATIONAL AIRPORT, IL US",19.4,5.6,2023-10-11,18.66,3.8
6981,USW00094846,"CHICAGO OHARE INTERNATIONAL AIRPORT, IL US",16.7,12.8,2023-10-12,15.89,8.65
6982,USW00094846,"CHICAGO OHARE INTERNATIONAL AIRPORT, IL US",15.6,13.3,2023-10-13,14.15,11.91
6983,USW00094846,"CHICAGO OHARE INTERNATIONAL AIRPORT, IL US",13.9,9.4,2023-10-14,12.8,9.57
6984,USW00094846,"CHICAGO OHARE INTERNATIONAL AIRPORT, IL US",15.6,8.3,2023-10-15,14.4,6.93
6985,USW00094846,"CHICAGO OHARE INTERNATIONAL AIRPORT, IL US",13.3,6.1,2023-10-16,12.22,5.8
6986,USW00094846,"CHICAGO OHARE INTERNATIONAL AIRPORT, IL US",17.8,5,2023-10-17,16.69,3.19
6987,USW00094846,"CHICAGO OHARE INTERNATIONAL AIRPORT, IL US",20,7.8,2023-10-18,19.01,5.16
6988,USW00094846,"CHICAGO OHARE INTERNATIONAL AIRPORT, IL US",16.1,12.2,2023-10-19,14.62,9.56
6989,USW00094846,"CHICAGO OHARE INTERNATIONAL AIRPORT, IL US",16.1,8.9,2023-10-20,15.25,8.67
6990,USW00094846,"CHICAGO OHARE INTERNATIONAL AIRPORT, IL US",18.3,8.3,2023-10-21,17.44,6
6991,USW00094846,"CHICAGO OHARE INTERNATIONAL AIRPORT, IL US",16.1,5.6,2023-10-22,14.76,4.31
6992,USW00094846,"CHICAGO OHARE INTERNATIONAL AIRPORT, IL US",19.4,7.2,2023-10-23,18.67,4.91
6993,USW00094846,"CHICAGO OHARE INTERNATIONAL AIRPORT, IL US",28.3,16.7,2023-10-24,26.92,11.48
6994,USW00094846,"CHICAGO OHARE INTERNATIONAL AIRPORT, IL US",20.6,16.1,2023-10-25,19.16,14.86
6995,USW00094846,"CHICAGO OHARE INTERNATIONAL AIRPORT, IL US",22.2,18.3,2023-10-26,20.95,16.53
6996,USW00094846,"CHICAGO OHARE INTERNATIONAL AIRPORT, IL US",22.2,7.2,2023-10-27,21.34,9.86
6997,USW00094846,"CHICAGO OHARE INTERNATIONAL AIRPORT, IL US",11.1,3.9,2023-10-28,10.12,3.54
6998,USW00094846,"CHICAGO OHARE INTERNATIONAL AIRPORT, IL US",8.3,3.9,2023-10-29,7.99,3.26
6999,USW00094846,"CHICAGO OHARE INTERNATIONAL AIRPORT, IL US",6.7,-0.5,2023-10-30,5.75,-1.49
7000,USW00094846,"CHICAGO OHARE INTERNATIONAL AIRPORT, IL US",3.3,-1,2023-10-31,2.55,-2.77
7001,USW00094846,"CHICAGO OHARE INTERNATIONAL AIRPORT, IL US",5.6,-1.6,2023-11-01,4.7,-3.53
7002,USW00094846,"CHICAGO OHARE INTERNATIONAL AIRPORT, IL US",13.9,1.7,2023-11-02,12.33,-1.14
7003,USW00094846,"CHICAGO OHARE INTERNATIONAL AIRPORT, IL US",15,8.3,2023-11-03,13.45,4.11
7004,USW00094846,"CHICAGO OHARE INTERNATIONAL AIRPORT, IL US",15.6,5,2023-11-04,13.98,3.95
7005,USW00094846,"CHICAGO OHARE INTERNATIONAL AIRPORT, IL US",16.7,3.3,2023-11-05,15.75,1.49
7006,USW00094846,"CHICAGO OHARE INTERNATIONAL AIRPORT, IL US",20.6,12.8,2023-11-06,20.68,8.46
7007,USW00094846,"CHICAGO OHARE INTERNATIONAL AIRPORT, IL US",13.3,5,2023-11-07,12.69,5.42
7008,USW00094846,"CHICAGO OHARE INTERNATIONAL AIRPORT, IL US",13.3,8.3,2023-11-08,13.4,7.5
7009,USW00094846,"CHICAGO OHARE INTERNATIONAL AIRPORT, IL US",13.3,4.4,2023-11-09,13.19,4.27
7010,USW00094846,"CHICAGO OHARE INTERNATIONAL AIRPORT, IL US",8.3,1.7,2023-11-10,7.81,1.37
7011,USW00094846,"CHICAGO OHARE INTERNATIONAL AIRPORT, IL US",10.6,-1,2023-11-11,10.33,-1.96
7012,USW00094846,"CHICAGO OHARE INTERNATIONAL AIRPORT, IL US",13.9,5.6,2023-11-12,13.75,2.93
7013,USW00094846,"CHICAGO OHARE INTERNATIONAL AIRPORT, IL US",17.2,3.3,2023-11-13,16.78,2.95
7014,USW00094846,"CHICAGO OHARE INTERNATIONAL AIRPORT, IL US",16.1,0,2023-11-14,16.21,-0.17
7015,USW00094846,"CHICAGO OHARE INTERNATIONAL AIRPORT, IL US",17.8,6.1,2023-11-15,18.4,2.99
7016,USW00094846,"CHICAGO OHARE INTERNATIONAL AIRPORT, IL US",18.9,6.7,2023-11-16,18.89,5.08
7017,USW00094846,"CHICAGO OHARE INTERNATIONAL AIRPORT, IL US",15.6,1.1,2023-11-17,14.16,3.31
7018,USW00094846,"CHICAGO OHARE INTERNATIONAL AIRPORT, IL US",11.7,-0.5,2023-11-18,11.61,-2.04
7019,USW00094846,"CHICAGO OHARE INTERNATIONAL AIRPORT, IL US",12.2,1.7,2023-11-19,11.89,0.23
7020,USW00094846,"CHICAGO OHARE INTERNATIONAL AIRPORT, IL US",10,5.6,2023-11-20,9.56,3.72
7021,USW00094846,"CHICAGO OHARE INTERNATIONAL AIRPORT, IL US",6.7,2.2,2023-11-21,6.32,3.05
7022,USW00094846,"CHICAGO OHARE INTERNATIONAL AIRPORT, IL US",7.8,1.1,2023-11-22,7.7,0.4
7023,USW00094846,"CHICAGO OHARE INTERNATIONAL AIRPORT, IL US",8.9,0,2023-11-23,8.37,-0.1
7024,USW00094846,"CHICAGO OHARE INTERNATIONAL AIRPORT, IL US",1.1,-3.8,2023-11-24,1.14,-3.38
7025,USW00094846,"CHICAGO OHARE INTERNATIONAL AIRPORT, IL US",3.9,-4.3,2023-11-25,3.28,-4.08
7026,USW00094846,"CHICAGO OHARE INTERNATIONAL AIRPORT, IL US",0.6,-2.1,2023-11-26,0.67,-2.97
7027,USW00094846,"CHICAGO OHARE INTERNATIONAL AIRPORT, IL US",-1.6,-7.7,2023-11-27,-2.45,-7.51
7028,USW00094846,"CHICAGO OHARE INTERNATIONAL AIRPORT, IL US",-4.3,-9.9,2023-11-28,-4.1,-10.28
7029,USW00094846,"CHICAGO OHARE INTERNATIONAL AIRPORT, IL US",4.4,-6.6,2023-11-29,4.57,-8.07
7030,USW00094846,"CHICAGO OHARE INTERNATIONAL AIRPORT, IL US",10.6,0,2023-11-30,10.67,-2.36
7031,USW00094846,"CHICAGO OHARE INTERNATIONAL AIRPORT, IL US",6.7,3.9,2023-12-01,6.53,3.31
7032,USW00094846,"CHICAGO OHARE INTERNATIONAL AIRPORT, IL US",6.1,3.9,2023-12-02,6.14,3.37
7033,USW00094846,"CHICAGO OHARE INTERNATIONAL AIRPORT, IL US",4.4,2.2,2023-12-03,4.32,2.41
7034,USW00094846,"CHICAGO OHARE INTERNATIONAL AIRPORT, IL US",5,0,2023-12-04,4.27,0.4
7035,USW00094846,"CHICAGO OHARE INTERNATIONAL AIRPORT, IL US",5,0,2023-12-05,4.8,-0.26
7036,USW00094846,"CHICAGO OHARE INTERNATIONAL AIRPORT, IL US",3.9,0,2023-12-06,4.17,-0.51
7037,USW00094846,"CHICAGO OHARE INTERNATIONAL AIRPORT, IL US",10.6,2.2,2023-12-07,10.74,1.24
7038,USW00094846,"CHICAGO OHARE INTERNATIONAL AIRPORT, IL US",13.3,7.8,2023-12-08,12.88,4.9
7039,USW00094846,"CHICAGO OHARE INTERNATIONAL AIRPORT, IL US",12.2,1.7,2023-12-09,11.65,3.16
7040,USW00094846,"CHICAGO OHARE INTERNATIONAL AIRPORT, IL US",1.7,-1,2023-12-10,1.61,-0.72
7041,USW00094846,"CHICAGO OHARE INTERNATIONAL AIRPORT, IL US",2.2,-2.1,2023-12-11,2.07,-2.52
7042,USW00094846,"CHICAGO OHARE INTERNATIONAL AIRPORT, IL US",3.3,-2.7,2023-12-12,3.19,-2.75
7043,USW00094846,"CHICAGO OHARE INTERNATIONAL AIRPORT, IL US",5,-4.9,2023-12-13,5.11,-6.23
7044,USW00094846,"CHICAGO OHARE INTERNATIONAL AIRPORT, IL US",10.6,0,2023-12-14,10.5,-3.17
7045,USW00094846,"CHICAGO OHARE INTERNATIONAL AIRPORT, IL US",11.7,1.7,2023-12-15,12.1,0.01
7046,USW00094846,"CHICAGO OHARE INTERNATIONAL AIRPORT, IL US",7.8,5,2023-12-16,7.52,3.28
7047,USW00094846,"CHICAGO OHARE INTERNATIONAL AIRPORT, IL US",6.7,2.2,2023-12-17,6.34,2.92
7048,USW00094846,"CHICAGO OHARE INTERNATIONAL AIRPORT, IL US",2.2,-6.6,2023-12-18,1.53,-4.5
7049,USW00094846,"CHICAGO OHARE INTERNATIONAL AIRPORT, IL US",0.6,-8.2,2023-12-19,0.35,-8.86
7050,USW00094846,"CHICAGO OHARE INTERNATIONAL AIRPORT, IL US",7.2,-1,2023-12-20,6.35,-3.81
7051,USW00094846,"CHICAGO OHARE INTERNATIONAL AIRPORT, IL US",8.9,0.6,2023-12-21,7.97,-0.4
7052,USW00094846,"CHICAGO OHARE INTERNATIONAL AIRPORT, IL US",7.2,6.1,2023-12-22,7.5,4.53
7053,USW00094846,"CHICAGO OHARE INTERNATIONAL AIRPORT, IL US",9.4,6.1,2023-12-23,9.3,5.81
7054,USW00094846,"CHICAGO OHARE INTERNATIONAL AIRPORT, IL US",12.8,8.9,2023-12-24,12,7.67
7055,USW00094846,"CHICAGO OHARE INTERNATIONAL AIRPORT, IL US",15,10,2023-12-25,14.12,8.85
7056,USW00094846,"CHICAGO OHARE INTERNATIONAL AIRPORT, IL US",10,-0.5,2023-12-26,8.19,0.85
7057,USW00094846,"CHICAGO OHARE INTERNATIONAL AIRPORT, IL US",5.6,-1,2023-12-27,5.48,-1.84
7058,USW00094846,"CHICAGO OHARE INTERNATIONAL AIRPORT, IL US",5.6,1.1,2023-12-28,5.07,0.74
7059,USW00094846,"CHICAGO OHARE INTERNATIONAL AIRPORT, IL US",4.4,-0.5,2023-12-29,4.59,0.02
7060,USW00094846,"CHICAGO OHARE INTERNATIONAL AIRPORT, IL US",2.8,-2.7,2023-12-30,2.82,-3.12
7061,USW00094846,"CHICAGO OHARE INTERNATIONAL AIRPORT, IL US",2.2,-0.5,2023-12-31,1.96,-1.46
7062,USW00014819,"CHICAGO MIDWAY AIRPORT, IL US",7.2,2.8,2023-01-01,7.07,0.66
7063,USW00014819,"CHICAGO MIDWAY AIRPORT, IL US",6.7,0,2023-01-02,6.33,0.23
7064,USW00014819,"CHICAGO MIDWAY AIRPORT, IL US",9.4,4.4,2023-01-03,10.13,2.94
7065,USW00014819,"CHICAGO MIDWAY AIRPORT, IL US",7.2,0.6,2023-01-04,5.95,0.68
7066,USW00014819,"CHICAGO MIDWAY AIRPORT, IL US",1.1,-0.5,2023-01-05,0.99,-0.46
7067,USW00014819,"CHICAGO MIDWAY AIRPORT, IL US",0.6,-3.8,2023-01-06,0.23,-3.16
7068,USW00014819,"CHICAGO MIDWAY AIRPORT, IL US",0.6,-2.1,2023-01-07,0.39,-3.26
7069,USW00014819,"CHICAGO MIDWAY AIRPORT, IL US",1.7,-3.2,2023-01-08,1.26,-3.45
7070,USW00014819,"CHICAGO MIDWAY AIRPORT, IL US",6.7,-3.8,2023-01-09,6.59,-4.14
7071,USW00014819,"CHICAGO MIDWAY AIRPORT, IL US",9.4,2.2,2023-01-10,9.13,-0.37
7072,USW00014819,"CHICAGO MIDWAY AIRPORT, IL US",11.7,3.3,2023-01-11,11.26,1.96
7073,USW00014819,"CHICAGO MIDWAY AIRPORT, IL US",7.2,1.7,2023-01-12,5.31,1.81
7074,USW00014819,"CHICAGO MIDWAY AIRPORT, IL US",1.7,-2.7,2023-01-13,1.22,-2.22
7075,USW00014819,"CHICAGO MIDWAY AIRPORT, IL US",-0.5,-4.3,2023-01-14,-0.57,-4.4
7076,USW00014819,"CHICAGO MIDWAY AIRPORT, IL US",6.1,-3.2,2023-01-15,5.84,-3.87
7077,USW00014819,"CHICAGO MIDWAY AIRPORT, IL US",11.1,4.4,2023-01-16,10.89,1.37
7078,USW00014819,"CHICAGO MIDWAY AIRPORT, IL US",10,2.8,2023-01-17,8.38,2.87
7079,USW00014819,"CHICAGO MIDWAY AIRPORT, IL US",3.9,2.2,2023-01-18,3.84,1.93
7080,USW00014819,"CHICAGO MIDWAY AIRPORT, IL US",5.6,1.1,2023-01-19,5.36,1.32
7081,USW00014819,"CHICAGO MIDWAY AIRPORT, IL US",1.7,-1,2023-01-20,1.22,-0.87
7082,USW00014819,"CHICAGO MIDWAY AIRPORT, IL US",0,-2.1,2023-01-21,-0.14,-2.3
7083,USW00014819,"CHICAGO MIDWAY AIRPORT, IL US",1.1,-1.6,2023-01-22,0.93,-2.31
7084,USW00014819,"CHICAGO MIDWAY AIRPORT, IL US",0,-5.5,2023-01-23,-0.18,-5.59
7085,USW00014819,"CHICAGO MIDWAY AIRPORT, IL US",2.8,-2.1,2023-01-24,2.42,-3.1
7086,USW00014819,"CHICAGO MIDWAY AIRPORT, IL US",1.7,-0.5,2023-01-25,1.35,-1.13
7087,USW00014819,"CHICAGO MIDWAY AIRPORT, IL US",0,-9.3,2023-01-26,-0.88,-7.37
7088,USW00014819,"CHICAGO MIDWAY AIRPORT, IL US",2.8,-9.9,2023-01-27,2.37,-10.72
7089,USW00014819,"CHICAGO MIDWAY AIRPORT, IL US",-0.5,-6.6,2023-01-28,-0.74,-7.53
7090,USW00014819,"CHICAGO MIDWAY AIRPORT, IL US",-0.5,-7.7,2023-01-29,-0.95,-7.44
7091,USW00014819,"CHICAGO MIDWAY AIRPORT, IL US",-7.1,-14.3,2023-01-30,-7.67,-13.19
7092,USW00014819,"CHICAGO MIDWAY AIRPORT, IL US",-9.9,-16,2023-01-31,-9.69,-16.84
7093,USW00014819,"CHICAGO MIDWAY AIRPORT, IL US",-2.1,-14.3,2023-02-01,-2.14,-15.77
7094,USW00014819,"CHICAGO MIDWAY AIRPORT, IL US",1.1,-11,2023-02-02,1.35,-12.08
7095,USW00014819,"CHICAGO MIDWAY AIRPORT, IL US",-11,-17.1,2023-02-03,-10.54,-16.74
7096,USW00014819,"CHICAGO MIDWAY AIRPORT, IL US",6.1,-11,2023-02-04,5.85,-12.94
7097,USW00014819,"CHICAGO MIDWAY AIRPORT, IL US",6.1,-1.6,2023-02-05,5.95,-4.23
7098,USW00014819,"CHICAGO MIDWAY AIRPORT, IL US",8.3,-4.9,2023-02-06,8.42,-5.6
7099,USW00014819,"CHICAGO MIDWAY AIRPORT, IL US",10,-1,2023-02-07,8.99,-2.32
7100,USW00014819,"CHICAGO MIDWAY AIRPORT, IL US",6.1,-3.8,2023-02-08,5.42,-3.67
7101,USW00014819,"CHICAGO MIDWAY AIRPORT, IL US",8.3,2.2,2023-02-09,7.69,-0.03
7102,USW00014819,"CHICAGO MIDWAY AIRPORT, IL US",4.4,-3.2,2023-02-10,4.01,-2.23
7103,USW00014819,"CHICAGO MIDWAY AIRPORT, IL US",8.3,-4.9,2023-02-11,8.11,-5.28
7104,USW00014819,"CHICAGO MIDWAY AIRPORT, IL US",11.1,-2.1,2023-02-12,11.16,-3.08
7105,USW00014819,"CHICAGO MIDWAY AIRPORT, IL US",11.7,1.1,2023-02-13,11.3,-0.39
7106,USW00014819,"CHICAGO MIDWAY AIRPORT, IL US",12.2,2.2,2023-02-14,12.2,0.76
7107,USW00014819,"CHICAGO MIDWAY AIRPORT, IL US",11.7,2.2,2023-02-15,10.45,1.64
7108,USW00014819,"CHICAGO MIDWAY AIRPORT, IL US",2.2,-3.8,2023-02-16,1.9,-2.63
7109,USW00014819,"CHICAGO MIDWAY AIRPORT, IL US",-2.7,-7.1,2023-02-17,-2.41,-7.11
7110,USW00014819,"CHICAGO MIDWAY AIRPORT, IL US",7.8,-4.3,2023-02-18,7.62,-5.3
7111,USW00014819,"CHICAGO MIDWAY AIRPORT, IL US",11.7,3.9,2023-02-19,11.42,1.63
7112,USW00014819,"CHICAGO MIDWAY AIRPORT, IL US",7.8,-1,2023-02-20,8.17,-1.51
7113,USW00014819,"CHICAGO MIDWAY AIRPORT, IL US",5,-3.8,2023-02-21,4.18,-3.47
7114,USW00014819,"CHICAGO MIDWAY AIRPORT, IL US",2.2,1.1,2023-02-22,2.26,-0.52
7115,USW00014819,"CHICAGO MIDWAY AIRPORT, IL US",6.1,-4.9,2023-02-23,5.46,-3.31
7116,USW00014819,"CHICAGO MIDWAY AIRPORT, IL US",-2.1,-7.7,2023-02-24,-1.73,-7.3
7117,USW00014819,"CHICAGO MIDWAY AIRPORT, IL US",3.3,-2.7,2023-02-25,3.36,-4.27
7118,USW00014819,"CHICAGO MIDWAY AIRPORT, IL US",10,-2.1,2023-02-26,9.65,-2.36
7119,USW00014819,"CHICAGO MIDWAY AIRPORT, IL US",15,3.9,2023-02-27,14.48,1.39
7120,USW00014819,"CHICAGO MIDWAY AIRPORT, IL US",10.6,2.8,2023-02-28,9.58,2.64
7121,USW00014819,"CHICAGO MIDWAY AIRPORT, IL US",13.9,2.8,2023-03-01,13.44,2.38
7122,USW00014819,"CHICAGO MIDWAY AIRPORT, IL US",3.3,1.1,2023-03-02,4.01,0.64
7123,USW00014819,"CHICAGO MIDWAY AIRPORT, IL US",3.9,0,2023-03-03,3.48,-0.13
7124,USW00014819,"CHICAGO MIDWAY AIRPORT, IL US",10,-2.1,2023-03-04,9.23,-2.06
7125,USW00014819,"CHICAGO MIDWAY AIRPORT, IL US",9.4,-1,2023-03-05,9.19,-1.32
7126,USW00014819,"CHICAGO MIDWAY AIRPORT, IL US",13.3,3.3,2023-03-06,11.8,1.8
7127,USW00014819,"CHICAGO MIDWAY AIRPORT, IL US",6.7,2.2,2023-03-07,6.6,1.94
7128,USW00014819,"CHICAGO MIDWAY AIRPORT, IL US",7.8,2.2,2023-03-08,7.66,1.77
7129,USW00014819,"CHICAGO MIDWAY AIRPORT, IL US",5,0.6,2023-03-09,4.74,0.76
7130,USW00014819,"CHICAGO MIDWAY AIRPORT, IL US",2.8,0.6,2023-03-10,2.68,0.3
7131,USW00014819,"CHICAGO MIDWAY AIRPORT, IL US",3.9,0.6,2023-03-11,3.84,0.14
7132,USW00014819,"CHICAGO MIDWAY AIRPORT, IL US",2.8,-1,2023-03-12,2.67,-0.98
7133,USW00014819,"CHICAGO MIDWAY AIRPORT, IL US",0.6,-3.2,2023-03-13,0.45,-3.01
7134,USW00014819,"CHICAGO MIDWAY AIRPORT, IL US",2.8,-5.5,2023-03-14,2.21,-6.06
7135,USW00014819,"CHICAGO MIDWAY AIRPORT, IL US",10,-3.8,2023-03-15,9.72,-5.2
7136,USW00014819,"CHICAGO MIDWAY AIRPORT, IL US",11.1,5.6,2023-03-16,10.22,2.23
7137,USW00014819,"CHICAGO MIDWAY AIRPORT, IL US",11.1,-4.9,2023-03-17,7.73,-3.75
7138,USW00014819,"CHICAGO MIDWAY AIRPORT, IL US",-3.2,-10.5,2023-03-18,-4.07,-10.68
7139,USW00014819,"CHICAGO MIDWAY AIRPORT, IL US",5,-7.1,2023-03-19,4.61,-8.48
7140,USW00014819,"CHICAGO MIDWAY AIRPORT, IL US",11.1,-2.1,2023-03-20,10.75,-3.85
7141,USW00014819,"CHICAGO MIDWAY AIRPORT, IL US",13.3,2.8,2023-03-21,12.62,0.98
7142,USW00014819,"CHICAGO MIDWAY AIRPORT, IL US",11.7,5,2023-03-22,10.95,3.65
7143,USW00014819,"CHICAGO MIDWAY AIRPORT, IL US",9.4,2.8,2023-03-23,8.41,2.46
7144,USW00014819,"CHICAGO MIDWAY AIRPORT, IL US",7.2,2.8,2023-03-24,7.26,1.87
7145,USW00014819,"CHICAGO MIDWAY AIRPORT, IL US",7.2,1.7,2023-03-25,6.82,1.27
7146,USW00014819,"CHICAGO MIDWAY AIRPORT, IL US",8.9,1.1,2023-03-26,8.77,0.03
7147,USW00014819,"CHICAGO MIDWAY AIRPORT, IL US",8.3,0,2023-03-27,7.55,-0.03
7148,USW00014819,"CHICAGO MIDWAY AIRPORT, IL US",11.1,-1,2023-03-28,10.55,-1.46
7149,USW00014819,"CHICAGO MIDWAY AIRPORT, IL US",6.1,-1,2023-03-29,5.86,-1.63
7150,USW00014819,"CHICAGO MIDWAY AIRPORT, IL US",14.4,-2.7,2023-03-30,13.74,-3.45
7151,USW00014819,"CHICAGO MIDWAY AIRPORT, IL US",21.1,10,2023-03-31,20.43,5.41
7152,USW00014819,"CHICAGO MIDWAY AIRPORT, IL US",10,1.7,2023-04-01,8.32,1.56
7153,USW00014819,"CHICAGO MIDWAY AIRPORT, IL US",13.3,0,2023-04-02,13.12,-1.17
7154,USW00014819,"CHICAGO MIDWAY AIRPORT, IL US",16.1,7.2,2023-04-03,16.54,3.95
7155,USW00014819,"CHICAGO MIDWAY AIRPORT, IL US",22.2,7.2,2023-04-04,21.54,6.07
7156,USW00014819,"CHICAGO MIDWAY AIRPORT, IL US",22.8,3.9,2023-04-05,22.17,4.67
7157,USW00014819,"CHICAGO MIDWAY AIRPORT, IL US",12.2,0.6,2023-04-06,11.63,0.35
7158,USW00014819,"CHICAGO MIDWAY AIRPORT, IL US",9.4,3.3,2023-04-07,9.48,1.57
7159,USW00014819,"CHICAGO MIDWAY AIRPORT, IL US",17.8,3.3,2023-04-08,16.15,2.15
7160,USW00014819,"CHICAGO MIDWAY AIRPORT, IL US",20,6.7,2023-04-09,19.69,4.71
7161,USW00014819,"CHICAGO MIDWAY AIRPORT, IL US",21.7,8.9,2023-04-10,21.5,6.93
7162,USW00014819,"CHICAGO MIDWAY AIRPORT, IL US",26.7,11.1,2023-04-11,26.1,9.82
7163,USW00014819,"CHICAGO MIDWAY AIRPORT, IL US",28.3,15,2023-04-12,27.9,13.35
7164,USW00014819,"CHICAGO MIDWAY AIRPORT, IL US",28.9,13.3,2023-04-13,28.56,12.47
7165,USW00014819,"CHICAGO MIDWAY AIRPORT, IL US",28.9,13.3,2023-04-14,27.17,11.65
7166,USW00014819,"CHICAGO MIDWAY AIRPORT, IL US",28.3,17.8,2023-04-15,27.88,15.45
7167,USW00014819,"CHICAGO MIDWAY AIRPORT, IL US",17.8,1.7,2023-04-16,16.14,4.31
7168,USW00014819,"CHICAGO MIDWAY AIRPORT, IL US",4.4,0,2023-04-17,4.29,-0.16
7169,USW00014819,"CHICAGO MIDWAY AIRPORT, IL US",15,0.6,2023-04-18,14.01,0.42
7170,USW00014819,"CHICAGO MIDWAY AIRPORT, IL US",22.2,6.7,2023-04-19,20.21,4.42
7171,USW00014819,"CHICAGO MIDWAY AIRPORT, IL US",27.2,9.4,2023-04-20,26.53,8.63
7172,USW00014819,"CHICAGO MIDWAY AIRPORT, IL US",17.2,7.2,2023-04-21,16.88,6.79
7173,USW00014819,"CHICAGO MIDWAY AIRPORT, IL US",8.3,3.3,2023-04-22,7.86,3.11
7174,USW00014819,"CHICAGO MIDWAY AIRPORT, IL US",5.6,2.2,2023-04-23,5.49,1.82
7175,USW00014819,"CHICAGO MIDWAY AIRPORT, IL US",12.2,1.7,2023-04-24,11.75,1.15
7176,USW00014819,"CHICAGO MIDWAY AIRPORT, IL US",8.9,1.1,2023-04-25,8.47,1.18
7177,USW00014819,"CHICAGO MIDWAY AIRPORT, IL US",10,1.1,2023-04-26,10.48,-0.07
7178,USW00014819,"CHICAGO MIDWAY AIRPORT, IL US",19.4,3.3,2023-04-27,19.46,1.35
7179,USW00014819,"CHICAGO MIDWAY AIRPORT, IL US",16.1,8.3,2023-04-28,16.16,5.08
7180,USW00014819,"CHICAGO MIDWAY AIRPORT, IL US",15,5.6,2023-04-29,14.87,4.42
7181,USW00014819,"CHICAGO MIDWAY AIRPORT, IL US",10,4.4,2023-04-30,9.31,3.94
7182,USW00014819,"CHICAGO MIDWAY AIRPORT, IL US",10,5,2023-05-01,9.78,4.32
7183,USW00014819,"CHICAGO MIDWAY AIRPORT, IL US",12.8,6.1,2023-05-02,12.32,5.26
7184,USW00014819,"CHICAGO MIDWAY AIRPORT, IL US",13.9,5,2023-05-03,14.35,3.65
7185,USW00014819,"CHICAGO MIDWAY AIRPORT, IL US",22.8,5,2023-05-04,22.41,3.93
7186,USW00014819,"CHICAGO MIDWAY AIRPORT, IL US",26.1,13.3,2023-05-05,25.55,10.15
7187,USW00014819,"CHICAGO MIDWAY AIRPORT, IL US",26.1,15.6,2023-05-06,25.58,13.88
7188,USW00014819,"CHICAGO MIDWAY AIRPORT, IL US",29.4,15.6,2023-05-07,29.53,14.46
7189,USW00014819,"CHICAGO MIDWAY AIRPORT, IL US",20,10.6,2023-05-08,16.64,10.55
7190,USW00014819,"CHICAGO MIDWAY AIRPORT, IL US",21.1,9.4,2023-05-09,20.72,8.72
7191,USW00014819,"CHICAGO MIDWAY AIRPORT, IL US",26.7,10.6,2023-05-10,26.24,9.17
7192,USW00014819,"CHICAGO MIDWAY AIRPORT, IL US",28.3,13.9,2023-05-11,28.37,11.5
7193,USW00014819,"CHICAGO MIDWAY AIRPORT, IL US",24.4,15.6,2023-05-12,24.68,14.97
7194,USW00014819,"CHICAGO MIDWAY AIRPORT, IL US",20,13.9,2023-05-13,20.9,13.75
7195,USW00014819,"CHICAGO MIDWAY AIRPORT, IL US",18.3,12.8,2023-05-14,17.98,12.67
7196,USW00014819,"CHICAGO MIDWAY AIRPORT, IL US",20,11.7,2023-05-15,19.89,10.54
7197,USW00014819,"CHICAGO MIDWAY AIRPORT, IL US",27.2,10.6,2023-05-16,26.74,9.43
7198,USW00014819,"CHICAGO MIDWAY AIRPORT, IL US",17.2,8.3,2023-05-17,17,7.44
7199,USW00014819,"CHICAGO MIDWAY AIRPORT, IL US",23.9,8.3,2023-05-18,23.78,6.59
7200,USW00014819,"CHICAGO MIDWAY AIRPORT, IL US",23.9,12.2,2023-05-19,23.11,10.55
7201,USW00014819,"CHICAGO MIDWAY AIRPORT, IL US",21.1,10,2023-05-20,20.97,8.54
7202,USW00014819,"CHICAGO MIDWAY AIRPORT, IL US",26.7,12.2,2023-05-21,26.53,9.99
7203,USW00014819,"CHICAGO MIDWAY AIRPORT, IL US",27.8,12.8,2023-05-22,27.62,11.38
7204,USW00014819,"CHICAGO MIDWAY AIRPORT, IL US",29.4,15,2023-05-23,29.09,13.07
7205,USW00014819,"CHICAGO MIDWAY AIRPORT, IL US",21.1,12.2,2023-05-24,21.01,11.66
7206,USW00014819,"CHICAGO MIDWAY AIRPORT, IL US",16.7,10,2023-05-25,16.7,8.66
7207,USW00014819,"CHICAGO MIDWAY AIRPORT, IL US",21.1,10,2023-05-26,20.92,6.95
7208,USW00014819,"CHICAGO MIDWAY AIRPORT, IL US",23.3,8.9,2023-05-27,23.18,7.11
7209,USW00014819,"CHICAGO MIDWAY AIRPORT, IL US",26.1,13.3,2023-05-28,25.99,11.06
7210,USW00014819,"CHICAGO MIDWAY AIRPORT, IL US",28.3,12.8,2023-05-29,28.51,11.34
7211,USW00014819,"CHICAGO MIDWAY AIRPORT, IL US",31.7,16.7,2023-05-30,31.61,14.15
7212,USW00014819,"CHICAGO MIDWAY AIRPORT, IL US",32.8,21.1,2023-05-31,32.24,18.38
7213,USW00014819,"CHICAGO MIDWAY AIRPORT, IL US",32.8,20.6,2023-06-01,32.41,18.82
7214,USW00014819,"CHICAGO MIDWAY AIRPORT, IL US",32.8,20.6,2023-06-02,32.34,18.22
7215,USW00014819,"CHICAGO MIDWAY AIRPORT, IL US",31.7,20,2023-06-03,31.08,17.82
7216,USW00014819,"CHICAGO MIDWAY AIRPORT, IL US",25.6,16.7,2023-06-04,25.31,15.72
7217,USW00014819,"CHICAGO MIDWAY AIRPORT, IL US",29.4,14.4,2023-06-05,28.63,12.39
7218,USW00014819,"CHICAGO MIDWAY AIRPORT, IL US",26.7,16.7,2023-06-06,25.6,14.78
7219,USW00014819,"CHICAGO MIDWAY AIRPORT, IL US",23.9,15,2023-06-07,23.74,13.62
7220,USW00014819,"CHICAGO MIDWAY AIRPORT, IL US",23.3,13.3,2023-06-08,23.24,10.93
7221,USW00014819,"CHICAGO MIDWAY AIRPORT, IL US",26.1,12.2,2023-06-09,26.52,10.51
7222,USW00014819,"CHICAGO MIDWAY AIRPORT, IL US",30.6,16.1,2023-06-10,30.05,13.7
7223,USW00014819,"CHICAGO MIDWAY AIRPORT, IL US",19.4,11.7,2023-06-11,17.66,12.04
7224,USW00014819,"CHICAGO MIDWAY AIRPORT, IL US",21.1,11.1,2023-06-12,20.77,9.96
7225,USW00014819,"CHICAGO MIDWAY AIRPORT, IL US",19.4,13.3,2023-06-13,18.85,12.14
7226,USW00014819,"CHICAGO MIDWAY AIRPORT, IL US",22.8,15,2023-06-14,23.56,14.1
7227,USW00014819,"CHICAGO MIDWAY AIRPORT, IL US",28.3,12.2,2023-06-15,27.77,12.25
7228,USW00014819,"CHICAGO MIDWAY AIRPORT, IL US",20,12.2,2023-06-16,19.75,10.88
7229,USW00014819,"CHICAGO MIDWAY AIRPORT, IL US",26.1,11.1,2023-06-17,26.49,10.04
7230,USW00014819,"CHICAGO MIDWAY AIRPORT, IL US",30,16.7,2023-06-18,29.64,14.03
7231,USW00014819,"CHICAGO MIDWAY AIRPORT, IL US",30,18.3,2023-06-19,29.7,16.3
7232,USW00014819,"CHICAGO MIDWAY AIRPORT, IL US",28.9,16.7,2023-06-20,28.4,15.47
7233,USW00014819,"CHICAGO MIDWAY AIRPORT, IL US",31.1,19.4,2023-06-21,30.59,17.02
7234,USW00014819,"CHICAGO MIDWAY AIRPORT, IL US",29.4,20.6,2023-06-22,29,18.26
7235,USW00014819,"CHICAGO MIDWAY AIRPORT, IL US",29.4,20.6,2023-06-23,29.12,18.17
7236,USW00014819,"CHICAGO MIDWAY AIRPORT, IL US",33.3,18.9,2023-06-24,32.95,17.13
7237,USW00014819,"CHICAGO MIDWAY AIRPORT, IL US",30.6,19.4,2023-06-25,30.31,18.68
7238,USW00014819,"CHICAGO MIDWAY AIRPORT, IL US",24.4,20.6,2023-06-26,23.82,19.1
7239,USW00014819,"CHICAGO MIDWAY AIRPORT, IL US",24.4,17.8,2023-06-27,24.27,16.7
7240,USW00014819,"CHICAGO MIDWAY AIRPORT, IL US",28.9,15,2023-06-28,28.68,13.27
7241,USW00014819,"CHICAGO MIDWAY AIRPORT, IL US",30.6,22.8,2023-06-29,30.1,19.27
7242,USW00014819,"CHICAGO MIDWAY AIRPORT, IL US",32.2,21.1,2023-06-30,31.42,20.46
7243,USW00014819,"CHICAGO MIDWAY AIRPORT, IL US",30,22.8,2023-07-01,29.13,21.06
7244,USW00014819,"CHICAGO MIDWAY AIRPORT, IL US",23.9,18.9,2023-07-02,23.42,18.95
7245,USW00014819,"CHICAGO MIDWAY AIRPORT, IL US",30,17.2,2023-07-03,29.72,16.48
7246,USW00014819,"CHICAGO MIDWAY AIRPORT, IL US",33.3,20.6,2023-07-04,32.79,18.8
7247,USW00014819,"CHICAGO MIDWAY AIRPORT, IL US",33.3,21.7,2023-07-05,32.77,21.04
7248,USW00014819,"CHICAGO MIDWAY AIRPORT, IL US",26.7,20,2023-07-06,26.62,19.32
7249,USW00014819,"CHICAGO MIDWAY AIRPORT, IL US",27.2,18.3,2023-07-07,27.09,16.82
7250,USW00014819,"CHICAGO MIDWAY AIRPORT, IL US",23.9,17.2,2023-07-08,23.41,16.67
7251,USW00014819,"CHICAGO MIDWAY AIRPORT, IL US",29.4,15.6,2023-07-09,28.8,14.71
7252,USW00014819,"CHICAGO MIDWAY AIRPORT, IL US",29.4,18.3,2023-07-10,29.36,16.43
7253,USW00014819,"CHICAGO MIDWAY AIRPORT, IL US",31.1,20.6,2023-07-11,30.39,18.99
7254,USW00014819,"CHICAGO MIDWAY AIRPORT, IL US",26.7,17.2,2023-07-12,25.86,16.53
7255,USW00014819,"CHICAGO MIDWAY AIRPORT, IL US",25.6,17.8,2023-07-13,25.37,16.87
7256,USW00014819,"CHICAGO MIDWAY AIRPORT, IL US",32.2,20.6,2023-07-14,32.04,18.95
7257,USW00014819,"CHICAGO MIDWAY AIRPORT, IL US",28.9,21.1,2023-07-15,29.03,19.95
7258,USW00014819,"CHICAGO MIDWAY AIRPORT, IL US",27.8,19.4,2023-07-16,27.31,18.53
7259,USW00014819,"CHICAGO MIDWAY AIRPORT, IL US",26.7,18.9,2023-07-17,26.35,17.88
7260,USW00014819,"CHICAGO MIDWAY AIRPORT, IL US",25.6,16.7,2023-07-18,26,15.21
7261,USW00014819,"CHICAGO MIDWAY AIRPORT, IL US",29.4,16.7,2023-07-19,28.91,15.2
7262,USW00014819,"CHICAGO MIDWAY AIRPORT, IL US",31.1,21.7,2023-07-20,30.45,18.48
7263,USW00014819,"CHICAGO MIDWAY AIRPORT, IL US",27.2,20,2023-07-21,26.65,18.29
7264,USW00014819,"CHICAGO MIDWAY AIRPORT, IL US",30,17.8,2023-07-22,29.38,16.05
7265,USW00014819,"CHICAGO MIDWAY AIRPORT, IL US",29.4,18.3,2023-07-23,28.87,16.97
7266,USW00014819,"CHICAGO MIDWAY AIRPORT, IL US",30.6,20.6,2023-07-24,30.39,18.65
7267,USW00014819,"CHICAGO MIDWAY AIRPORT, IL US",32.2,20.6,2023-07-25,31.75,18.95
7268,USW00014819,"CHICAGO MIDWAY AIRPORT, IL US",32.8,24.4,2023-07-26,32.2,21.7
7269,USW00014819,"CHICAGO MIDWAY AIRPORT, IL US",32.8,23.9,2023-07-27,32.89,22.08
7270,USW00014819,"CHICAGO MIDWAY AIRPORT, IL US",33.9,21.7,2023-07-28,33.53,21.43
7271,USW00014819,"CHICAGO MIDWAY AIRPORT, IL US",28.3,21.1,2023-07-29,27.79,20.19
7272,USW00014819,"CHICAGO MIDWAY AIRPORT, IL US",26.7,19.4,2023-07-30,26.63,17.82
7273,USW00014819,"CHICAGO MIDWAY AIRPORT, IL US",27.8,17.8,2023-07-31,27.78,16.29
7274,USW00014819,"CHICAGO MIDWAY AIRPORT, IL US",29.4,20.6,2023-08-01,29.03,18.29
7275,USW00014819,"CHICAGO MIDWAY AIRPORT, IL US",29.4,20.6,2023-08-02,28.87,18.43
7276,USW00014819,"CHICAGO MIDWAY AIRPORT, IL US",32.2,18.9,2023-08-03,31.27,18
7277,USW00014819,"CHICAGO MIDWAY AIRPORT, IL US",29.4,22.2,2023-08-04,29.29,20.09
7278,USW00014819,"CHICAGO MIDWAY AIRPORT, IL US",24.4,19.4,2023-08-05,24,19.46
7279,USW00014819,"CHICAGO MIDWAY AIRPORT, IL US",22.2,18.9,2023-08-06,22.64,18.38
7280,USW00014819,"CHICAGO MIDWAY AIRPORT, IL US",26.7,19.4,2023-08-07,26.14,18.4
7281,USW00014819,"CHICAGO MIDWAY AIRPORT, IL US",29.4,17.8,2023-08-08,28.93,16.3
7282,USW00014819,"CHICAGO MIDWAY AIRPORT, IL US",26.1,18.9,2023-08-09,25.86,17.64
7283,USW00014819,"CHICAGO MIDWAY AIRPORT, IL US",29.4,18.3,2023-08-10,28.77,17.43
7284,USW00014819,"CHICAGO MIDWAY AIRPORT, IL US",29.4,21.7,2023-08-11,28.99,19.77
7285,USW00014819,"CHICAGO MIDWAY AIRPORT, IL US",30.6,22.2,2023-08-12,29.91,20.16
7286,USW00014819,"CHICAGO MIDWAY AIRPORT, IL US",27.2,19.4,2023-08-13,26.78,17.91
7287,USW00014819,"CHICAGO MIDWAY AIRPORT, IL US",24.4,17.8,2023-08-14,23.82,17.34
7288,USW00014819,"CHICAGO MIDWAY AIRPORT, IL US",25.6,17.2,2023-08-15,25.02,16.3
7289,USW00014819,"CHICAGO MIDWAY AIRPORT, IL US",27.2,14.4,2023-08-16,27.06,13.31
7290,USW00014819,"CHICAGO MIDWAY AIRPORT, IL US",27.2,16.7,2023-08-17,26.58,15.85
7291,USW00014819,"CHICAGO MIDWAY AIRPORT, IL US",26.1,14.4,2023-08-18,25.6,13.68
7292,USW00014819,"CHICAGO MIDWAY AIRPORT, IL US",28.3,17.2,2023-08-19,27.77,14.97
7293,USW00014819,"CHICAGO MIDWAY AIRPORT, IL US",32.8,22.2,2023-08-20,32.41,19.6
7294,USW00014819,"CHICAGO MIDWAY AIRPORT, IL US",28.3,21.7,2023-08-21,28.03,20.42
7295,USW00014819,"CHICAGO MIDWAY AIRPORT, IL US",31.1,21.1,2023-08-22,30.91,19.99
7296,USW00014819,"CHICAGO MIDWAY AIRPORT, IL US",36.7,23.9,2023-08-23,36.06,22.73
7297,USW00014819,"CHICAGO MIDWAY AIRPORT, IL US",37.8,23.3,2023-08-24,36.89,23.37
7298,USW00014819,"CHICAGO MIDWAY AIRPORT, IL US",27.8,21.7,2023-08-25,27.37,21.28
7299,USW00014819,"CHICAGO MIDWAY AIRPORT, IL US",24.4,18.3,2023-08-26,24.46,18.13
7300,USW00014819,"CHICAGO MIDWAY AIRPORT, IL US",23.9,18.9,2023-08-27,23.83,16.69
7301,USW00014819,"CHICAGO MIDWAY AIRPORT, IL US",25.6,15.6,2023-08-28,26.11,13.94
7302,USW00014819,"CHICAGO MIDWAY AIRPORT, IL US",30,17.2,2023-08-29,29.2,15.47
7303,USW00014819,"CHICAGO MIDWAY AIRPORT, IL US",21.7,13.9,2023-08-30,21.55,13.59
7304,USW00014819,"CHICAGO MIDWAY AIRPORT, IL US",24.4,12.2,2023-08-31,24.93,11.08
7305,USW00014819,"CHICAGO MIDWAY AIRPORT, IL US",28.3,15.6,2023-09-01,28.32,13.13
7306,USW00014819,"CHICAGO MIDWAY AIRPORT, IL US",31.1,17.8,2023-09-02,30.76,15.33
7307,USW00014819,"CHICAGO MIDWAY AIRPORT, IL US",33.9,20,2023-09-03,33.31,18.76
7308,USW00014819,"CHICAGO MIDWAY AIRPORT, IL US",33.9,21.7,2023-09-04,33.39,20.76
7309,USW00014819,"CHICAGO MIDWAY AIRPORT, IL US",33.3,24.4,2023-09-05,32.68,22.77
7310,USW00014819,"CHICAGO MIDWAY AIRPORT, IL US",27.2,19.4,2023-09-06,27.17,19.81
7311,USW00014819,"CHICAGO MIDWAY AIRPORT, IL US",21.7,17.8,2023-09-07,21.4,17.94
7312,USW00014819,"CHICAGO MIDWAY AIRPORT, IL US",20.6,15.6,2023-09-08,20.02,15.42
7313,USW00014819,"CHICAGO MIDWAY AIRPORT, IL US",23.9,13.3,2023-09-09,23.64,12.55
7314,USW00014819,"CHICAGO MIDWAY AIRPORT, IL US",26.7,12.8,2023-09-10,26.66,11.33
7315,USW00014819,"CHICAGO MIDWAY AIRPORT, IL US",21.7,15.6,2023-09-11,20.07,14.06
7316,USW00014819,"CHICAGO MIDWAY AIRPORT, IL US",21.7,13.3,2023-09-12,21.56,12.92
7317,USW00014819,"CHICAGO MIDWAY AIRPORT, IL US",21.7,12.2,2023-09-13,21.05,11.04
7318,USW00014819,"CHICAGO MIDWAY AIRPORT, IL US",21.7,10.6,2023-09-14,21.72,10.33
7319,USW00014819,"CHICAGO MIDWAY AIRPORT, IL US",25,12.2,2023-09-15,24.63,11.01
7320,USW00014819,"CHICAGO MIDWAY AIRPORT, IL US",22.2,15.6,2023-09-16,22.01,13.9
7321,USW00014819,"CHICAGO MIDWAY AIRPORT, IL US",20.6,12.8,2023-09-17,20.24,13.24
7322,USW00014819,"CHICAGO MIDWAY AIRPORT, IL US",21.7,11.7,2023-09-18,21.6,11.75
7323,USW00014819,"CHICAGO MIDWAY AIRPORT, IL US",19.4,14.4,2023-09-19,18.91,12.92
7324,USW00014819,"CHICAGO MIDWAY AIRPORT, IL US",26.7,16.1,2023-09-20,26.68,15.16
7325,USW00014819,"CHICAGO MIDWAY AIRPORT, IL US",24.4,18.9,2023-09-21,23.77,16.87
7326,USW00014819,"CHICAGO MIDWAY AIRPORT, IL US",25.6,18.3,2023-09-22,24.71,17.71
7327,USW00014819,"CHICAGO MIDWAY AIRPORT, IL US",25.6,17.8,2023-09-23,25.33,17.11
7328,USW00014819,"CHICAGO MIDWAY AIRPORT, IL US",25,15,2023-09-24,24.38,14.11
7329,USW00014819,"CHICAGO MIDWAY AIRPORT, IL US",24.4,17.2,2023-09-25,23.74,16.16
7330,USW00014819,"CHICAGO MIDWAY AIRPORT, IL US",23.3,17.8,2023-09-26,22.82,17.19
7331,USW00014819,"CHICAGO MIDWAY AIRPORT, IL US",21.1,17.2,2023-09-27,21.05,16.77
7332,USW00014819,"CHICAGO MIDWAY AIRPORT, IL US",21.1,16.1,2023-09-28,21.08,15.78
7333,USW00014819,"CHICAGO MIDWAY AIRPORT, IL US",24.4,13.9,2023-09-29,23.37,13.69
7334,USW00014819,"CHICAGO MIDWAY AIRPORT, IL US",28.3,15,2023-09-30,27.24,14.39
7335,USW00014819,"CHICAGO MIDWAY AIRPORT, IL US",29.4,17.2,2023-10-01,28.14,15.9
7336,USW00014819,"CHICAGO MIDWAY AIRPORT, IL US",29.4,17.2,2023-10-02,28.54,15.98
7337,USW00014819,"CHICAGO MIDWAY AIRPORT, IL US",30.6,18.3,2023-10-03,30,16.59
7338,USW00014819,"CHICAGO MIDWAY AIRPORT, IL US",29.4,20.6,2023-10-04,28.98,18.61
7339,USW00014819,"CHICAGO MIDWAY AIRPORT, IL US",21.7,15.6,2023-10-05,21.41,16.07
7340,USW00014819,"CHICAGO MIDWAY AIRPORT, IL US",16.1,7.2,2023-10-06,16.14,8.13
7341,USW00014819,"CHICAGO MIDWAY AIRPORT, IL US",15,7.2,2023-10-07,14.75,6.81
7342,USW00014819,"CHICAGO MIDWAY AIRPORT, IL US",13.3,7.2,2023-10-08,12.85,6.51
7343,USW00014819,"CHICAGO MIDWAY AIRPORT, IL US",15,6.1,2023-10-09,14.47,5.67
7344,USW00014819,"CHICAGO MIDWAY AIRPORT, IL US",17.2,4.4,2023-10-10,16.9,4.24
7345,USW00014819,"CHICAGO MIDWAY AIRPORT, IL US",19.4,5,2023-10-11,18.71,4.4
7346,USW00014819,"CHICAGO MIDWAY AIRPORT, IL US",17.2,11.7,2023-10-12,16.83,9.06
7347,USW00014819,"CHICAGO MIDWAY AIRPORT, IL US",15,12.2,2023-10-13,14.41,11.91
7348,USW00014819,"CHICAGO MIDWAY AIRPORT, IL US",13.3,10,2023-10-14,12.94,10.09
7349,USW00014819,"CHICAGO MIDWAY AIRPORT, IL US",15,7.8,2023-10-15,14.5,7.62
7350,USW00014819,"CHICAGO MIDWAY AIRPORT, IL US",12.2,6.1,2023-10-16,12,6.76
7351,USW00014819,"CHICAGO MIDWAY AIRPORT, IL US",17.2,4.4,2023-10-17,16.96,4.28
7352,USW00014819,"CHICAGO MIDWAY AIRPORT, IL US",19.4,7.8,2023-10-18,18.95,5.97
7353,USW00014819,"CHICAGO MIDWAY AIRPORT, IL US",14.4,12.2,2023-10-19,14.61,10.18
7354,USW00014819,"CHICAGO MIDWAY AIRPORT, IL US",15.6,8.3,2023-10-20,15.12,8.84
7355,USW00014819,"CHICAGO MIDWAY AIRPORT, IL US",18.3,7.2,2023-10-21,17.91,6.35
7356,USW00014819,"CHICAGO MIDWAY AIRPORT, IL US",15,5.6,2023-10-22,14.43,5.43
7357,USW00014819,"CHICAGO MIDWAY AIRPORT, IL US",19.4,7.2,2023-10-23,19.03,5.72
7358,USW00014819,"CHICAGO MIDWAY AIRPORT, IL US",27.8,14.4,2023-10-24,27.44,12.04
7359,USW00014819,"CHICAGO MIDWAY AIRPORT, IL US",19.4,15.6,2023-10-25,19.31,14.64
7360,USW00014819,"CHICAGO MIDWAY AIRPORT, IL US",22.2,17.8,2023-10-26,21.74,16.68
7361,USW00014819,"CHICAGO MIDWAY AIRPORT, IL US",21.7,7.8,2023-10-27,21.55,9.75
7362,USW00014819,"CHICAGO MIDWAY AIRPORT, IL US",10,4.4,2023-10-28,10.1,4.43
7363,USW00014819,"CHICAGO MIDWAY AIRPORT, IL US",9.4,3.9,2023-10-29,8.72,3.86
7364,USW00014819,"CHICAGO MIDWAY AIRPORT, IL US",6.7,-0.5,2023-10-30,6.14,-0.41
7365,USW00014819,"CHICAGO MIDWAY AIRPORT, IL US",2.8,-1.6,2023-10-31,2.54,-2.38
7366,USW00014819,"CHICAGO MIDWAY AIRPORT, IL US",5,-2.7,2023-11-01,5.08,-2.83
7367,USW00014819,"CHICAGO MIDWAY AIRPORT, IL US",12.8,1.1,2023-11-02,12.6,-0.46
7368,USW00014819,"CHICAGO MIDWAY AIRPORT, IL US",14.4,6.7,2023-11-03,14.03,4.55
7369,USW00014819,"CHICAGO MIDWAY AIRPORT, IL US",15,5.6,2023-11-04,14.53,4.46
7370,USW00014819,"CHICAGO MIDWAY AIRPORT, IL US",16.1,2.2,2023-11-05,15.78,2.2
7371,USW00014819,"CHICAGO MIDWAY AIRPORT, IL US",21.7,12.2,2023-11-06,20.86,9.07
7372,USW00014819,"CHICAGO MIDWAY AIRPORT, IL US",13.9,7.8,2023-11-07,13.22,6.76
7373,USW00014819,"CHICAGO MIDWAY AIRPORT, IL US",16.1,8.9,2023-11-08,15.21,7.75
7374,USW00014819,"CHICAGO MIDWAY AIRPORT, IL US",13.9,5.6,2023-11-09,13.56,5.26
7375,USW00014819,"CHICAGO MIDWAY AIRPORT, IL US",8.9,1.7,2023-11-10,8.67,1.84
7376,USW00014819,"CHICAGO MIDWAY AIRPORT, IL US",11.1,-0.5,2023-11-11,10.76,-0.79
7377,USW00014819,"CHICAGO MIDWAY AIRPORT, IL US",14.4,5.6,2023-11-12,14.18,3.32
7378,USW00014819,"CHICAGO MIDWAY AIRPORT, IL US",17.8,3.9,2023-11-13,17.06,3.08
7379,USW00014819,"CHICAGO MIDWAY AIRPORT, IL US",17.2,2.2,2023-11-14,16.66,0.75
7380,USW00014819,"CHICAGO MIDWAY AIRPORT, IL US",19.4,6.1,2023-11-15,18.89,3.68
7381,USW00014819,"CHICAGO MIDWAY AIRPORT, IL US",19.4,8.3,2023-11-16,19.03,6.22
7382,USW00014819,"CHICAGO MIDWAY AIRPORT, IL US",17.2,2.2,2023-11-17,15.2,3.57
7383,USW00014819,"CHICAGO MIDWAY AIRPORT, IL US",11.7,0,2023-11-18,11.66,-1.23
7384,USW00014819,"CHICAGO MIDWAY AIRPORT, IL US",12.2,2.2,2023-11-19,12.2,0.68
7385,USW00014819,"CHICAGO MIDWAY AIRPORT, IL US",10,6.1,2023-11-20,9.75,3.92
7386,USW00014819,"CHICAGO MIDWAY AIRPORT, IL US",7.8,2.8,2023-11-21,6.83,3.01
7387,USW00014819,"CHICAGO MIDWAY AIRPORT, IL US",8.3,0.6,2023-11-22,7.64,0.86
7388,USW00014819,"CHICAGO MIDWAY AIRPORT, IL US",8.9,1.1,2023-11-23,8.66,0.09
7389,USW00014819,"CHICAGO MIDWAY AIRPORT, IL US",2.8,-1.6,2023-11-24,2.27,-2.12
7390,USW00014819,"CHICAGO MIDWAY AIRPORT, IL US",3.9,-1.6,2023-11-25,3.6,-2.88
7391,USW00014819,"CHICAGO MIDWAY AIRPORT, IL US",1.7,-1.6,2023-11-26,0.96,-2.48
7392,USW00014819,"CHICAGO MIDWAY AIRPORT, IL US",-1,-7.1,2023-11-27,-1.97,-6.88
7393,USW00014819,"CHICAGO MIDWAY AIRPORT, IL US",-3.2,-8.8,2023-11-28,-3.74,-9.55
7394,USW00014819,"CHICAGO MIDWAY AIRPORT, IL US",5.6,-6,2023-11-29,5.18,-7.45
7395,USW00014819,"CHICAGO MIDWAY AIRPORT, IL US",12.8,0,2023-11-30,11.77,-1.62
7396,USW00014819,"CHICAGO MIDWAY AIRPORT, IL US",7.8,6.1,2023-12-01,6.88,4.05
7397,USW00014819,"CHICAGO MIDWAY AIRPORT, IL US",7.8,5,2023-12-02,6.61,4.12
7398,USW00014819,"CHICAGO MIDWAY AIRPORT, IL US",5.6,3.3,2023-12-03,4.84,2.9
7399,USW00014819,"CHICAGO MIDWAY AIRPORT, IL US",5.6,1.1,2023-12-04,4.87,0.97
7400,USW00014819,"CHICAGO MIDWAY AIRPORT, IL US",5.6,0.6,2023-12-05,4.86,0.13
7401,USW00014819,"CHICAGO MIDWAY AIRPORT, IL US",5,0,2023-12-06,4.3,-0.08
7402,USW00014819,"CHICAGO MIDWAY AIRPORT, IL US",11.7,2.8,2023-12-07,11.18,1.73
7403,USW00014819,"CHICAGO MIDWAY AIRPORT, IL US",13.3,7.2,2023-12-08,13,5.36
7404,USW00014819,"CHICAGO MIDWAY AIRPORT, IL US",13.9,2.2,2023-12-09,12.89,3.02
7405,USW00014819,"CHICAGO MIDWAY AIRPORT, IL US",2.2,0,2023-12-10,1.83,-0.63
7406,USW00014819,"CHICAGO MIDWAY AIRPORT, IL US",2.8,-1.6,2023-12-11,2.36,-2.19
7407,USW00014819,"CHICAGO MIDWAY AIRPORT, IL US",4.4,-2.1,2023-12-12,3.91,-2.37
7408,USW00014819,"CHICAGO MIDWAY AIRPORT, IL US",5.6,-4.9,2023-12-13,5.51,-5.28
7409,USW00014819,"CHICAGO MIDWAY AIRPORT, IL US",11.1,-0.5,2023-12-14,10.78,-2.43
7410,USW00014819,"CHICAGO MIDWAY AIRPORT, IL US",12.2,2.2,2023-12-15,12.19,0.63
7411,USW00014819,"CHICAGO MIDWAY AIRPORT, IL US",9.4,5.6,2023-12-16,7.78,3.78
7412,USW00014819,"CHICAGO MIDWAY AIRPORT, IL US",7.2,2.8,2023-12-17,6.61,2.77
7413,USW00014819,"CHICAGO MIDWAY AIRPORT, IL US",2.8,-5.5,2023-12-18,2,-4.3
7414,USW00014819,"CHICAGO MIDWAY AIRPORT, IL US",1.1,-7.7,2023-12-19,0.55,-8.23
7415,USW00014819,"CHICAGO MIDWAY AIRPORT, IL US",6.1,-0.5,2023-12-20,6.5,-2.93
7416,USW00014819,"CHICAGO MIDWAY AIRPORT, IL US",10,1.7,2023-12-21,8.35,0.39
7417,USW00014819,"CHICAGO MIDWAY AIRPORT, IL US",8.3,6.7,2023-12-22,7.8,4.8
7418,USW00014819,"CHICAGO MIDWAY AIRPORT, IL US",10.6,7.2,2023-12-23,9.69,6.03
7419,USW00014819,"CHICAGO MIDWAY AIRPORT, IL US",13.3,10,2023-12-24,12.22,8.23
7420,USW00014819,"CHICAGO MIDWAY AIRPORT, IL US",15.6,10.6,2023-12-25,14.3,9.04
7421,USW00014819,"CHICAGO MIDWAY AIRPORT, IL US",10.6,0.6,2023-12-26,8.59,1.11
7422,USW00014819,"CHICAGO MIDWAY AIRPORT, IL US",6.7,-0.5,2023-12-27,5.93,-1.07
7423,USW00014819,"CHICAGO MIDWAY AIRPORT, IL US",6.7,3.3,2023-12-28,5.68,1.6
7424,USW00014819,"CHICAGO MIDWAY AIRPORT, IL US",6.7,0,2023-12-29,5.35,0.4
7425,USW00014819,"CHICAGO MIDWAY AIRPORT, IL US",3.9,-1.6,2023-12-30,3.26,-2.17
7426,USW00014819,"CHICAGO MIDWAY AIRPORT, IL US",3.3,0,2023-12-31,2.37,-0.91
7427,USC00111550,"CHICAGO NORTHERLY ISLAND, IL US",1.7,-2.2,2024-01-01,1.26,-2.03
7428,USC00111550,"CHICAGO NORTHERLY ISLAND, IL US",3.9,-2.8,2024-01-02,3.92,-2.68
7429,USC00111550,"CHICAGO NORTHERLY ISLAND, IL US",2.2,-0.6,2024-01-03,2.53,-0.67
7430,USC00111550,"CHICAGO NORTHERLY ISLAND, IL US",2.2,-1.1,2024-01-04,2.43,-2.23
7431,USC00111550,"CHICAGO NORTHERLY ISLAND, IL US",2.8,-1.7,2024-01-05,2.9,-3.09
7432,USC00111550,"CHICAGO NORTHERLY ISLAND, IL US",1.7,-0.6,2024-01-06,1.6,-0.92
7433,USC00111550,"CHICAGO NORTHERLY ISLAND, IL US",1.1,0,2024-01-07,1.39,0.05
7434,USC00111550,"CHICAGO NORTHERLY ISLAND, IL US",2.2,-0.6,2024-01-08,2.59,-0.53
7435,USC00111550,"CHICAGO NORTHERLY ISLAND, IL US",2.8,0.6,2024-01-09,2.6,0.37
7436,USC00111550,"CHICAGO NORTHERLY ISLAND, IL US",1.7,-1.1,2024-01-10,1.54,-0.74
7437,USC00111550,"CHICAGO NORTHERLY ISLAND, IL US",1.7,-1.7,2024-01-11,1.72,-2.09
7438,USC00111550,"CHICAGO NORTHERLY ISLAND, IL US",3.3,-0.6,2024-01-12,2.97,-1.08
7439,USC00111550,"CHICAGO NORTHERLY ISLAND, IL US",0.6,-16.7,2024-01-13,-0.13,-14.07
7440,USC00111550,"CHICAGO NORTHERLY ISLAND, IL US",-16.1,-22.8,2024-01-14,-17.05,-22.98
7441,USC00111550,"CHICAGO NORTHERLY ISLAND, IL US",-15,-22.8,2024-01-15,-15.4,-23.39
7442,USC00111550,"CHICAGO NORTHERLY ISLAND, IL US",-15.6,-20.6,2024-01-16,-15.35,-21.27
7443,USC00111550,"CHICAGO NORTHERLY ISLAND, IL US",-5.6,-15.6,2024-01-17,-5.96,-16.86
7444,USC00111550,"CHICAGO NORTHERLY ISLAND, IL US",-3.9,-10.6,2024-01-18,-3.14,-11.08
7445,USC00111550,"CHICAGO NORTHERLY ISLAND, IL US",-8.9,-13.3,2024-01-19,-9.01,-13.41
7446,USC00111550,"CHICAGO NORTHERLY ISLAND, IL US",-6.1,-13.9,2024-01-20,-6.5,-14.9
7447,USC00111550,"CHICAGO NORTHERLY ISLAND, IL US",-5.6,-14.4,2024-01-21,-5.58,-17.54
7448,USC00111550,"CHICAGO NORTHERLY ISLAND, IL US",0.6,-5.6,2024-01-22,1.18,-8.37
7449,USC00111550,"CHICAGO NORTHERLY ISLAND, IL US",2.8,0,2024-01-23,3.17,-0.22
7450,USC00111550,"CHICAGO NORTHERLY ISLAND, IL US",3.3,0,2024-01-24,3.81,0.66
7451,USC00111550,"CHICAGO NORTHERLY ISLAND, IL US",3.9,1.7,2024-01-25,4.27,2.13
7452,USC00111550,"CHICAGO NORTHERLY ISLAND, IL US",4.4,1.7,2024-01-26,4.62,2.58
7453,USC00111550,"CHICAGO NORTHERLY ISLAND, IL US",3.9,1.1,2024-01-27,4.75,2.04
7454,USC00111550,"CHICAGO NORTHERLY ISLAND, IL US",3.3,1.1,2024-01-28,3.91,1.27
7455,USC00111550,"CHICAGO NORTHERLY ISLAND, IL US",4.4,-1.1,2024-01-29,4.38,-0.75
7456,USC00111550,"CHICAGO NORTHERLY ISLAND, IL US",3.9,2.2,2024-01-30,4.48,2
7457,USC00111550,"CHICAGO NORTHERLY ISLAND, IL US",3.9,2.8,2024-01-31,4.23,2.58
7458,USC00111550,"CHICAGO NORTHERLY ISLAND, IL US",10.6,2.2,2024-02-01,12.12,1.39
7459,USC00111550,"CHICAGO NORTHERLY ISLAND, IL US",3.9,-0.6,2024-02-02,4.8,-0.59
7460,USC00111550,"CHICAGO NORTHERLY ISLAND, IL US",1.7,-1.1,2024-02-03,3.7,-1.7
7461,USC00111550,"CHICAGO NORTHERLY ISLAND, IL US",4.4,0,2024-02-04,6.52,-1.44
7462,USC00111550,"CHICAGO NORTHERLY ISLAND, IL US",4.4,0,2024-02-05,5.03,-0.27
7463,USC00111550,"CHICAGO NORTHERLY ISLAND, IL US",3.3,-0.6,2024-02-06,6.01,-0.6
7464,USC00111550,"CHICAGO NORTHERLY ISLAND, IL US",7.8,0,2024-02-07,8.57,-1.17
7465,USC00111550,"CHICAGO NORTHERLY ISLAND, IL US",14.4,6.7,2024-02-08,15.35,5.74
7466,USC00111550,"CHICAGO NORTHERLY ISLAND, IL US",13.3,3.9,2024-02-09,14.14,3.4
7467,USC00111550,"CHICAGO NORTHERLY ISLAND, IL US",5.6,0.6,2024-02-10,5.63,-0.82
7468,USC00111550,"CHICAGO NORTHERLY ISLAND, IL US",2.8,-1.1,2024-02-11,4.58,-3.08
7469,USC00111550,"CHICAGO NORTHERLY ISLAND, IL US",7.2,-1.7,2024-02-12,7.55,-4.19
7470,USC00111550,"CHICAGO NORTHERLY ISLAND, IL US",4.4,0.6,2024-02-13,4.72,-1.82
7471,USC00111550,"CHICAGO NORTHERLY ISLAND, IL US",5.6,-1.1,2024-02-14,7.73,-3.88
7472,USC00111550,"CHICAGO NORTHERLY ISLAND, IL US",6.7,0,2024-02-15,6.79,-0.98
7473,USC00111550,"CHICAGO NORTHERLY ISLAND, IL US",0,-6.1,2024-02-16,0.05,-5.97
7474,USC00111550,"CHICAGO NORTHERLY ISLAND, IL US",-1.7,-10,2024-02-17,-1.48,-10.07
7475,USC00111550,"CHICAGO NORTHERLY ISLAND, IL US",7.2,-4.4,2024-02-18,7.76,-5.66
7476,USC00111550,"CHICAGO NORTHERLY ISLAND, IL US",6.1,-2.2,2024-02-19,9.3,-4.54
7477,USC00111550,"CHICAGO NORTHERLY ISLAND, IL US",13.9,0,2024-02-20,14.16,-2.01
7478,USC00111550,"CHICAGO NORTHERLY ISLAND, IL US",18.3,5.6,2024-02-21,18.5,5.51
7479,USC00111550,"CHICAGO NORTHERLY ISLAND, IL US",10.6,3.9,2024-02-22,13.31,5.31
7480,USC00111550,"CHICAGO NORTHERLY ISLAND, IL US",10,-2.8,2024-02-23,9.77,-1.61
7481,USC00111550,"CHICAGO NORTHERLY ISLAND, IL US",0.6,-4.4,2024-02-24,1.42,-5
7482,USC00111550,"CHICAGO NORTHERLY ISLAND, IL US",15,0,2024-02-25,15.84,-1.1
7483,USC00111550,"CHICAGO NORTHERLY ISLAND, IL US",21.1,4.4,2024-02-26,21.42,3.01
7484,USC00111550,"CHICAGO NORTHERLY ISLAND, IL US",21.7,9.4,2024-02-27,22.91,9.45
7485,USC00111550,"CHICAGO NORTHERLY ISLAND, IL US",12.2,-6.1,2024-02-28,9.82,-5.44
7486,USC00111550,"CHICAGO NORTHERLY ISLAND, IL US",6.7,-5.6,2024-02-29,7.16,-6.61
7487,USC00111550,"CHICAGO NORTHERLY ISLAND, IL US",7.8,0.6,2024-03-01,8.03,-0.84
7488,USC00111550,"CHICAGO NORTHERLY ISLAND, IL US",15,2.8,2024-03-02,15.2,1.85
7489,USC00111550,"CHICAGO NORTHERLY ISLAND, IL US",22.2,5.6,2024-03-03,22.48,5.74
7490,USC00111550,"CHICAGO NORTHERLY ISLAND, IL US",21.1,4.4,2024-03-04,21.78,6.21
7491,USC00111550,"CHICAGO NORTHERLY ISLAND, IL US",5,3.3,2024-03-05,6.85,3.93
7492,USC00111550,"CHICAGO NORTHERLY ISLAND, IL US",6.1,3.3,2024-03-06,8,3.35
7493,USC00111550,"CHICAGO NORTHERLY ISLAND, IL US",6.1,2.8,2024-03-07,8.77,2.25
7494,USC00111550,"CHICAGO NORTHERLY ISLAND, IL US",5.6,3.9,2024-03-08,8.02,4.13
7495,USC00111550,"CHICAGO NORTHERLY ISLAND, IL US",7.2,2.2,2024-03-09,7.61,1.4
7496,USC00111550,"CHICAGO NORTHERLY ISLAND, IL US",21.1,10,2024-03-12,21.76,8.12
7497,USC00111550,"CHICAGO NORTHERLY ISLAND, IL US",15,7.2,2024-03-13,18.54,7.79
7498,USC00111550,"CHICAGO NORTHERLY ISLAND, IL US",17.2,4.4,2024-03-14,17.49,5
7499,USC00111550,"CHICAGO NORTHERLY ISLAND, IL US",6.7,2.8,2024-03-15,8.65,2.43
7500,USC00111550,"CHICAGO NORTHERLY ISLAND, IL US",13.9,5,2024-03-16,14.95,3.35
7501,USC00111550,"CHICAGO NORTHERLY ISLAND, IL US",6.1,-1.1,2024-03-17,5.59,-1
7502,USC00111550,"CHICAGO NORTHERLY ISLAND, IL US",2.2,-3.3,2024-03-18,2.43,-3.38
7503,USC00111550,"CHICAGO NORTHERLY ISLAND, IL US",13.9,-1.1,2024-03-19,14.38,-1.52
7504,USC00111550,"CHICAGO NORTHERLY ISLAND, IL US",6.7,-1.1,2024-03-20,5.95,-1.53
7505,USC00111550,"CHICAGO NORTHERLY ISLAND, IL US",2.2,-1.7,2024-03-21,3.64,-3.41
7506,USC00111550,"CHICAGO NORTHERLY ISLAND, IL US",2.8,-1.1,2024-03-22,4.41,-1.19
7507,USC00111550,"CHICAGO NORTHERLY ISLAND, IL US",14.4,0.6,2024-03-26,14.36,1.93
7508,USC00111550,"CHICAGO NORTHERLY ISLAND, IL US",5.6,-1.7,2024-03-27,6.2,-1.27
7509,USC00111550,"CHICAGO NORTHERLY ISLAND, IL US",10,0,2024-03-28,10.67,-1.53
7510,USC00111550,"CHICAGO NORTHERLY ISLAND, IL US",6.7,2.8,2024-03-29,10.16,0.38
7511,USC00111550,"CHICAGO NORTHERLY ISLAND, IL US",11.1,3.9,2024-03-30,14.95,3.85
7512,USC00111550,"CHICAGO NORTHERLY ISLAND, IL US",6.7,3.3,2024-03-31,9.22,3.36
7513,USC00111550,"CHICAGO NORTHERLY ISLAND, IL US",7.2,4.4,2024-04-01,9.36,5.24
7514,USC00111550,"CHICAGO NORTHERLY ISLAND, IL US",14.4,2.2,2024-04-02,12.75,2.72
7515,USC00111550,"CHICAGO NORTHERLY ISLAND, IL US",3.9,1.1,2024-04-03,4.19,1.06
7516,USC00111550,"CHICAGO NORTHERLY ISLAND, IL US",5.6,2.2,2024-04-04,5.91,2.41
7517,USC00111550,"CHICAGO NORTHERLY ISLAND, IL US",7.2,3.3,2024-04-05,8.52,2.43
7518,USC00111550,"CHICAGO NORTHERLY ISLAND, IL US",7.8,3.3,2024-04-06,9.76,1.24
7519,USC00111550,"CHICAGO NORTHERLY ISLAND, IL US",7.8,3.9,2024-04-07,10.14,3.51
7520,USC00111550,"CHICAGO NORTHERLY ISLAND, IL US",22.2,7.2,2024-04-08,22.37,7.35
7521,USC00111550,"CHICAGO NORTHERLY ISLAND, IL US",17.2,11.7,2024-04-09,18.03,10
7522,USC00111550,"CHICAGO NORTHERLY ISLAND, IL US",13.9,8.9,2024-04-10,17.77,6.34
7523,USC00111550,"CHICAGO NORTHERLY ISLAND, IL US",12.2,7.8,2024-04-11,13.06,8.79
7524,USC00111550,"CHICAGO NORTHERLY ISLAND, IL US",16.7,7.8,2024-04-12,17.32,7.62
7525,USC00111550,"CHICAGO NORTHERLY ISLAND, IL US",21.1,8.9,2024-04-13,21.36,6.32
7526,USC00111550,"CHICAGO NORTHERLY ISLAND, IL US",23.9,10,2024-04-14,25.67,11.37
7527,USC00111550,"CHICAGO NORTHERLY ISLAND, IL US",16.7,8.3,2024-04-15,21.41,8.72
7528,USC00111550,"CHICAGO NORTHERLY ISLAND, IL US",22.2,8.3,2024-04-16,24.93,10.11
7529,USC00111550,"CHICAGO NORTHERLY ISLAND, IL US",20,12.8,2024-04-17,20.62,12.56
7530,USC00111550,"CHICAGO NORTHERLY ISLAND, IL US",12.8,7.8,2024-04-18,14.58,7.63
7531,USC00111550,"CHICAGO NORTHERLY ISLAND, IL US",13.3,6.1,2024-04-19,13.81,5.79
7532,USC00111550,"CHICAGO NORTHERLY ISLAND, IL US",7.2,2.8,2024-04-20,7.97,2.62
7533,USC00111550,"CHICAGO NORTHERLY ISLAND, IL US",12.2,2.8,2024-04-21,13.66,2.21
7534,USC00111550,"CHICAGO NORTHERLY ISLAND, IL US",18.9,7.2,2024-04-22,19.44,5.13
7535,USC00111550,"CHICAGO NORTHERLY ISLAND, IL US",16.1,4.4,2024-04-23,17.18,5.62
7536,USC00111550,"CHICAGO NORTHERLY ISLAND, IL US",6.1,2.2,2024-04-24,6.96,1.63
7537,USC00111550,"CHICAGO NORTHERLY ISLAND, IL US",10,2.8,2024-04-25,12.57,0.42
7538,USC00111550,"CHICAGO NORTHERLY ISLAND, IL US",17.2,6.7,2024-04-26,17.43,5.52
7539,USC00111550,"CHICAGO NORTHERLY ISLAND, IL US",25,12.2,2024-04-27,25.68,13.32
7540,USC00111550,"CHICAGO NORTHERLY ISLAND, IL US",23.9,11.7,2024-04-28,24.1,14.03
7541,USC00111550,"CHICAGO NORTHERLY ISLAND, IL US",21.1,13.9,2024-04-29,21.07,12.94
7542,USC00111550,"CHICAGO NORTHERLY ISLAND, IL US",21.1,11.1,2024-04-30,22.88,9.36
7543,USC00111550,"CHICAGO NORTHERLY ISLAND, IL US",23.9,12.8,2024-05-01,24.69,13.09
7544,USC00111550,"CHICAGO NORTHERLY ISLAND, IL US",20,10.6,2024-05-02,25.28,11.43
7545,USC00111550,"CHICAGO NORTHERLY ISLAND, IL US",16.7,10,2024-05-03,18.79,10.68
7546,USC00111550,"CHICAGO NORTHERLY ISLAND, IL US",20,10.6,2024-05-04,25.27,9.35
7547,USC00111550,"CHICAGO NORTHERLY ISLAND, IL US",15.6,9.4,2024-05-05,16.31,9.62
7548,USC00111550,"CHICAGO NORTHERLY ISLAND, IL US",17.2,10,2024-05-06,20.59,8.81
7549,USC00111550,"CHICAGO NORTHERLY ISLAND, IL US",23.3,12.8,2024-05-07,24.23,13.31
7550,USC00111550,"CHICAGO NORTHERLY ISLAND, IL US",20.6,12.8,2024-05-08,24.14,11.39
7551,USC00111550,"CHICAGO NORTHERLY ISLAND, IL US",15,10.6,2024-05-09,16.36,10.07
7552,USC00111550,"CHICAGO NORTHERLY ISLAND, IL US",19.4,9.4,2024-05-10,20.02,8.61
7553,USC00111550,"CHICAGO NORTHERLY ISLAND, IL US",18.3,11.7,2024-05-11,19.57,10.3
7554,USC00111550,"CHICAGO NORTHERLY ISLAND, IL US",28.3,11.7,2024-05-12,28.54,9.46
7555,USC00111550,"CHICAGO NORTHERLY ISLAND, IL US",26.7,12.8,2024-05-13,27.49,14.69
7556,USC00111550,"CHICAGO NORTHERLY ISLAND, IL US",13.3,10.6,2024-05-14,15.46,11.4
7557,USC00111550,"CHICAGO NORTHERLY ISLAND, IL US",16.7,11.1,2024-05-15,18.24,11.03
7558,USC00111550,"CHICAGO NORTHERLY ISLAND, IL US",23.9,11.1,2024-05-16,24.12,10.36
7559,USC00111550,"CHICAGO NORTHERLY ISLAND, IL US",23.3,14.4,2024-05-17,25.29,14.6
7560,USC00111550,"CHICAGO NORTHERLY ISLAND, IL US",28.9,14.4,2024-05-18,29.61,14.57
7561,USC00111550,"CHICAGO NORTHERLY ISLAND, IL US",23.3,14.4,2024-05-19,23.71,15.79
7562,USC00111550,"CHICAGO NORTHERLY ISLAND, IL US",28.3,15,2024-05-20,28.84,15.17
7563,USC00111550,"CHICAGO NORTHERLY ISLAND, IL US",31.1,15,2024-05-21,31.69,15.73
7564,USC00111550,"CHICAGO NORTHERLY ISLAND, IL US",26.7,17.2,2024-05-22,26.52,16.86
7565,USC00111550,"CHICAGO NORTHERLY ISLAND, IL US",22.8,16.7,2024-05-23,25.32,13.87
7566,USC00111550,"CHICAGO NORTHERLY ISLAND, IL US",23.3,16.7,2024-05-24,25.14,16.57
7567,USC00111550,"CHICAGO NORTHERLY ISLAND, IL US",20,13.9,2024-05-25,21.77,13.75
7568,USC00111550,"CHICAGO NORTHERLY ISLAND, IL US",22.2,13.9,2024-05-26,22.59,13.52
7569,USC00111550,"CHICAGO NORTHERLY ISLAND, IL US",22.2,14.4,2024-05-27,22.61,14.25
7570,USC00111550,"CHICAGO NORTHERLY ISLAND, IL US",18.3,12.2,2024-05-28,21.27,12.59
7571,USC00111550,"CHICAGO NORTHERLY ISLAND, IL US",16.7,11.7,2024-05-29,18.89,10.71
7572,USC00111550,"CHICAGO NORTHERLY ISLAND, IL US",17.2,11.7,2024-05-30,19.36,8.86
7573,USC00111550,"CHICAGO NORTHERLY ISLAND, IL US",21.7,12.2,2024-05-31,25.06,10.25
7574,USC00111550,"CHICAGO NORTHERLY ISLAND, IL US",19.4,14.4,2024-06-01,20.04,14.6
7575,USC00111550,"CHICAGO NORTHERLY ISLAND, IL US",19.4,13.9,2024-06-02,22.21,14.32
7576,USC00111550,"CHICAGO NORTHERLY ISLAND, IL US",29.4,14.4,2024-06-03,30.29,14.03
7577,USC00111550,"CHICAGO NORTHERLY ISLAND, IL US",25,18.9,2024-06-04,28.78,19.97
7578,USC00111550,"CHICAGO NORTHERLY ISLAND, IL US",26.1,20,2024-06-05,26.66,19.99
7579,USC00111550,"CHICAGO NORTHERLY ISLAND, IL US",25,18.9,2024-06-06,25.9,18.05
7580,USC00111550,"CHICAGO NORTHERLY ISLAND, IL US",24.4,15.6,2024-06-07,25.41,14.97
7581,USC00111550,"CHICAGO NORTHERLY ISLAND, IL US",24.4,13.3,2024-06-08,25.26,12.84
7582,USC00111550,"CHICAGO NORTHERLY ISLAND, IL US",26.1,13.3,2024-06-09,26.92,12.78
7583,USC00111550,"CHICAGO NORTHERLY ISLAND, IL US",17.2,11.7,2024-06-10,18.62,11.83
7584,USC00111550,"CHICAGO NORTHERLY ISLAND, IL US",21.7,11.7,2024-06-11,24.33,9.56
7585,USC00111550,"CHICAGO NORTHERLY ISLAND, IL US",31.1,20,2024-06-12,32.31,18.03
7586,USC00111550,"CHICAGO NORTHERLY ISLAND, IL US",31.1,19.4,2024-06-13,32.24,20.89
7587,USC00111550,"CHICAGO NORTHERLY ISLAND, IL US",23.9,16.7,2024-06-14,27.58,16.91
7588,USC00111550,"CHICAGO NORTHERLY ISLAND, IL US",25,16.7,2024-06-15,28.13,15.37
7589,USC00111550,"CHICAGO NORTHERLY ISLAND, IL US",33.9,18.3,2024-06-16,34.57,19.66
7590,USC00111550,"CHICAGO NORTHERLY ISLAND, IL US",34.4,22.8,2024-06-17,35.08,23.77
7591,USC00111550,"CHICAGO NORTHERLY ISLAND, IL US",32.8,25,2024-06-18,33.76,25.28
7592,USC00111550,"CHICAGO NORTHERLY ISLAND, IL US",33.3,21.7,2024-06-19,34.11,23.46
7593,USC00111550,"CHICAGO NORTHERLY ISLAND, IL US",22.2,17.2,2024-06-20,27.44,18.5
7594,USC00111550,"CHICAGO NORTHERLY ISLAND, IL US",32.2,17.8,2024-06-21,33.75,18.8
7595,USC00111550,"CHICAGO NORTHERLY ISLAND, IL US",32.8,18.3,2024-06-22,33.45,20.18
7596,USC00111550,"CHICAGO NORTHERLY ISLAND, IL US",25.6,18.9,2024-06-23,26.52,20.04
7597,USC00111550,"CHICAGO NORTHERLY ISLAND, IL US",26.7,20,2024-06-24,29.03,18.3
7598,USC00111550,"CHICAGO NORTHERLY ISLAND, IL US",28.9,21.1,2024-06-25,29.34,21.52
7599,USC00111550,"CHICAGO NORTHERLY ISLAND, IL US",29.4,17.8,2024-06-26,29.86,18.51
7600,USC00111550,"CHICAGO NORTHERLY ISLAND, IL US",20,16.7,2024-06-27,21.44,16.49
7601,USC00111550,"CHICAGO NORTHERLY ISLAND, IL US",23.3,18.3,2024-06-28,23.99,18.02
7602,USC00111550,"CHICAGO NORTHERLY ISLAND, IL US",31.1,20.6,2024-06-29,31.5,21.22
7603,USC00111550,"CHICAGO NORTHERLY ISLAND, IL US",22.2,16.1,2024-06-30,21.73,15.46
7604,USC00111550,"CHICAGO NORTHERLY ISLAND, IL US",20.6,16.1,2024-07-01,22.17,13.35
7605,USC00111550,"CHICAGO NORTHERLY ISLAND, IL US",28.3,18.3,2024-07-02,28.87,17.77
7606,USC00111550,"CHICAGO NORTHERLY ISLAND, IL US",28.3,22.2,2024-07-03,30.7,22.06
7607,USC00111550,"CHICAGO NORTHERLY ISLAND, IL US",26.1,20.6,2024-07-04,27.54,20.38
7608,USC00111550,"CHICAGO NORTHERLY ISLAND, IL US",27.8,19.4,2024-07-05,28.55,19.39
7609,USC00111550,"CHICAGO NORTHERLY ISLAND, IL US",23.9,18.3,2024-07-06,25.91,17.74
7610,USC00111550,"CHICAGO NORTHERLY ISLAND, IL US",30,18.9,2024-07-07,30.58,18.07
7611,USC00111550,"CHICAGO NORTHERLY ISLAND, IL US",29.4,20,2024-07-08,30.29,20.54
7612,USC00111550,"CHICAGO NORTHERLY ISLAND, IL US",24.4,19.4,2024-07-09,26,20.12
7613,USC00111550,"CHICAGO NORTHERLY ISLAND, IL US",25,18.9,2024-07-10,26.71,18.8
7614,USC00111550,"CHICAGO NORTHERLY ISLAND, IL US",23.3,19.4,2024-07-11,25.5,18.73
7615,USC00111550,"CHICAGO NORTHERLY ISLAND, IL US",25,19.4,2024-07-12,27.56,18.3
7616,USC00111550,"CHICAGO NORTHERLY ISLAND, IL US",32.2,19.4,2024-07-13,32.42,19.27
7617,USC00111550,"CHICAGO NORTHERLY ISLAND, IL US",31.1,19.4,2024-07-14,30.47,19.78
7618,USC00111550,"CHICAGO NORTHERLY ISLAND, IL US",31.7,20.6,2024-07-15,32.19,20.56
7619,USC00111550,"CHICAGO NORTHERLY ISLAND, IL US",29.4,20.6,2024-07-16,29.79,20.73
7620,USC00111550,"CHICAGO NORTHERLY ISLAND, IL US",26.1,20,2024-07-17,27.08,19.59
7621,USC00111550,"CHICAGO NORTHERLY ISLAND, IL US",22.2,18.3,2024-07-18,23,17.06
7622,USC00111550,"CHICAGO NORTHERLY ISLAND, IL US",23.9,17.8,2024-07-19,25.53,15.35
7623,USC00111550,"CHICAGO NORTHERLY ISLAND, IL US",25,20,2024-07-20,26.27,17.1
7624,USC00111550,"CHICAGO NORTHERLY ISLAND, IL US",26.1,20,2024-07-21,27.74,18.13
7625,USC00111550,"CHICAGO NORTHERLY ISLAND, IL US",25,20,2024-07-22,27.09,18.6
7626,USC00111550,"CHICAGO NORTHERLY ISLAND, IL US",29.4,19.4,2024-07-23,29.67,18.53
7627,USC00111550,"CHICAGO NORTHERLY ISLAND, IL US",23.9,20,2024-07-24,24.36,19
7628,USC00111550,"CHICAGO NORTHERLY ISLAND, IL US",22.8,19.4,2024-07-25,24.27,17.18
7629,USC00111550,"CHICAGO NORTHERLY ISLAND, IL US",24.4,18.9,2024-07-26,26.06,15.22
7630,USC00111550,"CHICAGO NORTHERLY ISLAND, IL US",26.1,18.9,2024-07-27,28.5,17.72
7631,USC00111550,"CHICAGO NORTHERLY ISLAND, IL US",28.3,21.1,2024-07-28,28.64,20.07
7632,USC00111550,"CHICAGO NORTHERLY ISLAND, IL US",27.8,22.2,2024-07-29,28.41,21.79
7633,USC00111550,"CHICAGO NORTHERLY ISLAND, IL US",27.8,21.7,2024-07-30,31.08,20.81
7634,USC00111550,"CHICAGO NORTHERLY ISLAND, IL US",32.2,23.3,2024-07-31,32.99,22.07
7635,USC00111550,"CHICAGO NORTHERLY ISLAND, IL US",28.3,21.1,2024-08-01,30.35,21.05
7636,USC00111550,"CHICAGO NORTHERLY ISLAND, IL US",27.2,21.1,2024-08-02,28.64,20.72
7637,USC00111550,"CHICAGO NORTHERLY ISLAND, IL US",27.2,23.3,2024-08-03,30.5,21.76
7638,USC00111550,"CHICAGO NORTHERLY ISLAND, IL US",29.4,22.2,2024-08-04,31.47,21.08
7639,USC00111550,"CHICAGO NORTHERLY ISLAND, IL US",31.1,22.2,2024-08-05,31.83,22.6
7640,USC00111550,"CHICAGO NORTHERLY ISLAND, IL US",25.6,20.6,2024-08-06,25.63,20.19
7641,USC00111550,"CHICAGO NORTHERLY ISLAND, IL US",24.4,20,2024-08-07,24.97,18.61
7642,USC00111550,"CHICAGO NORTHERLY ISLAND, IL US",26.7,20,2024-08-08,28,17.37
7643,USC00111550,"CHICAGO NORTHERLY ISLAND, IL US",22.8,17.2,2024-08-09,23.01,16.4
7644,USC00111550,"CHICAGO NORTHERLY ISLAND, IL US",23.9,15.6,2024-08-10,24.18,13.89
7645,USC00111550,"CHICAGO NORTHERLY ISLAND, IL US",27.2,16.7,2024-08-11,26.38,14.63
7646,USC00111550,"CHICAGO NORTHERLY ISLAND, IL US",26.7,18.9,2024-08-12,27.07,15.81
7647,USC00111550,"CHICAGO NORTHERLY ISLAND, IL US",26.7,20,2024-08-13,28.47,17.17
7648,USC00111550,"CHICAGO NORTHERLY ISLAND, IL US",26.1,20.6,2024-08-14,28.35,17.88
7649,USC00111550,"CHICAGO NORTHERLY ISLAND, IL US",23.3,19.4,2024-08-15,24.07,19.59
7650,USC00111550,"CHICAGO NORTHERLY ISLAND, IL US",30,19.4,2024-08-16,30.56,19.73
7651,USC00111550,"CHICAGO NORTHERLY ISLAND, IL US",25,21.1,2024-08-17,26.97,20.8
7652,USC00111550,"CHICAGO NORTHERLY ISLAND, IL US",24.4,20.6,2024-08-18,25.18,20.21
7653,USC00111550,"CHICAGO NORTHERLY ISLAND, IL US",23.9,18.9,2024-08-19,24.17,17.99
7654,USC00111550,"CHICAGO NORTHERLY ISLAND, IL US",21.7,17.2,2024-08-20,21.97,14.52
7655,USC00111550,"CHICAGO NORTHERLY ISLAND, IL US",22.2,16.1,2024-08-21,23.15,13.09
7656,USC00111550,"CHICAGO NORTHERLY ISLAND, IL US",23.9,16.1,2024-08-22,25.65,12.75
7657,USC00111550,"CHICAGO NORTHERLY ISLAND, IL US",26.1,17.2,2024-08-23,27.39,14.65
7658,USC00111550,"CHICAGO NORTHERLY ISLAND, IL US",27.2,18.9,2024-08-24,30.72,16.51
7659,USC00111550,"CHICAGO NORTHERLY ISLAND, IL US",32.8,23.9,2024-08-25,33.25,22.07
7660,USC00111550,"CHICAGO NORTHERLY ISLAND, IL US",34.4,25,2024-08-26,34.69,24.59
7661,USC00111550,"CHICAGO NORTHERLY ISLAND, IL US",35,21.1,2024-08-27,36.09,22.53
7662,USC00111550,"CHICAGO NORTHERLY ISLAND, IL US",28.9,21.7,2024-08-28,29.29,21.84
7663,USC00111550,"CHICAGO NORTHERLY ISLAND, IL US",25,21.1,2024-08-29,27.98,21.54
7664,USC00111550,"CHICAGO NORTHERLY ISLAND, IL US",27.8,22.2,2024-08-30,29.29,21.66
7665,USC00111550,"CHICAGO NORTHERLY ISLAND, IL US",25.6,19.4,2024-08-31,27.87,17.64
7666,USC00111550,"CHICAGO NORTHERLY ISLAND, IL US",23.9,19.4,2024-09-01,24.3,17.29
7667,USC00111550,"CHICAGO NORTHERLY ISLAND, IL US",21.7,18.3,2024-09-02,22.93,14.8
7668,USC00111550,"CHICAGO NORTHERLY ISLAND, IL US",22.8,15.6,2024-09-03,24.46,13.77
7669,USC00111550,"CHICAGO NORTHERLY ISLAND, IL US",24.4,16.1,2024-09-04,27.37,13.85
7670,USC00111550,"CHICAGO NORTHERLY ISLAND, IL US",30,19.4,2024-09-05,30.54,17.45
7671,USC00111550,"CHICAGO NORTHERLY ISLAND, IL US",22.2,15,2024-09-06,21.86,14.89
7672,USC00111550,"CHICAGO NORTHERLY ISLAND, IL US",18.3,10.6,2024-09-07,18.54,10.04
7673,USC00111550,"CHICAGO NORTHERLY ISLAND, IL US",22.2,12.2,2024-09-08,22.46,9.43
7674,USC00111550,"CHICAGO NORTHERLY ISLAND, IL US",26.7,15,2024-09-09,27.24,13.38
7675,USC00111550,"CHICAGO NORTHERLY ISLAND, IL US",27.8,17.2,2024-09-10,27.99,13.95
7676,USC00111550,"CHICAGO NORTHERLY ISLAND, IL US",25.6,18.3,2024-09-11,29.14,14.64
7677,USC00111550,"CHICAGO NORTHERLY ISLAND, IL US",26.1,18.3,2024-09-12,28.91,16.72
7678,USC00111550,"CHICAGO NORTHERLY ISLAND, IL US",25.6,20,2024-09-13,28.23,18.5
7679,USC00111550,"CHICAGO NORTHERLY ISLAND, IL US",26.7,20.6,2024-09-14,29.46,19.3
7680,USC00111550,"CHICAGO NORTHERLY ISLAND, IL US",26.7,20.6,2024-09-15,30.29,18.96
7681,USC00111550,"CHICAGO NORTHERLY ISLAND, IL US",27.2,18.9,2024-09-16,30.52,17.75
7682,USC00111550,"CHICAGO NORTHERLY ISLAND, IL US",25.6,17.8,2024-09-17,27.58,15.76
7683,USC00111550,"CHICAGO NORTHERLY ISLAND, IL US",27.2,17.8,2024-09-18,29.41,15.73
7684,USC00111550,"CHICAGO NORTHERLY ISLAND, IL US",26.1,18.9,2024-09-19,30.11,16.61
7685,USC00111550,"CHICAGO NORTHERLY ISLAND, IL US",29.4,21.7,2024-09-20,31.35,19.71
7686,USC00111550,"CHICAGO NORTHERLY ISLAND, IL US",27.2,19.4,2024-09-21,31.42,16.9
7687,USC00111550,"CHICAGO NORTHERLY ISLAND, IL US",25.6,18.3,2024-09-22,24.15,17.99
7688,USC00111550,"CHICAGO NORTHERLY ISLAND, IL US",19.4,17.2,2024-09-23,19.32,16.2
7689,USC00111550,"CHICAGO NORTHERLY ISLAND, IL US",19.4,16.7,2024-09-24,20.12,16.69
7690,USC00111550,"CHICAGO NORTHERLY ISLAND, IL US",22.8,15.6,2024-09-25,24.13,14.55
7691,USC00111550,"CHICAGO NORTHERLY ISLAND, IL US",22.8,16.1,2024-09-26,24.08,13.38
7692,USC00111550,"CHICAGO NORTHERLY ISLAND, IL US",21.7,19.4,2024-09-27,22.42,18.02
7693,USC00111550,"CHICAGO NORTHERLY ISLAND, IL US",21.1,18.3,2024-09-28,21.84,18.15
7694,USC00111550,"CHICAGO NORTHERLY ISLAND, IL US",22.2,18.9,2024-09-29,23.14,19.17
7695,USC00111550,"CHICAGO NORTHERLY ISLAND, IL US",22.8,18.9,2024-09-30,24.57,17.14
7696,USC00111550,"CHICAGO NORTHERLY ISLAND, IL US",20.6,15.6,2024-10-01,20.75,14.1
7697,USC00111550,"CHICAGO NORTHERLY ISLAND, IL US",21.7,12.8,2024-10-02,22.24,9.46
7698,USC00111550,"CHICAGO NORTHERLY ISLAND, IL US",23.3,13.3,2024-10-03,25.07,10.95
7699,USC00111550,"CHICAGO NORTHERLY ISLAND, IL US",21.1,16.7,2024-10-04,21.51,14.31
7700,USC00111550,"CHICAGO NORTHERLY ISLAND, IL US",28.9,16.7,2024-10-05,29.05,14.55
7701,USC00111550,"CHICAGO NORTHERLY ISLAND, IL US",23.3,14.4,2024-10-06,24.22,13.64
7702,USC00111550,"CHICAGO NORTHERLY ISLAND, IL US",17.8,12.2,2024-10-07,19.27,10.02
7703,USC00111550,"CHICAGO NORTHERLY ISLAND, IL US",22.8,12.8,2024-10-08,23.18,9.12
7704,USC00111550,"CHICAGO NORTHERLY ISLAND, IL US",18.9,11.7,2024-10-09,20.47,9.71
7705,USC00111550,"CHICAGO NORTHERLY ISLAND, IL US",18.9,14.4,2024-10-10,21.4,11.13
7706,USC00111550,"CHICAGO NORTHERLY ISLAND, IL US",27.8,13.9,2024-10-11,28.57,11.23
7707,USC00111550,"CHICAGO NORTHERLY ISLAND, IL US",18.9,15,2024-10-12,20.55,14.69
7708,USC00111550,"CHICAGO NORTHERLY ISLAND, IL US",18.9,10,2024-10-13,19.61,10.3
7709,USC00111550,"CHICAGO NORTHERLY ISLAND, IL US",12.8,7.2,2024-10-14,13.64,6.68
7710,USC00111550,"CHICAGO NORTHERLY ISLAND, IL US",10,5.6,2024-10-15,10.57,5.55
7711,USC00111550,"CHICAGO NORTHERLY ISLAND, IL US",12.8,5,2024-10-16,13.67,3.68
7712,USC00111550,"CHICAGO NORTHERLY ISLAND, IL US",18.3,5.6,2024-10-17,18.27,2.95
7713,USC00111550,"CHICAGO NORTHERLY ISLAND, IL US",20.6,8.3,2024-10-18,20.82,5.56
7714,USC00111550,"CHICAGO NORTHERLY ISLAND, IL US",21.7,10,2024-10-19,22.24,6.44
7715,USC00111550,"CHICAGO NORTHERLY ISLAND, IL US",25,11.7,2024-10-20,25.78,9.76
7716,USC00111550,"CHICAGO NORTHERLY ISLAND, IL US",27.2,13.3,2024-10-21,27.67,11.66
7717,USC00111550,"CHICAGO NORTHERLY ISLAND, IL US",23.3,12.8,2024-10-22,23.73,11.7
7718,USC00111550,"CHICAGO NORTHERLY ISLAND, IL US",17.8,10.6,2024-10-23,18.09,8.33
7719,USC00111550,"CHICAGO NORTHERLY ISLAND, IL US",18.3,9.4,2024-10-24,18.46,5.37
7720,USC00111550,"CHICAGO NORTHERLY ISLAND, IL US",17.8,9.4,2024-10-25,18.75,8.06
7721,USC00111550,"CHICAGO NORTHERLY ISLAND, IL US",13.3,9.4,2024-10-26,14.35,6.72
7722,USC00111550,"CHICAGO NORTHERLY ISLAND, IL US",14.4,6.7,2024-10-27,15.12,3.34
7723,USC00111550,"CHICAGO NORTHERLY ISLAND, IL US",19.4,8.3,2024-10-28,19.89,5.72
7724,USC00111550,"CHICAGO NORTHERLY ISLAND, IL US",27.2,18.9,2024-10-29,27.9,17.07
7725,USC00111550,"CHICAGO NORTHERLY ISLAND, IL US",26.1,20,2024-10-30,26.71,20.22
7726,USC00111550,"CHICAGO NORTHERLY ISLAND, IL US",21.7,6.7,2024-10-31,21.51,8.27
7727,USC00111550,"CHICAGO NORTHERLY ISLAND, IL US",9.4,5,2024-11-01,11.13,4.14
7728,USC00111550,"CHICAGO NORTHERLY ISLAND, IL US",13.3,5,2024-11-02,14.39,3.13
7729,USC00111550,"CHICAGO NORTHERLY ISLAND, IL US",17.8,10.6,2024-11-03,18.19,9.01
7730,USC00111550,"CHICAGO NORTHERLY ISLAND, IL US",20,16.7,2024-11-04,20.22,16.36
7731,USC00111550,"CHICAGO NORTHERLY ISLAND, IL US",19.4,16.1,2024-11-05,19.52,15.81
7732,USC00111550,"CHICAGO NORTHERLY ISLAND, IL US",16.1,10,2024-11-06,15.45,10.33
7733,USC00111550,"CHICAGO NORTHERLY ISLAND, IL US",13.9,7.8,2024-11-07,14.89,7.03
7734,USC00111550,"CHICAGO NORTHERLY ISLAND, IL US",17.2,7.8,2024-11-08,17.16,6.3
7735,USC00111550,"CHICAGO NORTHERLY ISLAND, IL US",11.7,8.9,2024-11-09,12.62,8.05
7736,USC00111550,"CHICAGO NORTHERLY ISLAND, IL US",17.2,8.9,2024-11-10,17.52,9.04
7737,USC00111550,"CHICAGO NORTHERLY ISLAND, IL US",14.4,6.7,2024-11-11,14.93,7.26
7738,USC00111550,"CHICAGO NORTHERLY ISLAND, IL US",9.4,6.7,2024-11-12,10.27,5.26
7739,USC00111550,"CHICAGO NORTHERLY ISLAND, IL US",11.1,6.1,2024-11-13,11.56,4.72
7740,USC00111550,"CHICAGO NORTHERLY ISLAND, IL US",12.2,8.9,2024-11-14,12.43,8.76
7741,USC00111550,"CHICAGO NORTHERLY ISLAND, IL US",11.1,8.9,2024-11-15,11.9,7.26
7742,USC00111550,"CHICAGO NORTHERLY ISLAND, IL US",11.1,7.8,2024-11-16,11.53,6.66
7743,USC00111550,"CHICAGO NORTHERLY ISLAND, IL US",15,7.8,2024-11-17,15.2,7.64
7744,USC00111550,"CHICAGO NORTHERLY ISLAND, IL US",13.3,10,2024-11-18,14.95,8.72
7745,USC00111550,"CHICAGO NORTHERLY ISLAND, IL US",17.8,9.4,2024-11-19,17.78,8.88
7746,USC00111550,"CHICAGO NORTHERLY ISLAND, IL US",9.4,0.6,2024-11-20,9.86,1.3
7747,USC00111550,"CHICAGO NORTHERLY ISLAND, IL US",6.7,-1.7,2024-11-21,5.49,-1.14
7748,USC00111550,"CHICAGO NORTHERLY ISLAND, IL US",8.3,3.3,2024-11-22,8.55,2.08
7749,USC00111550,"CHICAGO NORTHERLY ISLAND, IL US",6.1,2.8,2024-11-23,6.55,3.12
7750,USC00111550,"CHICAGO NORTHERLY ISLAND, IL US",11.7,2.8,2024-11-24,11.33,2.96
7751,USC00111550,"CHICAGO NORTHERLY ISLAND, IL US",11.7,2.8,2024-11-25,12.12,2.91
7752,USC00111550,"CHICAGO NORTHERLY ISLAND, IL US",4.4,-2.8,2024-11-26,4.62,-2.67
7753,USC00111550,"CHICAGO NORTHERLY ISLAND, IL US",6.1,2.2,2024-11-27,6.57,1.01
7754,USC00111550,"CHICAGO NORTHERLY ISLAND, IL US",3.9,-2.2,2024-11-28,3.17,-2.11
7755,USC00111550,"CHICAGO NORTHERLY ISLAND, IL US",-1.7,-6.7,2024-11-29,-1.95,-6.67
7756,USC00111550,"CHICAGO NORTHERLY ISLAND, IL US",-3.3,-9.4,2024-11-30,-3.11,-9.68
7757,USC00111550,"CHICAGO NORTHERLY ISLAND, IL US",-2.2,-9.4,2024-12-01,-1.98,-9.71
7758,USC00111550,"CHICAGO NORTHERLY ISLAND, IL US",-2.8,-8.3,2024-12-02,-2.45,-8.83
7759,USC00111550,"CHICAGO NORTHERLY ISLAND, IL US",-0.6,-6.1,2024-12-03,0.03,-7.04
7760,USC00111550,"CHICAGO NORTHERLY ISLAND, IL US",3.9,-7.8,2024-12-04,4.19,-7.46
7761,USC00111550,"CHICAGO NORTHERLY ISLAND, IL US",-1.7,-10.6,2024-12-05,-1.2,-10.23
7762,USC00111550,"CHICAGO NORTHERLY ISLAND, IL US",0,-8.9,2024-12-06,0.33,-9.33
7763,USC00111550,"CHICAGO NORTHERLY ISLAND, IL US",9.4,-3.9,2024-12-07,9.96,-4.97
7764,USC00111550,"CHICAGO NORTHERLY ISLAND, IL US",13.3,5,2024-12-08,13.53,3.09
7765,USC00111550,"CHICAGO NORTHERLY ISLAND, IL US",12.2,6.7,2024-12-09,12.55,6.11
7766,USC00111550,"CHICAGO NORTHERLY ISLAND, IL US",7.2,-1.1,2024-12-10,6.05,-0.54
7767,USC00111550,"CHICAGO NORTHERLY ISLAND, IL US",0,-11.1,2024-12-11,0.54,-9.42
7768,USC00111550,"CHICAGO NORTHERLY ISLAND, IL US",-8.9,-15,2024-12-12,-8.84,-14.85
7769,USC00111550,"CHICAGO NORTHERLY ISLAND, IL US",-2.8,-11.1,2024-12-13,-2.08,-12.96
7770,USC00111550,"CHICAGO NORTHERLY ISLAND, IL US",2.2,-3.3,2024-12-14,3.99,-4.63
7771,USC00111550,"CHICAGO NORTHERLY ISLAND, IL US",7.2,1.7,2024-12-15,7.81,2.63
7772,USC00111550,"CHICAGO NORTHERLY ISLAND, IL US",11.7,2.8,2024-12-16,11.96,3.17
7773,USC00111550,"CHICAGO NORTHERLY ISLAND, IL US",3.3,1.1,2024-12-17,4.03,0.75
7774,USC00111550,"CHICAGO NORTHERLY ISLAND, IL US",2.8,-3.3,2024-12-18,2.73,-2.7
7775,USC00111550,"CHICAGO NORTHERLY ISLAND, IL US",0.6,-3.3,2024-12-19,1.02,-2.98
7776,USC00111550,"CHICAGO NORTHERLY ISLAND, IL US",1.7,-3.3,2024-12-20,1.89,-3.91
7777,USC00111550,"CHICAGO NORTHERLY ISLAND, IL US",-2.8,-6.1,2024-12-21,-1.96,-7.64
7778,USC00111550,"CHICAGO NORTHERLY ISLAND, IL US",0.6,-5.6,2024-12-22,0.82,-9.04
7779,USC00111550,"CHICAGO NORTHERLY ISLAND, IL US",5,0,2024-12-23,4.7,-0.7
7780,USC00111550,"CHICAGO NORTHERLY ISLAND, IL US",2.8,0.6,2024-12-24,3.51,0.3
7781,USC00111550,"CHICAGO NORTHERLY ISLAND, IL US",2.2,0,2024-12-25,3.58,0.03
7782,USC00111550,"CHICAGO NORTHERLY ISLAND, IL US",7.8,1.7,2024-12-26,8.88,2.86
7783,USC00111550,"CHICAGO NORTHERLY ISLAND, IL US",11.1,3.3,2024-12-27,11.73,6.15
7784,USC00111550,"CHICAGO NORTHERLY ISLAND, IL US",11.1,3.3,2024-12-28,11.57,5.43
7785,USC00111550,"CHICAGO NORTHERLY ISLAND, IL US",6.1,2.2,2024-12-29,7.76,3.15
7786,USC00111550,"CHICAGO NORTHERLY ISLAND, IL US",5.6,0.6,2024-12-30,6.15,0.85
7787,USC00111550,"CHICAGO NORTHERLY ISLAND, IL US",3.9,1.1,2024-12-30,6.15,0.85
7788,USW00094846,"CHICAGO OHARE INTERNATIONAL AIRPORT, IL US",0,-2.7,2024-01-01,0.28,-2.3
7789,USW00094846,"CHICAGO OHARE INTERNATIONAL AIRPORT, IL US",3.9,-3.2,2024-01-02,3.23,-3.4
7790,USW00094846,"CHICAGO OHARE INTERNATIONAL AIRPORT, IL US",2.2,-0.5,2024-01-03,2.09,-1.54
7791,USW00094846,"CHICAGO OHARE INTERNATIONAL AIRPORT, IL US",2.8,-4.3,2024-01-04,2.26,-3.02
7792,USW00094846,"CHICAGO OHARE INTERNATIONAL AIRPORT, IL US",2.8,-3.2,2024-01-05,2.65,-3.82
7793,USW00094846,"CHICAGO OHARE INTERNATIONAL AIRPORT, IL US",1.1,-0.5,2024-01-06,1.03,-1.7
7794,USW00094846,"CHICAGO OHARE INTERNATIONAL AIRPORT, IL US",1.1,-0.5,2024-01-07,1.01,-0.64
7795,USW00094846,"CHICAGO OHARE INTERNATIONAL AIRPORT, IL US",2.2,-1,2024-01-08,2.35,-1.28
7796,USW00094846,"CHICAGO OHARE INTERNATIONAL AIRPORT, IL US",2.2,0.6,2024-01-09,1.96,0
7797,USW00094846,"CHICAGO OHARE INTERNATIONAL AIRPORT, IL US",1.1,-1,2024-01-10,1.02,-0.96
7798,USW00094846,"CHICAGO OHARE INTERNATIONAL AIRPORT, IL US",1.1,-2.7,2024-01-11,1.17,-3.01
7799,USW00094846,"CHICAGO OHARE INTERNATIONAL AIRPORT, IL US",2.2,-1,2024-01-12,2.12,-2.33
7800,USW00094846,"CHICAGO OHARE INTERNATIONAL AIRPORT, IL US",0.6,-17.1,2024-01-13,-0.84,-13.03
7801,USW00094846,"CHICAGO OHARE INTERNATIONAL AIRPORT, IL US",-16,-23.2,2024-01-14,-17.56,-23.36
7802,USW00094846,"CHICAGO OHARE INTERNATIONAL AIRPORT, IL US",-16.6,-23.2,2024-01-15,-16.72,-23.98
7803,USW00094846,"CHICAGO OHARE INTERNATIONAL AIRPORT, IL US",-16,-21.6,2024-01-16,-15.85,-22.14
7804,USW00094846,"CHICAGO OHARE INTERNATIONAL AIRPORT, IL US",-6.6,-16.6,2024-01-17,-6.84,-18.3
7805,USW00094846,"CHICAGO OHARE INTERNATIONAL AIRPORT, IL US",-2.1,-11,2024-01-18,-3.64,-12.47
7806,USW00094846,"CHICAGO OHARE INTERNATIONAL AIRPORT, IL US",-9.9,-14.9,2024-01-19,-10.09,-14.5
7807,USW00094846,"CHICAGO OHARE INTERNATIONAL AIRPORT, IL US",-7.7,-15.5,2024-01-20,-7.71,-15.87
7808,USW00094846,"CHICAGO OHARE INTERNATIONAL AIRPORT, IL US",-6,-17.1,2024-01-21,-5.23,-18.39
7809,USW00094846,"CHICAGO OHARE INTERNATIONAL AIRPORT, IL US",1.1,-6,2024-01-22,0.81,-9.83
7810,USW00094846,"CHICAGO OHARE INTERNATIONAL AIRPORT, IL US",2.8,0.6,2024-01-23,2.47,-0.83
7811,USW00094846,"CHICAGO OHARE INTERNATIONAL AIRPORT, IL US",3.3,1.1,2024-01-24,3.5,0.48
7812,USW00094846,"CHICAGO OHARE INTERNATIONAL AIRPORT, IL US",3.3,1.7,2024-01-25,3.85,1.65
7813,USW00094846,"CHICAGO OHARE INTERNATIONAL AIRPORT, IL US",4.4,2.8,2024-01-26,4.3,2.19
7814,USW00094846,"CHICAGO OHARE INTERNATIONAL AIRPORT, IL US",5,2.2,2024-01-27,4.33,1.62
7815,USW00094846,"CHICAGO OHARE INTERNATIONAL AIRPORT, IL US",3.9,0.6,2024-01-28,3.56,0.91
7816,USW00094846,"CHICAGO OHARE INTERNATIONAL AIRPORT, IL US",3.9,-1,2024-01-29,3.85,-1.18
7817,USW00094846,"CHICAGO OHARE INTERNATIONAL AIRPORT, IL US",5,2.8,2024-01-30,4.55,1.13
7818,USW00094846,"CHICAGO OHARE INTERNATIONAL AIRPORT, IL US",3.3,2.2,2024-01-31,3.49,2.01
7819,USW00094846,"CHICAGO OHARE INTERNATIONAL AIRPORT, IL US",12.8,1.7,2024-02-01,11.95,0.87
7820,USW00094846,"CHICAGO OHARE INTERNATIONAL AIRPORT, IL US",5.6,-0.5,2024-02-02,4.76,-0.61
7821,USW00094846,"CHICAGO OHARE INTERNATIONAL AIRPORT, IL US",5.6,-1.6,2024-02-03,4.65,-2.24
7822,USW00094846,"CHICAGO OHARE INTERNATIONAL AIRPORT, IL US",7.8,-1.6,2024-02-04,7.56,-1.72
7823,USW00094846,"CHICAGO OHARE INTERNATIONAL AIRPORT, IL US",5,-1,2024-02-05,5.79,-1.31
7824,USW00094846,"CHICAGO OHARE INTERNATIONAL AIRPORT, IL US",8.9,-1,2024-02-06,6.38,-1.02
7825,USW00094846,"CHICAGO OHARE INTERNATIONAL AIRPORT, IL US",9.4,-1,2024-02-07,8.37,-1.84
7826,USW00094846,"CHICAGO OHARE INTERNATIONAL AIRPORT, IL US",15,6.1,2024-02-08,14.49,3.57
7827,USW00094846,"CHICAGO OHARE INTERNATIONAL AIRPORT, IL US",13.3,2.2,2024-02-09,13.26,3.02
7828,USW00094846,"CHICAGO OHARE INTERNATIONAL AIRPORT, IL US",5.6,-1,2024-02-10,5.32,-0.99
7829,USW00094846,"CHICAGO OHARE INTERNATIONAL AIRPORT, IL US",5,-3.8,2024-02-11,4.24,-3.71
7830,USW00094846,"CHICAGO OHARE INTERNATIONAL AIRPORT, IL US",7.8,-3.8,2024-02-12,7.53,-5
7831,USW00094846,"CHICAGO OHARE INTERNATIONAL AIRPORT, IL US",4.4,-1.6,2024-02-13,4.38,-2.72
7832,USW00094846,"CHICAGO OHARE INTERNATIONAL AIRPORT, IL US",8.3,-3.2,2024-02-14,7.83,-4.6
7833,USW00094846,"CHICAGO OHARE INTERNATIONAL AIRPORT, IL US",6.7,-1,2024-02-15,6.42,-2.4
7834,USW00094846,"CHICAGO OHARE INTERNATIONAL AIRPORT, IL US",0.6,-7.7,2024-02-16,-0.17,-6.09
7835,USW00094846,"CHICAGO OHARE INTERNATIONAL AIRPORT, IL US",-1.6,-10.5,2024-02-17,-1.36,-10.89
7836,USW00094846,"CHICAGO OHARE INTERNATIONAL AIRPORT, IL US",7.8,-4.3,2024-02-18,7.65,-6.46
7837,USW00094846,"CHICAGO OHARE INTERNATIONAL AIRPORT, IL US",10,-4.9,2024-02-19,9.63,-5.34
7838,USW00094846,"CHICAGO OHARE INTERNATIONAL AIRPORT, IL US",13.9,-1.6,2024-02-20,13.72,-3.16
7839,USW00094846,"CHICAGO OHARE INTERNATIONAL AIRPORT, IL US",17.2,7.2,2024-02-21,17.49,3.83
7840,USW00094846,"CHICAGO OHARE INTERNATIONAL AIRPORT, IL US",16.1,5.6,2024-02-22,15.06,5.11
7841,USW00094846,"CHICAGO OHARE INTERNATIONAL AIRPORT, IL US",11.1,-2.1,2024-02-23,10.57,-1.5
7842,USW00094846,"CHICAGO OHARE INTERNATIONAL AIRPORT, IL US",1.7,-6.6,2024-02-24,1.68,-6.16
7843,USW00094846,"CHICAGO OHARE INTERNATIONAL AIRPORT, IL US",16.1,0,2024-02-25,15.74,-2.22
7844,USW00094846,"CHICAGO OHARE INTERNATIONAL AIRPORT, IL US",21.7,2.8,2024-02-26,20.96,2.25
7845,USW00094846,"CHICAGO OHARE INTERNATIONAL AIRPORT, IL US",23.3,11.1,2024-02-27,23.15,8.32
7846,USW00094846,"CHICAGO OHARE INTERNATIONAL AIRPORT, IL US",11.7,-6.6,2024-02-28,8.32,-6.13
7847,USW00094846,"CHICAGO OHARE INTERNATIONAL AIRPORT, IL US",7.2,-6.6,2024-02-29,6.88,-7.98
7848,USW00094846,"CHICAGO OHARE INTERNATIONAL AIRPORT, IL US",7.8,-0.5,2024-03-01,8.03,-2.54
7849,USW00094846,"CHICAGO OHARE INTERNATIONAL AIRPORT, IL US",15.6,1.7,2024-03-02,14.82,0.8
7850,USW00094846,"CHICAGO OHARE INTERNATIONAL AIRPORT, IL US",22.8,6.1,2024-03-03,22.14,5.12
7851,USW00094846,"CHICAGO OHARE INTERNATIONAL AIRPORT, IL US",22.2,6.7,2024-03-04,21.57,6.21
7852,USW00094846,"CHICAGO OHARE INTERNATIONAL AIRPORT, IL US",7.2,4.4,2024-03-05,7.47,4.23
7853,USW00094846,"CHICAGO OHARE INTERNATIONAL AIRPORT, IL US",8.3,2.8,2024-03-06,9.01,2.99
7854,USW00094846,"CHICAGO OHARE INTERNATIONAL AIRPORT, IL US",10.6,2.2,2024-03-07,9.13,1.87
7855,USW00094846,"CHICAGO OHARE INTERNATIONAL AIRPORT, IL US",7.8,3.9,2024-03-08,7.03,3.77
7856,USW00094846,"CHICAGO OHARE INTERNATIONAL AIRPORT, IL US",7.2,0.6,2024-03-09,7.26,1.19
7857,USW00094846,"CHICAGO OHARE INTERNATIONAL AIRPORT, IL US",8.3,-1,2024-03-10,8.33,-1.53
7858,USW00094846,"CHICAGO OHARE INTERNATIONAL AIRPORT, IL US",19.4,0.6,2024-03-11,19.15,-1.02
7859,USW00094846,"CHICAGO OHARE INTERNATIONAL AIRPORT, IL US",21.7,8.3,2024-03-12,21.53,6.38
7860,USW00094846,"CHICAGO OHARE INTERNATIONAL AIRPORT, IL US",20.6,8.9,2024-03-13,19.25,6.96
7861,USW00094846,"CHICAGO OHARE INTERNATIONAL AIRPORT, IL US",17.8,4.4,2024-03-14,16.49,4.93
7862,USW00094846,"CHICAGO OHARE INTERNATIONAL AIRPORT, IL US",12.2,2.8,2024-03-15,10.88,2.39
7863,USW00094846,"CHICAGO OHARE INTERNATIONAL AIRPORT, IL US",14.4,4.4,2024-03-16,14.3,3.17
7864,USW00094846,"CHICAGO OHARE INTERNATIONAL AIRPORT, IL US",5,-1.6,2024-03-17,5.25,-1.13
7865,USW00094846,"CHICAGO OHARE INTERNATIONAL AIRPORT, IL US",2.8,-4.3,2024-03-18,2.57,-4.28
7866,USW00094846,"CHICAGO OHARE INTERNATIONAL AIRPORT, IL US",14.4,-1.6,2024-03-19,14.07,-2.43
7867,USW00094846,"CHICAGO OHARE INTERNATIONAL AIRPORT, IL US",6.7,-1.6,2024-03-20,5.87,-1.77
7868,USW00094846,"CHICAGO OHARE INTERNATIONAL AIRPORT, IL US",5,-2.7,2024-03-21,4.08,-3.77
7869,USW00094846,"CHICAGO OHARE INTERNATIONAL AIRPORT, IL US",3.9,-0.5,2024-03-22,3.27,-1.66
7870,USW00094846,"CHICAGO OHARE INTERNATIONAL AIRPORT, IL US",3.3,-2.1,2024-03-23,3.54,-1.99
7871,USW00094846,"CHICAGO OHARE INTERNATIONAL AIRPORT, IL US",8.9,0.6,2024-03-24,8.76,-0.68
7872,USW00094846,"CHICAGO OHARE INTERNATIONAL AIRPORT, IL US",17.2,7.8,2024-03-25,16.15,4.61
7873,USW00094846,"CHICAGO OHARE INTERNATIONAL AIRPORT, IL US",12.8,0,2024-03-26,12.97,2.18
7874,USW00094846,"CHICAGO OHARE INTERNATIONAL AIRPORT, IL US",5.6,-1.6,2024-03-27,5.96,-2.01
7875,USW00094846,"CHICAGO OHARE INTERNATIONAL AIRPORT, IL US",10.6,-1.6,2024-03-28,10.19,-2.17
7876,USW00094846,"CHICAGO OHARE INTERNATIONAL AIRPORT, IL US",12.2,0,2024-03-29,11.11,-0.38
7877,USW00094846,"CHICAGO OHARE INTERNATIONAL AIRPORT, IL US",16.1,4.4,2024-03-30,14.9,3
7878,USW00094846,"CHICAGO OHARE INTERNATIONAL AIRPORT, IL US",12.2,3.3,2024-03-31,10.55,3.07
7879,USW00094846,"CHICAGO OHARE INTERNATIONAL AIRPORT, IL US",8.9,5.6,2024-04-01,8.97,4.66
7880,USW00094846,"CHICAGO OHARE INTERNATIONAL AIRPORT, IL US",7.2,2.2,2024-04-02,9.82,2.86
7881,USW00094846,"CHICAGO OHARE INTERNATIONAL AIRPORT, IL US",3.9,1.1,2024-04-03,3.72,0.94
7882,USW00094846,"CHICAGO OHARE INTERNATIONAL AIRPORT, IL US",7.2,2.2,2024-04-04,5.87,1.76
7883,USW00094846,"CHICAGO OHARE INTERNATIONAL AIRPORT, IL US",9.4,2.2,2024-04-05,9.05,1.59
7884,USW00094846,"CHICAGO OHARE INTERNATIONAL AIRPORT, IL US",11.7,0,2024-04-06,10.89,-0.27
7885,USW00094846,"CHICAGO OHARE INTERNATIONAL AIRPORT, IL US",10,3.9,2024-04-07,9.75,2.52
7886,USW00094846,"CHICAGO OHARE INTERNATIONAL AIRPORT, IL US",21.7,8.3,2024-04-08,21.44,6.7
7887,USW00094846,"CHICAGO OHARE INTERNATIONAL AIRPORT, IL US",17.2,9.4,2024-04-09,17.36,8.56
7888,USW00094846,"CHICAGO OHARE INTERNATIONAL AIRPORT, IL US",20.6,7.2,2024-04-10,19.15,5.81
7889,USW00094846,"CHICAGO OHARE INTERNATIONAL AIRPORT, IL US",15.6,9.4,2024-04-11,14.64,8.35
7890,USW00094846,"CHICAGO OHARE INTERNATIONAL AIRPORT, IL US",17.8,9.4,2024-04-12,17.58,7.97
7891,USW00094846,"CHICAGO OHARE INTERNATIONAL AIRPORT, IL US",21.7,6.7,2024-04-13,21.27,6.02
7892,USW00094846,"CHICAGO OHARE INTERNATIONAL AIRPORT, IL US",27.2,11.7,2024-04-14,26.68,10.17
7893,USW00094846,"CHICAGO OHARE INTERNATIONAL AIRPORT, IL US",24.4,8.9,2024-04-15,22.98,8.72
7894,USW00094846,"CHICAGO OHARE INTERNATIONAL AIRPORT, IL US",27.2,10.6,2024-04-16,24.78,9.81
7895,USW00094846,"CHICAGO OHARE INTERNATIONAL AIRPORT, IL US",20,11.7,2024-04-17,19.75,12
7896,USW00094846,"CHICAGO OHARE INTERNATIONAL AIRPORT, IL US",14.4,8.3,2024-04-18,14.3,7.25
7897,USW00094846,"CHICAGO OHARE INTERNATIONAL AIRPORT, IL US",13.3,5,2024-04-19,13.55,4.72
7898,USW00094846,"CHICAGO OHARE INTERNATIONAL AIRPORT, IL US",7.2,1.7,2024-04-20,7.64,1.54
7899,USW00094846,"CHICAGO OHARE INTERNATIONAL AIRPORT, IL US",14.4,0.6,2024-04-21,14,0.5
7900,USW00094846,"CHICAGO OHARE INTERNATIONAL AIRPORT, IL US",19.4,5,2024-04-22,19.16,3.7
7901,USW00094846,"CHICAGO OHARE INTERNATIONAL AIRPORT, IL US",17.8,5,2024-04-23,19.08,5.43
7902,USW00094846,"CHICAGO OHARE INTERNATIONAL AIRPORT, IL US",8.3,1.7,2024-04-24,9.09,1.69
7903,USW00094846,"CHICAGO OHARE INTERNATIONAL AIRPORT, IL US",14.4,0.6,2024-04-25,13.67,0.08
7904,USW00094846,"CHICAGO OHARE INTERNATIONAL AIRPORT, IL US",17.2,6.1,2024-04-26,17.08,5.11
7905,USW00094846,"CHICAGO OHARE INTERNATIONAL AIRPORT, IL US",26.1,15,2024-04-27,25.75,12.26
7906,USW00094846,"CHICAGO OHARE INTERNATIONAL AIRPORT, IL US",23.9,15,2024-04-28,23.19,14.26
7907,USW00094846,"CHICAGO OHARE INTERNATIONAL AIRPORT, IL US",21.1,12.2,2024-04-29,20.79,12.63
7908,USW00094846,"CHICAGO OHARE INTERNATIONAL AIRPORT, IL US",23.3,10,2024-04-30,23.06,8.69
7909,USW00094846,"CHICAGO OHARE INTERNATIONAL AIRPORT, IL US",23.9,14.4,2024-05-01,24.31,11.69
7910,USW00094846,"CHICAGO OHARE INTERNATIONAL AIRPORT, IL US",27.2,12.2,2024-05-02,25.07,11.43
7911,USW00094846,"CHICAGO OHARE INTERNATIONAL AIRPORT, IL US",20.6,11.7,2024-05-03,20.35,10.88
7912,USW00094846,"CHICAGO OHARE INTERNATIONAL AIRPORT, IL US",27.2,8.3,2024-05-04,25.7,8.4
7913,USW00094846,"CHICAGO OHARE INTERNATIONAL AIRPORT, IL US",17.8,10,2024-05-05,18.11,9.37
7914,USW00094846,"CHICAGO OHARE INTERNATIONAL AIRPORT, IL US",21.1,8.9,2024-05-06,20.57,8.67
7915,USW00094846,"CHICAGO OHARE INTERNATIONAL AIRPORT, IL US",23.9,14.4,2024-05-07,23.79,12.74
7916,USW00094846,"CHICAGO OHARE INTERNATIONAL AIRPORT, IL US",26.1,11.7,2024-05-08,25.06,10.77
7917,USW00094846,"CHICAGO OHARE INTERNATIONAL AIRPORT, IL US",17.2,9.4,2024-05-09,16.13,10.12
7918,USW00094846,"CHICAGO OHARE INTERNATIONAL AIRPORT, IL US",19.4,7.8,2024-05-10,19.66,7.92
7919,USW00094846,"CHICAGO OHARE INTERNATIONAL AIRPORT, IL US",21.1,10.6,2024-05-11,20.43,9.74
7920,USW00094846,"CHICAGO OHARE INTERNATIONAL AIRPORT, IL US",28.3,9.4,2024-05-12,28.12,9.16
7921,USW00094846,"CHICAGO OHARE INTERNATIONAL AIRPORT, IL US",27.2,16.7,2024-05-13,27.26,14.08
7922,USW00094846,"CHICAGO OHARE INTERNATIONAL AIRPORT, IL US",16.7,10.6,2024-05-14,16.18,10.74
7923,USW00094846,"CHICAGO OHARE INTERNATIONAL AIRPORT, IL US",19.4,11.1,2024-05-15,19.62,10.48
7924,USW00094846,"CHICAGO OHARE INTERNATIONAL AIRPORT, IL US",23.9,11.1,2024-05-16,23.69,10.11
7925,USW00094846,"CHICAGO OHARE INTERNATIONAL AIRPORT, IL US",27.2,15,2024-05-17,25.92,13.44
7926,USW00094846,"CHICAGO OHARE INTERNATIONAL AIRPORT, IL US",29.4,15,2024-05-18,29.14,14.07
7927,USW00094846,"CHICAGO OHARE INTERNATIONAL AIRPORT, IL US",24.4,16.7,2024-05-19,24.63,15.73
7928,USW00094846,"CHICAGO OHARE INTERNATIONAL AIRPORT, IL US",30,16.1,2024-05-20,27.87,14.92
7929,USW00094846,"CHICAGO OHARE INTERNATIONAL AIRPORT, IL US",31.7,16.1,2024-05-21,31.15,15.47
7930,USW00094846,"CHICAGO OHARE INTERNATIONAL AIRPORT, IL US",26.7,16.1,2024-05-22,25.95,16.14
7931,USW00094846,"CHICAGO OHARE INTERNATIONAL AIRPORT, IL US",27.2,14.4,2024-05-23,25.97,13.15
7932,USW00094846,"CHICAGO OHARE INTERNATIONAL AIRPORT, IL US",25,17.8,2024-05-24,24.48,15.59
7933,USW00094846,"CHICAGO OHARE INTERNATIONAL AIRPORT, IL US",24.4,13.3,2024-05-25,23.34,13
7934,USW00094846,"CHICAGO OHARE INTERNATIONAL AIRPORT, IL US",22.8,14.4,2024-05-26,22.03,13.29
7935,USW00094846,"CHICAGO OHARE INTERNATIONAL AIRPORT, IL US",23.3,14.4,2024-05-27,22.98,13.79
7936,USW00094846,"CHICAGO OHARE INTERNATIONAL AIRPORT, IL US",22.2,12.2,2024-05-28,21.86,12.26
7937,USW00094846,"CHICAGO OHARE INTERNATIONAL AIRPORT, IL US",21.1,9.4,2024-05-29,20.32,10.32
7938,USW00094846,"CHICAGO OHARE INTERNATIONAL AIRPORT, IL US",21.1,7.2,2024-05-30,20.62,7.68
7939,USW00094846,"CHICAGO OHARE INTERNATIONAL AIRPORT, IL US",26.1,10,2024-05-31,25.25,9.09
7940,USW00094846,"CHICAGO OHARE INTERNATIONAL AIRPORT, IL US",20,15.6,2024-06-01,19.55,14.13
7941,USW00094846,"CHICAGO OHARE INTERNATIONAL AIRPORT, IL US",25,15,2024-06-02,23.59,14.23
7942,USW00094846,"CHICAGO OHARE INTERNATIONAL AIRPORT, IL US",30,14.4,2024-06-03,29.61,13.95
7943,USW00094846,"CHICAGO OHARE INTERNATIONAL AIRPORT, IL US",29.4,20.6,2024-06-04,28.98,19.2
7944,USW00094846,"CHICAGO OHARE INTERNATIONAL AIRPORT, IL US",26.1,20.6,2024-06-05,26.51,19.91
7945,USW00094846,"CHICAGO OHARE INTERNATIONAL AIRPORT, IL US",25.6,17.8,2024-06-06,25.68,17.23
7946,USW00094846,"CHICAGO OHARE INTERNATIONAL AIRPORT, IL US",25.6,15,2024-06-07,25.49,14.32
7947,USW00094846,"CHICAGO OHARE INTERNATIONAL AIRPORT, IL US",25,12.8,2024-06-08,24.59,12.78
7948,USW00094846,"CHICAGO OHARE INTERNATIONAL AIRPORT, IL US",26.7,12.8,2024-06-09,26.61,12.24
7949,USW00094846,"CHICAGO OHARE INTERNATIONAL AIRPORT, IL US",20.6,11.7,2024-06-10,20.18,11.28
7950,USW00094846,"CHICAGO OHARE INTERNATIONAL AIRPORT, IL US",25.6,10,2024-06-11,24.75,9.17
7951,USW00094846,"CHICAGO OHARE INTERNATIONAL AIRPORT, IL US",32.8,18.9,2024-06-12,32.17,16.4
7952,USW00094846,"CHICAGO OHARE INTERNATIONAL AIRPORT, IL US",32.8,21.7,2024-06-13,32.01,20.52
7953,USW00094846,"CHICAGO OHARE INTERNATIONAL AIRPORT, IL US",30,15.6,2024-06-14,28.8,16.6
7954,USW00094846,"CHICAGO OHARE INTERNATIONAL AIRPORT, IL US",30,14.4,2024-06-15,28.6,14.77
7955,USW00094846,"CHICAGO OHARE INTERNATIONAL AIRPORT, IL US",35,21.7,2024-06-16,34.02,19.52
7956,USW00094846,"CHICAGO OHARE INTERNATIONAL AIRPORT, IL US",36.1,25,2024-06-17,34.88,23.21
7957,USW00094846,"CHICAGO OHARE INTERNATIONAL AIRPORT, IL US",34.4,25.6,2024-06-18,33.73,24.83
7958,USW00094846,"CHICAGO OHARE INTERNATIONAL AIRPORT, IL US",33.9,22.8,2024-06-19,33.73,23.35
7959,USW00094846,"CHICAGO OHARE INTERNATIONAL AIRPORT, IL US",29.4,17.8,2024-06-20,28.84,18.84
7960,USW00094846,"CHICAGO OHARE INTERNATIONAL AIRPORT, IL US",34.4,18.9,2024-06-21,33.12,18.54
7961,USW00094846,"CHICAGO OHARE INTERNATIONAL AIRPORT, IL US",33.9,20.6,2024-06-22,32.69,19.98
7962,USW00094846,"CHICAGO OHARE INTERNATIONAL AIRPORT, IL US",26.7,20.6,2024-06-23,26.38,20.08
7963,USW00094846,"CHICAGO OHARE INTERNATIONAL AIRPORT, IL US",31.1,18.3,2024-06-24,29.32,17.85
7964,USW00094846,"CHICAGO OHARE INTERNATIONAL AIRPORT, IL US",29.4,21.7,2024-06-25,29.17,21.22
7965,USW00094846,"CHICAGO OHARE INTERNATIONAL AIRPORT, IL US",30.6,17.8,2024-06-26,29.91,18.75
7966,USW00094846,"CHICAGO OHARE INTERNATIONAL AIRPORT, IL US",23.3,16.1,2024-06-27,22.27,15.61
7967,USW00094846,"CHICAGO OHARE INTERNATIONAL AIRPORT, IL US",23.3,18.3,2024-06-28,23.61,17.41
7968,USW00094846,"CHICAGO OHARE INTERNATIONAL AIRPORT, IL US",31.1,21.1,2024-06-29,30.63,20.07
7969,USW00094846,"CHICAGO OHARE INTERNATIONAL AIRPORT, IL US",21.7,15,2024-06-30,21.82,14.52
7970,USW00094846,"CHICAGO OHARE INTERNATIONAL AIRPORT, IL US",23.9,12.2,2024-07-01,22.62,12.47
7971,USW00094846,"CHICAGO OHARE INTERNATIONAL AIRPORT, IL US",29.4,19.4,2024-07-02,28.45,16.64
7972,USW00094846,"CHICAGO OHARE INTERNATIONAL AIRPORT, IL US",31.1,22.8,2024-07-03,30.56,20.99
7973,USW00094846,"CHICAGO OHARE INTERNATIONAL AIRPORT, IL US",28.9,20.6,2024-07-04,27.97,20.06
7974,USW00094846,"CHICAGO OHARE INTERNATIONAL AIRPORT, IL US",27.8,20,2024-07-05,27.68,19.56
7975,USW00094846,"CHICAGO OHARE INTERNATIONAL AIRPORT, IL US",28.3,17.8,2024-07-06,26.49,17.05
7976,USW00094846,"CHICAGO OHARE INTERNATIONAL AIRPORT, IL US",30.6,18.9,2024-07-07,29.82,17.8
7977,USW00094846,"CHICAGO OHARE INTERNATIONAL AIRPORT, IL US",30,20.6,2024-07-08,29.57,19.88
7978,USW00094846,"CHICAGO OHARE INTERNATIONAL AIRPORT, IL US",27.2,20.6,2024-07-09,26.51,19.98
7979,USW00094846,"CHICAGO OHARE INTERNATIONAL AIRPORT, IL US",28.9,18.9,2024-07-10,27.96,18.63
7980,USW00094846,"CHICAGO OHARE INTERNATIONAL AIRPORT, IL US",27.2,18.9,2024-07-11,26.49,18.57
7981,USW00094846,"CHICAGO OHARE INTERNATIONAL AIRPORT, IL US",30,17.8,2024-07-12,28.79,17.79
7982,USW00094846,"CHICAGO OHARE INTERNATIONAL AIRPORT, IL US",32.8,19.4,2024-07-13,32.02,18.72
7983,USW00094846,"CHICAGO OHARE INTERNATIONAL AIRPORT, IL US",31.1,19.4,2024-07-14,30.48,19.48
7984,USW00094846,"CHICAGO OHARE INTERNATIONAL AIRPORT, IL US",32.2,20.6,2024-07-15,31.93,19.91
7985,USW00094846,"CHICAGO OHARE INTERNATIONAL AIRPORT, IL US",29.4,20.6,2024-07-16,29.63,20.15
7986,USW00094846,"CHICAGO OHARE INTERNATIONAL AIRPORT, IL US",27.8,17.8,2024-07-17,27.56,18.65
7987,USW00094846,"CHICAGO OHARE INTERNATIONAL AIRPORT, IL US",23.9,16.1,2024-07-18,23.48,16.26
7988,USW00094846,"CHICAGO OHARE INTERNATIONAL AIRPORT, IL US",26.7,15.6,2024-07-19,25.93,15.1
7989,USW00094846,"CHICAGO OHARE INTERNATIONAL AIRPORT, IL US",27.2,17.2,2024-07-20,26.52,16.62
7990,USW00094846,"CHICAGO OHARE INTERNATIONAL AIRPORT, IL US",28.9,18.9,2024-07-21,27.98,17.93
7991,USW00094846,"CHICAGO OHARE INTERNATIONAL AIRPORT, IL US",28.9,18.3,2024-07-22,27.82,18.06
7992,USW00094846,"CHICAGO OHARE INTERNATIONAL AIRPORT, IL US",29.4,19.4,2024-07-23,29.05,18.4
7993,USW00094846,"CHICAGO OHARE INTERNATIONAL AIRPORT, IL US",23.9,19.4,2024-07-24,24.51,18.46
7994,USW00094846,"CHICAGO OHARE INTERNATIONAL AIRPORT, IL US",25.6,16.7,2024-07-25,25.08,16.72
7995,USW00094846,"CHICAGO OHARE INTERNATIONAL AIRPORT, IL US",27.2,16.1,2024-07-26,26.58,14.88
7996,USW00094846,"CHICAGO OHARE INTERNATIONAL AIRPORT, IL US",29.4,18.9,2024-07-27,28.65,16.88
7997,USW00094846,"CHICAGO OHARE INTERNATIONAL AIRPORT, IL US",29.4,21.1,2024-07-28,28.43,19.4
7998,USW00094846,"CHICAGO OHARE INTERNATIONAL AIRPORT, IL US",28.9,21.7,2024-07-29,27.76,21.35
7999,USW00094846,"CHICAGO OHARE INTERNATIONAL AIRPORT, IL US",32.2,21.1,2024-07-30,31.27,20.45
8000,USW00094846,"CHICAGO OHARE INTERNATIONAL AIRPORT, IL US",33.3,22.2,2024-07-31,32.71,21.25
8001,USW00094846,"CHICAGO OHARE INTERNATIONAL AIRPORT, IL US",31.1,20.6,2024-08-01,30.28,20.94
8002,USW00094846,"CHICAGO OHARE INTERNATIONAL AIRPORT, IL US",30.6,20.6,2024-08-02,29.88,20.31
8003,USW00094846,"CHICAGO OHARE INTERNATIONAL AIRPORT, IL US",32.8,22.8,2024-08-03,31.66,21.19
8004,USW00094846,"CHICAGO OHARE INTERNATIONAL AIRPORT, IL US",32.8,21.7,2024-08-04,31.3,20.84
8005,USW00094846,"CHICAGO OHARE INTERNATIONAL AIRPORT, IL US",32.8,23.3,2024-08-05,32,22.35
8006,USW00094846,"CHICAGO OHARE INTERNATIONAL AIRPORT, IL US",23.9,19.4,2024-08-06,24.21,19.62
8007,USW00094846,"CHICAGO OHARE INTERNATIONAL AIRPORT, IL US",25.6,17.8,2024-08-07,25.12,17.55
8008,USW00094846,"CHICAGO OHARE INTERNATIONAL AIRPORT, IL US",28.3,17.8,2024-08-08,27.73,16.34
8009,USW00094846,"CHICAGO OHARE INTERNATIONAL AIRPORT, IL US",22.2,15.6,2024-08-09,22.54,14.68
8010,USW00094846,"CHICAGO OHARE INTERNATIONAL AIRPORT, IL US",23.9,13.3,2024-08-10,23.69,13.03
8011,USW00094846,"CHICAGO OHARE INTERNATIONAL AIRPORT, IL US",26.7,14.4,2024-08-11,25.98,13.81
8012,USW00094846,"CHICAGO OHARE INTERNATIONAL AIRPORT, IL US",27.8,16.1,2024-08-12,26.96,14.93
8013,USW00094846,"CHICAGO OHARE INTERNATIONAL AIRPORT, IL US",30,17.8,2024-08-13,29.13,16.46
8014,USW00094846,"CHICAGO OHARE INTERNATIONAL AIRPORT, IL US",30,18.9,2024-08-14,28.93,17.28
8015,USW00094846,"CHICAGO OHARE INTERNATIONAL AIRPORT, IL US",24.4,19.4,2024-08-15,23.9,18.72
8016,USW00094846,"CHICAGO OHARE INTERNATIONAL AIRPORT, IL US",30.6,19.4,2024-08-16,30.03,19.39
8017,USW00094846,"CHICAGO OHARE INTERNATIONAL AIRPORT, IL US",28.9,20.6,2024-08-17,27.75,20.3
8018,USW00094846,"CHICAGO OHARE INTERNATIONAL AIRPORT, IL US",26.7,20,2024-08-18,25.77,19.42
8019,USW00094846,"CHICAGO OHARE INTERNATIONAL AIRPORT, IL US",25,17.2,2024-08-19,24.6,16.75
8020,USW00094846,"CHICAGO OHARE INTERNATIONAL AIRPORT, IL US",22.2,14.4,2024-08-20,22.52,14.44
8021,USW00094846,"CHICAGO OHARE INTERNATIONAL AIRPORT, IL US",24.4,13.3,2024-08-21,23.7,12.48
8022,USW00094846,"CHICAGO OHARE INTERNATIONAL AIRPORT, IL US",26.7,12.8,2024-08-22,25.6,11.59
8023,USW00094846,"CHICAGO OHARE INTERNATIONAL AIRPORT, IL US",27.8,15,2024-08-23,27.12,13.43
8024,USW00094846,"CHICAGO OHARE INTERNATIONAL AIRPORT, IL US",32.8,17.8,2024-08-24,31.08,15.58
8025,USW00094846,"CHICAGO OHARE INTERNATIONAL AIRPORT, IL US",33.9,23.3,2024-08-25,32.82,20.98
8026,USW00094846,"CHICAGO OHARE INTERNATIONAL AIRPORT, IL US",35.6,26.1,2024-08-26,34.53,23.94
8027,USW00094846,"CHICAGO OHARE INTERNATIONAL AIRPORT, IL US",37.2,23.3,2024-08-27,36.02,23.02
8028,USW00094846,"CHICAGO OHARE INTERNATIONAL AIRPORT, IL US",28.9,21.7,2024-08-28,29.02,21.39
8029,USW00094846,"CHICAGO OHARE INTERNATIONAL AIRPORT, IL US",31.1,21.7,2024-08-29,28.8,21.26
8030,USW00094846,"CHICAGO OHARE INTERNATIONAL AIRPORT, IL US",28.3,20.6,2024-08-30,28.14,20.6
8031,USW00094846,"CHICAGO OHARE INTERNATIONAL AIRPORT, IL US",28.9,16.7,2024-08-31,28.06,16.38
8032,USW00094846,"CHICAGO OHARE INTERNATIONAL AIRPORT, IL US",24.4,15.6,2024-09-01,24.57,16.27
8033,USW00094846,"CHICAGO OHARE INTERNATIONAL AIRPORT, IL US",24.4,14.4,2024-09-02,23.57,14.25
8034,USW00094846,"CHICAGO OHARE INTERNATIONAL AIRPORT, IL US",25.6,14.4,2024-09-03,24.57,12.85
8035,USW00094846,"CHICAGO OHARE INTERNATIONAL AIRPORT, IL US",28.9,14.4,2024-09-04,27.43,12.76
8036,USW00094846,"CHICAGO OHARE INTERNATIONAL AIRPORT, IL US",30.6,17.8,2024-09-05,30.08,15.79
8037,USW00094846,"CHICAGO OHARE INTERNATIONAL AIRPORT, IL US",21.1,12.2,2024-09-06,21.37,13.71
8038,USW00094846,"CHICAGO OHARE INTERNATIONAL AIRPORT, IL US",19.4,8.9,2024-09-07,18.59,8.89
8039,USW00094846,"CHICAGO OHARE INTERNATIONAL AIRPORT, IL US",22.2,9.4,2024-09-08,22.21,8.49
8040,USW00094846,"CHICAGO OHARE INTERNATIONAL AIRPORT, IL US",27.2,13.9,2024-09-09,26.99,12.04
8041,USW00094846,"CHICAGO OHARE INTERNATIONAL AIRPORT, IL US",27.8,14.4,2024-09-10,27.53,12.74
8042,USW00094846,"CHICAGO OHARE INTERNATIONAL AIRPORT, IL US",30.6,15,2024-09-11,29.52,13.76
8043,USW00094846,"CHICAGO OHARE INTERNATIONAL AIRPORT, IL US",30.6,17.2,2024-09-12,29.56,15.1
8044,USW00094846,"CHICAGO OHARE INTERNATIONAL AIRPORT, IL US",29.4,18.9,2024-09-13,28.4,17.25
8045,USW00094846,"CHICAGO OHARE INTERNATIONAL AIRPORT, IL US",31.1,19.4,2024-09-14,29.81,17.93
8046,USW00094846,"CHICAGO OHARE INTERNATIONAL AIRPORT, IL US",32.2,19.4,2024-09-15,30.55,18.21
8047,USW00094846,"CHICAGO OHARE INTERNATIONAL AIRPORT, IL US",32.2,18.3,2024-09-16,30.96,17.08
8048,USW00094846,"CHICAGO OHARE INTERNATIONAL AIRPORT, IL US",29.4,16.7,2024-09-17,28.76,14.98
8049,USW00094846,"CHICAGO OHARE INTERNATIONAL AIRPORT, IL US",31.1,16.1,2024-09-18,29.93,14.8
8050,USW00094846,"CHICAGO OHARE INTERNATIONAL AIRPORT, IL US",31.7,16.7,2024-09-19,30.62,15.18
8051,USW00094846,"CHICAGO OHARE INTERNATIONAL AIRPORT, IL US",32.8,20.6,2024-09-20,31.65,18.11
8052,USW00094846,"CHICAGO OHARE INTERNATIONAL AIRPORT, IL US",33.3,17.2,2024-09-21,32.05,15.63
8053,USW00094846,"CHICAGO OHARE INTERNATIONAL AIRPORT, IL US",25.6,17.8,2024-09-22,23.65,16.52
8054,USW00094846,"CHICAGO OHARE INTERNATIONAL AIRPORT, IL US",19.4,15.6,2024-09-23,19.28,14.7
8055,USW00094846,"CHICAGO OHARE INTERNATIONAL AIRPORT, IL US",19.4,16.7,2024-09-24,19.03,15.28
8056,USW00094846,"CHICAGO OHARE INTERNATIONAL AIRPORT, IL US",25,13.9,2024-09-25,24.28,13.1
8057,USW00094846,"CHICAGO OHARE INTERNATIONAL AIRPORT, IL US",25,13.9,2024-09-26,24.39,12.42
8058,USW00094846,"CHICAGO OHARE INTERNATIONAL AIRPORT, IL US",22.2,18.3,2024-09-27,22.26,16.36
8059,USW00094846,"CHICAGO OHARE INTERNATIONAL AIRPORT, IL US",22.2,18.3,2024-09-28,22.34,18.09
8060,USW00094846,"CHICAGO OHARE INTERNATIONAL AIRPORT, IL US",23.3,18.9,2024-09-29,23.3,18.51
8061,USW00094846,"CHICAGO OHARE INTERNATIONAL AIRPORT, IL US",26.1,17.2,2024-09-30,25.32,16.27
8062,USW00094846,"CHICAGO OHARE INTERNATIONAL AIRPORT, IL US",21.1,12.8,2024-10-01,20.7,13.35
8063,USW00094846,"CHICAGO OHARE INTERNATIONAL AIRPORT, IL US",22.2,8.9,2024-10-02,21.62,7.73
8064,USW00094846,"CHICAGO OHARE INTERNATIONAL AIRPORT, IL US",26.7,12.2,2024-10-03,25.17,9.61
8065,USW00094846,"CHICAGO OHARE INTERNATIONAL AIRPORT, IL US",21.1,14.4,2024-10-04,21.38,12.69
8066,USW00094846,"CHICAGO OHARE INTERNATIONAL AIRPORT, IL US",29.4,14.4,2024-10-05,28.62,13.52
8067,USW00094846,"CHICAGO OHARE INTERNATIONAL AIRPORT, IL US",23.9,12.2,2024-10-06,23.35,11.94
8068,USW00094846,"CHICAGO OHARE INTERNATIONAL AIRPORT, IL US",20,8.9,2024-10-07,19.5,7.83
8069,USW00094846,"CHICAGO OHARE INTERNATIONAL AIRPORT, IL US",23.3,10,2024-10-08,22.98,8
8070,USW00094846,"CHICAGO OHARE INTERNATIONAL AIRPORT, IL US",21.1,10.6,2024-10-09,20.73,8.74
8071,USW00094846,"CHICAGO OHARE INTERNATIONAL AIRPORT, IL US",22.8,11.7,2024-10-10,21.7,9.67
8072,USW00094846,"CHICAGO OHARE INTERNATIONAL AIRPORT, IL US",28.3,12.8,2024-10-11,28.09,10.08
8073,USW00094846,"CHICAGO OHARE INTERNATIONAL AIRPORT, IL US",20,15.6,2024-10-12,20.03,13.61
8074,USW00094846,"CHICAGO OHARE INTERNATIONAL AIRPORT, IL US",19.4,9.4,2024-10-13,19.23,9.98
8075,USW00094846,"CHICAGO OHARE INTERNATIONAL AIRPORT, IL US",13.9,5,2024-10-14,14.02,5.9
8076,USW00094846,"CHICAGO OHARE INTERNATIONAL AIRPORT, IL US",10.6,5,2024-10-15,10.63,4.61
8077,USW00094846,"CHICAGO OHARE INTERNATIONAL AIRPORT, IL US",14.4,2.8,2024-10-16,13.98,2.07
8078,USW00094846,"CHICAGO OHARE INTERNATIONAL AIRPORT, IL US",17.8,3.3,2024-10-17,17.92,1.54
8079,USW00094846,"CHICAGO OHARE INTERNATIONAL AIRPORT, IL US",20.6,5.6,2024-10-18,20.24,4.14
8080,USW00094846,"CHICAGO OHARE INTERNATIONAL AIRPORT, IL US",21.7,6.7,2024-10-19,21.83,4.97
8081,USW00094846,"CHICAGO OHARE INTERNATIONAL AIRPORT, IL US",26.1,10.6,2024-10-20,25.81,8.31
8082,USW00094846,"CHICAGO OHARE INTERNATIONAL AIRPORT, IL US",27.2,12.2,2024-10-21,27.12,10.48
8083,USW00094846,"CHICAGO OHARE INTERNATIONAL AIRPORT, IL US",22.8,12.8,2024-10-22,22.76,10.7
8084,USW00094846,"CHICAGO OHARE INTERNATIONAL AIRPORT, IL US",18.3,6.7,2024-10-23,17.69,7.88
8085,USW00094846,"CHICAGO OHARE INTERNATIONAL AIRPORT, IL US",17.8,4.4,2024-10-24,17.85,3.41
8086,USW00094846,"CHICAGO OHARE INTERNATIONAL AIRPORT, IL US",19.4,8.9,2024-10-25,18.52,6.35
8087,USW00094846,"CHICAGO OHARE INTERNATIONAL AIRPORT, IL US",15,6.1,2024-10-26,14.41,5.24
8088,USW00094846,"CHICAGO OHARE INTERNATIONAL AIRPORT, IL US",15,2.8,2024-10-27,14.7,2.12
8089,USW00094846,"CHICAGO OHARE INTERNATIONAL AIRPORT, IL US",19.4,6.1,2024-10-28,19.54,4.17
8090,USW00094846,"CHICAGO OHARE INTERNATIONAL AIRPORT, IL US",27.8,19.4,2024-10-29,27.33,15.01
8091,USW00094846,"CHICAGO OHARE INTERNATIONAL AIRPORT, IL US",26.7,20,2024-10-30,26.38,19.42
8092,USW00094846,"CHICAGO OHARE INTERNATIONAL AIRPORT, IL US",21.7,6.1,2024-10-31,20.68,9.42
8093,USW00094846,"CHICAGO OHARE INTERNATIONAL AIRPORT, IL US",12.2,3.9,2024-11-01,11.61,2.91
8094,USW00094846,"CHICAGO OHARE INTERNATIONAL AIRPORT, IL US",15,3.3,2024-11-02,14.12,2.03
8095,USW00094846,"CHICAGO OHARE INTERNATIONAL AIRPORT, IL US",17.8,9.4,2024-11-03,17.64,7.16
8096,USW00094846,"CHICAGO OHARE INTERNATIONAL AIRPORT, IL US",20,17.2,2024-11-04,19.92,14.97
8097,USW00094846,"CHICAGO OHARE INTERNATIONAL AIRPORT, IL US",19.4,15.6,2024-11-05,19.07,15.86
8098,USW00094846,"CHICAGO OHARE INTERNATIONAL AIRPORT, IL US",15.6,9.4,2024-11-06,14.29,9.53
8099,USW00094846,"CHICAGO OHARE INTERNATIONAL AIRPORT, IL US",15,6.7,2024-11-07,14.8,5.72
8100,USW00094846,"CHICAGO OHARE INTERNATIONAL AIRPORT, IL US",16.7,6.7,2024-11-08,16.61,5.54
8101,USW00094846,"CHICAGO OHARE INTERNATIONAL AIRPORT, IL US",13.3,7.2,2024-11-09,12.7,6.64
8102,USW00094846,"CHICAGO OHARE INTERNATIONAL AIRPORT, IL US",17.2,9.4,2024-11-10,16.84,8.56
8103,USW00094846,"CHICAGO OHARE INTERNATIONAL AIRPORT, IL US",14.4,5.6,2024-11-11,14.15,7.01
8104,USW00094846,"CHICAGO OHARE INTERNATIONAL AIRPORT, IL US",10,4.4,2024-11-12,9.83,4.57
8105,USW00094846,"CHICAGO OHARE INTERNATIONAL AIRPORT, IL US",11.1,4.4,2024-11-13,10.9,3.77
8106,USW00094846,"CHICAGO OHARE INTERNATIONAL AIRPORT, IL US",12.2,8.9,2024-11-14,11.95,7.62
8107,USW00094846,"CHICAGO OHARE INTERNATIONAL AIRPORT, IL US",13.3,5.6,2024-11-15,12.34,5.69
8108,USW00094846,"CHICAGO OHARE INTERNATIONAL AIRPORT, IL US",11.1,5.6,2024-11-16,11.02,4.73
8109,USW00094846,"CHICAGO OHARE INTERNATIONAL AIRPORT, IL US",15,7.8,2024-11-17,15.2,7.12
8110,USW00094846,"CHICAGO OHARE INTERNATIONAL AIRPORT, IL US",15.6,9.4,2024-11-18,15.24,7.4
8111,USW00094846,"CHICAGO OHARE INTERNATIONAL AIRPORT, IL US",17.2,8.3,2024-11-19,17.1,8.3
8112,USW00094846,"CHICAGO OHARE INTERNATIONAL AIRPORT, IL US",8.9,0,2024-11-20,9.3,1.45
8113,USW00094846,"CHICAGO OHARE INTERNATIONAL AIRPORT, IL US",3.9,-1,2024-11-21,4.63,-1.51
8114,USW00094846,"CHICAGO OHARE INTERNATIONAL AIRPORT, IL US",8.9,2.8,2024-11-22,8.26,1.11
8115,USW00094846,"CHICAGO OHARE INTERNATIONAL AIRPORT, IL US",6.1,2.8,2024-11-23,6.1,2.98
8116,USW00094846,"CHICAGO OHARE INTERNATIONAL AIRPORT, IL US",11.1,2.8,2024-11-24,10.81,2.55
8117,USW00094846,"CHICAGO OHARE INTERNATIONAL AIRPORT, IL US",11.1,1.7,2024-11-25,10.94,2.35
8118,USW00094846,"CHICAGO OHARE INTERNATIONAL AIRPORT, IL US",3.9,-3.8,2024-11-26,3.98,-3.77
8119,USW00094846,"CHICAGO OHARE INTERNATIONAL AIRPORT, IL US",6.7,1.1,2024-11-27,6.12,-0.55
8120,USW00094846,"CHICAGO OHARE INTERNATIONAL AIRPORT, IL US",1.7,-3.2,2024-11-28,1.35,-3.17
8121,USW00094846,"CHICAGO OHARE INTERNATIONAL AIRPORT, IL US",-2.1,-7.7,2024-11-29,-3.05,-7.3
8122,USW00094846,"CHICAGO OHARE INTERNATIONAL AIRPORT, IL US",-3.8,-9.9,2024-11-30,-3.53,-10.22
8123,USW00094846,"CHICAGO OHARE INTERNATIONAL AIRPORT, IL US",-2.7,-9.9,2024-12-01,-2.92,-10.53
8124,USW00094846,"CHICAGO OHARE INTERNATIONAL AIRPORT, IL US",-3.8,-9.9,2024-12-02,-3.54,-10.38
8125,USW00094846,"CHICAGO OHARE INTERNATIONAL AIRPORT, IL US",-0.5,-7.1,2024-12-03,-0.63,-8.2
8126,USW00094846,"CHICAGO OHARE INTERNATIONAL AIRPORT, IL US",3.9,-8.8,2024-12-04,3.79,-8.15
8127,USW00094846,"CHICAGO OHARE INTERNATIONAL AIRPORT, IL US",-1.6,-11,2024-12-05,-1.75,-11.49
8128,USW00094846,"CHICAGO OHARE INTERNATIONAL AIRPORT, IL US",0,-9.3,2024-12-06,-0.04,-10.51
8129,USW00094846,"CHICAGO OHARE INTERNATIONAL AIRPORT, IL US",10,-4.3,2024-12-07,9.36,-6.25
8130,USW00094846,"CHICAGO OHARE INTERNATIONAL AIRPORT, IL US",12.8,3.3,2024-12-08,12.63,1.02
8131,USW00094846,"CHICAGO OHARE INTERNATIONAL AIRPORT, IL US",11.7,5.6,2024-12-09,11.6,4.87
8132,USW00094846,"CHICAGO OHARE INTERNATIONAL AIRPORT, IL US",5.6,-1,2024-12-10,4.27,-1.11
8133,USW00094846,"CHICAGO OHARE INTERNATIONAL AIRPORT, IL US",0,-11.6,2024-12-11,-0.15,-8.98
8134,USW00094846,"CHICAGO OHARE INTERNATIONAL AIRPORT, IL US",-9.3,-15.5,2024-12-12,-9.45,-15.73
8135,USW00094846,"CHICAGO OHARE INTERNATIONAL AIRPORT, IL US",-2.7,-15.5,2024-12-13,-2.64,-14.82
8136,USW00094846,"CHICAGO OHARE INTERNATIONAL AIRPORT, IL US",3.9,-3.8,2024-12-14,3.87,-7.11
8137,USW00094846,"CHICAGO OHARE INTERNATIONAL AIRPORT, IL US",7.2,3.3,2024-12-15,7.07,1.51
8138,USW00094846,"CHICAGO OHARE INTERNATIONAL AIRPORT, IL US",10.6,2.8,2024-12-16,10.51,3.01
8139,USW00094846,"CHICAGO OHARE INTERNATIONAL AIRPORT, IL US",3.9,0.6,2024-12-17,3.79,0.26
8140,USW00094846,"CHICAGO OHARE INTERNATIONAL AIRPORT, IL US",1.7,-3.8,2024-12-18,1.56,-2.96
8141,USW00094846,"CHICAGO OHARE INTERNATIONAL AIRPORT, IL US",0.6,-3.8,2024-12-19,0.51,-4.05
8142,USW00094846,"CHICAGO OHARE INTERNATIONAL AIRPORT, IL US",1.7,-6,2024-12-20,0.93,-5.16
8143,USW00094846,"CHICAGO OHARE INTERNATIONAL AIRPORT, IL US",-2.7,-9.9,2024-12-21,-3.31,-10.04
8144,USW00094846,"CHICAGO OHARE INTERNATIONAL AIRPORT, IL US",0.6,-9.9,2024-12-22,0.64,-11.13
8145,USW00094846,"CHICAGO OHARE INTERNATIONAL AIRPORT, IL US",3.9,0,2024-12-23,4.03,-2.09
8146,USW00094846,"CHICAGO OHARE INTERNATIONAL AIRPORT, IL US",3.3,-1,2024-12-24,3.03,-0.28
8147,USW00094846,"CHICAGO OHARE INTERNATIONAL AIRPORT, IL US",3.9,0,2024-12-25,3.55,-0.76
8148,USW00094846,"CHICAGO OHARE INTERNATIONAL AIRPORT, IL US",8.9,3.3,2024-12-26,8.26,2.25
8149,USW00094846,"CHICAGO OHARE INTERNATIONAL AIRPORT, IL US",11.1,7.2,2024-12-27,10.93,5.41
8150,USW00094846,"CHICAGO OHARE INTERNATIONAL AIRPORT, IL US",10.6,5.6,2024-12-28,11.01,5.58
8151,USW00094846,"CHICAGO OHARE INTERNATIONAL AIRPORT, IL US",7.8,2.2,2024-12-29,7.37,2.74
8152,USW00094846,"CHICAGO OHARE INTERNATIONAL AIRPORT, IL US",5.6,0,2024-12-30,5.55,0.16
8153,USW00094846,"CHICAGO OHARE INTERNATIONAL AIRPORT, IL US",5.6,1.1,2024-12-30,5.55,0.16
8154,USW00014819,"CHICAGO MIDWAY AIRPORT, IL US",1.1,-1.6,2024-01-01,1.05,-1.99
8155,USW00014819,"CHICAGO MIDWAY AIRPORT, IL US",5,-2.1,2024-01-02,4.04,-2.85
8156,USW00014819,"CHICAGO MIDWAY AIRPORT, IL US",2.8,0,2024-01-03,2.22,-1.2
8157,USW00014819,"CHICAGO MIDWAY AIRPORT, IL US",3.3,-2.1,2024-01-04,2.66,-2.48
8158,USW00014819,"CHICAGO MIDWAY AIRPORT, IL US",2.8,-2.1,2024-01-05,2.69,-3.18
8159,USW00014819,"CHICAGO MIDWAY AIRPORT, IL US",1.7,-0.5,2024-01-06,1.38,-1.53
8160,USW00014819,"CHICAGO MIDWAY AIRPORT, IL US",1.7,0.6,2024-01-07,1.22,-0.54
8161,USW00014819,"CHICAGO MIDWAY AIRPORT, IL US",3.3,0,2024-01-08,2.67,-0.73
8162,USW00014819,"CHICAGO MIDWAY AIRPORT, IL US",2.8,1.1,2024-01-09,2.36,0.23
8163,USW00014819,"CHICAGO MIDWAY AIRPORT, IL US",1.7,-0.5,2024-01-10,1.35,-0.89
8164,USW00014819,"CHICAGO MIDWAY AIRPORT, IL US",1.7,-2.1,2024-01-11,1.7,-2.42
8165,USW00014819,"CHICAGO MIDWAY AIRPORT, IL US",3.3,-0.5,2024-01-12,2.84,-1.23
8166,USW00014819,"CHICAGO MIDWAY AIRPORT, IL US",1.1,-16.6,2024-01-13,-0.52,-13.11
8167,USW00014819,"CHICAGO MIDWAY AIRPORT, IL US",-16.6,-22.7,2024-01-14,-17.84,-23.23
8168,USW00014819,"CHICAGO MIDWAY AIRPORT, IL US",-15.5,-22.7,2024-01-15,-16.04,-23.59
8169,USW00014819,"CHICAGO MIDWAY AIRPORT, IL US",-14.9,-20.5,2024-01-16,-15.4,-21.81
8170,USW00014819,"CHICAGO MIDWAY AIRPORT, IL US",-4.9,-15.5,2024-01-17,-5.98,-17.69
8171,USW00014819,"CHICAGO MIDWAY AIRPORT, IL US",-2.1,-10.5,2024-01-18,-2.8,-11.96
8172,USW00014819,"CHICAGO MIDWAY AIRPORT, IL US",-8.8,-14.3,2024-01-19,-9.37,-13.81
8173,USW00014819,"CHICAGO MIDWAY AIRPORT, IL US",-6.6,-14.9,2024-01-20,-6.85,-15.72
8174,USW00014819,"CHICAGO MIDWAY AIRPORT, IL US",-5.5,-16.6,2024-01-21,-5.38,-17.92
8175,USW00014819,"CHICAGO MIDWAY AIRPORT, IL US",1.7,-5.5,2024-01-22,1.03,-9.75
8176,USW00014819,"CHICAGO MIDWAY AIRPORT, IL US",3.3,1.1,2024-01-23,2.87,-0.82
8177,USW00014819,"CHICAGO MIDWAY AIRPORT, IL US",4.4,1.1,2024-01-24,3.72,0.54
8178,USW00014819,"CHICAGO MIDWAY AIRPORT, IL US",5.6,3.3,2024-01-25,4.45,2
8179,USW00014819,"CHICAGO MIDWAY AIRPORT, IL US",5.6,3.9,2024-01-26,4.62,2.56
8180,USW00014819,"CHICAGO MIDWAY AIRPORT, IL US",5.6,3.3,2024-01-27,4.58,1.93
8181,USW00014819,"CHICAGO MIDWAY AIRPORT, IL US",5,1.7,2024-01-28,4,1.24
8182,USW00014819,"CHICAGO MIDWAY AIRPORT, IL US",4.4,-0.5,2024-01-29,3.76,-0.9
8183,USW00014819,"CHICAGO MIDWAY AIRPORT, IL US",5.6,2.8,2024-01-30,4.57,1.32
8184,USW00014819,"CHICAGO MIDWAY AIRPORT, IL US",4.4,2.8,2024-01-31,3.87,2.09
8185,USW00014819,"CHICAGO MIDWAY AIRPORT, IL US",13.3,2.2,2024-02-01,12.16,1.33
8186,USW00014819,"CHICAGO MIDWAY AIRPORT, IL US",6.1,0.6,2024-02-02,5.42,-0.19
8187,USW00014819,"CHICAGO MIDWAY AIRPORT, IL US",4.4,-0.5,2024-02-03,4.57,-1.68
8188,USW00014819,"CHICAGO MIDWAY AIRPORT, IL US",8.3,0,2024-02-04,7.24,-1.5
8189,USW00014819,"CHICAGO MIDWAY AIRPORT, IL US",6.7,0.6,2024-02-05,5.87,-0.77
8190,USW00014819,"CHICAGO MIDWAY AIRPORT, IL US",6.1,0.6,2024-02-06,5.43,-0.56
8191,USW00014819,"CHICAGO MIDWAY AIRPORT, IL US",8.9,-1,2024-02-07,8.5,-1.39
8192,USW00014819,"CHICAGO MIDWAY AIRPORT, IL US",15.6,8.3,2024-02-08,15.02,4.69
8193,USW00014819,"CHICAGO MIDWAY AIRPORT, IL US",14.4,3.3,2024-02-09,13.85,3.52
8194,USW00014819,"CHICAGO MIDWAY AIRPORT, IL US",6.1,0.6,2024-02-10,5.58,-0.55
8195,USW00014819,"CHICAGO MIDWAY AIRPORT, IL US",6.1,-1.6,2024-02-11,4.89,-3.07
8196,USW00014819,"CHICAGO MIDWAY AIRPORT, IL US",7.8,-3.8,2024-02-12,7.48,-4.48
8197,USW00014819,"CHICAGO MIDWAY AIRPORT, IL US",5.6,-1,2024-02-13,5.01,-2.4
8198,USW00014819,"CHICAGO MIDWAY AIRPORT, IL US",8.9,-2.7,2024-02-14,7.88,-3.85
8199,USW00014819,"CHICAGO MIDWAY AIRPORT, IL US",7.8,0,2024-02-15,6.99,-1.58
8200,USW00014819,"CHICAGO MIDWAY AIRPORT, IL US",0.6,-5.5,2024-02-16,-0.18,-5.36
8201,USW00014819,"CHICAGO MIDWAY AIRPORT, IL US",-1,-9.9,2024-02-17,-1.66,-10.46
8202,USW00014819,"CHICAGO MIDWAY AIRPORT, IL US",8.3,-4.3,2024-02-18,7.73,-6.45
8203,USW00014819,"CHICAGO MIDWAY AIRPORT, IL US",11.1,-3.2,2024-02-19,9.72,-4.81
8204,USW00014819,"CHICAGO MIDWAY AIRPORT, IL US",14.4,0,2024-02-20,13.99,-2.39
8205,USW00014819,"CHICAGO MIDWAY AIRPORT, IL US",20,7.8,2024-02-21,18.47,4.25
8206,USW00014819,"CHICAGO MIDWAY AIRPORT, IL US",16.1,7.8,2024-02-22,14.28,5.8
8207,USW00014819,"CHICAGO MIDWAY AIRPORT, IL US",11.1,-1.6,2024-02-23,10.62,-1.16
8208,USW00014819,"CHICAGO MIDWAY AIRPORT, IL US",2.2,-4.3,2024-02-24,1.69,-5.22
8209,USW00014819,"CHICAGO MIDWAY AIRPORT, IL US",16.7,0,2024-02-25,16.04,-1.78
8210,USW00014819,"CHICAGO MIDWAY AIRPORT, IL US",22.2,5.6,2024-02-26,21.66,2.69
8211,USW00014819,"CHICAGO MIDWAY AIRPORT, IL US",23.3,11.7,2024-02-27,22.73,8.48
8212,USW00014819,"CHICAGO MIDWAY AIRPORT, IL US",11.7,-4.9,2024-02-28,8.28,-4.78
8213,USW00014819,"CHICAGO MIDWAY AIRPORT, IL US",7.8,-6.6,2024-02-29,7.24,-7.1
8214,USW00014819,"CHICAGO MIDWAY AIRPORT, IL US",8.3,0,2024-03-01,7.92,-2.23
8215,USW00014819,"CHICAGO MIDWAY AIRPORT, IL US",15.6,2.8,2024-03-02,15.14,1.19
8216,USW00014819,"CHICAGO MIDWAY AIRPORT, IL US",23.3,7.2,2024-03-03,22.68,5.09
8217,USW00014819,"CHICAGO MIDWAY AIRPORT, IL US",22.2,7.2,2024-03-04,21.85,6.35
8218,USW00014819,"CHICAGO MIDWAY AIRPORT, IL US",7.2,4.4,2024-03-05,7.16,4.19
8219,USW00014819,"CHICAGO MIDWAY AIRPORT, IL US",10,4.4,2024-03-06,8.86,3.5
8220,USW00014819,"CHICAGO MIDWAY AIRPORT, IL US",10,3.9,2024-03-07,9.03,2.47
8221,USW00014819,"CHICAGO MIDWAY AIRPORT, IL US",8.3,5,2024-03-08,7.93,3.99
8222,USW00014819,"CHICAGO MIDWAY AIRPORT, IL US",8.3,1.1,2024-03-09,7.64,1.49
8223,USW00014819,"CHICAGO MIDWAY AIRPORT, IL US",9.4,-0.5,2024-03-10,8.33,-1.28
8224,USW00014819,"CHICAGO MIDWAY AIRPORT, IL US",20,0.6,2024-03-11,19.45,-0.74
8225,USW00014819,"CHICAGO MIDWAY AIRPORT, IL US",22.2,8.9,2024-03-12,21.72,6.35
8226,USW00014819,"CHICAGO MIDWAY AIRPORT, IL US",20.6,8.9,2024-03-13,19.6,7.53
8227,USW00014819,"CHICAGO MIDWAY AIRPORT, IL US",19.4,5.6,2024-03-14,18.38,5.29
8228,USW00014819,"CHICAGO MIDWAY AIRPORT, IL US",11.1,3.3,2024-03-15,10.39,2.78
8229,USW00014819,"CHICAGO MIDWAY AIRPORT, IL US",15.6,4.4,2024-03-16,14.73,3.47
8230,USW00014819,"CHICAGO MIDWAY AIRPORT, IL US",6.1,-0.5,2024-03-17,5.56,-0.72
8231,USW00014819,"CHICAGO MIDWAY AIRPORT, IL US",2.8,-3.2,2024-03-18,2.42,-3.66
8232,USW00014819,"CHICAGO MIDWAY AIRPORT, IL US",15,-1,2024-03-19,14.55,-2.09
8233,USW00014819,"CHICAGO MIDWAY AIRPORT, IL US",7.2,-0.5,2024-03-20,6.16,-1.53
8234,USW00014819,"CHICAGO MIDWAY AIRPORT, IL US",5,-2.1,2024-03-21,4.35,-3.32
8235,USW00014819,"CHICAGO MIDWAY AIRPORT, IL US",4.4,-0.5,2024-03-22,4.62,-1.55
8236,USW00014819,"CHICAGO MIDWAY AIRPORT, IL US",4.4,0,2024-03-23,3.87,-1.14
8237,USW00014819,"CHICAGO MIDWAY AIRPORT, IL US",10,0.6,2024-03-24,9.47,-0.57
8238,USW00014819,"CHICAGO MIDWAY AIRPORT, IL US",18.9,8.3,2024-03-25,17.71,4.89
8239,USW00014819,"CHICAGO MIDWAY AIRPORT, IL US",14.4,1.1,2024-03-26,13.84,2.25
8240,USW00014819,"CHICAGO MIDWAY AIRPORT, IL US",6.7,-1,2024-03-27,6.24,-1.4
8241,USW00014819,"CHICAGO MIDWAY AIRPORT, IL US",11.1,-0.5,2024-03-28,10.75,-1.52
8242,USW00014819,"CHICAGO MIDWAY AIRPORT, IL US",11.7,2.2,2024-03-29,11.71,0.48
8243,USW00014819,"CHICAGO MIDWAY AIRPORT, IL US",17.8,5,2024-03-30,15.9,3.4
8244,USW00014819,"CHICAGO MIDWAY AIRPORT, IL US",10.6,4.4,2024-03-31,10.68,3.33
8245,USW00014819,"CHICAGO MIDWAY AIRPORT, IL US",10.6,6.7,2024-04-01,9.6,5
8246,USW00014819,"CHICAGO MIDWAY AIRPORT, IL US",16.7,2.8,2024-04-02,13.24,3.11
8247,USW00014819,"CHICAGO MIDWAY AIRPORT, IL US",4.4,1.7,2024-04-03,3.91,1.13
8248,USW00014819,"CHICAGO MIDWAY AIRPORT, IL US",6.1,3.3,2024-04-04,5.95,2.08
8249,USW00014819,"CHICAGO MIDWAY AIRPORT, IL US",10,2.8,2024-04-05,8.71,2.27
8250,USW00014819,"CHICAGO MIDWAY AIRPORT, IL US",11.7,0.6,2024-04-06,10.83,0.54
8251,USW00014819,"CHICAGO MIDWAY AIRPORT, IL US",11.1,4.4,2024-04-07,10.55,2.82
8252,USW00014819,"CHICAGO MIDWAY AIRPORT, IL US",22.8,8.9,2024-04-08,22.3,7.16
8253,USW00014819,"CHICAGO MIDWAY AIRPORT, IL US",17.8,10,2024-04-09,17.73,9.38
8254,USW00014819,"CHICAGO MIDWAY AIRPORT, IL US",20,6.7,2024-04-10,18.6,6.07
8255,USW00014819,"CHICAGO MIDWAY AIRPORT, IL US",14.4,10,2024-04-11,13.78,8.1
8256,USW00014819,"CHICAGO MIDWAY AIRPORT, IL US",18.3,7.8,2024-04-12,17.51,7.88
8257,USW00014819,"CHICAGO MIDWAY AIRPORT, IL US",21.7,6.1,2024-04-13,21.45,6.14
8258,USW00014819,"CHICAGO MIDWAY AIRPORT, IL US",27.2,14.4,2024-04-14,26.47,10.67
8259,USW00014819,"CHICAGO MIDWAY AIRPORT, IL US",23.3,10,2024-04-15,22.56,8.88
8260,USW00014819,"CHICAGO MIDWAY AIRPORT, IL US",27.2,11.7,2024-04-16,25.82,10.36
8261,USW00014819,"CHICAGO MIDWAY AIRPORT, IL US",21.1,12.2,2024-04-17,20.44,12.26
8262,USW00014819,"CHICAGO MIDWAY AIRPORT, IL US",15.6,8.3,2024-04-18,15.35,7.7
8263,USW00014819,"CHICAGO MIDWAY AIRPORT, IL US",14.4,6.1,2024-04-19,13.87,5.63
8264,USW00014819,"CHICAGO MIDWAY AIRPORT, IL US",9.4,2.2,2024-04-20,8.15,2.22
8265,USW00014819,"CHICAGO MIDWAY AIRPORT, IL US",15,1.7,2024-04-21,13.96,1.48
8266,USW00014819,"CHICAGO MIDWAY AIRPORT, IL US",20,5.6,2024-04-22,19.33,4.1
8267,USW00014819,"CHICAGO MIDWAY AIRPORT, IL US",17.8,6.1,2024-04-23,17.3,5.29
8268,USW00014819,"CHICAGO MIDWAY AIRPORT, IL US",8.3,2.8,2024-04-24,8.1,1.95
8269,USW00014819,"CHICAGO MIDWAY AIRPORT, IL US",13.9,1.1,2024-04-25,13.7,0.54
8270,USW00014819,"CHICAGO MIDWAY AIRPORT, IL US",17.8,7.2,2024-04-26,17.29,5.04
8271,USW00014819,"CHICAGO MIDWAY AIRPORT, IL US",26.1,15.6,2024-04-27,25.5,12.25
8272,USW00014819,"CHICAGO MIDWAY AIRPORT, IL US",25,16.7,2024-04-28,24.23,14.9
8273,USW00014819,"CHICAGO MIDWAY AIRPORT, IL US",21.1,12.2,2024-04-29,20.82,13.31
8274,USW00014819,"CHICAGO MIDWAY AIRPORT, IL US",23.9,10,2024-04-30,23.11,9.19
8275,USW00014819,"CHICAGO MIDWAY AIRPORT, IL US",25.6,15.6,2024-05-01,24.67,12.42
8276,USW00014819,"CHICAGO MIDWAY AIRPORT, IL US",27.8,13.9,2024-05-02,25.88,11.6
8277,USW00014819,"CHICAGO MIDWAY AIRPORT, IL US",20,11.7,2024-05-03,19.33,11.02
8278,USW00014819,"CHICAGO MIDWAY AIRPORT, IL US",27.8,10.6,2024-05-04,26.02,9.17
8279,USW00014819,"CHICAGO MIDWAY AIRPORT, IL US",18.3,11.1,2024-05-05,17.39,9.78
8280,USW00014819,"CHICAGO MIDWAY AIRPORT, IL US",21.7,10,2024-05-06,21.33,8.93
8281,USW00014819,"CHICAGO MIDWAY AIRPORT, IL US",25,15.6,2024-05-07,24.39,12.95
8282,USW00014819,"CHICAGO MIDWAY AIRPORT, IL US",25.6,12.2,2024-05-08,25.13,11.38
8283,USW00014819,"CHICAGO MIDWAY AIRPORT, IL US",18.3,10.6,2024-05-09,16.75,10.33
8284,USW00014819,"CHICAGO MIDWAY AIRPORT, IL US",20.6,8.9,2024-05-10,19.76,8.47
8285,USW00014819,"CHICAGO MIDWAY AIRPORT, IL US",21.7,11.1,2024-05-11,20.42,10.02
8286,USW00014819,"CHICAGO MIDWAY AIRPORT, IL US",28.9,10.6,2024-05-12,28.49,9.67
8287,USW00014819,"CHICAGO MIDWAY AIRPORT, IL US",27.8,16.7,2024-05-13,27.29,14.23
8288,USW00014819,"CHICAGO MIDWAY AIRPORT, IL US",17.8,11.7,2024-05-14,16.53,11.63
8289,USW00014819,"CHICAGO MIDWAY AIRPORT, IL US",21.1,12.2,2024-05-15,19.37,11.29
8290,USW00014819,"CHICAGO MIDWAY AIRPORT, IL US",24.4,11.1,2024-05-16,23.8,10.57
8291,USW00014819,"CHICAGO MIDWAY AIRPORT, IL US",27.2,15.6,2024-05-17,26.17,13.96
8292,USW00014819,"CHICAGO MIDWAY AIRPORT, IL US",30.6,16.1,2024-05-18,29.65,14.77
8293,USW00014819,"CHICAGO MIDWAY AIRPORT, IL US",25,17.2,2024-05-19,24.37,15.91
8294,USW00014819,"CHICAGO MIDWAY AIRPORT, IL US",29.4,17.2,2024-05-20,29.15,15.59
8295,USW00014819,"CHICAGO MIDWAY AIRPORT, IL US",32.8,17.2,2024-05-21,31.81,16.07
8296,USW00014819,"CHICAGO MIDWAY AIRPORT, IL US",27.2,17.8,2024-05-22,26.17,16.71
8297,USW00014819,"CHICAGO MIDWAY AIRPORT, IL US",26.7,13.9,2024-05-23,26.05,13.56
8298,USW00014819,"CHICAGO MIDWAY AIRPORT, IL US",26.1,18.9,2024-05-24,25.2,16.31
8299,USW00014819,"CHICAGO MIDWAY AIRPORT, IL US",23.3,15,2024-05-25,22.87,13.99
8300,USW00014819,"CHICAGO MIDWAY AIRPORT, IL US",23.9,15,2024-05-26,23.12,13.6
8301,USW00014819,"CHICAGO MIDWAY AIRPORT, IL US",23.9,15,2024-05-27,23.21,14.01
8302,USW00014819,"CHICAGO MIDWAY AIRPORT, IL US",22.8,13.3,2024-05-28,21.83,12.45
8303,USW00014819,"CHICAGO MIDWAY AIRPORT, IL US",21.7,11.7,2024-05-29,20.02,11.08
8304,USW00014819,"CHICAGO MIDWAY AIRPORT, IL US",21.7,9.4,2024-05-30,20.52,8.5
8305,USW00014819,"CHICAGO MIDWAY AIRPORT, IL US",27.2,12.2,2024-05-31,25.57,10.06
8306,USW00014819,"CHICAGO MIDWAY AIRPORT, IL US",20.6,16.1,2024-06-01,19.89,14.26
8307,USW00014819,"CHICAGO MIDWAY AIRPORT, IL US",24.4,15.6,2024-06-02,23.11,14.28
8308,USW00014819,"CHICAGO MIDWAY AIRPORT, IL US",31.7,16.1,2024-06-03,30.52,14.45
8309,USW00014819,"CHICAGO MIDWAY AIRPORT, IL US",30.6,21.7,2024-06-04,29.27,19.17
8310,USW00014819,"CHICAGO MIDWAY AIRPORT, IL US",27.2,20.6,2024-06-05,26.56,19.79
8311,USW00014819,"CHICAGO MIDWAY AIRPORT, IL US",26.7,18.3,2024-06-06,26,17.7
8312,USW00014819,"CHICAGO MIDWAY AIRPORT, IL US",26.7,15.6,2024-06-07,25.75,14.65
8313,USW00014819,"CHICAGO MIDWAY AIRPORT, IL US",26.7,13.3,2024-06-08,25.43,13.06
8314,USW00014819,"CHICAGO MIDWAY AIRPORT, IL US",27.8,12.8,2024-06-09,26.98,12.48
8315,USW00014819,"CHICAGO MIDWAY AIRPORT, IL US",20.6,12.8,2024-06-10,19.55,11.89
8316,USW00014819,"CHICAGO MIDWAY AIRPORT, IL US",26.1,10,2024-06-11,24.87,9.51
8317,USW00014819,"CHICAGO MIDWAY AIRPORT, IL US",33.3,20,2024-06-12,32.37,16.75
8318,USW00014819,"CHICAGO MIDWAY AIRPORT, IL US",32.8,22.8,2024-06-13,32.21,20.68
8319,USW00014819,"CHICAGO MIDWAY AIRPORT, IL US",30.6,18.3,2024-06-14,28.78,17.29
8320,USW00014819,"CHICAGO MIDWAY AIRPORT, IL US",30,16.7,2024-06-15,28.81,15.45
8321,USW00014819,"CHICAGO MIDWAY AIRPORT, IL US",35.6,21.7,2024-06-16,34.54,19.35
8322,USW00014819,"CHICAGO MIDWAY AIRPORT, IL US",36.1,26.1,2024-06-17,35.09,23.43
8323,USW00014819,"CHICAGO MIDWAY AIRPORT, IL US",35,26.1,2024-06-18,33.77,25.12
8324,USW00014819,"CHICAGO MIDWAY AIRPORT, IL US",35,25.6,2024-06-19,33.97,23.75
8325,USW00014819,"CHICAGO MIDWAY AIRPORT, IL US",30,19.4,2024-06-20,29.1,19.28
8326,USW00014819,"CHICAGO MIDWAY AIRPORT, IL US",35,20,2024-06-21,33.81,18.99
8327,USW00014819,"CHICAGO MIDWAY AIRPORT, IL US",35,22.8,2024-06-22,33.58,20.54
8328,USW00014819,"CHICAGO MIDWAY AIRPORT, IL US",28.3,21.7,2024-06-23,26.98,20.48
8329,USW00014819,"CHICAGO MIDWAY AIRPORT, IL US",31.1,19.4,2024-06-24,29.88,18.3
8330,USW00014819,"CHICAGO MIDWAY AIRPORT, IL US",29.4,22.8,2024-06-25,28.99,21.19
8331,USW00014819,"CHICAGO MIDWAY AIRPORT, IL US",30.6,18.9,2024-06-26,30.02,19.07
8332,USW00014819,"CHICAGO MIDWAY AIRPORT, IL US",22.8,17.2,2024-06-27,22.27,16.4
8333,USW00014819,"CHICAGO MIDWAY AIRPORT, IL US",24.4,19.4,2024-06-28,24.09,17.73
8334,USW00014819,"CHICAGO MIDWAY AIRPORT, IL US",31.7,22.8,2024-06-29,31.29,20.6
8335,USW00014819,"CHICAGO MIDWAY AIRPORT, IL US",22.8,16.1,2024-06-30,22.06,15.71
8336,USW00014819,"CHICAGO MIDWAY AIRPORT, IL US",23.3,15.6,2024-07-01,22.97,13.14
8337,USW00014819,"CHICAGO MIDWAY AIRPORT, IL US",30,19.4,2024-07-02,29.04,16.83
8338,USW00014819,"CHICAGO MIDWAY AIRPORT, IL US",32.2,23.9,2024-07-03,30.87,21.45
8339,USW00014819,"CHICAGO MIDWAY AIRPORT, IL US",28.9,22.2,2024-07-04,27.96,20.49
8340,USW00014819,"CHICAGO MIDWAY AIRPORT, IL US",29.4,21.1,2024-07-05,28.41,19.63
8341,USW00014819,"CHICAGO MIDWAY AIRPORT, IL US",27.2,18.3,2024-07-06,26.4,17.54
8342,USW00014819,"CHICAGO MIDWAY AIRPORT, IL US",31.7,19.4,2024-07-07,30.61,18.18
8343,USW00014819,"CHICAGO MIDWAY AIRPORT, IL US",30.6,21.7,2024-07-08,30.05,19.95
8344,USW00014819,"CHICAGO MIDWAY AIRPORT, IL US",26.7,20.6,2024-07-09,26.08,20.11
8345,USW00014819,"CHICAGO MIDWAY AIRPORT, IL US",28.9,19.4,2024-07-10,27.69,18.74
8346,USW00014819,"CHICAGO MIDWAY AIRPORT, IL US",27.2,20.6,2024-07-11,26.35,18.89
8347,USW00014819,"CHICAGO MIDWAY AIRPORT, IL US",29.4,19.4,2024-07-12,28.59,18.52
8348,USW00014819,"CHICAGO MIDWAY AIRPORT, IL US",33.3,20,2024-07-13,32.51,18.9
8349,USW00014819,"CHICAGO MIDWAY AIRPORT, IL US",31.7,20.6,2024-07-14,30.35,19.48
8350,USW00014819,"CHICAGO MIDWAY AIRPORT, IL US",32.8,21.1,2024-07-15,32.25,20.01
8351,USW00014819,"CHICAGO MIDWAY AIRPORT, IL US",30.6,21.1,2024-07-16,29.7,20.22
8352,USW00014819,"CHICAGO MIDWAY AIRPORT, IL US",28.9,20.6,2024-07-17,27.65,19.5
8353,USW00014819,"CHICAGO MIDWAY AIRPORT, IL US",23.9,18.3,2024-07-18,23.4,17.16
8354,USW00014819,"CHICAGO MIDWAY AIRPORT, IL US",26.7,16.1,2024-07-19,25.83,15.02
8355,USW00014819,"CHICAGO MIDWAY AIRPORT, IL US",27.2,17.8,2024-07-20,26.52,16.48
8356,USW00014819,"CHICAGO MIDWAY AIRPORT, IL US",28.9,19.4,2024-07-21,28.08,17.89
8357,USW00014819,"CHICAGO MIDWAY AIRPORT, IL US",28.9,19.4,2024-07-22,27.76,18.42
8358,USW00014819,"CHICAGO MIDWAY AIRPORT, IL US",30,19.4,2024-07-23,29.46,18.6
8359,USW00014819,"CHICAGO MIDWAY AIRPORT, IL US",25,19.4,2024-07-24,24.75,18.9
8360,USW00014819,"CHICAGO MIDWAY AIRPORT, IL US",25.6,18.9,2024-07-25,25,17.61
8361,USW00014819,"CHICAGO MIDWAY AIRPORT, IL US",27.2,16.1,2024-07-26,26.56,15.16
8362,USW00014819,"CHICAGO MIDWAY AIRPORT, IL US",30,19.4,2024-07-27,28.73,17.29
8363,USW00014819,"CHICAGO MIDWAY AIRPORT, IL US",28.3,21.1,2024-07-28,28.4,19.55
8364,USW00014819,"CHICAGO MIDWAY AIRPORT, IL US",29.4,22.8,2024-07-29,28.64,21.55
8365,USW00014819,"CHICAGO MIDWAY AIRPORT, IL US",33.3,21.7,2024-07-30,31.47,20.88
8366,USW00014819,"CHICAGO MIDWAY AIRPORT, IL US",33.3,22.8,2024-07-31,32.81,21.76
8367,USW00014819,"CHICAGO MIDWAY AIRPORT, IL US",31.7,21.1,2024-08-01,30.55,20.98
8368,USW00014819,"CHICAGO MIDWAY AIRPORT, IL US",30.6,21.1,2024-08-02,29.34,20.63
8369,USW00014819,"CHICAGO MIDWAY AIRPORT, IL US",32.8,22.2,2024-08-03,31.44,21.48
8370,USW00014819,"CHICAGO MIDWAY AIRPORT, IL US",32.2,22.2,2024-08-04,31.71,21.09
8371,USW00014819,"CHICAGO MIDWAY AIRPORT, IL US",33.3,23.9,2024-08-05,32.5,22.28
8372,USW00014819,"CHICAGO MIDWAY AIRPORT, IL US",26.1,21.1,2024-08-06,25.66,20.62
8373,USW00014819,"CHICAGO MIDWAY AIRPORT, IL US",25.6,20.6,2024-08-07,25.44,18.6
8374,USW00014819,"CHICAGO MIDWAY AIRPORT, IL US",29.4,17.8,2024-08-08,28.17,16.95
8375,USW00014819,"CHICAGO MIDWAY AIRPORT, IL US",23.3,16.1,2024-08-09,22.84,15.71
8376,USW00014819,"CHICAGO MIDWAY AIRPORT, IL US",24.4,13.9,2024-08-10,23.99,13.4
8377,USW00014819,"CHICAGO MIDWAY AIRPORT, IL US",26.7,15,2024-08-11,26.2,14
8378,USW00014819,"CHICAGO MIDWAY AIRPORT, IL US",27.2,16.1,2024-08-12,26.85,15.32
8379,USW00014819,"CHICAGO MIDWAY AIRPORT, IL US",30,17.8,2024-08-13,28.92,16.45
8380,USW00014819,"CHICAGO MIDWAY AIRPORT, IL US",30,18.9,2024-08-14,28.93,17.57
8381,USW00014819,"CHICAGO MIDWAY AIRPORT, IL US",25,20.6,2024-08-15,24.1,18.9
8382,USW00014819,"CHICAGO MIDWAY AIRPORT, IL US",31.1,20,2024-08-16,30.29,19.43
8383,USW00014819,"CHICAGO MIDWAY AIRPORT, IL US",28.3,21.1,2024-08-17,27.32,20.41
8384,USW00014819,"CHICAGO MIDWAY AIRPORT, IL US",26.1,20,2024-08-18,25.43,19.66
8385,USW00014819,"CHICAGO MIDWAY AIRPORT, IL US",25,17.8,2024-08-19,24.51,17.59
8386,USW00014819,"CHICAGO MIDWAY AIRPORT, IL US",22.8,15.6,2024-08-20,22.59,14.86
8387,USW00014819,"CHICAGO MIDWAY AIRPORT, IL US",24.4,13.9,2024-08-21,23.64,12.88
8388,USW00014819,"CHICAGO MIDWAY AIRPORT, IL US",26.7,13.3,2024-08-22,25.69,12.31
8389,USW00014819,"CHICAGO MIDWAY AIRPORT, IL US",27.8,16.1,2024-08-23,27.22,14.07
8390,USW00014819,"CHICAGO MIDWAY AIRPORT, IL US",32.8,17.8,2024-08-24,31.39,15.98
8391,USW00014819,"CHICAGO MIDWAY AIRPORT, IL US",33.3,23.3,2024-08-25,32.95,21.31
8392,USW00014819,"CHICAGO MIDWAY AIRPORT, IL US",35,25,2024-08-26,34.47,23.79
8393,USW00014819,"CHICAGO MIDWAY AIRPORT, IL US",37.2,23.9,2024-08-27,36.15,22.81
8394,USW00014819,"CHICAGO MIDWAY AIRPORT, IL US",30.6,22.8,2024-08-28,29.36,21.76
8395,USW00014819,"CHICAGO MIDWAY AIRPORT, IL US",29.4,22.8,2024-08-29,28.86,21.51
8396,USW00014819,"CHICAGO MIDWAY AIRPORT, IL US",30.6,22.2,2024-08-30,29.47,21.54
8397,USW00014819,"CHICAGO MIDWAY AIRPORT, IL US",29.4,17.2,2024-08-31,28.12,17.34
8398,USW00014819,"CHICAGO MIDWAY AIRPORT, IL US",25,17.8,2024-09-01,24.74,17.09
8399,USW00014819,"CHICAGO MIDWAY AIRPORT, IL US",23.9,16.1,2024-09-02,23.29,14.83
8400,USW00014819,"CHICAGO MIDWAY AIRPORT, IL US",25.6,15.6,2024-09-03,24.68,13.69
8401,USW00014819,"CHICAGO MIDWAY AIRPORT, IL US",28.9,15.6,2024-09-04,27.66,13.74
8402,USW00014819,"CHICAGO MIDWAY AIRPORT, IL US",30.6,18.9,2024-09-05,30.37,16.52
8403,USW00014819,"CHICAGO MIDWAY AIRPORT, IL US",22.8,15.6,2024-09-06,22.15,14.85
8404,USW00014819,"CHICAGO MIDWAY AIRPORT, IL US",19.4,10.6,2024-09-07,18.96,9.93
8405,USW00014819,"CHICAGO MIDWAY AIRPORT, IL US",22.8,9.4,2024-09-08,22.31,8.93
8406,USW00014819,"CHICAGO MIDWAY AIRPORT, IL US",27.8,13.9,2024-09-09,27.07,12.02
8407,USW00014819,"CHICAGO MIDWAY AIRPORT, IL US",28.3,14.4,2024-09-10,27.85,13.34
8408,USW00014819,"CHICAGO MIDWAY AIRPORT, IL US",31.1,15,2024-09-11,29.49,14.01
8409,USW00014819,"CHICAGO MIDWAY AIRPORT, IL US",30.6,18.3,2024-09-12,29.78,16
8410,USW00014819,"CHICAGO MIDWAY AIRPORT, IL US",29.4,20,2024-09-13,28.74,17.87
8411,USW00014819,"CHICAGO MIDWAY AIRPORT, IL US",30.6,20.6,2024-09-14,30.24,18.72
8412,USW00014819,"CHICAGO MIDWAY AIRPORT, IL US",31.7,20.6,2024-09-15,30.75,19.05
8413,USW00014819,"CHICAGO MIDWAY AIRPORT, IL US",32.2,19.4,2024-09-16,31.09,17.91
8414,USW00014819,"CHICAGO MIDWAY AIRPORT, IL US",29.4,16.7,2024-09-17,28.52,15.69
8415,USW00014819,"CHICAGO MIDWAY AIRPORT, IL US",31.7,17.8,2024-09-18,30.14,15.68
8416,USW00014819,"CHICAGO MIDWAY AIRPORT, IL US",32.2,17.2,2024-09-19,30.75,16.02
8417,USW00014819,"CHICAGO MIDWAY AIRPORT, IL US",33.3,21.7,2024-09-20,31.87,19.04
8418,USW00014819,"CHICAGO MIDWAY AIRPORT, IL US",33.9,18.3,2024-09-21,32.17,16.65
8419,USW00014819,"CHICAGO MIDWAY AIRPORT, IL US",25,18.3,2024-09-22,23.77,17.17
8420,USW00014819,"CHICAGO MIDWAY AIRPORT, IL US",20,17.2,2024-09-23,19.4,16.06
8421,USW00014819,"CHICAGO MIDWAY AIRPORT, IL US",20,17.2,2024-09-24,19.59,16.21
8422,USW00014819,"CHICAGO MIDWAY AIRPORT, IL US",25.6,14.4,2024-09-25,24.43,13.8
8423,USW00014819,"CHICAGO MIDWAY AIRPORT, IL US",25,13.9,2024-09-26,24.41,12.98
8424,USW00014819,"CHICAGO MIDWAY AIRPORT, IL US",22.8,20,2024-09-27,22.25,16.88
8425,USW00014819,"CHICAGO MIDWAY AIRPORT, IL US",22.8,18.9,2024-09-28,21.89,17.95
8426,USW00014819,"CHICAGO MIDWAY AIRPORT, IL US",23.3,20.6,2024-09-29,23.11,18.96
8427,USW00014819,"CHICAGO MIDWAY AIRPORT, IL US",25.6,17.8,2024-09-30,25.02,17.04
8428,USW00014819,"CHICAGO MIDWAY AIRPORT, IL US",21.7,13.3,2024-10-01,21.11,14.11
8429,USW00014819,"CHICAGO MIDWAY AIRPORT, IL US",22.2,9.4,2024-10-02,22.11,8.91
8430,USW00014819,"CHICAGO MIDWAY AIRPORT, IL US",26.7,11.7,2024-10-03,25.61,10.11
8431,USW00014819,"CHICAGO MIDWAY AIRPORT, IL US",22.2,16.1,2024-10-04,21.58,13.58
8432,USW00014819,"CHICAGO MIDWAY AIRPORT, IL US",30,15.6,2024-10-05,29.25,14.43
8433,USW00014819,"CHICAGO MIDWAY AIRPORT, IL US",23.9,12.8,2024-10-06,23.83,13.35
8434,USW00014819,"CHICAGO MIDWAY AIRPORT, IL US",20.6,10,2024-10-07,19.71,9.33
8435,USW00014819,"CHICAGO MIDWAY AIRPORT, IL US",23.3,10,2024-10-08,23.08,8.52
8436,USW00014819,"CHICAGO MIDWAY AIRPORT, IL US",21.1,11.7,2024-10-09,21.04,9.29
8437,USW00014819,"CHICAGO MIDWAY AIRPORT, IL US",22.2,12.8,2024-10-10,21.94,10.8
8438,USW00014819,"CHICAGO MIDWAY AIRPORT, IL US",28.9,12.2,2024-10-11,28.47,10.78
8439,USW00014819,"CHICAGO MIDWAY AIRPORT, IL US",21.1,15,2024-10-12,21.07,13.93
8440,USW00014819,"CHICAGO MIDWAY AIRPORT, IL US",20,10,2024-10-13,19.62,10.58
8441,USW00014819,"CHICAGO MIDWAY AIRPORT, IL US",14.4,6.7,2024-10-14,13.87,6.68
8442,USW00014819,"CHICAGO MIDWAY AIRPORT, IL US",9.4,6.1,2024-10-15,10.74,5.14
8443,USW00014819,"CHICAGO MIDWAY AIRPORT, IL US",14.4,3.3,2024-10-16,13.88,3.03
8444,USW00014819,"CHICAGO MIDWAY AIRPORT, IL US",18.3,3.3,2024-10-17,18.19,2.46
8445,USW00014819,"CHICAGO MIDWAY AIRPORT, IL US",20.6,7.2,2024-10-18,20.56,4.78
8446,USW00014819,"CHICAGO MIDWAY AIRPORT, IL US",22.2,6.7,2024-10-19,22.05,5.98
8447,USW00014819,"CHICAGO MIDWAY AIRPORT, IL US",26.1,9.4,2024-10-20,25.73,8.47
8448,USW00014819,"CHICAGO MIDWAY AIRPORT, IL US",27.8,11.7,2024-10-21,27.6,10.75
8449,USW00014819,"CHICAGO MIDWAY AIRPORT, IL US",23.9,12.8,2024-10-22,23.45,11.06
8450,USW00014819,"CHICAGO MIDWAY AIRPORT, IL US",18.3,7.8,2024-10-23,17.99,8.44
8451,USW00014819,"CHICAGO MIDWAY AIRPORT, IL US",18.3,5.6,2024-10-24,18.14,4.61
8452,USW00014819,"CHICAGO MIDWAY AIRPORT, IL US",20,8.9,2024-10-25,18.9,6.92
8453,USW00014819,"CHICAGO MIDWAY AIRPORT, IL US",15,7.2,2024-10-26,14.46,6.15
8454,USW00014819,"CHICAGO MIDWAY AIRPORT, IL US",15,4.4,2024-10-27,15.01,3.05
8455,USW00014819,"CHICAGO MIDWAY AIRPORT, IL US",20,7.2,2024-10-28,19.89,4.79
8456,USW00014819,"CHICAGO MIDWAY AIRPORT, IL US",28.3,20,2024-10-29,27.79,15.35
8457,USW00014819,"CHICAGO MIDWAY AIRPORT, IL US",27.2,20.6,2024-10-30,26.64,19.88
8458,USW00014819,"CHICAGO MIDWAY AIRPORT, IL US",22.2,6.7,2024-10-31,20.78,9.27
8459,USW00014819,"CHICAGO MIDWAY AIRPORT, IL US",12.2,3.9,2024-11-01,11.52,3.68
8460,USW00014819,"CHICAGO MIDWAY AIRPORT, IL US",15,5,2024-11-02,14.45,3.04
8461,USW00014819,"CHICAGO MIDWAY AIRPORT, IL US",18.3,10,2024-11-03,18.13,7.61
8462,USW00014819,"CHICAGO MIDWAY AIRPORT, IL US",20.6,17.8,2024-11-04,20.08,15.14
8463,USW00014819,"CHICAGO MIDWAY AIRPORT, IL US",20,16.1,2024-11-05,19.28,15.89
8464,USW00014819,"CHICAGO MIDWAY AIRPORT, IL US",16.1,10.6,2024-11-06,14.69,10.19
8465,USW00014819,"CHICAGO MIDWAY AIRPORT, IL US",15.6,7.2,2024-11-07,14.91,6.83
8466,USW00014819,"CHICAGO MIDWAY AIRPORT, IL US",17.8,6.1,2024-11-08,17.15,5.62
8467,USW00014819,"CHICAGO MIDWAY AIRPORT, IL US",13.3,8.9,2024-11-09,12.66,7.04
8468,USW00014819,"CHICAGO MIDWAY AIRPORT, IL US",17.8,10,2024-11-10,17.35,8.61
8469,USW00014819,"CHICAGO MIDWAY AIRPORT, IL US",15,7.2,2024-11-11,14.69,7.36
8470,USW00014819,"CHICAGO MIDWAY AIRPORT, IL US",10,5.6,2024-11-12,10.16,5.19
8471,USW00014819,"CHICAGO MIDWAY AIRPORT, IL US",11.7,3.9,2024-11-13,11.42,4.15
8472,USW00014819,"CHICAGO MIDWAY AIRPORT, IL US",12.8,9.4,2024-11-14,12.22,7.73
8473,USW00014819,"CHICAGO MIDWAY AIRPORT, IL US",12.8,7.2,2024-11-15,12.16,7.06
8474,USW00014819,"CHICAGO MIDWAY AIRPORT, IL US",11.7,6.7,2024-11-16,11.18,6.09
8475,USW00014819,"CHICAGO MIDWAY AIRPORT, IL US",15.6,8.3,2024-11-17,15.12,7.55
8476,USW00014819,"CHICAGO MIDWAY AIRPORT, IL US",16.7,10.6,2024-11-18,15.41,8.96
8477,USW00014819,"CHICAGO MIDWAY AIRPORT, IL US",18.3,8.3,2024-11-19,17.73,8.89
8478,USW00014819,"CHICAGO MIDWAY AIRPORT, IL US",10,1.1,2024-11-20,9.66,1.7
8479,USW00014819,"CHICAGO MIDWAY AIRPORT, IL US",4.4,-0.5,2024-11-21,4.95,-1.51
8480,USW00014819,"CHICAGO MIDWAY AIRPORT, IL US",8.9,2.2,2024-11-22,8.4,1.31
8481,USW00014819,"CHICAGO MIDWAY AIRPORT, IL US",7.2,3.3,2024-11-23,6.27,3.15
8482,USW00014819,"CHICAGO MIDWAY AIRPORT, IL US",12.2,3.3,2024-11-24,11.53,2.75
8483,USW00014819,"CHICAGO MIDWAY AIRPORT, IL US",12.8,2.8,2024-11-25,11.98,2.65
8484,USW00014819,"CHICAGO MIDWAY AIRPORT, IL US",4.4,-2.7,2024-11-26,4.32,-3.08
8485,USW00014819,"CHICAGO MIDWAY AIRPORT, IL US",6.7,2.2,2024-11-27,6.34,0.27
8486,USW00014819,"CHICAGO MIDWAY AIRPORT, IL US",3.9,-2.1,2024-11-28,2.48,-2.6
8487,USW00014819,"CHICAGO MIDWAY AIRPORT, IL US",-1.6,-7.1,2024-11-29,-2.53,-6.72
8488,USW00014819,"CHICAGO MIDWAY AIRPORT, IL US",-3.2,-9.3,2024-11-30,-3.47,-9.93
8489,USW00014819,"CHICAGO MIDWAY AIRPORT, IL US",-2.1,-9.9,2024-12-01,-2.38,-10.17
8490,USW00014819,"CHICAGO MIDWAY AIRPORT, IL US",-2.1,-9.9,2024-12-02,-3,-9.92
8491,USW00014819,"CHICAGO MIDWAY AIRPORT, IL US",0,-7.7,2024-12-03,-0.66,-8.3
8492,USW00014819,"CHICAGO MIDWAY AIRPORT, IL US",4.4,-7.7,2024-12-04,4.02,-8.19
8493,USW00014819,"CHICAGO MIDWAY AIRPORT, IL US",-1.6,-10.5,2024-12-05,-1.73,-10.86
8494,USW00014819,"CHICAGO MIDWAY AIRPORT, IL US",0.6,-9.3,2024-12-06,0.22,-10.09
8495,USW00014819,"CHICAGO MIDWAY AIRPORT, IL US",10.6,-3.8,2024-12-07,10,-6.2
8496,USW00014819,"CHICAGO MIDWAY AIRPORT, IL US",13.9,4.4,2024-12-08,13.45,1.46
8497,USW00014819,"CHICAGO MIDWAY AIRPORT, IL US",12.8,7.2,2024-12-09,12.31,5.64
8498,USW00014819,"CHICAGO MIDWAY AIRPORT, IL US",7.2,-0.5,2024-12-10,5.12,-0.59
8499,USW00014819,"CHICAGO MIDWAY AIRPORT, IL US",0.6,-10.5,2024-12-11,0.23,-8.89
8500,USW00014819,"CHICAGO MIDWAY AIRPORT, IL US",-8.8,-14.9,2024-12-12,-8.91,-15.05
8501,USW00014819,"CHICAGO MIDWAY AIRPORT, IL US",-2.1,-12.7,2024-12-13,-2.4,-13.63
8502,USW00014819,"CHICAGO MIDWAY AIRPORT, IL US",5,-3.2,2024-12-14,4.18,-6.19
8503,USW00014819,"CHICAGO MIDWAY AIRPORT, IL US",7.8,4.4,2024-12-15,7.47,1.54
8504,USW00014819,"CHICAGO MIDWAY AIRPORT, IL US",12.2,2.8,2024-12-16,11.64,3.15
8505,USW00014819,"CHICAGO MIDWAY AIRPORT, IL US",3.9,0.6,2024-12-17,3.54,0.48
8506,USW00014819,"CHICAGO MIDWAY AIRPORT, IL US",2.8,-2.7,2024-12-18,2.51,-2.54
8507,USW00014819,"CHICAGO MIDWAY AIRPORT, IL US",1.1,-2.7,2024-12-19,0.85,-3.34
8508,USW00014819,"CHICAGO MIDWAY AIRPORT, IL US",2.2,-4.3,2024-12-20,1.49,-4.28
8509,USW00014819,"CHICAGO MIDWAY AIRPORT, IL US",-1.6,-8.2,2024-12-21,-2.3,-8.25
8510,USW00014819,"CHICAGO MIDWAY AIRPORT, IL US",1.1,-8.2,2024-12-22,0.88,-9.52
8511,USW00014819,"CHICAGO MIDWAY AIRPORT, IL US",5.6,0.6,2024-12-23,4.61,-1.94
8512,USW00014819,"CHICAGO MIDWAY AIRPORT, IL US",3.9,1.7,2024-12-24,3.46,0.26
8513,USW00014819,"CHICAGO MIDWAY AIRPORT, IL US",3.9,1.1,2024-12-25,3.71,0.09
8514,USW00014819,"CHICAGO MIDWAY AIRPORT, IL US",9.4,3.9,2024-12-26,8.74,2.56
8515,USW00014819,"CHICAGO MIDWAY AIRPORT, IL US",12.2,8.3,2024-12-27,11.48,6.04
8516,USW00014819,"CHICAGO MIDWAY AIRPORT, IL US",11.7,7.2,2024-12-28,11.38,6
8517,USW00014819,"CHICAGO MIDWAY AIRPORT, IL US",9.4,3.3,2024-12-29,7.87,3.27
8518,USW00014819,"CHICAGO MIDWAY AIRPORT, IL US",5.6,1.1,2024-12-30,5.68,0.68
8519,USW00014819,"CHICAGO MIDWAY AIRPORT, IL US",6.1,1.7,2024-12-30,5.68,0.68
