station,name,date,tavg_noaa,tavg_daymet,tavg_narr
USC00111550,"CHICAGO NORTHERLY ISLAND, IL US",2017-01-01,1.3,0.7,-1.8
USC00111550,"CHICAGO NORTHERLY ISLAND, IL US",2017-01-02,1.6,1.7,0.5
USC00111550,"CHICAGO NORTHERLY ISLAND, IL US",2017-01-03,0.5,1.5,2.7
USC00111550,"CHICAGO NORTHERLY ISLAND, IL US",2017-01-04,-8.2,-8.1,-6.1
USC00111550,"CHICAGO NORTHERLY ISLAND, IL US",2017-01-05,-11.7,-11.6,-12.8
USC00111550,"CHICAGO NORTHERLY ISLAND, IL US",2017-01-06,-13.7,-13.9,-12.8
USC00111550,"CHICAGO NORTHERLY ISLAND, IL US",2017-01-07,-10.5,-11.2,-11.7
USC00111550,"CHICAGO NORTHERLY ISLAND, IL US",2017-01-08,-10,-10.1,-11.9
USC00111550,"CHICAGO NORTHERLY ISLAND, IL US",2017-01-09,-2.5,-3,-6.3
USC00111550,"CHICAGO NORTHERLY ISLAND, IL US",2017-01-10,5.6,5,1.1
USC00111550,"CHICAGO NORTHERLY ISLAND, IL US",2017-01-11,3.6,3.4,1.4
USC00111550,"CHICAGO NORTHERLY ISLAND, IL US",2017-01-12,-3.2,-2.8,0.6
USC00111550,"CHICAGO NORTHERLY ISLAND, IL US",2017-01-13,-4.2,-4.1,-4.8
USC00111550,"CHICAGO NORTHERLY ISLAND, IL US",2017-01-14,-0.5,-1.6,-1.7
USC00111550,"CHICAGO NORTHERLY ISLAND, IL US",2017-01-15,-0.9,-1.5,-2.3
USC00111550,"CHICAGO NORTHERLY ISLAND, IL US",2017-01-16,1.5,1.8,-0.5
USC00111550,"CHICAGO NORTHERLY ISLAND, IL US",2017-01-17,4.4,3.8,3
USC00111550,"CHICAGO NORTHERLY ISLAND, IL US",2017-01-18,2.8,2.1,1.5
USC00111550,"CHICAGO NORTHERLY ISLAND, IL US",2017-01-19,1.8,2.7,2.2
USC00111550,"CHICAGO NORTHERLY ISLAND, IL US",2017-01-20,3,5.1,5
USC00111550,"CHICAGO NORTHERLY ISLAND, IL US",2017-01-21,10.2,10.8,7.2
USC00111550,"CHICAGO NORTHERLY ISLAND, IL US",2017-01-22,3.7,5.2,7.2
USC00111550,"CHICAGO NORTHERLY ISLAND, IL US",2017-01-23,4.3,4.4,3.7
USC00111550,"CHICAGO NORTHERLY ISLAND, IL US",2017-01-24,2.8,2.9,3.3
USC00111550,"CHICAGO NORTHERLY ISLAND, IL US",2017-01-25,4.1,4.5,4.4
USC00111550,"CHICAGO NORTHERLY ISLAND, IL US",2017-01-26,0.8,0.6,2.6
USC00111550,"CHICAGO NORTHERLY ISLAND, IL US",2017-01-27,-1.5,-1.9,-0.1
USC00111550,"CHICAGO NORTHERLY ISLAND, IL US",2017-01-28,-2.2,-2.2,-1.5
USC00111550,"CHICAGO NORTHERLY ISLAND, IL US",2017-01-29,-3.3,-3.1,-2.7
USC00111550,"CHICAGO NORTHERLY ISLAND, IL US",2017-01-30,-1.1,-1.8,-4.3
USC00111550,"CHICAGO NORTHERLY ISLAND, IL US",2017-01-31,3.9,2.2,0.6
USC00111550,"CHICAGO NORTHERLY ISLAND, IL US",2017-02-01,0.3,0.7,0.5
USC00111550,"CHICAGO NORTHERLY ISLAND, IL US",2017-02-02,-6.2,-6,-5.7
USC00111550,"CHICAGO NORTHERLY ISLAND, IL US",2017-02-03,-4.5,-4.8,-7.7
USC00111550,"CHICAGO NORTHERLY ISLAND, IL US",2017-02-04,-2.4,-3.3,-5.9
USC00111550,"CHICAGO NORTHERLY ISLAND, IL US",2017-02-05,1.9,0.7,0.1
USC00111550,"CHICAGO NORTHERLY ISLAND, IL US",2017-02-06,7.1,6,0.4
USC00111550,"CHICAGO NORTHERLY ISLAND, IL US",2017-02-07,7.2,6.7,7.2
USC00111550,"CHICAGO NORTHERLY ISLAND, IL US",2017-02-08,-2,-1.5,0.8
USC00111550,"CHICAGO NORTHERLY ISLAND, IL US",2017-02-09,-5.9,-6.2,-7.9
USC00111550,"CHICAGO NORTHERLY ISLAND, IL US",2017-02-10,1.3,0.1,-5.1
USC00111550,"CHICAGO NORTHERLY ISLAND, IL US",2017-02-11,6.3,5.7,1.4
USC00111550,"CHICAGO NORTHERLY ISLAND, IL US",2017-02-12,5.2,5.5,3.1
USC00111550,"CHICAGO NORTHERLY ISLAND, IL US",2017-02-13,3.8,3.4,1.4
USC00111550,"CHICAGO NORTHERLY ISLAND, IL US",2017-02-14,6.5,6.3,2
USC00111550,"CHICAGO NORTHERLY ISLAND, IL US",2017-02-15,0.4,0.1,0.4
USC00111550,"CHICAGO NORTHERLY ISLAND, IL US",2017-02-16,2.2,2.2,0
USC00111550,"CHICAGO NORTHERLY ISLAND, IL US",2017-02-17,11.2,10.7,4
USC00111550,"CHICAGO NORTHERLY ISLAND, IL US",2017-02-18,13.3,13.9,8.3
USC00111550,"CHICAGO NORTHERLY ISLAND, IL US",2017-02-19,9.6,11.3,8.6
USC00111550,"CHICAGO NORTHERLY ISLAND, IL US",2017-02-20,10.4,13.3,9.5
USC00111550,"CHICAGO NORTHERLY ISLAND, IL US",2017-02-21,13.2,14.9,14.1
USC00111550,"CHICAGO NORTHERLY ISLAND, IL US",2017-02-22,16.1,15.7,13.4
USC00111550,"CHICAGO NORTHERLY ISLAND, IL US",2017-02-23,10.2,10.5,11.6
USC00111550,"CHICAGO NORTHERLY ISLAND, IL US",2017-02-24,3.9,4.7,7.8
USC00111550,"CHICAGO NORTHERLY ISLAND, IL US",2017-02-25,-1.3,-1.4,0.6
USC00111550,"CHICAGO NORTHERLY ISLAND, IL US",2017-02-26,3.9,3.1,-0.2
USC00111550,"CHICAGO NORTHERLY ISLAND, IL US",2017-02-27,5.5,6.3,3.1
USC00111550,"CHICAGO NORTHERLY ISLAND, IL US",2017-02-28,10.5,10.9,9.1
USC00111550,"CHICAGO NORTHERLY ISLAND, IL US",2017-03-01,7.1,6.8,12.3
USC00111550,"CHICAGO NORTHERLY ISLAND, IL US",2017-03-02,-0.2,0.1,1.2
USC00111550,"CHICAGO NORTHERLY ISLAND, IL US",2017-03-03,-2.2,-2.1,-1.9
USC00111550,"CHICAGO NORTHERLY ISLAND, IL US",2017-03-04,0.6,1.1,0.5
USC00111550,"CHICAGO NORTHERLY ISLAND, IL US",2017-03-05,9.7,9.4,4
USC00111550,"CHICAGO NORTHERLY ISLAND, IL US",2017-03-06,14.6,13.9,10.7
USC00111550,"CHICAGO NORTHERLY ISLAND, IL US",2017-03-07,13.6,12.5,12.8
USC00111550,"CHICAGO NORTHERLY ISLAND, IL US",2017-03-08,8.4,8.6,5.3
USC00111550,"CHICAGO NORTHERLY ISLAND, IL US",2017-03-09,3.8,3.4,3
USC00111550,"CHICAGO NORTHERLY ISLAND, IL US",2017-03-10,-0.3,-0.5,-1.3
USC00111550,"CHICAGO NORTHERLY ISLAND, IL US",2017-03-11,-4.8,-4.1,-5
USC00111550,"CHICAGO NORTHERLY ISLAND, IL US",2017-03-12,-2.3,-2.3,-3.2
USC00111550,"CHICAGO NORTHERLY ISLAND, IL US",2017-03-13,-2,-2,-2.2
USC00111550,"CHICAGO NORTHERLY ISLAND, IL US",2017-03-14,-3.7,-3.9,-2.7
USC00111550,"CHICAGO NORTHERLY ISLAND, IL US",2017-03-15,-2.3,-2.8,-5.4
USC00111550,"CHICAGO NORTHERLY ISLAND, IL US",2017-03-16,1.3,-0.2,-4.6
USC00111550,"CHICAGO NORTHERLY ISLAND, IL US",2017-03-17,5.8,4.6,0.6
USC00111550,"CHICAGO NORTHERLY ISLAND, IL US",2017-03-18,5.4,4.9,2.7
USC00111550,"CHICAGO NORTHERLY ISLAND, IL US",2017-03-19,6.1,6.1,3.3
USC00111550,"CHICAGO NORTHERLY ISLAND, IL US",2017-03-20,7.4,8.3,6.1
USC00111550,"CHICAGO NORTHERLY ISLAND, IL US",2017-03-21,5.7,6.8,5.4
USC00111550,"CHICAGO NORTHERLY ISLAND, IL US",2017-03-22,-0.5,0.3,1.1
USC00111550,"CHICAGO NORTHERLY ISLAND, IL US",2017-03-23,6.1,5.6,2.1
USC00111550,"CHICAGO NORTHERLY ISLAND, IL US",2017-03-24,17.1,16.9,11.5
USC00111550,"CHICAGO NORTHERLY ISLAND, IL US",2017-03-25,5.7,8.3,10.4
USC00111550,"CHICAGO NORTHERLY ISLAND, IL US",2017-03-26,11.7,12.3,12.9
USC00111550,"CHICAGO NORTHERLY ISLAND, IL US",2017-03-27,8,8.7,12.9
USC00111550,"CHICAGO NORTHERLY ISLAND, IL US",2017-03-28,3.8,5.2,11
USC00111550,"CHICAGO NORTHERLY ISLAND, IL US",2017-03-29,3.9,5.7,6.7
USC00111550,"CHICAGO NORTHERLY ISLAND, IL US",2017-03-30,4.7,5.8,7.5
USC00111550,"CHICAGO NORTHERLY ISLAND, IL US",2017-03-31,3.5,4.1,5.4
USC00111550,"CHICAGO NORTHERLY ISLAND, IL US",2017-04-01,6.5,7.5,5.5
USC00111550,"CHICAGO NORTHERLY ISLAND, IL US",2017-04-02,8,10.3,8.7
USC00111550,"CHICAGO NORTHERLY ISLAND, IL US",2017-04-03,6.7,9.5,9.6
USC00111550,"CHICAGO NORTHERLY ISLAND, IL US",2017-04-04,7.4,9.2,10.3
USC00111550,"CHICAGO NORTHERLY ISLAND, IL US",2017-04-05,4.7,6,7.2
USC00111550,"CHICAGO NORTHERLY ISLAND, IL US",2017-04-06,5.2,6.3,4.9
USC00111550,"CHICAGO NORTHERLY ISLAND, IL US",2017-04-07,6.9,7.3,4.3
USC00111550,"CHICAGO NORTHERLY ISLAND, IL US",2017-04-08,13.7,12.9,8
USC00111550,"CHICAGO NORTHERLY ISLAND, IL US",2017-04-09,20.2,19.4,13.5
USC00111550,"CHICAGO NORTHERLY ISLAND, IL US",2017-04-10,16.3,17.9,18.3
USC00111550,"CHICAGO NORTHERLY ISLAND, IL US",2017-04-11,8.9,9.5,14.8
USC00111550,"CHICAGO NORTHERLY ISLAND, IL US",2017-04-12,8.1,8.7,11.5
USC00111550,"CHICAGO NORTHERLY ISLAND, IL US",2017-04-13,8.6,10.9,10.8
USC00111550,"CHICAGO NORTHERLY ISLAND, IL US",2017-04-14,13.5,15,14.7
USC00111550,"CHICAGO NORTHERLY ISLAND, IL US",2017-04-15,20.6,21.5,20.8
USC00111550,"CHICAGO NORTHERLY ISLAND, IL US",2017-04-16,19.4,19.4,19.8
USC00111550,"CHICAGO NORTHERLY ISLAND, IL US",2017-04-17,12.8,14.5,14.2
USC00111550,"CHICAGO NORTHERLY ISLAND, IL US",2017-04-18,17.2,17,14.5
USC00111550,"CHICAGO NORTHERLY ISLAND, IL US",2017-04-19,14.9,16,16.9
USC00111550,"CHICAGO NORTHERLY ISLAND, IL US",2017-04-20,16.9,17.3,18.4
USC00111550,"CHICAGO NORTHERLY ISLAND, IL US",2017-04-21,9.1,9.6,11.3
USC00111550,"CHICAGO NORTHERLY ISLAND, IL US",2017-04-22,8.8,9.9,7.8
USC00111550,"CHICAGO NORTHERLY ISLAND, IL US",2017-04-23,11.9,12.8,10.1
USC00111550,"CHICAGO NORTHERLY ISLAND, IL US",2017-04-24,11.7,14.4,13.6
USC00111550,"CHICAGO NORTHERLY ISLAND, IL US",2017-04-25,16.3,18.9,14.5
USC00111550,"CHICAGO NORTHERLY ISLAND, IL US",2017-04-26,19.8,21,18.7
USC00111550,"CHICAGO NORTHERLY ISLAND, IL US",2017-04-27,12.1,12.5,14.1
USC00111550,"CHICAGO NORTHERLY ISLAND, IL US",2017-04-28,8.7,10.5,10.4
USC00111550,"CHICAGO NORTHERLY ISLAND, IL US",2017-04-29,6.1,7.1,10
USC00111550,"CHICAGO NORTHERLY ISLAND, IL US",2017-04-30,9.3,9.3,7.7
USC00111550,"CHICAGO NORTHERLY ISLAND, IL US",2017-05-01,10.9,11.4,13.4
USC00111550,"CHICAGO NORTHERLY ISLAND, IL US",2017-05-02,8,8.3,7.9
USC00111550,"CHICAGO NORTHERLY ISLAND, IL US",2017-05-03,8.8,8.8,9.3
USC00111550,"CHICAGO NORTHERLY ISLAND, IL US",2017-05-04,8.5,9.1,9.9
USC00111550,"CHICAGO NORTHERLY ISLAND, IL US",2017-05-05,8.4,9.7,8.8
USC00111550,"CHICAGO NORTHERLY ISLAND, IL US",2017-05-06,8.8,9.9,9.5
USC00111550,"CHICAGO NORTHERLY ISLAND, IL US",2017-05-07,7.7,8.5,8.1
USC00111550,"CHICAGO NORTHERLY ISLAND, IL US",2017-05-08,6.5,7.7,7.3
USC00111550,"CHICAGO NORTHERLY ISLAND, IL US",2017-05-09,8.3,10.8,8.7
USC00111550,"CHICAGO NORTHERLY ISLAND, IL US",2017-05-10,11.3,13.4,12.8
USC00111550,"CHICAGO NORTHERLY ISLAND, IL US",2017-05-11,11.5,13.2,13.1
USC00111550,"CHICAGO NORTHERLY ISLAND, IL US",2017-05-12,12.1,14.3,13.7
USC00111550,"CHICAGO NORTHERLY ISLAND, IL US",2017-05-13,19.7,19.3,16.5
USC00111550,"CHICAGO NORTHERLY ISLAND, IL US",2017-05-14,11.9,15,18.9
USC00111550,"CHICAGO NORTHERLY ISLAND, IL US",2017-05-15,16,19.2,17.6
USC00111550,"CHICAGO NORTHERLY ISLAND, IL US",2017-05-16,23.9,25,22
USC00111550,"CHICAGO NORTHERLY ISLAND, IL US",2017-05-17,24.2,25.1,23.7
USC00111550,"CHICAGO NORTHERLY ISLAND, IL US",2017-05-18,18.8,20.9,22.6
USC00111550,"CHICAGO NORTHERLY ISLAND, IL US",2017-05-19,8.3,9.5,12.3
USC00111550,"CHICAGO NORTHERLY ISLAND, IL US",2017-05-20,12.6,13.7,11.4
USC00111550,"CHICAGO NORTHERLY ISLAND, IL US",2017-05-21,15.8,15.7,18.1
USC00111550,"CHICAGO NORTHERLY ISLAND, IL US",2017-05-22,18.1,17.6,14.4
USC00111550,"CHICAGO NORTHERLY ISLAND, IL US",2017-05-23,14.9,16,15.9
USC00111550,"CHICAGO NORTHERLY ISLAND, IL US",2017-05-24,11.5,13.3,15.8
USC00111550,"CHICAGO NORTHERLY ISLAND, IL US",2017-05-25,14.5,15.5,13.6
USC00111550,"CHICAGO NORTHERLY ISLAND, IL US",2017-05-26,14.6,16.5,15.4
USC00111550,"CHICAGO NORTHERLY ISLAND, IL US",2017-05-27,14.1,17.6,17.7
USC00111550,"CHICAGO NORTHERLY ISLAND, IL US",2017-05-28,18.9,19.8,18.5
USC00111550,"CHICAGO NORTHERLY ISLAND, IL US",2017-05-29,20.5,20.7,18.8
USC00111550,"CHICAGO NORTHERLY ISLAND, IL US",2017-05-30,19.1,18.9,16.2
USC00111550,"CHICAGO NORTHERLY ISLAND, IL US",2017-05-31,19.1,18.5,16.1
USC00111550,"CHICAGO NORTHERLY ISLAND, IL US",2017-06-01,16.3,18.4,16.5
USC00111550,"CHICAGO NORTHERLY ISLAND, IL US",2017-06-02,20.3,21.8,19.4
USC00111550,"CHICAGO NORTHERLY ISLAND, IL US",2017-06-03,23.7,23.6,20.7
USC00111550,"CHICAGO NORTHERLY ISLAND, IL US",2017-06-04,26.2,27.2,23.5
USC00111550,"CHICAGO NORTHERLY ISLAND, IL US",2017-06-05,18.7,19.8,21.8
USC00111550,"CHICAGO NORTHERLY ISLAND, IL US",2017-06-06,16.5,17.6,16.3
USC00111550,"CHICAGO NORTHERLY ISLAND, IL US",2017-06-07,17.2,18.3,16.5
USC00111550,"CHICAGO NORTHERLY ISLAND, IL US",2017-06-08,19.3,20.6,18.3
USC00111550,"CHICAGO NORTHERLY ISLAND, IL US",2017-06-09,23.3,24.5,20.9
USC00111550,"CHICAGO NORTHERLY ISLAND, IL US",2017-06-10,25.4,26.5,22.8
USC00111550,"CHICAGO NORTHERLY ISLAND, IL US",2017-06-11,28.9,28.9,23.1
USC00111550,"CHICAGO NORTHERLY ISLAND, IL US",2017-06-12,27.8,29.5,26
USC00111550,"CHICAGO NORTHERLY ISLAND, IL US",2017-06-13,21.5,25.4,27.8
USC00111550,"CHICAGO NORTHERLY ISLAND, IL US",2017-06-14,26.1,27,27.8
USC00111550,"CHICAGO NORTHERLY ISLAND, IL US",2017-06-15,25.6,26.9,25.8
USC00111550,"CHICAGO NORTHERLY ISLAND, IL US",2017-06-16,25.6,25.8,25.1
USC00111550,"CHICAGO NORTHERLY ISLAND, IL US",2017-06-17,25.4,26.6,25.6
USC00111550,"CHICAGO NORTHERLY ISLAND, IL US",2017-06-18,23.8,24.3,25.3
USC00111550,"CHICAGO NORTHERLY ISLAND, IL US",2017-06-19,21.9,21.9,20.9
USC00111550,"CHICAGO NORTHERLY ISLAND, IL US",2017-06-20,21.4,21.6,19.7
USC00111550,"CHICAGO NORTHERLY ISLAND, IL US",2017-06-21,18.8,20.2,20.7
USC00111550,"CHICAGO NORTHERLY ISLAND, IL US",2017-06-22,25.8,26.6,23.8
USC00111550,"CHICAGO NORTHERLY ISLAND, IL US",2017-06-23,22.6,24,23.5
USC00111550,"CHICAGO NORTHERLY ISLAND, IL US",2017-06-24,21.1,20.7,19.7
USC00111550,"CHICAGO NORTHERLY ISLAND, IL US",2017-06-25,18.8,18.9,15.8
USC00111550,"CHICAGO NORTHERLY ISLAND, IL US",2017-06-26,19.1,18.5,16.1
USC00111550,"CHICAGO NORTHERLY ISLAND, IL US",2017-06-27,18.3,19.1,16.6
USC00111550,"CHICAGO NORTHERLY ISLAND, IL US",2017-06-28,23.1,22.2,17.6
USC00111550,"CHICAGO NORTHERLY ISLAND, IL US",2017-06-29,23.9,24.4,24.3
USC00111550,"CHICAGO NORTHERLY ISLAND, IL US",2017-06-30,22.8,24.2,24.4
USC00111550,"CHICAGO NORTHERLY ISLAND, IL US",2017-07-01,24.7,24.7,23.7
USC00111550,"CHICAGO NORTHERLY ISLAND, IL US",2017-07-02,26.3,25.4,22.1
USC00111550,"CHICAGO NORTHERLY ISLAND, IL US",2017-07-03,21.3,22.9,23.2
USC00111550,"CHICAGO NORTHERLY ISLAND, IL US",2017-07-04,22.4,23.6,22
USC00111550,"CHICAGO NORTHERLY ISLAND, IL US",2017-07-05,23.2,25.4,23.5
USC00111550,"CHICAGO NORTHERLY ISLAND, IL US",2017-07-06,28,27.9,26.4
USC00111550,"CHICAGO NORTHERLY ISLAND, IL US",2017-07-07,25,25.5,25.8
USC00111550,"CHICAGO NORTHERLY ISLAND, IL US",2017-07-08,20.8,21.4,22.5
USC00111550,"CHICAGO NORTHERLY ISLAND, IL US",2017-07-09,25.3,24.2,21.3
USC00111550,"CHICAGO NORTHERLY ISLAND, IL US",2017-07-10,24.8,25.1,24.4
USC00111550,"CHICAGO NORTHERLY ISLAND, IL US",2017-07-11,24.5,25.6,27.1
USC00111550,"CHICAGO NORTHERLY ISLAND, IL US",2017-07-12,23.7,24.1,26.8
USC00111550,"CHICAGO NORTHERLY ISLAND, IL US",2017-07-13,26.3,25.8,27.5
USC00111550,"CHICAGO NORTHERLY ISLAND, IL US",2017-07-14,21.3,21.3,23.3
USC00111550,"CHICAGO NORTHERLY ISLAND, IL US",2017-07-15,23.5,23,20.4
USC00111550,"CHICAGO NORTHERLY ISLAND, IL US",2017-07-16,22.2,22,22.3
USC00111550,"CHICAGO NORTHERLY ISLAND, IL US",2017-07-17,20.2,20.4,20.4
USC00111550,"CHICAGO NORTHERLY ISLAND, IL US",2017-07-18,23.9,24.4,21
USC00111550,"CHICAGO NORTHERLY ISLAND, IL US",2017-07-19,24.6,25.5,25.7
USC00111550,"CHICAGO NORTHERLY ISLAND, IL US",2017-07-20,26.4,27,26.3
USC00111550,"CHICAGO NORTHERLY ISLAND, IL US",2017-07-21,25.2,26.9,26.9
USC00111550,"CHICAGO NORTHERLY ISLAND, IL US",2017-07-22,24.1,26.3,27.5
USC00111550,"CHICAGO NORTHERLY ISLAND, IL US",2017-07-23,25.6,27.2,24.9
USC00111550,"CHICAGO NORTHERLY ISLAND, IL US",2017-07-24,21.1,21.4,22.8
USC00111550,"CHICAGO NORTHERLY ISLAND, IL US",2017-07-25,22.8,23.2,19.6
USC00111550,"CHICAGO NORTHERLY ISLAND, IL US",2017-07-26,25.7,25.3,21.4
USC00111550,"CHICAGO NORTHERLY ISLAND, IL US",2017-07-27,23.8,24.6,25.1
USC00111550,"CHICAGO NORTHERLY ISLAND, IL US",2017-07-28,22.8,23.3,22.3
USC00111550,"CHICAGO NORTHERLY ISLAND, IL US",2017-07-29,22.2,22,20.5
USC00111550,"CHICAGO NORTHERLY ISLAND, IL US",2017-07-30,23.4,23.4,20.9
USC00111550,"CHICAGO NORTHERLY ISLAND, IL US",2017-07-31,24.3,24.6,22.4
USC00111550,"CHICAGO NORTHERLY ISLAND, IL US",2017-08-01,23.9,25,23.1
USC00111550,"CHICAGO NORTHERLY ISLAND, IL US",2017-08-02,25.2,25.4,22.9
USC00111550,"CHICAGO NORTHERLY ISLAND, IL US",2017-08-03,24.7,24.7,22.8
USC00111550,"CHICAGO NORTHERLY ISLAND, IL US",2017-08-04,17.2,17.4,18.7
USC00111550,"CHICAGO NORTHERLY ISLAND, IL US",2017-08-05,21.9,21.5,17.7
USC00111550,"CHICAGO NORTHERLY ISLAND, IL US",2017-08-06,23.2,22.1,19.9
USC00111550,"CHICAGO NORTHERLY ISLAND, IL US",2017-08-07,21.3,21,20.4
USC00111550,"CHICAGO NORTHERLY ISLAND, IL US",2017-08-08,22.5,22.3,20.5
USC00111550,"CHICAGO NORTHERLY ISLAND, IL US",2017-08-09,23.6,23.4,20
USC00111550,"CHICAGO NORTHERLY ISLAND, IL US",2017-08-10,25,24.2,20.9
USC00111550,"CHICAGO NORTHERLY ISLAND, IL US",2017-08-11,23.4,23.1,22.2
USC00111550,"CHICAGO NORTHERLY ISLAND, IL US",2017-08-12,21.3,20.8,20.5
USC00111550,"CHICAGO NORTHERLY ISLAND, IL US",2017-08-13,21.3,20.8,20.4
USC00111550,"CHICAGO NORTHERLY ISLAND, IL US",2017-08-14,23.2,23.5,22.5
USC00111550,"CHICAGO NORTHERLY ISLAND, IL US",2017-08-15,24.1,24.3,23.6
USC00111550,"CHICAGO NORTHERLY ISLAND, IL US",2017-08-16,24.5,25.5,22.3
USC00111550,"CHICAGO NORTHERLY ISLAND, IL US",2017-08-17,25.6,25.8,25.9
USC00111550,"CHICAGO NORTHERLY ISLAND, IL US",2017-08-18,25,24.7,22.3
USC00111550,"CHICAGO NORTHERLY ISLAND, IL US",2017-08-19,22.8,23.4,22.2
USC00111550,"CHICAGO NORTHERLY ISLAND, IL US",2017-08-20,25.4,25.5,22.6
USC00111550,"CHICAGO NORTHERLY ISLAND, IL US",2017-08-21,26.1,26.5,25.8
USC00111550,"CHICAGO NORTHERLY ISLAND, IL US",2017-08-22,24.4,24.1,26.1
USC00111550,"CHICAGO NORTHERLY ISLAND, IL US",2017-08-23,20.9,21,18.4
USC00111550,"CHICAGO NORTHERLY ISLAND, IL US",2017-08-24,20.4,19.8,18.8
USC00111550,"CHICAGO NORTHERLY ISLAND, IL US",2017-08-25,18.7,18.4,18.1
USC00111550,"CHICAGO NORTHERLY ISLAND, IL US",2017-08-26,20.4,20.3,18.6
USC00111550,"CHICAGO NORTHERLY ISLAND, IL US",2017-08-27,21.9,21.8,19.9
USC00111550,"CHICAGO NORTHERLY ISLAND, IL US",2017-08-28,21.8,22.5,20.7
USC00111550,"CHICAGO NORTHERLY ISLAND, IL US",2017-08-29,21.3,21.3,20.9
USC00111550,"CHICAGO NORTHERLY ISLAND, IL US",2017-08-30,21.8,22,20.2
USC00111550,"CHICAGO NORTHERLY ISLAND, IL US",2017-08-31,20.4,20.6,21.2
USC00111550,"CHICAGO NORTHERLY ISLAND, IL US",2017-09-01,17.4,17.5,17.2
USC00111550,"CHICAGO NORTHERLY ISLAND, IL US",2017-09-02,19.3,17.9,15.9
USC00111550,"CHICAGO NORTHERLY ISLAND, IL US",2017-09-03,22.6,22.3,19.4
USC00111550,"CHICAGO NORTHERLY ISLAND, IL US",2017-09-04,24.3,24.1,20.6
USC00111550,"CHICAGO NORTHERLY ISLAND, IL US",2017-09-05,18,18.1,16.8
USC00111550,"CHICAGO NORTHERLY ISLAND, IL US",2017-09-06,15.8,15.7,13.5
USC00111550,"CHICAGO NORTHERLY ISLAND, IL US",2017-09-07,17.8,17,13.7
USC00111550,"CHICAGO NORTHERLY ISLAND, IL US",2017-09-08,17.8,17.5,16.9
USC00111550,"CHICAGO NORTHERLY ISLAND, IL US",2017-09-09,17.7,18,16
USC00111550,"CHICAGO NORTHERLY ISLAND, IL US",2017-09-10,16.6,16.8,15
USC00111550,"CHICAGO NORTHERLY ISLAND, IL US",2017-09-11,18,18.1,16.3
USC00111550,"CHICAGO NORTHERLY ISLAND, IL US",2017-09-12,20.6,19.5,18.2
USC00111550,"CHICAGO NORTHERLY ISLAND, IL US",2017-09-13,19.9,20,18.7
USC00111550,"CHICAGO NORTHERLY ISLAND, IL US",2017-09-14,20.5,21.3,19.4
USC00111550,"CHICAGO NORTHERLY ISLAND, IL US",2017-09-15,22.7,24.3,21.2
USC00111550,"CHICAGO NORTHERLY ISLAND, IL US",2017-09-16,26.2,26.2,22.5
USC00111550,"CHICAGO NORTHERLY ISLAND, IL US",2017-09-17,24.4,25.6,22.5
USC00111550,"CHICAGO NORTHERLY ISLAND, IL US",2017-09-18,20.2,20.3,20.4
USC00111550,"CHICAGO NORTHERLY ISLAND, IL US",2017-09-19,21,21.7,20.9
USC00111550,"CHICAGO NORTHERLY ISLAND, IL US",2017-09-20,27.3,26.8,22.5
USC00111550,"CHICAGO NORTHERLY ISLAND, IL US",2017-09-21,28.3,28.8,26.4
USC00111550,"CHICAGO NORTHERLY ISLAND, IL US",2017-09-22,28.3,29.4,27
USC00111550,"CHICAGO NORTHERLY ISLAND, IL US",2017-09-23,25.4,28.4,27.1
USC00111550,"CHICAGO NORTHERLY ISLAND, IL US",2017-09-24,25,27.6,25.7
USC00111550,"CHICAGO NORTHERLY ISLAND, IL US",2017-09-25,24.6,26.9,23.6
USC00111550,"CHICAGO NORTHERLY ISLAND, IL US",2017-09-26,28.3,28.2,23.9
USC00111550,"CHICAGO NORTHERLY ISLAND, IL US",2017-09-27,19.7,20.1,21.7
USC00111550,"CHICAGO NORTHERLY ISLAND, IL US",2017-09-28,17.8,17.8,16.2
USC00111550,"CHICAGO NORTHERLY ISLAND, IL US",2017-09-29,18.5,17.9,16.1
USC00111550,"CHICAGO NORTHERLY ISLAND, IL US",2017-09-30,16.1,16.1,14.4
USC00111550,"CHICAGO NORTHERLY ISLAND, IL US",2017-10-01,17.4,16.8,13.5
USC00111550,"CHICAGO NORTHERLY ISLAND, IL US",2017-10-02,23.5,22.4,18.6
USC00111550,"CHICAGO NORTHERLY ISLAND, IL US",2017-10-03,22.8,22.9,21.9
USC00111550,"CHICAGO NORTHERLY ISLAND, IL US",2017-10-04,20.2,20.9,23.7
USC00111550,"CHICAGO NORTHERLY ISLAND, IL US",2017-10-05,18.4,19,19.6
USC00111550,"CHICAGO NORTHERLY ISLAND, IL US",2017-10-06,18.8,19.1,20.2
USC00111550,"CHICAGO NORTHERLY ISLAND, IL US",2017-10-07,22.5,22.5,21.4
USC00111550,"CHICAGO NORTHERLY ISLAND, IL US",2017-10-08,19.3,20.4,18.5
USC00111550,"CHICAGO NORTHERLY ISLAND, IL US",2017-10-09,20.4,20.8,19.9
USC00111550,"CHICAGO NORTHERLY ISLAND, IL US",2017-10-10,16.1,17.3,17.9
USC00111550,"CHICAGO NORTHERLY ISLAND, IL US",2017-10-11,15.6,15.4,14.8
USC00111550,"CHICAGO NORTHERLY ISLAND, IL US",2017-10-12,14.7,14.7,15.3
USC00111550,"CHICAGO NORTHERLY ISLAND, IL US",2017-10-13,18.9,18.7,16.8
USC00111550,"CHICAGO NORTHERLY ISLAND, IL US",2017-10-14,16.9,17.8,19.8
USC00111550,"CHICAGO NORTHERLY ISLAND, IL US",2017-10-15,15.5,15.2,17.6
USC00111550,"CHICAGO NORTHERLY ISLAND, IL US",2017-10-16,13.5,13,10.7
USC00111550,"CHICAGO NORTHERLY ISLAND, IL US",2017-10-17,16.7,16.1,10.7
USC00111550,"CHICAGO NORTHERLY ISLAND, IL US",2017-10-18,17,16.6,12.4
USC00111550,"CHICAGO NORTHERLY ISLAND, IL US",2017-10-19,15.8,16,14
USC00111550,"CHICAGO NORTHERLY ISLAND, IL US",2017-10-20,21.5,19.9,15.5
USC00111550,"CHICAGO NORTHERLY ISLAND, IL US",2017-10-21,21.9,21.3,17.2
USC00111550,"CHICAGO NORTHERLY ISLAND, IL US",2017-10-22,17.5,18.4,18.8
USC00111550,"CHICAGO NORTHERLY ISLAND, IL US",2017-10-23,11.3,11.9,12.1
USC00111550,"CHICAGO NORTHERLY ISLAND, IL US",2017-10-24,8.8,8.4,8.6
USC00111550,"CHICAGO NORTHERLY ISLAND, IL US",2017-10-25,8.9,8.2,5.2
USC00111550,"CHICAGO NORTHERLY ISLAND, IL US",2017-10-26,11.4,10.3,7.1
USC00111550,"CHICAGO NORTHERLY ISLAND, IL US",2017-10-27,9.1,7.9,7.7
USC00111550,"CHICAGO NORTHERLY ISLAND, IL US",2017-10-28,4.1,3.9,2.7
USC00111550,"CHICAGO NORTHERLY ISLAND, IL US",2017-10-29,5.6,5.3,4.3
USC00111550,"CHICAGO NORTHERLY ISLAND, IL US",2017-10-30,7,7.1,5
USC00111550,"CHICAGO NORTHERLY ISLAND, IL US",2017-10-31,3.3,3.9,4
USC00111550,"CHICAGO NORTHERLY ISLAND, IL US",2017-11-01,5.5,5.4,4.4
USC00111550,"CHICAGO NORTHERLY ISLAND, IL US",2017-11-02,9.3,9,9.6
USC00111550,"CHICAGO NORTHERLY ISLAND, IL US",2017-11-03,7.7,7.6,9.4
USC00111550,"CHICAGO NORTHERLY ISLAND, IL US",2017-11-04,9.1,8.7,8.1
USC00111550,"CHICAGO NORTHERLY ISLAND, IL US",2017-11-05,9.6,9.6,12.5
USC00111550,"CHICAGO NORTHERLY ISLAND, IL US",2017-11-06,5,4.9,6.2
USC00111550,"CHICAGO NORTHERLY ISLAND, IL US",2017-11-07,6.6,5.5,5.8
USC00111550,"CHICAGO NORTHERLY ISLAND, IL US",2017-11-08,5.9,4.6,2.9
USC00111550,"CHICAGO NORTHERLY ISLAND, IL US",2017-11-09,3,3.4,2.1
USC00111550,"CHICAGO NORTHERLY ISLAND, IL US",2017-11-10,-2.2,-2.5,-2.4
USC00111550,"CHICAGO NORTHERLY ISLAND, IL US",2017-11-11,1.1,0.4,-1.1
USC00111550,"CHICAGO NORTHERLY ISLAND, IL US",2017-11-12,4.7,3.5,2.5
USC00111550,"CHICAGO NORTHERLY ISLAND, IL US",2017-11-13,4.1,3.5,3
USC00111550,"CHICAGO NORTHERLY ISLAND, IL US",2017-11-14,6.1,5.6,4
USC00111550,"CHICAGO NORTHERLY ISLAND, IL US",2017-11-15,7.1,7.3,7.5
USC00111550,"CHICAGO NORTHERLY ISLAND, IL US",2017-11-16,2.8,2.7,3
USC00111550,"CHICAGO NORTHERLY ISLAND, IL US",2017-11-17,5.7,5.7,3.2
USC00111550,"CHICAGO NORTHERLY ISLAND, IL US",2017-11-18,5.9,5.7,6.8
USC00111550,"CHICAGO NORTHERLY ISLAND, IL US",2017-11-19,1.9,1.7,0.7
USC00111550,"CHICAGO NORTHERLY ISLAND, IL US",2017-11-20,7.1,6.4,1.2
USC00111550,"CHICAGO NORTHERLY ISLAND, IL US",2017-11-21,3.7,4.3,2.4
USC00111550,"CHICAGO NORTHERLY ISLAND, IL US",2017-11-22,0,-0.2,-0.7
USC00111550,"CHICAGO NORTHERLY ISLAND, IL US",2017-11-23,5,4.6,0.6
USC00111550,"CHICAGO NORTHERLY ISLAND, IL US",2017-11-24,10.6,9.8,2.7
USC00111550,"CHICAGO NORTHERLY ISLAND, IL US",2017-11-25,8.6,8.2,5.9
USC00111550,"CHICAGO NORTHERLY ISLAND, IL US",2017-11-26,5.7,5.1,1.7
USC00111550,"CHICAGO NORTHERLY ISLAND, IL US",2017-11-27,10,8.7,3.5
USC00111550,"CHICAGO NORTHERLY ISLAND, IL US",2017-11-28,13,12.3,7.4
USC00111550,"CHICAGO NORTHERLY ISLAND, IL US",2017-11-29,6.3,6.2,5.1
USC00111550,"CHICAGO NORTHERLY ISLAND, IL US",2017-11-30,9.5,8.7,5.5
USC00111550,"CHICAGO NORTHERLY ISLAND, IL US",2017-12-01,8.4,6.9,3.5
USC00111550,"CHICAGO NORTHERLY ISLAND, IL US",2017-12-02,8.9,8.1,3
USC00111550,"CHICAGO NORTHERLY ISLAND, IL US",2017-12-03,10,8.4,4.1
USC00111550,"CHICAGO NORTHERLY ISLAND, IL US",2017-12-04,14.1,12.7,7.3
USC00111550,"CHICAGO NORTHERLY ISLAND, IL US",2017-12-05,4.4,3.7,7.2
USC00111550,"CHICAGO NORTHERLY ISLAND, IL US",2017-12-06,-0.1,0.1,-0.6
USC00111550,"CHICAGO NORTHERLY ISLAND, IL US",2017-12-07,-3.7,-3.6,-3.1
USC00111550,"CHICAGO NORTHERLY ISLAND, IL US",2017-12-08,-1.1,-1.6,-5
USC00111550,"CHICAGO NORTHERLY ISLAND, IL US",2017-12-09,-2.3,-2.7,-2
USC00111550,"CHICAGO NORTHERLY ISLAND, IL US",2017-12-10,-1.7,-1.7,-1.8
USC00111550,"CHICAGO NORTHERLY ISLAND, IL US",2017-12-11,1.3,0.3,-1.9
USC00111550,"CHICAGO NORTHERLY ISLAND, IL US",2017-12-12,-2.8,-3.4,-3.1
USC00111550,"CHICAGO NORTHERLY ISLAND, IL US",2017-12-13,-0.5,-0.8,-3.8
USC00111550,"CHICAGO NORTHERLY ISLAND, IL US",2017-12-14,-3,-3.8,-0.8
USC00111550,"CHICAGO NORTHERLY ISLAND, IL US",2017-12-15,0,-1,-1.8
USC00111550,"CHICAGO NORTHERLY ISLAND, IL US",2017-12-16,5.5,4.4,1.1
USC00111550,"CHICAGO NORTHERLY ISLAND, IL US",2017-12-17,4.8,4,1.3
USC00111550,"CHICAGO NORTHERLY ISLAND, IL US",2017-12-18,6.6,5.9,3.4
USC00111550,"CHICAGO NORTHERLY ISLAND, IL US",2017-12-19,7.2,7.3,4.3
USC00111550,"CHICAGO NORTHERLY ISLAND, IL US",2017-12-20,1.6,1.2,0.4
USC00111550,"CHICAGO NORTHERLY ISLAND, IL US",2017-12-21,2.2,2.4,0.4
USC00111550,"CHICAGO NORTHERLY ISLAND, IL US",2017-12-22,2.6,2.9,2.7
USC00111550,"CHICAGO NORTHERLY ISLAND, IL US",2017-12-23,-1.5,-1.1,0.4
USC00111550,"CHICAGO NORTHERLY ISLAND, IL US",2017-12-24,-4.6,-4.9,-3.8
USC00111550,"CHICAGO NORTHERLY ISLAND, IL US",2017-12-25,-9.1,-8.9,-6.5
USC00111550,"CHICAGO NORTHERLY ISLAND, IL US",2017-12-26,-15.4,-15,-14.5
USC00111550,"CHICAGO NORTHERLY ISLAND, IL US",2017-12-27,-14.4,-14.8,-15.7
USC00111550,"CHICAGO NORTHERLY ISLAND, IL US",2017-12-28,-12,-12.6,-14.1
USC00111550,"CHICAGO NORTHERLY ISLAND, IL US",2017-12-29,-10.3,-10.9,-10
USC00111550,"CHICAGO NORTHERLY ISLAND, IL US",2017-12-30,-12.3,-12.6,-11.4
USC00111550,"CHICAGO NORTHERLY ISLAND, IL US",2017-12-31,-12.3,-12.6,-12.1
USW00094846,"CHICAGO OHARE INTERNATIONAL AIRPORT, IL US",2017-01-01,-0.6,-0.2,-1.9
USW00094846,"CHICAGO OHARE INTERNATIONAL AIRPORT, IL US",2017-01-02,1.2,1,0.6
USW00094846,"CHICAGO OHARE INTERNATIONAL AIRPORT, IL US",2017-01-03,-0.4,0.8,2.5
USW00094846,"CHICAGO OHARE INTERNATIONAL AIRPORT, IL US",2017-01-04,-9.7,-9,-6.7
USW00094846,"CHICAGO OHARE INTERNATIONAL AIRPORT, IL US",2017-01-05,-12.7,-12,-13.3
USW00094846,"CHICAGO OHARE INTERNATIONAL AIRPORT, IL US",2017-01-06,-14.7,-14.6,-13.3
USW00094846,"CHICAGO OHARE INTERNATIONAL AIRPORT, IL US",2017-01-07,-11.6,-11.8,-12
USW00094846,"CHICAGO OHARE INTERNATIONAL AIRPORT, IL US",2017-01-08,-10.8,-10.7,-12.2
USW00094846,"CHICAGO OHARE INTERNATIONAL AIRPORT, IL US",2017-01-09,-2.4,-3.9,-6.1
USW00094846,"CHICAGO OHARE INTERNATIONAL AIRPORT, IL US",2017-01-10,4.9,4.1,0.6
USW00094846,"CHICAGO OHARE INTERNATIONAL AIRPORT, IL US",2017-01-11,2.2,2.5,0.9
USW00094846,"CHICAGO OHARE INTERNATIONAL AIRPORT, IL US",2017-01-12,-4.1,-3.8,-0.2
USW00094846,"CHICAGO OHARE INTERNATIONAL AIRPORT, IL US",2017-01-13,-5.1,-4.9,-6
USW00094846,"CHICAGO OHARE INTERNATIONAL AIRPORT, IL US",2017-01-14,-1.3,-2.4,-2
USW00094846,"CHICAGO OHARE INTERNATIONAL AIRPORT, IL US",2017-01-15,-1.3,-1.8,-2.5
USW00094846,"CHICAGO OHARE INTERNATIONAL AIRPORT, IL US",2017-01-16,1.3,0.4,-0.7
USW00094846,"CHICAGO OHARE INTERNATIONAL AIRPORT, IL US",2017-01-17,3,2.7,2.5
USW00094846,"CHICAGO OHARE INTERNATIONAL AIRPORT, IL US",2017-01-18,0.9,1.5,1.4
USW00094846,"CHICAGO OHARE INTERNATIONAL AIRPORT, IL US",2017-01-19,3,2.8,2.1
USW00094846,"CHICAGO OHARE INTERNATIONAL AIRPORT, IL US",2017-01-20,5,4.9,4.7
USW00094846,"CHICAGO OHARE INTERNATIONAL AIRPORT, IL US",2017-01-21,10.8,10.1,6.4
USW00094846,"CHICAGO OHARE INTERNATIONAL AIRPORT, IL US",2017-01-22,6,5.3,7
USW00094846,"CHICAGO OHARE INTERNATIONAL AIRPORT, IL US",2017-01-23,4.3,4.3,3.5
USW00094846,"CHICAGO OHARE INTERNATIONAL AIRPORT, IL US",2017-01-24,2.4,2.6,3.4
USW00094846,"CHICAGO OHARE INTERNATIONAL AIRPORT, IL US",2017-01-25,3.8,3.7,4.1
USW00094846,"CHICAGO OHARE INTERNATIONAL AIRPORT, IL US",2017-01-26,0.3,0.3,2.4
USW00094846,"CHICAGO OHARE INTERNATIONAL AIRPORT, IL US",2017-01-27,-2,-2.4,-0.2
USW00094846,"CHICAGO OHARE INTERNATIONAL AIRPORT, IL US",2017-01-28,-2.7,-2.8,-1.6
USW00094846,"CHICAGO OHARE INTERNATIONAL AIRPORT, IL US",2017-01-29,-3.6,-3.6,-3.1
USW00094846,"CHICAGO OHARE INTERNATIONAL AIRPORT, IL US",2017-01-30,-2,-2.3,-4.5
USW00094846,"CHICAGO OHARE INTERNATIONAL AIRPORT, IL US",2017-01-31,3,1.3,0.2
USW00094846,"CHICAGO OHARE INTERNATIONAL AIRPORT, IL US",2017-02-01,-0.4,0.6,0.2
USW00094846,"CHICAGO OHARE INTERNATIONAL AIRPORT, IL US",2017-02-02,-6.5,-6.4,-6.3
USW00094846,"CHICAGO OHARE INTERNATIONAL AIRPORT, IL US",2017-02-03,-5.2,-5.3,-8.2
USW00094846,"CHICAGO OHARE INTERNATIONAL AIRPORT, IL US",2017-02-04,-4.4,-3.9,-5.4
USW00094846,"CHICAGO OHARE INTERNATIONAL AIRPORT, IL US",2017-02-05,0.3,-0.5,-0.1
USW00094846,"CHICAGO OHARE INTERNATIONAL AIRPORT, IL US",2017-02-06,5.4,5,-0.1
USW00094846,"CHICAGO OHARE INTERNATIONAL AIRPORT, IL US",2017-02-07,6.1,5.4,6
USW00094846,"CHICAGO OHARE INTERNATIONAL AIRPORT, IL US",2017-02-08,-2.8,-2,0.2
USW00094846,"CHICAGO OHARE INTERNATIONAL AIRPORT, IL US",2017-02-09,-6.4,-6.6,-8.4
USW00094846,"CHICAGO OHARE INTERNATIONAL AIRPORT, IL US",2017-02-10,-0,-0.7,-5.1
USW00094846,"CHICAGO OHARE INTERNATIONAL AIRPORT, IL US",2017-02-11,6.1,4.8,1.6
USW00094846,"CHICAGO OHARE INTERNATIONAL AIRPORT, IL US",2017-02-12,4.8,4.8,2.9
USW00094846,"CHICAGO OHARE INTERNATIONAL AIRPORT, IL US",2017-02-13,2.6,2.6,1.3
USW00094846,"CHICAGO OHARE INTERNATIONAL AIRPORT, IL US",2017-02-14,5.9,5.8,2
USW00094846,"CHICAGO OHARE INTERNATIONAL AIRPORT, IL US",2017-02-15,-0.2,0.1,0.2
USW00094846,"CHICAGO OHARE INTERNATIONAL AIRPORT, IL US",2017-02-16,2.6,2.1,-0.1
USW00094846,"CHICAGO OHARE INTERNATIONAL AIRPORT, IL US",2017-02-17,10.7,9.9,3.8
USW00094846,"CHICAGO OHARE INTERNATIONAL AIRPORT, IL US",2017-02-18,14.5,13.3,8.4
USW00094846,"CHICAGO OHARE INTERNATIONAL AIRPORT, IL US",2017-02-19,13.2,11.7,8.5
USW00094846,"CHICAGO OHARE INTERNATIONAL AIRPORT, IL US",2017-02-20,14.8,13.3,8.5
USW00094846,"CHICAGO OHARE INTERNATIONAL AIRPORT, IL US",2017-02-21,15.2,14.5,13.7
USW00094846,"CHICAGO OHARE INTERNATIONAL AIRPORT, IL US",2017-02-22,16.1,15.4,13.2
USW00094846,"CHICAGO OHARE INTERNATIONAL AIRPORT, IL US",2017-02-23,10.4,9.8,11.2
USW00094846,"CHICAGO OHARE INTERNATIONAL AIRPORT, IL US",2017-02-24,2.9,3.5,6.3
USW00094846,"CHICAGO OHARE INTERNATIONAL AIRPORT, IL US",2017-02-25,-1.6,-2.4,-0.1
USW00094846,"CHICAGO OHARE INTERNATIONAL AIRPORT, IL US",2017-02-26,3.3,2.5,-0.3
USW00094846,"CHICAGO OHARE INTERNATIONAL AIRPORT, IL US",2017-02-27,6.3,5.8,2.5
USW00094846,"CHICAGO OHARE INTERNATIONAL AIRPORT, IL US",2017-02-28,12.7,10.4,8.5
USW00094846,"CHICAGO OHARE INTERNATIONAL AIRPORT, IL US",2017-03-01,7.4,6.3,11.4
USW00094846,"CHICAGO OHARE INTERNATIONAL AIRPORT, IL US",2017-03-02,-0,-0.1,0.9
USW00094846,"CHICAGO OHARE INTERNATIONAL AIRPORT, IL US",2017-03-03,-2,-2.4,-2.3
USW00094846,"CHICAGO OHARE INTERNATIONAL AIRPORT, IL US",2017-03-04,2.6,1.2,0.2
USW00094846,"CHICAGO OHARE INTERNATIONAL AIRPORT, IL US",2017-03-05,9.5,8.4,3.4
USW00094846,"CHICAGO OHARE INTERNATIONAL AIRPORT, IL US",2017-03-06,15.5,13.1,10.2
USW00094846,"CHICAGO OHARE INTERNATIONAL AIRPORT, IL US",2017-03-07,13.7,11.4,11.7
USW00094846,"CHICAGO OHARE INTERNATIONAL AIRPORT, IL US",2017-03-08,8.8,8.1,5.2
USW00094846,"CHICAGO OHARE INTERNATIONAL AIRPORT, IL US",2017-03-09,2.8,2.8,2.5
USW00094846,"CHICAGO OHARE INTERNATIONAL AIRPORT, IL US",2017-03-10,-0.6,-1.1,-1.6
USW00094846,"CHICAGO OHARE INTERNATIONAL AIRPORT, IL US",2017-03-11,-3,-4.2,-5.6
USW00094846,"CHICAGO OHARE INTERNATIONAL AIRPORT, IL US",2017-03-12,-1.7,-2.6,-3.4
USW00094846,"CHICAGO OHARE INTERNATIONAL AIRPORT, IL US",2017-03-13,-1.4,-2.4,-2.2
USW00094846,"CHICAGO OHARE INTERNATIONAL AIRPORT, IL US",2017-03-14,-4.1,-4.2,-3.1
USW00094846,"CHICAGO OHARE INTERNATIONAL AIRPORT, IL US",2017-03-15,-3.1,-3.7,-5.4
USW00094846,"CHICAGO OHARE INTERNATIONAL AIRPORT, IL US",2017-03-16,0.4,-0.6,-4.1
USW00094846,"CHICAGO OHARE INTERNATIONAL AIRPORT, IL US",2017-03-17,6.9,4.4,0.5
USW00094846,"CHICAGO OHARE INTERNATIONAL AIRPORT, IL US",2017-03-18,4.4,4.5,2.4
USW00094846,"CHICAGO OHARE INTERNATIONAL AIRPORT, IL US",2017-03-19,6.5,5.6,3.2
USW00094846,"CHICAGO OHARE INTERNATIONAL AIRPORT, IL US",2017-03-20,8.5,7.7,6.1
USW00094846,"CHICAGO OHARE INTERNATIONAL AIRPORT, IL US",2017-03-21,7.6,7.2,5.2
USW00094846,"CHICAGO OHARE INTERNATIONAL AIRPORT, IL US",2017-03-22,0.9,0.7,1
USW00094846,"CHICAGO OHARE INTERNATIONAL AIRPORT, IL US",2017-03-23,5.4,4.8,1.9
USW00094846,"CHICAGO OHARE INTERNATIONAL AIRPORT, IL US",2017-03-24,19.1,16.3,10.7
USW00094846,"CHICAGO OHARE INTERNATIONAL AIRPORT, IL US",2017-03-25,7,7.5,9.2
USW00094846,"CHICAGO OHARE INTERNATIONAL AIRPORT, IL US",2017-03-26,13.4,11.7,11.8
USW00094846,"CHICAGO OHARE INTERNATIONAL AIRPORT, IL US",2017-03-27,8.9,9.1,12.8
USW00094846,"CHICAGO OHARE INTERNATIONAL AIRPORT, IL US",2017-03-28,6.9,6.6,10.9
USW00094846,"CHICAGO OHARE INTERNATIONAL AIRPORT, IL US",2017-03-29,6.4,5.6,6.2
USW00094846,"CHICAGO OHARE INTERNATIONAL AIRPORT, IL US",2017-03-30,5.9,5.1,6.5
USW00094846,"CHICAGO OHARE INTERNATIONAL AIRPORT, IL US",2017-03-31,4.9,4.5,5
USW00094846,"CHICAGO OHARE INTERNATIONAL AIRPORT, IL US",2017-04-01,9.5,8.1,5.3
USW00094846,"CHICAGO OHARE INTERNATIONAL AIRPORT, IL US",2017-04-02,12,10.2,8.2
USW00094846,"CHICAGO OHARE INTERNATIONAL AIRPORT, IL US",2017-04-03,10.5,9.7,9.2
USW00094846,"CHICAGO OHARE INTERNATIONAL AIRPORT, IL US",2017-04-04,10.5,10.1,9.9
USW00094846,"CHICAGO OHARE INTERNATIONAL AIRPORT, IL US",2017-04-05,6.8,6.2,7.1
USW00094846,"CHICAGO OHARE INTERNATIONAL AIRPORT, IL US",2017-04-06,7.7,7,4.7
USW00094846,"CHICAGO OHARE INTERNATIONAL AIRPORT, IL US",2017-04-07,8.5,7.9,4.2
USW00094846,"CHICAGO OHARE INTERNATIONAL AIRPORT, IL US",2017-04-08,13.2,12.5,7.9
USW00094846,"CHICAGO OHARE INTERNATIONAL AIRPORT, IL US",2017-04-09,20.6,18.3,13.1
USW00094846,"CHICAGO OHARE INTERNATIONAL AIRPORT, IL US",2017-04-10,17.5,18.4,18.2
USW00094846,"CHICAGO OHARE INTERNATIONAL AIRPORT, IL US",2017-04-11,9.4,9.4,14.1
USW00094846,"CHICAGO OHARE INTERNATIONAL AIRPORT, IL US",2017-04-12,10.4,9.5,11.1
USW00094846,"CHICAGO OHARE INTERNATIONAL AIRPORT, IL US",2017-04-13,12.1,10.9,10.4
USW00094846,"CHICAGO OHARE INTERNATIONAL AIRPORT, IL US",2017-04-14,14.7,14.7,14
USW00094846,"CHICAGO OHARE INTERNATIONAL AIRPORT, IL US",2017-04-15,23.2,21,20.4
USW00094846,"CHICAGO OHARE INTERNATIONAL AIRPORT, IL US",2017-04-16,18.2,19.2,19.7
USW00094846,"CHICAGO OHARE INTERNATIONAL AIRPORT, IL US",2017-04-17,15.1,15,13.7
USW00094846,"CHICAGO OHARE INTERNATIONAL AIRPORT, IL US",2017-04-18,16.8,16.5,14.2
USW00094846,"CHICAGO OHARE INTERNATIONAL AIRPORT, IL US",2017-04-19,15.6,15.4,16.4
USW00094846,"CHICAGO OHARE INTERNATIONAL AIRPORT, IL US",2017-04-20,17.3,16.5,17.5
USW00094846,"CHICAGO OHARE INTERNATIONAL AIRPORT, IL US",2017-04-21,9.7,10.1,11.1
USW00094846,"CHICAGO OHARE INTERNATIONAL AIRPORT, IL US",2017-04-22,10.8,10.4,7.8
USW00094846,"CHICAGO OHARE INTERNATIONAL AIRPORT, IL US",2017-04-23,14.6,13.3,10.2
USW00094846,"CHICAGO OHARE INTERNATIONAL AIRPORT, IL US",2017-04-24,15.6,14.5,13.3
USW00094846,"CHICAGO OHARE INTERNATIONAL AIRPORT, IL US",2017-04-25,20.2,18.7,14.1
USW00094846,"CHICAGO OHARE INTERNATIONAL AIRPORT, IL US",2017-04-26,20.3,20.2,18.2
USW00094846,"CHICAGO OHARE INTERNATIONAL AIRPORT, IL US",2017-04-27,12.1,11.7,13.9
USW00094846,"CHICAGO OHARE INTERNATIONAL AIRPORT, IL US",2017-04-28,11.2,10,9.9
USW00094846,"CHICAGO OHARE INTERNATIONAL AIRPORT, IL US",2017-04-29,6.5,6.9,9.7
USW00094846,"CHICAGO OHARE INTERNATIONAL AIRPORT, IL US",2017-04-30,7.2,7.8,6.5
USW00094846,"CHICAGO OHARE INTERNATIONAL AIRPORT, IL US",2017-05-01,11.3,10.7,12.3
USW00094846,"CHICAGO OHARE INTERNATIONAL AIRPORT, IL US",2017-05-02,8.4,8.2,7.6
USW00094846,"CHICAGO OHARE INTERNATIONAL AIRPORT, IL US",2017-05-03,8.7,8.7,9.2
USW00094846,"CHICAGO OHARE INTERNATIONAL AIRPORT, IL US",2017-05-04,9.8,9.4,9.8
USW00094846,"CHICAGO OHARE INTERNATIONAL AIRPORT, IL US",2017-05-05,11.7,10.9,9
USW00094846,"CHICAGO OHARE INTERNATIONAL AIRPORT, IL US",2017-05-06,11.4,10.7,9.6
USW00094846,"CHICAGO OHARE INTERNATIONAL AIRPORT, IL US",2017-05-07,10,9.2,7.9
USW00094846,"CHICAGO OHARE INTERNATIONAL AIRPORT, IL US",2017-05-08,8.9,8.6,7.1
USW00094846,"CHICAGO OHARE INTERNATIONAL AIRPORT, IL US",2017-05-09,12,11.1,8.5
USW00094846,"CHICAGO OHARE INTERNATIONAL AIRPORT, IL US",2017-05-10,14.4,13.9,12.4
USW00094846,"CHICAGO OHARE INTERNATIONAL AIRPORT, IL US",2017-05-11,14.8,14.4,13.1
USW00094846,"CHICAGO OHARE INTERNATIONAL AIRPORT, IL US",2017-05-12,16.7,15.4,13.7
USW00094846,"CHICAGO OHARE INTERNATIONAL AIRPORT, IL US",2017-05-13,20.1,19.3,16.2
USW00094846,"CHICAGO OHARE INTERNATIONAL AIRPORT, IL US",2017-05-14,17.3,16.5,18.5
USW00094846,"CHICAGO OHARE INTERNATIONAL AIRPORT, IL US",2017-05-15,20.8,19.4,16.5
USW00094846,"CHICAGO OHARE INTERNATIONAL AIRPORT, IL US",2017-05-16,24.9,24.4,21.5
USW00094846,"CHICAGO OHARE INTERNATIONAL AIRPORT, IL US",2017-05-17,24.1,24.6,23.4
USW00094846,"CHICAGO OHARE INTERNATIONAL AIRPORT, IL US",2017-05-18,19,20.5,22.1
USW00094846,"CHICAGO OHARE INTERNATIONAL AIRPORT, IL US",2017-05-19,8.5,9.6,11.5
USW00094846,"CHICAGO OHARE INTERNATIONAL AIRPORT, IL US",2017-05-20,14.3,13.1,10.5
USW00094846,"CHICAGO OHARE INTERNATIONAL AIRPORT, IL US",2017-05-21,15.3,14.8,17.1
USW00094846,"CHICAGO OHARE INTERNATIONAL AIRPORT, IL US",2017-05-22,17.3,17,14.1
USW00094846,"CHICAGO OHARE INTERNATIONAL AIRPORT, IL US",2017-05-23,15.2,15.4,15.8
USW00094846,"CHICAGO OHARE INTERNATIONAL AIRPORT, IL US",2017-05-24,14.7,14,15.3
USW00094846,"CHICAGO OHARE INTERNATIONAL AIRPORT, IL US",2017-05-25,16.9,16.4,13.6
USW00094846,"CHICAGO OHARE INTERNATIONAL AIRPORT, IL US",2017-05-26,17.5,16.6,15.3
USW00094846,"CHICAGO OHARE INTERNATIONAL AIRPORT, IL US",2017-05-27,19.9,18.8,17.6
USW00094846,"CHICAGO OHARE INTERNATIONAL AIRPORT, IL US",2017-05-28,20.4,19.8,18.1
USW00094846,"CHICAGO OHARE INTERNATIONAL AIRPORT, IL US",2017-05-29,20.2,20,18.6
USW00094846,"CHICAGO OHARE INTERNATIONAL AIRPORT, IL US",2017-05-30,18.9,18.7,16.1
USW00094846,"CHICAGO OHARE INTERNATIONAL AIRPORT, IL US",2017-05-31,18.5,18,16.1
USW00094846,"CHICAGO OHARE INTERNATIONAL AIRPORT, IL US",2017-06-01,20.7,19,16.6
USW00094846,"CHICAGO OHARE INTERNATIONAL AIRPORT, IL US",2017-06-02,22.8,21.8,19.3
USW00094846,"CHICAGO OHARE INTERNATIONAL AIRPORT, IL US",2017-06-03,23,23.3,20.6
USW00094846,"CHICAGO OHARE INTERNATIONAL AIRPORT, IL US",2017-06-04,27.6,26.9,23.6
USW00094846,"CHICAGO OHARE INTERNATIONAL AIRPORT, IL US",2017-06-05,20.4,19.9,21.7
USW00094846,"CHICAGO OHARE INTERNATIONAL AIRPORT, IL US",2017-06-06,19.6,18.5,16.2
USW00094846,"CHICAGO OHARE INTERNATIONAL AIRPORT, IL US",2017-06-07,20.4,18.9,16.5
USW00094846,"CHICAGO OHARE INTERNATIONAL AIRPORT, IL US",2017-06-08,21.8,20.8,18.3
USW00094846,"CHICAGO OHARE INTERNATIONAL AIRPORT, IL US",2017-06-09,25.8,24.7,21.4
USW00094846,"CHICAGO OHARE INTERNATIONAL AIRPORT, IL US",2017-06-10,26.5,26.2,22.9
USW00094846,"CHICAGO OHARE INTERNATIONAL AIRPORT, IL US",2017-06-11,29.5,28.5,23
USW00094846,"CHICAGO OHARE INTERNATIONAL AIRPORT, IL US",2017-06-12,30.2,29.4,26
USW00094846,"CHICAGO OHARE INTERNATIONAL AIRPORT, IL US",2017-06-13,26.7,26.1,27.7
USW00094846,"CHICAGO OHARE INTERNATIONAL AIRPORT, IL US",2017-06-14,28.1,27.2,27.6
USW00094846,"CHICAGO OHARE INTERNATIONAL AIRPORT, IL US",2017-06-15,27.8,27.2,25.7
USW00094846,"CHICAGO OHARE INTERNATIONAL AIRPORT, IL US",2017-06-16,25.8,25.2,24.8
USW00094846,"CHICAGO OHARE INTERNATIONAL AIRPORT, IL US",2017-06-17,26.7,25.9,25.5
USW00094846,"CHICAGO OHARE INTERNATIONAL AIRPORT, IL US",2017-06-18,23.9,23.9,25
USW00094846,"CHICAGO OHARE INTERNATIONAL AIRPORT, IL US",2017-06-19,22.8,21.7,20.5
USW00094846,"CHICAGO OHARE INTERNATIONAL AIRPORT, IL US",2017-06-20,21.9,21.2,19.5
USW00094846,"CHICAGO OHARE INTERNATIONAL AIRPORT, IL US",2017-06-21,21.2,20.4,20.1
USW00094846,"CHICAGO OHARE INTERNATIONAL AIRPORT, IL US",2017-06-22,26.7,25.9,23.2
USW00094846,"CHICAGO OHARE INTERNATIONAL AIRPORT, IL US",2017-06-23,24.6,24.2,23.4
USW00094846,"CHICAGO OHARE INTERNATIONAL AIRPORT, IL US",2017-06-24,20.4,20.2,19.3
USW00094846,"CHICAGO OHARE INTERNATIONAL AIRPORT, IL US",2017-06-25,18.3,18.1,15.9
USW00094846,"CHICAGO OHARE INTERNATIONAL AIRPORT, IL US",2017-06-26,19.3,18.2,16.1
USW00094846,"CHICAGO OHARE INTERNATIONAL AIRPORT, IL US",2017-06-27,19.5,18.8,16.5
USW00094846,"CHICAGO OHARE INTERNATIONAL AIRPORT, IL US",2017-06-28,21.9,21.4,17.4
USW00094846,"CHICAGO OHARE INTERNATIONAL AIRPORT, IL US",2017-06-29,23.9,23.5,24
USW00094846,"CHICAGO OHARE INTERNATIONAL AIRPORT, IL US",2017-06-30,24.5,24,24.1
USW00094846,"CHICAGO OHARE INTERNATIONAL AIRPORT, IL US",2017-07-01,24.3,24.1,23.6
USW00094846,"CHICAGO OHARE INTERNATIONAL AIRPORT, IL US",2017-07-02,25.8,24.8,22.4
USW00094846,"CHICAGO OHARE INTERNATIONAL AIRPORT, IL US",2017-07-03,23.6,23,23
USW00094846,"CHICAGO OHARE INTERNATIONAL AIRPORT, IL US",2017-07-04,24.2,23.6,21.5
USW00094846,"CHICAGO OHARE INTERNATIONAL AIRPORT, IL US",2017-07-05,26.4,25.4,23.1
USW00094846,"CHICAGO OHARE INTERNATIONAL AIRPORT, IL US",2017-07-06,28.7,27.7,26.1
USW00094846,"CHICAGO OHARE INTERNATIONAL AIRPORT, IL US",2017-07-07,26,26.1,25.9
USW00094846,"CHICAGO OHARE INTERNATIONAL AIRPORT, IL US",2017-07-08,22.8,22,22.2
USW00094846,"CHICAGO OHARE INTERNATIONAL AIRPORT, IL US",2017-07-09,25,23.9,21.2
USW00094846,"CHICAGO OHARE INTERNATIONAL AIRPORT, IL US",2017-07-10,25.2,24.5,24.4
USW00094846,"CHICAGO OHARE INTERNATIONAL AIRPORT, IL US",2017-07-11,26.1,25.5,26.9
USW00094846,"CHICAGO OHARE INTERNATIONAL AIRPORT, IL US",2017-07-12,24.4,24.1,26.8
USW00094846,"CHICAGO OHARE INTERNATIONAL AIRPORT, IL US",2017-07-13,25.9,25.1,27.3
USW00094846,"CHICAGO OHARE INTERNATIONAL AIRPORT, IL US",2017-07-14,20.6,20.7,23.2
USW00094846,"CHICAGO OHARE INTERNATIONAL AIRPORT, IL US",2017-07-15,22.6,22.1,20.4
USW00094846,"CHICAGO OHARE INTERNATIONAL AIRPORT, IL US",2017-07-16,21.7,21.4,22.6
USW00094846,"CHICAGO OHARE INTERNATIONAL AIRPORT, IL US",2017-07-17,21.1,20.6,20.3
USW00094846,"CHICAGO OHARE INTERNATIONAL AIRPORT, IL US",2017-07-18,25.4,24,20.9
USW00094846,"CHICAGO OHARE INTERNATIONAL AIRPORT, IL US",2017-07-19,27.2,25.9,25.4
USW00094846,"CHICAGO OHARE INTERNATIONAL AIRPORT, IL US",2017-07-20,27,26.7,26.1
USW00094846,"CHICAGO OHARE INTERNATIONAL AIRPORT, IL US",2017-07-21,28,26.8,26.6
USW00094846,"CHICAGO OHARE INTERNATIONAL AIRPORT, IL US",2017-07-22,27.6,26.6,27.2
USW00094846,"CHICAGO OHARE INTERNATIONAL AIRPORT, IL US",2017-07-23,27.8,27,24.6
USW00094846,"CHICAGO OHARE INTERNATIONAL AIRPORT, IL US",2017-07-24,21.6,21.1,22.6
USW00094846,"CHICAGO OHARE INTERNATIONAL AIRPORT, IL US",2017-07-25,23.2,22.9,19.8
USW00094846,"CHICAGO OHARE INTERNATIONAL AIRPORT, IL US",2017-07-26,25,24.8,21.8
USW00094846,"CHICAGO OHARE INTERNATIONAL AIRPORT, IL US",2017-07-27,25.2,24.6,25.3
USW00094846,"CHICAGO OHARE INTERNATIONAL AIRPORT, IL US",2017-07-28,23.5,23.3,22.2
USW00094846,"CHICAGO OHARE INTERNATIONAL AIRPORT, IL US",2017-07-29,22.8,21.9,20.6
USW00094846,"CHICAGO OHARE INTERNATIONAL AIRPORT, IL US",2017-07-30,24.1,23.2,21
USW00094846,"CHICAGO OHARE INTERNATIONAL AIRPORT, IL US",2017-07-31,25.4,24.3,22.7
USW00094846,"CHICAGO OHARE INTERNATIONAL AIRPORT, IL US",2017-08-01,25.8,25,23.3
USW00094846,"CHICAGO OHARE INTERNATIONAL AIRPORT, IL US",2017-08-02,26,25.4,23.1
USW00094846,"CHICAGO OHARE INTERNATIONAL AIRPORT, IL US",2017-08-03,23.9,24.6,22.4
USW00094846,"CHICAGO OHARE INTERNATIONAL AIRPORT, IL US",2017-08-04,17.4,18,18.4
USW00094846,"CHICAGO OHARE INTERNATIONAL AIRPORT, IL US",2017-08-05,22.3,21,18
USW00094846,"CHICAGO OHARE INTERNATIONAL AIRPORT, IL US",2017-08-06,21.9,21.6,20.5
USW00094846,"CHICAGO OHARE INTERNATIONAL AIRPORT, IL US",2017-08-07,21.1,20.7,20.7
USW00094846,"CHICAGO OHARE INTERNATIONAL AIRPORT, IL US",2017-08-08,23.2,22,20.7
USW00094846,"CHICAGO OHARE INTERNATIONAL AIRPORT, IL US",2017-08-09,23.5,22.9,20.3
USW00094846,"CHICAGO OHARE INTERNATIONAL AIRPORT, IL US",2017-08-10,24.1,23.9,21
USW00094846,"CHICAGO OHARE INTERNATIONAL AIRPORT, IL US",2017-08-11,22.7,22.2,21.9
USW00094846,"CHICAGO OHARE INTERNATIONAL AIRPORT, IL US",2017-08-12,21.3,20.4,20.3
USW00094846,"CHICAGO OHARE INTERNATIONAL AIRPORT, IL US",2017-08-13,21.7,20.4,20.2
USW00094846,"CHICAGO OHARE INTERNATIONAL AIRPORT, IL US",2017-08-14,23.7,22.8,22.5
USW00094846,"CHICAGO OHARE INTERNATIONAL AIRPORT, IL US",2017-08-15,25.4,24.2,23.4
USW00094846,"CHICAGO OHARE INTERNATIONAL AIRPORT, IL US",2017-08-16,26.5,25.3,21.9
USW00094846,"CHICAGO OHARE INTERNATIONAL AIRPORT, IL US",2017-08-17,25.6,25.1,25.3
USW00094846,"CHICAGO OHARE INTERNATIONAL AIRPORT, IL US",2017-08-18,24.5,24,22.6
USW00094846,"CHICAGO OHARE INTERNATIONAL AIRPORT, IL US",2017-08-19,25,23.4,21.9
USW00094846,"CHICAGO OHARE INTERNATIONAL AIRPORT, IL US",2017-08-20,26.3,24.9,22.8
USW00094846,"CHICAGO OHARE INTERNATIONAL AIRPORT, IL US",2017-08-21,27.1,25.7,25.8
USW00094846,"CHICAGO OHARE INTERNATIONAL AIRPORT, IL US",2017-08-22,23.9,23.9,26
USW00094846,"CHICAGO OHARE INTERNATIONAL AIRPORT, IL US",2017-08-23,22,20.9,18.6
USW00094846,"CHICAGO OHARE INTERNATIONAL AIRPORT, IL US",2017-08-24,19.7,19.6,18.8
USW00094846,"CHICAGO OHARE INTERNATIONAL AIRPORT, IL US",2017-08-25,18.5,18.3,18.5
USW00094846,"CHICAGO OHARE INTERNATIONAL AIRPORT, IL US",2017-08-26,20.8,19.9,18.8
USW00094846,"CHICAGO OHARE INTERNATIONAL AIRPORT, IL US",2017-08-27,22.1,21.3,19.8
USW00094846,"CHICAGO OHARE INTERNATIONAL AIRPORT, IL US",2017-08-28,23.2,22.4,21
USW00094846,"CHICAGO OHARE INTERNATIONAL AIRPORT, IL US",2017-08-29,21.1,20.9,20.9
USW00094846,"CHICAGO OHARE INTERNATIONAL AIRPORT, IL US",2017-08-30,23,22,20.2
USW00094846,"CHICAGO OHARE INTERNATIONAL AIRPORT, IL US",2017-08-31,20.8,20.3,21
USW00094846,"CHICAGO OHARE INTERNATIONAL AIRPORT, IL US",2017-09-01,16.4,17.3,17.2
USW00094846,"CHICAGO OHARE INTERNATIONAL AIRPORT, IL US",2017-09-02,18.4,17.5,16
USW00094846,"CHICAGO OHARE INTERNATIONAL AIRPORT, IL US",2017-09-03,23,21.4,19.6
USW00094846,"CHICAGO OHARE INTERNATIONAL AIRPORT, IL US",2017-09-04,23.4,22.8,21
USW00094846,"CHICAGO OHARE INTERNATIONAL AIRPORT, IL US",2017-09-05,17.6,17.4,16.6
USW00094846,"CHICAGO OHARE INTERNATIONAL AIRPORT, IL US",2017-09-06,15.5,15.2,13.5
USW00094846,"CHICAGO OHARE INTERNATIONAL AIRPORT, IL US",2017-09-07,17.5,16.6,13.8
USW00094846,"CHICAGO OHARE INTERNATIONAL AIRPORT, IL US",2017-09-08,18.2,17.3,16.7
USW00094846,"CHICAGO OHARE INTERNATIONAL AIRPORT, IL US",2017-09-09,18.3,17.7,16
USW00094846,"CHICAGO OHARE INTERNATIONAL AIRPORT, IL US",2017-09-10,16.7,16.4,15.2
USW00094846,"CHICAGO OHARE INTERNATIONAL AIRPORT, IL US",2017-09-11,18.9,17.9,16.3
USW00094846,"CHICAGO OHARE INTERNATIONAL AIRPORT, IL US",2017-09-12,20,19.3,17.8
USW00094846,"CHICAGO OHARE INTERNATIONAL AIRPORT, IL US",2017-09-13,20.8,20.1,18.9
USW00094846,"CHICAGO OHARE INTERNATIONAL AIRPORT, IL US",2017-09-14,22.4,21.6,19.2
USW00094846,"CHICAGO OHARE INTERNATIONAL AIRPORT, IL US",2017-09-15,25.1,24.4,20.9
USW00094846,"CHICAGO OHARE INTERNATIONAL AIRPORT, IL US",2017-09-16,26.1,25.7,22.1
USW00094846,"CHICAGO OHARE INTERNATIONAL AIRPORT, IL US",2017-09-17,25,24.8,22.2
USW00094846,"CHICAGO OHARE INTERNATIONAL AIRPORT, IL US",2017-09-18,20.8,20.2,19.4
USW00094846,"CHICAGO OHARE INTERNATIONAL AIRPORT, IL US",2017-09-19,22.8,21.4,20.2
USW00094846,"CHICAGO OHARE INTERNATIONAL AIRPORT, IL US",2017-09-20,26.8,26.1,21.9
USW00094846,"CHICAGO OHARE INTERNATIONAL AIRPORT, IL US",2017-09-21,29.6,28.2,26.2
USW00094846,"CHICAGO OHARE INTERNATIONAL AIRPORT, IL US",2017-09-22,29.4,29.2,26.5
USW00094846,"CHICAGO OHARE INTERNATIONAL AIRPORT, IL US",2017-09-23,30,28.7,26.6
USW00094846,"CHICAGO OHARE INTERNATIONAL AIRPORT, IL US",2017-09-24,28.9,27.6,25.4
USW00094846,"CHICAGO OHARE INTERNATIONAL AIRPORT, IL US",2017-09-25,27.8,27,23.3
USW00094846,"CHICAGO OHARE INTERNATIONAL AIRPORT, IL US",2017-09-26,28.5,27.8,23.6
USW00094846,"CHICAGO OHARE INTERNATIONAL AIRPORT, IL US",2017-09-27,18.7,20,20.7
USW00094846,"CHICAGO OHARE INTERNATIONAL AIRPORT, IL US",2017-09-28,18.7,17.6,15.8
USW00094846,"CHICAGO OHARE INTERNATIONAL AIRPORT, IL US",2017-09-29,18,17.4,16.1
USW00094846,"CHICAGO OHARE INTERNATIONAL AIRPORT, IL US",2017-09-30,16.7,16.1,14.5
USW00094846,"CHICAGO OHARE INTERNATIONAL AIRPORT, IL US",2017-10-01,17,16.3,13.6
USW00094846,"CHICAGO OHARE INTERNATIONAL AIRPORT, IL US",2017-10-02,22.8,21.5,18.4
USW00094846,"CHICAGO OHARE INTERNATIONAL AIRPORT, IL US",2017-10-03,23.2,22.6,21.4
USW00094846,"CHICAGO OHARE INTERNATIONAL AIRPORT, IL US",2017-10-04,20.5,21,23.1
USW00094846,"CHICAGO OHARE INTERNATIONAL AIRPORT, IL US",2017-10-05,20,18.8,18.4
USW00094846,"CHICAGO OHARE INTERNATIONAL AIRPORT, IL US",2017-10-06,18.6,18.1,19.8
USW00094846,"CHICAGO OHARE INTERNATIONAL AIRPORT, IL US",2017-10-07,22,21.4,20.4
USW00094846,"CHICAGO OHARE INTERNATIONAL AIRPORT, IL US",2017-10-08,20.3,20,18.2
USW00094846,"CHICAGO OHARE INTERNATIONAL AIRPORT, IL US",2017-10-09,20.9,20.6,19.3
USW00094846,"CHICAGO OHARE INTERNATIONAL AIRPORT, IL US",2017-10-10,16.1,16.3,17.4
USW00094846,"CHICAGO OHARE INTERNATIONAL AIRPORT, IL US",2017-10-11,15.4,15,14.5
USW00094846,"CHICAGO OHARE INTERNATIONAL AIRPORT, IL US",2017-10-12,14.7,14.3,15.5
USW00094846,"CHICAGO OHARE INTERNATIONAL AIRPORT, IL US",2017-10-13,18.9,17.8,16.6
USW00094846,"CHICAGO OHARE INTERNATIONAL AIRPORT, IL US",2017-10-14,18,17.6,18.8
USW00094846,"CHICAGO OHARE INTERNATIONAL AIRPORT, IL US",2017-10-15,15.4,14.7,16.8
USW00094846,"CHICAGO OHARE INTERNATIONAL AIRPORT, IL US",2017-10-16,12.8,12.4,10.7
USW00094846,"CHICAGO OHARE INTERNATIONAL AIRPORT, IL US",2017-10-17,16.5,15.5,11.3
USW00094846,"CHICAGO OHARE INTERNATIONAL AIRPORT, IL US",2017-10-18,16.4,16.4,13
USW00094846,"CHICAGO OHARE INTERNATIONAL AIRPORT, IL US",2017-10-19,17,16.1,14.3
USW00094846,"CHICAGO OHARE INTERNATIONAL AIRPORT, IL US",2017-10-20,19.7,19.1,15.2
USW00094846,"CHICAGO OHARE INTERNATIONAL AIRPORT, IL US",2017-10-21,21.3,20.7,17
USW00094846,"CHICAGO OHARE INTERNATIONAL AIRPORT, IL US",2017-10-22,17,17.8,17.7
USW00094846,"CHICAGO OHARE INTERNATIONAL AIRPORT, IL US",2017-10-23,11.3,11.5,11.7
USW00094846,"CHICAGO OHARE INTERNATIONAL AIRPORT, IL US",2017-10-24,8.3,8.1,8.7
USW00094846,"CHICAGO OHARE INTERNATIONAL AIRPORT, IL US",2017-10-25,8.4,7.9,5.3
USW00094846,"CHICAGO OHARE INTERNATIONAL AIRPORT, IL US",2017-10-26,10.3,9.9,7.1
USW00094846,"CHICAGO OHARE INTERNATIONAL AIRPORT, IL US",2017-10-27,8,6.7,7.8
USW00094846,"CHICAGO OHARE INTERNATIONAL AIRPORT, IL US",2017-10-28,3.5,3.4,2.8
USW00094846,"CHICAGO OHARE INTERNATIONAL AIRPORT, IL US",2017-10-29,5,5,4.3
USW00094846,"CHICAGO OHARE INTERNATIONAL AIRPORT, IL US",2017-10-30,7.2,6.5,5.3
USW00094846,"CHICAGO OHARE INTERNATIONAL AIRPORT, IL US",2017-10-31,3.1,3.6,3.8
USW00094846,"CHICAGO OHARE INTERNATIONAL AIRPORT, IL US",2017-11-01,4.9,4.9,4.3
USW00094846,"CHICAGO OHARE INTERNATIONAL AIRPORT, IL US",2017-11-02,9.1,7.9,9.1
USW00094846,"CHICAGO OHARE INTERNATIONAL AIRPORT, IL US",2017-11-03,6.7,6.7,8.6
USW00094846,"CHICAGO OHARE INTERNATIONAL AIRPORT, IL US",2017-11-04,8.3,7.7,8
USW00094846,"CHICAGO OHARE INTERNATIONAL AIRPORT, IL US",2017-11-05,8.9,8.8,11.4
USW00094846,"CHICAGO OHARE INTERNATIONAL AIRPORT, IL US",2017-11-06,3.7,3.8,5.3
USW00094846,"CHICAGO OHARE INTERNATIONAL AIRPORT, IL US",2017-11-07,4.4,4.5,5.3
USW00094846,"CHICAGO OHARE INTERNATIONAL AIRPORT, IL US",2017-11-08,4.1,3.8,2.6
USW00094846,"CHICAGO OHARE INTERNATIONAL AIRPORT, IL US",2017-11-09,2.4,3,2.2
USW00094846,"CHICAGO OHARE INTERNATIONAL AIRPORT, IL US",2017-11-10,-3.6,-3.4,-3
USW00094846,"CHICAGO OHARE INTERNATIONAL AIRPORT, IL US",2017-11-11,0.7,-0.4,-0.5
USW00094846,"CHICAGO OHARE INTERNATIONAL AIRPORT, IL US",2017-11-12,3.5,2.4,2.8
USW00094846,"CHICAGO OHARE INTERNATIONAL AIRPORT, IL US",2017-11-13,2.5,2.3,2.7
USW00094846,"CHICAGO OHARE INTERNATIONAL AIRPORT, IL US",2017-11-14,5.3,5,4.2
USW00094846,"CHICAGO OHARE INTERNATIONAL AIRPORT, IL US",2017-11-15,7.4,6.7,7.4
USW00094846,"CHICAGO OHARE INTERNATIONAL AIRPORT, IL US",2017-11-16,2.2,2.2,2.7
USW00094846,"CHICAGO OHARE INTERNATIONAL AIRPORT, IL US",2017-11-17,6.1,5.1,3.3
USW00094846,"CHICAGO OHARE INTERNATIONAL AIRPORT, IL US",2017-11-18,6.1,4.8,6.5
USW00094846,"CHICAGO OHARE INTERNATIONAL AIRPORT, IL US",2017-11-19,1.3,1,0.4
USW00094846,"CHICAGO OHARE INTERNATIONAL AIRPORT, IL US",2017-11-20,6.3,5.7,1.5
USW00094846,"CHICAGO OHARE INTERNATIONAL AIRPORT, IL US",2017-11-21,3,3.8,2.5
USW00094846,"CHICAGO OHARE INTERNATIONAL AIRPORT, IL US",2017-11-22,-1.1,-1.1,-1.1
USW00094846,"CHICAGO OHARE INTERNATIONAL AIRPORT, IL US",2017-11-23,4.7,3.5,0.7
USW00094846,"CHICAGO OHARE INTERNATIONAL AIRPORT, IL US",2017-11-24,10.4,9.2,3
USW00094846,"CHICAGO OHARE INTERNATIONAL AIRPORT, IL US",2017-11-25,7.8,7.7,5.7
USW00094846,"CHICAGO OHARE INTERNATIONAL AIRPORT, IL US",2017-11-26,4.6,4.5,1.6
USW00094846,"CHICAGO OHARE INTERNATIONAL AIRPORT, IL US",2017-11-27,8.2,7.4,3.8
USW00094846,"CHICAGO OHARE INTERNATIONAL AIRPORT, IL US",2017-11-28,12.2,10.9,7
USW00094846,"CHICAGO OHARE INTERNATIONAL AIRPORT, IL US",2017-11-29,5.5,5.1,4.7
USW00094846,"CHICAGO OHARE INTERNATIONAL AIRPORT, IL US",2017-11-30,8.9,7.7,5.1
USW00094846,"CHICAGO OHARE INTERNATIONAL AIRPORT, IL US",2017-12-01,6.3,5.9,3.4
USW00094846,"CHICAGO OHARE INTERNATIONAL AIRPORT, IL US",2017-12-02,7.6,7.2,3.1
USW00094846,"CHICAGO OHARE INTERNATIONAL AIRPORT, IL US",2017-12-03,8.1,7.6,4
USW00094846,"CHICAGO OHARE INTERNATIONAL AIRPORT, IL US",2017-12-04,13.7,11.8,6.9
USW00094846,"CHICAGO OHARE INTERNATIONAL AIRPORT, IL US",2017-12-05,3,2.7,6.3
USW00094846,"CHICAGO OHARE INTERNATIONAL AIRPORT, IL US",2017-12-06,-0.2,-0.4,-1
USW00094846,"CHICAGO OHARE INTERNATIONAL AIRPORT, IL US",2017-12-07,-3.8,-4.1,-3.4
USW00094846,"CHICAGO OHARE INTERNATIONAL AIRPORT, IL US",2017-12-08,-1.3,-1.9,-4.9
USW00094846,"CHICAGO OHARE INTERNATIONAL AIRPORT, IL US",2017-12-09,-2.6,-3.3,-1.8
USW00094846,"CHICAGO OHARE INTERNATIONAL AIRPORT, IL US",2017-12-10,-1.6,-2.5,-2
USW00094846,"CHICAGO OHARE INTERNATIONAL AIRPORT, IL US",2017-12-11,0.4,-0.4,-1.8
USW00094846,"CHICAGO OHARE INTERNATIONAL AIRPORT, IL US",2017-12-12,-3.5,-4,-3.3
USW00094846,"CHICAGO OHARE INTERNATIONAL AIRPORT, IL US",2017-12-13,-0.2,-1.6,-3.9
USW00094846,"CHICAGO OHARE INTERNATIONAL AIRPORT, IL US",2017-12-14,-5.1,-4.4,-1.1
USW00094846,"CHICAGO OHARE INTERNATIONAL AIRPORT, IL US",2017-12-15,-0.7,-1.8,-1.9
USW00094846,"CHICAGO OHARE INTERNATIONAL AIRPORT, IL US",2017-12-16,3.7,3.6,1
USW00094846,"CHICAGO OHARE INTERNATIONAL AIRPORT, IL US",2017-12-17,2.8,3.2,1.3
USW00094846,"CHICAGO OHARE INTERNATIONAL AIRPORT, IL US",2017-12-18,6.3,5.5,3.4
USW00094846,"CHICAGO OHARE INTERNATIONAL AIRPORT, IL US",2017-12-19,6.7,6.6,4.1
USW00094846,"CHICAGO OHARE INTERNATIONAL AIRPORT, IL US",2017-12-20,0.6,0.7,0.3
USW00094846,"CHICAGO OHARE INTERNATIONAL AIRPORT, IL US",2017-12-21,2.7,2.1,0.4
USW00094846,"CHICAGO OHARE INTERNATIONAL AIRPORT, IL US",2017-12-22,2.6,2.4,2.5
USW00094846,"CHICAGO OHARE INTERNATIONAL AIRPORT, IL US",2017-12-23,-2.4,-1.9,-0.3
USW00094846,"CHICAGO OHARE INTERNATIONAL AIRPORT, IL US",2017-12-24,-6.4,-5.9,-4.7
USW00094846,"CHICAGO OHARE INTERNATIONAL AIRPORT, IL US",2017-12-25,-10.2,-9.4,-7
USW00094846,"CHICAGO OHARE INTERNATIONAL AIRPORT, IL US",2017-12-26,-16.6,-15.9,-15.1
USW00094846,"CHICAGO OHARE INTERNATIONAL AIRPORT, IL US",2017-12-27,-16.2,-16.4,-15.7
USW00094846,"CHICAGO OHARE INTERNATIONAL AIRPORT, IL US",2017-12-28,-12.6,-13.7,-13.8
USW00094846,"CHICAGO OHARE INTERNATIONAL AIRPORT, IL US",2017-12-29,-10.6,-11.7,-10
USW00094846,"CHICAGO OHARE INTERNATIONAL AIRPORT, IL US",2017-12-30,-12.8,-13.4,-11.9
USW00094846,"CHICAGO OHARE INTERNATIONAL AIRPORT, IL US",2017-12-31,-13.5,-14,-11.9
USW00014819,"CHICAGO MIDWAY AIRPORT, IL US",2017-01-01,0.9,0.6,-1.9
USW00014819,"CHICAGO MIDWAY AIRPORT, IL US",2017-01-02,2.8,1.6,0.4
USW00014819,"CHICAGO MIDWAY AIRPORT, IL US",2017-01-03,1,1.1,3.1
USW00014819,"CHICAGO MIDWAY AIRPORT, IL US",2017-01-04,-8.4,-7.8,-5.5
USW00014819,"CHICAGO MIDWAY AIRPORT, IL US",2017-01-05,-11.5,-11.7,-12.2
USW00014819,"CHICAGO MIDWAY AIRPORT, IL US",2017-01-06,-14.1,-14.2,-12.4
USW00014819,"CHICAGO MIDWAY AIRPORT, IL US",2017-01-07,-10.8,-11.6,-11.3
USW00014819,"CHICAGO MIDWAY AIRPORT, IL US",2017-01-08,-10.1,-10.5,-11.4
USW00014819,"CHICAGO MIDWAY AIRPORT, IL US",2017-01-09,-1.8,-3.6,-6.1
USW00014819,"CHICAGO MIDWAY AIRPORT, IL US",2017-01-10,5.7,4.5,1.5
USW00014819,"CHICAGO MIDWAY AIRPORT, IL US",2017-01-11,3.3,3.3,1.8
USW00014819,"CHICAGO MIDWAY AIRPORT, IL US",2017-01-12,-2.5,-2.6,1.3
USW00014819,"CHICAGO MIDWAY AIRPORT, IL US",2017-01-13,-4,-4.1,-4
USW00014819,"CHICAGO MIDWAY AIRPORT, IL US",2017-01-14,-0.5,-1.8,-1.6
USW00014819,"CHICAGO MIDWAY AIRPORT, IL US",2017-01-15,-1.1,-1.5,-2.2
USW00014819,"CHICAGO MIDWAY AIRPORT, IL US",2017-01-16,2.6,1.7,-0.2
USW00014819,"CHICAGO MIDWAY AIRPORT, IL US",2017-01-18,1.3,1.8,1.9
USW00014819,"CHICAGO MIDWAY AIRPORT, IL US",2017-01-19,3.4,2.8,2.3
USW00014819,"CHICAGO MIDWAY AIRPORT, IL US",2017-01-20,6.1,5.1,5.4
USW00014819,"CHICAGO MIDWAY AIRPORT, IL US",2017-01-21,11.2,10.6,8.3
USW00014819,"CHICAGO MIDWAY AIRPORT, IL US",2017-01-22,6.5,5.4,7.5
USW00014819,"CHICAGO MIDWAY AIRPORT, IL US",2017-01-23,5.2,4.6,4.1
USW00014819,"CHICAGO MIDWAY AIRPORT, IL US",2017-01-24,3.2,2.9,3.2
USW00014819,"CHICAGO MIDWAY AIRPORT, IL US",2017-01-25,4.7,4.4,4.6
USW00014819,"CHICAGO MIDWAY AIRPORT, IL US",2017-01-26,1,0.6,2.7
USW00014819,"CHICAGO MIDWAY AIRPORT, IL US",2017-01-27,-1.5,-2.1,0
USW00014819,"CHICAGO MIDWAY AIRPORT, IL US",2017-01-28,-1.9,-2.3,-1.2
USW00014819,"CHICAGO MIDWAY AIRPORT, IL US",2017-01-29,-2.9,-3.4,-2.3
USW00014819,"CHICAGO MIDWAY AIRPORT, IL US",2017-01-30,-0.9,-1.9,-4.1
USW00014819,"CHICAGO MIDWAY AIRPORT, IL US",2017-01-31,4.6,1.9,0.9
USW00014819,"CHICAGO MIDWAY AIRPORT, IL US",2017-02-01,0.4,0.9,0.8
USW00014819,"CHICAGO MIDWAY AIRPORT, IL US",2017-02-02,-6,-5.9,-4.8
USW00014819,"CHICAGO MIDWAY AIRPORT, IL US",2017-02-03,-4.6,-5.1,-7.1
USW00014819,"CHICAGO MIDWAY AIRPORT, IL US",2017-02-04,-2.8,-3.2,-5.7
USW00014819,"CHICAGO MIDWAY AIRPORT, IL US",2017-02-05,2.4,0.3,0.4
USW00014819,"CHICAGO MIDWAY AIRPORT, IL US",2017-02-06,6.7,5.6,0.8
USW00014819,"CHICAGO MIDWAY AIRPORT, IL US",2017-02-07,7.5,6.9,8.5
USW00014819,"CHICAGO MIDWAY AIRPORT, IL US",2017-02-08,-1.9,-1.1,1.4
USW00014819,"CHICAGO MIDWAY AIRPORT, IL US",2017-02-09,-6.2,-6.2,-7.2
USW00014819,"CHICAGO MIDWAY AIRPORT, IL US",2017-02-10,1,-0.7,-5
USW00014819,"CHICAGO MIDWAY AIRPORT, IL US",2017-02-11,8,5.6,1.8
USW00014819,"CHICAGO MIDWAY AIRPORT, IL US",2017-02-12,5.7,5.1,3.7
USW00014819,"CHICAGO MIDWAY AIRPORT, IL US",2017-02-13,3.3,3,1.5
USW00014819,"CHICAGO MIDWAY AIRPORT, IL US",2017-02-14,6.9,5.9,2.1
USW00014819,"CHICAGO MIDWAY AIRPORT, IL US",2017-02-15,0.5,0.4,0.5
USW00014819,"CHICAGO MIDWAY AIRPORT, IL US",2017-02-16,3.2,2.4,0.1
USW00014819,"CHICAGO MIDWAY AIRPORT, IL US",2017-02-17,11.8,10.3,4.5
USW00014819,"CHICAGO MIDWAY AIRPORT, IL US",2017-02-18,15.6,13.8,8.6
USW00014819,"CHICAGO MIDWAY AIRPORT, IL US",2017-02-19,13.1,12,8.7
USW00014819,"CHICAGO MIDWAY AIRPORT, IL US",2017-02-20,15.6,13.8,10.5
USW00014819,"CHICAGO MIDWAY AIRPORT, IL US",2017-02-21,15.7,15,14.5
USW00014819,"CHICAGO MIDWAY AIRPORT, IL US",2017-02-22,16.1,15.7,13.7
USW00014819,"CHICAGO MIDWAY AIRPORT, IL US",2017-02-23,10.4,10.8,12.1
USW00014819,"CHICAGO MIDWAY AIRPORT, IL US",2017-02-24,4.3,5.2,10.5
USW00014819,"CHICAGO MIDWAY AIRPORT, IL US",2017-02-25,-1.6,-1.3,1.5
USW00014819,"CHICAGO MIDWAY AIRPORT, IL US",2017-02-26,4,2.7,-0.1
USW00014819,"CHICAGO MIDWAY AIRPORT, IL US",2017-02-27,7.6,6.3,3.4
USW00014819,"CHICAGO MIDWAY AIRPORT, IL US",2017-02-28,12.4,10.8,9.6
USW00014819,"CHICAGO MIDWAY AIRPORT, IL US",2017-03-01,7.4,7.8,13.2
USW00014819,"CHICAGO MIDWAY AIRPORT, IL US",2017-03-02,0.3,0.4,1.4
USW00014819,"CHICAGO MIDWAY AIRPORT, IL US",2017-03-03,-2,-1.9,-1.5
USW00014819,"CHICAGO MIDWAY AIRPORT, IL US",2017-03-04,2.8,1.3,0.8
USW00014819,"CHICAGO MIDWAY AIRPORT, IL US",2017-03-05,10,8.9,4.5
USW00014819,"CHICAGO MIDWAY AIRPORT, IL US",2017-03-06,15.2,13.3,10.9
USW00014819,"CHICAGO MIDWAY AIRPORT, IL US",2017-03-07,13.4,12.3,13.2
USW00014819,"CHICAGO MIDWAY AIRPORT, IL US",2017-03-08,8.5,8.5,5.7
USW00014819,"CHICAGO MIDWAY AIRPORT, IL US",2017-03-09,3.5,3.7,3.3
USW00014819,"CHICAGO MIDWAY AIRPORT, IL US",2017-03-10,-0.2,-0.2,-0.9
USW00014819,"CHICAGO MIDWAY AIRPORT, IL US",2017-03-11,-3.6,-3.7,-4.5
USW00014819,"CHICAGO MIDWAY AIRPORT, IL US",2017-03-12,-1.3,-2.1,-2.9
USW00014819,"CHICAGO MIDWAY AIRPORT, IL US",2017-03-13,-1.6,-2,-2
USW00014819,"CHICAGO MIDWAY AIRPORT, IL US",2017-03-14,-3.6,-3.8,-2.7
USW00014819,"CHICAGO MIDWAY AIRPORT, IL US",2017-03-15,-2.9,-3.2,-5.2
USW00014819,"CHICAGO MIDWAY AIRPORT, IL US",2017-03-16,0.6,-0.6,-4.9
USW00014819,"CHICAGO MIDWAY AIRPORT, IL US",2017-03-17,6.7,4.6,0.6
USW00014819,"CHICAGO MIDWAY AIRPORT, IL US",2017-03-18,5.2,5,2.8
USW00014819,"CHICAGO MIDWAY AIRPORT, IL US",2017-03-19,6.9,6.1,3.4
USW00014819,"CHICAGO MIDWAY AIRPORT, IL US",2017-03-20,9.4,8.2,5.9
USW00014819,"CHICAGO MIDWAY AIRPORT, IL US",2017-03-21,8,7.3,5.8
USW00014819,"CHICAGO MIDWAY AIRPORT, IL US",2017-03-22,0.4,1.1,1.1
USW00014819,"CHICAGO MIDWAY AIRPORT, IL US",2017-03-23,6.4,5.3,2.2
USW00014819,"CHICAGO MIDWAY AIRPORT, IL US",2017-03-24,18.8,16.1,12.2
USW00014819,"CHICAGO MIDWAY AIRPORT, IL US",2017-03-25,7.4,8.8,12.3
USW00014819,"CHICAGO MIDWAY AIRPORT, IL US",2017-03-26,13.6,12.2,14.3
USW00014819,"CHICAGO MIDWAY AIRPORT, IL US",2017-03-27,8.6,9.7,12.8
USW00014819,"CHICAGO MIDWAY AIRPORT, IL US",2017-03-28,6.1,6.1,11.5
USW00014819,"CHICAGO MIDWAY AIRPORT, IL US",2017-03-29,6.6,6.3,7.4
USW00014819,"CHICAGO MIDWAY AIRPORT, IL US",2017-03-30,6.3,6.1,8.7
USW00014819,"CHICAGO MIDWAY AIRPORT, IL US",2017-03-31,4.1,4.4,6.4
USW00014819,"CHICAGO MIDWAY AIRPORT, IL US",2017-04-01,8.3,7.6,5.7
USW00014819,"CHICAGO MIDWAY AIRPORT, IL US",2017-04-02,11.7,10.3,8.9
USW00014819,"CHICAGO MIDWAY AIRPORT, IL US",2017-04-03,9.8,10,10.2
USW00014819,"CHICAGO MIDWAY AIRPORT, IL US",2017-04-04,11.1,9.9,11.1
USW00014819,"CHICAGO MIDWAY AIRPORT, IL US",2017-04-05,6.9,6.7,7.5
USW00014819,"CHICAGO MIDWAY AIRPORT, IL US",2017-04-06,8,6.8,5
USW00014819,"CHICAGO MIDWAY AIRPORT, IL US",2017-04-07,8.5,7.7,4.3
USW00014819,"CHICAGO MIDWAY AIRPORT, IL US",2017-04-08,13.5,12.6,8.1
USW00014819,"CHICAGO MIDWAY AIRPORT, IL US",2017-04-09,20.6,18.6,13.9
USW00014819,"CHICAGO MIDWAY AIRPORT, IL US",2017-04-10,17.7,18.2,18.7
USW00014819,"CHICAGO MIDWAY AIRPORT, IL US",2017-04-11,10,10.3,15.3
USW00014819,"CHICAGO MIDWAY AIRPORT, IL US",2017-04-12,10,9.4,11.8
USW00014819,"CHICAGO MIDWAY AIRPORT, IL US",2017-04-13,13,11.7,11.2
USW00014819,"CHICAGO MIDWAY AIRPORT, IL US",2017-04-14,15.6,15.4,15.5
USW00014819,"CHICAGO MIDWAY AIRPORT, IL US",2017-04-15,23.6,21.4,21.4
USW00014819,"CHICAGO MIDWAY AIRPORT, IL US",2017-04-16,19.6,19.7,20.3
USW00014819,"CHICAGO MIDWAY AIRPORT, IL US",2017-04-17,15.3,15.2,14.5
USW00014819,"CHICAGO MIDWAY AIRPORT, IL US",2017-04-18,17.8,17.1,15.1
USW00014819,"CHICAGO MIDWAY AIRPORT, IL US",2017-04-19,15.9,16.1,17.4
USW00014819,"CHICAGO MIDWAY AIRPORT, IL US",2017-04-20,18.4,17.2,19.4
USW00014819,"CHICAGO MIDWAY AIRPORT, IL US",2017-04-21,9.6,10.5,11.5
USW00014819,"CHICAGO MIDWAY AIRPORT, IL US",2017-04-22,11.4,10.3,8
USW00014819,"CHICAGO MIDWAY AIRPORT, IL US",2017-04-23,14,13,9.9
USW00014819,"CHICAGO MIDWAY AIRPORT, IL US",2017-04-24,15.7,14.9,13.7
USW00014819,"CHICAGO MIDWAY AIRPORT, IL US",2017-04-25,21.7,19.3,15
USW00014819,"CHICAGO MIDWAY AIRPORT, IL US",2017-04-26,21.5,20.9,19.2
USW00014819,"CHICAGO MIDWAY AIRPORT, IL US",2017-04-27,12.2,13.1,14.9
USW00014819,"CHICAGO MIDWAY AIRPORT, IL US",2017-04-28,11.3,10.3,10.8
USW00014819,"CHICAGO MIDWAY AIRPORT, IL US",2017-04-29,7,7.5,10.6
USW00014819,"CHICAGO MIDWAY AIRPORT, IL US",2017-04-30,9.4,9.2,9.7
USW00014819,"CHICAGO MIDWAY AIRPORT, IL US",2017-05-01,11.6,11.2,14.9
USW00014819,"CHICAGO MIDWAY AIRPORT, IL US",2017-05-02,8.6,8.3,8.2
USW00014819,"CHICAGO MIDWAY AIRPORT, IL US",2017-05-03,9.4,9,9.6
USW00014819,"CHICAGO MIDWAY AIRPORT, IL US",2017-05-04,9.8,9.3,9.9
USW00014819,"CHICAGO MIDWAY AIRPORT, IL US",2017-05-05,11.1,10.3,9.1
USW00014819,"CHICAGO MIDWAY AIRPORT, IL US",2017-05-06,11.1,10.6,9.4
USW00014819,"CHICAGO MIDWAY AIRPORT, IL US",2017-05-07,10,9.2,8.1
USW00014819,"CHICAGO MIDWAY AIRPORT, IL US",2017-05-08,9.3,8.7,7.6
USW00014819,"CHICAGO MIDWAY AIRPORT, IL US",2017-05-09,11.9,11.2,9.1
USW00014819,"CHICAGO MIDWAY AIRPORT, IL US",2017-05-10,15,14,13.7
USW00014819,"CHICAGO MIDWAY AIRPORT, IL US",2017-05-11,14.1,14.3,13.4
USW00014819,"CHICAGO MIDWAY AIRPORT, IL US",2017-05-12,16.4,15,13.8
USW00014819,"CHICAGO MIDWAY AIRPORT, IL US",2017-05-13,20,19.7,16.6
USW00014819,"CHICAGO MIDWAY AIRPORT, IL US",2017-05-14,17.8,16.7,19
USW00014819,"CHICAGO MIDWAY AIRPORT, IL US",2017-05-15,22,20.1,18.7
USW00014819,"CHICAGO MIDWAY AIRPORT, IL US",2017-05-16,26.9,24.9,22.3
USW00014819,"CHICAGO MIDWAY AIRPORT, IL US",2017-05-17,25.4,25.1,24.1
USW00014819,"CHICAGO MIDWAY AIRPORT, IL US",2017-05-18,20.1,21.3,23.2
USW00014819,"CHICAGO MIDWAY AIRPORT, IL US",2017-05-19,8.7,10.1,13.4
USW00014819,"CHICAGO MIDWAY AIRPORT, IL US",2017-05-20,16.1,13.7,12.5
USW00014819,"CHICAGO MIDWAY AIRPORT, IL US",2017-05-21,15.8,15.6,19.1
USW00014819,"CHICAGO MIDWAY AIRPORT, IL US",2017-05-22,18.2,17.4,14.7
USW00014819,"CHICAGO MIDWAY AIRPORT, IL US",2017-05-23,16.6,16.2,15.9
USW00014819,"CHICAGO MIDWAY AIRPORT, IL US",2017-05-24,14.1,13.9,16.3
USW00014819,"CHICAGO MIDWAY AIRPORT, IL US",2017-05-25,17.6,16.1,14
USW00014819,"CHICAGO MIDWAY AIRPORT, IL US",2017-05-26,17.5,17,15.8
USW00014819,"CHICAGO MIDWAY AIRPORT, IL US",2017-05-27,19.7,18.6,18.2
USW00014819,"CHICAGO MIDWAY AIRPORT, IL US",2017-05-28,21.1,20.1,19.4
USW00014819,"CHICAGO MIDWAY AIRPORT, IL US",2017-05-29,21.9,20.8,19.2
USW00014819,"CHICAGO MIDWAY AIRPORT, IL US",2017-05-30,19.4,19.2,16.6
USW00014819,"CHICAGO MIDWAY AIRPORT, IL US",2017-05-31,18.9,18.5,16.3
USW00014819,"CHICAGO MIDWAY AIRPORT, IL US",2017-06-01,20.9,19.1,16.6
USW00014819,"CHICAGO MIDWAY AIRPORT, IL US",2017-06-02,23.5,22.1,19.6
USW00014819,"CHICAGO MIDWAY AIRPORT, IL US",2017-06-03,25,24.1,20.8
USW00014819,"CHICAGO MIDWAY AIRPORT, IL US",2017-06-04,28.2,27.2,23.6
USW00014819,"CHICAGO MIDWAY AIRPORT, IL US",2017-06-05,21.4,21.1,22.1
USW00014819,"CHICAGO MIDWAY AIRPORT, IL US",2017-06-06,19.5,18.4,16.8
USW00014819,"CHICAGO MIDWAY AIRPORT, IL US",2017-06-07,20.5,18.9,16.7
USW00014819,"CHICAGO MIDWAY AIRPORT, IL US",2017-06-08,22.6,21.1,18.2
USW00014819,"CHICAGO MIDWAY AIRPORT, IL US",2017-06-09,26.7,24.9,20.9
USW00014819,"CHICAGO MIDWAY AIRPORT, IL US",2017-06-10,27.8,26.7,22.8
USW00014819,"CHICAGO MIDWAY AIRPORT, IL US",2017-06-11,29.4,28.7,23.5
USW00014819,"CHICAGO MIDWAY AIRPORT, IL US",2017-06-12,30.4,29.4,26.2
USW00014819,"CHICAGO MIDWAY AIRPORT, IL US",2017-06-13,27.8,26.8,27.9
USW00014819,"CHICAGO MIDWAY AIRPORT, IL US",2017-06-14,27.4,27.5,27.8
USW00014819,"CHICAGO MIDWAY AIRPORT, IL US",2017-06-15,28.2,27.5,26
USW00014819,"CHICAGO MIDWAY AIRPORT, IL US",2017-06-16,25.8,25.5,25.6
USW00014819,"CHICAGO MIDWAY AIRPORT, IL US",2017-06-17,27.8,26.4,25.9
USW00014819,"CHICAGO MIDWAY AIRPORT, IL US",2017-06-18,24.5,24.5,25.7
USW00014819,"CHICAGO MIDWAY AIRPORT, IL US",2017-06-19,22.2,22.1,21.3
USW00014819,"CHICAGO MIDWAY AIRPORT, IL US",2017-06-20,22.1,21.9,19.8
USW00014819,"CHICAGO MIDWAY AIRPORT, IL US",2017-06-21,21.3,20.8,21
USW00014819,"CHICAGO MIDWAY AIRPORT, IL US",2017-06-22,28.4,26.2,24.4
USW00014819,"CHICAGO MIDWAY AIRPORT, IL US",2017-06-23,24.8,24.7,23.5
USW00014819,"CHICAGO MIDWAY AIRPORT, IL US",2017-06-24,21.1,20.5,19.6
USW00014819,"CHICAGO MIDWAY AIRPORT, IL US",2017-06-25,19.1,18.7,15.8
USW00014819,"CHICAGO MIDWAY AIRPORT, IL US",2017-06-26,19.2,18.7,16.3
USW00014819,"CHICAGO MIDWAY AIRPORT, IL US",2017-06-27,20,19.2,16.7
USW00014819,"CHICAGO MIDWAY AIRPORT, IL US",2017-06-28,23.9,22.3,18.2
USW00014819,"CHICAGO MIDWAY AIRPORT, IL US",2017-06-29,25,24.1,24.6
USW00014819,"CHICAGO MIDWAY AIRPORT, IL US",2017-06-30,24.8,24.2,24.8
USW00014819,"CHICAGO MIDWAY AIRPORT, IL US",2017-07-01,25,24.7,23.6
USW00014819,"CHICAGO MIDWAY AIRPORT, IL US",2017-07-02,25.8,25.3,22
USW00014819,"CHICAGO MIDWAY AIRPORT, IL US",2017-07-03,25,23.8,23.2
USW00014819,"CHICAGO MIDWAY AIRPORT, IL US",2017-07-04,25.4,24.4,22.9
USW00014819,"CHICAGO MIDWAY AIRPORT, IL US",2017-07-05,27.1,25.9,24
USW00014819,"CHICAGO MIDWAY AIRPORT, IL US",2017-07-06,28.9,28.2,26.5
USW00014819,"CHICAGO MIDWAY AIRPORT, IL US",2017-07-07,26.5,26.5,25.5
USW00014819,"CHICAGO MIDWAY AIRPORT, IL US",2017-07-08,22.5,22.2,22.7
USW00014819,"CHICAGO MIDWAY AIRPORT, IL US",2017-07-09,24.9,24.3,21
USW00014819,"CHICAGO MIDWAY AIRPORT, IL US",2017-07-10,25.7,25,24.4
USW00014819,"CHICAGO MIDWAY AIRPORT, IL US",2017-07-11,26.9,26.1,27
USW00014819,"CHICAGO MIDWAY AIRPORT, IL US",2017-07-12,24.3,24.3,27.1
USW00014819,"CHICAGO MIDWAY AIRPORT, IL US",2017-07-13,26.3,25.7,27.7
USW00014819,"CHICAGO MIDWAY AIRPORT, IL US",2017-07-14,21.5,21.8,23.6
USW00014819,"CHICAGO MIDWAY AIRPORT, IL US",2017-07-15,23.5,22.7,20.4
USW00014819,"CHICAGO MIDWAY AIRPORT, IL US",2017-07-16,23.7,22.2,22.4
USW00014819,"CHICAGO MIDWAY AIRPORT, IL US",2017-07-17,21.5,20.9,21.1
USW00014819,"CHICAGO MIDWAY AIRPORT, IL US",2017-07-19,27.8,26.3,26.2
USW00014819,"CHICAGO MIDWAY AIRPORT, IL US",2017-07-20,27.5,27.2,26.8
USW00014819,"CHICAGO MIDWAY AIRPORT, IL US",2017-07-21,28.2,27.3,27.6
USW00014819,"CHICAGO MIDWAY AIRPORT, IL US",2017-07-22,27.3,26.9,28
USW00014819,"CHICAGO MIDWAY AIRPORT, IL US",2017-07-23,28.4,27.4,25.3
USW00014819,"CHICAGO MIDWAY AIRPORT, IL US",2017-07-24,22.4,21.7,23.3
USW00014819,"CHICAGO MIDWAY AIRPORT, IL US",2017-07-25,24.3,23.7,19.6
USW00014819,"CHICAGO MIDWAY AIRPORT, IL US",2017-07-26,25.7,24.9,21.4
USW00014819,"CHICAGO MIDWAY AIRPORT, IL US",2017-07-27,25.6,24.9,25.3
USW00014819,"CHICAGO MIDWAY AIRPORT, IL US",2017-07-28,24.1,23.9,22.6
USW00014819,"CHICAGO MIDWAY AIRPORT, IL US",2017-07-29,22.7,22.4,20.6
USW00014819,"CHICAGO MIDWAY AIRPORT, IL US",2017-07-30,24.5,23.6,21.2
USW00014819,"CHICAGO MIDWAY AIRPORT, IL US",2017-07-31,26.1,24.7,22.5
USW00014819,"CHICAGO MIDWAY AIRPORT, IL US",2017-08-01,26.7,25.4,23.2
USW00014819,"CHICAGO MIDWAY AIRPORT, IL US",2017-08-02,26.4,25.6,23
USW00014819,"CHICAGO MIDWAY AIRPORT, IL US",2017-08-03,25,25,23.2
USW00014819,"CHICAGO MIDWAY AIRPORT, IL US",2017-08-04,17.4,18.3,19.2
USW00014819,"CHICAGO MIDWAY AIRPORT, IL US",2017-08-05,21.7,21,17.5
USW00014819,"CHICAGO MIDWAY AIRPORT, IL US",2017-08-06,22.6,22.1,19.4
USW00014819,"CHICAGO MIDWAY AIRPORT, IL US",2017-08-07,21.3,21.2,20
USW00014819,"CHICAGO MIDWAY AIRPORT, IL US",2017-08-08,23.4,22.2,20.2
USW00014819,"CHICAGO MIDWAY AIRPORT, IL US",2017-08-09,24.2,23.5,20
USW00014819,"CHICAGO MIDWAY AIRPORT, IL US",2017-08-10,25,24.3,20.8
USW00014819,"CHICAGO MIDWAY AIRPORT, IL US",2017-08-11,23.6,22.9,22.1
USW00014819,"CHICAGO MIDWAY AIRPORT, IL US",2017-08-12,21.1,20.8,20.5
USW00014819,"CHICAGO MIDWAY AIRPORT, IL US",2017-08-13,21.1,20.8,20.2
USW00014819,"CHICAGO MIDWAY AIRPORT, IL US",2017-08-14,24.7,23.3,22.4
USW00014819,"CHICAGO MIDWAY AIRPORT, IL US",2017-08-15,25.4,24.8,23.5
USW00014819,"CHICAGO MIDWAY AIRPORT, IL US",2017-08-17,26.5,25.7,26.4
USW00014819,"CHICAGO MIDWAY AIRPORT, IL US",2017-08-18,24.8,24.6,22.1
USW00014819,"CHICAGO MIDWAY AIRPORT, IL US",2017-08-19,23.9,23.7,22.7
USW00014819,"CHICAGO MIDWAY AIRPORT, IL US",2017-08-20,26.9,25.6,22.8
USW00014819,"CHICAGO MIDWAY AIRPORT, IL US",2017-08-21,27.3,26.4,26
USW00014819,"CHICAGO MIDWAY AIRPORT, IL US",2017-08-22,23.5,24.3,26.3
USW00014819,"CHICAGO MIDWAY AIRPORT, IL US",2017-08-23,21.7,21.3,18.8
USW00014819,"CHICAGO MIDWAY AIRPORT, IL US",2017-08-24,20.7,20.1,18.8
USW00014819,"CHICAGO MIDWAY AIRPORT, IL US",2017-08-25,18.4,18.7,18.4
USW00014819,"CHICAGO MIDWAY AIRPORT, IL US",2017-08-26,21.4,20.2,18.8
USW00014819,"CHICAGO MIDWAY AIRPORT, IL US",2017-08-27,22.8,21.9,20.3
USW00014819,"CHICAGO MIDWAY AIRPORT, IL US",2017-08-28,23,22.5,20.9
USW00014819,"CHICAGO MIDWAY AIRPORT, IL US",2017-08-29,21.6,21.5,20.7
USW00014819,"CHICAGO MIDWAY AIRPORT, IL US",2017-08-30,22.8,22,20.8
USW00014819,"CHICAGO MIDWAY AIRPORT, IL US",2017-08-31,21.6,21,21.9
USW00014819,"CHICAGO MIDWAY AIRPORT, IL US",2017-09-01,18.2,17.9,17.9
USW00014819,"CHICAGO MIDWAY AIRPORT, IL US",2017-09-02,18.1,17.9,16.3
USW00014819,"CHICAGO MIDWAY AIRPORT, IL US",2017-09-03,23,21.7,19.3
USW00014819,"CHICAGO MIDWAY AIRPORT, IL US",2017-09-04,24.7,23.5,21.4
USW00014819,"CHICAGO MIDWAY AIRPORT, IL US",2017-09-05,18.5,18.2,17.7
USW00014819,"CHICAGO MIDWAY AIRPORT, IL US",2017-09-06,15.7,15.7,14.1
USW00014819,"CHICAGO MIDWAY AIRPORT, IL US",2017-09-07,17.4,17,14.1
USW00014819,"CHICAGO MIDWAY AIRPORT, IL US",2017-09-08,19.4,18.1,17.4
USW00014819,"CHICAGO MIDWAY AIRPORT, IL US",2017-09-09,18.6,18.4,16.6
USW00014819,"CHICAGO MIDWAY AIRPORT, IL US",2017-09-10,17.4,17.2,15.5
USW00014819,"CHICAGO MIDWAY AIRPORT, IL US",2017-09-11,19.2,18.4,16.7
USW00014819,"CHICAGO MIDWAY AIRPORT, IL US",2017-09-12,22.2,20,19.1
USW00014819,"CHICAGO MIDWAY AIRPORT, IL US",2017-09-13,21.8,20.5,18.3
USW00014819,"CHICAGO MIDWAY AIRPORT, IL US",2017-09-14,22.1,21.7,19.9
USW00014819,"CHICAGO MIDWAY AIRPORT, IL US",2017-09-15,25.9,24.5,21.8
USW00014819,"CHICAGO MIDWAY AIRPORT, IL US",2017-09-16,26.5,26.1,23.3
USW00014819,"CHICAGO MIDWAY AIRPORT, IL US",2017-09-17,26.3,25.4,23.3
USW00014819,"CHICAGO MIDWAY AIRPORT, IL US",2017-09-18,20.7,21,21.6
USW00014819,"CHICAGO MIDWAY AIRPORT, IL US",2017-09-19,23,22.2,21.6
USW00014819,"CHICAGO MIDWAY AIRPORT, IL US",2017-09-20,27.6,26.7,22.9
USW00014819,"CHICAGO MIDWAY AIRPORT, IL US",2017-09-21,30.4,28.6,26.5
USW00014819,"CHICAGO MIDWAY AIRPORT, IL US",2017-09-22,30.6,29.6,27.3
USW00014819,"CHICAGO MIDWAY AIRPORT, IL US",2017-09-23,30.6,29.1,27.3
USW00014819,"CHICAGO MIDWAY AIRPORT, IL US",2017-09-24,29.2,28.1,25.8
USW00014819,"CHICAGO MIDWAY AIRPORT, IL US",2017-09-25,28.7,27.4,23.9
USW00014819,"CHICAGO MIDWAY AIRPORT, IL US",2017-09-26,29.3,28.4,24.1
USW00014819,"CHICAGO MIDWAY AIRPORT, IL US",2017-09-27,19.5,20.9,22
USW00014819,"CHICAGO MIDWAY AIRPORT, IL US",2017-09-28,18.6,18,16.3
USW00014819,"CHICAGO MIDWAY AIRPORT, IL US",2017-09-29,18.9,18.1,15.9
USW00014819,"CHICAGO MIDWAY AIRPORT, IL US",2017-09-30,16.9,16.6,14.1
USW00014819,"CHICAGO MIDWAY AIRPORT, IL US",2017-10-01,17.8,17,13.4
USW00014819,"CHICAGO MIDWAY AIRPORT, IL US",2017-10-02,23.7,21.9,18.7
USW00014819,"CHICAGO MIDWAY AIRPORT, IL US",2017-10-03,23.5,22.7,22.3
USW00014819,"CHICAGO MIDWAY AIRPORT, IL US",2017-10-04,20,20.8,24.1
USW00014819,"CHICAGO MIDWAY AIRPORT, IL US",2017-10-05,20,19.5,20.4
USW00014819,"CHICAGO MIDWAY AIRPORT, IL US",2017-10-06,20,19.4,20.6
USW00014819,"CHICAGO MIDWAY AIRPORT, IL US",2017-10-07,22.5,21.9,22.3
USW00014819,"CHICAGO MIDWAY AIRPORT, IL US",2017-10-08,21.4,20.5,18.9
USW00014819,"CHICAGO MIDWAY AIRPORT, IL US",2017-10-09,21.9,21.1,20.3
USW00014819,"CHICAGO MIDWAY AIRPORT, IL US",2017-10-10,20,17.5,18.5
USW00014819,"CHICAGO MIDWAY AIRPORT, IL US",2017-10-11,15.9,15.7,15.1
USW00014819,"CHICAGO MIDWAY AIRPORT, IL US",2017-10-12,14.9,14.6,15.5
USW00014819,"CHICAGO MIDWAY AIRPORT, IL US",2017-10-13,18.9,18.2,17
USW00014819,"CHICAGO MIDWAY AIRPORT, IL US",2017-10-14,18.7,17.8,20.4
USW00014819,"CHICAGO MIDWAY AIRPORT, IL US",2017-10-15,15.6,15.5,18.5
USW00014819,"CHICAGO MIDWAY AIRPORT, IL US",2017-10-16,12.8,12.7,10.7
USW00014819,"CHICAGO MIDWAY AIRPORT, IL US",2017-10-17,16.9,15.8,10.6
USW00014819,"CHICAGO MIDWAY AIRPORT, IL US",2017-10-18,17.1,16.6,12.3
USW00014819,"CHICAGO MIDWAY AIRPORT, IL US",2017-10-19,17.1,16.4,14.1
USW00014819,"CHICAGO MIDWAY AIRPORT, IL US",2017-10-20,21,19.7,16.1
USW00014819,"CHICAGO MIDWAY AIRPORT, IL US",2017-10-21,22.1,21.1,17.5
USW00014819,"CHICAGO MIDWAY AIRPORT, IL US",2017-10-22,17.8,18.5,19.8
USW00014819,"CHICAGO MIDWAY AIRPORT, IL US",2017-10-23,11.3,12.1,12.6
USW00014819,"CHICAGO MIDWAY AIRPORT, IL US",2017-10-24,8.3,8.3,8.5
USW00014819,"CHICAGO MIDWAY AIRPORT, IL US",2017-10-25,8.7,8.1,5.1
USW00014819,"CHICAGO MIDWAY AIRPORT, IL US",2017-10-26,11.3,10.2,7.1
USW00014819,"CHICAGO MIDWAY AIRPORT, IL US",2017-10-27,8.5,7.9,7.7
USW00014819,"CHICAGO MIDWAY AIRPORT, IL US",2017-10-28,3.5,3.7,2.8
USW00014819,"CHICAGO MIDWAY AIRPORT, IL US",2017-10-29,5,5,4.3
USW00014819,"CHICAGO MIDWAY AIRPORT, IL US",2017-10-30,7.7,6.8,4.8
USW00014819,"CHICAGO MIDWAY AIRPORT, IL US",2017-10-31,3.7,3.9,4.3
USW00014819,"CHICAGO MIDWAY AIRPORT, IL US",2017-11-01,5.5,5.3,4.6
USW00014819,"CHICAGO MIDWAY AIRPORT, IL US",2017-11-02,9.6,8.6,10.7
USW00014819,"CHICAGO MIDWAY AIRPORT, IL US",2017-11-03,7.8,7.6,10.2
USW00014819,"CHICAGO MIDWAY AIRPORT, IL US",2017-11-04,8.8,8.6,8.5
USW00014819,"CHICAGO MIDWAY AIRPORT, IL US",2017-11-05,9.7,9.3,13.6
USW00014819,"CHICAGO MIDWAY AIRPORT, IL US",2017-11-06,4.3,4.9,7.2
USW00014819,"CHICAGO MIDWAY AIRPORT, IL US",2017-11-07,5.6,5.3,6.2
USW00014819,"CHICAGO MIDWAY AIRPORT, IL US",2017-11-08,4.4,4.4,3.2
USW00014819,"CHICAGO MIDWAY AIRPORT, IL US",2017-11-09,2.9,3.4,2.3
USW00014819,"CHICAGO MIDWAY AIRPORT, IL US",2017-11-10,-2.9,-2.3,-1.9
USW00014819,"CHICAGO MIDWAY AIRPORT, IL US",2017-11-11,1.1,0.1,-1.4
USW00014819,"CHICAGO MIDWAY AIRPORT, IL US",2017-11-12,4.3,3.1,2.4
USW00014819,"CHICAGO MIDWAY AIRPORT, IL US",2017-11-13,3.4,3.2,3
USW00014819,"CHICAGO MIDWAY AIRPORT, IL US",2017-11-14,6.3,5.4,4
USW00014819,"CHICAGO MIDWAY AIRPORT, IL US",2017-11-15,7.2,6.8,7.5
USW00014819,"CHICAGO MIDWAY AIRPORT, IL US",2017-11-16,2.4,2.6,3.3
USW00014819,"CHICAGO MIDWAY AIRPORT, IL US",2017-11-17,6.3,5.4,3.2
USW00014819,"CHICAGO MIDWAY AIRPORT, IL US",2017-11-18,6.3,5.4,7.3
USW00014819,"CHICAGO MIDWAY AIRPORT, IL US",2017-11-19,1.6,1.6,1
USW00014819,"CHICAGO MIDWAY AIRPORT, IL US",2017-11-20,7.2,5.9,1.2
USW00014819,"CHICAGO MIDWAY AIRPORT, IL US",2017-11-21,3.5,4.2,3.1
USW00014819,"CHICAGO MIDWAY AIRPORT, IL US",2017-11-22,-0.9,-0.5,-0.4
USW00014819,"CHICAGO MIDWAY AIRPORT, IL US",2017-11-23,5.4,4.2,0.6
USW00014819,"CHICAGO MIDWAY AIRPORT, IL US",2017-11-24,10.6,9.2,2.8
USW00014819,"CHICAGO MIDWAY AIRPORT, IL US",2017-11-25,8.6,8.3,6.2
USW00014819,"CHICAGO MIDWAY AIRPORT, IL US",2017-11-26,4.9,4.9,1.9
USW00014819,"CHICAGO MIDWAY AIRPORT, IL US",2017-11-27,9.3,8.1,3.4
USW00014819,"CHICAGO MIDWAY AIRPORT, IL US",2017-11-28,13.2,11.9,8.4
USW00014819,"CHICAGO MIDWAY AIRPORT, IL US",2017-11-29,6.1,6,5.8
USW00014819,"CHICAGO MIDWAY AIRPORT, IL US",2017-11-30,9.3,8.3,6.1
USW00014819,"CHICAGO MIDWAY AIRPORT, IL US",2017-12-01,6.9,6.4,3.4
USW00014819,"CHICAGO MIDWAY AIRPORT, IL US",2017-12-02,8.1,7.6,3.2
USW00014819,"CHICAGO MIDWAY AIRPORT, IL US",2017-12-03,8.5,8,4.4
USW00014819,"CHICAGO MIDWAY AIRPORT, IL US",2017-12-04,14.2,12.2,7.6
USW00014819,"CHICAGO MIDWAY AIRPORT, IL US",2017-12-05,3.9,3.9,7.8
USW00014819,"CHICAGO MIDWAY AIRPORT, IL US",2017-12-06,0.1,-0,-0.3
USW00014819,"CHICAGO MIDWAY AIRPORT, IL US",2017-12-07,-3.8,-3.6,-2.8
USW00014819,"CHICAGO MIDWAY AIRPORT, IL US",2017-12-08,-1.3,-2,-5
USW00014819,"CHICAGO MIDWAY AIRPORT, IL US",2017-12-09,-2.6,-2.9,-2
USW00014819,"CHICAGO MIDWAY AIRPORT, IL US",2017-12-10,-1.3,-1.8,-1.6
USW00014819,"CHICAGO MIDWAY AIRPORT, IL US",2017-12-11,1.4,0.4,-1.9
USW00014819,"CHICAGO MIDWAY AIRPORT, IL US",2017-12-12,-3,-3.3,-2.7
USW00014819,"CHICAGO MIDWAY AIRPORT, IL US",2017-12-13,-0.2,-1.2,-3.6
USW00014819,"CHICAGO MIDWAY AIRPORT, IL US",2017-12-14,-3.6,-3.6,-0.7
USW00014819,"CHICAGO MIDWAY AIRPORT, IL US",2017-12-15,-0.4,-1.5,-1.6
USW00014819,"CHICAGO MIDWAY AIRPORT, IL US",2017-12-16,5.8,4.1,1.6
USW00014819,"CHICAGO MIDWAY AIRPORT, IL US",2017-12-17,5,4.2,1.4
USW00014819,"CHICAGO MIDWAY AIRPORT, IL US",2017-12-18,6.3,5.6,3.7
USW00014819,"CHICAGO MIDWAY AIRPORT, IL US",2017-12-19,7.5,7,5
USW00014819,"CHICAGO MIDWAY AIRPORT, IL US",2017-12-20,1.3,1.7,0.8
USW00014819,"CHICAGO MIDWAY AIRPORT, IL US",2017-12-21,3.5,2.3,0.4
USW00014819,"CHICAGO MIDWAY AIRPORT, IL US",2017-12-22,3.7,2.9,3
USW00014819,"CHICAGO MIDWAY AIRPORT, IL US",2017-12-23,-1.3,-0.7,1
USW00014819,"CHICAGO MIDWAY AIRPORT, IL US",2017-12-24,-5.4,-4.7,-3.2
USW00014819,"CHICAGO MIDWAY AIRPORT, IL US",2017-12-25,-9.4,-8.8,-6.1
USW00014819,"CHICAGO MIDWAY AIRPORT, IL US",2017-12-26,-15.5,-15.1,-13.8
USW00014819,"CHICAGO MIDWAY AIRPORT, IL US",2017-12-27,-15.6,-15.6,-15.5
USW00014819,"CHICAGO MIDWAY AIRPORT, IL US",2017-12-28,-12.5,-13.3,-14.2
USW00014819,"CHICAGO MIDWAY AIRPORT, IL US",2017-12-29,-10.1,-11.1,-9.7
USW00014819,"CHICAGO MIDWAY AIRPORT, IL US",2017-12-30,-12.6,-12.5,-10.7
USW00014819,"CHICAGO MIDWAY AIRPORT, IL US",2017-12-31,-12.6,-13.2,-12.7
USC00111550,"CHICAGO NORTHERLY ISLAND, IL US",2018-01-01,-16.8,-16.8,-16.6
USC00111550,"CHICAGO NORTHERLY ISLAND, IL US",2018-01-02,-16.6,-16.5,-17.5
USC00111550,"CHICAGO NORTHERLY ISLAND, IL US",2018-01-03,-10,-11.3,-14.7
USC00111550,"CHICAGO NORTHERLY ISLAND, IL US",2018-01-04,-12.2,-12.1,-10.9
USC00111550,"CHICAGO NORTHERLY ISLAND, IL US",2018-01-05,-12.8,-13,-13.6
USC00111550,"CHICAGO NORTHERLY ISLAND, IL US",2018-01-06,-10.5,-11.4,-14.6
USC00111550,"CHICAGO NORTHERLY ISLAND, IL US",2018-01-07,-5.2,-5.9,-11.5
USC00111550,"CHICAGO NORTHERLY ISLAND, IL US",2018-01-08,1.5,0.7,-1.9
USC00111550,"CHICAGO NORTHERLY ISLAND, IL US",2018-01-09,0.2,-0,-3.8
USC00111550,"CHICAGO NORTHERLY ISLAND, IL US",2018-01-10,7.8,7.1,-0.6
USC00111550,"CHICAGO NORTHERLY ISLAND, IL US",2018-01-11,7.7,8.4,7.5
USC00111550,"CHICAGO NORTHERLY ISLAND, IL US",2018-01-12,-5.6,-4.9,-1.3
USC00111550,"CHICAGO NORTHERLY ISLAND, IL US",2018-01-13,-10.1,-10,-8.2
USC00111550,"CHICAGO NORTHERLY ISLAND, IL US",2018-01-14,-8.2,-9.8,-11
USC00111550,"CHICAGO NORTHERLY ISLAND, IL US",2018-01-15,-7.5,-7.8,-6.3
USC00111550,"CHICAGO NORTHERLY ISLAND, IL US",2018-01-16,-7.8,-7.7,-9
USC00111550,"CHICAGO NORTHERLY ISLAND, IL US",2018-01-17,-8.4,-9,-8.1
USC00111550,"CHICAGO NORTHERLY ISLAND, IL US",2018-01-18,-2.7,-4.1,-8.3
USC00111550,"CHICAGO NORTHERLY ISLAND, IL US",2018-01-19,1.8,1,-5.3
USC00111550,"CHICAGO NORTHERLY ISLAND, IL US",2018-01-20,5.2,4.7,-2.6
USC00111550,"CHICAGO NORTHERLY ISLAND, IL US",2018-01-21,3.7,5.3,0
USC00111550,"CHICAGO NORTHERLY ISLAND, IL US",2018-01-22,8,8.4,4.8
USC00111550,"CHICAGO NORTHERLY ISLAND, IL US",2018-01-23,1.5,1.2,3
USC00111550,"CHICAGO NORTHERLY ISLAND, IL US",2018-01-24,-1.8,-1.6,-2.5
USC00111550,"CHICAGO NORTHERLY ISLAND, IL US",2018-01-25,3.1,2.4,-2.2
USC00111550,"CHICAGO NORTHERLY ISLAND, IL US",2018-01-26,8,7,1.4
USC00111550,"CHICAGO NORTHERLY ISLAND, IL US",2018-01-27,8,7.7,4.9
USC00111550,"CHICAGO NORTHERLY ISLAND, IL US",2018-01-28,2.4,2.3,1.3
USC00111550,"CHICAGO NORTHERLY ISLAND, IL US",2018-01-29,-3,-2.9,-0.6
USC00111550,"CHICAGO NORTHERLY ISLAND, IL US",2018-01-30,-3.4,-3.8,-4.5
USC00111550,"CHICAGO NORTHERLY ISLAND, IL US",2018-01-31,3.2,2.1,-0.1
USC00111550,"CHICAGO NORTHERLY ISLAND, IL US",2018-02-01,-3.3,-3,-2.7
USC00111550,"CHICAGO NORTHERLY ISLAND, IL US",2018-02-02,-9.1,-8.9,-11.4
USC00111550,"CHICAGO NORTHERLY ISLAND, IL US",2018-02-03,0.5,-1,-5
USC00111550,"CHICAGO NORTHERLY ISLAND, IL US",2018-02-04,-4.4,-4.3,-1.6
USC00111550,"CHICAGO NORTHERLY ISLAND, IL US",2018-02-05,-13.2,-13.5,-13.1
USC00111550,"CHICAGO NORTHERLY ISLAND, IL US",2018-02-06,-8.7,-9.3,-9.1
USC00111550,"CHICAGO NORTHERLY ISLAND, IL US",2018-02-07,-7.6,-8.2,-7.7
USC00111550,"CHICAGO NORTHERLY ISLAND, IL US",2018-02-08,-8,-8.4,-11.3
USC00111550,"CHICAGO NORTHERLY ISLAND, IL US",2018-02-09,-4.1,-4.4,-4.4
USC00111550,"CHICAGO NORTHERLY ISLAND, IL US",2018-02-10,-5.1,-5.3,-5.7
USC00111550,"CHICAGO NORTHERLY ISLAND, IL US",2018-02-11,-6.8,-6.4,-6.9
USC00111550,"CHICAGO NORTHERLY ISLAND, IL US",2018-02-12,-7.2,-7,-12.5
USC00111550,"CHICAGO NORTHERLY ISLAND, IL US",2018-02-13,-2,-3,-8.9
USC00111550,"CHICAGO NORTHERLY ISLAND, IL US",2018-02-14,4.3,2.7,-3.8
USC00111550,"CHICAGO NORTHERLY ISLAND, IL US",2018-02-15,5.2,5.7,1.7
USC00111550,"CHICAGO NORTHERLY ISLAND, IL US",2018-02-16,-0.6,0,-0.5
USC00111550,"CHICAGO NORTHERLY ISLAND, IL US",2018-02-17,-2,-2.2,-4.9
USC00111550,"CHICAGO NORTHERLY ISLAND, IL US",2018-02-18,1.4,0.2,-2.8
USC00111550,"CHICAGO NORTHERLY ISLAND, IL US",2018-02-19,10.3,9.2,2
USC00111550,"CHICAGO NORTHERLY ISLAND, IL US",2018-02-20,11.5,11.9,9.8
USC00111550,"CHICAGO NORTHERLY ISLAND, IL US",2018-02-21,-0.2,0.3,1.3
USC00111550,"CHICAGO NORTHERLY ISLAND, IL US",2018-02-22,1.3,2.1,0.2
USC00111550,"CHICAGO NORTHERLY ISLAND, IL US",2018-02-23,4.7,4.8,4.1
USC00111550,"CHICAGO NORTHERLY ISLAND, IL US",2018-02-24,5.6,6.1,2.7
USC00111550,"CHICAGO NORTHERLY ISLAND, IL US",2018-02-25,6.9,6.1,4.1
USC00111550,"CHICAGO NORTHERLY ISLAND, IL US",2018-02-26,7.8,6.8,3.5
USC00111550,"CHICAGO NORTHERLY ISLAND, IL US",2018-02-27,12.2,11.5,5.5
USC00111550,"CHICAGO NORTHERLY ISLAND, IL US",2018-02-28,9.4,10.7,8.5
USC00111550,"CHICAGO NORTHERLY ISLAND, IL US",2018-03-01,2.4,3.7,4.9
USC00111550,"CHICAGO NORTHERLY ISLAND, IL US",2018-03-02,2.1,3.3,2.2
USC00111550,"CHICAGO NORTHERLY ISLAND, IL US",2018-03-03,1.8,3,2.1
USC00111550,"CHICAGO NORTHERLY ISLAND, IL US",2018-03-04,2.8,4.1,2.2
USC00111550,"CHICAGO NORTHERLY ISLAND, IL US",2018-03-05,2,2.7,1.9
USC00111550,"CHICAGO NORTHERLY ISLAND, IL US",2018-03-06,2.4,3.1,3.2
USC00111550,"CHICAGO NORTHERLY ISLAND, IL US",2018-03-07,-0.9,-0.5,0.7
USC00111550,"CHICAGO NORTHERLY ISLAND, IL US",2018-03-08,-0.9,-0.7,-1.3
USC00111550,"CHICAGO NORTHERLY ISLAND, IL US",2018-03-09,-0.3,-0.1,-0.8
USC00111550,"CHICAGO NORTHERLY ISLAND, IL US",2018-03-10,1.3,0.9,-0.6
USC00111550,"CHICAGO NORTHERLY ISLAND, IL US",2018-03-11,1.8,1.7,-0.3
USC00111550,"CHICAGO NORTHERLY ISLAND, IL US",2018-03-12,3.9,3.6,0.6
USC00111550,"CHICAGO NORTHERLY ISLAND, IL US",2018-03-13,-0.3,-0.4,0.7
USC00111550,"CHICAGO NORTHERLY ISLAND, IL US",2018-03-14,3.5,2.9,0.3
USC00111550,"CHICAGO NORTHERLY ISLAND, IL US",2018-03-15,3,3.5,1.6
USC00111550,"CHICAGO NORTHERLY ISLAND, IL US",2018-03-16,-0.2,0.8,0.3
USC00111550,"CHICAGO NORTHERLY ISLAND, IL US",2018-03-17,3.6,3.3,1.4
USC00111550,"CHICAGO NORTHERLY ISLAND, IL US",2018-03-18,7.6,6.8,2.8
USC00111550,"CHICAGO NORTHERLY ISLAND, IL US",2018-03-19,3.6,5,3.7
USC00111550,"CHICAGO NORTHERLY ISLAND, IL US",2018-03-20,0.2,0.9,1
USC00111550,"CHICAGO NORTHERLY ISLAND, IL US",2018-03-21,0.9,1.4,0.6
USC00111550,"CHICAGO NORTHERLY ISLAND, IL US",2018-03-22,1.8,2.9,0.8
USC00111550,"CHICAGO NORTHERLY ISLAND, IL US",2018-03-23,2,2.4,2
USC00111550,"CHICAGO NORTHERLY ISLAND, IL US",2018-03-24,2.2,2.7,1.5
USC00111550,"CHICAGO NORTHERLY ISLAND, IL US",2018-03-25,1.1,1.8,1.2
USC00111550,"CHICAGO NORTHERLY ISLAND, IL US",2018-03-26,5.6,6.3,3.2
USC00111550,"CHICAGO NORTHERLY ISLAND, IL US",2018-03-27,8.3,8,10.8
USC00111550,"CHICAGO NORTHERLY ISLAND, IL US",2018-03-28,4.5,6.9,9.6
USC00111550,"CHICAGO NORTHERLY ISLAND, IL US",2018-03-29,4.4,6.1,8.5
USC00111550,"CHICAGO NORTHERLY ISLAND, IL US",2018-03-30,4.5,5.2,2.2
USC00111550,"CHICAGO NORTHERLY ISLAND, IL US",2018-03-31,8.9,9.2,4.2
USC00111550,"CHICAGO NORTHERLY ISLAND, IL US",2018-04-01,-0.4,0.4,0.3
USC00111550,"CHICAGO NORTHERLY ISLAND, IL US",2018-04-02,1.3,1.5,0.6
USC00111550,"CHICAGO NORTHERLY ISLAND, IL US",2018-04-03,3,3.1,5
USC00111550,"CHICAGO NORTHERLY ISLAND, IL US",2018-04-04,-0.1,0.3,1.3
USC00111550,"CHICAGO NORTHERLY ISLAND, IL US",2018-04-05,1.9,1.8,1
USC00111550,"CHICAGO NORTHERLY ISLAND, IL US",2018-04-06,1.1,1.1,2.2
USC00111550,"CHICAGO NORTHERLY ISLAND, IL US",2018-04-07,-2.2,-0.8,-2.1
USC00111550,"CHICAGO NORTHERLY ISLAND, IL US",2018-04-08,0.2,-0.1,-0.3
USC00111550,"CHICAGO NORTHERLY ISLAND, IL US",2018-04-09,1.3,1.6,0.9
USC00111550,"CHICAGO NORTHERLY ISLAND, IL US",2018-04-10,4.1,3.8,2.9
USC00111550,"CHICAGO NORTHERLY ISLAND, IL US",2018-04-11,12.3,12,6.6
USC00111550,"CHICAGO NORTHERLY ISLAND, IL US",2018-04-12,14.7,16,14.3
USC00111550,"CHICAGO NORTHERLY ISLAND, IL US",2018-04-13,5.7,8.5,12.6
USC00111550,"CHICAGO NORTHERLY ISLAND, IL US",2018-04-14,3.2,4.5,6.8
USC00111550,"CHICAGO NORTHERLY ISLAND, IL US",2018-04-15,1,1.9,3
USC00111550,"CHICAGO NORTHERLY ISLAND, IL US",2018-04-16,-0.1,0.1,-0.8
USC00111550,"CHICAGO NORTHERLY ISLAND, IL US",2018-04-17,1.9,2.7,0.2
USC00111550,"CHICAGO NORTHERLY ISLAND, IL US",2018-04-18,1.6,1.6,1.1
USC00111550,"CHICAGO NORTHERLY ISLAND, IL US",2018-04-19,5.2,5.9,3.5
USC00111550,"CHICAGO NORTHERLY ISLAND, IL US",2018-04-20,6.3,8,5.8
USC00111550,"CHICAGO NORTHERLY ISLAND, IL US",2018-04-21,5.7,7.8,7.2
USC00111550,"CHICAGO NORTHERLY ISLAND, IL US",2018-04-22,8.2,11,9.1
USC00111550,"CHICAGO NORTHERLY ISLAND, IL US",2018-04-23,8.7,10.9,10
USC00111550,"CHICAGO NORTHERLY ISLAND, IL US",2018-04-24,10.2,12.2,13.8
USC00111550,"CHICAGO NORTHERLY ISLAND, IL US",2018-04-25,6,7.6,9.1
USC00111550,"CHICAGO NORTHERLY ISLAND, IL US",2018-04-26,9.6,10.7,7.2
USC00111550,"CHICAGO NORTHERLY ISLAND, IL US",2018-04-27,9.6,9.5,10.6
USC00111550,"CHICAGO NORTHERLY ISLAND, IL US",2018-04-28,5.5,6.5,7.1
USC00111550,"CHICAGO NORTHERLY ISLAND, IL US",2018-04-29,4.9,7,6.1
USC00111550,"CHICAGO NORTHERLY ISLAND, IL US",2018-04-30,17.9,17.1,10.3
USC00111550,"CHICAGO NORTHERLY ISLAND, IL US",2018-05-01,23.1,23.2,16.3
USC00111550,"CHICAGO NORTHERLY ISLAND, IL US",2018-05-02,22.8,25,20.3
USC00111550,"CHICAGO NORTHERLY ISLAND, IL US",2018-05-03,14.4,17.6,22.9
USC00111550,"CHICAGO NORTHERLY ISLAND, IL US",2018-05-04,19.5,19.8,20.1
USC00111550,"CHICAGO NORTHERLY ISLAND, IL US",2018-05-05,20.7,21.5,17.8
USC00111550,"CHICAGO NORTHERLY ISLAND, IL US",2018-05-06,13,15.7,18
USC00111550,"CHICAGO NORTHERLY ISLAND, IL US",2018-05-07,14.1,16.2,12.9
USC00111550,"CHICAGO NORTHERLY ISLAND, IL US",2018-05-08,20.5,21.2,17
USC00111550,"CHICAGO NORTHERLY ISLAND, IL US",2018-05-09,22.1,22.4,18
USC00111550,"CHICAGO NORTHERLY ISLAND, IL US",2018-05-10,14.2,17.1,19.5
USC00111550,"CHICAGO NORTHERLY ISLAND, IL US",2018-05-11,9.3,11,11.4
USC00111550,"CHICAGO NORTHERLY ISLAND, IL US",2018-05-12,7.8,9.3,9.3
USC00111550,"CHICAGO NORTHERLY ISLAND, IL US",2018-05-13,9.9,13.1,12.9
USC00111550,"CHICAGO NORTHERLY ISLAND, IL US",2018-05-14,20.7,21.4,18.9
USC00111550,"CHICAGO NORTHERLY ISLAND, IL US",2018-05-15,14.3,16.5,22.3
USC00111550,"CHICAGO NORTHERLY ISLAND, IL US",2018-05-16,15.5,17.2,16.8
USC00111550,"CHICAGO NORTHERLY ISLAND, IL US",2018-05-17,13.6,16.2,17.9
USC00111550,"CHICAGO NORTHERLY ISLAND, IL US",2018-05-18,11.7,15.3,17.6
USC00111550,"CHICAGO NORTHERLY ISLAND, IL US",2018-05-19,12.2,15.6,18.7
USC00111550,"CHICAGO NORTHERLY ISLAND, IL US",2018-05-20,8.8,11.1,16.4
USC00111550,"CHICAGO NORTHERLY ISLAND, IL US",2018-05-21,11.8,13.3,14.1
USC00111550,"CHICAGO NORTHERLY ISLAND, IL US",2018-05-22,10.9,14.1,19.8
USC00111550,"CHICAGO NORTHERLY ISLAND, IL US",2018-05-23,14.6,17.8,16.7
USC00111550,"CHICAGO NORTHERLY ISLAND, IL US",2018-05-24,18.2,21.6,20.7
USC00111550,"CHICAGO NORTHERLY ISLAND, IL US",2018-05-25,26.4,26.2,23.3
USC00111550,"CHICAGO NORTHERLY ISLAND, IL US",2018-05-31,26.5,26.9,24.4
USC00111550,"CHICAGO NORTHERLY ISLAND, IL US",2018-06-01,18.7,19.7,24.3
USC00111550,"CHICAGO NORTHERLY ISLAND, IL US",2018-06-02,14.4,16.8,18
USC00111550,"CHICAGO NORTHERLY ISLAND, IL US",2018-06-03,20.8,21.2,20.6
USC00111550,"CHICAGO NORTHERLY ISLAND, IL US",2018-06-04,21.7,21.2,17.8
USC00111550,"CHICAGO NORTHERLY ISLAND, IL US",2018-06-05,17.8,17.5,19.5
USC00111550,"CHICAGO NORTHERLY ISLAND, IL US",2018-06-06,16.7,18.3,14.7
USC00111550,"CHICAGO NORTHERLY ISLAND, IL US",2018-06-07,18,21.1,21.5
USC00111550,"CHICAGO NORTHERLY ISLAND, IL US",2018-06-08,15.8,18.9,19.9
USC00111550,"CHICAGO NORTHERLY ISLAND, IL US",2018-06-09,16.6,20,22.6
USC00111550,"CHICAGO NORTHERLY ISLAND, IL US",2018-06-10,17.2,18.8,21.4
USC00111550,"CHICAGO NORTHERLY ISLAND, IL US",2018-06-11,15.6,17.9,19.9
USC00111550,"CHICAGO NORTHERLY ISLAND, IL US",2018-06-12,18.6,21.6,23.9
USC00111550,"CHICAGO NORTHERLY ISLAND, IL US",2018-06-13,21.4,22.8,25.2
USC00111550,"CHICAGO NORTHERLY ISLAND, IL US",2018-06-14,21.1,22.1,21.3
USC00111550,"CHICAGO NORTHERLY ISLAND, IL US",2018-06-15,23.2,25,23.6
USC00111550,"CHICAGO NORTHERLY ISLAND, IL US",2018-06-16,24.7,27.5,26.3
USC00111550,"CHICAGO NORTHERLY ISLAND, IL US",2018-06-17,30.6,30.6,28.6
USC00111550,"CHICAGO NORTHERLY ISLAND, IL US",2018-06-18,27.1,28.8,28.6
USC00111550,"CHICAGO NORTHERLY ISLAND, IL US",2018-06-19,19.3,23,23.4
USC00111550,"CHICAGO NORTHERLY ISLAND, IL US",2018-06-20,19.5,21.9,21.3
USC00111550,"CHICAGO NORTHERLY ISLAND, IL US",2018-06-21,16.7,18.4,19.8
USC00111550,"CHICAGO NORTHERLY ISLAND, IL US",2018-06-22,16.3,17.4,18.4
USC00111550,"CHICAGO NORTHERLY ISLAND, IL US",2018-06-23,19.5,21.3,19.8
USC00111550,"CHICAGO NORTHERLY ISLAND, IL US",2018-06-24,20,22,21.9
USC00111550,"CHICAGO NORTHERLY ISLAND, IL US",2018-06-25,18.9,21.4,20
USC00111550,"CHICAGO NORTHERLY ISLAND, IL US",2018-06-26,22.6,23.9,21.8
USC00111550,"CHICAGO NORTHERLY ISLAND, IL US",2018-06-27,20.8,22.6,23.9
USC00111550,"CHICAGO NORTHERLY ISLAND, IL US",2018-06-28,23,24.5,23.1
USC00111550,"CHICAGO NORTHERLY ISLAND, IL US",2018-06-29,28.7,29.2,26.7
USC00111550,"CHICAGO NORTHERLY ISLAND, IL US",2018-06-30,30,30.8,29.4
USC00111550,"CHICAGO NORTHERLY ISLAND, IL US",2018-07-01,29.8,30.1,28.3
USC00111550,"CHICAGO NORTHERLY ISLAND, IL US",2018-07-02,21.8,24.2,25.3
USC00111550,"CHICAGO NORTHERLY ISLAND, IL US",2018-07-03,23.3,25.4,23.8
USC00111550,"CHICAGO NORTHERLY ISLAND, IL US",2018-07-04,27.6,28.8,27.7
USC00111550,"CHICAGO NORTHERLY ISLAND, IL US",2018-07-05,26.3,28.5,29.3
USC00111550,"CHICAGO NORTHERLY ISLAND, IL US",2018-07-06,21.5,22.1,23.9
USC00111550,"CHICAGO NORTHERLY ISLAND, IL US",2018-07-07,20.8,21.7,19.2
USC00111550,"CHICAGO NORTHERLY ISLAND, IL US",2018-07-08,22.3,23.9,20.2
USC00111550,"CHICAGO NORTHERLY ISLAND, IL US",2018-07-09,27.8,27,23.4
USC00111550,"CHICAGO NORTHERLY ISLAND, IL US",2018-07-10,24.6,26.1,25.8
USC00111550,"CHICAGO NORTHERLY ISLAND, IL US",2018-07-11,23.6,25,22.4
USC00111550,"CHICAGO NORTHERLY ISLAND, IL US",2018-07-12,26.1,26.2,22.2
USC00111550,"CHICAGO NORTHERLY ISLAND, IL US",2018-07-13,28.9,28.7,24
USC00111550,"CHICAGO NORTHERLY ISLAND, IL US",2018-07-14,24.7,25.7,24.9
USC00111550,"CHICAGO NORTHERLY ISLAND, IL US",2018-07-15,25.4,27.3,26.8
USC00111550,"CHICAGO NORTHERLY ISLAND, IL US",2018-07-16,26.6,28.2,26.4
USC00111550,"CHICAGO NORTHERLY ISLAND, IL US",2018-07-17,24.1,24.1,23.4
USC00111550,"CHICAGO NORTHERLY ISLAND, IL US",2018-07-18,22.4,22,20.6
USC00111550,"CHICAGO NORTHERLY ISLAND, IL US",2018-07-19,27,25.4,22.2
USC00111550,"CHICAGO NORTHERLY ISLAND, IL US",2018-07-20,23.3,24.1,22.8
USC00111550,"CHICAGO NORTHERLY ISLAND, IL US",2018-07-21,21.7,23,20
USC00111550,"CHICAGO NORTHERLY ISLAND, IL US",2018-07-22,22,22.8,21.7
USC00111550,"CHICAGO NORTHERLY ISLAND, IL US",2018-07-23,22.7,23.1,22
USC00111550,"CHICAGO NORTHERLY ISLAND, IL US",2018-07-24,23,24.3,23.4
USC00111550,"CHICAGO NORTHERLY ISLAND, IL US",2018-07-25,24.4,25.8,24
USC00111550,"CHICAGO NORTHERLY ISLAND, IL US",2018-07-26,24.4,24.3,22.6
USC00111550,"CHICAGO NORTHERLY ISLAND, IL US",2018-07-27,21.8,22,19.7
USC00111550,"CHICAGO NORTHERLY ISLAND, IL US",2018-07-28,21.9,22.2,20.2
USC00111550,"CHICAGO NORTHERLY ISLAND, IL US",2018-07-29,22.6,22.5,21.4
USC00111550,"CHICAGO NORTHERLY ISLAND, IL US",2018-07-30,22.4,22.4,21.5
USC00111550,"CHICAGO NORTHERLY ISLAND, IL US",2018-07-31,23,22.8,21.6
USC00111550,"CHICAGO NORTHERLY ISLAND, IL US",2018-08-01,25.8,25,21.8
USC00111550,"CHICAGO NORTHERLY ISLAND, IL US",2018-08-02,26.1,26.2,22.2
USC00111550,"CHICAGO NORTHERLY ISLAND, IL US",2018-08-03,23.4,24.5,22.9
USC00111550,"CHICAGO NORTHERLY ISLAND, IL US",2018-08-04,30.3,29.7,24.8
USC00111550,"CHICAGO NORTHERLY ISLAND, IL US",2018-08-05,30.4,30.3,25.8
USC00111550,"CHICAGO NORTHERLY ISLAND, IL US",2018-08-06,23.8,25.4,26.1
USC00111550,"CHICAGO NORTHERLY ISLAND, IL US",2018-08-07,23.9,24.7,25.7
USC00111550,"CHICAGO NORTHERLY ISLAND, IL US",2018-08-08,24.1,24.4,24
USC00111550,"CHICAGO NORTHERLY ISLAND, IL US",2018-08-09,27.6,27.2,24.2
USC00111550,"CHICAGO NORTHERLY ISLAND, IL US",2018-08-10,24.7,25.3,25.4
USC00111550,"CHICAGO NORTHERLY ISLAND, IL US",2018-08-11,25.2,26,23.7
USC00111550,"CHICAGO NORTHERLY ISLAND, IL US",2018-08-12,25.2,25.9,24.5
USC00111550,"CHICAGO NORTHERLY ISLAND, IL US",2018-08-13,25.2,25.7,24.4
USC00111550,"CHICAGO NORTHERLY ISLAND, IL US",2018-08-14,27.4,26.9,24.1
USC00111550,"CHICAGO NORTHERLY ISLAND, IL US",2018-08-15,25.7,26.1,24.5
USC00111550,"CHICAGO NORTHERLY ISLAND, IL US",2018-08-16,24.7,25.7,25.3
USC00111550,"CHICAGO NORTHERLY ISLAND, IL US",2018-08-17,23.4,24.9,26.1
USC00111550,"CHICAGO NORTHERLY ISLAND, IL US",2018-08-18,24.9,24.7,24.8
USC00111550,"CHICAGO NORTHERLY ISLAND, IL US",2018-08-19,25,24.9,24
USC00111550,"CHICAGO NORTHERLY ISLAND, IL US",2018-08-20,23.1,23.6,23.8
USC00111550,"CHICAGO NORTHERLY ISLAND, IL US",2018-08-21,22.7,23.2,23.6
USC00111550,"CHICAGO NORTHERLY ISLAND, IL US",2018-08-22,22.1,21.9,20.3
USC00111550,"CHICAGO NORTHERLY ISLAND, IL US",2018-08-23,23.2,22.2,18.8
USC00111550,"CHICAGO NORTHERLY ISLAND, IL US",2018-08-24,20.9,20.7,17.2
USC00111550,"CHICAGO NORTHERLY ISLAND, IL US",2018-08-25,25.4,25.1,22.6
USC00111550,"CHICAGO NORTHERLY ISLAND, IL US",2018-08-26,28.9,29,26.6
USC00111550,"CHICAGO NORTHERLY ISLAND, IL US",2018-08-27,30.4,30.5,28.1
USC00111550,"CHICAGO NORTHERLY ISLAND, IL US",2018-08-28,27.4,28,27.7
USC00111550,"CHICAGO NORTHERLY ISLAND, IL US",2018-08-29,21.7,22.7,25.8
USC00111550,"CHICAGO NORTHERLY ISLAND, IL US",2018-08-30,20.4,20.1,20.7
USC00111550,"CHICAGO NORTHERLY ISLAND, IL US",2018-08-31,23,23.3,21
USC00111550,"CHICAGO NORTHERLY ISLAND, IL US",2018-09-01,26.6,26.3,25.8
USC00111550,"CHICAGO NORTHERLY ISLAND, IL US",2018-09-02,27.8,28.3,26.5
USC00111550,"CHICAGO NORTHERLY ISLAND, IL US",2018-09-03,24.3,26.5,26.7
USC00111550,"CHICAGO NORTHERLY ISLAND, IL US",2018-09-04,28.9,28.6,27
USC00111550,"CHICAGO NORTHERLY ISLAND, IL US",2018-09-05,27.8,28.4,26.6
USC00111550,"CHICAGO NORTHERLY ISLAND, IL US",2018-09-06,20.2,21.6,22.2
USC00111550,"CHICAGO NORTHERLY ISLAND, IL US",2018-09-07,20.2,20.1,20
USC00111550,"CHICAGO NORTHERLY ISLAND, IL US",2018-09-08,18.3,18.7,19.4
USC00111550,"CHICAGO NORTHERLY ISLAND, IL US",2018-09-09,18.5,18.5,17.9
USC00111550,"CHICAGO NORTHERLY ISLAND, IL US",2018-09-10,19.4,19.2,18.1
USC00111550,"CHICAGO NORTHERLY ISLAND, IL US",2018-09-11,19.3,20.5,18.2
USC00111550,"CHICAGO NORTHERLY ISLAND, IL US",2018-09-12,20.2,21.5,18.8
USC00111550,"CHICAGO NORTHERLY ISLAND, IL US",2018-09-13,19.5,20.5,20.4
USC00111550,"CHICAGO NORTHERLY ISLAND, IL US",2018-09-14,24.2,24,21
USC00111550,"CHICAGO NORTHERLY ISLAND, IL US",2018-09-15,22.2,23,21.1
USC00111550,"CHICAGO NORTHERLY ISLAND, IL US",2018-09-16,23.7,25.3,22.5
USC00111550,"CHICAGO NORTHERLY ISLAND, IL US",2018-09-17,25.6,26.8,25.1
USC00111550,"CHICAGO NORTHERLY ISLAND, IL US",2018-09-18,23.2,22.8,24.3
USC00111550,"CHICAGO NORTHERLY ISLAND, IL US",2018-09-19,21.3,22.3,22.5
USC00111550,"CHICAGO NORTHERLY ISLAND, IL US",2018-09-20,28.1,27.7,24.6
USC00111550,"CHICAGO NORTHERLY ISLAND, IL US",2018-09-21,22.8,23,24.6
USC00111550,"CHICAGO NORTHERLY ISLAND, IL US",2018-09-23,16.6,16.8,15.3
USC00111550,"CHICAGO NORTHERLY ISLAND, IL US",2018-09-24,18.8,18.7,16.9
USC00111550,"CHICAGO NORTHERLY ISLAND, IL US",2018-09-25,24.2,23.5,22.5
USC00111550,"CHICAGO NORTHERLY ISLAND, IL US",2018-09-26,16.4,16.4,17.7
USC00111550,"CHICAGO NORTHERLY ISLAND, IL US",2018-09-27,16.9,16,14.5
USC00111550,"CHICAGO NORTHERLY ISLAND, IL US",2018-09-28,14.1,14.1,13.3
USC00111550,"CHICAGO NORTHERLY ISLAND, IL US",2018-09-29,12.4,12.2,9.6
USC00111550,"CHICAGO NORTHERLY ISLAND, IL US",2018-09-30,15.9,15.7,15
USC00111550,"CHICAGO NORTHERLY ISLAND, IL US",2018-10-01,19.7,19,20.8
USC00111550,"CHICAGO NORTHERLY ISLAND, IL US",2018-10-02,17.8,17.3,22.1
USC00111550,"CHICAGO NORTHERLY ISLAND, IL US",2018-10-03,24.5,24.1,21.8
USC00111550,"CHICAGO NORTHERLY ISLAND, IL US",2018-10-04,20.6,19,20.1
USC00111550,"CHICAGO NORTHERLY ISLAND, IL US",2018-10-05,15.9,15.9,14.2
USC00111550,"CHICAGO NORTHERLY ISLAND, IL US",2018-10-06,18.8,18.9,21
USC00111550,"CHICAGO NORTHERLY ISLAND, IL US",2018-10-07,16.3,17,17
USC00111550,"CHICAGO NORTHERLY ISLAND, IL US",2018-10-08,24.3,24,21.6
USC00111550,"CHICAGO NORTHERLY ISLAND, IL US",2018-10-09,26.4,25.9,24.1
USC00111550,"CHICAGO NORTHERLY ISLAND, IL US",2018-10-10,18.5,19.7,22.4
USC00111550,"CHICAGO NORTHERLY ISLAND, IL US",2018-10-11,8.9,9.3,10.7
USC00111550,"CHICAGO NORTHERLY ISLAND, IL US",2018-10-12,5,5,5.2
USC00111550,"CHICAGO NORTHERLY ISLAND, IL US",2018-10-13,8,7.5,6.2
USC00111550,"CHICAGO NORTHERLY ISLAND, IL US",2018-10-14,11.3,10.5,8.5
USC00111550,"CHICAGO NORTHERLY ISLAND, IL US",2018-10-15,7.2,7,8.3
USC00111550,"CHICAGO NORTHERLY ISLAND, IL US",2018-10-16,9.6,9.3,5
USC00111550,"CHICAGO NORTHERLY ISLAND, IL US",2018-10-17,9.1,8.2,7.2
USC00111550,"CHICAGO NORTHERLY ISLAND, IL US",2018-10-18,10.7,9.3,5
USC00111550,"CHICAGO NORTHERLY ISLAND, IL US",2018-10-19,10.7,9.7,6.5
USC00111550,"CHICAGO NORTHERLY ISLAND, IL US",2018-10-20,7.6,8.1,8.9
USC00111550,"CHICAGO NORTHERLY ISLAND, IL US",2018-10-21,6.1,6.1,3
USC00111550,"CHICAGO NORTHERLY ISLAND, IL US",2018-10-22,12.2,11,5.7
USC00111550,"CHICAGO NORTHERLY ISLAND, IL US",2018-10-23,9.7,9,7.4
USC00111550,"CHICAGO NORTHERLY ISLAND, IL US",2018-10-24,8.6,7.8,7.2
USC00111550,"CHICAGO NORTHERLY ISLAND, IL US",2018-10-25,8.4,7.7,5.8
USC00111550,"CHICAGO NORTHERLY ISLAND, IL US",2018-10-26,9.5,9.1,9.3
USC00111550,"CHICAGO NORTHERLY ISLAND, IL US",2018-10-27,9.9,9.5,9.3
USC00111550,"CHICAGO NORTHERLY ISLAND, IL US",2018-10-28,9.3,9,8.4
USC00111550,"CHICAGO NORTHERLY ISLAND, IL US",2018-10-29,9.1,9.3,9
USC00111550,"CHICAGO NORTHERLY ISLAND, IL US",2018-10-30,15.4,14.1,10.4
USC00111550,"CHICAGO NORTHERLY ISLAND, IL US",2018-10-31,10.8,11.8,13.1
USC00111550,"CHICAGO NORTHERLY ISLAND, IL US",2018-11-01,9.9,9.7,10.4
USC00111550,"CHICAGO NORTHERLY ISLAND, IL US",2018-11-02,6.3,7.4,6.5
USC00111550,"CHICAGO NORTHERLY ISLAND, IL US",2018-11-03,7.2,6.7,7
USC00111550,"CHICAGO NORTHERLY ISLAND, IL US",2018-11-04,9.5,9,8.3
USC00111550,"CHICAGO NORTHERLY ISLAND, IL US",2018-11-05,9.1,9.1,9.5
USC00111550,"CHICAGO NORTHERLY ISLAND, IL US",2018-11-06,7.4,7.9,9
USC00111550,"CHICAGO NORTHERLY ISLAND, IL US",2018-11-07,2.8,3.1,5.3
USC00111550,"CHICAGO NORTHERLY ISLAND, IL US",2018-11-08,3.3,3.4,2.9
USC00111550,"CHICAGO NORTHERLY ISLAND, IL US",2018-11-09,0.3,0.6,2.3
USC00111550,"CHICAGO NORTHERLY ISLAND, IL US",2018-11-10,-1.7,-1.7,-2.6
USC00111550,"CHICAGO NORTHERLY ISLAND, IL US",2018-11-11,2.7,2.1,-0.3
USC00111550,"CHICAGO NORTHERLY ISLAND, IL US",2018-11-12,0.7,0.7,0.9
USC00111550,"CHICAGO NORTHERLY ISLAND, IL US",2018-11-13,-2.9,-3.1,-2.3
USC00111550,"CHICAGO NORTHERLY ISLAND, IL US",2018-11-14,-0.9,-1.6,-4.5
USC00111550,"CHICAGO NORTHERLY ISLAND, IL US",2018-11-15,0.4,-0,-1.4
USC00111550,"CHICAGO NORTHERLY ISLAND, IL US",2018-11-16,2.2,1.9,0
USC00111550,"CHICAGO NORTHERLY ISLAND, IL US",2018-11-17,1.9,1.9,1.1
USC00111550,"CHICAGO NORTHERLY ISLAND, IL US",2018-11-18,1.1,1.1,2.7
USC00111550,"CHICAGO NORTHERLY ISLAND, IL US",2018-11-19,-0.5,-0.9,-0
USC00111550,"CHICAGO NORTHERLY ISLAND, IL US",2018-11-20,0.7,0.7,-0
USC00111550,"CHICAGO NORTHERLY ISLAND, IL US",2018-11-21,2.1,1.4,-0.1
USC00111550,"CHICAGO NORTHERLY ISLAND, IL US",2018-11-22,1.7,1.6,0.9
USC00111550,"CHICAGO NORTHERLY ISLAND, IL US",2018-11-23,6.5,6.3,3.2
USC00111550,"CHICAGO NORTHERLY ISLAND, IL US",2018-11-24,7.1,7.2,7.7
USC00111550,"CHICAGO NORTHERLY ISLAND, IL US",2018-11-25,3.5,3.8,3.9
USC00111550,"CHICAGO NORTHERLY ISLAND, IL US",2018-11-26,-0.9,-0.2,1.8
USC00111550,"CHICAGO NORTHERLY ISLAND, IL US",2018-11-27,-4.6,-4.6,-3.1
USC00111550,"CHICAGO NORTHERLY ISLAND, IL US",2018-11-28,-4.3,-4.5,-4.5
USC00111550,"CHICAGO NORTHERLY ISLAND, IL US",2018-11-29,0.7,0.3,-1.4
USC00111550,"CHICAGO NORTHERLY ISLAND, IL US",2018-11-30,2.7,2.7,1.6
USC00111550,"CHICAGO NORTHERLY ISLAND, IL US",2018-12-01,4.5,4.6,2.1
USC00111550,"CHICAGO NORTHERLY ISLAND, IL US",2018-12-02,5.7,5.9,4.9
USC00111550,"CHICAGO NORTHERLY ISLAND, IL US",2018-12-03,0.9,1.2,2.5
USC00111550,"CHICAGO NORTHERLY ISLAND, IL US",2018-12-04,-0.9,-0.7,0.1
USC00111550,"CHICAGO NORTHERLY ISLAND, IL US",2018-12-05,-1.5,-1.3,-0.5
USC00111550,"CHICAGO NORTHERLY ISLAND, IL US",2018-12-06,-1.8,-2,-1.5
USC00111550,"CHICAGO NORTHERLY ISLAND, IL US",2018-12-07,-4.5,-4.9,-3.1
USC00111550,"CHICAGO NORTHERLY ISLAND, IL US",2018-12-08,-3.2,-3.6,-3.3
USC00111550,"CHICAGO NORTHERLY ISLAND, IL US",2018-12-09,-2,-2.6,-3.8
USC00111550,"CHICAGO NORTHERLY ISLAND, IL US",2018-12-10,-1.7,-2.4,-3.2
USC00111550,"CHICAGO NORTHERLY ISLAND, IL US",2018-12-11,1.6,0.4,-2.8
USC00111550,"CHICAGO NORTHERLY ISLAND, IL US",2018-12-12,3.4,3.1,-0.6
USC00111550,"CHICAGO NORTHERLY ISLAND, IL US",2018-12-13,2.8,2.2,0.4
USC00111550,"CHICAGO NORTHERLY ISLAND, IL US",2018-12-14,2.8,2.6,3.5
USC00111550,"CHICAGO NORTHERLY ISLAND, IL US",2018-12-15,3.9,4.2,2.7
USC00111550,"CHICAGO NORTHERLY ISLAND, IL US",2018-12-16,5.5,5.1,2.4
USC00111550,"CHICAGO NORTHERLY ISLAND, IL US",2018-12-17,2.1,2.9,0.3
USC00111550,"CHICAGO NORTHERLY ISLAND, IL US",2018-12-18,2.5,2.5,-0.2
USC00111550,"CHICAGO NORTHERLY ISLAND, IL US",2018-12-19,6.7,6.2,0.7
USC00111550,"CHICAGO NORTHERLY ISLAND, IL US",2018-12-20,6.3,6.8,3
USC00111550,"CHICAGO NORTHERLY ISLAND, IL US",2018-12-21,1.9,2.3,3.3
USC00111550,"CHICAGO NORTHERLY ISLAND, IL US",2018-12-22,0.4,0.5,0.3
USC00111550,"CHICAGO NORTHERLY ISLAND, IL US",2018-12-23,1.6,1.8,0.2
USC00111550,"CHICAGO NORTHERLY ISLAND, IL US",2018-12-24,0,-0.8,-0.5
USC00111550,"CHICAGO NORTHERLY ISLAND, IL US",2018-12-25,4.5,3.8,-0
USC00111550,"CHICAGO NORTHERLY ISLAND, IL US",2018-12-26,3,3.9,0.8
USC00111550,"CHICAGO NORTHERLY ISLAND, IL US",2018-12-27,8.2,8.1,2.9
USC00111550,"CHICAGO NORTHERLY ISLAND, IL US",2018-12-28,6.7,6.3,6.4
USC00111550,"CHICAGO NORTHERLY ISLAND, IL US",2018-12-29,-2.1,-1.7,0.3
USC00111550,"CHICAGO NORTHERLY ISLAND, IL US",2018-12-30,-0.7,-1,-1.3
USC00111550,"CHICAGO NORTHERLY ISLAND, IL US",2018-12-31,2.8,2.1,0.3
USW00094846,"CHICAGO OHARE INTERNATIONAL AIRPORT, IL US",2018-01-01,-19.3,-18.3,-17
USW00094846,"CHICAGO OHARE INTERNATIONAL AIRPORT, IL US",2018-01-02,-16.9,-16.8,-16.5
USW00094846,"CHICAGO OHARE INTERNATIONAL AIRPORT, IL US",2018-01-03,-10.6,-12.4,-13.9
USW00094846,"CHICAGO OHARE INTERNATIONAL AIRPORT, IL US",2018-01-04,-13.6,-13.9,-11.2
USW00094846,"CHICAGO OHARE INTERNATIONAL AIRPORT, IL US",2018-01-05,-14.2,-14.8,-13.5
USW00094846,"CHICAGO OHARE INTERNATIONAL AIRPORT, IL US",2018-01-06,-12.4,-13.3,-14.3
USW00094846,"CHICAGO OHARE INTERNATIONAL AIRPORT, IL US",2018-01-07,-4.8,-6.9,-10.7
USW00094846,"CHICAGO OHARE INTERNATIONAL AIRPORT, IL US",2018-01-08,1.5,-0.2,-1.8
USW00094846,"CHICAGO OHARE INTERNATIONAL AIRPORT, IL US",2018-01-09,0.1,-0,-3.2
USW00094846,"CHICAGO OHARE INTERNATIONAL AIRPORT, IL US",2018-01-10,7.7,6.4,-1
USW00094846,"CHICAGO OHARE INTERNATIONAL AIRPORT, IL US",2018-01-11,7.2,8.1,6.1
USW00094846,"CHICAGO OHARE INTERNATIONAL AIRPORT, IL US",2018-01-12,-6.9,-5.5,-2.4
USW00094846,"CHICAGO OHARE INTERNATIONAL AIRPORT, IL US",2018-01-13,-11,-11.1,-9.1
USW00094846,"CHICAGO OHARE INTERNATIONAL AIRPORT, IL US",2018-01-14,-9.5,-10.5,-11.3
USW00094846,"CHICAGO OHARE INTERNATIONAL AIRPORT, IL US",2018-01-15,-7.4,-8.5,-6.2
USW00094846,"CHICAGO OHARE INTERNATIONAL AIRPORT, IL US",2018-01-16,-6.9,-7.9,-8.2
USW00094846,"CHICAGO OHARE INTERNATIONAL AIRPORT, IL US",2018-01-17,-10.1,-10,-7.9
USW00094846,"CHICAGO OHARE INTERNATIONAL AIRPORT, IL US",2018-01-18,-3.5,-5,-7.9
USW00094846,"CHICAGO OHARE INTERNATIONAL AIRPORT, IL US",2018-01-19,1.8,0.4,-4.8
USW00094846,"CHICAGO OHARE INTERNATIONAL AIRPORT, IL US",2018-01-20,4.4,4,-2.3
USW00094846,"CHICAGO OHARE INTERNATIONAL AIRPORT, IL US",2018-01-21,4.9,4.9,-0.5
USW00094846,"CHICAGO OHARE INTERNATIONAL AIRPORT, IL US",2018-01-22,8.7,8.2,3.8
USW00094846,"CHICAGO OHARE INTERNATIONAL AIRPORT, IL US",2018-01-23,1.5,0.7,2.6
USW00094846,"CHICAGO OHARE INTERNATIONAL AIRPORT, IL US",2018-01-24,-1.7,-2,-2.7
USW00094846,"CHICAGO OHARE INTERNATIONAL AIRPORT, IL US",2018-01-25,2,1.7,-3
USW00094846,"CHICAGO OHARE INTERNATIONAL AIRPORT, IL US",2018-01-26,6.7,5.9,1
USW00094846,"CHICAGO OHARE INTERNATIONAL AIRPORT, IL US",2018-01-27,6.9,6.9,3.9
USW00094846,"CHICAGO OHARE INTERNATIONAL AIRPORT, IL US",2018-01-28,1.8,1.8,1.2
USW00094846,"CHICAGO OHARE INTERNATIONAL AIRPORT, IL US",2018-01-29,-3.8,-3.4,-0.8
USW00094846,"CHICAGO OHARE INTERNATIONAL AIRPORT, IL US",2018-01-30,-4,-4.3,-5
USW00094846,"CHICAGO OHARE INTERNATIONAL AIRPORT, IL US",2018-01-31,3.2,0.9,-0.3
USW00094846,"CHICAGO OHARE INTERNATIONAL AIRPORT, IL US",2018-02-01,-4.2,-3.8,-3.1
USW00094846,"CHICAGO OHARE INTERNATIONAL AIRPORT, IL US",2018-02-02,-9.2,-9.3,-11.5
USW00094846,"CHICAGO OHARE INTERNATIONAL AIRPORT, IL US",2018-02-03,0.9,-2.2,-4.9
USW00094846,"CHICAGO OHARE INTERNATIONAL AIRPORT, IL US",2018-02-04,-5.1,-5,-2.1
USW00094846,"CHICAGO OHARE INTERNATIONAL AIRPORT, IL US",2018-02-05,-14.3,-14.1,-13.3
USW00094846,"CHICAGO OHARE INTERNATIONAL AIRPORT, IL US",2018-02-06,-9.9,-10.7,-9.2
USW00094846,"CHICAGO OHARE INTERNATIONAL AIRPORT, IL US",2018-02-07,-9.2,-9.5,-8.6
USW00094846,"CHICAGO OHARE INTERNATIONAL AIRPORT, IL US",2018-02-08,-9.1,-9.1,-11.7
USW00094846,"CHICAGO OHARE INTERNATIONAL AIRPORT, IL US",2018-02-09,-4.3,-5.4,-4.8
USW00094846,"CHICAGO OHARE INTERNATIONAL AIRPORT, IL US",2018-02-10,-7.2,-6.8,-7
USW00094846,"CHICAGO OHARE INTERNATIONAL AIRPORT, IL US",2018-02-11,-7.9,-7.3,-7.7
USW00094846,"CHICAGO OHARE INTERNATIONAL AIRPORT, IL US",2018-02-12,-7.7,-8.4,-12.7
USW00094846,"CHICAGO OHARE INTERNATIONAL AIRPORT, IL US",2018-02-13,-4.4,-4.2,-9
USW00094846,"CHICAGO OHARE INTERNATIONAL AIRPORT, IL US",2018-02-14,2.4,1.2,-3.5
USW00094846,"CHICAGO OHARE INTERNATIONAL AIRPORT, IL US",2018-02-15,6.7,5,1.3
USW00094846,"CHICAGO OHARE INTERNATIONAL AIRPORT, IL US",2018-02-16,-0.9,0.1,-1
USW00094846,"CHICAGO OHARE INTERNATIONAL AIRPORT, IL US",2018-02-17,-2.2,-2.7,-5.6
USW00094846,"CHICAGO OHARE INTERNATIONAL AIRPORT, IL US",2018-02-18,-1.3,-0.8,-3.2
USW00094846,"CHICAGO OHARE INTERNATIONAL AIRPORT, IL US",2018-02-19,10.6,7.7,1.1
USW00094846,"CHICAGO OHARE INTERNATIONAL AIRPORT, IL US",2018-02-20,11.9,11.4,8.5
USW00094846,"CHICAGO OHARE INTERNATIONAL AIRPORT, IL US",2018-02-21,-0.4,-0.2,0.7
USW00094846,"CHICAGO OHARE INTERNATIONAL AIRPORT, IL US",2018-02-22,2,1.7,0.1
USW00094846,"CHICAGO OHARE INTERNATIONAL AIRPORT, IL US",2018-02-23,4.3,3.9,3.7
USW00094846,"CHICAGO OHARE INTERNATIONAL AIRPORT, IL US",2018-02-24,6.3,5.4,2.3
USW00094846,"CHICAGO OHARE INTERNATIONAL AIRPORT, IL US",2018-02-25,6.5,5.2,3.3
USW00094846,"CHICAGO OHARE INTERNATIONAL AIRPORT, IL US",2018-02-26,6.3,6.2,3.3
USW00094846,"CHICAGO OHARE INTERNATIONAL AIRPORT, IL US",2018-02-27,11.7,10.6,5.4
USW00094846,"CHICAGO OHARE INTERNATIONAL AIRPORT, IL US",2018-02-28,10.2,10.9,7.9
USW00094846,"CHICAGO OHARE INTERNATIONAL AIRPORT, IL US",2018-03-01,5.2,5,4.5
USW00094846,"CHICAGO OHARE INTERNATIONAL AIRPORT, IL US",2018-03-02,5,3.8,2.1
USW00094846,"CHICAGO OHARE INTERNATIONAL AIRPORT, IL US",2018-03-03,3.9,3.2,2.1
USW00094846,"CHICAGO OHARE INTERNATIONAL AIRPORT, IL US",2018-03-04,4.7,4.2,2
USW00094846,"CHICAGO OHARE INTERNATIONAL AIRPORT, IL US",2018-03-05,2.9,2.6,1.6
USW00094846,"CHICAGO OHARE INTERNATIONAL AIRPORT, IL US",2018-03-06,2.8,2.7,2.7
USW00094846,"CHICAGO OHARE INTERNATIONAL AIRPORT, IL US",2018-03-07,-0.8,-0.6,0.5
USW00094846,"CHICAGO OHARE INTERNATIONAL AIRPORT, IL US",2018-03-08,-1,-1.2,-1.4
USW00094846,"CHICAGO OHARE INTERNATIONAL AIRPORT, IL US",2018-03-09,1.1,-0.3,-0.9
USW00094846,"CHICAGO OHARE INTERNATIONAL AIRPORT, IL US",2018-03-10,1.1,0.7,-0.8
USW00094846,"CHICAGO OHARE INTERNATIONAL AIRPORT, IL US",2018-03-11,1.8,1.4,-0.5
USW00094846,"CHICAGO OHARE INTERNATIONAL AIRPORT, IL US",2018-03-12,4.3,3.4,0.7
USW00094846,"CHICAGO OHARE INTERNATIONAL AIRPORT, IL US",2018-03-13,-1.8,-0.6,0.8
USW00094846,"CHICAGO OHARE INTERNATIONAL AIRPORT, IL US",2018-03-14,3.2,2.3,0.3
USW00094846,"CHICAGO OHARE INTERNATIONAL AIRPORT, IL US",2018-03-15,5.2,3.9,1.7
USW00094846,"CHICAGO OHARE INTERNATIONAL AIRPORT, IL US",2018-03-16,1.4,1.1,0
USW00094846,"CHICAGO OHARE INTERNATIONAL AIRPORT, IL US",2018-03-17,4.3,3.3,1.4
USW00094846,"CHICAGO OHARE INTERNATIONAL AIRPORT, IL US",2018-03-18,7.4,6.6,2.9
USW00094846,"CHICAGO OHARE INTERNATIONAL AIRPORT, IL US",2018-03-19,5,4.4,3.6
USW00094846,"CHICAGO OHARE INTERNATIONAL AIRPORT, IL US",2018-03-20,1.1,1.1,0.8
USW00094846,"CHICAGO OHARE INTERNATIONAL AIRPORT, IL US",2018-03-21,1.2,1.6,0.7
USW00094846,"CHICAGO OHARE INTERNATIONAL AIRPORT, IL US",2018-03-22,3.9,3.1,0.8
USW00094846,"CHICAGO OHARE INTERNATIONAL AIRPORT, IL US",2018-03-23,2.2,2.2,2
USW00094846,"CHICAGO OHARE INTERNATIONAL AIRPORT, IL US",2018-03-24,2.7,2.4,1.2
USW00094846,"CHICAGO OHARE INTERNATIONAL AIRPORT, IL US",2018-03-25,2,1.4,0.9
USW00094846,"CHICAGO OHARE INTERNATIONAL AIRPORT, IL US",2018-03-26,6.9,5.8,2.9
USW00094846,"CHICAGO OHARE INTERNATIONAL AIRPORT, IL US",2018-03-27,8,7,10.1
USW00094846,"CHICAGO OHARE INTERNATIONAL AIRPORT, IL US",2018-03-28,8.9,7.6,9.3
USW00094846,"CHICAGO OHARE INTERNATIONAL AIRPORT, IL US",2018-03-29,6.7,6.9,8.1
USW00094846,"CHICAGO OHARE INTERNATIONAL AIRPORT, IL US",2018-03-30,5.9,5.4,2
USW00094846,"CHICAGO OHARE INTERNATIONAL AIRPORT, IL US",2018-03-31,8.7,8.3,3.6
USW00094846,"CHICAGO OHARE INTERNATIONAL AIRPORT, IL US",2018-04-01,-0.7,-0,0
USW00094846,"CHICAGO OHARE INTERNATIONAL AIRPORT, IL US",2018-04-02,1.7,1.2,0.3
USW00094846,"CHICAGO OHARE INTERNATIONAL AIRPORT, IL US",2018-04-03,3.1,2,4.1
USW00094846,"CHICAGO OHARE INTERNATIONAL AIRPORT, IL US",2018-04-04,-0.2,-0.1,0.6
USW00094846,"CHICAGO OHARE INTERNATIONAL AIRPORT, IL US",2018-04-05,1.5,1.2,0.6
USW00094846,"CHICAGO OHARE INTERNATIONAL AIRPORT, IL US",2018-04-06,0.5,0.8,1.5
USW00094846,"CHICAGO OHARE INTERNATIONAL AIRPORT, IL US",2018-04-07,-0.2,-0.8,-2.5
USW00094846,"CHICAGO OHARE INTERNATIONAL AIRPORT, IL US",2018-04-08,-0,-0.2,-0.7
USW00094846,"CHICAGO OHARE INTERNATIONAL AIRPORT, IL US",2018-04-09,2,0.9,0.4
USW00094846,"CHICAGO OHARE INTERNATIONAL AIRPORT, IL US",2018-04-10,3.9,3.5,2.4
USW00094846,"CHICAGO OHARE INTERNATIONAL AIRPORT, IL US",2018-04-11,13,11.3,6.2
USW00094846,"CHICAGO OHARE INTERNATIONAL AIRPORT, IL US",2018-04-12,16,15.5,13.7
USW00094846,"CHICAGO OHARE INTERNATIONAL AIRPORT, IL US",2018-04-13,6.6,7.7,10.8
USW00094846,"CHICAGO OHARE INTERNATIONAL AIRPORT, IL US",2018-04-14,3.2,3.8,4.9
USW00094846,"CHICAGO OHARE INTERNATIONAL AIRPORT, IL US",2018-04-15,0.9,1.3,1.3
USW00094846,"CHICAGO OHARE INTERNATIONAL AIRPORT, IL US",2018-04-16,-0,-0.1,-1.2
USW00094846,"CHICAGO OHARE INTERNATIONAL AIRPORT, IL US",2018-04-17,3.1,2.6,-0.1
USW00094846,"CHICAGO OHARE INTERNATIONAL AIRPORT, IL US",2018-04-18,1.3,1,0.3
USW00094846,"CHICAGO OHARE INTERNATIONAL AIRPORT, IL US",2018-04-19,7.6,6.4,3
USW00094846,"CHICAGO OHARE INTERNATIONAL AIRPORT, IL US",2018-04-20,9.6,8.6,5.7
USW00094846,"CHICAGO OHARE INTERNATIONAL AIRPORT, IL US",2018-04-21,9.3,8.3,7.3
USW00094846,"CHICAGO OHARE INTERNATIONAL AIRPORT, IL US",2018-04-22,12.3,11,8.4
USW00094846,"CHICAGO OHARE INTERNATIONAL AIRPORT, IL US",2018-04-23,12.8,12.1,9.4
USW00094846,"CHICAGO OHARE INTERNATIONAL AIRPORT, IL US",2018-04-24,14.6,13.6,13.5
USW00094846,"CHICAGO OHARE INTERNATIONAL AIRPORT, IL US",2018-04-25,8.4,9.2,8.9
USW00094846,"CHICAGO OHARE INTERNATIONAL AIRPORT, IL US",2018-04-26,12.3,11.2,7.2
USW00094846,"CHICAGO OHARE INTERNATIONAL AIRPORT, IL US",2018-04-27,10.3,10.1,10.4
USW00094846,"CHICAGO OHARE INTERNATIONAL AIRPORT, IL US",2018-04-28,6.3,7.2,6.8
USW00094846,"CHICAGO OHARE INTERNATIONAL AIRPORT, IL US",2018-04-29,8.9,7.8,6.2
USW00094846,"CHICAGO OHARE INTERNATIONAL AIRPORT, IL US",2018-04-30,17.9,16.6,9.9
USW00094846,"CHICAGO OHARE INTERNATIONAL AIRPORT, IL US",2018-05-01,24.3,22.8,16
USW00094846,"CHICAGO OHARE INTERNATIONAL AIRPORT, IL US",2018-05-02,25,25,20.2
USW00094846,"CHICAGO OHARE INTERNATIONAL AIRPORT, IL US",2018-05-03,17.6,18.6,22.5
USW00094846,"CHICAGO OHARE INTERNATIONAL AIRPORT, IL US",2018-05-04,20.5,20,19.5
USW00094846,"CHICAGO OHARE INTERNATIONAL AIRPORT, IL US",2018-05-05,22.3,21.3,17.7
USW00094846,"CHICAGO OHARE INTERNATIONAL AIRPORT, IL US",2018-05-06,16.1,16.6,17.7
USW00094846,"CHICAGO OHARE INTERNATIONAL AIRPORT, IL US",2018-05-07,17.6,17.4,13
USW00094846,"CHICAGO OHARE INTERNATIONAL AIRPORT, IL US",2018-05-08,22,21.4,16.7
USW00094846,"CHICAGO OHARE INTERNATIONAL AIRPORT, IL US",2018-05-09,22,22,17.2
USW00094846,"CHICAGO OHARE INTERNATIONAL AIRPORT, IL US",2018-05-10,17.8,18.3,18.9
USW00094846,"CHICAGO OHARE INTERNATIONAL AIRPORT, IL US",2018-05-11,9.6,10.5,10.2
USW00094846,"CHICAGO OHARE INTERNATIONAL AIRPORT, IL US",2018-05-12,8.7,9,8.7
USW00094846,"CHICAGO OHARE INTERNATIONAL AIRPORT, IL US",2018-05-13,14.6,13.5,12.3
USW00094846,"CHICAGO OHARE INTERNATIONAL AIRPORT, IL US",2018-05-14,21.8,20.8,18.2
USW00094846,"CHICAGO OHARE INTERNATIONAL AIRPORT, IL US",2018-05-15,17.3,18,21.6
USW00094846,"CHICAGO OHARE INTERNATIONAL AIRPORT, IL US",2018-05-16,19.1,18.4,16.3
USW00094846,"CHICAGO OHARE INTERNATIONAL AIRPORT, IL US",2018-05-17,16.9,17.3,17.4
USW00094846,"CHICAGO OHARE INTERNATIONAL AIRPORT, IL US",2018-05-18,15.5,16.1,16.8
USW00094846,"CHICAGO OHARE INTERNATIONAL AIRPORT, IL US",2018-05-19,17.3,16.5,18.4
USW00094846,"CHICAGO OHARE INTERNATIONAL AIRPORT, IL US",2018-05-20,10.4,11.1,15.5
USW00094846,"CHICAGO OHARE INTERNATIONAL AIRPORT, IL US",2018-05-21,14.5,13.1,13.2
USW00094846,"CHICAGO OHARE INTERNATIONAL AIRPORT, IL US",2018-05-22,16.6,15.6,18.2
USW00094846,"CHICAGO OHARE INTERNATIONAL AIRPORT, IL US",2018-05-23,20.6,19.2,16.6
USW00094846,"CHICAGO OHARE INTERNATIONAL AIRPORT, IL US",2018-05-24,24.2,22.3,20.6
USW00094846,"CHICAGO OHARE INTERNATIONAL AIRPORT, IL US",2018-05-25,26.9,25.9,23
USW00094846,"CHICAGO OHARE INTERNATIONAL AIRPORT, IL US",2018-05-26,27.8,27.3,25
USW00094846,"CHICAGO OHARE INTERNATIONAL AIRPORT, IL US",2018-05-27,30.2,28.9,25.6
USW00094846,"CHICAGO OHARE INTERNATIONAL AIRPORT, IL US",2018-05-28,29.5,29,26.4
USW00094846,"CHICAGO OHARE INTERNATIONAL AIRPORT, IL US",2018-05-29,26,25.3,25.5
USW00094846,"CHICAGO OHARE INTERNATIONAL AIRPORT, IL US",2018-05-30,25.8,25.4,25
USW00094846,"CHICAGO OHARE INTERNATIONAL AIRPORT, IL US",2018-05-31,27.3,26.9,24.3
USW00094846,"CHICAGO OHARE INTERNATIONAL AIRPORT, IL US",2018-06-01,19.4,20.3,24
USW00094846,"CHICAGO OHARE INTERNATIONAL AIRPORT, IL US",2018-06-02,17.2,17,17.3
USW00094846,"CHICAGO OHARE INTERNATIONAL AIRPORT, IL US",2018-06-03,21.7,20.9,19.9
USW00094846,"CHICAGO OHARE INTERNATIONAL AIRPORT, IL US",2018-06-04,21.2,20.8,17.5
USW00094846,"CHICAGO OHARE INTERNATIONAL AIRPORT, IL US",2018-06-05,18.3,18.6,19.6
USW00094846,"CHICAGO OHARE INTERNATIONAL AIRPORT, IL US",2018-06-06,19.3,18.4,14.3
USW00094846,"CHICAGO OHARE INTERNATIONAL AIRPORT, IL US",2018-06-07,22.6,21.7,20.8
USW00094846,"CHICAGO OHARE INTERNATIONAL AIRPORT, IL US",2018-06-08,19.7,19.6,19.3
USW00094846,"CHICAGO OHARE INTERNATIONAL AIRPORT, IL US",2018-06-09,22.3,21,21.5
USW00094846,"CHICAGO OHARE INTERNATIONAL AIRPORT, IL US",2018-06-10,19.3,18.7,20.5
USW00094846,"CHICAGO OHARE INTERNATIONAL AIRPORT, IL US",2018-06-11,19.1,18.2,19.4
USW00094846,"CHICAGO OHARE INTERNATIONAL AIRPORT, IL US",2018-06-12,22.8,21.8,23.3
USW00094846,"CHICAGO OHARE INTERNATIONAL AIRPORT, IL US",2018-06-13,23.5,23.4,24.6
USW00094846,"CHICAGO OHARE INTERNATIONAL AIRPORT, IL US",2018-06-14,23.5,22.2,21.4
USW00094846,"CHICAGO OHARE INTERNATIONAL AIRPORT, IL US",2018-06-15,26.2,25.1,22.8
USW00094846,"CHICAGO OHARE INTERNATIONAL AIRPORT, IL US",2018-06-16,28.3,27.6,26.1
USW00094846,"CHICAGO OHARE INTERNATIONAL AIRPORT, IL US",2018-06-17,30.6,30,28.2
USW00094846,"CHICAGO OHARE INTERNATIONAL AIRPORT, IL US",2018-06-18,28.7,29.4,28.5
USW00094846,"CHICAGO OHARE INTERNATIONAL AIRPORT, IL US",2018-06-19,23.3,23.2,22.5
USW00094846,"CHICAGO OHARE INTERNATIONAL AIRPORT, IL US",2018-06-20,22.4,22,20.6
USW00094846,"CHICAGO OHARE INTERNATIONAL AIRPORT, IL US",2018-06-21,18.3,18.7,19.2
USW00094846,"CHICAGO OHARE INTERNATIONAL AIRPORT, IL US",2018-06-22,16.7,16.9,18
USW00094846,"CHICAGO OHARE INTERNATIONAL AIRPORT, IL US",2018-06-23,23.1,21.5,19.6
USW00094846,"CHICAGO OHARE INTERNATIONAL AIRPORT, IL US",2018-06-24,23.2,22.7,21.6
USW00094846,"CHICAGO OHARE INTERNATIONAL AIRPORT, IL US",2018-06-25,21.9,21.3,19.6
USW00094846,"CHICAGO OHARE INTERNATIONAL AIRPORT, IL US",2018-06-26,25,24,21.2
USW00094846,"CHICAGO OHARE INTERNATIONAL AIRPORT, IL US",2018-06-27,24.3,23.3,23.6
USW00094846,"CHICAGO OHARE INTERNATIONAL AIRPORT, IL US",2018-06-28,26.7,25,23
USW00094846,"CHICAGO OHARE INTERNATIONAL AIRPORT, IL US",2018-06-29,30.6,28.9,26.3
USW00094846,"CHICAGO OHARE INTERNATIONAL AIRPORT, IL US",2018-06-30,31.4,30.7,29.3
USW00094846,"CHICAGO OHARE INTERNATIONAL AIRPORT, IL US",2018-07-01,30.5,29.9,28.2
USW00094846,"CHICAGO OHARE INTERNATIONAL AIRPORT, IL US",2018-07-02,25.9,25,24.7
USW00094846,"CHICAGO OHARE INTERNATIONAL AIRPORT, IL US",2018-07-03,26,25.3,23.5
USW00094846,"CHICAGO OHARE INTERNATIONAL AIRPORT, IL US",2018-07-04,30.2,28.6,27.8
USW00094846,"CHICAGO OHARE INTERNATIONAL AIRPORT, IL US",2018-07-05,29.4,28.8,29.1
USW00094846,"CHICAGO OHARE INTERNATIONAL AIRPORT, IL US",2018-07-06,21.5,22.3,23.5
USW00094846,"CHICAGO OHARE INTERNATIONAL AIRPORT, IL US",2018-07-07,22.8,21.7,19.2
USW00094846,"CHICAGO OHARE INTERNATIONAL AIRPORT, IL US",2018-07-08,25.6,24.2,20.2
USW00094846,"CHICAGO OHARE INTERNATIONAL AIRPORT, IL US",2018-07-09,27.5,26.6,23.1
USW00094846,"CHICAGO OHARE INTERNATIONAL AIRPORT, IL US",2018-07-10,27.1,26.4,25.6
USW00094846,"CHICAGO OHARE INTERNATIONAL AIRPORT, IL US",2018-07-11,26.2,25.3,22.4
USW00094846,"CHICAGO OHARE INTERNATIONAL AIRPORT, IL US",2018-07-12,26.9,25.9,22.3
USW00094846,"CHICAGO OHARE INTERNATIONAL AIRPORT, IL US",2018-07-13,30,28.4,24.3
USW00094846,"CHICAGO OHARE INTERNATIONAL AIRPORT, IL US",2018-07-14,25.6,25.6,25.5
USW00094846,"CHICAGO OHARE INTERNATIONAL AIRPORT, IL US",2018-07-15,28.6,27.3,26.6
USW00094846,"CHICAGO OHARE INTERNATIONAL AIRPORT, IL US",2018-07-16,29.3,28.3,26.5
USW00094846,"CHICAGO OHARE INTERNATIONAL AIRPORT, IL US",2018-07-17,24.4,24.2,23.1
USW00094846,"CHICAGO OHARE INTERNATIONAL AIRPORT, IL US",2018-07-18,23,22.4,20.6
USW00094846,"CHICAGO OHARE INTERNATIONAL AIRPORT, IL US",2018-07-19,26.2,24.6,22.2
USW00094846,"CHICAGO OHARE INTERNATIONAL AIRPORT, IL US",2018-07-20,23.8,23.2,22.8
USW00094846,"CHICAGO OHARE INTERNATIONAL AIRPORT, IL US",2018-07-21,23.9,23.4,20.5
USW00094846,"CHICAGO OHARE INTERNATIONAL AIRPORT, IL US",2018-07-22,22.4,22.6,22
USW00094846,"CHICAGO OHARE INTERNATIONAL AIRPORT, IL US",2018-07-23,24.1,23.4,22.1
USW00094846,"CHICAGO OHARE INTERNATIONAL AIRPORT, IL US",2018-07-24,26.3,24.7,23.7
USW00094846,"CHICAGO OHARE INTERNATIONAL AIRPORT, IL US",2018-07-25,27.2,25.9,24
USW00094846,"CHICAGO OHARE INTERNATIONAL AIRPORT, IL US",2018-07-26,23.9,23.9,22.7
USW00094846,"CHICAGO OHARE INTERNATIONAL AIRPORT, IL US",2018-07-27,22.4,21.8,19.6
USW00094846,"CHICAGO OHARE INTERNATIONAL AIRPORT, IL US",2018-07-28,23.2,22,20.9
USW00094846,"CHICAGO OHARE INTERNATIONAL AIRPORT, IL US",2018-07-29,23.7,22.5,21.5
USW00094846,"CHICAGO OHARE INTERNATIONAL AIRPORT, IL US",2018-07-30,23.4,22.6,21.9
USW00094846,"CHICAGO OHARE INTERNATIONAL AIRPORT, IL US",2018-07-31,23.6,22.9,21.7
USW00094846,"CHICAGO OHARE INTERNATIONAL AIRPORT, IL US",2018-08-01,24.6,24.2,22
USW00094846,"CHICAGO OHARE INTERNATIONAL AIRPORT, IL US",2018-08-02,26.1,25.3,22.6
USW00094846,"CHICAGO OHARE INTERNATIONAL AIRPORT, IL US",2018-08-03,26.9,24.5,23.5
USW00094846,"CHICAGO OHARE INTERNATIONAL AIRPORT, IL US",2018-08-04,30.4,29,24.9
USW00094846,"CHICAGO OHARE INTERNATIONAL AIRPORT, IL US",2018-08-05,30.3,29.7,26.1
USW00094846,"CHICAGO OHARE INTERNATIONAL AIRPORT, IL US",2018-08-06,24.6,25.2,26.2
USW00094846,"CHICAGO OHARE INTERNATIONAL AIRPORT, IL US",2018-08-07,25.3,24.9,25.4
USW00094846,"CHICAGO OHARE INTERNATIONAL AIRPORT, IL US",2018-08-08,25.9,24.9,23.8
USW00094846,"CHICAGO OHARE INTERNATIONAL AIRPORT, IL US",2018-08-09,27.3,26.8,24.2
USW00094846,"CHICAGO OHARE INTERNATIONAL AIRPORT, IL US",2018-08-10,25.5,25.4,25.7
USW00094846,"CHICAGO OHARE INTERNATIONAL AIRPORT, IL US",2018-08-11,26.7,25.9,23.6
USW00094846,"CHICAGO OHARE INTERNATIONAL AIRPORT, IL US",2018-08-12,26.9,26.1,24.5
USW00094846,"CHICAGO OHARE INTERNATIONAL AIRPORT, IL US",2018-08-13,26.7,25.9,24.5
USW00094846,"CHICAGO OHARE INTERNATIONAL AIRPORT, IL US",2018-08-14,27.1,26.5,23.9
USW00094846,"CHICAGO OHARE INTERNATIONAL AIRPORT, IL US",2018-08-15,26.8,26.4,24.5
USW00094846,"CHICAGO OHARE INTERNATIONAL AIRPORT, IL US",2018-08-16,26.3,25.9,25.6
USW00094846,"CHICAGO OHARE INTERNATIONAL AIRPORT, IL US",2018-08-17,25.7,25.2,26
USW00094846,"CHICAGO OHARE INTERNATIONAL AIRPORT, IL US",2018-08-18,24.5,24.6,24.8
USW00094846,"CHICAGO OHARE INTERNATIONAL AIRPORT, IL US",2018-08-19,26.1,25,24.1
USW00094846,"CHICAGO OHARE INTERNATIONAL AIRPORT, IL US",2018-08-20,23.9,23.8,23.9
USW00094846,"CHICAGO OHARE INTERNATIONAL AIRPORT, IL US",2018-08-21,23,22.9,23.2
USW00094846,"CHICAGO OHARE INTERNATIONAL AIRPORT, IL US",2018-08-22,21.5,21.4,20.2
USW00094846,"CHICAGO OHARE INTERNATIONAL AIRPORT, IL US",2018-08-23,22.3,21.7,19.2
USW00094846,"CHICAGO OHARE INTERNATIONAL AIRPORT, IL US",2018-08-24,20.2,20.1,17.9
USW00094846,"CHICAGO OHARE INTERNATIONAL AIRPORT, IL US",2018-08-25,25.6,25,22.7
USW00094846,"CHICAGO OHARE INTERNATIONAL AIRPORT, IL US",2018-08-26,29.3,28.1,26.4
USW00094846,"CHICAGO OHARE INTERNATIONAL AIRPORT, IL US",2018-08-27,30.6,29.9,28.1
USW00094846,"CHICAGO OHARE INTERNATIONAL AIRPORT, IL US",2018-08-28,27.5,27.6,27.4
USW00094846,"CHICAGO OHARE INTERNATIONAL AIRPORT, IL US",2018-08-29,22,22,25.8
USW00094846,"CHICAGO OHARE INTERNATIONAL AIRPORT, IL US",2018-08-30,20.2,19.8,20.7
USW00094846,"CHICAGO OHARE INTERNATIONAL AIRPORT, IL US",2018-08-31,24,22.9,20.8
USW00094846,"CHICAGO OHARE INTERNATIONAL AIRPORT, IL US",2018-09-01,26.9,25.5,25.5
USW00094846,"CHICAGO OHARE INTERNATIONAL AIRPORT, IL US",2018-09-02,28.2,27.6,26.4
USW00094846,"CHICAGO OHARE INTERNATIONAL AIRPORT, IL US",2018-09-03,27.2,26.1,26.4
USW00094846,"CHICAGO OHARE INTERNATIONAL AIRPORT, IL US",2018-09-04,28.7,28.3,26.7
USW00094846,"CHICAGO OHARE INTERNATIONAL AIRPORT, IL US",2018-09-05,28,27.8,26.4
USW00094846,"CHICAGO OHARE INTERNATIONAL AIRPORT, IL US",2018-09-06,19.5,20.2,21.7
USW00094846,"CHICAGO OHARE INTERNATIONAL AIRPORT, IL US",2018-09-07,19.3,19.5,19.9
USW00094846,"CHICAGO OHARE INTERNATIONAL AIRPORT, IL US",2018-09-08,19.3,18.9,19.3
USW00094846,"CHICAGO OHARE INTERNATIONAL AIRPORT, IL US",2018-09-09,18.3,18.3,18.1
USW00094846,"CHICAGO OHARE INTERNATIONAL AIRPORT, IL US",2018-09-10,19.4,19.3,18
USW00094846,"CHICAGO OHARE INTERNATIONAL AIRPORT, IL US",2018-09-11,21.3,20.6,18.3
USW00094846,"CHICAGO OHARE INTERNATIONAL AIRPORT, IL US",2018-09-12,23.2,21.9,18.9
USW00094846,"CHICAGO OHARE INTERNATIONAL AIRPORT, IL US",2018-09-13,21.7,20.9,20.2
USW00094846,"CHICAGO OHARE INTERNATIONAL AIRPORT, IL US",2018-09-14,25.6,23.8,20.8
USW00094846,"CHICAGO OHARE INTERNATIONAL AIRPORT, IL US",2018-09-15,23.9,23.3,21.2
USW00094846,"CHICAGO OHARE INTERNATIONAL AIRPORT, IL US",2018-09-16,26.7,25.3,22.1
USW00094846,"CHICAGO OHARE INTERNATIONAL AIRPORT, IL US",2018-09-17,28,26.9,24.8
USW00094846,"CHICAGO OHARE INTERNATIONAL AIRPORT, IL US",2018-09-18,21.9,22.3,24
USW00094846,"CHICAGO OHARE INTERNATIONAL AIRPORT, IL US",2018-09-19,22.2,22.1,22.1
USW00094846,"CHICAGO OHARE INTERNATIONAL AIRPORT, IL US",2018-09-20,28,27.2,23.8
USW00094846,"CHICAGO OHARE INTERNATIONAL AIRPORT, IL US",2018-09-21,22.4,22.7,24
USW00094846,"CHICAGO OHARE INTERNATIONAL AIRPORT, IL US",2018-09-22,15,15.7,15.4
USW00094846,"CHICAGO OHARE INTERNATIONAL AIRPORT, IL US",2018-09-23,17.1,16.3,15.4
USW00094846,"CHICAGO OHARE INTERNATIONAL AIRPORT, IL US",2018-09-24,19.6,18.2,16.9
USW00094846,"CHICAGO OHARE INTERNATIONAL AIRPORT, IL US",2018-09-25,23.9,22.6,22.2
USW00094846,"CHICAGO OHARE INTERNATIONAL AIRPORT, IL US",2018-09-26,15.7,16,17.2
USW00094846,"CHICAGO OHARE INTERNATIONAL AIRPORT, IL US",2018-09-27,16.3,15.6,14.4
USW00094846,"CHICAGO OHARE INTERNATIONAL AIRPORT, IL US",2018-09-28,12.5,13,13.8
USW00094846,"CHICAGO OHARE INTERNATIONAL AIRPORT, IL US",2018-09-29,12,11.1,9.3
USW00094846,"CHICAGO OHARE INTERNATIONAL AIRPORT, IL US",2018-09-30,14.7,13.8,14.1
USW00094846,"CHICAGO OHARE INTERNATIONAL AIRPORT, IL US",2018-10-01,18.9,18,19.2
USW00094846,"CHICAGO OHARE INTERNATIONAL AIRPORT, IL US",2018-10-02,17.4,17.1,21
USW00094846,"CHICAGO OHARE INTERNATIONAL AIRPORT, IL US",2018-10-03,24.8,23.5,20.9
USW00094846,"CHICAGO OHARE INTERNATIONAL AIRPORT, IL US",2018-10-04,19.5,17.8,19.1
USW00094846,"CHICAGO OHARE INTERNATIONAL AIRPORT, IL US",2018-10-05,15.9,15.1,13.8
USW00094846,"CHICAGO OHARE INTERNATIONAL AIRPORT, IL US",2018-10-06,18.3,17.6,19.5
USW00094846,"CHICAGO OHARE INTERNATIONAL AIRPORT, IL US",2018-10-07,15.9,16.3,16.2
USW00094846,"CHICAGO OHARE INTERNATIONAL AIRPORT, IL US",2018-10-08,24.6,22.8,20.6
USW00094846,"CHICAGO OHARE INTERNATIONAL AIRPORT, IL US",2018-10-09,26.1,25.3,23.6
USW00094846,"CHICAGO OHARE INTERNATIONAL AIRPORT, IL US",2018-10-10,18.7,20.4,22.4
USW00094846,"CHICAGO OHARE INTERNATIONAL AIRPORT, IL US",2018-10-11,8.2,8.9,10.5
USW00094846,"CHICAGO OHARE INTERNATIONAL AIRPORT, IL US",2018-10-12,4.3,4.6,5
USW00094846,"CHICAGO OHARE INTERNATIONAL AIRPORT, IL US",2018-10-13,7.1,6.8,6.3
USW00094846,"CHICAGO OHARE INTERNATIONAL AIRPORT, IL US",2018-10-14,8.7,8.8,9.1
USW00094846,"CHICAGO OHARE INTERNATIONAL AIRPORT, IL US",2018-10-15,6.5,6.3,8
USW00094846,"CHICAGO OHARE INTERNATIONAL AIRPORT, IL US",2018-10-16,9.5,9,5.4
USW00094846,"CHICAGO OHARE INTERNATIONAL AIRPORT, IL US",2018-10-17,7.7,7.5,7.4
USW00094846,"CHICAGO OHARE INTERNATIONAL AIRPORT, IL US",2018-10-18,9.2,8.7,5
USW00094846,"CHICAGO OHARE INTERNATIONAL AIRPORT, IL US",2018-10-19,10.5,8.9,7.2
USW00094846,"CHICAGO OHARE INTERNATIONAL AIRPORT, IL US",2018-10-20,6.2,7.5,8.7
USW00094846,"CHICAGO OHARE INTERNATIONAL AIRPORT, IL US",2018-10-21,5.6,5.2,3.1
USW00094846,"CHICAGO OHARE INTERNATIONAL AIRPORT, IL US",2018-10-22,12.1,10.3,6
USW00094846,"CHICAGO OHARE INTERNATIONAL AIRPORT, IL US",2018-10-23,8.7,8.6,7.4
USW00094846,"CHICAGO OHARE INTERNATIONAL AIRPORT, IL US",2018-10-24,7.8,7.3,7.2
USW00094846,"CHICAGO OHARE INTERNATIONAL AIRPORT, IL US",2018-10-25,8.2,7.6,6.1
USW00094846,"CHICAGO OHARE INTERNATIONAL AIRPORT, IL US",2018-10-26,10.2,8.9,9
USW00094846,"CHICAGO OHARE INTERNATIONAL AIRPORT, IL US",2018-10-27,9.8,9.4,9
USW00094846,"CHICAGO OHARE INTERNATIONAL AIRPORT, IL US",2018-10-28,9.1,8.6,8.1
USW00094846,"CHICAGO OHARE INTERNATIONAL AIRPORT, IL US",2018-10-29,9.8,9,8.9
USW00094846,"CHICAGO OHARE INTERNATIONAL AIRPORT, IL US",2018-10-30,13.6,13,10.2
USW00094846,"CHICAGO OHARE INTERNATIONAL AIRPORT, IL US",2018-10-31,13,12.3,11.7
USW00094846,"CHICAGO OHARE INTERNATIONAL AIRPORT, IL US",2018-11-01,9.1,9.6,10.1
USW00094846,"CHICAGO OHARE INTERNATIONAL AIRPORT, IL US",2018-11-02,7.2,7.1,6.2
USW00094846,"CHICAGO OHARE INTERNATIONAL AIRPORT, IL US",2018-11-03,6.5,5.9,6.7
USW00094846,"CHICAGO OHARE INTERNATIONAL AIRPORT, IL US",2018-11-04,9.8,8.3,8.1
USW00094846,"CHICAGO OHARE INTERNATIONAL AIRPORT, IL US",2018-11-05,9.1,8.9,9.4
USW00094846,"CHICAGO OHARE INTERNATIONAL AIRPORT, IL US",2018-11-06,7.4,7.6,8.5
USW00094846,"CHICAGO OHARE INTERNATIONAL AIRPORT, IL US",2018-11-07,2.6,2.9,4.8
USW00094846,"CHICAGO OHARE INTERNATIONAL AIRPORT, IL US",2018-11-08,3.3,2.9,2.6
USW00094846,"CHICAGO OHARE INTERNATIONAL AIRPORT, IL US",2018-11-09,-0.9,0.1,2
USW00094846,"CHICAGO OHARE INTERNATIONAL AIRPORT, IL US",2018-11-10,-2.2,-2.2,-2.6
USW00094846,"CHICAGO OHARE INTERNATIONAL AIRPORT, IL US",2018-11-11,2.2,1.3,-0.3
USW00094846,"CHICAGO OHARE INTERNATIONAL AIRPORT, IL US",2018-11-12,-1,-0.5,0.7
USW00094846,"CHICAGO OHARE INTERNATIONAL AIRPORT, IL US",2018-11-13,-3.8,-3.7,-2.7
USW00094846,"CHICAGO OHARE INTERNATIONAL AIRPORT, IL US",2018-11-14,-1.9,-2.4,-4.9
USW00094846,"CHICAGO OHARE INTERNATIONAL AIRPORT, IL US",2018-11-15,-0.2,-0.9,-1.1
USW00094846,"CHICAGO OHARE INTERNATIONAL AIRPORT, IL US",2018-11-16,2.4,2,0.3
USW00094846,"CHICAGO OHARE INTERNATIONAL AIRPORT, IL US",2018-11-17,1,1.1,0.7
USW00094846,"CHICAGO OHARE INTERNATIONAL AIRPORT, IL US",2018-11-18,0.5,0.5,1.9
USW00094846,"CHICAGO OHARE INTERNATIONAL AIRPORT, IL US",2018-11-19,-1.3,-1.6,-0.4
USW00094846,"CHICAGO OHARE INTERNATIONAL AIRPORT, IL US",2018-11-20,0.4,-0,-0.2
USW00094846,"CHICAGO OHARE INTERNATIONAL AIRPORT, IL US",2018-11-21,0.9,0.5,-0.1
USW00094846,"CHICAGO OHARE INTERNATIONAL AIRPORT, IL US",2018-11-22,2.5,1.9,0.7
USW00094846,"CHICAGO OHARE INTERNATIONAL AIRPORT, IL US",2018-11-23,6.9,6,3.1
USW00094846,"CHICAGO OHARE INTERNATIONAL AIRPORT, IL US",2018-11-24,6.8,6.6,7.3
USW00094846,"CHICAGO OHARE INTERNATIONAL AIRPORT, IL US",2018-11-25,2.9,3.2,3.5
USW00094846,"CHICAGO OHARE INTERNATIONAL AIRPORT, IL US",2018-11-26,-1.3,-1.7,1.7
USW00094846,"CHICAGO OHARE INTERNATIONAL AIRPORT, IL US",2018-11-27,-5.1,-5,-3
USW00094846,"CHICAGO OHARE INTERNATIONAL AIRPORT, IL US",2018-11-28,-4.9,-4.8,-4.5
USW00094846,"CHICAGO OHARE INTERNATIONAL AIRPORT, IL US",2018-11-29,0.9,-0.5,-1.3
USW00094846,"CHICAGO OHARE INTERNATIONAL AIRPORT, IL US",2018-11-30,2.6,1.8,1.1
USW00094846,"CHICAGO OHARE INTERNATIONAL AIRPORT, IL US",2018-12-01,4.3,3.5,1.7
USW00094846,"CHICAGO OHARE INTERNATIONAL AIRPORT, IL US",2018-12-02,4.7,5,3.7
USW00094846,"CHICAGO OHARE INTERNATIONAL AIRPORT, IL US",2018-12-03,0.4,0.9,2.3
USW00094846,"CHICAGO OHARE INTERNATIONAL AIRPORT, IL US",2018-12-04,-0.8,-0.8,-0
USW00094846,"CHICAGO OHARE INTERNATIONAL AIRPORT, IL US",2018-12-05,-1.1,-1.5,-0.2
USW00094846,"CHICAGO OHARE INTERNATIONAL AIRPORT, IL US",2018-12-06,-2.4,-2.5,-1.2
USW00094846,"CHICAGO OHARE INTERNATIONAL AIRPORT, IL US",2018-12-07,-5.8,-6,-3.3
USW00094846,"CHICAGO OHARE INTERNATIONAL AIRPORT, IL US",2018-12-08,-2.6,-4,-3.5
USW00094846,"CHICAGO OHARE INTERNATIONAL AIRPORT, IL US",2018-12-09,-2.2,-3.1,-3.8
USW00094846,"CHICAGO OHARE INTERNATIONAL AIRPORT, IL US",2018-12-10,-2.8,-3.1,-3
USW00094846,"CHICAGO OHARE INTERNATIONAL AIRPORT, IL US",2018-12-11,0.5,-0.6,-2.2
USW00094846,"CHICAGO OHARE INTERNATIONAL AIRPORT, IL US",2018-12-12,2.4,2.1,-0.3
USW00094846,"CHICAGO OHARE INTERNATIONAL AIRPORT, IL US",2018-12-13,3,1.8,0.5
USW00094846,"CHICAGO OHARE INTERNATIONAL AIRPORT, IL US",2018-12-14,2.7,1.8,3.1
USW00094846,"CHICAGO OHARE INTERNATIONAL AIRPORT, IL US",2018-12-15,3.5,3.6,2.3
USW00094846,"CHICAGO OHARE INTERNATIONAL AIRPORT, IL US",2018-12-16,4.2,4.3,2.2
USW00094846,"CHICAGO OHARE INTERNATIONAL AIRPORT, IL US",2018-12-17,2.6,2.8,0.2
USW00094846,"CHICAGO OHARE INTERNATIONAL AIRPORT, IL US",2018-12-18,1.9,2,-0.2
USW00094846,"CHICAGO OHARE INTERNATIONAL AIRPORT, IL US",2018-12-19,5.9,5.3,1
USW00094846,"CHICAGO OHARE INTERNATIONAL AIRPORT, IL US",2018-12-20,6,6.1,2.9
USW00094846,"CHICAGO OHARE INTERNATIONAL AIRPORT, IL US",2018-12-21,1.4,1.7,2.9
USW00094846,"CHICAGO OHARE INTERNATIONAL AIRPORT, IL US",2018-12-22,-0.2,0.2,0
USW00094846,"CHICAGO OHARE INTERNATIONAL AIRPORT, IL US",2018-12-23,1.2,1.5,0.4
USW00094846,"CHICAGO OHARE INTERNATIONAL AIRPORT, IL US",2018-12-24,-1.6,-1,-0.4
USW00094846,"CHICAGO OHARE INTERNATIONAL AIRPORT, IL US",2018-12-25,3.5,3,0
USW00094846,"CHICAGO OHARE INTERNATIONAL AIRPORT, IL US",2018-12-26,3.8,3.6,1
USW00094846,"CHICAGO OHARE INTERNATIONAL AIRPORT, IL US",2018-12-27,8.6,7,2.9
USW00094846,"CHICAGO OHARE INTERNATIONAL AIRPORT, IL US",2018-12-28,6.7,5.1,5.9
USW00094846,"CHICAGO OHARE INTERNATIONAL AIRPORT, IL US",2018-12-29,-2.8,-1.9,0.2
USW00094846,"CHICAGO OHARE INTERNATIONAL AIRPORT, IL US",2018-12-30,-1.5,-1.4,-1.6
USW00094846,"CHICAGO OHARE INTERNATIONAL AIRPORT, IL US",2018-12-31,2.2,1.1,0.3
USW00014819,"CHICAGO MIDWAY AIRPORT, IL US",2018-01-01,-18.2,-17.6,-16.5
USW00014819,"CHICAGO MIDWAY AIRPORT, IL US",2018-01-02,-17.5,-17,-18.7
USW00014819,"CHICAGO MIDWAY AIRPORT, IL US",2018-01-03,-10.1,-12,-15.1
USW00014819,"CHICAGO MIDWAY AIRPORT, IL US",2018-01-04,-12.9,-12.7,-10.6
USW00014819,"CHICAGO MIDWAY AIRPORT, IL US",2018-01-05,-13.6,-14,-13.9
USW00014819,"CHICAGO MIDWAY AIRPORT, IL US",2018-01-06,-12.1,-12.6,-15.1
USW00014819,"CHICAGO MIDWAY AIRPORT, IL US",2018-01-07,-4.8,-6.7,-11.9
USW00014819,"CHICAGO MIDWAY AIRPORT, IL US",2018-01-08,1.3,-0.2,-1.8
USW00014819,"CHICAGO MIDWAY AIRPORT, IL US",2018-01-09,-0.2,-0.5,-4.3
USW00014819,"CHICAGO MIDWAY AIRPORT, IL US",2018-01-10,7.9,6.5,0.1
USW00014819,"CHICAGO MIDWAY AIRPORT, IL US",2018-01-11,7.5,8.2,9.5
USW00014819,"CHICAGO MIDWAY AIRPORT, IL US",2018-01-12,-6.1,-4.4,-0.3
USW00014819,"CHICAGO MIDWAY AIRPORT, IL US",2018-01-13,-9.9,-10.3,-7.3
USW00014819,"CHICAGO MIDWAY AIRPORT, IL US",2018-01-14,-8.8,-10.1,-10.7
USW00014819,"CHICAGO MIDWAY AIRPORT, IL US",2018-01-15,-7.6,-8.4,-6.4
USW00014819,"CHICAGO MIDWAY AIRPORT, IL US",2018-01-16,-7.9,-8.3,-9.5
USW00014819,"CHICAGO MIDWAY AIRPORT, IL US",2018-01-17,-9.5,-9.8,-8.1
USW00014819,"CHICAGO MIDWAY AIRPORT, IL US",2018-01-18,-2.9,-5,-8.2
USW00014819,"CHICAGO MIDWAY AIRPORT, IL US",2018-01-19,1.8,0.3,-5
USW00014819,"CHICAGO MIDWAY AIRPORT, IL US",2018-01-20,5.3,4.3,-2.4
USW00014819,"CHICAGO MIDWAY AIRPORT, IL US",2018-01-21,6.9,5.5,0.6
USW00014819,"CHICAGO MIDWAY AIRPORT, IL US",2018-01-22,8.9,8.3,5.9
USW00014819,"CHICAGO MIDWAY AIRPORT, IL US",2018-01-23,1.4,1.5,3.4
USW00014819,"CHICAGO MIDWAY AIRPORT, IL US",2018-01-24,-1.4,-1.6,-2.4
USW00014819,"CHICAGO MIDWAY AIRPORT, IL US",2018-01-25,2.8,2,-2
USW00014819,"CHICAGO MIDWAY AIRPORT, IL US",2018-01-26,7.8,6.4,2.1
USW00014819,"CHICAGO MIDWAY AIRPORT, IL US",2018-01-27,7.5,7.4,6
USW00014819,"CHICAGO MIDWAY AIRPORT, IL US",2018-01-28,3,2.9,1.6
USW00014819,"CHICAGO MIDWAY AIRPORT, IL US",2018-01-29,-3,-2.4,-0.3
USW00014819,"CHICAGO MIDWAY AIRPORT, IL US",2018-01-30,-4,-4,-4
USW00014819,"CHICAGO MIDWAY AIRPORT, IL US",2018-01-31,3.9,1.4,0
USW00014819,"CHICAGO MIDWAY AIRPORT, IL US",2018-02-01,-3.7,-2.3,-2.2
USW00014819,"CHICAGO MIDWAY AIRPORT, IL US",2018-02-02,-9.2,-9,-11
USW00014819,"CHICAGO MIDWAY AIRPORT, IL US",2018-02-03,1.2,-1.6,-5
USW00014819,"CHICAGO MIDWAY AIRPORT, IL US",2018-02-04,-4.4,-3.6,-1
USW00014819,"CHICAGO MIDWAY AIRPORT, IL US",2018-02-05,-13.8,-13.6,-12.5
USW00014819,"CHICAGO MIDWAY AIRPORT, IL US",2018-02-06,-9,-10.1,-8.6
USW00014819,"CHICAGO MIDWAY AIRPORT, IL US",2018-02-07,-8,-8.8,-6.8
USW00014819,"CHICAGO MIDWAY AIRPORT, IL US",2018-02-08,-8.3,-8.7,-9.9
USW00014819,"CHICAGO MIDWAY AIRPORT, IL US",2018-02-09,-3.1,-4.7,-4.1
USW00014819,"CHICAGO MIDWAY AIRPORT, IL US",2018-02-10,-5.2,-5.6,-4.6
USW00014819,"CHICAGO MIDWAY AIRPORT, IL US",2018-02-11,-6.7,-6.6,-5.8
USW00014819,"CHICAGO MIDWAY AIRPORT, IL US",2018-02-12,-7.1,-7.6,-11.9
USW00014819,"CHICAGO MIDWAY AIRPORT, IL US",2018-02-13,-1.9,-3.4,-8.8
USW00014819,"CHICAGO MIDWAY AIRPORT, IL US",2018-02-14,3.9,2.1,-3.3
USW00014819,"CHICAGO MIDWAY AIRPORT, IL US",2018-02-15,6.7,5.1,2.8
USW00014819,"CHICAGO MIDWAY AIRPORT, IL US",2018-02-16,-0.6,0.7,-0.1
USW00014819,"CHICAGO MIDWAY AIRPORT, IL US",2018-02-17,-1.9,-2.4,-4.2
USW00014819,"CHICAGO MIDWAY AIRPORT, IL US",2018-02-18,0.8,-0.1,-2
USW00014819,"CHICAGO MIDWAY AIRPORT, IL US",2018-02-19,11,8,3.4
USW00014819,"CHICAGO MIDWAY AIRPORT, IL US",2018-02-20,11.9,11.8,11.9
USW00014819,"CHICAGO MIDWAY AIRPORT, IL US",2018-02-21,0,1,2.1
USW00014819,"CHICAGO MIDWAY AIRPORT, IL US",2018-02-22,2.8,2,0.4
USW00014819,"CHICAGO MIDWAY AIRPORT, IL US",2018-02-23,5,4.5,4.6
USW00014819,"CHICAGO MIDWAY AIRPORT, IL US",2018-02-24,7.1,6,3.4
USW00014819,"CHICAGO MIDWAY AIRPORT, IL US",2018-02-25,7.2,5.5,5
USW00014819,"CHICAGO MIDWAY AIRPORT, IL US",2018-02-26,7.1,6.5,3.6
USW00014819,"CHICAGO MIDWAY AIRPORT, IL US",2018-02-27,12.1,11,5.8
USW00014819,"CHICAGO MIDWAY AIRPORT, IL US",2018-02-28,10.8,11,9.4
USW00014819,"CHICAGO MIDWAY AIRPORT, IL US",2018-03-01,4.3,4.6,5.6
USW00014819,"CHICAGO MIDWAY AIRPORT, IL US",2018-03-02,4.5,3.6,2.3
USW00014819,"CHICAGO MIDWAY AIRPORT, IL US",2018-03-03,4.4,3.7,2.3
USW00014819,"CHICAGO MIDWAY AIRPORT, IL US",2018-03-04,5,4.6,2.6
USW00014819,"CHICAGO MIDWAY AIRPORT, IL US",2018-03-05,3.8,2.9,2.3
USW00014819,"CHICAGO MIDWAY AIRPORT, IL US",2018-03-06,3.6,3.2,3.6
USW00014819,"CHICAGO MIDWAY AIRPORT, IL US",2018-03-07,-0.2,-0.1,0.9
USW00014819,"CHICAGO MIDWAY AIRPORT, IL US",2018-03-08,-0.4,-0.8,-1.2
USW00014819,"CHICAGO MIDWAY AIRPORT, IL US",2018-03-09,0.4,-0.1,-0.7
USW00014819,"CHICAGO MIDWAY AIRPORT, IL US",2018-03-10,1.2,1.2,-0.4
USW00014819,"CHICAGO MIDWAY AIRPORT, IL US",2018-03-11,2.4,1.8,-0.1
USW00014819,"CHICAGO MIDWAY AIRPORT, IL US",2018-03-12,4.5,3.5,0.5
USW00014819,"CHICAGO MIDWAY AIRPORT, IL US",2018-03-13,-0.4,-0,0.7
USW00014819,"CHICAGO MIDWAY AIRPORT, IL US",2018-03-14,2.9,2.4,0.3
USW00014819,"CHICAGO MIDWAY AIRPORT, IL US",2018-03-15,5.5,4,1.4
USW00014819,"CHICAGO MIDWAY AIRPORT, IL US",2018-03-16,1.3,1.6,0.3
USW00014819,"CHICAGO MIDWAY AIRPORT, IL US",2018-03-17,4.2,3.5,1.4
USW00014819,"CHICAGO MIDWAY AIRPORT, IL US",2018-03-18,7.2,6.5,2.7
USW00014819,"CHICAGO MIDWAY AIRPORT, IL US",2018-03-19,5.3,5.2,4.2
USW00014819,"CHICAGO MIDWAY AIRPORT, IL US",2018-03-20,1.1,1.3,1.4
USW00014819,"CHICAGO MIDWAY AIRPORT, IL US",2018-03-21,2.3,1.8,0.8
USW00014819,"CHICAGO MIDWAY AIRPORT, IL US",2018-03-22,3.9,3.3,0.9
USW00014819,"CHICAGO MIDWAY AIRPORT, IL US",2018-03-23,3.5,2.9,2
USW00014819,"CHICAGO MIDWAY AIRPORT, IL US",2018-03-24,3.3,2.9,1.9
USW00014819,"CHICAGO MIDWAY AIRPORT, IL US",2018-03-25,2.6,2,1.5
USW00014819,"CHICAGO MIDWAY AIRPORT, IL US",2018-03-26,7.8,6.2,3.7
USW00014819,"CHICAGO MIDWAY AIRPORT, IL US",2018-03-27,9.1,7.7,11.1
USW00014819,"CHICAGO MIDWAY AIRPORT, IL US",2018-03-28,8.6,7.8,9.8
USW00014819,"CHICAGO MIDWAY AIRPORT, IL US",2018-03-29,6.6,6.8,8.8
USW00014819,"CHICAGO MIDWAY AIRPORT, IL US",2018-03-30,6.4,5.7,2.5
USW00014819,"CHICAGO MIDWAY AIRPORT, IL US",2018-03-31,9.9,9.2,4.7
USW00014819,"CHICAGO MIDWAY AIRPORT, IL US",2018-04-01,0.4,1.2,1
USW00014819,"CHICAGO MIDWAY AIRPORT, IL US",2018-04-02,2.4,1.8,0.9
USW00014819,"CHICAGO MIDWAY AIRPORT, IL US",2018-04-03,4.1,3,6.9
USW00014819,"CHICAGO MIDWAY AIRPORT, IL US",2018-04-04,0.3,0.3,2.3
USW00014819,"CHICAGO MIDWAY AIRPORT, IL US",2018-04-05,1.7,1.3,1.3
USW00014819,"CHICAGO MIDWAY AIRPORT, IL US",2018-04-06,1.3,1.2,2.9
USW00014819,"CHICAGO MIDWAY AIRPORT, IL US",2018-04-07,-0,-0.7,-1.6
USW00014819,"CHICAGO MIDWAY AIRPORT, IL US",2018-04-08,0.7,0.1,0
USW00014819,"CHICAGO MIDWAY AIRPORT, IL US",2018-04-09,2.7,1.6,1.3
USW00014819,"CHICAGO MIDWAY AIRPORT, IL US",2018-04-10,4.1,3.5,3.2
USW00014819,"CHICAGO MIDWAY AIRPORT, IL US",2018-04-11,13.3,11.5,7
USW00014819,"CHICAGO MIDWAY AIRPORT, IL US",2018-04-12,17.3,16,14.7
USW00014819,"CHICAGO MIDWAY AIRPORT, IL US",2018-04-13,8.8,10,14.9
USW00014819,"CHICAGO MIDWAY AIRPORT, IL US",2018-04-14,4.5,4.9,10
USW00014819,"CHICAGO MIDWAY AIRPORT, IL US",2018-04-15,1.7,2.1,5.2
USW00014819,"CHICAGO MIDWAY AIRPORT, IL US",2018-04-16,0.2,0.2,-0.3
USW00014819,"CHICAGO MIDWAY AIRPORT, IL US",2018-04-17,4,2.9,0.6
USW00014819,"CHICAGO MIDWAY AIRPORT, IL US",2018-04-18,2,1.8,1.9
USW00014819,"CHICAGO MIDWAY AIRPORT, IL US",2018-04-19,8.2,6.2,4
USW00014819,"CHICAGO MIDWAY AIRPORT, IL US",2018-04-20,10,8.6,5.6
USW00014819,"CHICAGO MIDWAY AIRPORT, IL US",2018-04-21,9.1,8.5,7.4
USW00014819,"CHICAGO MIDWAY AIRPORT, IL US",2018-04-22,12.8,11.4,10
USW00014819,"CHICAGO MIDWAY AIRPORT, IL US",2018-04-23,13.2,11.8,10.7
USW00014819,"CHICAGO MIDWAY AIRPORT, IL US",2018-04-24,14.1,13.2,13.6
USW00014819,"CHICAGO MIDWAY AIRPORT, IL US",2018-04-25,8.6,9,9.3
USW00014819,"CHICAGO MIDWAY AIRPORT, IL US",2018-04-26,12.3,11.2,7
USW00014819,"CHICAGO MIDWAY AIRPORT, IL US",2018-04-27,9.7,10.2,10.7
USW00014819,"CHICAGO MIDWAY AIRPORT, IL US",2018-04-28,7.7,7.5,7.6
USW00014819,"CHICAGO MIDWAY AIRPORT, IL US",2018-04-29,8.7,7.6,5.9
USW00014819,"CHICAGO MIDWAY AIRPORT, IL US",2018-04-30,18.4,16.7,10.5
USW00014819,"CHICAGO MIDWAY AIRPORT, IL US",2018-05-01,23.9,22.7,16.6
USW00014819,"CHICAGO MIDWAY AIRPORT, IL US",2018-05-02,26.3,25.1,20.9
USW00014819,"CHICAGO MIDWAY AIRPORT, IL US",2018-05-03,18.8,19.5,23.6
USW00014819,"CHICAGO MIDWAY AIRPORT, IL US",2018-05-04,21.3,20.7,20.7
USW00014819,"CHICAGO MIDWAY AIRPORT, IL US",2018-05-05,22.3,21.3,17.9
USW00014819,"CHICAGO MIDWAY AIRPORT, IL US",2018-05-06,16.9,17.3,18.7
USW00014819,"CHICAGO MIDWAY AIRPORT, IL US",2018-05-07,17.8,17.3,13
USW00014819,"CHICAGO MIDWAY AIRPORT, IL US",2018-05-08,22.4,21.4,16.9
USW00014819,"CHICAGO MIDWAY AIRPORT, IL US",2018-05-09,23.3,22.5,18.5
USW00014819,"CHICAGO MIDWAY AIRPORT, IL US",2018-05-10,18.4,18.4,20.1
USW00014819,"CHICAGO MIDWAY AIRPORT, IL US",2018-05-11,12.1,12.2,13.2
USW00014819,"CHICAGO MIDWAY AIRPORT, IL US",2018-05-12,10.2,9.9,10.8
USW00014819,"CHICAGO MIDWAY AIRPORT, IL US",2018-05-13,16.2,14,14.2
USW00014819,"CHICAGO MIDWAY AIRPORT, IL US",2018-05-14,23,21.5,20.1
USW00014819,"CHICAGO MIDWAY AIRPORT, IL US",2018-05-15,16.9,17.6,23.3
USW00014819,"CHICAGO MIDWAY AIRPORT, IL US",2018-05-16,17.6,17.8,17.7
USW00014819,"CHICAGO MIDWAY AIRPORT, IL US",2018-05-17,18.6,17.7,18.8
USW00014819,"CHICAGO MIDWAY AIRPORT, IL US",2018-05-18,16.7,16.3,18.8
USW00014819,"CHICAGO MIDWAY AIRPORT, IL US",2018-05-19,18,16.6,19.3
USW00014819,"CHICAGO MIDWAY AIRPORT, IL US",2018-05-20,12.3,12,17.8
USW00014819,"CHICAGO MIDWAY AIRPORT, IL US",2018-05-21,15,14,15.9
USW00014819,"CHICAGO MIDWAY AIRPORT, IL US",2018-05-22,16.6,15.5,21.6
USW00014819,"CHICAGO MIDWAY AIRPORT, IL US",2018-05-23,19.7,18.5,17.1
USW00014819,"CHICAGO MIDWAY AIRPORT, IL US",2018-05-24,24.5,21.8,21.1
USW00014819,"CHICAGO MIDWAY AIRPORT, IL US",2018-05-25,27.4,26.1,23.7
USW00014819,"CHICAGO MIDWAY AIRPORT, IL US",2018-05-26,27.6,27.5,25.8
USW00014819,"CHICAGO MIDWAY AIRPORT, IL US",2018-05-27,30.3,29.6,26.7
USW00014819,"CHICAGO MIDWAY AIRPORT, IL US",2018-05-28,30.3,29.9,27.1
USW00014819,"CHICAGO MIDWAY AIRPORT, IL US",2018-05-29,26.9,26.2,26.9
USW00014819,"CHICAGO MIDWAY AIRPORT, IL US",2018-05-30,27.3,25.9,25.7
USW00014819,"CHICAGO MIDWAY AIRPORT, IL US",2018-05-31,27.5,27.2,24.6
USW00014819,"CHICAGO MIDWAY AIRPORT, IL US",2018-06-01,21,21.3,24.7
USW00014819,"CHICAGO MIDWAY AIRPORT, IL US",2018-06-02,18.7,17.9,19.2
USW00014819,"CHICAGO MIDWAY AIRPORT, IL US",2018-06-03,22,21.3,21.3
USW00014819,"CHICAGO MIDWAY AIRPORT, IL US",2018-06-04,21.2,21,17.9
USW00014819,"CHICAGO MIDWAY AIRPORT, IL US",2018-06-05,19.4,19.2,19.9
USW00014819,"CHICAGO MIDWAY AIRPORT, IL US",2018-06-06,20.6,18.9,15.4
USW00014819,"CHICAGO MIDWAY AIRPORT, IL US",2018-06-07,23.3,21.9,22.2
USW00014819,"CHICAGO MIDWAY AIRPORT, IL US",2018-06-08,20.2,19.9,21.2
USW00014819,"CHICAGO MIDWAY AIRPORT, IL US",2018-06-09,22.2,21,24.4
USW00014819,"CHICAGO MIDWAY AIRPORT, IL US",2018-06-10,19.5,19.3,22.7
USW00014819,"CHICAGO MIDWAY AIRPORT, IL US",2018-06-11,19.1,18.4,20.7
USW00014819,"CHICAGO MIDWAY AIRPORT, IL US",2018-06-12,23.7,22,24.7
USW00014819,"CHICAGO MIDWAY AIRPORT, IL US",2018-06-13,24.4,23.7,26
USW00014819,"CHICAGO MIDWAY AIRPORT, IL US",2018-06-14,23.1,22.4,21.2
USW00014819,"CHICAGO MIDWAY AIRPORT, IL US",2018-06-15,26.4,25.7,24.3
USW00014819,"CHICAGO MIDWAY AIRPORT, IL US",2018-06-16,28.9,28.1,26.6
USW00014819,"CHICAGO MIDWAY AIRPORT, IL US",2018-06-17,31.3,30.2,29.1
USW00014819,"CHICAGO MIDWAY AIRPORT, IL US",2018-06-18,29.1,29.2,28.9
USW00014819,"CHICAGO MIDWAY AIRPORT, IL US",2018-06-19,25,24.2,24.6
USW00014819,"CHICAGO MIDWAY AIRPORT, IL US",2018-06-20,23.3,22.8,22.3
USW00014819,"CHICAGO MIDWAY AIRPORT, IL US",2018-06-21,19.1,19.4,20.6
USW00014819,"CHICAGO MIDWAY AIRPORT, IL US",2018-06-22,17.4,17.5,18.4
USW00014819,"CHICAGO MIDWAY AIRPORT, IL US",2018-06-23,23.1,21.3,19.7
USW00014819,"CHICAGO MIDWAY AIRPORT, IL US",2018-06-24,24.1,22.9,22.2
USW00014819,"CHICAGO MIDWAY AIRPORT, IL US",2018-06-25,22.5,22.1,20.5
USW00014819,"CHICAGO MIDWAY AIRPORT, IL US",2018-06-26,25.5,24.4,22.5
USW00014819,"CHICAGO MIDWAY AIRPORT, IL US",2018-06-27,24.3,23.6,24.2
USW00014819,"CHICAGO MIDWAY AIRPORT, IL US",2018-06-28,26,25,23.4
USW00014819,"CHICAGO MIDWAY AIRPORT, IL US",2018-06-29,30.4,29.2,27
USW00014819,"CHICAGO MIDWAY AIRPORT, IL US",2018-06-30,31.5,30.7,29.6
USW00014819,"CHICAGO MIDWAY AIRPORT, IL US",2018-07-01,30.5,30,28.4
USW00014819,"CHICAGO MIDWAY AIRPORT, IL US",2018-07-02,24.8,25.1,25.9
USW00014819,"CHICAGO MIDWAY AIRPORT, IL US",2018-07-03,27.8,26.1,24.4
USW00014819,"CHICAGO MIDWAY AIRPORT, IL US",2018-07-04,29.6,28.9,27.8
USW00014819,"CHICAGO MIDWAY AIRPORT, IL US",2018-07-05,30,28.7,29.4
USW00014819,"CHICAGO MIDWAY AIRPORT, IL US",2018-07-06,22.7,22.9,24.1
USW00014819,"CHICAGO MIDWAY AIRPORT, IL US",2018-07-07,23.3,22.1,19.1
USW00014819,"CHICAGO MIDWAY AIRPORT, IL US",2018-07-08,26.1,24.4,20
USW00014819,"CHICAGO MIDWAY AIRPORT, IL US",2018-07-09,27.8,26.9,23.8
USW00014819,"CHICAGO MIDWAY AIRPORT, IL US",2018-07-10,27.7,26.6,25.8
USW00014819,"CHICAGO MIDWAY AIRPORT, IL US",2018-07-11,26.7,25.7,22.5
USW00014819,"CHICAGO MIDWAY AIRPORT, IL US",2018-07-12,27.3,26.3,22.4
USW00014819,"CHICAGO MIDWAY AIRPORT, IL US",2018-07-13,29.3,28.6,24
USW00014819,"CHICAGO MIDWAY AIRPORT, IL US",2018-07-14,25.2,26.2,24.8
USW00014819,"CHICAGO MIDWAY AIRPORT, IL US",2018-07-15,28.9,27.5,26.9
USW00014819,"CHICAGO MIDWAY AIRPORT, IL US",2018-07-16,29.7,28.6,26.6
USW00014819,"CHICAGO MIDWAY AIRPORT, IL US",2018-07-17,25.3,24.9,23.8
USW00014819,"CHICAGO MIDWAY AIRPORT, IL US",2018-07-18,22.8,22.7,20.6
USW00014819,"CHICAGO MIDWAY AIRPORT, IL US",2018-07-19,26.7,25.3,22.6
USW00014819,"CHICAGO MIDWAY AIRPORT, IL US",2018-07-20,24.5,23.6,23
USW00014819,"CHICAGO MIDWAY AIRPORT, IL US",2018-07-21,23.6,23.1,19.1
USW00014819,"CHICAGO MIDWAY AIRPORT, IL US",2018-07-22,23.3,23,21.7
USW00014819,"CHICAGO MIDWAY AIRPORT, IL US",2018-07-23,24.7,23.6,22
USW00014819,"CHICAGO MIDWAY AIRPORT, IL US",2018-07-24,25.2,24.7,23.4
USW00014819,"CHICAGO MIDWAY AIRPORT, IL US",2018-07-25,27.1,25.9,24
USW00014819,"CHICAGO MIDWAY AIRPORT, IL US",2018-07-26,24.5,24.4,22.7
USW00014819,"CHICAGO MIDWAY AIRPORT, IL US",2018-07-27,22.6,22.2,20
USW00014819,"CHICAGO MIDWAY AIRPORT, IL US",2018-07-28,23.2,22.2,20
USW00014819,"CHICAGO MIDWAY AIRPORT, IL US",2018-07-29,23.2,22.6,21.6
USW00014819,"CHICAGO MIDWAY AIRPORT, IL US",2018-07-30,23.3,22.8,21.8
USW00014819,"CHICAGO MIDWAY AIRPORT, IL US",2018-07-31,24.1,23.2,21.8
USW00014819,"CHICAGO MIDWAY AIRPORT, IL US",2018-08-01,25,24.5,21.8
USW00014819,"CHICAGO MIDWAY AIRPORT, IL US",2018-08-02,27,25.9,22.5
USW00014819,"CHICAGO MIDWAY AIRPORT, IL US",2018-08-03,26.1,24.9,22.9
USW00014819,"CHICAGO MIDWAY AIRPORT, IL US",2018-08-04,30.6,29.3,25.3
USW00014819,"CHICAGO MIDWAY AIRPORT, IL US",2018-08-05,30.8,30.1,26
USW00014819,"CHICAGO MIDWAY AIRPORT, IL US",2018-08-06,26.6,26.2,26.6
USW00014819,"CHICAGO MIDWAY AIRPORT, IL US",2018-08-07,26.1,25.3,26.1
USW00014819,"CHICAGO MIDWAY AIRPORT, IL US",2018-08-08,25,25,24.1
USW00014819,"CHICAGO MIDWAY AIRPORT, IL US",2018-08-09,27.8,27.1,24.3
USW00014819,"CHICAGO MIDWAY AIRPORT, IL US",2018-08-10,26.4,25.9,25.1
USW00014819,"CHICAGO MIDWAY AIRPORT, IL US",2018-08-11,27.3,26.4,23.6
USW00014819,"CHICAGO MIDWAY AIRPORT, IL US",2018-08-12,27.2,26.6,24
USW00014819,"CHICAGO MIDWAY AIRPORT, IL US",2018-08-13,26.9,26.1,24.1
USW00014819,"CHICAGO MIDWAY AIRPORT, IL US",2018-08-14,27.6,26.9,23.8
USW00014819,"CHICAGO MIDWAY AIRPORT, IL US",2018-08-15,27.5,26.4,24.2
USW00014819,"CHICAGO MIDWAY AIRPORT, IL US",2018-08-16,26.9,25.9,25.1
USW00014819,"CHICAGO MIDWAY AIRPORT, IL US",2018-08-17,25.9,25.3,26.2
USW00014819,"CHICAGO MIDWAY AIRPORT, IL US",2018-08-18,25.6,25.1,24.7
USW00014819,"CHICAGO MIDWAY AIRPORT, IL US",2018-08-19,25.7,25.2,24.1
USW00014819,"CHICAGO MIDWAY AIRPORT, IL US",2018-08-20,24.7,24.2,23.8
USW00014819,"CHICAGO MIDWAY AIRPORT, IL US",2018-08-21,24.1,23.3,23.8
USW00014819,"CHICAGO MIDWAY AIRPORT, IL US",2018-08-22,22.6,21.9,20.3
USW00014819,"CHICAGO MIDWAY AIRPORT, IL US",2018-08-23,22.6,22.1,18.2
USW00014819,"CHICAGO MIDWAY AIRPORT, IL US",2018-08-24,21.5,20.8,17.1
USW00014819,"CHICAGO MIDWAY AIRPORT, IL US",2018-08-25,26.3,24.9,22.5
USW00014819,"CHICAGO MIDWAY AIRPORT, IL US",2018-08-26,30.4,28.7,26.7
USW00014819,"CHICAGO MIDWAY AIRPORT, IL US",2018-08-27,31.7,30.7,28
USW00014819,"CHICAGO MIDWAY AIRPORT, IL US",2018-08-28,28.7,28.4,27.9
USW00014819,"CHICAGO MIDWAY AIRPORT, IL US",2018-08-29,22.6,22.7,25.8
USW00014819,"CHICAGO MIDWAY AIRPORT, IL US",2018-08-30,21.1,20.3,20.7
USW00014819,"CHICAGO MIDWAY AIRPORT, IL US",2018-08-31,24.8,23.5,21.2
USW00014819,"CHICAGO MIDWAY AIRPORT, IL US",2018-09-01,27.3,26,26.4
USW00014819,"CHICAGO MIDWAY AIRPORT, IL US",2018-09-02,29.4,28.3,26.4
USW00014819,"CHICAGO MIDWAY AIRPORT, IL US",2018-09-03,27.8,26.9,26.9
USW00014819,"CHICAGO MIDWAY AIRPORT, IL US",2018-09-04,29.3,28.7,27.3
USW00014819,"CHICAGO MIDWAY AIRPORT, IL US",2018-09-05,28.7,28.2,26.8
USW00014819,"CHICAGO MIDWAY AIRPORT, IL US",2018-09-06,21.3,21.8,22.7
USW00014819,"CHICAGO MIDWAY AIRPORT, IL US",2018-09-07,20.2,20,20.2
USW00014819,"CHICAGO MIDWAY AIRPORT, IL US",2018-09-08,19.3,18.8,19.1
USW00014819,"CHICAGO MIDWAY AIRPORT, IL US",2018-09-09,19.1,18.6,17.6
USW00014819,"CHICAGO MIDWAY AIRPORT, IL US",2018-09-10,20.5,19.5,17.9
USW00014819,"CHICAGO MIDWAY AIRPORT, IL US",2018-09-11,21.7,20.9,18.1
USW00014819,"CHICAGO MIDWAY AIRPORT, IL US",2018-09-12,22.3,21.8,18.6
USW00014819,"CHICAGO MIDWAY AIRPORT, IL US",2018-09-13,21.1,21.4,20.5
USW00014819,"CHICAGO MIDWAY AIRPORT, IL US",2018-09-14,24.4,24.3,21.2
USW00014819,"CHICAGO MIDWAY AIRPORT, IL US",2018-09-15,23.6,23.6,21.1
USW00014819,"CHICAGO MIDWAY AIRPORT, IL US",2018-09-16,25.8,25.7,22.9
USW00014819,"CHICAGO MIDWAY AIRPORT, IL US",2018-09-17,28.3,27.2,25.5
USW00014819,"CHICAGO MIDWAY AIRPORT, IL US",2018-09-18,25,23.5,24.5
USW00014819,"CHICAGO MIDWAY AIRPORT, IL US",2018-09-19,23.5,23.1,22.8
USW00014819,"CHICAGO MIDWAY AIRPORT, IL US",2018-09-20,29.1,27.8,24.9
USW00014819,"CHICAGO MIDWAY AIRPORT, IL US",2018-09-21,22.8,23.3,25.3
USW00014819,"CHICAGO MIDWAY AIRPORT, IL US",2018-09-22,16,16.7,16.3
USW00014819,"CHICAGO MIDWAY AIRPORT, IL US",2018-09-23,17.4,16.9,15.4
USW00014819,"CHICAGO MIDWAY AIRPORT, IL US",2018-09-24,19.1,18.5,17.1
USW00014819,"CHICAGO MIDWAY AIRPORT, IL US",2018-09-25,24.3,22.9,22.8
USW00014819,"CHICAGO MIDWAY AIRPORT, IL US",2018-09-26,16.3,16.8,18.1
USW00014819,"CHICAGO MIDWAY AIRPORT, IL US",2018-09-27,16,16.1,14.6
USW00014819,"CHICAGO MIDWAY AIRPORT, IL US",2018-09-28,13.4,14.1,13.6
USW00014819,"CHICAGO MIDWAY AIRPORT, IL US",2018-09-29,11.7,12,10.1
USW00014819,"CHICAGO MIDWAY AIRPORT, IL US",2018-09-30,16.9,15.8,15.9
USW00014819,"CHICAGO MIDWAY AIRPORT, IL US",2018-10-01,20.3,19.2,21.6
USW00014819,"CHICAGO MIDWAY AIRPORT, IL US",2018-10-02,18,17.8,22.8
USW00014819,"CHICAGO MIDWAY AIRPORT, IL US",2018-10-03,25,23.7,22.6
USW00014819,"CHICAGO MIDWAY AIRPORT, IL US",2018-10-04,20.8,19.8,21.4
USW00014819,"CHICAGO MIDWAY AIRPORT, IL US",2018-10-05,16.3,15.7,14.3
USW00014819,"CHICAGO MIDWAY AIRPORT, IL US",2018-10-06,19.5,18.7,22.3
USW00014819,"CHICAGO MIDWAY AIRPORT, IL US",2018-10-07,16.6,17.3,18.3
USW00014819,"CHICAGO MIDWAY AIRPORT, IL US",2018-10-08,25,23.4,22.9
USW00014819,"CHICAGO MIDWAY AIRPORT, IL US",2018-10-09,26.7,25.9,24.6
USW00014819,"CHICAGO MIDWAY AIRPORT, IL US",2018-10-10,18.9,20.2,22.2
USW00014819,"CHICAGO MIDWAY AIRPORT, IL US",2018-10-11,8.5,9.6,11.1
USW00014819,"CHICAGO MIDWAY AIRPORT, IL US",2018-10-12,4.3,5,5.4
USW00014819,"CHICAGO MIDWAY AIRPORT, IL US",2018-10-13,7.5,7.1,6.3
USW00014819,"CHICAGO MIDWAY AIRPORT, IL US",2018-10-14,10.5,9.9,8.6
USW00014819,"CHICAGO MIDWAY AIRPORT, IL US",2018-10-15,6.5,7.1,8.8
USW00014819,"CHICAGO MIDWAY AIRPORT, IL US",2018-10-16,9.2,8.9,4.7
USW00014819,"CHICAGO MIDWAY AIRPORT, IL US",2018-10-17,8.3,8.1,7
USW00014819,"CHICAGO MIDWAY AIRPORT, IL US",2018-10-18,9.2,9.1,5.2
USW00014819,"CHICAGO MIDWAY AIRPORT, IL US",2018-10-19,9.9,9.4,6.4
USW00014819,"CHICAGO MIDWAY AIRPORT, IL US",2018-10-20,7.1,7.6,9.2
USW00014819,"CHICAGO MIDWAY AIRPORT, IL US",2018-10-21,5.2,6,3.1
USW00014819,"CHICAGO MIDWAY AIRPORT, IL US",2018-10-22,11.7,10.4,5.6
USW00014819,"CHICAGO MIDWAY AIRPORT, IL US",2018-10-23,8.8,9.1,7.6
USW00014819,"CHICAGO MIDWAY AIRPORT, IL US",2018-10-24,7.7,7.7,6.8
USW00014819,"CHICAGO MIDWAY AIRPORT, IL US",2018-10-25,8,7.7,5.9
USW00014819,"CHICAGO MIDWAY AIRPORT, IL US",2018-10-26,10.5,9.2,9.4
USW00014819,"CHICAGO MIDWAY AIRPORT, IL US",2018-10-27,9.5,9.4,9.4
USW00014819,"CHICAGO MIDWAY AIRPORT, IL US",2018-10-28,9.4,9,8.5
USW00014819,"CHICAGO MIDWAY AIRPORT, IL US",2018-10-29,10,9.1,9.2
USW00014819,"CHICAGO MIDWAY AIRPORT, IL US",2018-10-30,15.3,13.8,10.6
USW00014819,"CHICAGO MIDWAY AIRPORT, IL US",2018-10-31,13.2,12.1,14
USW00014819,"CHICAGO MIDWAY AIRPORT, IL US",2018-11-01,9.8,9.9,10.5
USW00014819,"CHICAGO MIDWAY AIRPORT, IL US",2018-11-02,7.7,7.7,6.8
USW00014819,"CHICAGO MIDWAY AIRPORT, IL US",2018-11-03,6.1,6.4,7.2
USW00014819,"CHICAGO MIDWAY AIRPORT, IL US",2018-11-04,10.2,8.7,8.5
USW00014819,"CHICAGO MIDWAY AIRPORT, IL US",2018-11-05,9.6,9,9.7
USW00014819,"CHICAGO MIDWAY AIRPORT, IL US",2018-11-06,7.4,7.8,9.5
USW00014819,"CHICAGO MIDWAY AIRPORT, IL US",2018-11-07,2.8,3.2,5.7
USW00014819,"CHICAGO MIDWAY AIRPORT, IL US",2018-11-08,3.3,3.2,3.2
USW00014819,"CHICAGO MIDWAY AIRPORT, IL US",2018-11-09,0.1,0.5,2.5
USW00014819,"CHICAGO MIDWAY AIRPORT, IL US",2018-11-10,-1.9,-2.1,-2.3
USW00014819,"CHICAGO MIDWAY AIRPORT, IL US",2018-11-11,2.8,1.6,-0.1
USW00014819,"CHICAGO MIDWAY AIRPORT, IL US",2018-11-12,0.2,0.6,1.3
USW00014819,"CHICAGO MIDWAY AIRPORT, IL US",2018-11-13,-3.2,-3.1,-1.6
USW00014819,"CHICAGO MIDWAY AIRPORT, IL US",2018-11-14,-1.5,-1.9,-4.6
USW00014819,"CHICAGO MIDWAY AIRPORT, IL US",2018-11-15,0.2,-0.5,-1.6
USW00014819,"CHICAGO MIDWAY AIRPORT, IL US",2018-11-16,2.2,2.1,0.1
USW00014819,"CHICAGO MIDWAY AIRPORT, IL US",2018-11-17,1.9,1.7,1.3
USW00014819,"CHICAGO MIDWAY AIRPORT, IL US",2018-11-18,0.5,0.8,3.1
USW00014819,"CHICAGO MIDWAY AIRPORT, IL US",2018-11-19,-1.3,-1.3,0.4
USW00014819,"CHICAGO MIDWAY AIRPORT, IL US",2018-11-20,0.7,0.4,0.2
USW00014819,"CHICAGO MIDWAY AIRPORT, IL US",2018-11-21,1.4,1.1,0.1
USW00014819,"CHICAGO MIDWAY AIRPORT, IL US",2018-11-22,2.2,1.8,1
USW00014819,"CHICAGO MIDWAY AIRPORT, IL US",2018-11-23,6.9,5.8,3.6
USW00014819,"CHICAGO MIDWAY AIRPORT, IL US",2018-11-24,7.2,6.9,8.1
USW00014819,"CHICAGO MIDWAY AIRPORT, IL US",2018-11-25,3.3,3.7,4.4
USW00014819,"CHICAGO MIDWAY AIRPORT, IL US",2018-11-26,-0.8,-0.3,2.4
USW00014819,"CHICAGO MIDWAY AIRPORT, IL US",2018-11-27,-4.9,-4.7,-2.9
USW00014819,"CHICAGO MIDWAY AIRPORT, IL US",2018-11-28,-4.3,-4.3,-4.4
USW00014819,"CHICAGO MIDWAY AIRPORT, IL US",2018-11-29,0.9,-0.1,-1.4
USW00014819,"CHICAGO MIDWAY AIRPORT, IL US",2018-11-30,3.7,2.7,1.9
USW00014819,"CHICAGO MIDWAY AIRPORT, IL US",2018-12-01,5.2,4.7,2.3
USW00014819,"CHICAGO MIDWAY AIRPORT, IL US",2018-12-02,6.3,5.8,6.1
USW00014819,"CHICAGO MIDWAY AIRPORT, IL US",2018-12-03,0.9,1.4,2.7
USW00014819,"CHICAGO MIDWAY AIRPORT, IL US",2018-12-04,-0.8,-0.7,0.2
USW00014819,"CHICAGO MIDWAY AIRPORT, IL US",2018-12-05,-1.1,-1.4,-0.6
USW00014819,"CHICAGO MIDWAY AIRPORT, IL US",2018-12-06,-2.2,-2.1,-1.4
USW00014819,"CHICAGO MIDWAY AIRPORT, IL US",2018-12-07,-4.9,-5.1,-2.9
USW00014819,"CHICAGO MIDWAY AIRPORT, IL US",2018-12-08,-3.4,-4,-3.1
USW00014819,"CHICAGO MIDWAY AIRPORT, IL US",2018-12-09,-2,-2.7,-3.8
USW00014819,"CHICAGO MIDWAY AIRPORT, IL US",2018-12-10,-2.6,-3.3,-3.3
USW00014819,"CHICAGO MIDWAY AIRPORT, IL US",2018-12-11,1.1,-0.2,-3
USW00014819,"CHICAGO MIDWAY AIRPORT, IL US",2018-12-12,3.3,2.7,-0.6
USW00014819,"CHICAGO MIDWAY AIRPORT, IL US",2018-12-13,2.4,2.2,0.3
USW00014819,"CHICAGO MIDWAY AIRPORT, IL US",2018-12-14,1.2,2.3,4
USW00014819,"CHICAGO MIDWAY AIRPORT, IL US",2018-12-15,5.2,4.3,2.9
USW00014819,"CHICAGO MIDWAY AIRPORT, IL US",2018-12-16,7.8,5,2.5
USW00014819,"CHICAGO MIDWAY AIRPORT, IL US",2018-12-17,8,3.4,0.3
USW00014819,"CHICAGO MIDWAY AIRPORT, IL US",2018-12-18,4.3,2.4,-0.2
USW00014819,"CHICAGO MIDWAY AIRPORT, IL US",2018-12-19,6.5,5.4,0.8
USW00014819,"CHICAGO MIDWAY AIRPORT, IL US",2018-12-20,7.2,6.6,3.6
USW00014819,"CHICAGO MIDWAY AIRPORT, IL US",2018-12-21,2.5,2.3,3.8
USW00014819,"CHICAGO MIDWAY AIRPORT, IL US",2018-12-22,0.9,0.6,0.5
USW00014819,"CHICAGO MIDWAY AIRPORT, IL US",2018-12-23,2,1.7,0.4
USW00014819,"CHICAGO MIDWAY AIRPORT, IL US",2018-12-24,-1,-0.8,-0.5
USW00014819,"CHICAGO MIDWAY AIRPORT, IL US",2018-12-25,4.6,3.6,0.3
USW00014819,"CHICAGO MIDWAY AIRPORT, IL US",2018-12-26,4.8,4,1
USW00014819,"CHICAGO MIDWAY AIRPORT, IL US",2018-12-27,9.1,7.4,3.2
USW00014819,"CHICAGO MIDWAY AIRPORT, IL US",2018-12-28,6.8,6.1,7.2
USW00014819,"CHICAGO MIDWAY AIRPORT, IL US",2018-12-29,-2,-1.6,0.3
USW00014819,"CHICAGO MIDWAY AIRPORT, IL US",2018-12-30,-0.9,-1.1,-0.9
USW00014819,"CHICAGO MIDWAY AIRPORT, IL US",2018-12-31,3.3,1.7,0.7
USC00111550,"CHICAGO NORTHERLY ISLAND, IL US",2019-01-01,0.5,0.3,1.3
USC00111550,"CHICAGO NORTHERLY ISLAND, IL US",2019-01-02,-1.2,-1,-0.7
USC00111550,"CHICAGO NORTHERLY ISLAND, IL US",2019-01-03,1.7,1.2,-0.8
USC00111550,"CHICAGO NORTHERLY ISLAND, IL US",2019-01-04,6.3,5.8,0.5
USC00111550,"CHICAGO NORTHERLY ISLAND, IL US",2019-01-05,7.8,7.2,1.3
USC00111550,"CHICAGO NORTHERLY ISLAND, IL US",2019-01-06,4.4,4.1,1.6
USC00111550,"CHICAGO NORTHERLY ISLAND, IL US",2019-01-07,8.5,8.8,4.9
USC00111550,"CHICAGO NORTHERLY ISLAND, IL US",2019-01-08,3.4,4.1,5.6
USC00111550,"CHICAGO NORTHERLY ISLAND, IL US",2019-01-09,-4.8,-4.7,-2.4
USC00111550,"CHICAGO NORTHERLY ISLAND, IL US",2019-01-10,-5,-5.4,-4.3
USC00111550,"CHICAGO NORTHERLY ISLAND, IL US",2019-01-11,-1.7,-2.5,-3
USC00111550,"CHICAGO NORTHERLY ISLAND, IL US",2019-01-12,-1.2,-1,-0.5
USC00111550,"CHICAGO NORTHERLY ISLAND, IL US",2019-01-13,-0.9,-1.4,-1.1
USC00111550,"CHICAGO NORTHERLY ISLAND, IL US",2019-01-14,-2.8,-3.3,-3.5
USC00111550,"CHICAGO NORTHERLY ISLAND, IL US",2019-01-15,-1.5,-1.4,-3.7
USC00111550,"CHICAGO NORTHERLY ISLAND, IL US",2019-01-16,0.2,0.2,-2.7
USC00111550,"CHICAGO NORTHERLY ISLAND, IL US",2019-01-17,-0,0.2,-2.5
USC00111550,"CHICAGO NORTHERLY ISLAND, IL US",2019-01-18,-0.5,-0.5,-1.7
USC00111550,"CHICAGO NORTHERLY ISLAND, IL US",2019-01-20,-9.1,-9.8,-7.4
USC00111550,"CHICAGO NORTHERLY ISLAND, IL US",2019-01-21,-10.2,-10.8,-9.1
USC00111550,"CHICAGO NORTHERLY ISLAND, IL US",2019-01-22,-2.7,-3.6,-8.3
USC00111550,"CHICAGO NORTHERLY ISLAND, IL US",2019-01-23,-1.4,-1.2,-1
USC00111550,"CHICAGO NORTHERLY ISLAND, IL US",2019-01-24,-8.6,-8.6,-8.8
USC00111550,"CHICAGO NORTHERLY ISLAND, IL US",2019-01-25,-15.4,-15.9,-14
USC00111550,"CHICAGO NORTHERLY ISLAND, IL US",2019-01-26,-13.1,-13.8,-13.6
USC00111550,"CHICAGO NORTHERLY ISLAND, IL US",2019-01-27,-13.1,-13.1,-11.4
USC00111550,"CHICAGO NORTHERLY ISLAND, IL US",2019-01-28,-4,-4.6,-7.8
USC00111550,"CHICAGO NORTHERLY ISLAND, IL US",2019-01-29,-15.8,-15.1,-10.7
USC00111550,"CHICAGO NORTHERLY ISLAND, IL US",2019-01-30,-24.7,-24.9,-22.7
USC00111550,"CHICAGO NORTHERLY ISLAND, IL US",2019-01-31,-20.5,-21,-25
USC00111550,"CHICAGO NORTHERLY ISLAND, IL US",2019-02-01,-11.1,-11.2,-13.2
USC00111550,"CHICAGO NORTHERLY ISLAND, IL US",2019-02-02,-0.1,-0.9,-7.7
USC00111550,"CHICAGO NORTHERLY ISLAND, IL US",2019-02-03,7.8,6.6,0.5
USC00111550,"CHICAGO NORTHERLY ISLAND, IL US",2019-02-04,6.4,6.6,2.2
USC00111550,"CHICAGO NORTHERLY ISLAND, IL US",2019-02-05,-0.9,-0.6,-1.1
USC00111550,"CHICAGO NORTHERLY ISLAND, IL US",2019-02-06,1.7,2,1.6
USC00111550,"CHICAGO NORTHERLY ISLAND, IL US",2019-02-07,-0.1,0.9,4.3
USC00111550,"CHICAGO NORTHERLY ISLAND, IL US",2019-02-08,-11.7,-11.1,-8.3
USC00111550,"CHICAGO NORTHERLY ISLAND, IL US",2019-02-11,-1.5,-1.2,-0.2
USC00111550,"CHICAGO NORTHERLY ISLAND, IL US",2019-02-12,-1.7,-1.6,0.4
USC00111550,"CHICAGO NORTHERLY ISLAND, IL US",2019-02-13,-4.6,-4.6,-3.4
USC00111550,"CHICAGO NORTHERLY ISLAND, IL US",2019-02-14,4.1,3.5,0.2
USC00111550,"CHICAGO NORTHERLY ISLAND, IL US",2019-02-15,-3.7,-4,-3.3
USC00111550,"CHICAGO NORTHERLY ISLAND, IL US",2019-02-16,-3.7,-4.1,-5
USC00111550,"CHICAGO NORTHERLY ISLAND, IL US",2019-02-17,-2.9,-2.8,-2.7
USC00111550,"CHICAGO NORTHERLY ISLAND, IL US",2019-02-18,-3,-2.8,-2
USC00111550,"CHICAGO NORTHERLY ISLAND, IL US",2019-02-19,-3.5,-3.7,-4.5
USC00111550,"CHICAGO NORTHERLY ISLAND, IL US",2019-02-20,0.8,0.5,-1.4
USC00111550,"CHICAGO NORTHERLY ISLAND, IL US",2019-02-21,-0.1,-0.1,-1
USC00111550,"CHICAGO NORTHERLY ISLAND, IL US",2019-02-22,-0.5,-0.2,-1.9
USC00111550,"CHICAGO NORTHERLY ISLAND, IL US",2019-02-23,5.7,5.6,0
USC00111550,"CHICAGO NORTHERLY ISLAND, IL US",2019-02-27,-3.9,-3.5,-2.4
USC00111550,"CHICAGO NORTHERLY ISLAND, IL US",2019-02-28,-5.5,-5.4,-6.3
USC00111550,"CHICAGO NORTHERLY ISLAND, IL US",2019-03-01,-1.9,-1.8,-2
USC00111550,"CHICAGO NORTHERLY ISLAND, IL US",2019-03-02,-0.7,-0.7,-0.7
USC00111550,"CHICAGO NORTHERLY ISLAND, IL US",2019-03-07,-4.3,-4.7,-5.4
USC00111550,"CHICAGO NORTHERLY ISLAND, IL US",2019-03-08,-0.9,-0.4,-1.6
USC00111550,"CHICAGO NORTHERLY ISLAND, IL US",2019-03-12,5,4.3,1.2
USC00111550,"CHICAGO NORTHERLY ISLAND, IL US",2019-03-13,9.8,10.1,6.9
USC00111550,"CHICAGO NORTHERLY ISLAND, IL US",2019-03-14,11.9,12.2,14.1
USC00111550,"CHICAGO NORTHERLY ISLAND, IL US",2019-03-26,2,2.9,1.3
USC00111550,"CHICAGO NORTHERLY ISLAND, IL US",2019-03-27,8.7,8.1,3.9
USC00111550,"CHICAGO NORTHERLY ISLAND, IL US",2019-03-28,12.1,12.6,9.4
USC00111550,"CHICAGO NORTHERLY ISLAND, IL US",2019-03-29,5.2,8.2,9.2
USC00111550,"CHICAGO NORTHERLY ISLAND, IL US",2019-03-30,3,4,4.5
USC00111550,"CHICAGO NORTHERLY ISLAND, IL US",2019-03-31,0,0.6,0.5
USC00111550,"CHICAGO NORTHERLY ISLAND, IL US",2019-04-01,4.2,4.3,1.5
USC00111550,"CHICAGO NORTHERLY ISLAND, IL US",2019-04-02,8.9,9.2,4.5
USC00111550,"CHICAGO NORTHERLY ISLAND, IL US",2019-04-03,10.2,10.3,6.3
USC00111550,"CHICAGO NORTHERLY ISLAND, IL US",2019-04-04,7,7.4,6.9
USC00111550,"CHICAGO NORTHERLY ISLAND, IL US",2019-04-05,5,8.6,8.5
USC00111550,"CHICAGO NORTHERLY ISLAND, IL US",2019-04-06,7.4,11.3,11.5
USC00111550,"CHICAGO NORTHERLY ISLAND, IL US",2019-04-07,15.6,16.4,14.8
USC00111550,"CHICAGO NORTHERLY ISLAND, IL US",2019-04-08,16.4,18,16.7
USC00111550,"CHICAGO NORTHERLY ISLAND, IL US",2019-04-09,12.6,13.6,13.5
USC00111550,"CHICAGO NORTHERLY ISLAND, IL US",2019-04-10,3.3,4.5,7.1
USC00111550,"CHICAGO NORTHERLY ISLAND, IL US",2019-04-11,8.4,9.3,8.1
USC00111550,"CHICAGO NORTHERLY ISLAND, IL US",2019-04-12,9.1,9.2,12.9
USC00111550,"CHICAGO NORTHERLY ISLAND, IL US",2019-04-13,8.4,8.1,6.2
USC00111550,"CHICAGO NORTHERLY ISLAND, IL US",2019-04-14,2.4,2.8,4.3
USC00111550,"CHICAGO NORTHERLY ISLAND, IL US",2019-04-15,7.5,7.1,4
USC00111550,"CHICAGO NORTHERLY ISLAND, IL US",2019-04-16,15.2,15.8,11.2
USC00111550,"CHICAGO NORTHERLY ISLAND, IL US",2019-04-17,16.9,17.6,16.1
USC00111550,"CHICAGO NORTHERLY ISLAND, IL US",2019-04-18,13.1,13.8,16
USC00111550,"CHICAGO NORTHERLY ISLAND, IL US",2019-04-19,5.6,7.3,7.4
USC00111550,"CHICAGO NORTHERLY ISLAND, IL US",2019-04-20,10.7,11.1,6.2
USC00111550,"CHICAGO NORTHERLY ISLAND, IL US",2019-04-21,17,17.1,11.1
USC00111550,"CHICAGO NORTHERLY ISLAND, IL US",2019-04-22,20.4,21.1,15.4
USC00111550,"CHICAGO NORTHERLY ISLAND, IL US",2019-04-23,14.2,14.8,16.5
USC00111550,"CHICAGO NORTHERLY ISLAND, IL US",2019-04-24,9.1,11.7,10
USC00111550,"CHICAGO NORTHERLY ISLAND, IL US",2019-04-25,10.2,12.9,14.5
USC00111550,"CHICAGO NORTHERLY ISLAND, IL US",2019-04-26,13,13.9,13.3
USC00111550,"CHICAGO NORTHERLY ISLAND, IL US",2019-04-27,5,5.6,6.7
USC00111550,"CHICAGO NORTHERLY ISLAND, IL US",2019-04-28,6,6.8,5.1
USC00111550,"CHICAGO NORTHERLY ISLAND, IL US",2019-04-29,9.1,9.2,7.9
USC00111550,"CHICAGO NORTHERLY ISLAND, IL US",2019-04-30,6,6.9,7.7
USC00111550,"CHICAGO NORTHERLY ISLAND, IL US",2019-05-01,11.1,11.9,11.7
USC00111550,"CHICAGO NORTHERLY ISLAND, IL US",2019-05-02,6.1,7.6,12.8
USC00111550,"CHICAGO NORTHERLY ISLAND, IL US",2019-05-03,7.4,9,11.5
USC00111550,"CHICAGO NORTHERLY ISLAND, IL US",2019-05-04,9.5,11,10.8
USC00111550,"CHICAGO NORTHERLY ISLAND, IL US",2019-05-05,16.4,16.5,13.1
USC00111550,"CHICAGO NORTHERLY ISLAND, IL US",2019-05-06,14.9,16.3,16.5
USC00111550,"CHICAGO NORTHERLY ISLAND, IL US",2019-05-07,6.9,8.9,9.5
USC00111550,"CHICAGO NORTHERLY ISLAND, IL US",2019-05-08,12.8,15,9
USC00111550,"CHICAGO NORTHERLY ISLAND, IL US",2019-05-09,15.6,16,18.7
USC00111550,"CHICAGO NORTHERLY ISLAND, IL US",2019-05-10,7.9,9.7,11.1
USC00111550,"CHICAGO NORTHERLY ISLAND, IL US",2019-05-11,8.5,9.5,7.4
USC00111550,"CHICAGO NORTHERLY ISLAND, IL US",2019-05-12,7.2,9,7.5
USC00111550,"CHICAGO NORTHERLY ISLAND, IL US",2019-05-13,9.4,10.8,9.5
USC00111550,"CHICAGO NORTHERLY ISLAND, IL US",2019-05-14,12.8,14.1,12.1
USC00111550,"CHICAGO NORTHERLY ISLAND, IL US",2019-05-15,19.2,18.7,17
USC00111550,"CHICAGO NORTHERLY ISLAND, IL US",2019-05-16,20,20.3,18.8
USC00111550,"CHICAGO NORTHERLY ISLAND, IL US",2019-05-17,14.5,15.2,19.5
USC00111550,"CHICAGO NORTHERLY ISLAND, IL US",2019-05-18,13.9,17.8,16.9
USC00111550,"CHICAGO NORTHERLY ISLAND, IL US",2019-05-19,16.9,18.5,21.3
USC00111550,"CHICAGO NORTHERLY ISLAND, IL US",2019-05-20,10.9,11.7,12.8
USC00111550,"CHICAGO NORTHERLY ISLAND, IL US",2019-05-21,9.9,10.4,8.3
USC00111550,"CHICAGO NORTHERLY ISLAND, IL US",2019-05-22,20.4,20.2,15.9
USC00111550,"CHICAGO NORTHERLY ISLAND, IL US",2019-05-23,19.7,20.5,21.6
USC00111550,"CHICAGO NORTHERLY ISLAND, IL US",2019-05-24,19.5,19.4,16.6
USC00111550,"CHICAGO NORTHERLY ISLAND, IL US",2019-05-25,24.8,24.6,24
USC00111550,"CHICAGO NORTHERLY ISLAND, IL US",2019-05-26,18.3,19.2,22.6
USC00111550,"CHICAGO NORTHERLY ISLAND, IL US",2019-05-27,17.5,18.6,17.8
USC00111550,"CHICAGO NORTHERLY ISLAND, IL US",2019-05-28,16.4,17.4,20.7
USC00111550,"CHICAGO NORTHERLY ISLAND, IL US",2019-05-29,13.2,16.6,16.9
USC00111550,"CHICAGO NORTHERLY ISLAND, IL US",2019-05-30,17,20.6,19.7
USC00111550,"CHICAGO NORTHERLY ISLAND, IL US",2019-05-31,23.1,23,19.9
USC00111550,"CHICAGO NORTHERLY ISLAND, IL US",2019-06-01,18.3,20.5,22.5
USC00111550,"CHICAGO NORTHERLY ISLAND, IL US",2019-06-02,13.7,16.2,17.3
USC00111550,"CHICAGO NORTHERLY ISLAND, IL US",2019-06-03,12.1,14.8,15.2
USC00111550,"CHICAGO NORTHERLY ISLAND, IL US",2019-06-04,21.9,22,17.3
USC00111550,"CHICAGO NORTHERLY ISLAND, IL US",2019-06-05,21.3,22.9,22.5
USC00111550,"CHICAGO NORTHERLY ISLAND, IL US",2019-06-06,13.5,17.8,20.3
USC00111550,"CHICAGO NORTHERLY ISLAND, IL US",2019-06-07,16.1,19.5,19.8
USC00111550,"CHICAGO NORTHERLY ISLAND, IL US",2019-06-08,17.1,20.2,19.3
USC00111550,"CHICAGO NORTHERLY ISLAND, IL US",2019-06-09,17.4,19.8,19.7
USC00111550,"CHICAGO NORTHERLY ISLAND, IL US",2019-06-10,17.7,19.3,19
USC00111550,"CHICAGO NORTHERLY ISLAND, IL US",2019-06-11,21.3,21.5,17.8
USC00111550,"CHICAGO NORTHERLY ISLAND, IL US",2019-06-12,19.3,19.6,18.3
USC00111550,"CHICAGO NORTHERLY ISLAND, IL US",2019-06-13,14.6,15.6,15.3
USC00111550,"CHICAGO NORTHERLY ISLAND, IL US",2019-06-14,20.6,20.1,15.2
USC00111550,"CHICAGO NORTHERLY ISLAND, IL US",2019-06-15,17.1,18.2,19.2
USC00111550,"CHICAGO NORTHERLY ISLAND, IL US",2019-06-16,14.1,15.4,18.4
USC00111550,"CHICAGO NORTHERLY ISLAND, IL US",2019-06-17,13.7,15.7,16.7
USC00111550,"CHICAGO NORTHERLY ISLAND, IL US",2019-06-18,15.2,18.9,19.4
USC00111550,"CHICAGO NORTHERLY ISLAND, IL US",2019-06-19,15,17.9,20.3
USC00111550,"CHICAGO NORTHERLY ISLAND, IL US",2019-06-20,15.9,16.9,17.4
USC00111550,"CHICAGO NORTHERLY ISLAND, IL US",2019-06-21,17,17.2,17.3
USC00111550,"CHICAGO NORTHERLY ISLAND, IL US",2019-06-22,17.2,20.7,19.4
USC00111550,"CHICAGO NORTHERLY ISLAND, IL US",2019-06-23,21.4,23.2,22.3
USC00111550,"CHICAGO NORTHERLY ISLAND, IL US",2019-06-24,23,23.1,23.4
USC00111550,"CHICAGO NORTHERLY ISLAND, IL US",2019-06-25,24.6,24.6,21.3
USC00111550,"CHICAGO NORTHERLY ISLAND, IL US",2019-06-26,24.1,26,24
USC00111550,"CHICAGO NORTHERLY ISLAND, IL US",2019-06-27,22.5,25.7,26.4
USC00111550,"CHICAGO NORTHERLY ISLAND, IL US",2019-06-28,25.2,26.9,26.1
USC00111550,"CHICAGO NORTHERLY ISLAND, IL US",2019-06-29,21.8,25.3,26.5
USC00111550,"CHICAGO NORTHERLY ISLAND, IL US",2019-06-30,22.8,26.1,26.4
USC00111550,"CHICAGO NORTHERLY ISLAND, IL US",2019-07-01,25,27,26.1
USC00111550,"CHICAGO NORTHERLY ISLAND, IL US",2019-07-02,27.8,28.7,27.5
USC00111550,"CHICAGO NORTHERLY ISLAND, IL US",2019-07-03,22.4,25.4,27.6
USC00111550,"CHICAGO NORTHERLY ISLAND, IL US",2019-07-04,26.9,27.7,26.1
USC00111550,"CHICAGO NORTHERLY ISLAND, IL US",2019-07-05,28.1,29.2,26.8
USC00111550,"CHICAGO NORTHERLY ISLAND, IL US",2019-07-06,22,24.6,26.4
USC00111550,"CHICAGO NORTHERLY ISLAND, IL US",2019-07-07,19.6,22.1,21
USC00111550,"CHICAGO NORTHERLY ISLAND, IL US",2019-07-08,20.6,22.5,20.1
USC00111550,"CHICAGO NORTHERLY ISLAND, IL US",2019-07-09,22.7,24.9,21.6
USC00111550,"CHICAGO NORTHERLY ISLAND, IL US",2019-07-10,30.5,30.2,27.6
USC00111550,"CHICAGO NORTHERLY ISLAND, IL US",2019-07-11,22.2,23.7,24.3
USC00111550,"CHICAGO NORTHERLY ISLAND, IL US",2019-07-12,24.3,24.4,20.6
USC00111550,"CHICAGO NORTHERLY ISLAND, IL US",2019-07-13,28.4,28.7,23.8
USC00111550,"CHICAGO NORTHERLY ISLAND, IL US",2019-07-14,23.9,26.6,26.6
USC00111550,"CHICAGO NORTHERLY ISLAND, IL US",2019-07-15,28.3,28.8,26.1
USC00111550,"CHICAGO NORTHERLY ISLAND, IL US",2019-07-16,25,26.1,25.1
USC00111550,"CHICAGO NORTHERLY ISLAND, IL US",2019-07-17,25.5,27.7,25
USC00111550,"CHICAGO NORTHERLY ISLAND, IL US",2019-07-18,26.7,27.2,26.2
USC00111550,"CHICAGO NORTHERLY ISLAND, IL US",2019-07-19,31.1,31.1,29.2
USC00111550,"CHICAGO NORTHERLY ISLAND, IL US",2019-07-20,29.3,30.5,30.1
USC00111550,"CHICAGO NORTHERLY ISLAND, IL US",2019-07-21,21.3,24.2,26.1
USC00111550,"CHICAGO NORTHERLY ISLAND, IL US",2019-07-22,20.7,21.4,20.8
USC00111550,"CHICAGO NORTHERLY ISLAND, IL US",2019-07-23,22,22.2,19.3
USC00111550,"CHICAGO NORTHERLY ISLAND, IL US",2019-07-24,21.3,21.8,21.2
USC00111550,"CHICAGO NORTHERLY ISLAND, IL US",2019-07-25,23.6,24.2,21.2
USC00111550,"CHICAGO NORTHERLY ISLAND, IL US",2019-07-26,25.6,25.3,22
USC00111550,"CHICAGO NORTHERLY ISLAND, IL US",2019-07-27,27.6,27.6,24.1
USC00111550,"CHICAGO NORTHERLY ISLAND, IL US",2019-07-28,28.2,28.4,25
USC00111550,"CHICAGO NORTHERLY ISLAND, IL US",2019-07-29,25,25.4,25.3
USC00111550,"CHICAGO NORTHERLY ISLAND, IL US",2019-07-30,21.6,22.3,23.6
USC00111550,"CHICAGO NORTHERLY ISLAND, IL US",2019-07-31,21,20.9,20
USC00111550,"CHICAGO NORTHERLY ISLAND, IL US",2019-08-01,22.2,22.1,18.7
USC00111550,"CHICAGO NORTHERLY ISLAND, IL US",2019-08-02,22.8,22.8,19.5
USC00111550,"CHICAGO NORTHERLY ISLAND, IL US",2019-08-06,24.6,25.1,24.3
USC00111550,"CHICAGO NORTHERLY ISLAND, IL US",2019-08-07,26.5,26.3,23.6
USC00111550,"CHICAGO NORTHERLY ISLAND, IL US",2019-08-08,25.8,26,24.2
USC00111550,"CHICAGO NORTHERLY ISLAND, IL US",2019-08-09,23.2,23.4,21.2
USC00111550,"CHICAGO NORTHERLY ISLAND, IL US",2019-08-10,24.3,24.9,20.7
USC00111550,"CHICAGO NORTHERLY ISLAND, IL US",2019-08-11,25.3,25.1,21.9
USC00111550,"CHICAGO NORTHERLY ISLAND, IL US",2019-08-12,24.5,25.4,25.8
USC00111550,"CHICAGO NORTHERLY ISLAND, IL US",2019-08-13,24.7,25.4,24.9
USC00111550,"CHICAGO NORTHERLY ISLAND, IL US",2019-08-14,24.6,24.6,22.7
USC00111550,"CHICAGO NORTHERLY ISLAND, IL US",2019-08-15,22.8,22.7,22.7
USC00111550,"CHICAGO NORTHERLY ISLAND, IL US",2019-08-16,24.7,24.3,21.1
USC00111550,"CHICAGO NORTHERLY ISLAND, IL US",2019-08-17,24.4,23.7,23.9
USC00111550,"CHICAGO NORTHERLY ISLAND, IL US",2019-08-18,24.8,25.2,25.2
USC00111550,"CHICAGO NORTHERLY ISLAND, IL US",2019-08-19,24.4,25.8,25.3
USC00111550,"CHICAGO NORTHERLY ISLAND, IL US",2019-08-20,24.1,23.9,24.8
USC00111550,"CHICAGO NORTHERLY ISLAND, IL US",2019-08-21,25.3,25,24.9
USC00111550,"CHICAGO NORTHERLY ISLAND, IL US",2019-08-22,22.9,22.7,22.1
USC00111550,"CHICAGO NORTHERLY ISLAND, IL US",2019-08-23,21.3,20.8,19.1
USC00111550,"CHICAGO NORTHERLY ISLAND, IL US",2019-08-24,20.9,20.8,18.6
USC00111550,"CHICAGO NORTHERLY ISLAND, IL US",2019-08-25,21.3,21.4,20
USC00111550,"CHICAGO NORTHERLY ISLAND, IL US",2019-08-26,21.9,22.1,21.3
USC00111550,"CHICAGO NORTHERLY ISLAND, IL US",2019-08-27,24.1,23.8,21.8
USC00111550,"CHICAGO NORTHERLY ISLAND, IL US",2019-08-28,21.6,21.3,18.8
USC00111550,"CHICAGO NORTHERLY ISLAND, IL US",2019-08-29,24.4,23.8,18.9
USC00111550,"CHICAGO NORTHERLY ISLAND, IL US",2019-08-30,19.9,20,20.7
USC00111550,"CHICAGO NORTHERLY ISLAND, IL US",2019-08-31,20.5,20.5,17.2
USC00111550,"CHICAGO NORTHERLY ISLAND, IL US",2019-09-01,19.4,20.2,18.5
USC00111550,"CHICAGO NORTHERLY ISLAND, IL US",2019-09-02,22.4,23.1,20.5
USC00111550,"CHICAGO NORTHERLY ISLAND, IL US",2019-09-03,23.9,24,21.3
USC00111550,"CHICAGO NORTHERLY ISLAND, IL US",2019-09-04,19.1,18.9,20.5
USC00111550,"CHICAGO NORTHERLY ISLAND, IL US",2019-09-05,18.4,18.7,16.8
USC00111550,"CHICAGO NORTHERLY ISLAND, IL US",2019-09-06,20.5,20.4,18.8
USC00111550,"CHICAGO NORTHERLY ISLAND, IL US",2019-09-07,21.7,21.5,18.4
USC00111550,"CHICAGO NORTHERLY ISLAND, IL US",2019-09-08,17.8,17.9,18.4
USC00111550,"CHICAGO NORTHERLY ISLAND, IL US",2019-09-09,20.4,20.8,19.3
USC00111550,"CHICAGO NORTHERLY ISLAND, IL US",2019-09-10,27.4,27.7,24.1
USC00111550,"CHICAGO NORTHERLY ISLAND, IL US",2019-09-11,27,27.4,26.3
USC00111550,"CHICAGO NORTHERLY ISLAND, IL US",2019-09-12,21.8,23.4,25.4
USC00111550,"CHICAGO NORTHERLY ISLAND, IL US",2019-09-13,22.2,22.4,24.8
USC00111550,"CHICAGO NORTHERLY ISLAND, IL US",2019-09-14,22.6,22.3,18.3
USC00111550,"CHICAGO NORTHERLY ISLAND, IL US",2019-09-15,22.6,22.4,20.8
USC00111550,"CHICAGO NORTHERLY ISLAND, IL US",2019-09-16,20.7,21.6,23.1
USC00111550,"CHICAGO NORTHERLY ISLAND, IL US",2019-09-17,20.5,22.3,20.8
USC00111550,"CHICAGO NORTHERLY ISLAND, IL US",2019-09-18,20.7,22.8,20.4
USC00111550,"CHICAGO NORTHERLY ISLAND, IL US",2019-09-19,23.9,24.2,21.2
USC00111550,"CHICAGO NORTHERLY ISLAND, IL US",2019-09-20,23.9,25.1,23.6
USC00111550,"CHICAGO NORTHERLY ISLAND, IL US",2019-09-21,24.5,24.7,24
USC00111550,"CHICAGO NORTHERLY ISLAND, IL US",2019-09-22,23.2,23.4,23.7
USC00111550,"CHICAGO NORTHERLY ISLAND, IL US",2019-09-23,20.7,20.7,20.3
USC00111550,"CHICAGO NORTHERLY ISLAND, IL US",2019-09-24,22.2,21.7,17.5
USC00111550,"CHICAGO NORTHERLY ISLAND, IL US",2019-09-25,23,23,19.5
USC00111550,"CHICAGO NORTHERLY ISLAND, IL US",2019-09-26,19.3,19.1,17.7
USC00111550,"CHICAGO NORTHERLY ISLAND, IL US",2019-09-27,18,18.3,17.2
USC00111550,"CHICAGO NORTHERLY ISLAND, IL US",2019-09-28,17.2,17.4,21.2
USC00111550,"CHICAGO NORTHERLY ISLAND, IL US",2019-09-29,16.5,17.8,18.5
USC00111550,"CHICAGO NORTHERLY ISLAND, IL US",2019-09-30,24.3,25.1,23.5
USC00111550,"CHICAGO NORTHERLY ISLAND, IL US",2019-10-01,25.6,26.5,24.7
USC00111550,"CHICAGO NORTHERLY ISLAND, IL US",2019-10-02,16.9,19,21.1
USC00111550,"CHICAGO NORTHERLY ISLAND, IL US",2019-10-03,16.4,16.8,17.7
USC00111550,"CHICAGO NORTHERLY ISLAND, IL US",2019-10-04,13.4,12.8,12.2
USC00111550,"CHICAGO NORTHERLY ISLAND, IL US",2019-10-05,14.4,14.4,12.3
USC00111550,"CHICAGO NORTHERLY ISLAND, IL US",2019-10-06,17.1,16.7,15.1
USC00111550,"CHICAGO NORTHERLY ISLAND, IL US",2019-10-07,17.2,16.8,13.5
USC00111550,"CHICAGO NORTHERLY ISLAND, IL US",2019-10-08,15.8,16.2,13.5
USC00111550,"CHICAGO NORTHERLY ISLAND, IL US",2019-10-09,15.4,16.6,13.8
USC00111550,"CHICAGO NORTHERLY ISLAND, IL US",2019-10-10,15.7,17.3,15.7
USC00111550,"CHICAGO NORTHERLY ISLAND, IL US",2019-10-11,13.9,14.2,17.8
USC00111550,"CHICAGO NORTHERLY ISLAND, IL US",2019-10-12,8.9,8.8,5.6
USC00111550,"CHICAGO NORTHERLY ISLAND, IL US",2019-10-13,9.4,9.4,7
USC00111550,"CHICAGO NORTHERLY ISLAND, IL US",2019-10-14,9.5,9.2,7.1
USC00111550,"CHICAGO NORTHERLY ISLAND, IL US",2019-10-15,14.2,13.1,9.4
USC00111550,"CHICAGO NORTHERLY ISLAND, IL US",2019-10-16,9.8,9.7,9.7
USC00111550,"CHICAGO NORTHERLY ISLAND, IL US",2019-10-17,9.9,9.5,8.3
USC00111550,"CHICAGO NORTHERLY ISLAND, IL US",2019-10-18,10.3,10.4,9.4
USC00111550,"CHICAGO NORTHERLY ISLAND, IL US",2019-10-19,15.6,14.9,10.1
USC00111550,"CHICAGO NORTHERLY ISLAND, IL US",2019-10-20,12.8,13.3,14.6
USC00111550,"CHICAGO NORTHERLY ISLAND, IL US",2019-10-21,15.9,16,13.3
USC00111550,"CHICAGO NORTHERLY ISLAND, IL US",2019-10-22,10.2,9.9,10.6
USC00111550,"CHICAGO NORTHERLY ISLAND, IL US",2019-10-23,11.4,11.2,7.6
USC00111550,"CHICAGO NORTHERLY ISLAND, IL US",2019-10-24,8.3,8.6,9.3
USC00111550,"CHICAGO NORTHERLY ISLAND, IL US",2019-10-25,8.1,7.6,7.3
USC00111550,"CHICAGO NORTHERLY ISLAND, IL US",2019-10-26,8.3,7.9,6.3
USC00111550,"CHICAGO NORTHERLY ISLAND, IL US",2019-10-27,11.9,11.5,10
USC00111550,"CHICAGO NORTHERLY ISLAND, IL US",2019-10-28,9.3,9.2,9.7
USC00111550,"CHICAGO NORTHERLY ISLAND, IL US",2019-10-29,6.3,6.2,7.3
USC00111550,"CHICAGO NORTHERLY ISLAND, IL US",2019-10-30,4.6,4.1,4.5
USC00111550,"CHICAGO NORTHERLY ISLAND, IL US",2019-10-31,2.2,1.2,4.4
USC00111550,"CHICAGO NORTHERLY ISLAND, IL US",2019-11-01,3.3,2.5,-0.9
USC00111550,"CHICAGO NORTHERLY ISLAND, IL US",2019-11-02,4.6,4.2,2.7
USC00111550,"CHICAGO NORTHERLY ISLAND, IL US",2019-11-03,7.3,6.7,4.4
USC00111550,"CHICAGO NORTHERLY ISLAND, IL US",2019-11-04,9.1,8.7,7.5
USC00111550,"CHICAGO NORTHERLY ISLAND, IL US",2019-11-05,4.1,3.6,5.3
USC00111550,"CHICAGO NORTHERLY ISLAND, IL US",2019-11-06,8.1,7.5,3.6
USC00111550,"CHICAGO NORTHERLY ISLAND, IL US",2019-11-07,-1.6,-1,1.3
USC00111550,"CHICAGO NORTHERLY ISLAND, IL US",2019-11-08,-1.7,-2.2,-2.7
USC00111550,"CHICAGO NORTHERLY ISLAND, IL US",2019-11-09,4.2,3.7,0.6
USC00111550,"CHICAGO NORTHERLY ISLAND, IL US",2019-11-10,5.8,5,3.3
USC00111550,"CHICAGO NORTHERLY ISLAND, IL US",2019-11-11,-1.6,-1.7,2.6
USC00111550,"CHICAGO NORTHERLY ISLAND, IL US",2019-11-12,-8.1,-8.8,-7.3
USC00111550,"CHICAGO NORTHERLY ISLAND, IL US",2019-11-13,-5.3,-5.9,-7.7
USC00111550,"CHICAGO NORTHERLY ISLAND, IL US",2019-11-14,-0.9,-1.9,-2.2
USC00111550,"CHICAGO NORTHERLY ISLAND, IL US",2019-11-15,0.5,-0,-3.9
USC00111550,"CHICAGO NORTHERLY ISLAND, IL US",2019-11-16,2.6,2,-0.3
USC00111550,"CHICAGO NORTHERLY ISLAND, IL US",2019-11-17,2,1.9,-0
USC00111550,"CHICAGO NORTHERLY ISLAND, IL US",2019-11-18,3.5,3.6,2.8
USC00111550,"CHICAGO NORTHERLY ISLAND, IL US",2019-11-19,3.3,3.9,2.5
USC00111550,"CHICAGO NORTHERLY ISLAND, IL US",2019-11-20,6.9,7,4
USC00111550,"CHICAGO NORTHERLY ISLAND, IL US",2019-11-21,9.3,9.4,6.6
USC00111550,"CHICAGO NORTHERLY ISLAND, IL US",2019-11-22,2.2,1.8,2.1
USC00111550,"CHICAGO NORTHERLY ISLAND, IL US",2019-11-23,2,1.6,0.4
USC00111550,"CHICAGO NORTHERLY ISLAND, IL US",2019-11-24,6.5,6.2,1.2
USC00111550,"CHICAGO NORTHERLY ISLAND, IL US",2019-11-25,9.5,8.9,4.3
USC00111550,"CHICAGO NORTHERLY ISLAND, IL US",2019-11-26,6.6,6.8,4.2
USC00111550,"CHICAGO NORTHERLY ISLAND, IL US",2019-11-27,8.5,8.3,6.8
USC00111550,"CHICAGO NORTHERLY ISLAND, IL US",2019-11-28,2.2,2.4,1.9
USC00111550,"CHICAGO NORTHERLY ISLAND, IL US",2019-11-29,3.5,3.4,3.1
USC00111550,"CHICAGO NORTHERLY ISLAND, IL US",2019-11-30,3.5,3.8,3.6
USC00111550,"CHICAGO NORTHERLY ISLAND, IL US",2019-12-01,3.6,3.8,4.2
USC00111550,"CHICAGO NORTHERLY ISLAND, IL US",2019-12-02,0.9,1.2,1.8
USC00111550,"CHICAGO NORTHERLY ISLAND, IL US",2019-12-03,2.2,2.2,0.7
USC00111550,"CHICAGO NORTHERLY ISLAND, IL US",2019-12-04,3.9,4,1.2
USC00111550,"CHICAGO NORTHERLY ISLAND, IL US",2019-12-05,4.7,4.1,1
USC00111550,"CHICAGO NORTHERLY ISLAND, IL US",2019-12-06,4.1,3.1,1.2
USC00111550,"CHICAGO NORTHERLY ISLAND, IL US",2019-12-07,1.7,0.7,-0.3
USC00111550,"CHICAGO NORTHERLY ISLAND, IL US",2019-12-08,6.5,5.7,0.8
USC00111550,"CHICAGO NORTHERLY ISLAND, IL US",2019-12-09,4.4,4.6,6.4
USC00111550,"CHICAGO NORTHERLY ISLAND, IL US",2019-12-10,-5.3,-5.2,-2.4
USC00111550,"CHICAGO NORTHERLY ISLAND, IL US",2019-12-11,-5.7,-6,-6.6
USC00111550,"CHICAGO NORTHERLY ISLAND, IL US",2019-12-12,2.2,1.2,-4.4
USC00111550,"CHICAGO NORTHERLY ISLAND, IL US",2019-12-13,5,4.4,-0.3
USC00111550,"CHICAGO NORTHERLY ISLAND, IL US",2019-12-14,0.4,0.6,0.5
USC00111550,"CHICAGO NORTHERLY ISLAND, IL US",2019-12-15,-3.7,-3.8,-3.3
USC00111550,"CHICAGO NORTHERLY ISLAND, IL US",2019-12-16,-1.3,-1.6,-1.9
USC00111550,"CHICAGO NORTHERLY ISLAND, IL US",2019-12-17,-2,-2.1,-2.2
USC00111550,"CHICAGO NORTHERLY ISLAND, IL US",2019-12-18,-5,-5.5,-6.7
USC00111550,"CHICAGO NORTHERLY ISLAND, IL US",2019-12-19,-1.6,-2,-6.8
USC00111550,"CHICAGO NORTHERLY ISLAND, IL US",2019-12-20,1.7,1.2,-2.5
USC00111550,"CHICAGO NORTHERLY ISLAND, IL US",2019-12-21,6.1,5.4,-0.4
USC00111550,"CHICAGO NORTHERLY ISLAND, IL US",2019-12-22,7.8,7.5,0.4
USC00111550,"CHICAGO NORTHERLY ISLAND, IL US",2019-12-23,7.8,7.9,0.7
USC00111550,"CHICAGO NORTHERLY ISLAND, IL US",2019-12-24,6.9,6.9,2.4
USC00111550,"CHICAGO NORTHERLY ISLAND, IL US",2019-12-25,11.3,10.7,2.3
USC00111550,"CHICAGO NORTHERLY ISLAND, IL US",2019-12-26,11.9,12.1,6.5
USC00111550,"CHICAGO NORTHERLY ISLAND, IL US",2019-12-27,2.7,3,3.7
USC00111550,"CHICAGO NORTHERLY ISLAND, IL US",2019-12-28,3.4,4.7,2.1
USC00111550,"CHICAGO NORTHERLY ISLAND, IL US",2019-12-29,10.7,11.5,10.7
USC00111550,"CHICAGO NORTHERLY ISLAND, IL US",2019-12-30,4.5,4.7,5.9
USC00111550,"CHICAGO NORTHERLY ISLAND, IL US",2019-12-31,-2,-2.1,-1.3
USW00094846,"CHICAGO OHARE INTERNATIONAL AIRPORT, IL US",2019-01-01,-0.6,-0.5,1.1
USW00094846,"CHICAGO OHARE INTERNATIONAL AIRPORT, IL US",2019-01-02,-1.9,-1.6,-1.2
USW00094846,"CHICAGO OHARE INTERNATIONAL AIRPORT, IL US",2019-01-03,0.3,0.6,-1
USW00094846,"CHICAGO OHARE INTERNATIONAL AIRPORT, IL US",2019-01-04,5.2,4.4,0.8
USW00094846,"CHICAGO OHARE INTERNATIONAL AIRPORT, IL US",2019-01-05,6.7,6.4,1.3
USW00094846,"CHICAGO OHARE INTERNATIONAL AIRPORT, IL US",2019-01-06,2.3,3.5,1.3
USW00094846,"CHICAGO OHARE INTERNATIONAL AIRPORT, IL US",2019-01-07,8.8,8,4.1
USW00094846,"CHICAGO OHARE INTERNATIONAL AIRPORT, IL US",2019-01-08,2.7,4.2,5.1
USW00094846,"CHICAGO OHARE INTERNATIONAL AIRPORT, IL US",2019-01-09,-6.3,-5.1,-2.8
USW00094846,"CHICAGO OHARE INTERNATIONAL AIRPORT, IL US",2019-01-10,-6.5,-6,-4.7
USW00094846,"CHICAGO OHARE INTERNATIONAL AIRPORT, IL US",2019-01-11,-3.8,-3.7,-2.9
USW00094846,"CHICAGO OHARE INTERNATIONAL AIRPORT, IL US",2019-01-12,-0.6,-1.6,-0.3
USW00094846,"CHICAGO OHARE INTERNATIONAL AIRPORT, IL US",2019-01-13,-1.8,-1.4,-0.9
USW00094846,"CHICAGO OHARE INTERNATIONAL AIRPORT, IL US",2019-01-14,-3.6,-3.5,-3
USW00094846,"CHICAGO OHARE INTERNATIONAL AIRPORT, IL US",2019-01-15,-1.7,-1.4,-2.9
USW00094846,"CHICAGO OHARE INTERNATIONAL AIRPORT, IL US",2019-01-16,-0.2,-0.2,-2.7
USW00094846,"CHICAGO OHARE INTERNATIONAL AIRPORT, IL US",2019-01-17,0.2,-0,-2.7
USW00094846,"CHICAGO OHARE INTERNATIONAL AIRPORT, IL US",2019-01-18,-1.4,-1.2,-2.2
USW00094846,"CHICAGO OHARE INTERNATIONAL AIRPORT, IL US",2019-01-19,-5.8,-4.3,-2.5
USW00094846,"CHICAGO OHARE INTERNATIONAL AIRPORT, IL US",2019-01-20,-12.1,-11,-8.1
USW00094846,"CHICAGO OHARE INTERNATIONAL AIRPORT, IL US",2019-01-21,-11.3,-11.1,-9.6
USW00094846,"CHICAGO OHARE INTERNATIONAL AIRPORT, IL US",2019-01-22,-3.8,-4.8,-7.8
USW00094846,"CHICAGO OHARE INTERNATIONAL AIRPORT, IL US",2019-01-23,-2.1,-2.7,-1.4
USW00094846,"CHICAGO OHARE INTERNATIONAL AIRPORT, IL US",2019-01-24,-9.9,-8.8,-9.2
USW00094846,"CHICAGO OHARE INTERNATIONAL AIRPORT, IL US",2019-01-25,-17.3,-17,-14.3
USW00094846,"CHICAGO OHARE INTERNATIONAL AIRPORT, IL US",2019-01-26,-15.2,-15.7,-14.7
USW00094846,"CHICAGO OHARE INTERNATIONAL AIRPORT, IL US",2019-01-27,-15.1,-13.7,-12.1
USW00094846,"CHICAGO OHARE INTERNATIONAL AIRPORT, IL US",2019-01-28,-4.5,-6.4,-8.1
USW00094846,"CHICAGO OHARE INTERNATIONAL AIRPORT, IL US",2019-01-29,-16.5,-15.4,-10.9
USW00094846,"CHICAGO OHARE INTERNATIONAL AIRPORT, IL US",2019-01-30,-26.1,-25.7,-22.8
USW00094846,"CHICAGO OHARE INTERNATIONAL AIRPORT, IL US",2019-01-31,-21.9,-21.7,-24.3
USW00094846,"CHICAGO OHARE INTERNATIONAL AIRPORT, IL US",2019-02-01,-10.4,-12.2,-13
USW00094846,"CHICAGO OHARE INTERNATIONAL AIRPORT, IL US",2019-02-02,-0.5,-2,-7
USW00094846,"CHICAGO OHARE INTERNATIONAL AIRPORT, IL US",2019-02-03,6.9,5.4,0.2
USW00094846,"CHICAGO OHARE INTERNATIONAL AIRPORT, IL US",2019-02-04,6,6.4,1.6
USW00094846,"CHICAGO OHARE INTERNATIONAL AIRPORT, IL US",2019-02-05,-1.3,-0.6,-1.7
USW00094846,"CHICAGO OHARE INTERNATIONAL AIRPORT, IL US",2019-02-06,1.3,1.3,0.7
USW00094846,"CHICAGO OHARE INTERNATIONAL AIRPORT, IL US",2019-02-07,-0.7,0.6,3
USW00094846,"CHICAGO OHARE INTERNATIONAL AIRPORT, IL US",2019-02-08,-12.5,-11.5,-8.6
USW00094846,"CHICAGO OHARE INTERNATIONAL AIRPORT, IL US",2019-02-09,-8.7,-8.6,-11
USW00094846,"CHICAGO OHARE INTERNATIONAL AIRPORT, IL US",2019-02-10,-3.4,-4.9,-3.6
USW00094846,"CHICAGO OHARE INTERNATIONAL AIRPORT, IL US",2019-02-11,-1.4,-1.4,-0.2
USW00094846,"CHICAGO OHARE INTERNATIONAL AIRPORT, IL US",2019-02-12,-2.1,-1.5,0.2
USW00094846,"CHICAGO OHARE INTERNATIONAL AIRPORT, IL US",2019-02-13,-6.4,-4.5,-3.5
USW00094846,"CHICAGO OHARE INTERNATIONAL AIRPORT, IL US",2019-02-14,5,2.1,-0.6
USW00094846,"CHICAGO OHARE INTERNATIONAL AIRPORT, IL US",2019-02-15,-5.2,-5.8,-4
USW00094846,"CHICAGO OHARE INTERNATIONAL AIRPORT, IL US",2019-02-16,-5.1,-5.3,-5.6
USW00094846,"CHICAGO OHARE INTERNATIONAL AIRPORT, IL US",2019-02-17,-3.3,-3.6,-2.7
USW00094846,"CHICAGO OHARE INTERNATIONAL AIRPORT, IL US",2019-02-18,-3.3,-3.5,-2.2
USW00094846,"CHICAGO OHARE INTERNATIONAL AIRPORT, IL US",2019-02-19,-3.3,-4.7,-6
USW00094846,"CHICAGO OHARE INTERNATIONAL AIRPORT, IL US",2019-02-20,1.2,-1,-2.1
USW00094846,"CHICAGO OHARE INTERNATIONAL AIRPORT, IL US",2019-02-21,-0.7,-1,-1.5
USW00094846,"CHICAGO OHARE INTERNATIONAL AIRPORT, IL US",2019-02-22,0.2,-0.5,-3
USW00094846,"CHICAGO OHARE INTERNATIONAL AIRPORT, IL US",2019-02-23,7.5,4.1,-0.4
USW00094846,"CHICAGO OHARE INTERNATIONAL AIRPORT, IL US",2019-02-24,1.3,1,1.1
USW00094846,"CHICAGO OHARE INTERNATIONAL AIRPORT, IL US",2019-02-25,-9.9,-8.9,-11.8
USW00094846,"CHICAGO OHARE INTERNATIONAL AIRPORT, IL US",2019-02-26,-7.1,-7,-7.6
USW00094846,"CHICAGO OHARE INTERNATIONAL AIRPORT, IL US",2019-02-27,-4.5,-4.5,-3.1
USW00094846,"CHICAGO OHARE INTERNATIONAL AIRPORT, IL US",2019-02-28,-6.2,-6.1,-7.2
USW00094846,"CHICAGO OHARE INTERNATIONAL AIRPORT, IL US",2019-03-01,-1.3,-2.3,-2.4
USW00094846,"CHICAGO OHARE INTERNATIONAL AIRPORT, IL US",2019-03-02,-1.1,-0.9,-0.6
USW00094846,"CHICAGO OHARE INTERNATIONAL AIRPORT, IL US",2019-03-03,-8.6,-7,-4.8
USW00094846,"CHICAGO OHARE INTERNATIONAL AIRPORT, IL US",2019-03-04,-14.3,-13.5,-13.8
USW00094846,"CHICAGO OHARE INTERNATIONAL AIRPORT, IL US",2019-03-05,-8.8,-10.4,-10.5
USW00094846,"CHICAGO OHARE INTERNATIONAL AIRPORT, IL US",2019-03-06,-5.6,-6,-8.1
USW00094846,"CHICAGO OHARE INTERNATIONAL AIRPORT, IL US",2019-03-07,-5.2,-5.5,-5.8
USW00094846,"CHICAGO OHARE INTERNATIONAL AIRPORT, IL US",2019-03-08,-0,-0.7,-1.9
USW00094846,"CHICAGO OHARE INTERNATIONAL AIRPORT, IL US",2019-03-09,2.4,2.1,0.8
USW00094846,"CHICAGO OHARE INTERNATIONAL AIRPORT, IL US",2019-03-10,1.4,1.9,2.4
USW00094846,"CHICAGO OHARE INTERNATIONAL AIRPORT, IL US",2019-03-11,2,2,-0.1
USW00094846,"CHICAGO OHARE INTERNATIONAL AIRPORT, IL US",2019-03-12,4,3.6,0.8
USW00094846,"CHICAGO OHARE INTERNATIONAL AIRPORT, IL US",2019-03-13,10.5,8.8,6.3
USW00094846,"CHICAGO OHARE INTERNATIONAL AIRPORT, IL US",2019-03-14,11.7,11.9,12.9
USW00094846,"CHICAGO OHARE INTERNATIONAL AIRPORT, IL US",2019-03-15,2.7,4,4.3
USW00094846,"CHICAGO OHARE INTERNATIONAL AIRPORT, IL US",2019-03-16,2.2,2.4,1.2
USW00094846,"CHICAGO OHARE INTERNATIONAL AIRPORT, IL US",2019-03-17,2.9,2.6,1.5
USW00094846,"CHICAGO OHARE INTERNATIONAL AIRPORT, IL US",2019-03-18,2.6,3,2.3
USW00094846,"CHICAGO OHARE INTERNATIONAL AIRPORT, IL US",2019-03-19,5.3,5,3.8
USW00094846,"CHICAGO OHARE INTERNATIONAL AIRPORT, IL US",2019-03-20,5.4,4.9,3.7
USW00094846,"CHICAGO OHARE INTERNATIONAL AIRPORT, IL US",2019-03-21,5.2,5.5,5.8
USW00094846,"CHICAGO OHARE INTERNATIONAL AIRPORT, IL US",2019-03-22,4.1,4.5,3.4
USW00094846,"CHICAGO OHARE INTERNATIONAL AIRPORT, IL US",2019-03-23,5.6,5.1,2.2
USW00094846,"CHICAGO OHARE INTERNATIONAL AIRPORT, IL US",2019-03-24,6.5,5.7,5
USW00094846,"CHICAGO OHARE INTERNATIONAL AIRPORT, IL US",2019-03-25,2.1,3,3.2
USW00094846,"CHICAGO OHARE INTERNATIONAL AIRPORT, IL US",2019-03-26,3.5,3.1,1.2
USW00094846,"CHICAGO OHARE INTERNATIONAL AIRPORT, IL US",2019-03-27,8.5,7.6,3.8
USW00094846,"CHICAGO OHARE INTERNATIONAL AIRPORT, IL US",2019-03-28,13.7,12.2,9.4
USW00094846,"CHICAGO OHARE INTERNATIONAL AIRPORT, IL US",2019-03-29,9.5,9.2,8.7
USW00094846,"CHICAGO OHARE INTERNATIONAL AIRPORT, IL US",2019-03-30,3.7,4.9,4.5
USW00094846,"CHICAGO OHARE INTERNATIONAL AIRPORT, IL US",2019-03-31,0.7,0.8,0.4
USW00094846,"CHICAGO OHARE INTERNATIONAL AIRPORT, IL US",2019-04-01,4.4,4.1,1.6
USW00094846,"CHICAGO OHARE INTERNATIONAL AIRPORT, IL US",2019-04-02,9.3,8.3,4.5
USW00094846,"CHICAGO OHARE INTERNATIONAL AIRPORT, IL US",2019-04-03,9.8,9.7,6.1
USW00094846,"CHICAGO OHARE INTERNATIONAL AIRPORT, IL US",2019-04-04,6.6,6.9,6.6
USW00094846,"CHICAGO OHARE INTERNATIONAL AIRPORT, IL US",2019-04-05,10,9.1,7.9
USW00094846,"CHICAGO OHARE INTERNATIONAL AIRPORT, IL US",2019-04-06,13,12,11.1
USW00094846,"CHICAGO OHARE INTERNATIONAL AIRPORT, IL US",2019-04-07,15.9,15.2,14.2
USW00094846,"CHICAGO OHARE INTERNATIONAL AIRPORT, IL US",2019-04-08,18.2,17.5,16.4
USW00094846,"CHICAGO OHARE INTERNATIONAL AIRPORT, IL US",2019-04-09,13,13.9,13.4
USW00094846,"CHICAGO OHARE INTERNATIONAL AIRPORT, IL US",2019-04-10,2.8,4.1,6.5
USW00094846,"CHICAGO OHARE INTERNATIONAL AIRPORT, IL US",2019-04-11,9.2,8.4,6.9
USW00094846,"CHICAGO OHARE INTERNATIONAL AIRPORT, IL US",2019-04-12,7.7,8.2,12
USW00094846,"CHICAGO OHARE INTERNATIONAL AIRPORT, IL US",2019-04-13,7.4,7.7,5.9
USW00094846,"CHICAGO OHARE INTERNATIONAL AIRPORT, IL US",2019-04-14,2.4,2.8,4
USW00094846,"CHICAGO OHARE INTERNATIONAL AIRPORT, IL US",2019-04-15,6.5,6.7,3.8
USW00094846,"CHICAGO OHARE INTERNATIONAL AIRPORT, IL US",2019-04-16,16.7,14.8,10.8
USW00094846,"CHICAGO OHARE INTERNATIONAL AIRPORT, IL US",2019-04-17,17.8,17.8,15.3
USW00094846,"CHICAGO OHARE INTERNATIONAL AIRPORT, IL US",2019-04-18,13.7,13.4,15.8
USW00094846,"CHICAGO OHARE INTERNATIONAL AIRPORT, IL US",2019-04-19,8.4,9.3,7.5
USW00094846,"CHICAGO OHARE INTERNATIONAL AIRPORT, IL US",2019-04-20,11.7,12.1,6.2
USW00094846,"CHICAGO OHARE INTERNATIONAL AIRPORT, IL US",2019-04-21,17.8,17.1,11.1
USW00094846,"CHICAGO OHARE INTERNATIONAL AIRPORT, IL US",2019-04-22,21.9,20.6,15.4
USW00094846,"CHICAGO OHARE INTERNATIONAL AIRPORT, IL US",2019-04-23,14.8,15.1,16.3
USW00094846,"CHICAGO OHARE INTERNATIONAL AIRPORT, IL US",2019-04-24,13,12.1,10.1
USW00094846,"CHICAGO OHARE INTERNATIONAL AIRPORT, IL US",2019-04-25,14.8,13.9,13.8
USW00094846,"CHICAGO OHARE INTERNATIONAL AIRPORT, IL US",2019-04-26,14.1,14.1,12.9
USW00094846,"CHICAGO OHARE INTERNATIONAL AIRPORT, IL US",2019-04-27,5.7,5.8,6.2
USW00094846,"CHICAGO OHARE INTERNATIONAL AIRPORT, IL US",2019-04-28,6.5,6.4,4.7
USW00094846,"CHICAGO OHARE INTERNATIONAL AIRPORT, IL US",2019-04-29,8.8,8.4,7.1
USW00094846,"CHICAGO OHARE INTERNATIONAL AIRPORT, IL US",2019-04-30,6.3,7,7.1
USW00094846,"CHICAGO OHARE INTERNATIONAL AIRPORT, IL US",2019-05-01,11.1,10.9,10.5
USW00094846,"CHICAGO OHARE INTERNATIONAL AIRPORT, IL US",2019-05-02,7,7.6,11.6
USW00094846,"CHICAGO OHARE INTERNATIONAL AIRPORT, IL US",2019-05-03,9.5,9.9,11.1
USW00094846,"CHICAGO OHARE INTERNATIONAL AIRPORT, IL US",2019-05-04,11.7,11.7,10.7
USW00094846,"CHICAGO OHARE INTERNATIONAL AIRPORT, IL US",2019-05-05,16.9,16.2,13.2
USW00094846,"CHICAGO OHARE INTERNATIONAL AIRPORT, IL US",2019-05-06,15.6,16.2,16.4
USW00094846,"CHICAGO OHARE INTERNATIONAL AIRPORT, IL US",2019-05-07,8.5,9.8,8.6
USW00094846,"CHICAGO OHARE INTERNATIONAL AIRPORT, IL US",2019-05-08,15.2,14.6,7.9
USW00094846,"CHICAGO OHARE INTERNATIONAL AIRPORT, IL US",2019-05-09,14.8,15.1,17.1
USW00094846,"CHICAGO OHARE INTERNATIONAL AIRPORT, IL US",2019-05-10,11.4,10.9,10.7
USW00094846,"CHICAGO OHARE INTERNATIONAL AIRPORT, IL US",2019-05-11,9.7,9.5,7.3
USW00094846,"CHICAGO OHARE INTERNATIONAL AIRPORT, IL US",2019-05-12,8.9,9.4,7.3
USW00094846,"CHICAGO OHARE INTERNATIONAL AIRPORT, IL US",2019-05-13,12,11.7,9.5
USW00094846,"CHICAGO OHARE INTERNATIONAL AIRPORT, IL US",2019-05-14,15.1,14.5,12.1
USW00094846,"CHICAGO OHARE INTERNATIONAL AIRPORT, IL US",2019-05-15,18.4,18.4,16.6
USW00094846,"CHICAGO OHARE INTERNATIONAL AIRPORT, IL US",2019-05-16,21.3,20.2,18.2
USW00094846,"CHICAGO OHARE INTERNATIONAL AIRPORT, IL US",2019-05-17,15,15.2,18.4
USW00094846,"CHICAGO OHARE INTERNATIONAL AIRPORT, IL US",2019-05-18,18.8,17.9,15.7
USW00094846,"CHICAGO OHARE INTERNATIONAL AIRPORT, IL US",2019-05-19,17.4,18.3,20.8
USW00094846,"CHICAGO OHARE INTERNATIONAL AIRPORT, IL US",2019-05-20,11.3,12.1,12.2
USW00094846,"CHICAGO OHARE INTERNATIONAL AIRPORT, IL US",2019-05-21,10.2,10.4,7.8
USW00094846,"CHICAGO OHARE INTERNATIONAL AIRPORT, IL US",2019-05-22,20.6,19.5,15
USW00094846,"CHICAGO OHARE INTERNATIONAL AIRPORT, IL US",2019-05-23,20.5,20.3,21
USW00094846,"CHICAGO OHARE INTERNATIONAL AIRPORT, IL US",2019-05-24,19.3,19.1,15.8
USW00094846,"CHICAGO OHARE INTERNATIONAL AIRPORT, IL US",2019-05-25,24.8,23.4,23
USW00094846,"CHICAGO OHARE INTERNATIONAL AIRPORT, IL US",2019-05-26,18.9,20.1,21.8
USW00094846,"CHICAGO OHARE INTERNATIONAL AIRPORT, IL US",2019-05-27,18.4,18.5,17
USW00094846,"CHICAGO OHARE INTERNATIONAL AIRPORT, IL US",2019-05-28,17.2,17.4,19.6
USW00094846,"CHICAGO OHARE INTERNATIONAL AIRPORT, IL US",2019-05-29,18.9,17.9,16.4
USW00094846,"CHICAGO OHARE INTERNATIONAL AIRPORT, IL US",2019-05-30,21.7,21.1,19.1
USW00094846,"CHICAGO OHARE INTERNATIONAL AIRPORT, IL US",2019-05-31,22.6,22.7,19.8
USW00094846,"CHICAGO OHARE INTERNATIONAL AIRPORT, IL US",2019-06-01,20.8,21.4,22.3
USW00094846,"CHICAGO OHARE INTERNATIONAL AIRPORT, IL US",2019-06-02,17,17.3,16.8
USW00094846,"CHICAGO OHARE INTERNATIONAL AIRPORT, IL US",2019-06-03,15.5,15.3,15
USW00094846,"CHICAGO OHARE INTERNATIONAL AIRPORT, IL US",2019-06-04,22.1,21.5,17.2
USW00094846,"CHICAGO OHARE INTERNATIONAL AIRPORT, IL US",2019-06-05,23.1,23.3,22.2
USW00094846,"CHICAGO OHARE INTERNATIONAL AIRPORT, IL US",2019-06-06,19.7,19.8,20
USW00094846,"CHICAGO OHARE INTERNATIONAL AIRPORT, IL US",2019-06-07,20.6,20.4,19.4
USW00094846,"CHICAGO OHARE INTERNATIONAL AIRPORT, IL US",2019-06-08,20.3,20.3,18.9
USW00094846,"CHICAGO OHARE INTERNATIONAL AIRPORT, IL US",2019-06-09,21.3,20.9,19.4
USW00094846,"CHICAGO OHARE INTERNATIONAL AIRPORT, IL US",2019-06-10,20.3,20.2,18.7
USW00094846,"CHICAGO OHARE INTERNATIONAL AIRPORT, IL US",2019-06-11,22.3,21.2,17.8
USW00094846,"CHICAGO OHARE INTERNATIONAL AIRPORT, IL US",2019-06-12,17.5,19.2,18.1
USW00094846,"CHICAGO OHARE INTERNATIONAL AIRPORT, IL US",2019-06-13,16.3,16.5,15
USW00094846,"CHICAGO OHARE INTERNATIONAL AIRPORT, IL US",2019-06-14,20.6,19.6,15.3
USW00094846,"CHICAGO OHARE INTERNATIONAL AIRPORT, IL US",2019-06-15,17.6,18.4,19.2
USW00094846,"CHICAGO OHARE INTERNATIONAL AIRPORT, IL US",2019-06-16,14.3,15.4,17.4
USW00094846,"CHICAGO OHARE INTERNATIONAL AIRPORT, IL US",2019-06-17,16.8,16.9,16.2
USW00094846,"CHICAGO OHARE INTERNATIONAL AIRPORT, IL US",2019-06-18,20.3,20.3,19.1
USW00094846,"CHICAGO OHARE INTERNATIONAL AIRPORT, IL US",2019-06-19,18.7,18.7,19.9
USW00094846,"CHICAGO OHARE INTERNATIONAL AIRPORT, IL US",2019-06-20,18,18,17.3
USW00094846,"CHICAGO OHARE INTERNATIONAL AIRPORT, IL US",2019-06-21,17.8,17.6,17.3
USW00094846,"CHICAGO OHARE INTERNATIONAL AIRPORT, IL US",2019-06-22,21.5,20.9,18.8
USW00094846,"CHICAGO OHARE INTERNATIONAL AIRPORT, IL US",2019-06-23,23.3,23.1,21.7
USW00094846,"CHICAGO OHARE INTERNATIONAL AIRPORT, IL US",2019-06-24,23,22.9,23.5
USW00094846,"CHICAGO OHARE INTERNATIONAL AIRPORT, IL US",2019-06-25,24.4,24,21.1
USW00094846,"CHICAGO OHARE INTERNATIONAL AIRPORT, IL US",2019-06-26,27.1,26,23.8
USW00094846,"CHICAGO OHARE INTERNATIONAL AIRPORT, IL US",2019-06-27,27.1,26.5,25.7
USW00094846,"CHICAGO OHARE INTERNATIONAL AIRPORT, IL US",2019-06-28,28.1,27.1,26.1
USW00094846,"CHICAGO OHARE INTERNATIONAL AIRPORT, IL US",2019-06-29,26.7,26.1,26.6
USW00094846,"CHICAGO OHARE INTERNATIONAL AIRPORT, IL US",2019-06-30,28.2,26.9,25.7
USW00094846,"CHICAGO OHARE INTERNATIONAL AIRPORT, IL US",2019-07-01,27.3,27.1,25.7
USW00094846,"CHICAGO OHARE INTERNATIONAL AIRPORT, IL US",2019-07-02,29.4,28.8,27.5
USW00094846,"CHICAGO OHARE INTERNATIONAL AIRPORT, IL US",2019-07-03,26.3,26.4,27.5
USW00094846,"CHICAGO OHARE INTERNATIONAL AIRPORT, IL US",2019-07-04,28.2,27.6,25.6
USW00094846,"CHICAGO OHARE INTERNATIONAL AIRPORT, IL US",2019-07-05,28.9,29,26.7
USW00094846,"CHICAGO OHARE INTERNATIONAL AIRPORT, IL US",2019-07-06,24.8,25.3,25.7
USW00094846,"CHICAGO OHARE INTERNATIONAL AIRPORT, IL US",2019-07-07,22.2,22.7,20.7
USW00094846,"CHICAGO OHARE INTERNATIONAL AIRPORT, IL US",2019-07-08,23.3,22.7,19.6
USW00094846,"CHICAGO OHARE INTERNATIONAL AIRPORT, IL US",2019-07-09,25.2,25,21.1
USW00094846,"CHICAGO OHARE INTERNATIONAL AIRPORT, IL US",2019-07-10,30.3,29.5,27.2
USW00094846,"CHICAGO OHARE INTERNATIONAL AIRPORT, IL US",2019-07-11,24.1,24.4,24.1
USW00094846,"CHICAGO OHARE INTERNATIONAL AIRPORT, IL US",2019-07-12,24.5,24.3,20.8
USW00094846,"CHICAGO OHARE INTERNATIONAL AIRPORT, IL US",2019-07-13,29.6,28.2,24.2
USW00094846,"CHICAGO OHARE INTERNATIONAL AIRPORT, IL US",2019-07-14,28.2,27.1,26.3
USW00094846,"CHICAGO OHARE INTERNATIONAL AIRPORT, IL US",2019-07-15,29.4,28.3,25.8
USW00094846,"CHICAGO OHARE INTERNATIONAL AIRPORT, IL US",2019-07-16,25.4,26.2,25.6
USW00094846,"CHICAGO OHARE INTERNATIONAL AIRPORT, IL US",2019-07-17,29.4,28.2,25.2
USW00094846,"CHICAGO OHARE INTERNATIONAL AIRPORT, IL US",2019-07-18,27.1,27.4,25.7
USW00094846,"CHICAGO OHARE INTERNATIONAL AIRPORT, IL US",2019-07-19,31.3,30.3,29.3
USW00094846,"CHICAGO OHARE INTERNATIONAL AIRPORT, IL US",2019-07-20,30.2,30.4,30.3
USW00094846,"CHICAGO OHARE INTERNATIONAL AIRPORT, IL US",2019-07-21,23.5,24.3,26.3
USW00094846,"CHICAGO OHARE INTERNATIONAL AIRPORT, IL US",2019-07-22,21.1,21.8,20.6
USW00094846,"CHICAGO OHARE INTERNATIONAL AIRPORT, IL US",2019-07-23,22.8,22.3,19.5
USW00094846,"CHICAGO OHARE INTERNATIONAL AIRPORT, IL US",2019-07-24,23.1,22.3,21.4
USW00094846,"CHICAGO OHARE INTERNATIONAL AIRPORT, IL US",2019-07-25,24.6,24.1,21.6
USW00094846,"CHICAGO OHARE INTERNATIONAL AIRPORT, IL US",2019-07-26,25.5,25.1,22.1
USW00094846,"CHICAGO OHARE INTERNATIONAL AIRPORT, IL US",2019-07-27,27.8,27.3,24.4
USW00094846,"CHICAGO OHARE INTERNATIONAL AIRPORT, IL US",2019-07-28,28.2,27.9,25.4
USW00094846,"CHICAGO OHARE INTERNATIONAL AIRPORT, IL US",2019-07-29,25.2,25.9,25.4
USW00094846,"CHICAGO OHARE INTERNATIONAL AIRPORT, IL US",2019-07-30,22.7,22.7,23.6
USW00094846,"CHICAGO OHARE INTERNATIONAL AIRPORT, IL US",2019-07-31,20.7,21,20.5
USW00094846,"CHICAGO OHARE INTERNATIONAL AIRPORT, IL US",2019-08-01,21.7,21.8,18.7
USW00094846,"CHICAGO OHARE INTERNATIONAL AIRPORT, IL US",2019-08-02,23.5,22.8,19.6
USW00094846,"CHICAGO OHARE INTERNATIONAL AIRPORT, IL US",2019-08-03,26,25.2,21.8
USW00094846,"CHICAGO OHARE INTERNATIONAL AIRPORT, IL US",2019-08-04,27.5,26.4,24.4
USW00094846,"CHICAGO OHARE INTERNATIONAL AIRPORT, IL US",2019-08-05,27.8,27.3,25
USW00094846,"CHICAGO OHARE INTERNATIONAL AIRPORT, IL US",2019-08-06,25.5,25.2,24.6
USW00094846,"CHICAGO OHARE INTERNATIONAL AIRPORT, IL US",2019-08-07,26.3,25.8,23.8
USW00094846,"CHICAGO OHARE INTERNATIONAL AIRPORT, IL US",2019-08-08,26.2,25.8,24.4
USW00094846,"CHICAGO OHARE INTERNATIONAL AIRPORT, IL US",2019-08-09,23.7,23.2,21
USW00094846,"CHICAGO OHARE INTERNATIONAL AIRPORT, IL US",2019-08-10,25.8,24.8,20.9
USW00094846,"CHICAGO OHARE INTERNATIONAL AIRPORT, IL US",2019-08-11,24.5,24.3,22
USW00094846,"CHICAGO OHARE INTERNATIONAL AIRPORT, IL US",2019-08-12,26.1,24.9,25.9
USW00094846,"CHICAGO OHARE INTERNATIONAL AIRPORT, IL US",2019-08-13,25.8,25.7,24.7
USW00094846,"CHICAGO OHARE INTERNATIONAL AIRPORT, IL US",2019-08-14,24.6,24,22.4
USW00094846,"CHICAGO OHARE INTERNATIONAL AIRPORT, IL US",2019-08-15,22.6,22.8,22.6
USW00094846,"CHICAGO OHARE INTERNATIONAL AIRPORT, IL US",2019-08-16,24.5,24,21.4
USW00094846,"CHICAGO OHARE INTERNATIONAL AIRPORT, IL US",2019-08-17,22.8,23.1,24
USW00094846,"CHICAGO OHARE INTERNATIONAL AIRPORT, IL US",2019-08-18,24.7,24.7,25.1
USW00094846,"CHICAGO OHARE INTERNATIONAL AIRPORT, IL US",2019-08-19,25.7,25.3,25
USW00094846,"CHICAGO OHARE INTERNATIONAL AIRPORT, IL US",2019-08-20,22.7,23.3,24.6
USW00094846,"CHICAGO OHARE INTERNATIONAL AIRPORT, IL US",2019-08-21,24.4,24.3,24.8
USW00094846,"CHICAGO OHARE INTERNATIONAL AIRPORT, IL US",2019-08-22,21.8,22.1,21.7
USW00094846,"CHICAGO OHARE INTERNATIONAL AIRPORT, IL US",2019-08-23,19.8,20.3,19.2
USW00094846,"CHICAGO OHARE INTERNATIONAL AIRPORT, IL US",2019-08-24,20.6,20.3,18.8
USW00094846,"CHICAGO OHARE INTERNATIONAL AIRPORT, IL US",2019-08-25,21.9,21.1,20
USW00094846,"CHICAGO OHARE INTERNATIONAL AIRPORT, IL US",2019-08-26,21.8,21.4,21.3
USW00094846,"CHICAGO OHARE INTERNATIONAL AIRPORT, IL US",2019-08-27,23,23,21.6
USW00094846,"CHICAGO OHARE INTERNATIONAL AIRPORT, IL US",2019-08-28,20.4,20.6,19.1
USW00094846,"CHICAGO OHARE INTERNATIONAL AIRPORT, IL US",2019-08-29,23.2,23,19.5
USW00094846,"CHICAGO OHARE INTERNATIONAL AIRPORT, IL US",2019-08-30,20,19.8,20.4
USW00094846,"CHICAGO OHARE INTERNATIONAL AIRPORT, IL US",2019-08-31,20.8,20.1,17.5
USW00094846,"CHICAGO OHARE INTERNATIONAL AIRPORT, IL US",2019-09-01,20.4,19.8,18.4
USW00094846,"CHICAGO OHARE INTERNATIONAL AIRPORT, IL US",2019-09-02,23.2,23,20.5
USW00094846,"CHICAGO OHARE INTERNATIONAL AIRPORT, IL US",2019-09-03,23.8,23.9,21.7
USW00094846,"CHICAGO OHARE INTERNATIONAL AIRPORT, IL US",2019-09-04,18.4,18.9,20.5
USW00094846,"CHICAGO OHARE INTERNATIONAL AIRPORT, IL US",2019-09-05,19.4,18.6,16.9
USW00094846,"CHICAGO OHARE INTERNATIONAL AIRPORT, IL US",2019-09-06,19.8,20,19
USW00094846,"CHICAGO OHARE INTERNATIONAL AIRPORT, IL US",2019-09-07,20.8,20.5,18.6
USW00094846,"CHICAGO OHARE INTERNATIONAL AIRPORT, IL US",2019-09-08,18,17.7,18.2
USW00094846,"CHICAGO OHARE INTERNATIONAL AIRPORT, IL US",2019-09-09,21.4,20.4,19.1
USW00094846,"CHICAGO OHARE INTERNATIONAL AIRPORT, IL US",2019-09-10,28.1,26.7,23.6
USW00094846,"CHICAGO OHARE INTERNATIONAL AIRPORT, IL US",2019-09-11,27.1,27.1,26.3
USW00094846,"CHICAGO OHARE INTERNATIONAL AIRPORT, IL US",2019-09-12,22.3,23,24.7
USW00094846,"CHICAGO OHARE INTERNATIONAL AIRPORT, IL US",2019-09-13,21.7,22.1,24.1
USW00094846,"CHICAGO OHARE INTERNATIONAL AIRPORT, IL US",2019-09-14,21.4,21.5,18.3
USW00094846,"CHICAGO OHARE INTERNATIONAL AIRPORT, IL US",2019-09-15,22.3,22,21
USW00094846,"CHICAGO OHARE INTERNATIONAL AIRPORT, IL US",2019-09-16,21.1,21.8,23
USW00094846,"CHICAGO OHARE INTERNATIONAL AIRPORT, IL US",2019-09-17,22.7,22.6,20.6
USW00094846,"CHICAGO OHARE INTERNATIONAL AIRPORT, IL US",2019-09-18,23.4,22.9,20.4
USW00094846,"CHICAGO OHARE INTERNATIONAL AIRPORT, IL US",2019-09-19,23.9,23.6,21
USW00094846,"CHICAGO OHARE INTERNATIONAL AIRPORT, IL US",2019-09-20,25.4,24.8,23.3
USW00094846,"CHICAGO OHARE INTERNATIONAL AIRPORT, IL US",2019-09-21,24.1,24.2,23.6
USW00094846,"CHICAGO OHARE INTERNATIONAL AIRPORT, IL US",2019-09-22,22.6,22.9,23.1
USW00094846,"CHICAGO OHARE INTERNATIONAL AIRPORT, IL US",2019-09-23,20,20.4,19.9
USW00094846,"CHICAGO OHARE INTERNATIONAL AIRPORT, IL US",2019-09-24,21.5,21.2,17.6
USW00094846,"CHICAGO OHARE INTERNATIONAL AIRPORT, IL US",2019-09-25,22.4,22.5,19.6
USW00094846,"CHICAGO OHARE INTERNATIONAL AIRPORT, IL US",2019-09-26,18.7,19,17.3
USW00094846,"CHICAGO OHARE INTERNATIONAL AIRPORT, IL US",2019-09-27,18.2,18,16.9
USW00094846,"CHICAGO OHARE INTERNATIONAL AIRPORT, IL US",2019-09-28,16.1,16.9,20.3
USW00094846,"CHICAGO OHARE INTERNATIONAL AIRPORT, IL US",2019-09-29,17.6,17.3,17.8
USW00094846,"CHICAGO OHARE INTERNATIONAL AIRPORT, IL US",2019-09-30,24.6,24,22.4
USW00094846,"CHICAGO OHARE INTERNATIONAL AIRPORT, IL US",2019-10-01,26.1,25.9,24.6
USW00094846,"CHICAGO OHARE INTERNATIONAL AIRPORT, IL US",2019-10-02,17.6,18.2,20.3
USW00094846,"CHICAGO OHARE INTERNATIONAL AIRPORT, IL US",2019-10-03,15.5,16.4,17
USW00094846,"CHICAGO OHARE INTERNATIONAL AIRPORT, IL US",2019-10-04,11.6,12.3,12
USW00094846,"CHICAGO OHARE INTERNATIONAL AIRPORT, IL US",2019-10-05,13.9,13.9,12.2
USW00094846,"CHICAGO OHARE INTERNATIONAL AIRPORT, IL US",2019-10-06,15.5,15.7,14.4
USW00094846,"CHICAGO OHARE INTERNATIONAL AIRPORT, IL US",2019-10-07,16,16,13.3
USW00094846,"CHICAGO OHARE INTERNATIONAL AIRPORT, IL US",2019-10-08,15.9,15.7,13.2
USW00094846,"CHICAGO OHARE INTERNATIONAL AIRPORT, IL US",2019-10-09,16.7,16.3,13.5
USW00094846,"CHICAGO OHARE INTERNATIONAL AIRPORT, IL US",2019-10-10,17.6,17,15.3
USW00094846,"CHICAGO OHARE INTERNATIONAL AIRPORT, IL US",2019-10-11,13.3,14.6,17.1
USW00094846,"CHICAGO OHARE INTERNATIONAL AIRPORT, IL US",2019-10-12,8.1,8.8,5.6
USW00094846,"CHICAGO OHARE INTERNATIONAL AIRPORT, IL US",2019-10-13,7.8,8.3,7.1
USW00094846,"CHICAGO OHARE INTERNATIONAL AIRPORT, IL US",2019-10-14,8.5,8.6,7
USW00094846,"CHICAGO OHARE INTERNATIONAL AIRPORT, IL US",2019-10-15,12.1,11.8,9.1
USW00094846,"CHICAGO OHARE INTERNATIONAL AIRPORT, IL US",2019-10-16,8.7,9.6,9.8
USW00094846,"CHICAGO OHARE INTERNATIONAL AIRPORT, IL US",2019-10-17,9.1,9.4,8.2
USW00094846,"CHICAGO OHARE INTERNATIONAL AIRPORT, IL US",2019-10-18,10.4,10,9.4
USW00094846,"CHICAGO OHARE INTERNATIONAL AIRPORT, IL US",2019-10-19,14.8,14,10
USW00094846,"CHICAGO OHARE INTERNATIONAL AIRPORT, IL US",2019-10-20,13.9,13.8,14.1
USW00094846,"CHICAGO OHARE INTERNATIONAL AIRPORT, IL US",2019-10-21,15.7,15.4,12.6
USW00094846,"CHICAGO OHARE INTERNATIONAL AIRPORT, IL US",2019-10-22,9.1,9.8,10.2
USW00094846,"CHICAGO OHARE INTERNATIONAL AIRPORT, IL US",2019-10-23,10.3,10.4,7.6
USW00094846,"CHICAGO OHARE INTERNATIONAL AIRPORT, IL US",2019-10-24,8.3,8.2,8.4
USW00094846,"CHICAGO OHARE INTERNATIONAL AIRPORT, IL US",2019-10-25,6.5,7.1,6.6
USW00094846,"CHICAGO OHARE INTERNATIONAL AIRPORT, IL US",2019-10-26,6.3,6.4,6.1
USW00094846,"CHICAGO OHARE INTERNATIONAL AIRPORT, IL US",2019-10-27,10.9,10.4,9.7
USW00094846,"CHICAGO OHARE INTERNATIONAL AIRPORT, IL US",2019-10-28,7.7,8.1,9
USW00094846,"CHICAGO OHARE INTERNATIONAL AIRPORT, IL US",2019-10-29,5,5,6.3
USW00094846,"CHICAGO OHARE INTERNATIONAL AIRPORT, IL US",2019-10-30,3,3.3,4
USW00094846,"CHICAGO OHARE INTERNATIONAL AIRPORT, IL US",2019-10-31,-1.1,-0.2,4
USW00094846,"CHICAGO OHARE INTERNATIONAL AIRPORT, IL US",2019-11-01,2.1,1.4,-0.4
USW00094846,"CHICAGO OHARE INTERNATIONAL AIRPORT, IL US",2019-11-02,3.2,3,2.5
USW00094846,"CHICAGO OHARE INTERNATIONAL AIRPORT, IL US",2019-11-03,6.7,6.1,4.1
USW00094846,"CHICAGO OHARE INTERNATIONAL AIRPORT, IL US",2019-11-04,7.7,7.8,7.4
USW00094846,"CHICAGO OHARE INTERNATIONAL AIRPORT, IL US",2019-11-05,2.3,3.1,5.1
USW00094846,"CHICAGO OHARE INTERNATIONAL AIRPORT, IL US",2019-11-06,7.1,6.5,3.2
USW00094846,"CHICAGO OHARE INTERNATIONAL AIRPORT, IL US",2019-11-07,-2.9,-1.6,0.4
USW00094846,"CHICAGO OHARE INTERNATIONAL AIRPORT, IL US",2019-11-08,-3.5,-3.2,-3.2
USW00094846,"CHICAGO OHARE INTERNATIONAL AIRPORT, IL US",2019-11-09,3.7,2.5,0.7
USW00094846,"CHICAGO OHARE INTERNATIONAL AIRPORT, IL US",2019-11-10,3.9,3.9,3
USW00094846,"CHICAGO OHARE INTERNATIONAL AIRPORT, IL US",2019-11-11,-3.8,-3,2
USW00094846,"CHICAGO OHARE INTERNATIONAL AIRPORT, IL US",2019-11-12,-10.4,-9.7,-7.6
USW00094846,"CHICAGO OHARE INTERNATIONAL AIRPORT, IL US",2019-11-13,-6.2,-6.7,-7.5
USW00094846,"CHICAGO OHARE INTERNATIONAL AIRPORT, IL US",2019-11-14,-2.3,-3,-2.2
USW00094846,"CHICAGO OHARE INTERNATIONAL AIRPORT, IL US",2019-11-15,-0.2,-0.5,-3.4
USW00094846,"CHICAGO OHARE INTERNATIONAL AIRPORT, IL US",2019-11-16,2.1,1.3,-0.2
USW00094846,"CHICAGO OHARE INTERNATIONAL AIRPORT, IL US",2019-11-17,1.6,1.6,0.3
USW00094846,"CHICAGO OHARE INTERNATIONAL AIRPORT, IL US",2019-11-18,3.1,2.9,2.8
USW00094846,"CHICAGO OHARE INTERNATIONAL AIRPORT, IL US",2019-11-19,3.7,3.5,2.5
USW00094846,"CHICAGO OHARE INTERNATIONAL AIRPORT, IL US",2019-11-20,6.3,6.2,3.9
USW00094846,"CHICAGO OHARE INTERNATIONAL AIRPORT, IL US",2019-11-21,8.5,8.7,6.3
USW00094846,"CHICAGO OHARE INTERNATIONAL AIRPORT, IL US",2019-11-22,1.2,1.4,1.7
USW00094846,"CHICAGO OHARE INTERNATIONAL AIRPORT, IL US",2019-11-23,1,1.2,0.4
USW00094846,"CHICAGO OHARE INTERNATIONAL AIRPORT, IL US",2019-11-24,6.1,5.7,1.5
USW00094846,"CHICAGO OHARE INTERNATIONAL AIRPORT, IL US",2019-11-25,8.2,8.1,4.5
USW00094846,"CHICAGO OHARE INTERNATIONAL AIRPORT, IL US",2019-11-26,6.1,6.5,3.8
USW00094846,"CHICAGO OHARE INTERNATIONAL AIRPORT, IL US",2019-11-27,8,7.2,6
USW00094846,"CHICAGO OHARE INTERNATIONAL AIRPORT, IL US",2019-11-28,1.5,1.8,1.9
USW00094846,"CHICAGO OHARE INTERNATIONAL AIRPORT, IL US",2019-11-29,2.9,2.7,3
USW00094846,"CHICAGO OHARE INTERNATIONAL AIRPORT, IL US",2019-11-30,3.5,3.5,3.4
USW00094846,"CHICAGO OHARE INTERNATIONAL AIRPORT, IL US",2019-12-01,2.8,3.5,4
USW00094846,"CHICAGO OHARE INTERNATIONAL AIRPORT, IL US",2019-12-02,0.4,0.5,1.5
USW00094846,"CHICAGO OHARE INTERNATIONAL AIRPORT, IL US",2019-12-03,2,1.8,0.8
USW00094846,"CHICAGO OHARE INTERNATIONAL AIRPORT, IL US",2019-12-04,3.5,3.4,1.3
USW00094846,"CHICAGO OHARE INTERNATIONAL AIRPORT, IL US",2019-12-05,3.3,3.3,0.7
USW00094846,"CHICAGO OHARE INTERNATIONAL AIRPORT, IL US",2019-12-06,2.3,2,1
USW00094846,"CHICAGO OHARE INTERNATIONAL AIRPORT, IL US",2019-12-07,0.2,0.2,-0.5
USW00094846,"CHICAGO OHARE INTERNATIONAL AIRPORT, IL US",2019-12-08,5.5,4.5,1
USW00094846,"CHICAGO OHARE INTERNATIONAL AIRPORT, IL US",2019-12-09,3.3,4.5,5.5
USW00094846,"CHICAGO OHARE INTERNATIONAL AIRPORT, IL US",2019-12-10,-6.5,-5.6,-2.8
USW00094846,"CHICAGO OHARE INTERNATIONAL AIRPORT, IL US",2019-12-11,-6.7,-6.4,-7.1
USW00094846,"CHICAGO OHARE INTERNATIONAL AIRPORT, IL US",2019-12-12,1.6,0.3,-4.4
USW00094846,"CHICAGO OHARE INTERNATIONAL AIRPORT, IL US",2019-12-13,4.8,3.8,0.2
USW00094846,"CHICAGO OHARE INTERNATIONAL AIRPORT, IL US",2019-12-14,-0.7,-0.4,0.3
USW00094846,"CHICAGO OHARE INTERNATIONAL AIRPORT, IL US",2019-12-15,-4.7,-4.5,-3.6
USW00094846,"CHICAGO OHARE INTERNATIONAL AIRPORT, IL US",2019-12-16,-2.3,-2.7,-2.2
USW00094846,"CHICAGO OHARE INTERNATIONAL AIRPORT, IL US",2019-12-17,-3.8,-3.4,-2.4
USW00094846,"CHICAGO OHARE INTERNATIONAL AIRPORT, IL US",2019-12-18,-6.4,-6.6,-7.1
USW00094846,"CHICAGO OHARE INTERNATIONAL AIRPORT, IL US",2019-12-19,-2.6,-2.8,-7.1
USW00094846,"CHICAGO OHARE INTERNATIONAL AIRPORT, IL US",2019-12-20,1.1,0.4,-2.9
USW00094846,"CHICAGO OHARE INTERNATIONAL AIRPORT, IL US",2019-12-21,5,3.9,0
USW00094846,"CHICAGO OHARE INTERNATIONAL AIRPORT, IL US",2019-12-22,7,6.5,1
USW00094846,"CHICAGO OHARE INTERNATIONAL AIRPORT, IL US",2019-12-23,7,6.7,1.2
USW00094846,"CHICAGO OHARE INTERNATIONAL AIRPORT, IL US",2019-12-24,7.4,6.9,2.2
USW00094846,"CHICAGO OHARE INTERNATIONAL AIRPORT, IL US",2019-12-25,9.5,9.6,2.5
USW00094846,"CHICAGO OHARE INTERNATIONAL AIRPORT, IL US",2019-12-26,10.9,11.2,6.2
USW00094846,"CHICAGO OHARE INTERNATIONAL AIRPORT, IL US",2019-12-27,0.9,2.6,3.2
USW00094846,"CHICAGO OHARE INTERNATIONAL AIRPORT, IL US",2019-12-28,4.3,4.8,1.7
USW00094846,"CHICAGO OHARE INTERNATIONAL AIRPORT, IL US",2019-12-29,11.7,10.3,9
USW00094846,"CHICAGO OHARE INTERNATIONAL AIRPORT, IL US",2019-12-30,4,3.6,5.9
USW00094846,"CHICAGO OHARE INTERNATIONAL AIRPORT, IL US",2019-12-31,-3,-2.7,-1.6
USW00014819,"CHICAGO MIDWAY AIRPORT, IL US",2019-01-01,0.3,0.2,1.8
USW00014819,"CHICAGO MIDWAY AIRPORT, IL US",2019-01-02,-1.1,-1,-0.5
USW00014819,"CHICAGO MIDWAY AIRPORT, IL US",2019-01-03,1.5,0.7,-0.6
USW00014819,"CHICAGO MIDWAY AIRPORT, IL US",2019-01-04,6.1,5,0.6
USW00014819,"CHICAGO MIDWAY AIRPORT, IL US",2019-01-05,6.9,6.8,1.3
USW00014819,"CHICAGO MIDWAY AIRPORT, IL US",2019-01-06,4.5,4.1,1.9
USW00014819,"CHICAGO MIDWAY AIRPORT, IL US",2019-01-07,9.7,8.4,5.4
USW00014819,"CHICAGO MIDWAY AIRPORT, IL US",2019-01-08,3.8,4.4,6.2
USW00014819,"CHICAGO MIDWAY AIRPORT, IL US",2019-01-09,-5.2,-4.3,-2
USW00014819,"CHICAGO MIDWAY AIRPORT, IL US",2019-01-10,-6,-5.8,-3.8
USW00014819,"CHICAGO MIDWAY AIRPORT, IL US",2019-01-11,-2.5,-3.2,-2.9
USW00014819,"CHICAGO MIDWAY AIRPORT, IL US",2019-01-12,-0.4,-1.3,-0.7
USW00014819,"CHICAGO MIDWAY AIRPORT, IL US",2019-01-13,-1.1,-1.4,-1.3
USW00014819,"CHICAGO MIDWAY AIRPORT, IL US",2019-01-14,-3.6,-3.5,-4
USW00014819,"CHICAGO MIDWAY AIRPORT, IL US",2019-01-15,-1.1,-1.6,-4.3
USW00014819,"CHICAGO MIDWAY AIRPORT, IL US",2019-01-16,0.4,0,-2.8
USW00014819,"CHICAGO MIDWAY AIRPORT, IL US",2019-01-17,0.7,0.3,-2.7
USW00014819,"CHICAGO MIDWAY AIRPORT, IL US",2019-01-18,-0.6,-0.5,-1.5
USW00014819,"CHICAGO MIDWAY AIRPORT, IL US",2019-01-19,-4.6,-3.9,-2.3
USW00014819,"CHICAGO MIDWAY AIRPORT, IL US",2019-01-20,-10.1,-9.6,-6.7
USW00014819,"CHICAGO MIDWAY AIRPORT, IL US",2019-01-21,-10.8,-10.7,-9.2
USW00014819,"CHICAGO MIDWAY AIRPORT, IL US",2019-01-22,-2.8,-4.2,-8.7
USW00014819,"CHICAGO MIDWAY AIRPORT, IL US",2019-01-23,-1.3,-1.4,-0.4
USW00014819,"CHICAGO MIDWAY AIRPORT, IL US",2019-01-24,-9.3,-8.2,-7.7
USW00014819,"CHICAGO MIDWAY AIRPORT, IL US",2019-01-25,-16.4,-15.9,-13.3
USW00014819,"CHICAGO MIDWAY AIRPORT, IL US",2019-01-26,-14.4,-14.4,-12.3
USW00014819,"CHICAGO MIDWAY AIRPORT, IL US",2019-01-27,-14.1,-12.5,-10.4
USW00014819,"CHICAGO MIDWAY AIRPORT, IL US",2019-01-28,-4,-5.3,-7.4
USW00014819,"CHICAGO MIDWAY AIRPORT, IL US",2019-01-29,-16,-14.6,-10.4
USW00014819,"CHICAGO MIDWAY AIRPORT, IL US",2019-01-30,-25.5,-24.8,-22.1
USW00014819,"CHICAGO MIDWAY AIRPORT, IL US",2019-01-31,-21.4,-20.8,-24.7
USW00014819,"CHICAGO MIDWAY AIRPORT, IL US",2019-02-01,-10.2,-11.9,-13.2
USW00014819,"CHICAGO MIDWAY AIRPORT, IL US",2019-02-02,-0.6,-1.8,-7.4
USW00014819,"CHICAGO MIDWAY AIRPORT, IL US",2019-02-03,7,5.7,0.7
USW00014819,"CHICAGO MIDWAY AIRPORT, IL US",2019-02-04,6,6.6,3.4
USW00014819,"CHICAGO MIDWAY AIRPORT, IL US",2019-02-05,-0.4,-0,-0.4
USW00014819,"CHICAGO MIDWAY AIRPORT, IL US",2019-02-06,2.2,2.3,2.7
USW00014819,"CHICAGO MIDWAY AIRPORT, IL US",2019-02-07,0.2,1.4,6.6
USW00014819,"CHICAGO MIDWAY AIRPORT, IL US",2019-02-08,-11.5,-10.8,-7.8
USW00014819,"CHICAGO MIDWAY AIRPORT, IL US",2019-02-09,-7.4,-8.2,-10.5
USW00014819,"CHICAGO MIDWAY AIRPORT, IL US",2019-02-10,-2.9,-4.7,-4
USW00014819,"CHICAGO MIDWAY AIRPORT, IL US",2019-02-11,-0.6,-1.4,0
USW00014819,"CHICAGO MIDWAY AIRPORT, IL US",2019-02-12,-2,-1.7,0.8
USW00014819,"CHICAGO MIDWAY AIRPORT, IL US",2019-02-13,-4.7,-4.5,-3
USW00014819,"CHICAGO MIDWAY AIRPORT, IL US",2019-02-14,4.3,2.6,1
USW00014819,"CHICAGO MIDWAY AIRPORT, IL US",2019-02-15,-4.2,-4.7,-2.6
USW00014819,"CHICAGO MIDWAY AIRPORT, IL US",2019-02-16,-3.6,-4.7,-4.3
USW00014819,"CHICAGO MIDWAY AIRPORT, IL US",2019-02-17,-2.5,-3.1,-2.4
USW00014819,"CHICAGO MIDWAY AIRPORT, IL US",2019-02-18,-2.5,-2.8,-1.8
USW00014819,"CHICAGO MIDWAY AIRPORT, IL US",2019-02-19,-3.5,-3.8,-3.6
USW00014819,"CHICAGO MIDWAY AIRPORT, IL US",2019-02-20,1.1,-0.2,-1.2
USW00014819,"CHICAGO MIDWAY AIRPORT, IL US",2019-02-21,-0.2,-0.3,-0.4
USW00014819,"CHICAGO MIDWAY AIRPORT, IL US",2019-02-22,0.1,-0,-1.2
USW00014819,"CHICAGO MIDWAY AIRPORT, IL US",2019-02-23,6.4,5.1,0.4
USW00014819,"CHICAGO MIDWAY AIRPORT, IL US",2019-02-24,0.8,1.7,3.5
USW00014819,"CHICAGO MIDWAY AIRPORT, IL US",2019-02-25,-8.2,-7.8,-8.8
USW00014819,"CHICAGO MIDWAY AIRPORT, IL US",2019-02-26,-5.3,-6.3,-5.8
USW00014819,"CHICAGO MIDWAY AIRPORT, IL US",2019-02-27,-3.2,-3.7,-1.7
USW00014819,"CHICAGO MIDWAY AIRPORT, IL US",2019-02-28,-5.4,-5.4,-5.3
USW00014819,"CHICAGO MIDWAY AIRPORT, IL US",2019-03-01,-0.8,-1.8,-1.5
USW00014819,"CHICAGO MIDWAY AIRPORT, IL US",2019-03-02,0.2,-0.5,-0.6
USW00014819,"CHICAGO MIDWAY AIRPORT, IL US",2019-03-03,-6.9,-5.9,-3
USW00014819,"CHICAGO MIDWAY AIRPORT, IL US",2019-03-04,-13,-12.6,-12.4
USW00014819,"CHICAGO MIDWAY AIRPORT, IL US",2019-03-05,-8.3,-10.2,-10
USW00014819,"CHICAGO MIDWAY AIRPORT, IL US",2019-03-06,-4.8,-5.7,-7.7
USW00014819,"CHICAGO MIDWAY AIRPORT, IL US",2019-03-07,-4.7,-4.9,-4.8
USW00014819,"CHICAGO MIDWAY AIRPORT, IL US",2019-03-08,0.4,-0.1,-1.1
USW00014819,"CHICAGO MIDWAY AIRPORT, IL US",2019-03-09,3.4,2.8,1
USW00014819,"CHICAGO MIDWAY AIRPORT, IL US",2019-03-10,2,2.2,3.4
USW00014819,"CHICAGO MIDWAY AIRPORT, IL US",2019-03-11,2.9,2.5,0.9
USW00014819,"CHICAGO MIDWAY AIRPORT, IL US",2019-03-12,4.4,3.9,1.4
USW00014819,"CHICAGO MIDWAY AIRPORT, IL US",2019-03-13,11.7,9.5,7.2
USW00014819,"CHICAGO MIDWAY AIRPORT, IL US",2019-03-14,12.5,12.1,14.7
USW00014819,"CHICAGO MIDWAY AIRPORT, IL US",2019-03-15,2.7,4.3,4.4
USW00014819,"CHICAGO MIDWAY AIRPORT, IL US",2019-03-16,3.1,2.7,1.3
USW00014819,"CHICAGO MIDWAY AIRPORT, IL US",2019-03-17,3.7,3.1,1.3
USW00014819,"CHICAGO MIDWAY AIRPORT, IL US",2019-03-18,3.5,3.2,2.6
USW00014819,"CHICAGO MIDWAY AIRPORT, IL US",2019-03-19,5.7,5.2,4.1
USW00014819,"CHICAGO MIDWAY AIRPORT, IL US",2019-03-20,6.1,5.2,4.2
USW00014819,"CHICAGO MIDWAY AIRPORT, IL US",2019-03-21,5.8,5.3,5.8
USW00014819,"CHICAGO MIDWAY AIRPORT, IL US",2019-03-22,4.8,4.3,3.7
USW00014819,"CHICAGO MIDWAY AIRPORT, IL US",2019-03-23,6,5.4,1.8
USW00014819,"CHICAGO MIDWAY AIRPORT, IL US",2019-03-24,7.3,6.4,5
USW00014819,"CHICAGO MIDWAY AIRPORT, IL US",2019-03-25,3.3,3.3,4.1
USW00014819,"CHICAGO MIDWAY AIRPORT, IL US",2019-03-26,3.7,3.3,1.4
USW00014819,"CHICAGO MIDWAY AIRPORT, IL US",2019-03-27,8.9,7.8,4
USW00014819,"CHICAGO MIDWAY AIRPORT, IL US",2019-03-28,11.5,11.9,9.2
USW00014819,"CHICAGO MIDWAY AIRPORT, IL US",2019-03-29,9.3,9.3,10.1
USW00014819,"CHICAGO MIDWAY AIRPORT, IL US",2019-03-30,3.9,5,4.8
USW00014819,"CHICAGO MIDWAY AIRPORT, IL US",2019-03-31,1,1,0.5
USW00014819,"CHICAGO MIDWAY AIRPORT, IL US",2019-04-01,4.6,4.2,1.6
USW00014819,"CHICAGO MIDWAY AIRPORT, IL US",2019-04-02,9.7,8.6,4.7
USW00014819,"CHICAGO MIDWAY AIRPORT, IL US",2019-04-03,10.2,10,6.3
USW00014819,"CHICAGO MIDWAY AIRPORT, IL US",2019-04-04,7.1,7.5,7.6
USW00014819,"CHICAGO MIDWAY AIRPORT, IL US",2019-04-05,10.4,9,9.2
USW00014819,"CHICAGO MIDWAY AIRPORT, IL US",2019-04-06,13.1,12,12.1
USW00014819,"CHICAGO MIDWAY AIRPORT, IL US",2019-04-07,17.4,16.3,15.6
USW00014819,"CHICAGO MIDWAY AIRPORT, IL US",2019-04-08,18.7,17.8,17
USW00014819,"CHICAGO MIDWAY AIRPORT, IL US",2019-04-09,14.1,14.4,13.5
USW00014819,"CHICAGO MIDWAY AIRPORT, IL US",2019-04-10,4.3,5.2,7.7
USW00014819,"CHICAGO MIDWAY AIRPORT, IL US",2019-04-11,11.3,9.7,9.3
USW00014819,"CHICAGO MIDWAY AIRPORT, IL US",2019-04-12,8.9,9.4,13.7
USW00014819,"CHICAGO MIDWAY AIRPORT, IL US",2019-04-13,8.5,8.2,6.7
USW00014819,"CHICAGO MIDWAY AIRPORT, IL US",2019-04-14,2.9,3.1,4.6
USW00014819,"CHICAGO MIDWAY AIRPORT, IL US",2019-04-15,7.2,6.6,4.3
USW00014819,"CHICAGO MIDWAY AIRPORT, IL US",2019-04-16,17.8,15.2,11.6
USW00014819,"CHICAGO MIDWAY AIRPORT, IL US",2019-04-17,18.7,18.1,16.9
USW00014819,"CHICAGO MIDWAY AIRPORT, IL US",2019-04-18,13.7,13.9,16.3
USW00014819,"CHICAGO MIDWAY AIRPORT, IL US",2019-04-19,7.7,8,7.2
USW00014819,"CHICAGO MIDWAY AIRPORT, IL US",2019-04-20,13.1,11.7,6.3
USW00014819,"CHICAGO MIDWAY AIRPORT, IL US",2019-04-21,18.4,17,11
USW00014819,"CHICAGO MIDWAY AIRPORT, IL US",2019-04-22,21.9,20.8,15.5
USW00014819,"CHICAGO MIDWAY AIRPORT, IL US",2019-04-23,15.4,15.5,16.9
USW00014819,"CHICAGO MIDWAY AIRPORT, IL US",2019-04-24,13.9,12.3,10
USW00014819,"CHICAGO MIDWAY AIRPORT, IL US",2019-04-25,14.7,13.8,15
USW00014819,"CHICAGO MIDWAY AIRPORT, IL US",2019-04-26,15,14.6,13.5
USW00014819,"CHICAGO MIDWAY AIRPORT, IL US",2019-04-27,6.7,6.6,7.1
USW00014819,"CHICAGO MIDWAY AIRPORT, IL US",2019-04-28,7.2,7.1,5.9
USW00014819,"CHICAGO MIDWAY AIRPORT, IL US",2019-04-29,9.5,9.3,8.9
USW00014819,"CHICAGO MIDWAY AIRPORT, IL US",2019-04-30,7.8,7.6,8.5
USW00014819,"CHICAGO MIDWAY AIRPORT, IL US",2019-05-01,12.6,11.7,13.3
USW00014819,"CHICAGO MIDWAY AIRPORT, IL US",2019-05-02,8.1,8.2,15
USW00014819,"CHICAGO MIDWAY AIRPORT, IL US",2019-05-03,11.1,9.8,12.6
USW00014819,"CHICAGO MIDWAY AIRPORT, IL US",2019-05-04,12,11.4,11.4
USW00014819,"CHICAGO MIDWAY AIRPORT, IL US",2019-05-05,16.8,16.3,13.2
USW00014819,"CHICAGO MIDWAY AIRPORT, IL US",2019-05-06,16.7,17.1,16.8
USW00014819,"CHICAGO MIDWAY AIRPORT, IL US",2019-05-07,8.9,9.9,11.1
USW00014819,"CHICAGO MIDWAY AIRPORT, IL US",2019-05-08,18.1,15.4,10.5
USW00014819,"CHICAGO MIDWAY AIRPORT, IL US",2019-05-09,16.2,15.7,19.9
USW00014819,"CHICAGO MIDWAY AIRPORT, IL US",2019-05-10,10.9,10.7,11.5
USW00014819,"CHICAGO MIDWAY AIRPORT, IL US",2019-05-11,10.2,9.8,7.5
USW00014819,"CHICAGO MIDWAY AIRPORT, IL US",2019-05-12,9.5,9.5,8.1
USW00014819,"CHICAGO MIDWAY AIRPORT, IL US",2019-05-13,12.2,11.3,9.7
USW00014819,"CHICAGO MIDWAY AIRPORT, IL US",2019-05-14,15.2,14.4,12.1
USW00014819,"CHICAGO MIDWAY AIRPORT, IL US",2019-05-15,19.5,18.6,17.3
USW00014819,"CHICAGO MIDWAY AIRPORT, IL US",2019-05-16,20.7,20.2,19.3
USW00014819,"CHICAGO MIDWAY AIRPORT, IL US",2019-05-17,15.6,15.5,20.6
USW00014819,"CHICAGO MIDWAY AIRPORT, IL US",2019-05-18,20,18.5,18.6
USW00014819,"CHICAGO MIDWAY AIRPORT, IL US",2019-05-19,19.1,18.9,22.1
USW00014819,"CHICAGO MIDWAY AIRPORT, IL US",2019-05-20,11.7,12.6,13.5
USW00014819,"CHICAGO MIDWAY AIRPORT, IL US",2019-05-23,21.8,20.9,22.4
USW00014819,"CHICAGO MIDWAY AIRPORT, IL US",2019-05-24,20.8,19.9,17.7
USW00014819,"CHICAGO MIDWAY AIRPORT, IL US",2019-05-25,25.9,24.2,24.8
USW00014819,"CHICAGO MIDWAY AIRPORT, IL US",2019-05-26,20.4,20.7,23.2
USW00014819,"CHICAGO MIDWAY AIRPORT, IL US",2019-05-27,19.8,19.4,18.8
USW00014819,"CHICAGO MIDWAY AIRPORT, IL US",2019-05-28,17.5,17.8,21.9
USW00014819,"CHICAGO MIDWAY AIRPORT, IL US",2019-05-29,18.5,17.7,17.9
USW00014819,"CHICAGO MIDWAY AIRPORT, IL US",2019-05-30,22.5,21.2,20.6
USW00014819,"CHICAGO MIDWAY AIRPORT, IL US",2019-05-31,23.5,23,20.2
USW00014819,"CHICAGO MIDWAY AIRPORT, IL US",2019-06-01,21.7,21.8,22.6
USW00014819,"CHICAGO MIDWAY AIRPORT, IL US",2019-06-02,17.1,17.3,18
USW00014819,"CHICAGO MIDWAY AIRPORT, IL US",2019-06-03,16.3,15.9,15.4
USW00014819,"CHICAGO MIDWAY AIRPORT, IL US",2019-06-04,23.3,22,18.2
USW00014819,"CHICAGO MIDWAY AIRPORT, IL US",2019-06-05,24.3,23.5,22.8
USW00014819,"CHICAGO MIDWAY AIRPORT, IL US",2019-06-06,20.3,19.4,20.9
USW00014819,"CHICAGO MIDWAY AIRPORT, IL US",2019-06-07,21.7,20.4,20.5
USW00014819,"CHICAGO MIDWAY AIRPORT, IL US",2019-06-08,22,20.6,20
USW00014819,"CHICAGO MIDWAY AIRPORT, IL US",2019-06-09,21,20.7,20.4
USW00014819,"CHICAGO MIDWAY AIRPORT, IL US",2019-06-10,21.1,20.3,19.4
USW00014819,"CHICAGO MIDWAY AIRPORT, IL US",2019-06-11,22.5,21.5,17.8
USW00014819,"CHICAGO MIDWAY AIRPORT, IL US",2019-06-12,19.2,20.3,18.8
USW00014819,"CHICAGO MIDWAY AIRPORT, IL US",2019-06-13,16.9,16.2,15.6
USW00014819,"CHICAGO MIDWAY AIRPORT, IL US",2019-06-14,20.9,19.9,15.2
USW00014819,"CHICAGO MIDWAY AIRPORT, IL US",2019-06-15,18.6,18.4,19.3
USW00014819,"CHICAGO MIDWAY AIRPORT, IL US",2019-06-16,17,16.4,19.6
USW00014819,"CHICAGO MIDWAY AIRPORT, IL US",2019-06-17,17.4,16.8,17.6
USW00014819,"CHICAGO MIDWAY AIRPORT, IL US",2019-06-18,21.5,20.1,20.1
USW00014819,"CHICAGO MIDWAY AIRPORT, IL US",2019-06-19,19.7,19.3,21.1
USW00014819,"CHICAGO MIDWAY AIRPORT, IL US",2019-06-20,17.8,17.9,17.9
USW00014819,"CHICAGO MIDWAY AIRPORT, IL US",2019-06-21,18.1,17.6,17.5
USW00014819,"CHICAGO MIDWAY AIRPORT, IL US",2019-06-22,22.8,21.2,19.9
USW00014819,"CHICAGO MIDWAY AIRPORT, IL US",2019-06-23,24.3,23.5,22.6
USW00014819,"CHICAGO MIDWAY AIRPORT, IL US",2019-06-24,23.5,23.3,23.5
USW00014819,"CHICAGO MIDWAY AIRPORT, IL US",2019-06-25,25.3,24.3,21.5
USW00014819,"CHICAGO MIDWAY AIRPORT, IL US",2019-06-26,27.8,26.2,24.1
USW00014819,"CHICAGO MIDWAY AIRPORT, IL US",2019-06-27,27.6,26.3,27.1
USW00014819,"CHICAGO MIDWAY AIRPORT, IL US",2019-06-28,28.6,27.6,26.1
USW00014819,"CHICAGO MIDWAY AIRPORT, IL US",2019-06-29,27.3,26.3,26.4
USW00014819,"CHICAGO MIDWAY AIRPORT, IL US",2019-06-30,28,27.1,27.3
USW00014819,"CHICAGO MIDWAY AIRPORT, IL US",2019-07-01,28.2,27.4,26.5
USW00014819,"CHICAGO MIDWAY AIRPORT, IL US",2019-07-02,28.7,28.6,27.4
USW00014819,"CHICAGO MIDWAY AIRPORT, IL US",2019-07-03,26.7,26.4,27.7
USW00014819,"CHICAGO MIDWAY AIRPORT, IL US",2019-07-04,28.2,27.8,26.7
USW00014819,"CHICAGO MIDWAY AIRPORT, IL US",2019-07-05,29.8,29.3,27.1
USW00014819,"CHICAGO MIDWAY AIRPORT, IL US",2019-07-06,26.5,25.8,26.8
USW00014819,"CHICAGO MIDWAY AIRPORT, IL US",2019-07-07,23.5,22.9,21.7
USW00014819,"CHICAGO MIDWAY AIRPORT, IL US",2019-07-08,24.4,23.3,20.7
USW00014819,"CHICAGO MIDWAY AIRPORT, IL US",2019-07-09,26.9,25.6,22.2
USW00014819,"CHICAGO MIDWAY AIRPORT, IL US",2019-07-10,31.2,29.8,27.6
USW00014819,"CHICAGO MIDWAY AIRPORT, IL US",2019-07-11,24.7,24.8,24.5
USW00014819,"CHICAGO MIDWAY AIRPORT, IL US",2019-07-12,25.1,24.5,20.5
USW00014819,"CHICAGO MIDWAY AIRPORT, IL US",2019-07-13,29.8,28.6,23.5
USW00014819,"CHICAGO MIDWAY AIRPORT, IL US",2019-07-14,28.5,27.6,27.2
USW00014819,"CHICAGO MIDWAY AIRPORT, IL US",2019-07-15,29.6,28.6,26.5
USW00014819,"CHICAGO MIDWAY AIRPORT, IL US",2019-07-16,26.3,26.3,25.1
USW00014819,"CHICAGO MIDWAY AIRPORT, IL US",2019-07-17,29.1,28,24.9
USW00014819,"CHICAGO MIDWAY AIRPORT, IL US",2019-07-18,27.4,27.7,26.5
USW00014819,"CHICAGO MIDWAY AIRPORT, IL US",2019-07-19,31.9,30.8,29.3
USW00014819,"CHICAGO MIDWAY AIRPORT, IL US",2019-07-20,31.5,30.8,30.2
USW00014819,"CHICAGO MIDWAY AIRPORT, IL US",2019-07-21,24.7,24.9,26.8
USW00014819,"CHICAGO MIDWAY AIRPORT, IL US",2019-07-22,21.6,22,21.3
USW00014819,"CHICAGO MIDWAY AIRPORT, IL US",2019-07-23,23.1,22.4,19.2
USW00014819,"CHICAGO MIDWAY AIRPORT, IL US",2019-07-24,22.8,22.2,21
USW00014819,"CHICAGO MIDWAY AIRPORT, IL US",2019-07-25,25,24.2,21
USW00014819,"CHICAGO MIDWAY AIRPORT, IL US",2019-07-26,26.1,25.3,22.3
USW00014819,"CHICAGO MIDWAY AIRPORT, IL US",2019-07-27,28,27.3,24.1
USW00014819,"CHICAGO MIDWAY AIRPORT, IL US",2019-07-28,28.5,28.1,24.9
USW00014819,"CHICAGO MIDWAY AIRPORT, IL US",2019-07-29,25.2,25.7,25.4
USW00014819,"CHICAGO MIDWAY AIRPORT, IL US",2019-07-30,23.5,22.8,23.8
USW00014819,"CHICAGO MIDWAY AIRPORT, IL US",2019-07-31,21.6,21.2,20.2
USW00014819,"CHICAGO MIDWAY AIRPORT, IL US",2019-08-01,22.3,22.5,18.9
USW00014819,"CHICAGO MIDWAY AIRPORT, IL US",2019-08-02,23.6,23.2,19.6
USW00014819,"CHICAGO MIDWAY AIRPORT, IL US",2019-08-03,26.2,25.6,21
USW00014819,"CHICAGO MIDWAY AIRPORT, IL US",2019-08-04,27.2,26.8,23.8
USW00014819,"CHICAGO MIDWAY AIRPORT, IL US",2019-08-05,28.4,27.6,24.7
USW00014819,"CHICAGO MIDWAY AIRPORT, IL US",2019-08-06,26.1,25.5,24.1
USW00014819,"CHICAGO MIDWAY AIRPORT, IL US",2019-08-07,26.7,26.2,23.3
USW00014819,"CHICAGO MIDWAY AIRPORT, IL US",2019-08-08,27.4,26.4,23.8
USW00014819,"CHICAGO MIDWAY AIRPORT, IL US",2019-08-09,23.9,23.7,21.3
USW00014819,"CHICAGO MIDWAY AIRPORT, IL US",2019-08-10,25.8,25.4,20.2
USW00014819,"CHICAGO MIDWAY AIRPORT, IL US",2019-08-11,25.6,24.9,21.6
USW00014819,"CHICAGO MIDWAY AIRPORT, IL US",2019-08-12,25.9,25.4,25.5
USW00014819,"CHICAGO MIDWAY AIRPORT, IL US",2019-08-13,26.1,25.7,25.2
USW00014819,"CHICAGO MIDWAY AIRPORT, IL US",2019-08-14,25,24.6,22.7
USW00014819,"CHICAGO MIDWAY AIRPORT, IL US",2019-08-15,22.7,23.5,22.8
USW00014819,"CHICAGO MIDWAY AIRPORT, IL US",2019-08-16,25,24.5,20.9
USW00014819,"CHICAGO MIDWAY AIRPORT, IL US",2019-08-17,23.6,23.7,23.9
USW00014819,"CHICAGO MIDWAY AIRPORT, IL US",2019-08-18,25.6,25.3,25.2
USW00014819,"CHICAGO MIDWAY AIRPORT, IL US",2019-08-19,26.4,26,26.1
USW00014819,"CHICAGO MIDWAY AIRPORT, IL US",2019-08-20,23.4,23.8,25.4
USW00014819,"CHICAGO MIDWAY AIRPORT, IL US",2019-08-21,24.7,24.6,24.9
USW00014819,"CHICAGO MIDWAY AIRPORT, IL US",2019-08-22,23.6,22.9,22.3
USW00014819,"CHICAGO MIDWAY AIRPORT, IL US",2019-08-23,21.9,21.1,19
USW00014819,"CHICAGO MIDWAY AIRPORT, IL US",2019-08-24,20.9,21.1,18.6
USW00014819,"CHICAGO MIDWAY AIRPORT, IL US",2019-08-25,22.1,21.5,19.9
USW00014819,"CHICAGO MIDWAY AIRPORT, IL US",2019-08-26,23,21.9,21.4
USW00014819,"CHICAGO MIDWAY AIRPORT, IL US",2019-08-27,23.9,23.3,22.1
USW00014819,"CHICAGO MIDWAY AIRPORT, IL US",2019-08-28,20.9,21.2,18.9
USW00014819,"CHICAGO MIDWAY AIRPORT, IL US",2019-08-29,24.3,23.4,18.8
USW00014819,"CHICAGO MIDWAY AIRPORT, IL US",2019-08-30,20.7,20.2,21.2
USW00014819,"CHICAGO MIDWAY AIRPORT, IL US",2019-08-31,21.8,20.9,17.2
USW00014819,"CHICAGO MIDWAY AIRPORT, IL US",2019-09-01,20.4,20.2,19.1
USW00014819,"CHICAGO MIDWAY AIRPORT, IL US",2019-09-02,23.7,23.1,20.8
USW00014819,"CHICAGO MIDWAY AIRPORT, IL US",2019-09-03,24.4,24.1,21.3
USW00014819,"CHICAGO MIDWAY AIRPORT, IL US",2019-09-04,19.4,19.5,20.9
USW00014819,"CHICAGO MIDWAY AIRPORT, IL US",2019-09-05,19.6,19,16.7
USW00014819,"CHICAGO MIDWAY AIRPORT, IL US",2019-09-06,21.7,20.7,19.1
USW00014819,"CHICAGO MIDWAY AIRPORT, IL US",2019-09-07,21.3,21.1,18.3
USW00014819,"CHICAGO MIDWAY AIRPORT, IL US",2019-09-08,18.3,18.1,18.5
USW00014819,"CHICAGO MIDWAY AIRPORT, IL US",2019-09-09,22.1,21,19.9
USW00014819,"CHICAGO MIDWAY AIRPORT, IL US",2019-09-10,28.9,27,24.9
USW00014819,"CHICAGO MIDWAY AIRPORT, IL US",2019-09-11,28.2,27.3,26.6
USW00014819,"CHICAGO MIDWAY AIRPORT, IL US",2019-09-12,24.7,24,26.1
USW00014819,"CHICAGO MIDWAY AIRPORT, IL US",2019-09-13,22.4,22.9,25.6
USW00014819,"CHICAGO MIDWAY AIRPORT, IL US",2019-09-14,22.2,22.1,18.4
USW00014819,"CHICAGO MIDWAY AIRPORT, IL US",2019-09-15,22.5,22.1,20.8
USW00014819,"CHICAGO MIDWAY AIRPORT, IL US",2019-09-16,22.4,22,23
USW00014819,"CHICAGO MIDWAY AIRPORT, IL US",2019-09-17,23.3,23,21
USW00014819,"CHICAGO MIDWAY AIRPORT, IL US",2019-09-18,24.2,23.1,20.6
USW00014819,"CHICAGO MIDWAY AIRPORT, IL US",2019-09-19,24.8,24.2,21.5
USW00014819,"CHICAGO MIDWAY AIRPORT, IL US",2019-09-20,26.3,25.1,23.7
USW00014819,"CHICAGO MIDWAY AIRPORT, IL US",2019-09-21,25,24.7,24.4
USW00014819,"CHICAGO MIDWAY AIRPORT, IL US",2019-09-22,23.2,23.3,24.4
USW00014819,"CHICAGO MIDWAY AIRPORT, IL US",2019-09-23,21.1,20.9,20.8
USW00014819,"CHICAGO MIDWAY AIRPORT, IL US",2019-09-24,21.9,21.4,17.6
USW00014819,"CHICAGO MIDWAY AIRPORT, IL US",2019-09-25,23.4,22.7,20
USW00014819,"CHICAGO MIDWAY AIRPORT, IL US",2019-09-26,19.3,19.4,18.2
USW00014819,"CHICAGO MIDWAY AIRPORT, IL US",2019-09-27,19.3,18.3,17.7
USW00014819,"CHICAGO MIDWAY AIRPORT, IL US",2019-09-28,18,17.5,22
USW00014819,"CHICAGO MIDWAY AIRPORT, IL US",2019-09-29,19.1,17.9,19.1
USW00014819,"CHICAGO MIDWAY AIRPORT, IL US",2019-09-30,26,24.6,24.4
USW00014819,"CHICAGO MIDWAY AIRPORT, IL US",2019-10-01,27.6,26.4,24.8
USW00014819,"CHICAGO MIDWAY AIRPORT, IL US",2019-10-02,22.6,19.9,22.2
USW00014819,"CHICAGO MIDWAY AIRPORT, IL US",2019-10-03,17,17,18.4
USW00014819,"CHICAGO MIDWAY AIRPORT, IL US",2019-10-04,12.6,13,12.7
USW00014819,"CHICAGO MIDWAY AIRPORT, IL US",2019-10-05,14.8,14.2,12.6
USW00014819,"CHICAGO MIDWAY AIRPORT, IL US",2019-10-06,16.7,16.3,15.6
USW00014819,"CHICAGO MIDWAY AIRPORT, IL US",2019-10-07,16.7,16.6,13.9
USW00014819,"CHICAGO MIDWAY AIRPORT, IL US",2019-10-08,16.7,16.2,13.9
USW00014819,"CHICAGO MIDWAY AIRPORT, IL US",2019-10-09,18.1,16.9,13.9
USW00014819,"CHICAGO MIDWAY AIRPORT, IL US",2019-10-10,18,17.2,16.1
USW00014819,"CHICAGO MIDWAY AIRPORT, IL US",2019-10-11,13.7,14.6,18.4
USW00014819,"CHICAGO MIDWAY AIRPORT, IL US",2019-10-12,8.9,9.2,6
USW00014819,"CHICAGO MIDWAY AIRPORT, IL US",2019-10-13,9.4,9.3,7.8
USW00014819,"CHICAGO MIDWAY AIRPORT, IL US",2019-10-14,9.3,9.3,7.4
USW00014819,"CHICAGO MIDWAY AIRPORT, IL US",2019-10-15,13.7,12.7,10.1
USW00014819,"CHICAGO MIDWAY AIRPORT, IL US",2019-10-16,9.5,9.9,10
USW00014819,"CHICAGO MIDWAY AIRPORT, IL US",2019-10-17,10,9.9,8.5
USW00014819,"CHICAGO MIDWAY AIRPORT, IL US",2019-10-18,11,10.6,9.2
USW00014819,"CHICAGO MIDWAY AIRPORT, IL US",2019-10-19,15.9,14.4,10.5
USW00014819,"CHICAGO MIDWAY AIRPORT, IL US",2019-10-20,13.4,13.5,15.4
USW00014819,"CHICAGO MIDWAY AIRPORT, IL US",2019-10-21,16.5,15.9,13.9
USW00014819,"CHICAGO MIDWAY AIRPORT, IL US",2019-10-22,9.6,10.4,11.1
USW00014819,"CHICAGO MIDWAY AIRPORT, IL US",2019-10-23,11.2,11,8
USW00014819,"CHICAGO MIDWAY AIRPORT, IL US",2019-10-24,8.6,8.6,9.8
USW00014819,"CHICAGO MIDWAY AIRPORT, IL US",2019-10-25,8,7.7,7.7
USW00014819,"CHICAGO MIDWAY AIRPORT, IL US",2019-10-26,8,7.6,6.4
USW00014819,"CHICAGO MIDWAY AIRPORT, IL US",2019-10-27,11.7,10.8,10.8
USW00014819,"CHICAGO MIDWAY AIRPORT, IL US",2019-10-28,8.7,9,10.3
USW00014819,"CHICAGO MIDWAY AIRPORT, IL US",2019-10-29,6.5,5.7,8.4
USW00014819,"CHICAGO MIDWAY AIRPORT, IL US",2019-10-30,3.6,3.6,4.9
USW00014819,"CHICAGO MIDWAY AIRPORT, IL US",2019-10-31,0.7,0.6,4.8
USW00014819,"CHICAGO MIDWAY AIRPORT, IL US",2019-11-01,3.2,2.1,-1
USW00014819,"CHICAGO MIDWAY AIRPORT, IL US",2019-11-02,4.6,3.7,3
USW00014819,"CHICAGO MIDWAY AIRPORT, IL US",2019-11-03,7.2,6.4,4.7
USW00014819,"CHICAGO MIDWAY AIRPORT, IL US",2019-11-04,8.9,8.4,7.9
USW00014819,"CHICAGO MIDWAY AIRPORT, IL US",2019-11-05,3.2,3.8,5.4
USW00014819,"CHICAGO MIDWAY AIRPORT, IL US",2019-11-06,8.5,7.3,4
USW00014819,"CHICAGO MIDWAY AIRPORT, IL US",2019-11-07,-2,-0.4,2.3
USW00014819,"CHICAGO MIDWAY AIRPORT, IL US",2019-11-08,-2.9,-2.6,-2.2
USW00014819,"CHICAGO MIDWAY AIRPORT, IL US",2019-11-09,4.6,2.9,0.5
USW00014819,"CHICAGO MIDWAY AIRPORT, IL US",2019-11-10,4.9,4.5,3.7
USW00014819,"CHICAGO MIDWAY AIRPORT, IL US",2019-11-11,-2.2,-2,3
USW00014819,"CHICAGO MIDWAY AIRPORT, IL US",2019-11-12,-9.3,-9.2,-6.8
USW00014819,"CHICAGO MIDWAY AIRPORT, IL US",2019-11-13,-5.4,-6.2,-7.6
USW00014819,"CHICAGO MIDWAY AIRPORT, IL US",2019-11-14,-1.1,-2.5,-2.1
USW00014819,"CHICAGO MIDWAY AIRPORT, IL US",2019-11-15,-0.2,-0.3,-4.1
USW00014819,"CHICAGO MIDWAY AIRPORT, IL US",2019-11-16,2.8,1.8,-0.5
USW00014819,"CHICAGO MIDWAY AIRPORT, IL US",2019-11-17,2.8,1.9,-0.4
USW00014819,"CHICAGO MIDWAY AIRPORT, IL US",2019-11-18,4.3,3.6,2.8
USW00014819,"CHICAGO MIDWAY AIRPORT, IL US",2019-11-19,3.9,3.6,2.5
USW00014819,"CHICAGO MIDWAY AIRPORT, IL US",2019-11-20,7.2,6.6,4.2
USW00014819,"CHICAGO MIDWAY AIRPORT, IL US",2019-11-21,9.8,9.2,6.9
USW00014819,"CHICAGO MIDWAY AIRPORT, IL US",2019-11-22,2,1.9,2.7
USW00014819,"CHICAGO MIDWAY AIRPORT, IL US",2019-11-23,2,1.6,0.5
USW00014819,"CHICAGO MIDWAY AIRPORT, IL US",2019-11-24,6.3,6,1.2
USW00014819,"CHICAGO MIDWAY AIRPORT, IL US",2019-11-25,9.1,8.6,4.5
USW00014819,"CHICAGO MIDWAY AIRPORT, IL US",2019-11-26,7.6,7,4.7
USW00014819,"CHICAGO MIDWAY AIRPORT, IL US",2019-11-27,8.9,8,7.7
USW00014819,"CHICAGO MIDWAY AIRPORT, IL US",2019-11-28,2.4,2.2,2.1
USW00014819,"CHICAGO MIDWAY AIRPORT, IL US",2019-11-29,3.3,3.1,3.3
USW00014819,"CHICAGO MIDWAY AIRPORT, IL US",2019-11-30,3.9,3.7,3.8
USW00014819,"CHICAGO MIDWAY AIRPORT, IL US",2019-12-01,3.9,3.7,4.5
USW00014819,"CHICAGO MIDWAY AIRPORT, IL US",2019-12-02,1.8,1.3,2
USW00014819,"CHICAGO MIDWAY AIRPORT, IL US",2019-12-03,2.3,1.9,0.8
USW00014819,"CHICAGO MIDWAY AIRPORT, IL US",2019-12-04,4.1,3.6,1.2
USW00014819,"CHICAGO MIDWAY AIRPORT, IL US",2019-12-05,3.9,4,1.4
USW00014819,"CHICAGO MIDWAY AIRPORT, IL US",2019-12-06,2.6,2.7,1.4
USW00014819,"CHICAGO MIDWAY AIRPORT, IL US",2019-12-07,0.9,0.7,-0.3
USW00014819,"CHICAGO MIDWAY AIRPORT, IL US",2019-12-08,6.1,4.8,1.1
USW00014819,"CHICAGO MIDWAY AIRPORT, IL US",2019-12-09,4.2,4.7,8
USW00014819,"CHICAGO MIDWAY AIRPORT, IL US",2019-12-10,-6,-5,-1.8
USW00014819,"CHICAGO MIDWAY AIRPORT, IL US",2019-12-11,-6.2,-6.1,-6
USW00014819,"CHICAGO MIDWAY AIRPORT, IL US",2019-12-12,2.1,0.4,-4.3
USW00014819,"CHICAGO MIDWAY AIRPORT, IL US",2019-12-13,4.8,4.1,-0.1
USW00014819,"CHICAGO MIDWAY AIRPORT, IL US",2019-12-14,0.1,0.4,0.6
USW00014819,"CHICAGO MIDWAY AIRPORT, IL US",2019-12-15,-4.2,-3.9,-2.9
USW00014819,"CHICAGO MIDWAY AIRPORT, IL US",2019-12-16,-1.8,-1.8,-1.9
USW00014819,"CHICAGO MIDWAY AIRPORT, IL US",2019-12-17,-2.9,-2.7,-1.9
USW00014819,"CHICAGO MIDWAY AIRPORT, IL US",2019-12-18,-5.1,-5.7,-6.2
USW00014819,"CHICAGO MIDWAY AIRPORT, IL US",2019-12-19,-1.8,-2.6,-6.8
USW00014819,"CHICAGO MIDWAY AIRPORT, IL US",2019-12-20,1.3,0.5,-2.6
USW00014819,"CHICAGO MIDWAY AIRPORT, IL US",2019-12-21,5.7,4.4,-0.5
USW00014819,"CHICAGO MIDWAY AIRPORT, IL US",2019-12-22,7.1,7,0.3
USW00014819,"CHICAGO MIDWAY AIRPORT, IL US",2019-12-23,8,7.4,0.8
USW00014819,"CHICAGO MIDWAY AIRPORT, IL US",2019-12-24,6.9,6.8,2.7
USW00014819,"CHICAGO MIDWAY AIRPORT, IL US",2019-12-25,11.5,10.1,2.9
USW00014819,"CHICAGO MIDWAY AIRPORT, IL US",2019-12-26,11.9,11.8,7.8
USW00014819,"CHICAGO MIDWAY AIRPORT, IL US",2019-12-27,2.3,3.6,4.5
USW00014819,"CHICAGO MIDWAY AIRPORT, IL US",2019-12-28,6.2,5.2,2.7
USW00014819,"CHICAGO MIDWAY AIRPORT, IL US",2019-12-29,12.2,10.9,12.1
USW00014819,"CHICAGO MIDWAY AIRPORT, IL US",2019-12-30,4.6,4.5,6.1
USW00014819,"CHICAGO MIDWAY AIRPORT, IL US",2019-12-31,-1.9,-2.1,-1.1
USC00111550,"CHICAGO NORTHERLY ISLAND, IL US",2020-01-01,2,1.3,-2.3
USC00111550,"CHICAGO NORTHERLY ISLAND, IL US",2020-01-02,7,6.4,0.6
USC00111550,"CHICAGO NORTHERLY ISLAND, IL US",2020-01-03,4.5,3.8,1.5
USC00111550,"CHICAGO NORTHERLY ISLAND, IL US",2020-01-04,0.2,0.1,0.4
USC00111550,"CHICAGO NORTHERLY ISLAND, IL US",2020-01-05,1.9,2.1,-1
USC00111550,"CHICAGO NORTHERLY ISLAND, IL US",2020-01-06,3.3,2.9,-0.7
USC00111550,"CHICAGO NORTHERLY ISLAND, IL US",2020-01-07,2.8,2.4,0.4
USC00111550,"CHICAGO NORTHERLY ISLAND, IL US",2020-01-08,-3.6,-3.9,-3.9
USC00111550,"CHICAGO NORTHERLY ISLAND, IL US",2020-01-09,5.1,4.1,-1.1
USC00111550,"CHICAGO NORTHERLY ISLAND, IL US",2020-01-10,7.2,7.3,5.5
USC00111550,"CHICAGO NORTHERLY ISLAND, IL US",2020-01-11,0.9,1.9,2.7
USC00111550,"CHICAGO NORTHERLY ISLAND, IL US",2020-01-12,-1.3,-1.2,-1.2
USC00111550,"CHICAGO NORTHERLY ISLAND, IL US",2020-01-13,0.7,0.6,0.6
USC00111550,"CHICAGO NORTHERLY ISLAND, IL US",2020-01-14,3.5,2.7,1.1
USC00111550,"CHICAGO NORTHERLY ISLAND, IL US",2020-01-15,1.3,0.7,1
USC00111550,"CHICAGO NORTHERLY ISLAND, IL US",2020-01-16,-3.1,-3.8,-3.6
USC00111550,"CHICAGO NORTHERLY ISLAND, IL US",2020-01-17,-3.3,-4,-4.9
USC00111550,"CHICAGO NORTHERLY ISLAND, IL US",2020-01-18,-3.5,-3.4,-1
USC00111550,"CHICAGO NORTHERLY ISLAND, IL US",2020-01-19,-8.8,-9.5,-9.9
USC00111550,"CHICAGO NORTHERLY ISLAND, IL US",2020-01-20,-2.6,-4,-4.7
USC00111550,"CHICAGO NORTHERLY ISLAND, IL US",2020-01-21,-3,-3.8,-6.9
USC00111550,"CHICAGO NORTHERLY ISLAND, IL US",2020-01-22,-0.5,-1.3,-5.4
USC00111550,"CHICAGO NORTHERLY ISLAND, IL US",2020-01-23,-0,0.4,-0.4
USC00111550,"CHICAGO NORTHERLY ISLAND, IL US",2020-01-24,1.9,2.3,1.2
USC00111550,"CHICAGO NORTHERLY ISLAND, IL US",2020-01-25,1.3,1.3,0.8
USC00111550,"CHICAGO NORTHERLY ISLAND, IL US",2020-01-26,0.2,0.2,0
USC00111550,"CHICAGO NORTHERLY ISLAND, IL US",2020-01-27,0.2,0.4,-0
USC00111550,"CHICAGO NORTHERLY ISLAND, IL US",2020-01-28,0.2,0.1,0.4
USC00111550,"CHICAGO NORTHERLY ISLAND, IL US",2020-01-29,-0.4,-0,-1.2
USC00111550,"CHICAGO NORTHERLY ISLAND, IL US",2020-01-30,0.2,0.2,-0.2
USC00111550,"CHICAGO NORTHERLY ISLAND, IL US",2020-01-31,0.9,1.4,0.6
USC00111550,"CHICAGO NORTHERLY ISLAND, IL US",2020-02-01,2,2.2,1
USC00111550,"CHICAGO NORTHERLY ISLAND, IL US",2020-02-02,7.8,8,1.7
USC00111550,"CHICAGO NORTHERLY ISLAND, IL US",2020-02-03,3.9,4.6,1.5
USC00111550,"CHICAGO NORTHERLY ISLAND, IL US",2020-02-04,1.6,1.6,2
USC00111550,"CHICAGO NORTHERLY ISLAND, IL US",2020-02-05,-1.5,-1.2,-1.2
USC00111550,"CHICAGO NORTHERLY ISLAND, IL US",2020-02-06,-1.5,-1.6,-2.1
USC00111550,"CHICAGO NORTHERLY ISLAND, IL US",2020-02-07,1.1,0.2,-1.9
USC00111550,"CHICAGO NORTHERLY ISLAND, IL US",2020-02-08,0.5,0.2,-2
USC00111550,"CHICAGO NORTHERLY ISLAND, IL US",2020-02-09,-0.4,-0.1,-1.9
USC00111550,"CHICAGO NORTHERLY ISLAND, IL US",2020-02-10,-0.1,0.3,-0.2
USC00111550,"CHICAGO NORTHERLY ISLAND, IL US",2020-02-13,-4.7,-5.2,-2
USC00111550,"CHICAGO NORTHERLY ISLAND, IL US",2020-02-14,-12,-12.4,-12.9
USC00111550,"CHICAGO NORTHERLY ISLAND, IL US",2020-02-15,-4.9,-5.4,-8.6
USC00111550,"CHICAGO NORTHERLY ISLAND, IL US",2020-02-16,0,0.3,-3.6
USC00111550,"CHICAGO NORTHERLY ISLAND, IL US",2020-02-17,1,1.2,-1.4
USC00111550,"CHICAGO NORTHERLY ISLAND, IL US",2020-02-18,1.3,1.2,0.6
USC00111550,"CHICAGO NORTHERLY ISLAND, IL US",2020-02-19,-4.5,-4.1,-4.9
USC00111550,"CHICAGO NORTHERLY ISLAND, IL US",2020-02-20,-7.2,-7.2,-7.3
USC00111550,"CHICAGO NORTHERLY ISLAND, IL US",2020-02-22,5,4.3,-1.5
USC00111550,"CHICAGO NORTHERLY ISLAND, IL US",2020-02-23,8.2,8.1,1.6
USC00111550,"CHICAGO NORTHERLY ISLAND, IL US",2020-02-24,5,4.3,1.7
USC00111550,"CHICAGO NORTHERLY ISLAND, IL US",2020-02-25,1.5,2,1.7
USC00111550,"CHICAGO NORTHERLY ISLAND, IL US",2020-02-27,-2.3,-2.4,-2.8
USC00111550,"CHICAGO NORTHERLY ISLAND, IL US",2020-02-28,-3.3,-3.5,-4.3
USC00111550,"CHICAGO NORTHERLY ISLAND, IL US",2020-02-29,-1.1,-1.8,-5.1
USC00111550,"CHICAGO NORTHERLY ISLAND, IL US",2020-03-01,8.2,7.3,-0.3
USC00111550,"CHICAGO NORTHERLY ISLAND, IL US",2020-03-02,6.7,6.4,2.8
USC00111550,"CHICAGO NORTHERLY ISLAND, IL US",2020-03-03,5.6,5.8,3.1
USC00111550,"CHICAGO NORTHERLY ISLAND, IL US",2020-03-04,4.7,4.9,2.7
USC00111550,"CHICAGO NORTHERLY ISLAND, IL US",2020-03-05,6.7,6.6,2.3
USC00111550,"CHICAGO NORTHERLY ISLAND, IL US",2020-03-06,0.9,1.3,1.7
USC00111550,"CHICAGO NORTHERLY ISLAND, IL US",2020-03-07,5.6,4.6,1
USC00111550,"CHICAGO NORTHERLY ISLAND, IL US",2020-03-08,13.3,12.5,4.8
USC00111550,"CHICAGO NORTHERLY ISLAND, IL US",2020-03-09,12.6,12.3,8.4
USC00111550,"CHICAGO NORTHERLY ISLAND, IL US",2020-03-10,6.7,6.1,7.2
USC00111550,"CHICAGO NORTHERLY ISLAND, IL US",2020-03-11,4.1,4.4,3.6
USC00111550,"CHICAGO NORTHERLY ISLAND, IL US",2020-03-12,9.4,9.1,9
USC00111550,"CHICAGO NORTHERLY ISLAND, IL US",2020-03-13,6.4,6.5,6.1
USC00111550,"CHICAGO NORTHERLY ISLAND, IL US",2020-03-14,2.9,2.9,1.6
USC00111550,"CHICAGO NORTHERLY ISLAND, IL US",2020-03-15,2.6,2.6,1.9
USC00111550,"CHICAGO NORTHERLY ISLAND, IL US",2020-03-16,3.1,2.5,2.2
USC00111550,"CHICAGO NORTHERLY ISLAND, IL US",2020-03-17,4.1,5,5.3
USC00111550,"CHICAGO NORTHERLY ISLAND, IL US",2020-03-18,5.2,5.4,3.5
USC00111550,"CHICAGO NORTHERLY ISLAND, IL US",2020-03-19,11.5,11.9,8.7
USC00111550,"CHICAGO NORTHERLY ISLAND, IL US",2020-03-20,9.8,9.1,9.6
USC00111550,"CHICAGO NORTHERLY ISLAND, IL US",2020-03-21,-2,-1.3,-0
USC00111550,"CHICAGO NORTHERLY ISLAND, IL US",2020-03-22,0.6,0.1,1.1
USC00111550,"CHICAGO NORTHERLY ISLAND, IL US",2020-03-23,2,3.1,4.5
USC00111550,"CHICAGO NORTHERLY ISLAND, IL US",2020-03-24,3.1,4.1,4.1
USC00111550,"CHICAGO NORTHERLY ISLAND, IL US",2020-03-25,7.8,8.1,6.8
USC00111550,"CHICAGO NORTHERLY ISLAND, IL US",2020-03-26,7.3,7.6,9.1
USC00111550,"CHICAGO NORTHERLY ISLAND, IL US",2020-03-27,4.6,6.8,6.3
USC00111550,"CHICAGO NORTHERLY ISLAND, IL US",2020-03-28,13.4,13.6,10.9
USC00111550,"CHICAGO NORTHERLY ISLAND, IL US",2020-03-29,12.5,12.1,12.7
USC00111550,"CHICAGO NORTHERLY ISLAND, IL US",2020-03-30,6.5,7,7.7
USC00111550,"CHICAGO NORTHERLY ISLAND, IL US",2020-03-31,4.3,4.8,4.1
USC00111550,"CHICAGO NORTHERLY ISLAND, IL US",2020-04-01,4.7,6.3,4.4
USC00111550,"CHICAGO NORTHERLY ISLAND, IL US",2020-04-02,5,7.6,6.6
USC00111550,"CHICAGO NORTHERLY ISLAND, IL US",2020-04-03,10.8,13.4,10.6
USC00111550,"CHICAGO NORTHERLY ISLAND, IL US",2020-04-04,8.9,8.9,10.7
USC00111550,"CHICAGO NORTHERLY ISLAND, IL US",2020-04-05,5.2,6.1,5.3
USC00111550,"CHICAGO NORTHERLY ISLAND, IL US",2020-04-06,7.6,10,6.5
USC00111550,"CHICAGO NORTHERLY ISLAND, IL US",2020-04-07,19.7,19.6,15.5
USC00111550,"CHICAGO NORTHERLY ISLAND, IL US",2020-04-08,9.3,14.4,18
USC00111550,"CHICAGO NORTHERLY ISLAND, IL US",2020-04-09,6.8,7.4,8.3
USC00111550,"CHICAGO NORTHERLY ISLAND, IL US",2020-04-10,4.7,5.9,3.7
USC00111550,"CHICAGO NORTHERLY ISLAND, IL US",2020-04-11,13,12.3,8.1
USC00111550,"CHICAGO NORTHERLY ISLAND, IL US",2020-04-12,13,14.2,10.9
USC00111550,"CHICAGO NORTHERLY ISLAND, IL US",2020-04-13,8.6,7.8,8
USC00111550,"CHICAGO NORTHERLY ISLAND, IL US",2020-04-14,2.4,2.4,1.7
USC00111550,"CHICAGO NORTHERLY ISLAND, IL US",2020-04-15,0.6,1.2,0.5
USC00111550,"CHICAGO NORTHERLY ISLAND, IL US",2020-04-16,3.9,3.9,1.2
USC00111550,"CHICAGO NORTHERLY ISLAND, IL US",2020-04-17,3.6,3.5,2.9
USC00111550,"CHICAGO NORTHERLY ISLAND, IL US",2020-04-18,9.1,9.2,4.6
USC00111550,"CHICAGO NORTHERLY ISLAND, IL US",2020-04-19,10.5,10.7,7.5
USC00111550,"CHICAGO NORTHERLY ISLAND, IL US",2020-04-20,12.2,11.5,7
USC00111550,"CHICAGO NORTHERLY ISLAND, IL US",2020-04-21,7.2,7.2,6.4
USC00111550,"CHICAGO NORTHERLY ISLAND, IL US",2020-04-22,10.8,10.3,6.7
USC00111550,"CHICAGO NORTHERLY ISLAND, IL US",2020-04-23,8,10.4,12.3
USC00111550,"CHICAGO NORTHERLY ISLAND, IL US",2020-04-24,5.4,7.2,10.6
USC00111550,"CHICAGO NORTHERLY ISLAND, IL US",2020-04-25,5.8,6.9,7.5
USC00111550,"CHICAGO NORTHERLY ISLAND, IL US",2020-04-26,10.8,11,8.9
USC00111550,"CHICAGO NORTHERLY ISLAND, IL US",2020-04-27,13.9,13.2,9.5
USC00111550,"CHICAGO NORTHERLY ISLAND, IL US",2020-04-28,17.3,17.9,14.6
USC00111550,"CHICAGO NORTHERLY ISLAND, IL US",2020-04-29,11.7,12.5,16
USC00111550,"CHICAGO NORTHERLY ISLAND, IL US",2020-04-30,7.7,8.5,7.6
USC00111550,"CHICAGO NORTHERLY ISLAND, IL US",2020-05-01,11.1,12,10.3
USC00111550,"CHICAGO NORTHERLY ISLAND, IL US",2020-05-02,20.5,20.6,16.3
USC00111550,"CHICAGO NORTHERLY ISLAND, IL US",2020-05-03,15,16.9,16.5
USC00111550,"CHICAGO NORTHERLY ISLAND, IL US",2020-05-04,5.9,7.2,10.1
USC00111550,"CHICAGO NORTHERLY ISLAND, IL US",2020-05-05,6.9,7.4,7.4
USC00111550,"CHICAGO NORTHERLY ISLAND, IL US",2020-05-06,10.3,10.7,8.4
USC00111550,"CHICAGO NORTHERLY ISLAND, IL US",2020-05-07,12.3,13.5,11.1
USC00111550,"CHICAGO NORTHERLY ISLAND, IL US",2020-05-08,4.5,4.7,6.7
USC00111550,"CHICAGO NORTHERLY ISLAND, IL US",2020-05-13,13.9,14.2,10.8
USC00111550,"CHICAGO NORTHERLY ISLAND, IL US",2020-05-14,17.8,18.2,14.8
USC00111550,"CHICAGO NORTHERLY ISLAND, IL US",2020-05-15,16.1,19.1,20.5
USC00111550,"CHICAGO NORTHERLY ISLAND, IL US",2020-05-16,10.9,14.6,16.5
USC00111550,"CHICAGO NORTHERLY ISLAND, IL US",2020-05-17,15.3,16.5,17.2
USC00111550,"CHICAGO NORTHERLY ISLAND, IL US",2020-05-18,12.8,14.9,18
USC00111550,"CHICAGO NORTHERLY ISLAND, IL US",2020-05-19,11.1,13.3,13.1
USC00111550,"CHICAGO NORTHERLY ISLAND, IL US",2020-05-20,12.4,14.9,15
USC00111550,"CHICAGO NORTHERLY ISLAND, IL US",2020-05-21,13.4,16.5,14.6
USC00111550,"CHICAGO NORTHERLY ISLAND, IL US",2020-05-22,13.5,16.7,17.1
USC00111550,"CHICAGO NORTHERLY ISLAND, IL US",2020-05-23,16.1,19.9,19.9
USC00111550,"CHICAGO NORTHERLY ISLAND, IL US",2020-05-24,21.7,24.8,23.7
USC00111550,"CHICAGO NORTHERLY ISLAND, IL US",2020-05-25,25,26.1,24.6
USC00111550,"CHICAGO NORTHERLY ISLAND, IL US",2020-05-26,22.4,25.6,24.9
USC00111550,"CHICAGO NORTHERLY ISLAND, IL US",2020-05-27,21.8,25.3,23.8
USC00111550,"CHICAGO NORTHERLY ISLAND, IL US",2020-05-28,22.4,23.6,22.3
USC00111550,"CHICAGO NORTHERLY ISLAND, IL US",2020-05-29,19.4,20,19.6
USC00111550,"CHICAGO NORTHERLY ISLAND, IL US",2020-05-30,15.2,17.3,15.7
USC00111550,"CHICAGO NORTHERLY ISLAND, IL US",2020-05-31,13.1,14.8,14.4
USC00111550,"CHICAGO NORTHERLY ISLAND, IL US",2020-06-01,19.5,19.3,14.7
USC00111550,"CHICAGO NORTHERLY ISLAND, IL US",2020-06-02,27.8,27.7,20.6
USC00111550,"CHICAGO NORTHERLY ISLAND, IL US",2020-06-03,21.1,24.6,25.2
USC00111550,"CHICAGO NORTHERLY ISLAND, IL US",2020-06-04,22.3,25,24.5
USC00111550,"CHICAGO NORTHERLY ISLAND, IL US",2020-06-05,25.1,26.6,23
USC00111550,"CHICAGO NORTHERLY ISLAND, IL US",2020-06-06,18.6,20.4,22.7
USC00111550,"CHICAGO NORTHERLY ISLAND, IL US",2020-06-07,17.7,20.5,17.5
USC00111550,"CHICAGO NORTHERLY ISLAND, IL US",2020-06-08,20.9,24.7,20.7
USC00111550,"CHICAGO NORTHERLY ISLAND, IL US",2020-06-09,23,26.3,23
USC00111550,"CHICAGO NORTHERLY ISLAND, IL US",2020-06-10,23.7,24.4,24.5
USC00111550,"CHICAGO NORTHERLY ISLAND, IL US",2020-06-11,22.5,22.7,18.9
USC00111550,"CHICAGO NORTHERLY ISLAND, IL US",2020-06-12,18.4,19.8,18.6
USC00111550,"CHICAGO NORTHERLY ISLAND, IL US",2020-06-13,14.3,16.3,16.3
USC00111550,"CHICAGO NORTHERLY ISLAND, IL US",2020-06-14,15.5,16.6,14.6
USC00111550,"CHICAGO NORTHERLY ISLAND, IL US",2020-06-15,16.8,17.4,15
USC00111550,"CHICAGO NORTHERLY ISLAND, IL US",2020-06-16,18.6,21.2,19
USC00111550,"CHICAGO NORTHERLY ISLAND, IL US",2020-06-17,20.8,23.4,22.3
USC00111550,"CHICAGO NORTHERLY ISLAND, IL US",2020-06-18,21.3,24.2,22.3
USC00111550,"CHICAGO NORTHERLY ISLAND, IL US",2020-06-19,23.7,26.7,23.7
USC00111550,"CHICAGO NORTHERLY ISLAND, IL US",2020-06-20,27.6,28,24.5
USC00111550,"CHICAGO NORTHERLY ISLAND, IL US",2020-06-21,22.2,24.5,25.7
USC00111550,"CHICAGO NORTHERLY ISLAND, IL US",2020-06-22,24.2,25.3,24.6
USC00111550,"CHICAGO NORTHERLY ISLAND, IL US",2020-06-23,21.3,22,21.3
USC00111550,"CHICAGO NORTHERLY ISLAND, IL US",2020-06-24,20.6,21.4,18.6
USC00111550,"CHICAGO NORTHERLY ISLAND, IL US",2020-06-25,21.1,23,20.5
USC00111550,"CHICAGO NORTHERLY ISLAND, IL US",2020-06-26,25.4,25,21.8
USC00111550,"CHICAGO NORTHERLY ISLAND, IL US",2020-06-27,26.4,27.1,26.2
USC00111550,"CHICAGO NORTHERLY ISLAND, IL US",2020-06-28,22,25.1,25.2
USC00111550,"CHICAGO NORTHERLY ISLAND, IL US",2020-06-29,23.8,27.3,26.5
USC00111550,"CHICAGO NORTHERLY ISLAND, IL US",2020-06-30,24.1,26.9,27.1
USC00111550,"CHICAGO NORTHERLY ISLAND, IL US",2020-07-01,23.7,26.5,26.2
USC00111550,"CHICAGO NORTHERLY ISLAND, IL US",2020-07-02,24.6,26.6,25.4
USC00111550,"CHICAGO NORTHERLY ISLAND, IL US",2020-07-03,24.3,26.4,24.3
USC00111550,"CHICAGO NORTHERLY ISLAND, IL US",2020-07-04,25.2,26.9,24.9
USC00111550,"CHICAGO NORTHERLY ISLAND, IL US",2020-07-05,25.2,27.4,25.2
USC00111550,"CHICAGO NORTHERLY ISLAND, IL US",2020-07-06,27.2,28.8,25.9
USC00111550,"CHICAGO NORTHERLY ISLAND, IL US",2020-07-07,28.5,29.2,26.8
USC00111550,"CHICAGO NORTHERLY ISLAND, IL US",2020-07-08,26.3,28.4,27.6
USC00111550,"CHICAGO NORTHERLY ISLAND, IL US",2020-07-09,28.7,29.1,27.6
USC00111550,"CHICAGO NORTHERLY ISLAND, IL US",2020-07-10,26.4,26.6,26.2
USC00111550,"CHICAGO NORTHERLY ISLAND, IL US",2020-07-11,26.5,26.1,23.8
USC00111550,"CHICAGO NORTHERLY ISLAND, IL US",2020-07-12,23.7,23.5,25.1
USC00111550,"CHICAGO NORTHERLY ISLAND, IL US",2020-07-13,22.4,23,21.4
USC00111550,"CHICAGO NORTHERLY ISLAND, IL US",2020-07-14,25.4,24.9,21.8
USC00111550,"CHICAGO NORTHERLY ISLAND, IL US",2020-07-15,26.2,26.3,23.4
USC00111550,"CHICAGO NORTHERLY ISLAND, IL US",2020-07-16,23.4,24.4,25
USC00111550,"CHICAGO NORTHERLY ISLAND, IL US",2020-07-17,26.4,26.4,24.1
USC00111550,"CHICAGO NORTHERLY ISLAND, IL US",2020-07-18,29.1,28.7,26.4
USC00111550,"CHICAGO NORTHERLY ISLAND, IL US",2020-07-19,25.3,25.6,27.4
USC00111550,"CHICAGO NORTHERLY ISLAND, IL US",2020-07-20,23.9,25.1,23.6
USC00111550,"CHICAGO NORTHERLY ISLAND, IL US",2020-07-21,23.7,24.5,24.3
USC00111550,"CHICAGO NORTHERLY ISLAND, IL US",2020-07-25,26.7,27.1,24.6
USC00111550,"CHICAGO NORTHERLY ISLAND, IL US",2020-07-26,30.5,30.3,26.8
USC00111550,"CHICAGO NORTHERLY ISLAND, IL US",2020-07-27,27.2,26.6,27.6
USC00111550,"CHICAGO NORTHERLY ISLAND, IL US",2020-07-28,27.1,26.8,23.5
USC00111550,"CHICAGO NORTHERLY ISLAND, IL US",2020-07-29,27.5,27.9,23.7
USC00111550,"CHICAGO NORTHERLY ISLAND, IL US",2020-07-30,24.4,25,25.2
USC00111550,"CHICAGO NORTHERLY ISLAND, IL US",2020-07-31,24.4,24.1,22.1
USC00111550,"CHICAGO NORTHERLY ISLAND, IL US",2020-08-01,22,22.9,22.1
USC00111550,"CHICAGO NORTHERLY ISLAND, IL US",2020-08-02,23.9,24.8,22.7
USC00111550,"CHICAGO NORTHERLY ISLAND, IL US",2020-08-03,20.5,20.5,20.3
USC00111550,"CHICAGO NORTHERLY ISLAND, IL US",2020-08-04,19.7,19.9,18.4
USC00111550,"CHICAGO NORTHERLY ISLAND, IL US",2020-08-05,20.8,20.4,18.2
USC00111550,"CHICAGO NORTHERLY ISLAND, IL US",2020-08-06,22.4,22.6,19.9
USC00111550,"CHICAGO NORTHERLY ISLAND, IL US",2020-08-07,22.4,23,21.1
USC00111550,"CHICAGO NORTHERLY ISLAND, IL US",2020-08-08,25.7,25.6,21.9
USC00111550,"CHICAGO NORTHERLY ISLAND, IL US",2020-08-09,27.8,28.1,25.7
USC00111550,"CHICAGO NORTHERLY ISLAND, IL US",2020-08-10,26.7,27.2,27
USC00111550,"CHICAGO NORTHERLY ISLAND, IL US",2020-08-11,22.8,23.8,24
USC00111550,"CHICAGO NORTHERLY ISLAND, IL US",2020-08-12,22.7,23.3,22.2
USC00111550,"CHICAGO NORTHERLY ISLAND, IL US",2020-08-13,24.1,24.7,22.9
USC00111550,"CHICAGO NORTHERLY ISLAND, IL US",2020-08-14,25.4,25.7,23.6
USC00111550,"CHICAGO NORTHERLY ISLAND, IL US",2020-08-15,25.7,26.5,24.2
USC00111550,"CHICAGO NORTHERLY ISLAND, IL US",2020-08-16,23.2,24.2,23.5
USC00111550,"CHICAGO NORTHERLY ISLAND, IL US",2020-08-17,23.8,24.4,22.1
USC00111550,"CHICAGO NORTHERLY ISLAND, IL US",2020-08-18,22.4,22.1,21.5
USC00111550,"CHICAGO NORTHERLY ISLAND, IL US",2020-08-19,22.1,21.8,19.9
USC00111550,"CHICAGO NORTHERLY ISLAND, IL US",2020-08-20,24.6,24.1,20.9
USC00111550,"CHICAGO NORTHERLY ISLAND, IL US",2020-08-21,25.5,25.1,21.1
USC00111550,"CHICAGO NORTHERLY ISLAND, IL US",2020-08-22,26.7,26.2,22.2
USC00111550,"CHICAGO NORTHERLY ISLAND, IL US",2020-08-23,28.1,27.6,23.3
USC00111550,"CHICAGO NORTHERLY ISLAND, IL US",2020-08-24,30,29.8,25.9
USC00111550,"CHICAGO NORTHERLY ISLAND, IL US",2020-08-25,27.5,27.9,27.2
USC00111550,"CHICAGO NORTHERLY ISLAND, IL US",2020-08-26,28.9,29.2,27.2
USC00111550,"CHICAGO NORTHERLY ISLAND, IL US",2020-08-27,30.4,30.7,27.4
USC00111550,"CHICAGO NORTHERLY ISLAND, IL US",2020-08-28,30.2,30.4,27
USC00111550,"CHICAGO NORTHERLY ISLAND, IL US",2020-08-29,25.4,25,25.2
USC00111550,"CHICAGO NORTHERLY ISLAND, IL US",2020-08-30,21.9,21.5,19.7
USC00111550,"CHICAGO NORTHERLY ISLAND, IL US",2020-08-31,24.6,24.4,20.8
USC00111550,"CHICAGO NORTHERLY ISLAND, IL US",2020-09-01,21.3,22.1,23.9
USC00111550,"CHICAGO NORTHERLY ISLAND, IL US",2020-09-02,26.1,25.8,23.5
USC00111550,"CHICAGO NORTHERLY ISLAND, IL US",2020-09-03,25.6,25.8,21.4
USC00111550,"CHICAGO NORTHERLY ISLAND, IL US",2020-09-04,21.7,21.4,17.9
USC00111550,"CHICAGO NORTHERLY ISLAND, IL US",2020-09-05,24.1,23.5,19.2
USC00111550,"CHICAGO NORTHERLY ISLAND, IL US",2020-09-06,22.4,22.5,19.5
USC00111550,"CHICAGO NORTHERLY ISLAND, IL US",2020-09-07,22.2,22.3,23.1
USC00111550,"CHICAGO NORTHERLY ISLAND, IL US",2020-09-08,17.6,17.8,16.8
USC00111550,"CHICAGO NORTHERLY ISLAND, IL US",2020-09-09,17.2,17.3,16.9
USC00111550,"CHICAGO NORTHERLY ISLAND, IL US",2020-09-10,17.6,17.4,16.8
USC00111550,"CHICAGO NORTHERLY ISLAND, IL US",2020-09-11,18.1,18.6,16.7
USC00111550,"CHICAGO NORTHERLY ISLAND, IL US",2020-09-12,20.2,20.3,19.4
USC00111550,"CHICAGO NORTHERLY ISLAND, IL US",2020-09-13,19.4,20.1,19.8
USC00111550,"CHICAGO NORTHERLY ISLAND, IL US",2020-09-14,18.9,19.5,19.2
USC00111550,"CHICAGO NORTHERLY ISLAND, IL US",2020-09-15,21.7,21.4,19.2
USC00111550,"CHICAGO NORTHERLY ISLAND, IL US",2020-09-16,23.9,23.1,18.8
USC00111550,"CHICAGO NORTHERLY ISLAND, IL US",2020-09-17,18.3,18.4,18.8
USC00111550,"CHICAGO NORTHERLY ISLAND, IL US",2020-09-18,14.7,14,13.6
USC00111550,"CHICAGO NORTHERLY ISLAND, IL US",2020-09-19,13.6,13.6,10.8
USC00111550,"CHICAGO NORTHERLY ISLAND, IL US",2020-09-20,16.5,16.6,13.2
USC00111550,"CHICAGO NORTHERLY ISLAND, IL US",2020-09-21,18.1,18.4,14
USC00111550,"CHICAGO NORTHERLY ISLAND, IL US",2020-09-22,21.3,20.3,16.9
USC00111550,"CHICAGO NORTHERLY ISLAND, IL US",2020-09-23,22.1,21.4,18.8
USC00111550,"CHICAGO NORTHERLY ISLAND, IL US",2020-09-24,21.2,21.1,18.5
USC00111550,"CHICAGO NORTHERLY ISLAND, IL US",2020-09-25,23,22.2,18.4
USC00111550,"CHICAGO NORTHERLY ISLAND, IL US",2020-09-26,21.9,21.9,20.6
USC00111550,"CHICAGO NORTHERLY ISLAND, IL US",2020-09-27,19.6,20.5,21.3
USC00111550,"CHICAGO NORTHERLY ISLAND, IL US",2020-09-28,14.4,14.5,13.8
USC00111550,"CHICAGO NORTHERLY ISLAND, IL US",2020-09-29,13,12.7,11.7
USC00111550,"CHICAGO NORTHERLY ISLAND, IL US",2020-09-30,15.5,15.5,12.4
USC00111550,"CHICAGO NORTHERLY ISLAND, IL US",2020-10-01,12.7,12.2,9.8
USC00111550,"CHICAGO NORTHERLY ISLAND, IL US",2020-10-02,10.5,10.5,9.9
USC00111550,"CHICAGO NORTHERLY ISLAND, IL US",2020-10-03,11.8,11.3,10.4
USC00111550,"CHICAGO NORTHERLY ISLAND, IL US",2020-10-04,10.7,10.4,10
USC00111550,"CHICAGO NORTHERLY ISLAND, IL US",2020-10-05,12.8,11.7,9.1
USC00111550,"CHICAGO NORTHERLY ISLAND, IL US",2020-10-06,18.5,17.9,12.7
USC00111550,"CHICAGO NORTHERLY ISLAND, IL US",2020-10-07,18.3,18.4,16.9
USC00111550,"CHICAGO NORTHERLY ISLAND, IL US",2020-10-08,16.3,16.1,15.1
USC00111550,"CHICAGO NORTHERLY ISLAND, IL US",2020-10-09,21.3,20.5,15.7
USC00111550,"CHICAGO NORTHERLY ISLAND, IL US",2020-10-10,19.7,20,20.5
USC00111550,"CHICAGO NORTHERLY ISLAND, IL US",2020-10-16,8.9,8.4,5.7
USC00111550,"CHICAGO NORTHERLY ISLAND, IL US",2020-10-17,12.8,11.9,7.4
USC00111550,"CHICAGO NORTHERLY ISLAND, IL US",2020-10-18,11.3,10.7,11.2
USC00111550,"CHICAGO NORTHERLY ISLAND, IL US",2020-10-19,8.7,8.2,5.5
USC00111550,"CHICAGO NORTHERLY ISLAND, IL US",2020-10-20,10,9.5,8.5
USC00111550,"CHICAGO NORTHERLY ISLAND, IL US",2020-10-21,10.7,11.2,9
USC00111550,"CHICAGO NORTHERLY ISLAND, IL US",2020-10-22,18.7,18.7,12
USC00111550,"CHICAGO NORTHERLY ISLAND, IL US",2020-10-23,15.1,15,16.8
USC00111550,"CHICAGO NORTHERLY ISLAND, IL US",2020-10-24,6.3,6.3,5.3
USC00111550,"CHICAGO NORTHERLY ISLAND, IL US",2020-10-25,6.9,6.6,5.9
USC00111550,"CHICAGO NORTHERLY ISLAND, IL US",2020-10-26,4.4,4.2,6.7
USC00111550,"CHICAGO NORTHERLY ISLAND, IL US",2020-10-27,2.8,2.6,3.2
USC00111550,"CHICAGO NORTHERLY ISLAND, IL US",2020-10-28,6.9,6.2,3.9
USC00111550,"CHICAGO NORTHERLY ISLAND, IL US",2020-10-29,6.5,6.6,6.7
USC00111550,"CHICAGO NORTHERLY ISLAND, IL US",2020-10-30,4.1,3.7,4
USC00111550,"CHICAGO NORTHERLY ISLAND, IL US",2020-10-31,9.8,8.6,4.3
USC00111550,"CHICAGO NORTHERLY ISLAND, IL US",2020-11-01,8,7.5,5.5
USC00111550,"CHICAGO NORTHERLY ISLAND, IL US",2020-11-02,5.8,5.6,1.1
USC00111550,"CHICAGO NORTHERLY ISLAND, IL US",2020-11-03,14.5,13.3,5.6
USC00111550,"CHICAGO NORTHERLY ISLAND, IL US",2020-11-04,18.4,17.9,11
USC00111550,"CHICAGO NORTHERLY ISLAND, IL US",2020-11-05,18.6,18.1,13.8
USC00111550,"CHICAGO NORTHERLY ISLAND, IL US",2020-11-06,18.3,17.9,13.4
USC00111550,"CHICAGO NORTHERLY ISLAND, IL US",2020-11-07,18,17.9,14
USC00111550,"CHICAGO NORTHERLY ISLAND, IL US",2020-11-08,18.7,19.1,14.1
USC00111550,"CHICAGO NORTHERLY ISLAND, IL US",2020-11-09,19.5,20.8,18.2
USC00111550,"CHICAGO NORTHERLY ISLAND, IL US",2020-11-10,16.5,17.7,18.9
USC00111550,"CHICAGO NORTHERLY ISLAND, IL US",2020-11-11,5.7,5.9,8
USC00111550,"CHICAGO NORTHERLY ISLAND, IL US",2020-11-12,8.9,7.6,3.7
USC00111550,"CHICAGO NORTHERLY ISLAND, IL US",2020-11-13,5.3,4.3,4.1
USC00111550,"CHICAGO NORTHERLY ISLAND, IL US",2020-11-14,5.8,5.2,0.7
USC00111550,"CHICAGO NORTHERLY ISLAND, IL US",2020-11-15,8.4,8,6.4
USC00111550,"CHICAGO NORTHERLY ISLAND, IL US",2020-11-16,5.3,5.1,3.1
USC00111550,"CHICAGO NORTHERLY ISLAND, IL US",2020-11-17,3.2,3.1,2.3
USC00111550,"CHICAGO NORTHERLY ISLAND, IL US",2020-11-18,6.9,6.5,2.2
USC00111550,"CHICAGO NORTHERLY ISLAND, IL US",2020-11-19,14.7,13.9,6.8
USC00111550,"CHICAGO NORTHERLY ISLAND, IL US",2020-11-20,12,12.8,9.8
USC00111550,"CHICAGO NORTHERLY ISLAND, IL US",2020-11-21,5.6,6.3,5.4
USC00111550,"CHICAGO NORTHERLY ISLAND, IL US",2020-11-22,5.6,5.9,3.4
USC00111550,"CHICAGO NORTHERLY ISLAND, IL US",2020-11-23,5.5,4.9,2.1
USC00111550,"CHICAGO NORTHERLY ISLAND, IL US",2020-11-24,4.6,4.6,2.2
USC00111550,"CHICAGO NORTHERLY ISLAND, IL US",2020-11-25,7.4,7.3,5.1
USC00111550,"CHICAGO NORTHERLY ISLAND, IL US",2020-11-26,6.5,6.5,7
USC00111550,"CHICAGO NORTHERLY ISLAND, IL US",2020-11-27,5.2,5,3.7
USC00111550,"CHICAGO NORTHERLY ISLAND, IL US",2020-11-28,5.6,5.1,2.1
USC00111550,"CHICAGO NORTHERLY ISLAND, IL US",2020-11-29,7.4,6.8,3.2
USC00111550,"CHICAGO NORTHERLY ISLAND, IL US",2020-11-30,1.6,1.5,1.9
USC00111550,"CHICAGO NORTHERLY ISLAND, IL US",2020-12-01,-0.4,-0.3,-0.2
USC00111550,"CHICAGO NORTHERLY ISLAND, IL US",2020-12-02,4.7,3.8,-1
USC00111550,"CHICAGO NORTHERLY ISLAND, IL US",2020-12-03,5,4.1,-1.4
USC00111550,"CHICAGO NORTHERLY ISLAND, IL US",2020-12-04,5.2,4.7,-0
USC00111550,"CHICAGO NORTHERLY ISLAND, IL US",2020-12-05,3.2,2.7,0.9
USC00111550,"CHICAGO NORTHERLY ISLAND, IL US",2020-12-06,1.9,1.8,0.4
USC00111550,"CHICAGO NORTHERLY ISLAND, IL US",2020-12-07,2.1,1.9,1.2
USC00111550,"CHICAGO NORTHERLY ISLAND, IL US",2020-12-08,1.9,1.8,1.9
USC00111550,"CHICAGO NORTHERLY ISLAND, IL US",2020-12-09,7.2,6.6,3.2
USC00111550,"CHICAGO NORTHERLY ISLAND, IL US",2020-12-12,3,4,5.4
USC00111550,"CHICAGO NORTHERLY ISLAND, IL US",2020-12-13,0.9,0.9,1.7
USC00111550,"CHICAGO NORTHERLY ISLAND, IL US",2020-12-14,-1.2,-1.3,-1.4
USC00111550,"CHICAGO NORTHERLY ISLAND, IL US",2020-12-15,-1.2,-2,-2.7
USC00111550,"CHICAGO NORTHERLY ISLAND, IL US",2020-12-16,-0,-0.5,-1.1
USC00111550,"CHICAGO NORTHERLY ISLAND, IL US",2020-12-17,0.4,0,0.1
USC00111550,"CHICAGO NORTHERLY ISLAND, IL US",2020-12-18,0.6,-0.1,-0.3
USC00111550,"CHICAGO NORTHERLY ISLAND, IL US",2020-12-19,4.7,4.2,1.4
USC00111550,"CHICAGO NORTHERLY ISLAND, IL US",2020-12-20,3,3.3,0.7
USC00111550,"CHICAGO NORTHERLY ISLAND, IL US",2020-12-21,5.2,5.1,0.2
USC00111550,"CHICAGO NORTHERLY ISLAND, IL US",2020-12-22,3.5,3.7,0.8
USC00111550,"CHICAGO NORTHERLY ISLAND, IL US",2020-12-23,7,7.5,4.2
USC00111550,"CHICAGO NORTHERLY ISLAND, IL US",2020-12-24,-5.9,-5.5,-2
USC00111550,"CHICAGO NORTHERLY ISLAND, IL US",2020-12-25,-8.2,-8.2,-9.2
USC00111550,"CHICAGO NORTHERLY ISLAND, IL US",2020-12-26,-2.6,-2.6,-5.9
USC00111550,"CHICAGO NORTHERLY ISLAND, IL US",2020-12-27,3.9,2.8,-1.7
USC00111550,"CHICAGO NORTHERLY ISLAND, IL US",2020-12-28,-1.1,-1.2,0.5
USC00111550,"CHICAGO NORTHERLY ISLAND, IL US",2020-12-29,-2.6,-2.8,-3.4
USC00111550,"CHICAGO NORTHERLY ISLAND, IL US",2020-12-30,0,-0.3,-0.4
USW00094846,"CHICAGO OHARE INTERNATIONAL AIRPORT, IL US",2020-01-01,1,0.6,-2.5
USW00094846,"CHICAGO OHARE INTERNATIONAL AIRPORT, IL US",2020-01-02,6.5,5.6,0.6
USW00094846,"CHICAGO OHARE INTERNATIONAL AIRPORT, IL US",2020-01-03,3.3,3.1,1.1
USW00094846,"CHICAGO OHARE INTERNATIONAL AIRPORT, IL US",2020-01-04,-0.9,-0.5,0.1
USW00094846,"CHICAGO OHARE INTERNATIONAL AIRPORT, IL US",2020-01-05,1.7,1.5,-1.1
USW00094846,"CHICAGO OHARE INTERNATIONAL AIRPORT, IL US",2020-01-06,2.3,2.4,-0.6
USW00094846,"CHICAGO OHARE INTERNATIONAL AIRPORT, IL US",2020-01-07,1.8,1.7,0.5
USW00094846,"CHICAGO OHARE INTERNATIONAL AIRPORT, IL US",2020-01-08,-4.9,-3.8,-4.4
USW00094846,"CHICAGO OHARE INTERNATIONAL AIRPORT, IL US",2020-01-09,4.1,3.1,-1.7
USW00094846,"CHICAGO OHARE INTERNATIONAL AIRPORT, IL US",2020-01-10,6.9,6.1,4.4
USW00094846,"CHICAGO OHARE INTERNATIONAL AIRPORT, IL US",2020-01-11,0.2,0.9,2.2
USW00094846,"CHICAGO OHARE INTERNATIONAL AIRPORT, IL US",2020-01-12,-2.2,-1.9,-1.4
USW00094846,"CHICAGO OHARE INTERNATIONAL AIRPORT, IL US",2020-01-13,0.2,-0.2,0.6
USW00094846,"CHICAGO OHARE INTERNATIONAL AIRPORT, IL US",2020-01-14,0.9,1.7,1
USW00094846,"CHICAGO OHARE INTERNATIONAL AIRPORT, IL US",2020-01-15,-0.2,-0.3,0.7
USW00094846,"CHICAGO OHARE INTERNATIONAL AIRPORT, IL US",2020-01-16,-5.5,-5.2,-4.1
USW00094846,"CHICAGO OHARE INTERNATIONAL AIRPORT, IL US",2020-01-17,-5.5,-4.8,-5.5
USW00094846,"CHICAGO OHARE INTERNATIONAL AIRPORT, IL US",2020-01-18,-4.8,-3.9,-1.2
USW00094846,"CHICAGO OHARE INTERNATIONAL AIRPORT, IL US",2020-01-19,-10.8,-10.7,-9.9
USW00094846,"CHICAGO OHARE INTERNATIONAL AIRPORT, IL US",2020-01-20,-3.5,-5.3,-4.9
USW00094846,"CHICAGO OHARE INTERNATIONAL AIRPORT, IL US",2020-01-21,-4.6,-5.1,-7.8
USW00094846,"CHICAGO OHARE INTERNATIONAL AIRPORT, IL US",2020-01-22,-1,-2.1,-5.1
USW00094846,"CHICAGO OHARE INTERNATIONAL AIRPORT, IL US",2020-01-23,0,-0.3,-0.4
USW00094846,"CHICAGO OHARE INTERNATIONAL AIRPORT, IL US",2020-01-24,1.7,1.8,1.1
USW00094846,"CHICAGO OHARE INTERNATIONAL AIRPORT, IL US",2020-01-25,0.7,1.1,0.8
USW00094846,"CHICAGO OHARE INTERNATIONAL AIRPORT, IL US",2020-01-26,-0.7,-0,0.1
USW00094846,"CHICAGO OHARE INTERNATIONAL AIRPORT, IL US",2020-01-27,-0,0,-0.1
USW00094846,"CHICAGO OHARE INTERNATIONAL AIRPORT, IL US",2020-01-28,0.2,-0.4,-0
USW00094846,"CHICAGO OHARE INTERNATIONAL AIRPORT, IL US",2020-01-29,0.3,-0.4,-2.2
USW00094846,"CHICAGO OHARE INTERNATIONAL AIRPORT, IL US",2020-01-30,1,-0.2,-1
USW00094846,"CHICAGO OHARE INTERNATIONAL AIRPORT, IL US",2020-01-31,1.7,1,0.2
USW00094846,"CHICAGO OHARE INTERNATIONAL AIRPORT, IL US",2020-02-01,2.4,2.2,0.5
USW00094846,"CHICAGO OHARE INTERNATIONAL AIRPORT, IL US",2020-02-02,7.4,6.9,1.3
USW00094846,"CHICAGO OHARE INTERNATIONAL AIRPORT, IL US",2020-02-03,5,3.8,0.6
USW00094846,"CHICAGO OHARE INTERNATIONAL AIRPORT, IL US",2020-02-04,2.2,1,1.5
USW00094846,"CHICAGO OHARE INTERNATIONAL AIRPORT, IL US",2020-02-05,-0.7,-1.4,-1.6
USW00094846,"CHICAGO OHARE INTERNATIONAL AIRPORT, IL US",2020-02-06,-1.7,-1.6,-2.1
USW00094846,"CHICAGO OHARE INTERNATIONAL AIRPORT, IL US",2020-02-07,0.3,-0.7,-2.1
USW00094846,"CHICAGO OHARE INTERNATIONAL AIRPORT, IL US",2020-02-08,0.9,-0.1,-2
USW00094846,"CHICAGO OHARE INTERNATIONAL AIRPORT, IL US",2020-02-09,0.2,-0.5,-1.7
USW00094846,"CHICAGO OHARE INTERNATIONAL AIRPORT, IL US",2020-02-10,1.1,0.1,-0.6
USW00094846,"CHICAGO OHARE INTERNATIONAL AIRPORT, IL US",2020-02-11,-0.2,-1.1,-2.1
USW00094846,"CHICAGO OHARE INTERNATIONAL AIRPORT, IL US",2020-02-12,0,-1,-2.7
USW00094846,"CHICAGO OHARE INTERNATIONAL AIRPORT, IL US",2020-02-13,-6.1,-6.4,-2.4
USW00094846,"CHICAGO OHARE INTERNATIONAL AIRPORT, IL US",2020-02-14,-13,-13.3,-13.6
USW00094846,"CHICAGO OHARE INTERNATIONAL AIRPORT, IL US",2020-02-15,-5.1,-6.7,-8.4
USW00094846,"CHICAGO OHARE INTERNATIONAL AIRPORT, IL US",2020-02-16,1.1,-0.4,-3.8
USW00094846,"CHICAGO OHARE INTERNATIONAL AIRPORT, IL US",2020-02-17,2.2,1.1,-1.3
USW00094846,"CHICAGO OHARE INTERNATIONAL AIRPORT, IL US",2020-02-18,0.9,0.9,0.3
USW00094846,"CHICAGO OHARE INTERNATIONAL AIRPORT, IL US",2020-02-19,-3.8,-4.6,-5.7
USW00094846,"CHICAGO OHARE INTERNATIONAL AIRPORT, IL US",2020-02-20,-7.3,-7.8,-8.6
USW00094846,"CHICAGO OHARE INTERNATIONAL AIRPORT, IL US",2020-02-21,-2.3,-3.6,-8.1
USW00094846,"CHICAGO OHARE INTERNATIONAL AIRPORT, IL US",2020-02-22,5.6,3.1,-1.6
USW00094846,"CHICAGO OHARE INTERNATIONAL AIRPORT, IL US",2020-02-23,8.4,7.2,1.6
USW00094846,"CHICAGO OHARE INTERNATIONAL AIRPORT, IL US",2020-02-24,4.4,3.6,1.2
USW00094846,"CHICAGO OHARE INTERNATIONAL AIRPORT, IL US",2020-02-25,3.3,2.6,1.3
USW00094846,"CHICAGO OHARE INTERNATIONAL AIRPORT, IL US",2020-02-26,-0.9,-1.1,-0.1
USW00094846,"CHICAGO OHARE INTERNATIONAL AIRPORT, IL US",2020-02-27,-2.4,-2.6,-3.1
USW00094846,"CHICAGO OHARE INTERNATIONAL AIRPORT, IL US",2020-02-28,-3.4,-4.2,-4.7
USW00094846,"CHICAGO OHARE INTERNATIONAL AIRPORT, IL US",2020-02-29,-1.5,-2.3,-5.5
USW00094846,"CHICAGO OHARE INTERNATIONAL AIRPORT, IL US",2020-03-01,9.1,6.8,0.1
USW00094846,"CHICAGO OHARE INTERNATIONAL AIRPORT, IL US",2020-03-02,6.5,5.9,2.3
USW00094846,"CHICAGO OHARE INTERNATIONAL AIRPORT, IL US",2020-03-03,5.7,5.1,2.6
USW00094846,"CHICAGO OHARE INTERNATIONAL AIRPORT, IL US",2020-03-04,5.7,5.2,2.3
USW00094846,"CHICAGO OHARE INTERNATIONAL AIRPORT, IL US",2020-03-05,7.3,6.1,1.8
USW00094846,"CHICAGO OHARE INTERNATIONAL AIRPORT, IL US",2020-03-06,1.8,2,1.5
USW00094846,"CHICAGO OHARE INTERNATIONAL AIRPORT, IL US",2020-03-07,5.6,4.1,0.9
USW00094846,"CHICAGO OHARE INTERNATIONAL AIRPORT, IL US",2020-03-08,14,11.5,4.7
USW00094846,"CHICAGO OHARE INTERNATIONAL AIRPORT, IL US",2020-03-09,11.9,11.1,7.7
USW00094846,"CHICAGO OHARE INTERNATIONAL AIRPORT, IL US",2020-03-10,7.1,6.8,6.6
USW00094846,"CHICAGO OHARE INTERNATIONAL AIRPORT, IL US",2020-03-11,5.2,4.6,3.3
USW00094846,"CHICAGO OHARE INTERNATIONAL AIRPORT, IL US",2020-03-12,9.8,8.4,8.3
USW00094846,"CHICAGO OHARE INTERNATIONAL AIRPORT, IL US",2020-03-13,6.5,6,5.6
USW00094846,"CHICAGO OHARE INTERNATIONAL AIRPORT, IL US",2020-03-14,2.9,2.5,1.5
USW00094846,"CHICAGO OHARE INTERNATIONAL AIRPORT, IL US",2020-03-15,3.2,2.8,1.6
USW00094846,"CHICAGO OHARE INTERNATIONAL AIRPORT, IL US",2020-03-16,2.3,2,2.1
USW00094846,"CHICAGO OHARE INTERNATIONAL AIRPORT, IL US",2020-03-17,6.9,5.2,4.8
USW00094846,"CHICAGO OHARE INTERNATIONAL AIRPORT, IL US",2020-03-18,6.3,5.1,3.4
USW00094846,"CHICAGO OHARE INTERNATIONAL AIRPORT, IL US",2020-03-19,12.8,11.3,8
USW00094846,"CHICAGO OHARE INTERNATIONAL AIRPORT, IL US",2020-03-20,10.2,7.5,9
USW00094846,"CHICAGO OHARE INTERNATIONAL AIRPORT, IL US",2020-03-21,-0.2,-0.9,-0.2
USW00094846,"CHICAGO OHARE INTERNATIONAL AIRPORT, IL US",2020-03-22,0.4,-0.4,0.7
USW00094846,"CHICAGO OHARE INTERNATIONAL AIRPORT, IL US",2020-03-23,4.6,3.3,4.2
USW00094846,"CHICAGO OHARE INTERNATIONAL AIRPORT, IL US",2020-03-24,6.1,4.6,3.9
USW00094846,"CHICAGO OHARE INTERNATIONAL AIRPORT, IL US",2020-03-25,8.7,7.9,6.7
USW00094846,"CHICAGO OHARE INTERNATIONAL AIRPORT, IL US",2020-03-26,8,7.5,8.8
USW00094846,"CHICAGO OHARE INTERNATIONAL AIRPORT, IL US",2020-03-27,7.2,6.8,5.6
USW00094846,"CHICAGO OHARE INTERNATIONAL AIRPORT, IL US",2020-03-28,14.4,12.6,10.1
USW00094846,"CHICAGO OHARE INTERNATIONAL AIRPORT, IL US",2020-03-29,13.1,10.9,12
USW00094846,"CHICAGO OHARE INTERNATIONAL AIRPORT, IL US",2020-03-30,8,6.9,7.2
USW00094846,"CHICAGO OHARE INTERNATIONAL AIRPORT, IL US",2020-03-31,4.8,5,3.9
USW00094846,"CHICAGO OHARE INTERNATIONAL AIRPORT, IL US",2020-04-01,8.4,7.2,4.3
USW00094846,"CHICAGO OHARE INTERNATIONAL AIRPORT, IL US",2020-04-02,10.2,8.7,6.6
USW00094846,"CHICAGO OHARE INTERNATIONAL AIRPORT, IL US",2020-04-03,15.9,13.5,10.2
USW00094846,"CHICAGO OHARE INTERNATIONAL AIRPORT, IL US",2020-04-04,7.8,8.4,10.3
USW00094846,"CHICAGO OHARE INTERNATIONAL AIRPORT, IL US",2020-04-05,7.4,6.8,5.3
USW00094846,"CHICAGO OHARE INTERNATIONAL AIRPORT, IL US",2020-04-06,11.5,10,6
USW00094846,"CHICAGO OHARE INTERNATIONAL AIRPORT, IL US",2020-04-07,20.4,18.3,14.5
USW00094846,"CHICAGO OHARE INTERNATIONAL AIRPORT, IL US",2020-04-08,17.6,16,17.6
USW00094846,"CHICAGO OHARE INTERNATIONAL AIRPORT, IL US",2020-04-09,6.9,7.8,7.7
USW00094846,"CHICAGO OHARE INTERNATIONAL AIRPORT, IL US",2020-04-10,6.3,5.9,3.4
USW00094846,"CHICAGO OHARE INTERNATIONAL AIRPORT, IL US",2020-04-11,12.6,11.3,7.9
USW00094846,"CHICAGO OHARE INTERNATIONAL AIRPORT, IL US",2020-04-12,15.2,14,10.3
USW00094846,"CHICAGO OHARE INTERNATIONAL AIRPORT, IL US",2020-04-13,8.5,6.8,7.6
USW00094846,"CHICAGO OHARE INTERNATIONAL AIRPORT, IL US",2020-04-14,2.6,1.9,1.5
USW00094846,"CHICAGO OHARE INTERNATIONAL AIRPORT, IL US",2020-04-15,1.6,1.4,0.4
USW00094846,"CHICAGO OHARE INTERNATIONAL AIRPORT, IL US",2020-04-16,4.2,3.3,1.1
USW00094846,"CHICAGO OHARE INTERNATIONAL AIRPORT, IL US",2020-04-17,3.8,3.6,2.9
USW00094846,"CHICAGO OHARE INTERNATIONAL AIRPORT, IL US",2020-04-18,9.5,8.9,5.1
USW00094846,"CHICAGO OHARE INTERNATIONAL AIRPORT, IL US",2020-04-19,11.7,10.6,7.6
USW00094846,"CHICAGO OHARE INTERNATIONAL AIRPORT, IL US",2020-04-20,11.7,11.1,7.1
USW00094846,"CHICAGO OHARE INTERNATIONAL AIRPORT, IL US",2020-04-21,8,7.8,5.9
USW00094846,"CHICAGO OHARE INTERNATIONAL AIRPORT, IL US",2020-04-22,12.2,10.4,6
USW00094846,"CHICAGO OHARE INTERNATIONAL AIRPORT, IL US",2020-04-23,10.8,10.8,12.1
USW00094846,"CHICAGO OHARE INTERNATIONAL AIRPORT, IL US",2020-04-24,7.8,7.9,10.3
USW00094846,"CHICAGO OHARE INTERNATIONAL AIRPORT, IL US",2020-04-25,7.2,7.1,7.1
USW00094846,"CHICAGO OHARE INTERNATIONAL AIRPORT, IL US",2020-04-26,12.4,11.5,8.7
USW00094846,"CHICAGO OHARE INTERNATIONAL AIRPORT, IL US",2020-04-27,13.9,12.9,9.2
USW00094846,"CHICAGO OHARE INTERNATIONAL AIRPORT, IL US",2020-04-28,18.3,17.2,13.8
USW00094846,"CHICAGO OHARE INTERNATIONAL AIRPORT, IL US",2020-04-29,12.2,12.2,15.6
USW00094846,"CHICAGO OHARE INTERNATIONAL AIRPORT, IL US",2020-04-30,10.3,10,7.6
USW00094846,"CHICAGO OHARE INTERNATIONAL AIRPORT, IL US",2020-05-01,13.4,12.1,10.3
USW00094846,"CHICAGO OHARE INTERNATIONAL AIRPORT, IL US",2020-05-02,21.1,19.5,16
USW00094846,"CHICAGO OHARE INTERNATIONAL AIRPORT, IL US",2020-05-03,17.6,18,16.2
USW00094846,"CHICAGO OHARE INTERNATIONAL AIRPORT, IL US",2020-05-04,7.1,7.9,9.7
USW00094846,"CHICAGO OHARE INTERNATIONAL AIRPORT, IL US",2020-05-05,7.4,7.1,7.2
USW00094846,"CHICAGO OHARE INTERNATIONAL AIRPORT, IL US",2020-05-06,12.2,11.1,8.5
USW00094846,"CHICAGO OHARE INTERNATIONAL AIRPORT, IL US",2020-05-07,14.3,13.7,10.9
USW00094846,"CHICAGO OHARE INTERNATIONAL AIRPORT, IL US",2020-05-08,5.2,5.1,6.2
USW00094846,"CHICAGO OHARE INTERNATIONAL AIRPORT, IL US",2020-05-09,8.9,8.1,4.3
USW00094846,"CHICAGO OHARE INTERNATIONAL AIRPORT, IL US",2020-05-10,8.9,8.3,8
USW00094846,"CHICAGO OHARE INTERNATIONAL AIRPORT, IL US",2020-05-11,8.7,7.9,6
USW00094846,"CHICAGO OHARE INTERNATIONAL AIRPORT, IL US",2020-05-12,12.4,10.8,9.2
USW00094846,"CHICAGO OHARE INTERNATIONAL AIRPORT, IL US",2020-05-13,14.7,13.5,10.6
USW00094846,"CHICAGO OHARE INTERNATIONAL AIRPORT, IL US",2020-05-14,18.6,17.9,14.3
USW00094846,"CHICAGO OHARE INTERNATIONAL AIRPORT, IL US",2020-05-15,20.6,19.6,20.2
USW00094846,"CHICAGO OHARE INTERNATIONAL AIRPORT, IL US",2020-05-16,15.7,15,16
USW00094846,"CHICAGO OHARE INTERNATIONAL AIRPORT, IL US",2020-05-17,16.7,16.5,16
USW00094846,"CHICAGO OHARE INTERNATIONAL AIRPORT, IL US",2020-05-18,15.4,15.2,17.5
USW00094846,"CHICAGO OHARE INTERNATIONAL AIRPORT, IL US",2020-05-19,13.5,13.5,12.5
USW00094846,"CHICAGO OHARE INTERNATIONAL AIRPORT, IL US",2020-05-20,16.1,15.2,14.8
USW00094846,"CHICAGO OHARE INTERNATIONAL AIRPORT, IL US",2020-05-21,18.3,16.8,14.6
USW00094846,"CHICAGO OHARE INTERNATIONAL AIRPORT, IL US",2020-05-22,18.9,17.4,16.8
USW00094846,"CHICAGO OHARE INTERNATIONAL AIRPORT, IL US",2020-05-23,21.9,19.9,19.2
USW00094846,"CHICAGO OHARE INTERNATIONAL AIRPORT, IL US",2020-05-24,26.5,24.6,23.1
USW00094846,"CHICAGO OHARE INTERNATIONAL AIRPORT, IL US",2020-05-25,27,25.9,24.2
USW00094846,"CHICAGO OHARE INTERNATIONAL AIRPORT, IL US",2020-05-26,27.1,25.8,24.8
USW00094846,"CHICAGO OHARE INTERNATIONAL AIRPORT, IL US",2020-05-27,27.3,25.9,23.8
USW00094846,"CHICAGO OHARE INTERNATIONAL AIRPORT, IL US",2020-05-28,23.4,24,22.7
USW00094846,"CHICAGO OHARE INTERNATIONAL AIRPORT, IL US",2020-05-29,20.5,19.8,19.3
USW00094846,"CHICAGO OHARE INTERNATIONAL AIRPORT, IL US",2020-05-30,18.6,17.7,15.5
USW00094846,"CHICAGO OHARE INTERNATIONAL AIRPORT, IL US",2020-05-31,16.4,15.5,14.4
USW00094846,"CHICAGO OHARE INTERNATIONAL AIRPORT, IL US",2020-06-01,19.4,19.2,14.4
USW00094846,"CHICAGO OHARE INTERNATIONAL AIRPORT, IL US",2020-06-02,28.5,26.8,20.4
USW00094846,"CHICAGO OHARE INTERNATIONAL AIRPORT, IL US",2020-06-03,26.2,25.5,25.3
USW00094846,"CHICAGO OHARE INTERNATIONAL AIRPORT, IL US",2020-06-04,27.2,25.6,24.3
USW00094846,"CHICAGO OHARE INTERNATIONAL AIRPORT, IL US",2020-06-05,27.5,26.6,22.7
USW00094846,"CHICAGO OHARE INTERNATIONAL AIRPORT, IL US",2020-06-06,20.7,21.8,22.5
USW00094846,"CHICAGO OHARE INTERNATIONAL AIRPORT, IL US",2020-06-07,21.1,20.7,17.1
USW00094846,"CHICAGO OHARE INTERNATIONAL AIRPORT, IL US",2020-06-08,26.1,24.8,20.3
USW00094846,"CHICAGO OHARE INTERNATIONAL AIRPORT, IL US",2020-06-09,28.9,26.5,22.8
USW00094846,"CHICAGO OHARE INTERNATIONAL AIRPORT, IL US",2020-06-10,24.1,24.5,24.1
USW00094846,"CHICAGO OHARE INTERNATIONAL AIRPORT, IL US",2020-06-11,22.8,22.5,19
USW00094846,"CHICAGO OHARE INTERNATIONAL AIRPORT, IL US",2020-06-12,19.3,20,18.5
USW00094846,"CHICAGO OHARE INTERNATIONAL AIRPORT, IL US",2020-06-13,15.8,16.4,15.9
USW00094846,"CHICAGO OHARE INTERNATIONAL AIRPORT, IL US",2020-06-14,16.7,16.7,14.4
USW00094846,"CHICAGO OHARE INTERNATIONAL AIRPORT, IL US",2020-06-15,18.2,17.7,14.8
USW00094846,"CHICAGO OHARE INTERNATIONAL AIRPORT, IL US",2020-06-16,23.7,21.6,18.7
USW00094846,"CHICAGO OHARE INTERNATIONAL AIRPORT, IL US",2020-06-17,25.6,23.9,22.1
USW00094846,"CHICAGO OHARE INTERNATIONAL AIRPORT, IL US",2020-06-18,27,24.8,22.1
USW00094846,"CHICAGO OHARE INTERNATIONAL AIRPORT, IL US",2020-06-19,28.7,26.7,23.4
USW00094846,"CHICAGO OHARE INTERNATIONAL AIRPORT, IL US",2020-06-20,28.4,27.3,24.4
USW00094846,"CHICAGO OHARE INTERNATIONAL AIRPORT, IL US",2020-06-21,25.6,25.1,25.6
USW00094846,"CHICAGO OHARE INTERNATIONAL AIRPORT, IL US",2020-06-22,26.5,25.2,24.1
USW00094846,"CHICAGO OHARE INTERNATIONAL AIRPORT, IL US",2020-06-23,22.3,21.9,20.8
USW00094846,"CHICAGO OHARE INTERNATIONAL AIRPORT, IL US",2020-06-24,22.8,21.6,18.5
USW00094846,"CHICAGO OHARE INTERNATIONAL AIRPORT, IL US",2020-06-25,24.8,23.4,20.6
USW00094846,"CHICAGO OHARE INTERNATIONAL AIRPORT, IL US",2020-06-26,24.8,24,21.8
USW00094846,"CHICAGO OHARE INTERNATIONAL AIRPORT, IL US",2020-06-27,27.6,26.7,25.9
USW00094846,"CHICAGO OHARE INTERNATIONAL AIRPORT, IL US",2020-06-28,26.6,25.7,25.3
USW00094846,"CHICAGO OHARE INTERNATIONAL AIRPORT, IL US",2020-06-29,29.3,27.7,26.1
USW00094846,"CHICAGO OHARE INTERNATIONAL AIRPORT, IL US",2020-06-30,28.9,27.2,27
USW00094846,"CHICAGO OHARE INTERNATIONAL AIRPORT, IL US",2020-07-01,27.8,26.7,26
USW00094846,"CHICAGO OHARE INTERNATIONAL AIRPORT, IL US",2020-07-02,28,27,25.2
USW00094846,"CHICAGO OHARE INTERNATIONAL AIRPORT, IL US",2020-07-03,28,26.7,24.2
USW00094846,"CHICAGO OHARE INTERNATIONAL AIRPORT, IL US",2020-07-04,27.8,27,24.8
USW00094846,"CHICAGO OHARE INTERNATIONAL AIRPORT, IL US",2020-07-05,29.4,27.7,25.1
USW00094846,"CHICAGO OHARE INTERNATIONAL AIRPORT, IL US",2020-07-06,30.6,29,26
USW00094846,"CHICAGO OHARE INTERNATIONAL AIRPORT, IL US",2020-07-07,30.6,29.6,26.5
USW00094846,"CHICAGO OHARE INTERNATIONAL AIRPORT, IL US",2020-07-08,29.7,28.7,27.5
USW00094846,"CHICAGO OHARE INTERNATIONAL AIRPORT, IL US",2020-07-09,29.5,28.9,27.6
USW00094846,"CHICAGO OHARE INTERNATIONAL AIRPORT, IL US",2020-07-10,26.7,26.6,26.1
USW00094846,"CHICAGO OHARE INTERNATIONAL AIRPORT, IL US",2020-07-11,26.4,25.6,24
USW00094846,"CHICAGO OHARE INTERNATIONAL AIRPORT, IL US",2020-07-12,23.7,23.5,25
USW00094846,"CHICAGO OHARE INTERNATIONAL AIRPORT, IL US",2020-07-13,24.7,23.3,21.5
USW00094846,"CHICAGO OHARE INTERNATIONAL AIRPORT, IL US",2020-07-14,26.1,24.8,22.1
USW00094846,"CHICAGO OHARE INTERNATIONAL AIRPORT, IL US",2020-07-15,26.3,25.6,23.6
USW00094846,"CHICAGO OHARE INTERNATIONAL AIRPORT, IL US",2020-07-16,25.7,24.9,24.7
USW00094846,"CHICAGO OHARE INTERNATIONAL AIRPORT, IL US",2020-07-17,27.4,26.1,24
USW00094846,"CHICAGO OHARE INTERNATIONAL AIRPORT, IL US",2020-07-18,29.7,28.1,26.5
USW00094846,"CHICAGO OHARE INTERNATIONAL AIRPORT, IL US",2020-07-19,26.5,26,27.6
USW00094846,"CHICAGO OHARE INTERNATIONAL AIRPORT, IL US",2020-07-20,26.4,25.1,23.5
USW00094846,"CHICAGO OHARE INTERNATIONAL AIRPORT, IL US",2020-07-21,26.1,24.5,24.4
USW00094846,"CHICAGO OHARE INTERNATIONAL AIRPORT, IL US",2020-07-22,27.2,26.6,25.2
USW00094846,"CHICAGO OHARE INTERNATIONAL AIRPORT, IL US",2020-07-23,24.4,23.4,24.6
USW00094846,"CHICAGO OHARE INTERNATIONAL AIRPORT, IL US",2020-07-24,25.8,24.5,22.9
USW00094846,"CHICAGO OHARE INTERNATIONAL AIRPORT, IL US",2020-07-25,28.3,26.9,24.8
USW00094846,"CHICAGO OHARE INTERNATIONAL AIRPORT, IL US",2020-07-26,31.2,29.9,27
USW00094846,"CHICAGO OHARE INTERNATIONAL AIRPORT, IL US",2020-07-27,27.3,26.4,28
USW00094846,"CHICAGO OHARE INTERNATIONAL AIRPORT, IL US",2020-07-28,27.3,26.5,23.7
USW00094846,"CHICAGO OHARE INTERNATIONAL AIRPORT, IL US",2020-07-29,28.9,27.5,24.2
USW00094846,"CHICAGO OHARE INTERNATIONAL AIRPORT, IL US",2020-07-30,25,24.9,25.3
USW00094846,"CHICAGO OHARE INTERNATIONAL AIRPORT, IL US",2020-07-31,24.3,23.8,22.2
USW00094846,"CHICAGO OHARE INTERNATIONAL AIRPORT, IL US",2020-08-01,24.3,23.1,22.3
USW00094846,"CHICAGO OHARE INTERNATIONAL AIRPORT, IL US",2020-08-02,25.8,24.8,22.8
USW00094846,"CHICAGO OHARE INTERNATIONAL AIRPORT, IL US",2020-08-03,19.8,19.5,20.1
USW00094846,"CHICAGO OHARE INTERNATIONAL AIRPORT, IL US",2020-08-04,20.7,19.6,18.3
USW00094846,"CHICAGO OHARE INTERNATIONAL AIRPORT, IL US",2020-08-05,20.8,19.9,18.5
USW00094846,"CHICAGO OHARE INTERNATIONAL AIRPORT, IL US",2020-08-06,24.3,22.5,20.1
USW00094846,"CHICAGO OHARE INTERNATIONAL AIRPORT, IL US",2020-08-07,24.8,23.1,21.6
USW00094846,"CHICAGO OHARE INTERNATIONAL AIRPORT, IL US",2020-08-08,27.1,25.5,22.4
USW00094846,"CHICAGO OHARE INTERNATIONAL AIRPORT, IL US",2020-08-09,29.5,27.9,26
USW00094846,"CHICAGO OHARE INTERNATIONAL AIRPORT, IL US",2020-08-10,28,27.1,27.1
USW00094846,"CHICAGO OHARE INTERNATIONAL AIRPORT, IL US",2020-08-11,25.3,24.3,23.7
USW00094846,"CHICAGO OHARE INTERNATIONAL AIRPORT, IL US",2020-08-12,25.2,23.6,22.1
USW00094846,"CHICAGO OHARE INTERNATIONAL AIRPORT, IL US",2020-08-13,26.7,24.7,23
USW00094846,"CHICAGO OHARE INTERNATIONAL AIRPORT, IL US",2020-08-14,27.4,26.1,23.5
USW00094846,"CHICAGO OHARE INTERNATIONAL AIRPORT, IL US",2020-08-15,28,26.2,24.1
USW00094846,"CHICAGO OHARE INTERNATIONAL AIRPORT, IL US",2020-08-16,25.2,24.2,23.2
USW00094846,"CHICAGO OHARE INTERNATIONAL AIRPORT, IL US",2020-08-17,26.3,24.5,22.5
USW00094846,"CHICAGO OHARE INTERNATIONAL AIRPORT, IL US",2020-08-18,23,22.1,21.9
USW00094846,"CHICAGO OHARE INTERNATIONAL AIRPORT, IL US",2020-08-19,24.1,22.3,20
USW00094846,"CHICAGO OHARE INTERNATIONAL AIRPORT, IL US",2020-08-20,25.2,23.7,21.5
USW00094846,"CHICAGO OHARE INTERNATIONAL AIRPORT, IL US",2020-08-21,26.5,24.7,21.8
USW00094846,"CHICAGO OHARE INTERNATIONAL AIRPORT, IL US",2020-08-22,26.9,25.6,22.7
USW00094846,"CHICAGO OHARE INTERNATIONAL AIRPORT, IL US",2020-08-23,28.5,27.2,23.8
USW00094846,"CHICAGO OHARE INTERNATIONAL AIRPORT, IL US",2020-08-24,30.6,29.3,26.2
USW00094846,"CHICAGO OHARE INTERNATIONAL AIRPORT, IL US",2020-08-25,28.6,27.5,27.5
USW00094846,"CHICAGO OHARE INTERNATIONAL AIRPORT, IL US",2020-08-26,30.5,29,27.5
USW00094846,"CHICAGO OHARE INTERNATIONAL AIRPORT, IL US",2020-08-27,31.3,30.3,27.8
USW00094846,"CHICAGO OHARE INTERNATIONAL AIRPORT, IL US",2020-08-28,31.1,30.2,27.4
USW00094846,"CHICAGO OHARE INTERNATIONAL AIRPORT, IL US",2020-08-29,24.3,24.8,25.1
USW00094846,"CHICAGO OHARE INTERNATIONAL AIRPORT, IL US",2020-08-30,22,21.4,19.5
USW00094846,"CHICAGO OHARE INTERNATIONAL AIRPORT, IL US",2020-08-31,25.3,23.7,21.1
USW00094846,"CHICAGO OHARE INTERNATIONAL AIRPORT, IL US",2020-09-01,22.6,21.5,23.5
USW00094846,"CHICAGO OHARE INTERNATIONAL AIRPORT, IL US",2020-09-02,27,25.3,23.6
USW00094846,"CHICAGO OHARE INTERNATIONAL AIRPORT, IL US",2020-09-03,26.1,25.2,21.6
USW00094846,"CHICAGO OHARE INTERNATIONAL AIRPORT, IL US",2020-09-04,21.4,20.8,18.1
USW00094846,"CHICAGO OHARE INTERNATIONAL AIRPORT, IL US",2020-09-05,23.9,22.7,19.6
USW00094846,"CHICAGO OHARE INTERNATIONAL AIRPORT, IL US",2020-09-06,23.1,22.5,19.7
USW00094846,"CHICAGO OHARE INTERNATIONAL AIRPORT, IL US",2020-09-07,22.8,22.1,22.6
USW00094846,"CHICAGO OHARE INTERNATIONAL AIRPORT, IL US",2020-09-08,17.2,16.6,16.2
USW00094846,"CHICAGO OHARE INTERNATIONAL AIRPORT, IL US",2020-09-09,16.3,16.2,16.3
USW00094846,"CHICAGO OHARE INTERNATIONAL AIRPORT, IL US",2020-09-10,17.2,16.6,16.2
USW00094846,"CHICAGO OHARE INTERNATIONAL AIRPORT, IL US",2020-09-11,18.5,17.6,16.3
USW00094846,"CHICAGO OHARE INTERNATIONAL AIRPORT, IL US",2020-09-12,20.6,19.7,19.3
USW00094846,"CHICAGO OHARE INTERNATIONAL AIRPORT, IL US",2020-09-13,21.5,20.2,19.7
USW00094846,"CHICAGO OHARE INTERNATIONAL AIRPORT, IL US",2020-09-14,20.8,19.6,19.1
USW00094846,"CHICAGO OHARE INTERNATIONAL AIRPORT, IL US",2020-09-15,22,21,19.2
USW00094846,"CHICAGO OHARE INTERNATIONAL AIRPORT, IL US",2020-09-16,24.3,23,19.3
USW00094846,"CHICAGO OHARE INTERNATIONAL AIRPORT, IL US",2020-09-17,18.2,18.4,18.7
USW00094846,"CHICAGO OHARE INTERNATIONAL AIRPORT, IL US",2020-09-18,13.5,14.1,13.9
USW00094846,"CHICAGO OHARE INTERNATIONAL AIRPORT, IL US",2020-09-19,14.8,13.5,10.8
USW00094846,"CHICAGO OHARE INTERNATIONAL AIRPORT, IL US",2020-09-20,17.3,16.2,13.4
USW00094846,"CHICAGO OHARE INTERNATIONAL AIRPORT, IL US",2020-09-21,19.1,17.9,14.5
USW00094846,"CHICAGO OHARE INTERNATIONAL AIRPORT, IL US",2020-09-22,20.6,20,16.8
USW00094846,"CHICAGO OHARE INTERNATIONAL AIRPORT, IL US",2020-09-23,21.7,20.9,18.8
USW00094846,"CHICAGO OHARE INTERNATIONAL AIRPORT, IL US",2020-09-24,21.5,20.8,18.7
USW00094846,"CHICAGO OHARE INTERNATIONAL AIRPORT, IL US",2020-09-25,22.5,21.4,18.7
USW00094846,"CHICAGO OHARE INTERNATIONAL AIRPORT, IL US",2020-09-26,22.8,21.7,20.5
USW00094846,"CHICAGO OHARE INTERNATIONAL AIRPORT, IL US",2020-09-27,20.2,20.4,20.9
USW00094846,"CHICAGO OHARE INTERNATIONAL AIRPORT, IL US",2020-09-28,14.6,14.7,13.2
USW00094846,"CHICAGO OHARE INTERNATIONAL AIRPORT, IL US",2020-09-29,12.5,12,11.7
USW00094846,"CHICAGO OHARE INTERNATIONAL AIRPORT, IL US",2020-09-30,16.1,14.8,12.4
USW00094846,"CHICAGO OHARE INTERNATIONAL AIRPORT, IL US",2020-10-01,12.4,11.9,9.9
USW00094846,"CHICAGO OHARE INTERNATIONAL AIRPORT, IL US",2020-10-02,10,10.4,9.6
USW00094846,"CHICAGO OHARE INTERNATIONAL AIRPORT, IL US",2020-10-03,11.1,10.5,9.9
USW00094846,"CHICAGO OHARE INTERNATIONAL AIRPORT, IL US",2020-10-04,10.2,9.9,10
USW00094846,"CHICAGO OHARE INTERNATIONAL AIRPORT, IL US",2020-10-05,11.7,10.7,9
USW00094846,"CHICAGO OHARE INTERNATIONAL AIRPORT, IL US",2020-10-06,18.9,16.7,13.1
USW00094846,"CHICAGO OHARE INTERNATIONAL AIRPORT, IL US",2020-10-07,19.4,18.6,16.8
USW00094846,"CHICAGO OHARE INTERNATIONAL AIRPORT, IL US",2020-10-08,16.7,16,14.5
USW00094846,"CHICAGO OHARE INTERNATIONAL AIRPORT, IL US",2020-10-09,21.2,19.5,15.5
USW00094846,"CHICAGO OHARE INTERNATIONAL AIRPORT, IL US",2020-10-10,20.6,19.5,20.1
USW00094846,"CHICAGO OHARE INTERNATIONAL AIRPORT, IL US",2020-10-11,17.7,17.7,15.4
USW00094846,"CHICAGO OHARE INTERNATIONAL AIRPORT, IL US",2020-10-12,15.7,16,16.9
USW00094846,"CHICAGO OHARE INTERNATIONAL AIRPORT, IL US",2020-10-13,16.9,15.4,12.1
USW00094846,"CHICAGO OHARE INTERNATIONAL AIRPORT, IL US",2020-10-14,19.1,17.7,12.8
USW00094846,"CHICAGO OHARE INTERNATIONAL AIRPORT, IL US",2020-10-15,12.8,12,13.6
USW00094846,"CHICAGO OHARE INTERNATIONAL AIRPORT, IL US",2020-10-16,8.2,8,5.7
USW00094846,"CHICAGO OHARE INTERNATIONAL AIRPORT, IL US",2020-10-17,12.2,11.4,7.5
USW00094846,"CHICAGO OHARE INTERNATIONAL AIRPORT, IL US",2020-10-18,11.2,9.8,10.7
USW00094846,"CHICAGO OHARE INTERNATIONAL AIRPORT, IL US",2020-10-19,7.4,7.3,4.8
USW00094846,"CHICAGO OHARE INTERNATIONAL AIRPORT, IL US",2020-10-20,8.4,8.3,8.1
USW00094846,"CHICAGO OHARE INTERNATIONAL AIRPORT, IL US",2020-10-21,12.4,10.8,9.3
USW00094846,"CHICAGO OHARE INTERNATIONAL AIRPORT, IL US",2020-10-22,18.8,17.7,11
USW00094846,"CHICAGO OHARE INTERNATIONAL AIRPORT, IL US",2020-10-23,14.8,14,15.5
USW00094846,"CHICAGO OHARE INTERNATIONAL AIRPORT, IL US",2020-10-24,6.1,5.9,4.7
USW00094846,"CHICAGO OHARE INTERNATIONAL AIRPORT, IL US",2020-10-25,6.6,5.8,5.5
USW00094846,"CHICAGO OHARE INTERNATIONAL AIRPORT, IL US",2020-10-26,2.8,3,6.1
USW00094846,"CHICAGO OHARE INTERNATIONAL AIRPORT, IL US",2020-10-27,2.2,2,2.6
USW00094846,"CHICAGO OHARE INTERNATIONAL AIRPORT, IL US",2020-10-28,6.2,5.5,3.4
USW00094846,"CHICAGO OHARE INTERNATIONAL AIRPORT, IL US",2020-10-29,6.4,6,5.8
USW00094846,"CHICAGO OHARE INTERNATIONAL AIRPORT, IL US",2020-10-30,3.9,3.2,3.3
USW00094846,"CHICAGO OHARE INTERNATIONAL AIRPORT, IL US",2020-10-31,8.7,7.8,4.2
USW00094846,"CHICAGO OHARE INTERNATIONAL AIRPORT, IL US",2020-11-01,7.4,6.5,5.4
USW00094846,"CHICAGO OHARE INTERNATIONAL AIRPORT, IL US",2020-11-02,5.6,5.4,1.5
USW00094846,"CHICAGO OHARE INTERNATIONAL AIRPORT, IL US",2020-11-03,14,12.1,6.1
USW00094846,"CHICAGO OHARE INTERNATIONAL AIRPORT, IL US",2020-11-04,18.5,16.9,10.9
USW00094846,"CHICAGO OHARE INTERNATIONAL AIRPORT, IL US",2020-11-05,18.2,17.3,13.6
USW00094846,"CHICAGO OHARE INTERNATIONAL AIRPORT, IL US",2020-11-06,18.3,17.2,13.6
USW00094846,"CHICAGO OHARE INTERNATIONAL AIRPORT, IL US",2020-11-07,18.3,17.5,14.2
USW00094846,"CHICAGO OHARE INTERNATIONAL AIRPORT, IL US",2020-11-08,19.2,18.7,14
USW00094846,"CHICAGO OHARE INTERNATIONAL AIRPORT, IL US",2020-11-09,21.6,20.4,17.8
USW00094846,"CHICAGO OHARE INTERNATIONAL AIRPORT, IL US",2020-11-10,16.7,18.2,18.3
USW00094846,"CHICAGO OHARE INTERNATIONAL AIRPORT, IL US",2020-11-11,5,5.8,7.6
USW00094846,"CHICAGO OHARE INTERNATIONAL AIRPORT, IL US",2020-11-12,8.1,7.2,3.8
USW00094846,"CHICAGO OHARE INTERNATIONAL AIRPORT, IL US",2020-11-13,4.3,3.5,4.1
USW00094846,"CHICAGO OHARE INTERNATIONAL AIRPORT, IL US",2020-11-14,5.8,4.8,0.7
USW00094846,"CHICAGO OHARE INTERNATIONAL AIRPORT, IL US",2020-11-15,8.2,6.4,6.2
USW00094846,"CHICAGO OHARE INTERNATIONAL AIRPORT, IL US",2020-11-16,5,4.6,2.7
USW00094846,"CHICAGO OHARE INTERNATIONAL AIRPORT, IL US",2020-11-17,2.8,2.8,1.8
USW00094846,"CHICAGO OHARE INTERNATIONAL AIRPORT, IL US",2020-11-18,6.9,5.8,2.1
USW00094846,"CHICAGO OHARE INTERNATIONAL AIRPORT, IL US",2020-11-19,15,12.8,6.3
USW00094846,"CHICAGO OHARE INTERNATIONAL AIRPORT, IL US",2020-11-20,12.2,12.3,9.4
USW00094846,"CHICAGO OHARE INTERNATIONAL AIRPORT, IL US",2020-11-21,6.3,6,4.5
USW00094846,"CHICAGO OHARE INTERNATIONAL AIRPORT, IL US",2020-11-22,7,6,2.9
USW00094846,"CHICAGO OHARE INTERNATIONAL AIRPORT, IL US",2020-11-23,5,4.5,2.1
USW00094846,"CHICAGO OHARE INTERNATIONAL AIRPORT, IL US",2020-11-24,4.6,4.3,2.2
USW00094846,"CHICAGO OHARE INTERNATIONAL AIRPORT, IL US",2020-11-25,7.7,6.6,5.7
USW00094846,"CHICAGO OHARE INTERNATIONAL AIRPORT, IL US",2020-11-26,6.7,6.4,7
USW00094846,"CHICAGO OHARE INTERNATIONAL AIRPORT, IL US",2020-11-27,4.6,4.9,3.8
USW00094846,"CHICAGO OHARE INTERNATIONAL AIRPORT, IL US",2020-11-28,5.4,4.6,2.2
USW00094846,"CHICAGO OHARE INTERNATIONAL AIRPORT, IL US",2020-11-29,6.8,5.9,3.6
USW00094846,"CHICAGO OHARE INTERNATIONAL AIRPORT, IL US",2020-11-30,1.1,1.1,1.6
USW00094846,"CHICAGO OHARE INTERNATIONAL AIRPORT, IL US",2020-12-01,-0.5,-1,-0.4
USW00094846,"CHICAGO OHARE INTERNATIONAL AIRPORT, IL US",2020-12-02,3.9,2.8,-0.9
USW00094846,"CHICAGO OHARE INTERNATIONAL AIRPORT, IL US",2020-12-03,3.7,2.9,-0.8
USW00094846,"CHICAGO OHARE INTERNATIONAL AIRPORT, IL US",2020-12-04,4.3,3.8,0.4
USW00094846,"CHICAGO OHARE INTERNATIONAL AIRPORT, IL US",2020-12-05,2.4,1.9,0.8
USW00094846,"CHICAGO OHARE INTERNATIONAL AIRPORT, IL US",2020-12-06,2.1,1.3,0.5
USW00094846,"CHICAGO OHARE INTERNATIONAL AIRPORT, IL US",2020-12-07,2.2,1.8,1.2
USW00094846,"CHICAGO OHARE INTERNATIONAL AIRPORT, IL US",2020-12-08,1.6,1.3,2
USW00094846,"CHICAGO OHARE INTERNATIONAL AIRPORT, IL US",2020-12-09,7.1,6,3.4
USW00094846,"CHICAGO OHARE INTERNATIONAL AIRPORT, IL US",2020-12-10,8.2,7.1,4.7
USW00094846,"CHICAGO OHARE INTERNATIONAL AIRPORT, IL US",2020-12-11,4.9,4.3,4.2
USW00094846,"CHICAGO OHARE INTERNATIONAL AIRPORT, IL US",2020-12-12,3,3.5,4.8
USW00094846,"CHICAGO OHARE INTERNATIONAL AIRPORT, IL US",2020-12-13,0.3,-0.1,1.4
USW00094846,"CHICAGO OHARE INTERNATIONAL AIRPORT, IL US",2020-12-14,-2.4,-1.9,-1.6
USW00094846,"CHICAGO OHARE INTERNATIONAL AIRPORT, IL US",2020-12-15,-2.4,-2.6,-3
USW00094846,"CHICAGO OHARE INTERNATIONAL AIRPORT, IL US",2020-12-16,0,-1.3,-0.9
USW00094846,"CHICAGO OHARE INTERNATIONAL AIRPORT, IL US",2020-12-17,-0,-0.2,0.1
USW00094846,"CHICAGO OHARE INTERNATIONAL AIRPORT, IL US",2020-12-18,0,-0.5,-0.4
USW00094846,"CHICAGO OHARE INTERNATIONAL AIRPORT, IL US",2020-12-19,4.6,3.1,1.3
USW00094846,"CHICAGO OHARE INTERNATIONAL AIRPORT, IL US",2020-12-20,3,3,0.4
USW00094846,"CHICAGO OHARE INTERNATIONAL AIRPORT, IL US",2020-12-21,5,4.5,0.2
USW00094846,"CHICAGO OHARE INTERNATIONAL AIRPORT, IL US",2020-12-22,3.4,3.5,0.6
USW00094846,"CHICAGO OHARE INTERNATIONAL AIRPORT, IL US",2020-12-23,7.5,7,3.8
USW00094846,"CHICAGO OHARE INTERNATIONAL AIRPORT, IL US",2020-12-24,-6.9,-6.8,-2.4
USW00094846,"CHICAGO OHARE INTERNATIONAL AIRPORT, IL US",2020-12-25,-8.5,-8.7,-9.3
USW00094846,"CHICAGO OHARE INTERNATIONAL AIRPORT, IL US",2020-12-26,-2.4,-3.4,-5.7
USW00094846,"CHICAGO OHARE INTERNATIONAL AIRPORT, IL US",2020-12-27,3.5,1.8,-1.5
USW00094846,"CHICAGO OHARE INTERNATIONAL AIRPORT, IL US",2020-12-28,-1.7,-1.6,0.2
USW00094846,"CHICAGO OHARE INTERNATIONAL AIRPORT, IL US",2020-12-29,-3,-3.2,-3.5
USW00094846,"CHICAGO OHARE INTERNATIONAL AIRPORT, IL US",2020-12-30,-0.2,-1,-0.5
USW00014819,"CHICAGO MIDWAY AIRPORT, IL US",2020-01-01,1.5,1.3,-2.1
USW00014819,"CHICAGO MIDWAY AIRPORT, IL US",2020-01-02,6.8,6.1,1.4
USW00014819,"CHICAGO MIDWAY AIRPORT, IL US",2020-01-03,4.1,3.9,2.1
USW00014819,"CHICAGO MIDWAY AIRPORT, IL US",2020-01-04,-0,-0.1,0.9
USW00014819,"CHICAGO MIDWAY AIRPORT, IL US",2020-01-05,2.2,1.8,-0.7
USW00014819,"CHICAGO MIDWAY AIRPORT, IL US",2020-01-06,2.1,2.5,-0.7
USW00014819,"CHICAGO MIDWAY AIRPORT, IL US",2020-01-07,2.6,2,0.6
USW00014819,"CHICAGO MIDWAY AIRPORT, IL US",2020-01-08,-3.8,-3.5,-3.4
USW00014819,"CHICAGO MIDWAY AIRPORT, IL US",2020-01-09,4.1,3.4,-0.4
USW00014819,"CHICAGO MIDWAY AIRPORT, IL US",2020-01-10,7.6,6.7,6.9
USW00014819,"CHICAGO MIDWAY AIRPORT, IL US",2020-01-11,1.1,2,4.1
USW00014819,"CHICAGO MIDWAY AIRPORT, IL US",2020-01-12,-1.1,-1.4,-0.6
USW00014819,"CHICAGO MIDWAY AIRPORT, IL US",2020-01-13,1,0.2,0.8
USW00014819,"CHICAGO MIDWAY AIRPORT, IL US",2020-01-14,3.1,2.5,1.8
USW00014819,"CHICAGO MIDWAY AIRPORT, IL US",2020-01-15,1.1,0.4,1.8
USW00014819,"CHICAGO MIDWAY AIRPORT, IL US",2020-01-16,-3.8,-4,-3
USW00014819,"CHICAGO MIDWAY AIRPORT, IL US",2020-01-17,-3.8,-4.5,-4.4
USW00014819,"CHICAGO MIDWAY AIRPORT, IL US",2020-01-18,-3.9,-3.5,-0.7
USW00014819,"CHICAGO MIDWAY AIRPORT, IL US",2020-01-19,-10.3,-10.4,-9.8
USW00014819,"CHICAGO MIDWAY AIRPORT, IL US",2020-01-20,-3,-4.9,-4.9
USW00014819,"CHICAGO MIDWAY AIRPORT, IL US",2020-01-21,-3.5,-4.3,-6.3
USW00014819,"CHICAGO MIDWAY AIRPORT, IL US",2020-01-22,-0.7,-1.8,-5.1
USW00014819,"CHICAGO MIDWAY AIRPORT, IL US",2020-01-23,0.9,-0.1,-0.1
USW00014819,"CHICAGO MIDWAY AIRPORT, IL US",2020-01-24,2.8,2,1.4
USW00014819,"CHICAGO MIDWAY AIRPORT, IL US",2020-01-25,1.3,1.1,0.9
USW00014819,"CHICAGO MIDWAY AIRPORT, IL US",2020-01-26,-0.2,0,-0.1
USW00014819,"CHICAGO MIDWAY AIRPORT, IL US",2020-01-27,0.5,0.2,-0.2
USW00014819,"CHICAGO MIDWAY AIRPORT, IL US",2020-01-28,0.2,-0.3,0.5
USW00014819,"CHICAGO MIDWAY AIRPORT, IL US",2020-01-29,0.3,-0.1,-0.7
USW00014819,"CHICAGO MIDWAY AIRPORT, IL US",2020-01-30,0.5,-0.1,-0
USW00014819,"CHICAGO MIDWAY AIRPORT, IL US",2020-01-31,1.5,1.3,1.1
USW00014819,"CHICAGO MIDWAY AIRPORT, IL US",2020-02-01,2.2,2.1,1.4
USW00014819,"CHICAGO MIDWAY AIRPORT, IL US",2020-02-02,8.1,7.7,2.2
USW00014819,"CHICAGO MIDWAY AIRPORT, IL US",2020-02-03,4.6,4.4,2.3
USW00014819,"CHICAGO MIDWAY AIRPORT, IL US",2020-02-04,1.8,1.5,2.4
USW00014819,"CHICAGO MIDWAY AIRPORT, IL US",2020-02-05,-1.4,-0.9,-0.8
USW00014819,"CHICAGO MIDWAY AIRPORT, IL US",2020-02-06,-1.4,-1.2,-2.1
USW00014819,"CHICAGO MIDWAY AIRPORT, IL US",2020-02-07,-0.5,-0.3,-1.6
USW00014819,"CHICAGO MIDWAY AIRPORT, IL US",2020-02-08,-0.2,0,-1.9
USW00014819,"CHICAGO MIDWAY AIRPORT, IL US",2020-02-09,-0.2,-0.2,-1.8
USW00014819,"CHICAGO MIDWAY AIRPORT, IL US",2020-02-10,0.3,0,0.1
USW00014819,"CHICAGO MIDWAY AIRPORT, IL US",2020-02-11,-0.5,-0.5,-1.5
USW00014819,"CHICAGO MIDWAY AIRPORT, IL US",2020-02-12,-0.4,-0.7,-2.5
USW00014819,"CHICAGO MIDWAY AIRPORT, IL US",2020-02-13,-5.9,-4.8,-1.5
USW00014819,"CHICAGO MIDWAY AIRPORT, IL US",2020-02-14,-13.2,-13,-12
USW00014819,"CHICAGO MIDWAY AIRPORT, IL US",2020-02-15,-5.1,-6.2,-8.3
USW00014819,"CHICAGO MIDWAY AIRPORT, IL US",2020-02-16,1,-0.1,-3.3
USW00014819,"CHICAGO MIDWAY AIRPORT, IL US",2020-02-17,2,1.1,-1.5
USW00014819,"CHICAGO MIDWAY AIRPORT, IL US",2020-02-18,1.1,1.2,0.9
USW00014819,"CHICAGO MIDWAY AIRPORT, IL US",2020-02-19,-3.5,-3.9,-4.2
USW00014819,"CHICAGO MIDWAY AIRPORT, IL US",2020-02-20,-6.9,-6.9,-6.1
USW00014819,"CHICAGO MIDWAY AIRPORT, IL US",2020-02-21,-2.6,-3.4,-6.6
USW00014819,"CHICAGO MIDWAY AIRPORT, IL US",2020-02-22,4.8,3.4,-1.1
USW00014819,"CHICAGO MIDWAY AIRPORT, IL US",2020-02-23,8.3,7.7,1.8
USW00014819,"CHICAGO MIDWAY AIRPORT, IL US",2020-02-24,5,4.1,2
USW00014819,"CHICAGO MIDWAY AIRPORT, IL US",2020-02-25,2.4,2.5,2.1
USW00014819,"CHICAGO MIDWAY AIRPORT, IL US",2020-02-26,-1.3,-0.7,0.3
USW00014819,"CHICAGO MIDWAY AIRPORT, IL US",2020-02-27,-2.5,-2.4,-2.6
USW00014819,"CHICAGO MIDWAY AIRPORT, IL US",2020-02-28,-3.6,-3.7,-3.8
USW00014819,"CHICAGO MIDWAY AIRPORT, IL US",2020-02-29,-2.4,-2.3,-4.6
USW00014819,"CHICAGO MIDWAY AIRPORT, IL US",2020-03-01,8.3,6.5,-0.4
USW00014819,"CHICAGO MIDWAY AIRPORT, IL US",2020-03-02,6.7,6.5,3.3
USW00014819,"CHICAGO MIDWAY AIRPORT, IL US",2020-03-03,6.1,5.8,3.6
USW00014819,"CHICAGO MIDWAY AIRPORT, IL US",2020-03-04,6.4,5.5,3.2
USW00014819,"CHICAGO MIDWAY AIRPORT, IL US",2020-03-05,7,6.6,2.9
USW00014819,"CHICAGO MIDWAY AIRPORT, IL US",2020-03-06,1.5,2.1,2
USW00014819,"CHICAGO MIDWAY AIRPORT, IL US",2020-03-07,4.8,4.1,1
USW00014819,"CHICAGO MIDWAY AIRPORT, IL US",2020-03-08,13.2,11.6,5.2
USW00014819,"CHICAGO MIDWAY AIRPORT, IL US",2020-03-09,12.4,12,9.2
USW00014819,"CHICAGO MIDWAY AIRPORT, IL US",2020-03-10,7.2,6.8,7.8
USW00014819,"CHICAGO MIDWAY AIRPORT, IL US",2020-03-11,4.9,4.5,4
USW00014819,"CHICAGO MIDWAY AIRPORT, IL US",2020-03-12,8.9,8.4,9.9
USW00014819,"CHICAGO MIDWAY AIRPORT, IL US",2020-03-13,6.1,6.3,6.6
USW00014819,"CHICAGO MIDWAY AIRPORT, IL US",2020-03-14,3,2.7,1.9
USW00014819,"CHICAGO MIDWAY AIRPORT, IL US",2020-03-15,2.8,2.8,2.4
USW00014819,"CHICAGO MIDWAY AIRPORT, IL US",2020-03-16,3,2.5,2.6
USW00014819,"CHICAGO MIDWAY AIRPORT, IL US",2020-03-17,6.5,5.2,5.5
USW00014819,"CHICAGO MIDWAY AIRPORT, IL US",2020-03-18,5.9,5.3,3.9
USW00014819,"CHICAGO MIDWAY AIRPORT, IL US",2020-03-19,12.2,11.4,9.4
USW00014819,"CHICAGO MIDWAY AIRPORT, IL US",2020-03-20,10.2,9,10.4
USW00014819,"CHICAGO MIDWAY AIRPORT, IL US",2020-03-21,-0.7,-0.9,0.2
USW00014819,"CHICAGO MIDWAY AIRPORT, IL US",2020-03-22,0.5,-0.1,1.3
USW00014819,"CHICAGO MIDWAY AIRPORT, IL US",2020-03-23,4.3,3.1,4.9
USW00014819,"CHICAGO MIDWAY AIRPORT, IL US",2020-03-24,5,4.2,4.4
USW00014819,"CHICAGO MIDWAY AIRPORT, IL US",2020-03-25,8.1,7.7,7
USW00014819,"CHICAGO MIDWAY AIRPORT, IL US",2020-03-26,8,7.7,9.8
USW00014819,"CHICAGO MIDWAY AIRPORT, IL US",2020-03-27,7.5,7.4,7.3
USW00014819,"CHICAGO MIDWAY AIRPORT, IL US",2020-03-28,14.6,13.3,12.4
USW00014819,"CHICAGO MIDWAY AIRPORT, IL US",2020-03-29,13.1,11.9,13.7
USW00014819,"CHICAGO MIDWAY AIRPORT, IL US",2020-03-30,7.6,7.2,8.1
USW00014819,"CHICAGO MIDWAY AIRPORT, IL US",2020-03-31,4.8,5.5,4.4
USW00014819,"CHICAGO MIDWAY AIRPORT, IL US",2020-04-01,8,7,4.5
USW00014819,"CHICAGO MIDWAY AIRPORT, IL US",2020-04-02,8.9,8.6,6.8
USW00014819,"CHICAGO MIDWAY AIRPORT, IL US",2020-04-03,15.9,13.7,10.9
USW00014819,"CHICAGO MIDWAY AIRPORT, IL US",2020-04-04,8.9,9.4,11
USW00014819,"CHICAGO MIDWAY AIRPORT, IL US",2020-04-05,7.2,6.7,5.6
USW00014819,"CHICAGO MIDWAY AIRPORT, IL US",2020-04-06,12,10.3,7.2
USW00014819,"CHICAGO MIDWAY AIRPORT, IL US",2020-04-07,21.2,18.8,16.3
USW00014819,"CHICAGO MIDWAY AIRPORT, IL US",2020-04-08,16.2,16.2,18.4
USW00014819,"CHICAGO MIDWAY AIRPORT, IL US",2020-04-09,6.9,8.6,8.8
USW00014819,"CHICAGO MIDWAY AIRPORT, IL US",2020-04-10,6.9,6.1,3.7
USW00014819,"CHICAGO MIDWAY AIRPORT, IL US",2020-04-11,13.3,11.8,8
USW00014819,"CHICAGO MIDWAY AIRPORT, IL US",2020-04-12,15.2,14.2,11.5
USW00014819,"CHICAGO MIDWAY AIRPORT, IL US",2020-04-13,8.4,7.8,8.3
USW00014819,"CHICAGO MIDWAY AIRPORT, IL US",2020-04-14,2.6,2.2,2.2
USW00014819,"CHICAGO MIDWAY AIRPORT, IL US",2020-04-15,1.8,1.4,1
USW00014819,"CHICAGO MIDWAY AIRPORT, IL US",2020-04-16,3.9,3.6,1.7
USW00014819,"CHICAGO MIDWAY AIRPORT, IL US",2020-04-17,3.6,3.5,3.1
USW00014819,"CHICAGO MIDWAY AIRPORT, IL US",2020-04-18,9.3,9.1,4.4
USW00014819,"CHICAGO MIDWAY AIRPORT, IL US",2020-04-19,11.9,10.8,7.9
USW00014819,"CHICAGO MIDWAY AIRPORT, IL US",2020-04-20,12,11.5,7.1
USW00014819,"CHICAGO MIDWAY AIRPORT, IL US",2020-04-21,7.8,8,6.8
USW00014819,"CHICAGO MIDWAY AIRPORT, IL US",2020-04-22,11.9,11.3,6.8
USW00014819,"CHICAGO MIDWAY AIRPORT, IL US",2020-04-23,11.7,11.2,12.4
USW00014819,"CHICAGO MIDWAY AIRPORT, IL US",2020-04-24,7.9,8.1,11.2
USW00014819,"CHICAGO MIDWAY AIRPORT, IL US",2020-04-25,7.2,7.3,8.3
USW00014819,"CHICAGO MIDWAY AIRPORT, IL US",2020-04-26,12.5,11.3,9.2
USW00014819,"CHICAGO MIDWAY AIRPORT, IL US",2020-04-27,13.7,13.2,9.9
USW00014819,"CHICAGO MIDWAY AIRPORT, IL US",2020-04-28,19.4,18.1,14.8
USW00014819,"CHICAGO MIDWAY AIRPORT, IL US",2020-04-29,12.3,13.1,16.1
USW00014819,"CHICAGO MIDWAY AIRPORT, IL US",2020-04-30,9.6,9.2,7.7
USW00014819,"CHICAGO MIDWAY AIRPORT, IL US",2020-05-01,12.9,12,10.4
USW00014819,"CHICAGO MIDWAY AIRPORT, IL US",2020-05-02,21.5,20,16.9
USW00014819,"CHICAGO MIDWAY AIRPORT, IL US",2020-05-03,17.3,17.9,16.8
USW00014819,"CHICAGO MIDWAY AIRPORT, IL US",2020-05-04,7.4,8.2,10.7
USW00014819,"CHICAGO MIDWAY AIRPORT, IL US",2020-05-05,7.6,7.2,8
USW00014819,"CHICAGO MIDWAY AIRPORT, IL US",2020-05-06,11.1,10.7,8.5
USW00014819,"CHICAGO MIDWAY AIRPORT, IL US",2020-05-07,14.5,13.7,11.1
USW00014819,"CHICAGO MIDWAY AIRPORT, IL US",2020-05-08,5.2,5,7.2
USW00014819,"CHICAGO MIDWAY AIRPORT, IL US",2020-05-09,8.9,8.1,4.5
USW00014819,"CHICAGO MIDWAY AIRPORT, IL US",2020-05-10,8.2,8.7,8.3
USW00014819,"CHICAGO MIDWAY AIRPORT, IL US",2020-05-11,7.8,8,6.2
USW00014819,"CHICAGO MIDWAY AIRPORT, IL US",2020-05-12,11.7,10.9,9.4
USW00014819,"CHICAGO MIDWAY AIRPORT, IL US",2020-05-13,15.3,14.3,10.9
USW00014819,"CHICAGO MIDWAY AIRPORT, IL US",2020-05-14,18.9,18.1,15.2
USW00014819,"CHICAGO MIDWAY AIRPORT, IL US",2020-05-15,20.6,19.5,20.8
USW00014819,"CHICAGO MIDWAY AIRPORT, IL US",2020-05-16,16.9,15.3,17.3
USW00014819,"CHICAGO MIDWAY AIRPORT, IL US",2020-05-17,16.9,17,18.8
USW00014819,"CHICAGO MIDWAY AIRPORT, IL US",2020-05-18,15.8,15.6,18.7
USW00014819,"CHICAGO MIDWAY AIRPORT, IL US",2020-05-19,14.1,13.8,14.1
USW00014819,"CHICAGO MIDWAY AIRPORT, IL US",2020-05-20,16.1,15.3,15.1
USW00014819,"CHICAGO MIDWAY AIRPORT, IL US",2020-05-21,17.4,16.6,14.6
USW00014819,"CHICAGO MIDWAY AIRPORT, IL US",2020-05-22,18.3,17.4,17.2
USW00014819,"CHICAGO MIDWAY AIRPORT, IL US",2020-05-23,21.5,20.2,20.4
USW00014819,"CHICAGO MIDWAY AIRPORT, IL US",2020-05-24,26.2,24.8,24.3
USW00014819,"CHICAGO MIDWAY AIRPORT, IL US",2020-05-25,27.2,26.1,24.9
USW00014819,"CHICAGO MIDWAY AIRPORT, IL US",2020-05-26,27.5,26,25.1
USW00014819,"CHICAGO MIDWAY AIRPORT, IL US",2020-05-27,27.3,26,24
USW00014819,"CHICAGO MIDWAY AIRPORT, IL US",2020-05-28,24.4,24.3,22
USW00014819,"CHICAGO MIDWAY AIRPORT, IL US",2020-05-29,20.5,20.2,19.9
USW00014819,"CHICAGO MIDWAY AIRPORT, IL US",2020-05-30,18.5,18,15.9
USW00014819,"CHICAGO MIDWAY AIRPORT, IL US",2020-05-31,15.8,15.5,14.5
USW00014819,"CHICAGO MIDWAY AIRPORT, IL US",2020-06-01,20.2,19.6,15
USW00014819,"CHICAGO MIDWAY AIRPORT, IL US",2020-06-02,28.5,26.7,21
USW00014819,"CHICAGO MIDWAY AIRPORT, IL US",2020-06-03,26.1,25.4,25
USW00014819,"CHICAGO MIDWAY AIRPORT, IL US",2020-06-04,26.1,25.5,25
USW00014819,"CHICAGO MIDWAY AIRPORT, IL US",2020-06-05,28,27,23.4
USW00014819,"CHICAGO MIDWAY AIRPORT, IL US",2020-06-06,21.1,21.7,23.1
USW00014819,"CHICAGO MIDWAY AIRPORT, IL US",2020-06-07,21.7,21.2,17.9
USW00014819,"CHICAGO MIDWAY AIRPORT, IL US",2020-06-08,27.1,25.4,21.1
USW00014819,"CHICAGO MIDWAY AIRPORT, IL US",2020-06-09,29.1,26.9,23.4
USW00014819,"CHICAGO MIDWAY AIRPORT, IL US",2020-06-10,24.1,24.7,25.1
USW00014819,"CHICAGO MIDWAY AIRPORT, IL US",2020-06-11,23.1,22.9,18.9
USW00014819,"CHICAGO MIDWAY AIRPORT, IL US",2020-06-12,21,20.5,18.8
USW00014819,"CHICAGO MIDWAY AIRPORT, IL US",2020-06-13,16.6,17.2,17.1
USW00014819,"CHICAGO MIDWAY AIRPORT, IL US",2020-06-14,18.3,17.1,15
USW00014819,"CHICAGO MIDWAY AIRPORT, IL US",2020-06-15,18.9,18.1,15.4
USW00014819,"CHICAGO MIDWAY AIRPORT, IL US",2020-06-16,23.4,21.8,19.5
USW00014819,"CHICAGO MIDWAY AIRPORT, IL US",2020-06-17,25.4,24,22.7
USW00014819,"CHICAGO MIDWAY AIRPORT, IL US",2020-06-18,25.6,24.8,22.5
USW00014819,"CHICAGO MIDWAY AIRPORT, IL US",2020-06-19,28.7,27,24
USW00014819,"CHICAGO MIDWAY AIRPORT, IL US",2020-06-20,28.4,27.9,24.6
USW00014819,"CHICAGO MIDWAY AIRPORT, IL US",2020-06-21,25.5,25.4,25.7
USW00014819,"CHICAGO MIDWAY AIRPORT, IL US",2020-06-22,25.6,25.5,24.7
USW00014819,"CHICAGO MIDWAY AIRPORT, IL US",2020-06-23,22.6,22.2,21.3
USW00014819,"CHICAGO MIDWAY AIRPORT, IL US",2020-06-24,22.2,21.7,18.5
USW00014819,"CHICAGO MIDWAY AIRPORT, IL US",2020-06-25,24.3,23.3,20.4
USW00014819,"CHICAGO MIDWAY AIRPORT, IL US",2020-06-26,26.1,25.3,21.8
USW00014819,"CHICAGO MIDWAY AIRPORT, IL US",2020-06-27,28,27.1,26.4
USW00014819,"CHICAGO MIDWAY AIRPORT, IL US",2020-06-28,26.3,25.9,25.3
USW00014819,"CHICAGO MIDWAY AIRPORT, IL US",2020-06-29,29.3,27.7,27
USW00014819,"CHICAGO MIDWAY AIRPORT, IL US",2020-06-30,28.2,27.5,27.1
USW00014819,"CHICAGO MIDWAY AIRPORT, IL US",2020-07-01,28,27.1,26.9
USW00014819,"CHICAGO MIDWAY AIRPORT, IL US",2020-07-02,28.3,27.2,25.8
USW00014819,"CHICAGO MIDWAY AIRPORT, IL US",2020-07-03,27.3,27.1,24.6
USW00014819,"CHICAGO MIDWAY AIRPORT, IL US",2020-07-04,28.3,27.5,25.2
USW00014819,"CHICAGO MIDWAY AIRPORT, IL US",2020-07-05,28.5,27.9,25.6
USW00014819,"CHICAGO MIDWAY AIRPORT, IL US",2020-07-06,30.5,29.1,25.7
USW00014819,"CHICAGO MIDWAY AIRPORT, IL US",2020-07-07,30.3,29.7,26.7
USW00014819,"CHICAGO MIDWAY AIRPORT, IL US",2020-07-08,29.6,29.1,27.2
USW00014819,"CHICAGO MIDWAY AIRPORT, IL US",2020-07-09,29.3,29.3,27.4
USW00014819,"CHICAGO MIDWAY AIRPORT, IL US",2020-07-10,26.9,27.1,26.1
USW00014819,"CHICAGO MIDWAY AIRPORT, IL US",2020-07-11,26.1,26,23.4
USW00014819,"CHICAGO MIDWAY AIRPORT, IL US",2020-07-12,23.5,24,25.2
USW00014819,"CHICAGO MIDWAY AIRPORT, IL US",2020-07-13,23.5,23.3,21.5
USW00014819,"CHICAGO MIDWAY AIRPORT, IL US",2020-07-14,25.5,25,21.7
USW00014819,"CHICAGO MIDWAY AIRPORT, IL US",2020-07-15,26.4,25.9,23.5
USW00014819,"CHICAGO MIDWAY AIRPORT, IL US",2020-07-16,25.6,25,25.4
USW00014819,"CHICAGO MIDWAY AIRPORT, IL US",2020-07-17,26.7,26.3,24.4
USW00014819,"CHICAGO MIDWAY AIRPORT, IL US",2020-07-18,29.5,28.3,26.6
USW00014819,"CHICAGO MIDWAY AIRPORT, IL US",2020-07-19,25.7,25.8,27.5
USW00014819,"CHICAGO MIDWAY AIRPORT, IL US",2020-07-20,26.2,25.3,23.8
USW00014819,"CHICAGO MIDWAY AIRPORT, IL US",2020-07-21,25.5,24.6,24.4
USW00014819,"CHICAGO MIDWAY AIRPORT, IL US",2020-07-22,26.9,26.9,24.8
USW00014819,"CHICAGO MIDWAY AIRPORT, IL US",2020-07-23,23.7,23.6,24.5
USW00014819,"CHICAGO MIDWAY AIRPORT, IL US",2020-07-24,25.3,24.7,23.3
USW00014819,"CHICAGO MIDWAY AIRPORT, IL US",2020-07-25,27.6,27.1,24.6
USW00014819,"CHICAGO MIDWAY AIRPORT, IL US",2020-07-26,30.6,29.9,26.8
USW00014819,"CHICAGO MIDWAY AIRPORT, IL US",2020-07-27,26.9,26.6,27.5
USW00014819,"CHICAGO MIDWAY AIRPORT, IL US",2020-07-28,27,27.1,23.5
USW00014819,"CHICAGO MIDWAY AIRPORT, IL US",2020-07-29,28.6,27.9,23.5
USW00014819,"CHICAGO MIDWAY AIRPORT, IL US",2020-07-30,25.9,25.6,25
USW00014819,"CHICAGO MIDWAY AIRPORT, IL US",2020-07-31,24.8,24.3,22.3
USW00014819,"CHICAGO MIDWAY AIRPORT, IL US",2020-08-01,23,23.2,21.9
USW00014819,"CHICAGO MIDWAY AIRPORT, IL US",2020-08-02,25,24.6,22.4
USW00014819,"CHICAGO MIDWAY AIRPORT, IL US",2020-08-03,21,20.5,21.1
USW00014819,"CHICAGO MIDWAY AIRPORT, IL US",2020-08-04,20,20.2,18.6
USW00014819,"CHICAGO MIDWAY AIRPORT, IL US",2020-08-05,20.3,20.3,18.1
USW00014819,"CHICAGO MIDWAY AIRPORT, IL US",2020-08-06,23.4,22.4,19.7
USW00014819,"CHICAGO MIDWAY AIRPORT, IL US",2020-08-07,24.1,23.2,20.7
USW00014819,"CHICAGO MIDWAY AIRPORT, IL US",2020-08-08,26.2,25.4,21.6
USW00014819,"CHICAGO MIDWAY AIRPORT, IL US",2020-08-09,28.3,27.8,25.4
USW00014819,"CHICAGO MIDWAY AIRPORT, IL US",2020-08-10,27.6,27.1,26.6
USW00014819,"CHICAGO MIDWAY AIRPORT, IL US",2020-08-11,24.3,24.3,23.6
USW00014819,"CHICAGO MIDWAY AIRPORT, IL US",2020-08-12,23.9,23.7,21.7
USW00014819,"CHICAGO MIDWAY AIRPORT, IL US",2020-08-13,25.8,24.8,22.6
USW00014819,"CHICAGO MIDWAY AIRPORT, IL US",2020-08-14,27.4,26.1,23.3
USW00014819,"CHICAGO MIDWAY AIRPORT, IL US",2020-08-15,27.5,26.5,24
USW00014819,"CHICAGO MIDWAY AIRPORT, IL US",2020-08-16,24.4,24.5,23.4
USW00014819,"CHICAGO MIDWAY AIRPORT, IL US",2020-08-17,25.6,24.5,21.4
USW00014819,"CHICAGO MIDWAY AIRPORT, IL US",2020-08-18,22.8,22.4,21
USW00014819,"CHICAGO MIDWAY AIRPORT, IL US",2020-08-19,22.2,22.2,19.6
USW00014819,"CHICAGO MIDWAY AIRPORT, IL US",2020-08-20,24.4,23.8,20.6
USW00014819,"CHICAGO MIDWAY AIRPORT, IL US",2020-08-21,25.8,24.9,20.9
USW00014819,"CHICAGO MIDWAY AIRPORT, IL US",2020-08-22,26.5,25.8,22.2
USW00014819,"CHICAGO MIDWAY AIRPORT, IL US",2020-08-23,27.8,27.3,22.9
USW00014819,"CHICAGO MIDWAY AIRPORT, IL US",2020-08-24,30.3,29.6,25.5
USW00014819,"CHICAGO MIDWAY AIRPORT, IL US",2020-08-25,29.4,28.4,26.6
USW00014819,"CHICAGO MIDWAY AIRPORT, IL US",2020-08-26,30.3,29.4,26.7
USW00014819,"CHICAGO MIDWAY AIRPORT, IL US",2020-08-27,30.8,30.4,27.3
USW00014819,"CHICAGO MIDWAY AIRPORT, IL US",2020-08-28,30.8,30.3,26.6
USW00014819,"CHICAGO MIDWAY AIRPORT, IL US",2020-08-29,25.4,25.7,24.9
USW00014819,"CHICAGO MIDWAY AIRPORT, IL US",2020-08-30,22.5,22,19.7
USW00014819,"CHICAGO MIDWAY AIRPORT, IL US",2020-08-31,25,24.2,20.8
USW00014819,"CHICAGO MIDWAY AIRPORT, IL US",2020-09-01,22.2,22.3,24.1
USW00014819,"CHICAGO MIDWAY AIRPORT, IL US",2020-09-02,27.2,25.6,23.5
USW00014819,"CHICAGO MIDWAY AIRPORT, IL US",2020-09-03,26.1,25.8,21.1
USW00014819,"CHICAGO MIDWAY AIRPORT, IL US",2020-09-04,21.4,21.4,17.7
USW00014819,"CHICAGO MIDWAY AIRPORT, IL US",2020-09-05,24.2,23.5,18.8
USW00014819,"CHICAGO MIDWAY AIRPORT, IL US",2020-09-06,22.8,22.8,19.3
USW00014819,"CHICAGO MIDWAY AIRPORT, IL US",2020-09-07,23,22.5,23.5
USW00014819,"CHICAGO MIDWAY AIRPORT, IL US",2020-09-08,18.1,17.8,17.7
USW00014819,"CHICAGO MIDWAY AIRPORT, IL US",2020-09-09,17.8,17.5,17.8
USW00014819,"CHICAGO MIDWAY AIRPORT, IL US",2020-09-10,17.8,17.7,17.8
USW00014819,"CHICAGO MIDWAY AIRPORT, IL US",2020-09-11,19.1,18.6,17.1
USW00014819,"CHICAGO MIDWAY AIRPORT, IL US",2020-09-12,20.6,20.1,19.6
USW00014819,"CHICAGO MIDWAY AIRPORT, IL US",2020-09-13,21.1,20.4,19.9
USW00014819,"CHICAGO MIDWAY AIRPORT, IL US",2020-09-14,20,19.9,18.9
USW00014819,"CHICAGO MIDWAY AIRPORT, IL US",2020-09-15,21.4,21.2,19
USW00014819,"CHICAGO MIDWAY AIRPORT, IL US",2020-09-16,23.1,22.9,18.3
USW00014819,"CHICAGO MIDWAY AIRPORT, IL US",2020-09-17,18.9,19.1,18.6
USW00014819,"CHICAGO MIDWAY AIRPORT, IL US",2020-09-18,13.8,14.8,13.6
USW00014819,"CHICAGO MIDWAY AIRPORT, IL US",2020-09-19,14.4,13.8,10.5
USW00014819,"CHICAGO MIDWAY AIRPORT, IL US",2020-09-20,17.8,16.7,13
USW00014819,"CHICAGO MIDWAY AIRPORT, IL US",2020-09-21,18.9,18.3,13.8
USW00014819,"CHICAGO MIDWAY AIRPORT, IL US",2020-09-22,20.9,20.3,17
USW00014819,"CHICAGO MIDWAY AIRPORT, IL US",2020-09-23,21.5,21.2,18.9
USW00014819,"CHICAGO MIDWAY AIRPORT, IL US",2020-09-24,21.1,21.1,18.6
USW00014819,"CHICAGO MIDWAY AIRPORT, IL US",2020-09-25,22.4,21.9,18.4
USW00014819,"CHICAGO MIDWAY AIRPORT, IL US",2020-09-26,22.3,21.9,21.1
USW00014819,"CHICAGO MIDWAY AIRPORT, IL US",2020-09-27,20.3,20.7,22.1
USW00014819,"CHICAGO MIDWAY AIRPORT, IL US",2020-09-28,14.6,15,14.1
USW00014819,"CHICAGO MIDWAY AIRPORT, IL US",2020-09-29,12.6,12.5,11.3
USW00014819,"CHICAGO MIDWAY AIRPORT, IL US",2020-09-30,16.3,15.4,12.8
USW00014819,"CHICAGO MIDWAY AIRPORT, IL US",2020-10-01,11.8,12.3,9.6
USW00014819,"CHICAGO MIDWAY AIRPORT, IL US",2020-10-02,10.5,11.3,10
USW00014819,"CHICAGO MIDWAY AIRPORT, IL US",2020-10-03,11.5,11.1,10.8
USW00014819,"CHICAGO MIDWAY AIRPORT, IL US",2020-10-04,10.2,10.3,10.4
USW00014819,"CHICAGO MIDWAY AIRPORT, IL US",2020-10-05,11.3,11.2,9
USW00014819,"CHICAGO MIDWAY AIRPORT, IL US",2020-10-06,18.7,16.9,13
USW00014819,"CHICAGO MIDWAY AIRPORT, IL US",2020-10-07,19.8,18.9,17
USW00014819,"CHICAGO MIDWAY AIRPORT, IL US",2020-10-08,16.7,16.6,15.4
USW00014819,"CHICAGO MIDWAY AIRPORT, IL US",2020-10-09,21,20,16.1
USW00014819,"CHICAGO MIDWAY AIRPORT, IL US",2020-10-10,20.8,20,21.2
USW00014819,"CHICAGO MIDWAY AIRPORT, IL US",2020-10-11,17.6,19.1,17.2
USW00014819,"CHICAGO MIDWAY AIRPORT, IL US",2020-10-12,15,16.5,19
USW00014819,"CHICAGO MIDWAY AIRPORT, IL US",2020-10-13,16.5,15.6,12.5
USW00014819,"CHICAGO MIDWAY AIRPORT, IL US",2020-10-14,18.8,18.1,13.9
USW00014819,"CHICAGO MIDWAY AIRPORT, IL US",2020-10-15,13,12.2,14.8
USW00014819,"CHICAGO MIDWAY AIRPORT, IL US",2020-10-16,8.6,8.5,5.9
USW00014819,"CHICAGO MIDWAY AIRPORT, IL US",2020-10-17,12.4,11.9,7.7
USW00014819,"CHICAGO MIDWAY AIRPORT, IL US",2020-10-18,10.8,10.4,11.9
USW00014819,"CHICAGO MIDWAY AIRPORT, IL US",2020-10-19,8.5,8.3,6.1
USW00014819,"CHICAGO MIDWAY AIRPORT, IL US",2020-10-20,10.2,9.4,8.9
USW00014819,"CHICAGO MIDWAY AIRPORT, IL US",2020-10-21,11.8,11.3,9.8
USW00014819,"CHICAGO MIDWAY AIRPORT, IL US",2020-10-22,19.3,18.8,13.4
USW00014819,"CHICAGO MIDWAY AIRPORT, IL US",2020-10-23,14.8,15.2,18.1
USW00014819,"CHICAGO MIDWAY AIRPORT, IL US",2020-10-24,5.7,6.7,6.2
USW00014819,"CHICAGO MIDWAY AIRPORT, IL US",2020-10-25,7.2,6.5,5.9
USW00014819,"CHICAGO MIDWAY AIRPORT, IL US",2020-10-26,3.8,3.9,7.3
USW00014819,"CHICAGO MIDWAY AIRPORT, IL US",2020-10-27,1.9,2.3,3.7
USW00014819,"CHICAGO MIDWAY AIRPORT, IL US",2020-10-28,6.4,5.6,4.4
USW00014819,"CHICAGO MIDWAY AIRPORT, IL US",2020-10-29,6.9,6.4,7.6
USW00014819,"CHICAGO MIDWAY AIRPORT, IL US",2020-10-30,3.7,3.8,4.8
USW00014819,"CHICAGO MIDWAY AIRPORT, IL US",2020-10-31,9.1,8.4,4.5
USW00014819,"CHICAGO MIDWAY AIRPORT, IL US",2020-11-01,7.6,6.9,6.1
USW00014819,"CHICAGO MIDWAY AIRPORT, IL US",2020-11-02,5.6,5.1,1
USW00014819,"CHICAGO MIDWAY AIRPORT, IL US",2020-11-03,14.1,12,5.5
USW00014819,"CHICAGO MIDWAY AIRPORT, IL US",2020-11-04,18.2,17.2,11.6
USW00014819,"CHICAGO MIDWAY AIRPORT, IL US",2020-11-05,18.4,17.8,14.3
USW00014819,"CHICAGO MIDWAY AIRPORT, IL US",2020-11-06,17.8,17.7,13.5
USW00014819,"CHICAGO MIDWAY AIRPORT, IL US",2020-11-07,17.8,17.7,14.2
USW00014819,"CHICAGO MIDWAY AIRPORT, IL US",2020-11-08,20,19.2,14.7
USW00014819,"CHICAGO MIDWAY AIRPORT, IL US",2020-11-09,21.6,20.6,18.6
USW00014819,"CHICAGO MIDWAY AIRPORT, IL US",2020-11-10,16.8,18.1,19.6
USW00014819,"CHICAGO MIDWAY AIRPORT, IL US",2020-11-11,5.4,6.6,8.5
USW00014819,"CHICAGO MIDWAY AIRPORT, IL US",2020-11-12,7.8,7.3,3.9
USW00014819,"CHICAGO MIDWAY AIRPORT, IL US",2020-11-13,4.3,4.1,4.3
USW00014819,"CHICAGO MIDWAY AIRPORT, IL US",2020-11-14,5.4,5,1
USW00014819,"CHICAGO MIDWAY AIRPORT, IL US",2020-11-15,8.2,7.5,7
USW00014819,"CHICAGO MIDWAY AIRPORT, IL US",2020-11-16,5.4,5,3.5
USW00014819,"CHICAGO MIDWAY AIRPORT, IL US",2020-11-17,3,3.2,2.9
USW00014819,"CHICAGO MIDWAY AIRPORT, IL US",2020-11-18,7.1,6.1,2.2
USW00014819,"CHICAGO MIDWAY AIRPORT, IL US",2020-11-19,14.3,13,7.4
USW00014819,"CHICAGO MIDWAY AIRPORT, IL US",2020-11-20,13.2,12.9,10.6
USW00014819,"CHICAGO MIDWAY AIRPORT, IL US",2020-11-21,6.6,7,6.4
USW00014819,"CHICAGO MIDWAY AIRPORT, IL US",2020-11-22,6.5,6,4
USW00014819,"CHICAGO MIDWAY AIRPORT, IL US",2020-11-23,5,4.7,2.3
USW00014819,"CHICAGO MIDWAY AIRPORT, IL US",2020-11-24,4.6,4.8,2.3
USW00014819,"CHICAGO MIDWAY AIRPORT, IL US",2020-11-25,7.7,7.2,5.9
USW00014819,"CHICAGO MIDWAY AIRPORT, IL US",2020-11-26,6.3,6.3,7.4
USW00014819,"CHICAGO MIDWAY AIRPORT, IL US",2020-11-27,4.6,4.8,3.6
USW00014819,"CHICAGO MIDWAY AIRPORT, IL US",2020-11-28,5.2,4.8,2.1
USW00014819,"CHICAGO MIDWAY AIRPORT, IL US",2020-11-29,7.3,5.9,3.3
USW00014819,"CHICAGO MIDWAY AIRPORT, IL US",2020-11-30,1.4,1.7,2.3
USW00014819,"CHICAGO MIDWAY AIRPORT, IL US",2020-12-01,-0.6,-0.7,0.1
USW00014819,"CHICAGO MIDWAY AIRPORT, IL US",2020-12-02,3.3,3.1,-1.2
USW00014819,"CHICAGO MIDWAY AIRPORT, IL US",2020-12-03,4.4,3.6,-1.8
USW00014819,"CHICAGO MIDWAY AIRPORT, IL US",2020-12-04,4.5,4.3,0.1
USW00014819,"CHICAGO MIDWAY AIRPORT, IL US",2020-12-05,2.6,2.4,0.9
USW00014819,"CHICAGO MIDWAY AIRPORT, IL US",2020-12-06,2.1,1.9,0.2
USW00014819,"CHICAGO MIDWAY AIRPORT, IL US",2020-12-07,2.4,2,1.1
USW00014819,"CHICAGO MIDWAY AIRPORT, IL US",2020-12-08,1.9,1.6,2.1
USW00014819,"CHICAGO MIDWAY AIRPORT, IL US",2020-12-09,7.1,6.1,3.2
USW00014819,"CHICAGO MIDWAY AIRPORT, IL US",2020-12-10,8.2,7.5,4.7
USW00014819,"CHICAGO MIDWAY AIRPORT, IL US",2020-12-11,5,4.9,4.6
USW00014819,"CHICAGO MIDWAY AIRPORT, IL US",2020-12-12,3.4,3.9,6.7
USW00014819,"CHICAGO MIDWAY AIRPORT, IL US",2020-12-13,0.6,0.8,2.5
USW00014819,"CHICAGO MIDWAY AIRPORT, IL US",2020-12-14,-1.3,-1.1,-1.2
USW00014819,"CHICAGO MIDWAY AIRPORT, IL US",2020-12-15,-1.5,-2,-2.4
USW00014819,"CHICAGO MIDWAY AIRPORT, IL US",2020-12-16,0,-0.8,-1.2
USW00014819,"CHICAGO MIDWAY AIRPORT, IL US",2020-12-17,0.4,-0,0.2
USW00014819,"CHICAGO MIDWAY AIRPORT, IL US",2020-12-18,0,-0.2,-0.2
USW00014819,"CHICAGO MIDWAY AIRPORT, IL US",2020-12-19,5,3.5,1.5
USW00014819,"CHICAGO MIDWAY AIRPORT, IL US",2020-12-20,3.4,3.4,0.9
USW00014819,"CHICAGO MIDWAY AIRPORT, IL US",2020-12-21,5.3,4.8,0.3
USW00014819,"CHICAGO MIDWAY AIRPORT, IL US",2020-12-22,3.2,3.3,1.2
USW00014819,"CHICAGO MIDWAY AIRPORT, IL US",2020-12-23,7.7,7,4.9
USW00014819,"CHICAGO MIDWAY AIRPORT, IL US",2020-12-24,-6.4,-5.5,-1.5
USW00014819,"CHICAGO MIDWAY AIRPORT, IL US",2020-12-25,-8.3,-8.7,-9.1
USW00014819,"CHICAGO MIDWAY AIRPORT, IL US",2020-12-26,-1.8,-2.9,-6
USW00014819,"CHICAGO MIDWAY AIRPORT, IL US",2020-12-27,3.5,2.3,-1.8
USW00014819,"CHICAGO MIDWAY AIRPORT, IL US",2020-12-28,-1.5,-1.5,1
USW00014819,"CHICAGO MIDWAY AIRPORT, IL US",2020-12-29,-2.7,-2.9,-3.1
USW00014819,"CHICAGO MIDWAY AIRPORT, IL US",2020-12-30,0.1,-0.4,0.1
USC00111550,"CHICAGO NORTHERLY ISLAND, IL US",2021-01-02,0.8,0.7,-0.1
USC00111550,"CHICAGO NORTHERLY ISLAND, IL US",2021-01-03,-0.4,-0.3,-0.2
USC00111550,"CHICAGO NORTHERLY ISLAND, IL US",2021-01-05,0.4,0.6,-2.4
USC00111550,"CHICAGO NORTHERLY ISLAND, IL US",2021-01-06,1.1,1.3,-2.4
USC00111550,"CHICAGO NORTHERLY ISLAND, IL US",2021-01-07,1.8,2.1,-1.4
USC00111550,"CHICAGO NORTHERLY ISLAND, IL US",2021-01-08,0.8,0.9,-0
USC00111550,"CHICAGO NORTHERLY ISLAND, IL US",2021-01-09,0.7,0.4,-2.5
USC00111550,"CHICAGO NORTHERLY ISLAND, IL US",2021-01-10,-1.9,-2.2,-4.1
USC00111550,"CHICAGO NORTHERLY ISLAND, IL US",2021-01-11,-3.1,-3,-5.9
USC00111550,"CHICAGO NORTHERLY ISLAND, IL US",2021-01-12,1.1,0.9,-4.5
USC00111550,"CHICAGO NORTHERLY ISLAND, IL US",2021-01-13,3,2.8,-3.1
USC00111550,"CHICAGO NORTHERLY ISLAND, IL US",2021-01-14,2.9,2.9,-0.4
USC00111550,"CHICAGO NORTHERLY ISLAND, IL US",2021-01-15,1.9,1.7,0.5
USC00111550,"CHICAGO NORTHERLY ISLAND, IL US",2021-01-16,1.3,1.1,-1.1
USC00111550,"CHICAGO NORTHERLY ISLAND, IL US",2021-01-17,0.4,-0.1,-1.1
USC00111550,"CHICAGO NORTHERLY ISLAND, IL US",2021-01-18,-1.9,-2,-1.8
USC00111550,"CHICAGO NORTHERLY ISLAND, IL US",2021-01-19,-2.2,-2.5,-4.2
USC00111550,"CHICAGO NORTHERLY ISLAND, IL US",2021-01-20,-2.5,-2.8,-5
USC00111550,"CHICAGO NORTHERLY ISLAND, IL US",2021-01-21,3.4,2.5,-3.1
USC00111550,"CHICAGO NORTHERLY ISLAND, IL US",2021-01-22,-3.7,-4.4,-5.6
USC00111550,"CHICAGO NORTHERLY ISLAND, IL US",2021-01-23,-4.4,-5.2,-9.4
USC00111550,"CHICAGO NORTHERLY ISLAND, IL US",2021-01-24,-0.4,-1,-2.6
USC00111550,"CHICAGO NORTHERLY ISLAND, IL US",2021-01-25,-0.3,-0.2,-2.1
USC00111550,"CHICAGO NORTHERLY ISLAND, IL US",2021-01-26,-1.7,-1.3,-0.5
USC00111550,"CHICAGO NORTHERLY ISLAND, IL US",2021-01-27,-4.2,-4.5,-2.8
USC00111550,"CHICAGO NORTHERLY ISLAND, IL US",2021-01-28,-4.8,-5.8,-7.7
USC00111550,"CHICAGO NORTHERLY ISLAND, IL US",2021-01-30,-0.3,-0.6,-3.8
USC00111550,"CHICAGO NORTHERLY ISLAND, IL US",2021-01-31,-0,-0.1,-0.4
USC00111550,"CHICAGO NORTHERLY ISLAND, IL US",2021-02-01,-0.3,-0.8,-1.1
USC00111550,"CHICAGO NORTHERLY ISLAND, IL US",2021-02-02,-0.5,-1.4,-5.3
USC00111550,"CHICAGO NORTHERLY ISLAND, IL US",2021-02-04,-0.9,-0.6,-4.5
USC00111550,"CHICAGO NORTHERLY ISLAND, IL US",2021-02-05,-9.6,-9.2,-7.4
USC00111550,"CHICAGO NORTHERLY ISLAND, IL US",2021-02-06,-11.6,-11.8,-12.5
USC00111550,"CHICAGO NORTHERLY ISLAND, IL US",2021-02-07,-16.2,-16.3,-16.2
USC00111550,"CHICAGO NORTHERLY ISLAND, IL US",2021-02-08,-12.8,-12.6,-13.9
USC00111550,"CHICAGO NORTHERLY ISLAND, IL US",2021-02-09,-10.5,-10.7,-10.4
USC00111550,"CHICAGO NORTHERLY ISLAND, IL US",2021-02-10,-9.6,-10.2,-12.5
USC00111550,"CHICAGO NORTHERLY ISLAND, IL US",2021-02-11,-8.1,-8.4,-9.9
USC00111550,"CHICAGO NORTHERLY ISLAND, IL US",2021-02-12,-7.8,-8.5,-8.3
USC00111550,"CHICAGO NORTHERLY ISLAND, IL US",2021-02-13,-12.9,-12.5,-9.1
USC00111550,"CHICAGO NORTHERLY ISLAND, IL US",2021-02-14,-16.1,-16,-13.8
USC00111550,"CHICAGO NORTHERLY ISLAND, IL US",2021-02-15,-11.6,-12.2,-11.8
USC00111550,"CHICAGO NORTHERLY ISLAND, IL US",2021-02-16,-7.8,-8.8,-8.4
USC00111550,"CHICAGO NORTHERLY ISLAND, IL US",2021-02-17,-9.1,-8.8,-12.7
USC00111550,"CHICAGO NORTHERLY ISLAND, IL US",2021-02-18,-5.4,-6.3,-7
USC00111550,"CHICAGO NORTHERLY ISLAND, IL US",2021-02-19,-7.8,-8.5,-7.9
USC00111550,"CHICAGO NORTHERLY ISLAND, IL US",2021-02-20,-5.8,-7.1,-7.6
USC00111550,"CHICAGO NORTHERLY ISLAND, IL US",2021-02-21,-2.9,-2.3,-8
USC00111550,"CHICAGO NORTHERLY ISLAND, IL US",2021-02-22,1.7,1.4,-0.2
USC00111550,"CHICAGO NORTHERLY ISLAND, IL US",2021-02-23,6.1,6,-1.5
USC00111550,"CHICAGO NORTHERLY ISLAND, IL US",2021-02-24,5.4,4.8,-2.5
USC00111550,"CHICAGO NORTHERLY ISLAND, IL US",2021-02-25,3,1.5,-4.3
USC00111550,"CHICAGO NORTHERLY ISLAND, IL US",2021-02-26,1.7,1.4,-4.7
USC00111550,"CHICAGO NORTHERLY ISLAND, IL US",2021-02-27,6.9,6.4,0.2
USC00111550,"CHICAGO NORTHERLY ISLAND, IL US",2021-02-28,7.1,6.8,1.3
USC00111550,"CHICAGO NORTHERLY ISLAND, IL US",2021-03-01,-0.3,-0.8,-2.3
USC00111550,"CHICAGO NORTHERLY ISLAND, IL US",2021-03-03,6.1,7.5,-1.1
USC00111550,"CHICAGO NORTHERLY ISLAND, IL US",2021-03-04,0.6,0.9,-0.4
USC00111550,"CHICAGO NORTHERLY ISLAND, IL US",2021-03-05,2.7,3.3,-1.2
USC00111550,"CHICAGO NORTHERLY ISLAND, IL US",2021-03-06,2.2,2.9,0.4
USC00111550,"CHICAGO NORTHERLY ISLAND, IL US",2021-03-07,4.5,4.4,0.3
USC00111550,"CHICAGO NORTHERLY ISLAND, IL US",2021-03-08,12.8,12.6,5
USC00111550,"CHICAGO NORTHERLY ISLAND, IL US",2021-03-09,13.3,14,8.3
USC00111550,"CHICAGO NORTHERLY ISLAND, IL US",2021-03-10,17,16.9,12
USC00111550,"CHICAGO NORTHERLY ISLAND, IL US",2021-03-11,13.6,13.3,13.2
USC00111550,"CHICAGO NORTHERLY ISLAND, IL US",2021-03-12,5.7,7.2,5.6
USC00111550,"CHICAGO NORTHERLY ISLAND, IL US",2021-03-13,7.8,8.3,5.1
USC00111550,"CHICAGO NORTHERLY ISLAND, IL US",2021-03-14,6.9,6.2,5.3
USC00111550,"CHICAGO NORTHERLY ISLAND, IL US",2021-03-15,1.7,1.4,1.5
USC00111550,"CHICAGO NORTHERLY ISLAND, IL US",2021-03-16,2.6,2.2,2.3
USC00111550,"CHICAGO NORTHERLY ISLAND, IL US",2021-03-17,2.2,3.3,3.3
USC00111550,"CHICAGO NORTHERLY ISLAND, IL US",2021-03-18,3.5,4.3,4
USC00111550,"CHICAGO NORTHERLY ISLAND, IL US",2021-03-19,3.5,4,2.6
USC00111550,"CHICAGO NORTHERLY ISLAND, IL US",2021-03-20,5,7.1,4.1
USC00111550,"CHICAGO NORTHERLY ISLAND, IL US",2021-03-21,12.8,12.2,6.5
USC00111550,"CHICAGO NORTHERLY ISLAND, IL US",2021-03-22,15,14.7,9.1
USC00111550,"CHICAGO NORTHERLY ISLAND, IL US",2021-03-23,9.7,13.7,12.3
USC00111550,"CHICAGO NORTHERLY ISLAND, IL US",2021-03-24,12,12.8,13.1
USC00111550,"CHICAGO NORTHERLY ISLAND, IL US",2021-03-25,6.1,7,9.6
USC00111550,"CHICAGO NORTHERLY ISLAND, IL US",2021-03-26,3,4,6.7
USC00111550,"CHICAGO NORTHERLY ISLAND, IL US",2021-03-27,11.7,11.8,10.3
USC00111550,"CHICAGO NORTHERLY ISLAND, IL US",2021-03-28,7.6,7,9.2
USC00111550,"CHICAGO NORTHERLY ISLAND, IL US",2021-03-29,9.9,9.5,5.8
USC00111550,"CHICAGO NORTHERLY ISLAND, IL US",2021-04-15,7.1,8.1,6.8
USC00111550,"CHICAGO NORTHERLY ISLAND, IL US",2021-04-16,6.3,7.7,9.3
USC00111550,"CHICAGO NORTHERLY ISLAND, IL US",2021-04-17,6.6,7.7,8.1
USC00111550,"CHICAGO NORTHERLY ISLAND, IL US",2021-04-18,11.9,11.4,9.3
USC00111550,"CHICAGO NORTHERLY ISLAND, IL US",2021-04-19,9.6,9.1,9.3
USC00111550,"CHICAGO NORTHERLY ISLAND, IL US",2021-04-20,3.8,3.7,4
USC00111550,"CHICAGO NORTHERLY ISLAND, IL US",2021-04-21,4.1,5.1,4.1
USC00111550,"CHICAGO NORTHERLY ISLAND, IL US",2021-04-24,10.6,11.8,11.1
USC00111550,"CHICAGO NORTHERLY ISLAND, IL US",2021-04-25,5.2,6,9.1
USC00111550,"CHICAGO NORTHERLY ISLAND, IL US",2021-04-26,16.9,17.1,10.3
USC00111550,"CHICAGO NORTHERLY ISLAND, IL US",2021-04-27,21.3,22.3,19.2
USC00111550,"CHICAGO NORTHERLY ISLAND, IL US",2021-04-28,6.9,9.3,19.1
USC00111550,"CHICAGO NORTHERLY ISLAND, IL US",2021-04-29,11.7,13.4,11.4
USC00111550,"CHICAGO NORTHERLY ISLAND, IL US",2021-04-30,10,9.9,12.2
USC00111550,"CHICAGO NORTHERLY ISLAND, IL US",2021-05-04,10.2,11,16.9
USC00111550,"CHICAGO NORTHERLY ISLAND, IL US",2021-05-05,9.1,10.1,11.4
USC00111550,"CHICAGO NORTHERLY ISLAND, IL US",2021-05-06,8.7,9.6,9.3
USC00111550,"CHICAGO NORTHERLY ISLAND, IL US",2021-05-07,10.3,10.6,10.3
USC00111550,"CHICAGO NORTHERLY ISLAND, IL US",2021-05-08,7.1,7.6,7.9
USC00111550,"CHICAGO NORTHERLY ISLAND, IL US",2021-05-09,8.5,9.1,7.3
USC00111550,"CHICAGO NORTHERLY ISLAND, IL US",2021-05-10,7.8,7.8,8.3
USC00111550,"CHICAGO NORTHERLY ISLAND, IL US",2021-05-11,7.9,7.8,8.4
USC00111550,"CHICAGO NORTHERLY ISLAND, IL US",2021-05-12,9.4,9.9,8.9
USC00111550,"CHICAGO NORTHERLY ISLAND, IL US",2021-05-13,12.7,13.5,11.3
USC00111550,"CHICAGO NORTHERLY ISLAND, IL US",2021-05-18,18.2,19.8,18.7
USC00111550,"CHICAGO NORTHERLY ISLAND, IL US",2021-05-19,19.7,21,20.8
USC00111550,"CHICAGO NORTHERLY ISLAND, IL US",2021-05-20,22.3,24.5,22.8
USC00111550,"CHICAGO NORTHERLY ISLAND, IL US",2021-05-21,24.5,25.4,24
USC00111550,"CHICAGO NORTHERLY ISLAND, IL US",2021-05-22,24.8,25.9,24.8
USC00111550,"CHICAGO NORTHERLY ISLAND, IL US",2021-05-23,20.6,22,23.4
USC00111550,"CHICAGO NORTHERLY ISLAND, IL US",2021-05-24,22,24,24.6
USC00111550,"CHICAGO NORTHERLY ISLAND, IL US",2021-05-25,26.4,26.4,24.7
USC00111550,"CHICAGO NORTHERLY ISLAND, IL US",2021-05-26,21.4,22.4,23
USC00111550,"CHICAGO NORTHERLY ISLAND, IL US",2021-06-05,27.5,28,23.2
USC00111550,"CHICAGO NORTHERLY ISLAND, IL US",2021-06-06,27.2,27.4,24.7
USC00111550,"CHICAGO NORTHERLY ISLAND, IL US",2021-06-07,23,24.2,24.8
USC00111550,"CHICAGO NORTHERLY ISLAND, IL US",2021-06-08,22.4,25.8,25.3
USC00111550,"CHICAGO NORTHERLY ISLAND, IL US",2021-06-09,23,25.1,26.7
USC00111550,"CHICAGO NORTHERLY ISLAND, IL US",2021-06-11,23.4,26.5,26.4
USC00111550,"CHICAGO NORTHERLY ISLAND, IL US",2021-06-12,23.3,26.5,25.7
USC00111550,"CHICAGO NORTHERLY ISLAND, IL US",2021-06-13,23.6,24.8,24.8
USC00111550,"CHICAGO NORTHERLY ISLAND, IL US",2021-06-14,22.1,22.8,22
USC00111550,"CHICAGO NORTHERLY ISLAND, IL US",2021-06-15,20.8,20.8,20
USC00111550,"CHICAGO NORTHERLY ISLAND, IL US",2021-06-16,19.1,19.6,18.5
USC00111550,"CHICAGO NORTHERLY ISLAND, IL US",2021-06-17,24.9,24.2,20.4
USC00111550,"CHICAGO NORTHERLY ISLAND, IL US",2021-06-18,24.1,26.2,25.6
USC00111550,"CHICAGO NORTHERLY ISLAND, IL US",2021-06-19,25.4,26.6,26.7
USC00111550,"CHICAGO NORTHERLY ISLAND, IL US",2021-06-20,24.1,24.2,23.8
USC00111550,"CHICAGO NORTHERLY ISLAND, IL US",2021-06-21,18.9,19.2,21.8
USC00111550,"CHICAGO NORTHERLY ISLAND, IL US",2021-06-22,18.9,18.6,16.4
USC00111550,"CHICAGO NORTHERLY ISLAND, IL US",2021-06-23,23,22.4,17.1
USC00111550,"CHICAGO NORTHERLY ISLAND, IL US",2021-06-24,22.1,22.8,20.5
USC00111550,"CHICAGO NORTHERLY ISLAND, IL US",2021-06-25,22.2,23.2,24
USC00111550,"CHICAGO NORTHERLY ISLAND, IL US",2021-06-26,24.5,25.2,25.6
USC00111550,"CHICAGO NORTHERLY ISLAND, IL US",2021-06-27,23.9,24.9,25.4
USC00111550,"CHICAGO NORTHERLY ISLAND, IL US",2021-06-28,21.3,23.8,25.9
USC00111550,"CHICAGO NORTHERLY ISLAND, IL US",2021-06-29,25.5,26.5,25.5
USC00111550,"CHICAGO NORTHERLY ISLAND, IL US",2021-06-30,23,24.6,25.2
USC00111550,"CHICAGO NORTHERLY ISLAND, IL US",2021-07-01,19.1,20.6,23.6
USC00111550,"CHICAGO NORTHERLY ISLAND, IL US",2021-07-02,18.8,19.2,18.1
USC00111550,"CHICAGO NORTHERLY ISLAND, IL US",2021-07-03,24.2,23.7,19.9
USC00111550,"CHICAGO NORTHERLY ISLAND, IL US",2021-07-05,28.7,28.7,26.4
USC00111550,"CHICAGO NORTHERLY ISLAND, IL US",2021-07-06,29.4,29.5,27.1
USC00111550,"CHICAGO NORTHERLY ISLAND, IL US",2021-07-07,26.3,26.8,26.6
USC00111550,"CHICAGO NORTHERLY ISLAND, IL US",2021-07-08,18.2,18.5,22.1
USC00111550,"CHICAGO NORTHERLY ISLAND, IL US",2021-07-09,19.4,19.9,18.9
USC00111550,"CHICAGO NORTHERLY ISLAND, IL US",2021-07-11,19.3,20,19.7
USC00111550,"CHICAGO NORTHERLY ISLAND, IL US",2021-07-12,20.7,21.6,20.4
USC00111550,"CHICAGO NORTHERLY ISLAND, IL US",2021-07-13,23.7,24.1,23
USC00111550,"CHICAGO NORTHERLY ISLAND, IL US",2021-07-14,25.5,25.6,24
USC00111550,"CHICAGO NORTHERLY ISLAND, IL US",2021-07-15,23.3,23.9,24.6
USC00111550,"CHICAGO NORTHERLY ISLAND, IL US",2021-07-17,21.1,22.1,21.6
USC00111550,"CHICAGO NORTHERLY ISLAND, IL US",2021-07-18,22.4,23.6,22.8
USC00111550,"CHICAGO NORTHERLY ISLAND, IL US",2021-07-19,22.1,23.6,24
USC00111550,"CHICAGO NORTHERLY ISLAND, IL US",2021-07-20,24.8,25.5,24.8
USC00111550,"CHICAGO NORTHERLY ISLAND, IL US",2021-07-21,21,21.5,22.2
USC00111550,"CHICAGO NORTHERLY ISLAND, IL US",2021-07-22,23,24.1,22.3
USC00111550,"CHICAGO NORTHERLY ISLAND, IL US",2021-07-23,28.4,28.2,25.5
USC00111550,"CHICAGO NORTHERLY ISLAND, IL US",2021-07-24,29.6,29.4,27.2
USC00111550,"CHICAGO NORTHERLY ISLAND, IL US",2021-07-25,26.1,27.4,27.4
USC00111550,"CHICAGO NORTHERLY ISLAND, IL US",2021-07-26,26.3,27.5,25.9
USC00111550,"CHICAGO NORTHERLY ISLAND, IL US",2021-07-27,28,27,24.9
USC00111550,"CHICAGO NORTHERLY ISLAND, IL US",2021-07-28,28.2,27.9,26.7
USC00111550,"CHICAGO NORTHERLY ISLAND, IL US",2021-07-29,26.5,26.9,28.8
USC00111550,"CHICAGO NORTHERLY ISLAND, IL US",2021-07-30,21,21.4,22.1
USC00111550,"CHICAGO NORTHERLY ISLAND, IL US",2021-07-31,21.8,22.2,21.5
USC00111550,"CHICAGO NORTHERLY ISLAND, IL US",2021-08-01,21.6,21.5,21.1
USC00111550,"CHICAGO NORTHERLY ISLAND, IL US",2021-08-02,22.4,21.4,19.5
USC00111550,"CHICAGO NORTHERLY ISLAND, IL US",2021-08-03,23.2,22.9,20.6
USC00111550,"CHICAGO NORTHERLY ISLAND, IL US",2021-08-04,23,23.5,21.6
USC00111550,"CHICAGO NORTHERLY ISLAND, IL US",2021-08-05,26.9,25.5,22.2
USC00111550,"CHICAGO NORTHERLY ISLAND, IL US",2021-08-06,24.8,24.9,23.1
USC00111550,"CHICAGO NORTHERLY ISLAND, IL US",2021-08-07,27.1,26.7,24.8
USC00111550,"CHICAGO NORTHERLY ISLAND, IL US",2021-08-08,28.6,28.7,26.1
USC00111550,"CHICAGO NORTHERLY ISLAND, IL US",2021-08-09,25.6,25.6,26.7
USC00111550,"CHICAGO NORTHERLY ISLAND, IL US",2021-08-10,28.9,29.1,29
USC00111550,"CHICAGO NORTHERLY ISLAND, IL US",2021-08-11,27.8,27.6,28.7
USC00111550,"CHICAGO NORTHERLY ISLAND, IL US",2021-08-12,27,26.6,28.7
USC00111550,"CHICAGO NORTHERLY ISLAND, IL US",2021-08-13,23.1,24.1,25.1
USC00111550,"CHICAGO NORTHERLY ISLAND, IL US",2021-08-14,23.3,22.7,21.7
USC00111550,"CHICAGO NORTHERLY ISLAND, IL US",2021-08-15,23,22.2,21.1
USC00111550,"CHICAGO NORTHERLY ISLAND, IL US",2021-08-16,21.4,22,21.7
USC00111550,"CHICAGO NORTHERLY ISLAND, IL US",2021-08-17,23.7,23.9,23.4
USC00111550,"CHICAGO NORTHERLY ISLAND, IL US",2021-08-18,25.6,26,24.8
USC00111550,"CHICAGO NORTHERLY ISLAND, IL US",2021-08-19,25.8,26.4,25.7
USC00111550,"CHICAGO NORTHERLY ISLAND, IL US",2021-08-20,25.8,27.1,25.1
USC00111550,"CHICAGO NORTHERLY ISLAND, IL US",2021-08-21,28.4,28.1,25.8
USC00111550,"CHICAGO NORTHERLY ISLAND, IL US",2021-08-22,24.1,24.7,27.1
USC00111550,"CHICAGO NORTHERLY ISLAND, IL US",2021-08-23,27,26.3,25.5
USC00111550,"CHICAGO NORTHERLY ISLAND, IL US",2021-08-24,29.2,29.8,28.6
USC00111550,"CHICAGO NORTHERLY ISLAND, IL US",2021-08-25,28.6,29.1,29.5
USC00111550,"CHICAGO NORTHERLY ISLAND, IL US",2021-08-26,25.6,26.9,28.7
USC00111550,"CHICAGO NORTHERLY ISLAND, IL US",2021-08-27,26.8,28.1,26.9
USC00111550,"CHICAGO NORTHERLY ISLAND, IL US",2021-08-28,29.8,29.8,28.2
USC00111550,"CHICAGO NORTHERLY ISLAND, IL US",2021-08-29,29.1,28.8,26.8
USC00111550,"CHICAGO NORTHERLY ISLAND, IL US",2021-08-30,24.4,24.8,24.3
USC00111550,"CHICAGO NORTHERLY ISLAND, IL US",2021-08-31,23.9,23.9,22.4
USC00111550,"CHICAGO NORTHERLY ISLAND, IL US",2021-09-01,22.9,22.3,22.3
USC00111550,"CHICAGO NORTHERLY ISLAND, IL US",2021-09-02,19.4,21.1,20.2
USC00111550,"CHICAGO NORTHERLY ISLAND, IL US",2021-09-03,22.6,21.7,20.3
USC00111550,"CHICAGO NORTHERLY ISLAND, IL US",2021-09-04,21.1,21.3,21.6
USC00111550,"CHICAGO NORTHERLY ISLAND, IL US",2021-09-05,23.6,23.4,21.9
USC00111550,"CHICAGO NORTHERLY ISLAND, IL US",2021-09-06,21.3,22.3,20.1
USC00111550,"CHICAGO NORTHERLY ISLAND, IL US",2021-09-07,26.4,26.1,23.1
USC00111550,"CHICAGO NORTHERLY ISLAND, IL US",2021-09-08,22.8,22.2,21.1
USC00111550,"CHICAGO NORTHERLY ISLAND, IL US",2021-09-09,19.8,20,19.1
USC00111550,"CHICAGO NORTHERLY ISLAND, IL US",2021-09-10,23,22.1,20.3
USC00111550,"CHICAGO NORTHERLY ISLAND, IL US",2021-09-11,25.6,25.4,21.2
USC00111550,"CHICAGO NORTHERLY ISLAND, IL US",2021-09-12,26.7,26.9,26.3
USC00111550,"CHICAGO NORTHERLY ISLAND, IL US",2021-09-13,24.7,26,26.1
USC00111550,"CHICAGO NORTHERLY ISLAND, IL US",2021-09-14,25.7,26,25.2
USC00111550,"CHICAGO NORTHERLY ISLAND, IL US",2021-09-15,21.3,21.3,22
USC00111550,"CHICAGO NORTHERLY ISLAND, IL US",2021-09-16,21.8,22.1,20.1
USC00111550,"CHICAGO NORTHERLY ISLAND, IL US",2021-09-17,26.5,25.9,21.7
USC00111550,"CHICAGO NORTHERLY ISLAND, IL US",2021-09-18,22.4,22.7,23.4
USC00111550,"CHICAGO NORTHERLY ISLAND, IL US",2021-09-19,23.7,25.5,23.6
USC00111550,"CHICAGO NORTHERLY ISLAND, IL US",2021-09-20,25.2,25.1,24.4
USC00111550,"CHICAGO NORTHERLY ISLAND, IL US",2021-09-21,20.7,20.3,21.7
USC00111550,"CHICAGO NORTHERLY ISLAND, IL US",2021-09-22,16.3,16,16
USC00111550,"CHICAGO NORTHERLY ISLAND, IL US",2021-09-23,16.6,16.3,14.9
USC00111550,"CHICAGO NORTHERLY ISLAND, IL US",2021-09-24,21.1,20.4,15.1
USC00111550,"CHICAGO NORTHERLY ISLAND, IL US",2021-09-25,17.4,17.2,17.1
USC00111550,"CHICAGO NORTHERLY ISLAND, IL US",2021-09-26,22.5,22.2,17.2
USC00111550,"CHICAGO NORTHERLY ISLAND, IL US",2021-09-27,24.6,25,21.8
USC00111550,"CHICAGO NORTHERLY ISLAND, IL US",2021-09-28,19.1,19.5,19.9
USC00111550,"CHICAGO NORTHERLY ISLAND, IL US",2021-09-29,19.6,21.2,18.6
USC00111550,"CHICAGO NORTHERLY ISLAND, IL US",2021-09-30,19.6,21.2,20.7
USC00111550,"CHICAGO NORTHERLY ISLAND, IL US",2021-10-01,21.5,23.1,20.4
USC00111550,"CHICAGO NORTHERLY ISLAND, IL US",2021-10-02,24.1,23.8,21.2
USC00111550,"CHICAGO NORTHERLY ISLAND, IL US",2021-10-03,21,22.1,22.4
USC00111550,"CHICAGO NORTHERLY ISLAND, IL US",2021-10-04,19.5,19.9,20.6
USC00111550,"CHICAGO NORTHERLY ISLAND, IL US",2021-10-05,18.8,19.3,19.2
USC00111550,"CHICAGO NORTHERLY ISLAND, IL US",2021-10-06,18.5,19.2,19.4
USC00111550,"CHICAGO NORTHERLY ISLAND, IL US",2021-10-07,20.4,21.4,20.5
USC00111550,"CHICAGO NORTHERLY ISLAND, IL US",2021-10-08,20.2,20.9,21
USC00111550,"CHICAGO NORTHERLY ISLAND, IL US",2021-10-09,21.1,22.7,21.3
USC00111550,"CHICAGO NORTHERLY ISLAND, IL US",2021-10-10,24.7,24.9,22.9
USC00111550,"CHICAGO NORTHERLY ISLAND, IL US",2021-10-11,22.2,22.6,22.1
USC00111550,"CHICAGO NORTHERLY ISLAND, IL US",2021-10-12,17,16.7,20.1
USC00111550,"CHICAGO NORTHERLY ISLAND, IL US",2021-10-13,18.3,18.2,17.2
USC00111550,"CHICAGO NORTHERLY ISLAND, IL US",2021-10-14,18.9,18.5,19.1
USC00111550,"CHICAGO NORTHERLY ISLAND, IL US",2021-10-15,15.6,15.3,14.6
USC00111550,"CHICAGO NORTHERLY ISLAND, IL US",2021-10-16,12.2,12.2,12
USC00111550,"CHICAGO NORTHERLY ISLAND, IL US",2021-10-17,14.8,14.1,10.4
USC00111550,"CHICAGO NORTHERLY ISLAND, IL US",2021-10-18,17.6,16.3,12.7
USC00111550,"CHICAGO NORTHERLY ISLAND, IL US",2021-10-19,18.3,17.7,14.3
USC00111550,"CHICAGO NORTHERLY ISLAND, IL US",2021-10-20,18.5,18.1,14.7
USC00111550,"CHICAGO NORTHERLY ISLAND, IL US",2021-10-21,15.2,14,15
USC00111550,"CHICAGO NORTHERLY ISLAND, IL US",2021-10-22,11,10.4,10.7
USC00111550,"CHICAGO NORTHERLY ISLAND, IL US",2021-10-23,10.2,9.5,9.9
USC00111550,"CHICAGO NORTHERLY ISLAND, IL US",2021-10-24,10.4,8.4,9
USC00111550,"CHICAGO NORTHERLY ISLAND, IL US",2021-10-25,10.8,10.6,10
USC00111550,"CHICAGO NORTHERLY ISLAND, IL US",2021-10-26,11.8,10.4,10.3
USC00111550,"CHICAGO NORTHERLY ISLAND, IL US",2021-10-27,10,9.5,8.2
USC00111550,"CHICAGO NORTHERLY ISLAND, IL US",2021-10-28,11.8,11.4,9.8
USC00111550,"CHICAGO NORTHERLY ISLAND, IL US",2021-10-29,12.7,12.6,12.7
USC00111550,"CHICAGO NORTHERLY ISLAND, IL US",2021-10-30,12.7,12.1,12.9
USC00111550,"CHICAGO NORTHERLY ISLAND, IL US",2021-10-31,9.6,9.2,9.6
USC00111550,"CHICAGO NORTHERLY ISLAND, IL US",2021-11-01,6.7,6.4,5.1
USC00111550,"CHICAGO NORTHERLY ISLAND, IL US",2021-11-02,5.4,5.3,4.6
USC00111550,"CHICAGO NORTHERLY ISLAND, IL US",2021-11-03,4.9,4.2,4.2
USC00111550,"CHICAGO NORTHERLY ISLAND, IL US",2021-11-04,6.3,4.9,4.7
USC00111550,"CHICAGO NORTHERLY ISLAND, IL US",2021-11-05,7.8,7,3.8
USC00111550,"CHICAGO NORTHERLY ISLAND, IL US",2021-11-06,10.6,9.9,4.4
USC00111550,"CHICAGO NORTHERLY ISLAND, IL US",2021-11-07,13.7,13.2,8.1
USC00111550,"CHICAGO NORTHERLY ISLAND, IL US",2021-11-08,14.8,14.7,10.4
USC00111550,"CHICAGO NORTHERLY ISLAND, IL US",2021-11-09,12.4,11.2,12
USC00111550,"CHICAGO NORTHERLY ISLAND, IL US",2021-11-10,10.9,10,9.9
USC00111550,"CHICAGO NORTHERLY ISLAND, IL US",2021-11-11,10.8,10.2,11
USC00111550,"CHICAGO NORTHERLY ISLAND, IL US",2021-11-12,4.7,4.4,5
USC00111550,"CHICAGO NORTHERLY ISLAND, IL US",2021-11-13,3.3,3.2,2.5
USC00111550,"CHICAGO NORTHERLY ISLAND, IL US",2021-11-14,2.2,2.3,2.5
USC00111550,"CHICAGO NORTHERLY ISLAND, IL US",2021-11-15,1.7,0.8,1.3
USC00111550,"CHICAGO NORTHERLY ISLAND, IL US",2021-11-16,9.1,8.2,3.6
USC00111550,"CHICAGO NORTHERLY ISLAND, IL US",2021-11-17,11.7,11.4,9.6
USC00111550,"CHICAGO NORTHERLY ISLAND, IL US",2021-11-18,3.6,3,4.2
USC00111550,"CHICAGO NORTHERLY ISLAND, IL US",2021-11-19,2,1.8,0.4
USC00111550,"CHICAGO NORTHERLY ISLAND, IL US",2021-11-20,6.6,6.4,2.5
USC00111550,"CHICAGO NORTHERLY ISLAND, IL US",2021-11-21,7.4,7.5,5.5
USC00111550,"CHICAGO NORTHERLY ISLAND, IL US",2021-11-22,0.4,0.1,-0.6
USC00111550,"CHICAGO NORTHERLY ISLAND, IL US",2021-11-23,2.8,1.9,-0.6
USC00111550,"CHICAGO NORTHERLY ISLAND, IL US",2021-11-24,7.8,7.3,1.9
USC00111550,"CHICAGO NORTHERLY ISLAND, IL US",2021-11-25,3.9,4.3,5.9
USC00111550,"CHICAGO NORTHERLY ISLAND, IL US",2021-11-26,-3,-3.1,-2.9
USC00111550,"CHICAGO NORTHERLY ISLAND, IL US",2021-11-27,2.4,2.1,0.6
USC00111550,"CHICAGO NORTHERLY ISLAND, IL US",2021-11-28,2.4,1.8,0.5
USC00111550,"CHICAGO NORTHERLY ISLAND, IL US",2021-11-29,2,1.7,-1.7
USC00111550,"CHICAGO NORTHERLY ISLAND, IL US",2021-11-30,7.6,7.1,1.3
USC00111550,"CHICAGO NORTHERLY ISLAND, IL US",2021-12-01,6.7,6,2.7
USC00111550,"CHICAGO NORTHERLY ISLAND, IL US",2021-12-02,10.6,10.9,6.4
USC00111550,"CHICAGO NORTHERLY ISLAND, IL US",2021-12-03,6.6,7.1,5.3
USC00111550,"CHICAGO NORTHERLY ISLAND, IL US",2021-12-04,3.9,4,3.5
USC00111550,"CHICAGO NORTHERLY ISLAND, IL US",2021-12-05,3.8,4.1,1.8
USC00111550,"CHICAGO NORTHERLY ISLAND, IL US",2021-12-06,-1.1,-1,0.2
USC00111550,"CHICAGO NORTHERLY ISLAND, IL US",2021-12-07,-6.5,-6.5,-7.5
USC00111550,"CHICAGO NORTHERLY ISLAND, IL US",2021-12-08,-0.9,-1.3,-3.3
USC00111550,"CHICAGO NORTHERLY ISLAND, IL US",2021-12-09,4.1,3.3,-0.8
USC00111550,"CHICAGO NORTHERLY ISLAND, IL US",2021-12-10,10.6,9.3,3
USC00111550,"CHICAGO NORTHERLY ISLAND, IL US",2021-12-11,9.3,7.9,7.2
USC00111550,"CHICAGO NORTHERLY ISLAND, IL US",2021-12-12,5.9,5.7,1.2
USC00111550,"CHICAGO NORTHERLY ISLAND, IL US",2021-12-13,6.1,6.3,2.2
USC00111550,"CHICAGO NORTHERLY ISLAND, IL US",2021-12-14,7.2,7.3,3.4
USC00111550,"CHICAGO NORTHERLY ISLAND, IL US",2021-12-15,13.9,14.3,10.4
USC00111550,"CHICAGO NORTHERLY ISLAND, IL US",2021-12-16,11,10.9,11.2
USC00111550,"CHICAGO NORTHERLY ISLAND, IL US",2021-12-17,2,1.7,0.2
USC00111550,"CHICAGO NORTHERLY ISLAND, IL US",2021-12-18,2.4,2.5,1.8
USC00111550,"CHICAGO NORTHERLY ISLAND, IL US",2021-12-19,1.6,2,-1.2
USC00111550,"CHICAGO NORTHERLY ISLAND, IL US",2021-12-20,3.3,3.1,-1.1
USC00111550,"CHICAGO NORTHERLY ISLAND, IL US",2021-12-21,2.2,1.8,-1
USC00111550,"CHICAGO NORTHERLY ISLAND, IL US",2021-12-22,-3,-2.9,-3.6
USC00111550,"CHICAGO NORTHERLY ISLAND, IL US",2021-12-23,3.2,3,-1.5
USC00111550,"CHICAGO NORTHERLY ISLAND, IL US",2021-12-24,8.9,8.8,1.8
USC00111550,"CHICAGO NORTHERLY ISLAND, IL US",2021-12-25,8.6,8.1,7.1
USC00111550,"CHICAGO NORTHERLY ISLAND, IL US",2021-12-26,3.3,2.6,2
USC00111550,"CHICAGO NORTHERLY ISLAND, IL US",2021-12-27,4.6,4.7,4.2
USC00111550,"CHICAGO NORTHERLY ISLAND, IL US",2021-12-28,1.3,1.7,2.4
USC00111550,"CHICAGO NORTHERLY ISLAND, IL US",2021-12-29,1.6,1.4,0.8
USC00111550,"CHICAGO NORTHERLY ISLAND, IL US",2021-12-30,1.3,1.3,0
USC00111550,"CHICAGO NORTHERLY ISLAND, IL US",2021-12-31,3,4.1,1.6
USW00094846,"CHICAGO OHARE INTERNATIONAL AIRPORT, IL US",2021-01-01,-1.8,-2.4,-4.1
USW00094846,"CHICAGO OHARE INTERNATIONAL AIRPORT, IL US",2021-01-02,0.2,-0.4,-0.8
USW00094846,"CHICAGO OHARE INTERNATIONAL AIRPORT, IL US",2021-01-03,-0.9,-0.9,-0.8
USW00094846,"CHICAGO OHARE INTERNATIONAL AIRPORT, IL US",2021-01-04,-2.3,-2.4,-3.8
USW00094846,"CHICAGO OHARE INTERNATIONAL AIRPORT, IL US",2021-01-05,1.1,-0.2,-3.1
USW00094846,"CHICAGO OHARE INTERNATIONAL AIRPORT, IL US",2021-01-06,2.2,1.2,-2.8
USW00094846,"CHICAGO OHARE INTERNATIONAL AIRPORT, IL US",2021-01-07,2.2,1.5,-1.9
USW00094846,"CHICAGO OHARE INTERNATIONAL AIRPORT, IL US",2021-01-08,0.9,0.6,-0.3
USW00094846,"CHICAGO OHARE INTERNATIONAL AIRPORT, IL US",2021-01-09,0.9,0.3,-3.9
USW00094846,"CHICAGO OHARE INTERNATIONAL AIRPORT, IL US",2021-01-10,-2.7,-2.3,-4.6
USW00094846,"CHICAGO OHARE INTERNATIONAL AIRPORT, IL US",2021-01-11,-2.8,-3.2,-6.7
USW00094846,"CHICAGO OHARE INTERNATIONAL AIRPORT, IL US",2021-01-12,0.6,0.2,-4.3
USW00094846,"CHICAGO OHARE INTERNATIONAL AIRPORT, IL US",2021-01-13,2.8,2,-3.1
USW00094846,"CHICAGO OHARE INTERNATIONAL AIRPORT, IL US",2021-01-14,2.7,2.2,-0.7
USW00094846,"CHICAGO OHARE INTERNATIONAL AIRPORT, IL US",2021-01-15,2,1.4,0.5
USW00094846,"CHICAGO OHARE INTERNATIONAL AIRPORT, IL US",2021-01-16,0.9,0.8,-0.8
USW00094846,"CHICAGO OHARE INTERNATIONAL AIRPORT, IL US",2021-01-17,-0.4,-0.5,-1
USW00094846,"CHICAGO OHARE INTERNATIONAL AIRPORT, IL US",2021-01-18,-2.5,-2.5,-1.7
USW00094846,"CHICAGO OHARE INTERNATIONAL AIRPORT, IL US",2021-01-19,-2.6,-3,-4.3
USW00094846,"CHICAGO OHARE INTERNATIONAL AIRPORT, IL US",2021-01-20,-3.5,-3.8,-5.8
USW00094846,"CHICAGO OHARE INTERNATIONAL AIRPORT, IL US",2021-01-21,2,0.7,-3.1
USW00094846,"CHICAGO OHARE INTERNATIONAL AIRPORT, IL US",2021-01-22,-4.9,-6.2,-6.4
USW00094846,"CHICAGO OHARE INTERNATIONAL AIRPORT, IL US",2021-01-23,-5.4,-6.3,-10.8
USW00094846,"CHICAGO OHARE INTERNATIONAL AIRPORT, IL US",2021-01-24,-0.4,-2.4,-2.9
USW00094846,"CHICAGO OHARE INTERNATIONAL AIRPORT, IL US",2021-01-25,-0.2,-0.9,-3
USW00094846,"CHICAGO OHARE INTERNATIONAL AIRPORT, IL US",2021-01-26,-1.5,-1.5,-0.7
USW00094846,"CHICAGO OHARE INTERNATIONAL AIRPORT, IL US",2021-01-27,-5.5,-5.2,-3.7
USW00094846,"CHICAGO OHARE INTERNATIONAL AIRPORT, IL US",2021-01-28,-7.1,-7.8,-8.3
USW00094846,"CHICAGO OHARE INTERNATIONAL AIRPORT, IL US",2021-01-29,-3.5,-4.8,-6.4
USW00094846,"CHICAGO OHARE INTERNATIONAL AIRPORT, IL US",2021-01-30,0,-1.7,-3.6
USW00094846,"CHICAGO OHARE INTERNATIONAL AIRPORT, IL US",2021-01-31,-0.4,-0.4,-0.5
USW00094846,"CHICAGO OHARE INTERNATIONAL AIRPORT, IL US",2021-02-01,-1.8,-1.8,-1.1
USW00094846,"CHICAGO OHARE INTERNATIONAL AIRPORT, IL US",2021-02-02,-2,-2.7,-4.8
USW00094846,"CHICAGO OHARE INTERNATIONAL AIRPORT, IL US",2021-02-03,-1.9,-2.9,-6.5
USW00094846,"CHICAGO OHARE INTERNATIONAL AIRPORT, IL US",2021-02-04,-0.4,-1.6,-4
USW00094846,"CHICAGO OHARE INTERNATIONAL AIRPORT, IL US",2021-02-05,-9.5,-10,-7.4
USW00094846,"CHICAGO OHARE INTERNATIONAL AIRPORT, IL US",2021-02-06,-13.2,-13.1,-12.3
USW00094846,"CHICAGO OHARE INTERNATIONAL AIRPORT, IL US",2021-02-07,-17.5,-17.9,-16.6
USW00094846,"CHICAGO OHARE INTERNATIONAL AIRPORT, IL US",2021-02-08,-12.4,-13.8,-14.2
USW00094846,"CHICAGO OHARE INTERNATIONAL AIRPORT, IL US",2021-02-09,-11.6,-12.1,-11.4
USW00094846,"CHICAGO OHARE INTERNATIONAL AIRPORT, IL US",2021-02-10,-11,-11.8,-13.2
USW00094846,"CHICAGO OHARE INTERNATIONAL AIRPORT, IL US",2021-02-11,-10.2,-10.2,-10.9
USW00094846,"CHICAGO OHARE INTERNATIONAL AIRPORT, IL US",2021-02-12,-10.4,-10.7,-8.8
USW00094846,"CHICAGO OHARE INTERNATIONAL AIRPORT, IL US",2021-02-13,-13.8,-13.9,-10.1
USW00094846,"CHICAGO OHARE INTERNATIONAL AIRPORT, IL US",2021-02-14,-17.5,-17.4,-14.9
USW00094846,"CHICAGO OHARE INTERNATIONAL AIRPORT, IL US",2021-02-15,-13.6,-13.9,-12.6
USW00094846,"CHICAGO OHARE INTERNATIONAL AIRPORT, IL US",2021-02-16,-9.4,-10.1,-8.4
USW00094846,"CHICAGO OHARE INTERNATIONAL AIRPORT, IL US",2021-02-17,-7.3,-9.1,-12.2
USW00094846,"CHICAGO OHARE INTERNATIONAL AIRPORT, IL US",2021-02-18,-5.2,-7.2,-6.6
USW00094846,"CHICAGO OHARE INTERNATIONAL AIRPORT, IL US",2021-02-19,-9.4,-9.5,-7.7
USW00094846,"CHICAGO OHARE INTERNATIONAL AIRPORT, IL US",2021-02-20,-6.8,-8,-7.6
USW00094846,"CHICAGO OHARE INTERNATIONAL AIRPORT, IL US",2021-02-21,-1.5,-3.2,-7.5
USW00094846,"CHICAGO OHARE INTERNATIONAL AIRPORT, IL US",2021-02-22,1.4,0.7,-0.5
USW00094846,"CHICAGO OHARE INTERNATIONAL AIRPORT, IL US",2021-02-23,6.1,4.7,-1.3
USW00094846,"CHICAGO OHARE INTERNATIONAL AIRPORT, IL US",2021-02-24,4.4,4.1,-2.5
USW00094846,"CHICAGO OHARE INTERNATIONAL AIRPORT, IL US",2021-02-25,1.6,0.7,-4.4
USW00094846,"CHICAGO OHARE INTERNATIONAL AIRPORT, IL US",2021-02-26,2,1.1,-4.9
USW00094846,"CHICAGO OHARE INTERNATIONAL AIRPORT, IL US",2021-02-27,7,5.8,-0.1
USW00094846,"CHICAGO OHARE INTERNATIONAL AIRPORT, IL US",2021-02-28,6.1,5.6,0.4
USW00094846,"CHICAGO OHARE INTERNATIONAL AIRPORT, IL US",2021-03-01,-0.7,-1.3,-2.7
USW00094846,"CHICAGO OHARE INTERNATIONAL AIRPORT, IL US",2021-03-02,1.5,0.4,-6.6
USW00094846,"CHICAGO OHARE INTERNATIONAL AIRPORT, IL US",2021-03-03,9.3,7.2,-1.3
USW00094846,"CHICAGO OHARE INTERNATIONAL AIRPORT, IL US",2021-03-04,0.6,0.8,-1.2
USW00094846,"CHICAGO OHARE INTERNATIONAL AIRPORT, IL US",2021-03-05,4,3,-2.1
USW00094846,"CHICAGO OHARE INTERNATIONAL AIRPORT, IL US",2021-03-06,4.1,3,-0.1
USW00094846,"CHICAGO OHARE INTERNATIONAL AIRPORT, IL US",2021-03-07,5.5,4.4,0.2
USW00094846,"CHICAGO OHARE INTERNATIONAL AIRPORT, IL US",2021-03-08,12.8,11.1,4
USW00094846,"CHICAGO OHARE INTERNATIONAL AIRPORT, IL US",2021-03-09,14.2,13.2,7.6
USW00094846,"CHICAGO OHARE INTERNATIONAL AIRPORT, IL US",2021-03-10,18,16.3,11.2
USW00094846,"CHICAGO OHARE INTERNATIONAL AIRPORT, IL US",2021-03-11,13,12,12.4
USW00094846,"CHICAGO OHARE INTERNATIONAL AIRPORT, IL US",2021-03-12,8.5,7.5,5.4
USW00094846,"CHICAGO OHARE INTERNATIONAL AIRPORT, IL US",2021-03-13,8.9,8.2,4.9
USW00094846,"CHICAGO OHARE INTERNATIONAL AIRPORT, IL US",2021-03-14,6.3,5.6,5.1
USW00094846,"CHICAGO OHARE INTERNATIONAL AIRPORT, IL US",2021-03-15,2,1.5,1.2
USW00094846,"CHICAGO OHARE INTERNATIONAL AIRPORT, IL US",2021-03-16,2.2,1.7,2.1
USW00094846,"CHICAGO OHARE INTERNATIONAL AIRPORT, IL US",2021-03-17,2.8,2.6,3.3
USW00094846,"CHICAGO OHARE INTERNATIONAL AIRPORT, IL US",2021-03-18,4.6,4.4,4
USW00094846,"CHICAGO OHARE INTERNATIONAL AIRPORT, IL US",2021-03-19,4.4,4.3,2.4
USW00094846,"CHICAGO OHARE INTERNATIONAL AIRPORT, IL US",2021-03-20,7.9,7,3.9
USW00094846,"CHICAGO OHARE INTERNATIONAL AIRPORT, IL US",2021-03-21,12.2,11.2,6.2
USW00094846,"CHICAGO OHARE INTERNATIONAL AIRPORT, IL US",2021-03-22,15.2,14.2,9.2
USW00094846,"CHICAGO OHARE INTERNATIONAL AIRPORT, IL US",2021-03-23,14.7,13.7,11.9
USW00094846,"CHICAGO OHARE INTERNATIONAL AIRPORT, IL US",2021-03-24,11.8,12,12.4
USW00094846,"CHICAGO OHARE INTERNATIONAL AIRPORT, IL US",2021-03-25,7.4,7,9.1
USW00094846,"CHICAGO OHARE INTERNATIONAL AIRPORT, IL US",2021-03-26,5,4.3,6.3
USW00094846,"CHICAGO OHARE INTERNATIONAL AIRPORT, IL US",2021-03-27,12.3,11,9.3
USW00094846,"CHICAGO OHARE INTERNATIONAL AIRPORT, IL US",2021-03-28,7.1,6.7,8.5
USW00094846,"CHICAGO OHARE INTERNATIONAL AIRPORT, IL US",2021-03-29,9.9,9.3,5.3
USW00094846,"CHICAGO OHARE INTERNATIONAL AIRPORT, IL US",2021-03-30,14.8,13.7,9.5
USW00094846,"CHICAGO OHARE INTERNATIONAL AIRPORT, IL US",2021-03-31,4.1,4.1,5
USW00094846,"CHICAGO OHARE INTERNATIONAL AIRPORT, IL US",2021-04-01,1,1,0.5
USW00094846,"CHICAGO OHARE INTERNATIONAL AIRPORT, IL US",2021-04-02,5.2,4.1,1.2
USW00094846,"CHICAGO OHARE INTERNATIONAL AIRPORT, IL US",2021-04-03,14.9,13.2,5.7
USW00094846,"CHICAGO OHARE INTERNATIONAL AIRPORT, IL US",2021-04-04,17.2,16.2,12.4
USW00094846,"CHICAGO OHARE INTERNATIONAL AIRPORT, IL US",2021-04-05,20.9,19.2,16
USW00094846,"CHICAGO OHARE INTERNATIONAL AIRPORT, IL US",2021-04-06,22.4,21.9,18.5
USW00094846,"CHICAGO OHARE INTERNATIONAL AIRPORT, IL US",2021-04-07,23,21.9,18.7
USW00094846,"CHICAGO OHARE INTERNATIONAL AIRPORT, IL US",2021-04-08,16.9,15.9,17.3
USW00094846,"CHICAGO OHARE INTERNATIONAL AIRPORT, IL US",2021-04-09,14.3,13.8,13
USW00094846,"CHICAGO OHARE INTERNATIONAL AIRPORT, IL US",2021-04-10,11,10.9,13.6
USW00094846,"CHICAGO OHARE INTERNATIONAL AIRPORT, IL US",2021-04-11,10.9,10.5,12.3
USW00094846,"CHICAGO OHARE INTERNATIONAL AIRPORT, IL US",2021-04-12,13.6,13.6,12.9
USW00094846,"CHICAGO OHARE INTERNATIONAL AIRPORT, IL US",2021-04-13,9.6,9.6,9.4
USW00094846,"CHICAGO OHARE INTERNATIONAL AIRPORT, IL US",2021-04-14,7.3,6.9,7.2
USW00094846,"CHICAGO OHARE INTERNATIONAL AIRPORT, IL US",2021-04-15,9.6,8.7,6.7
USW00094846,"CHICAGO OHARE INTERNATIONAL AIRPORT, IL US",2021-04-16,9.7,8.7,9.3
USW00094846,"CHICAGO OHARE INTERNATIONAL AIRPORT, IL US",2021-04-17,8.7,8.5,8
USW00094846,"CHICAGO OHARE INTERNATIONAL AIRPORT, IL US",2021-04-18,11.7,11.2,9.3
USW00094846,"CHICAGO OHARE INTERNATIONAL AIRPORT, IL US",2021-04-19,8.5,8.6,9.2
USW00094846,"CHICAGO OHARE INTERNATIONAL AIRPORT, IL US",2021-04-20,4.1,3.8,3.7
USW00094846,"CHICAGO OHARE INTERNATIONAL AIRPORT, IL US",2021-04-21,6.3,5.5,4
USW00094846,"CHICAGO OHARE INTERNATIONAL AIRPORT, IL US",2021-04-22,9.5,8.7,5.4
USW00094846,"CHICAGO OHARE INTERNATIONAL AIRPORT, IL US",2021-04-23,12.5,11.4,7.5
USW00094846,"CHICAGO OHARE INTERNATIONAL AIRPORT, IL US",2021-04-24,13.4,12.7,11.1
USW00094846,"CHICAGO OHARE INTERNATIONAL AIRPORT, IL US",2021-04-25,6.6,6.8,8.8
USW00094846,"CHICAGO OHARE INTERNATIONAL AIRPORT, IL US",2021-04-26,17.6,17,9.7
USW00094846,"CHICAGO OHARE INTERNATIONAL AIRPORT, IL US",2021-04-27,22.5,21.8,18.7
USW00094846,"CHICAGO OHARE INTERNATIONAL AIRPORT, IL US",2021-04-28,9.5,11,18.6
USW00094846,"CHICAGO OHARE INTERNATIONAL AIRPORT, IL US",2021-04-29,16.7,15,11.3
USW00094846,"CHICAGO OHARE INTERNATIONAL AIRPORT, IL US",2021-04-30,10.3,10.4,11.8
USW00094846,"CHICAGO OHARE INTERNATIONAL AIRPORT, IL US",2021-05-01,20,19.3,9.8
USW00094846,"CHICAGO OHARE INTERNATIONAL AIRPORT, IL US",2021-05-02,24.6,22.9,19.6
USW00094846,"CHICAGO OHARE INTERNATIONAL AIRPORT, IL US",2021-05-03,19.5,19.1,18.1
USW00094846,"CHICAGO OHARE INTERNATIONAL AIRPORT, IL US",2021-05-04,11.6,11.7,16.9
USW00094846,"CHICAGO OHARE INTERNATIONAL AIRPORT, IL US",2021-05-05,11.7,10.8,11.4
USW00094846,"CHICAGO OHARE INTERNATIONAL AIRPORT, IL US",2021-05-06,10.7,10.4,9.3
USW00094846,"CHICAGO OHARE INTERNATIONAL AIRPORT, IL US",2021-05-07,11,10.6,10
USW00094846,"CHICAGO OHARE INTERNATIONAL AIRPORT, IL US",2021-05-08,8.5,7.6,7.9
USW00094846,"CHICAGO OHARE INTERNATIONAL AIRPORT, IL US",2021-05-09,10.2,9.7,7.8
USW00094846,"CHICAGO OHARE INTERNATIONAL AIRPORT, IL US",2021-05-10,8.3,8.1,8
USW00094846,"CHICAGO OHARE INTERNATIONAL AIRPORT, IL US",2021-05-11,8.9,7.9,7.9
USW00094846,"CHICAGO OHARE INTERNATIONAL AIRPORT, IL US",2021-05-12,11.2,10.3,9
USW00094846,"CHICAGO OHARE INTERNATIONAL AIRPORT, IL US",2021-05-13,14.8,13.8,11.5
USW00094846,"CHICAGO OHARE INTERNATIONAL AIRPORT, IL US",2021-05-14,16.7,16,13.8
USW00094846,"CHICAGO OHARE INTERNATIONAL AIRPORT, IL US",2021-05-15,15.2,14,11.8
USW00094846,"CHICAGO OHARE INTERNATIONAL AIRPORT, IL US",2021-05-16,18.5,17.5,14.7
USW00094846,"CHICAGO OHARE INTERNATIONAL AIRPORT, IL US",2021-05-17,18,17.4,17.6
USW00094846,"CHICAGO OHARE INTERNATIONAL AIRPORT, IL US",2021-05-18,20.5,19.4,18.3
USW00094846,"CHICAGO OHARE INTERNATIONAL AIRPORT, IL US",2021-05-19,21.7,20.9,20.6
USW00094846,"CHICAGO OHARE INTERNATIONAL AIRPORT, IL US",2021-05-20,25.6,24.5,22.5
USW00094846,"CHICAGO OHARE INTERNATIONAL AIRPORT, IL US",2021-05-21,26.3,25.2,23.9
USW00094846,"CHICAGO OHARE INTERNATIONAL AIRPORT, IL US",2021-05-22,27.2,25.9,24.6
USW00094846,"CHICAGO OHARE INTERNATIONAL AIRPORT, IL US",2021-05-23,22.1,22.7,23
USW00094846,"CHICAGO OHARE INTERNATIONAL AIRPORT, IL US",2021-05-24,24.8,24,24.2
USW00094846,"CHICAGO OHARE INTERNATIONAL AIRPORT, IL US",2021-05-25,25.7,25.5,24.6
USW00094846,"CHICAGO OHARE INTERNATIONAL AIRPORT, IL US",2021-05-26,22.1,22.5,22.8
USW00094846,"CHICAGO OHARE INTERNATIONAL AIRPORT, IL US",2021-05-27,12.8,13.6,15.6
USW00094846,"CHICAGO OHARE INTERNATIONAL AIRPORT, IL US",2021-05-28,8.3,8.6,11.4
USW00094846,"CHICAGO OHARE INTERNATIONAL AIRPORT, IL US",2021-05-29,12.3,11.9,10.5
USW00094846,"CHICAGO OHARE INTERNATIONAL AIRPORT, IL US",2021-05-30,14.7,14,12
USW00094846,"CHICAGO OHARE INTERNATIONAL AIRPORT, IL US",2021-05-31,17.6,16.6,16.3
USW00094846,"CHICAGO OHARE INTERNATIONAL AIRPORT, IL US",2021-06-01,19.1,18.3,15.5
USW00094846,"CHICAGO OHARE INTERNATIONAL AIRPORT, IL US",2021-06-02,20.6,19.6,19.3
USW00094846,"CHICAGO OHARE INTERNATIONAL AIRPORT, IL US",2021-06-03,23.8,23,20.9
USW00094846,"CHICAGO OHARE INTERNATIONAL AIRPORT, IL US",2021-06-04,28.4,27.2,22.9
USW00094846,"CHICAGO OHARE INTERNATIONAL AIRPORT, IL US",2021-06-05,28.3,27.8,23.6
USW00094846,"CHICAGO OHARE INTERNATIONAL AIRPORT, IL US",2021-06-06,28,27.2,25
USW00094846,"CHICAGO OHARE INTERNATIONAL AIRPORT, IL US",2021-06-07,24.7,24.8,25
USW00094846,"CHICAGO OHARE INTERNATIONAL AIRPORT, IL US",2021-06-08,28.4,26.6,25.4
USW00094846,"CHICAGO OHARE INTERNATIONAL AIRPORT, IL US",2021-06-09,27.5,26.1,26.7
USW00094846,"CHICAGO OHARE INTERNATIONAL AIRPORT, IL US",2021-06-10,27,26,25.5
USW00094846,"CHICAGO OHARE INTERNATIONAL AIRPORT, IL US",2021-06-11,28.7,27.4,26.1
USW00094846,"CHICAGO OHARE INTERNATIONAL AIRPORT, IL US",2021-06-12,28.4,27.3,25.6
USW00094846,"CHICAGO OHARE INTERNATIONAL AIRPORT, IL US",2021-06-13,26,25.2,24.7
USW00094846,"CHICAGO OHARE INTERNATIONAL AIRPORT, IL US",2021-06-14,24.4,23.6,22.2
USW00094846,"CHICAGO OHARE INTERNATIONAL AIRPORT, IL US",2021-06-15,21.1,21.1,20.3
USW00094846,"CHICAGO OHARE INTERNATIONAL AIRPORT, IL US",2021-06-16,20.4,20.2,18.5
USW00094846,"CHICAGO OHARE INTERNATIONAL AIRPORT, IL US",2021-06-17,24.5,23.9,20.6
USW00094846,"CHICAGO OHARE INTERNATIONAL AIRPORT, IL US",2021-06-18,27.2,26.6,25.5
USW00094846,"CHICAGO OHARE INTERNATIONAL AIRPORT, IL US",2021-06-19,26.5,26.4,26.3
USW00094846,"CHICAGO OHARE INTERNATIONAL AIRPORT, IL US",2021-06-20,23.4,23.2,23.3
USW00094846,"CHICAGO OHARE INTERNATIONAL AIRPORT, IL US",2021-06-21,18.7,19.5,20.8
USW00094846,"CHICAGO OHARE INTERNATIONAL AIRPORT, IL US",2021-06-22,18.6,18.3,16.2
USW00094846,"CHICAGO OHARE INTERNATIONAL AIRPORT, IL US",2021-06-23,22.6,22.1,17.3
USW00094846,"CHICAGO OHARE INTERNATIONAL AIRPORT, IL US",2021-06-24,22.7,22.2,20.4
USW00094846,"CHICAGO OHARE INTERNATIONAL AIRPORT, IL US",2021-06-25,23.5,23.5,23.9
USW00094846,"CHICAGO OHARE INTERNATIONAL AIRPORT, IL US",2021-06-26,25.2,25.1,25.3
USW00094846,"CHICAGO OHARE INTERNATIONAL AIRPORT, IL US",2021-06-27,25,24.7,25.4
USW00094846,"CHICAGO OHARE INTERNATIONAL AIRPORT, IL US",2021-06-28,24.3,23.6,25.6
USW00094846,"CHICAGO OHARE INTERNATIONAL AIRPORT, IL US",2021-06-29,26.3,25.8,25.5
USW00094846,"CHICAGO OHARE INTERNATIONAL AIRPORT, IL US",2021-06-30,25.5,25.2,25.2
USW00094846,"CHICAGO OHARE INTERNATIONAL AIRPORT, IL US",2021-07-01,20.7,21.3,23.7
USW00094846,"CHICAGO OHARE INTERNATIONAL AIRPORT, IL US",2021-07-02,19.3,19.4,18.1
USW00094846,"CHICAGO OHARE INTERNATIONAL AIRPORT, IL US",2021-07-03,24.1,23.4,20.3
USW00094846,"CHICAGO OHARE INTERNATIONAL AIRPORT, IL US",2021-07-04,27.5,26.7,25.4
USW00094846,"CHICAGO OHARE INTERNATIONAL AIRPORT, IL US",2021-07-05,28.9,28.2,26.8
USW00094846,"CHICAGO OHARE INTERNATIONAL AIRPORT, IL US",2021-07-06,29.7,29,27.6
USW00094846,"CHICAGO OHARE INTERNATIONAL AIRPORT, IL US",2021-07-07,26.9,26.8,26.8
USW00094846,"CHICAGO OHARE INTERNATIONAL AIRPORT, IL US",2021-07-08,18.5,18.5,21.6
USW00094846,"CHICAGO OHARE INTERNATIONAL AIRPORT, IL US",2021-07-09,20.7,19.9,19.1
USW00094846,"CHICAGO OHARE INTERNATIONAL AIRPORT, IL US",2021-07-10,21.6,20.5,19.7
USW00094846,"CHICAGO OHARE INTERNATIONAL AIRPORT, IL US",2021-07-11,20.6,19.8,19.7
USW00094846,"CHICAGO OHARE INTERNATIONAL AIRPORT, IL US",2021-07-12,21.8,21.3,20.3
USW00094846,"CHICAGO OHARE INTERNATIONAL AIRPORT, IL US",2021-07-13,24.1,24,23.1
USW00094846,"CHICAGO OHARE INTERNATIONAL AIRPORT, IL US",2021-07-14,25.6,25.2,24.6
USW00094846,"CHICAGO OHARE INTERNATIONAL AIRPORT, IL US",2021-07-15,23.3,23.5,24.6
USW00094846,"CHICAGO OHARE INTERNATIONAL AIRPORT, IL US",2021-07-16,21,21.4,24
USW00094846,"CHICAGO OHARE INTERNATIONAL AIRPORT, IL US",2021-07-17,22.2,22.4,21.8
USW00094846,"CHICAGO OHARE INTERNATIONAL AIRPORT, IL US",2021-07-18,23.6,23.6,22.9
USW00094846,"CHICAGO OHARE INTERNATIONAL AIRPORT, IL US",2021-07-19,24.8,24,24.2
USW00094846,"CHICAGO OHARE INTERNATIONAL AIRPORT, IL US",2021-07-20,26.5,25.7,25.3
USW00094846,"CHICAGO OHARE INTERNATIONAL AIRPORT, IL US",2021-07-21,21.7,21.6,22.6
USW00094846,"CHICAGO OHARE INTERNATIONAL AIRPORT, IL US",2021-07-22,25.2,24.3,22.8
USW00094846,"CHICAGO OHARE INTERNATIONAL AIRPORT, IL US",2021-07-23,28.4,27.7,26.3
USW00094846,"CHICAGO OHARE INTERNATIONAL AIRPORT, IL US",2021-07-24,29.6,29.1,27.7
USW00094846,"CHICAGO OHARE INTERNATIONAL AIRPORT, IL US",2021-07-25,28.3,27.6,28.1
USW00094846,"CHICAGO OHARE INTERNATIONAL AIRPORT, IL US",2021-07-26,29.2,27.6,26.9
USW00094846,"CHICAGO OHARE INTERNATIONAL AIRPORT, IL US",2021-07-27,27.1,26.6,26
USW00094846,"CHICAGO OHARE INTERNATIONAL AIRPORT, IL US",2021-07-28,27.2,27.5,27.6
USW00094846,"CHICAGO OHARE INTERNATIONAL AIRPORT, IL US",2021-07-29,27.3,27,29.3
USW00094846,"CHICAGO OHARE INTERNATIONAL AIRPORT, IL US",2021-07-30,21,21.2,22.5
USW00094846,"CHICAGO OHARE INTERNATIONAL AIRPORT, IL US",2021-07-31,22.5,21.9,22.4
USW00094846,"CHICAGO OHARE INTERNATIONAL AIRPORT, IL US",2021-08-01,21.4,21.5,22.3
USW00094846,"CHICAGO OHARE INTERNATIONAL AIRPORT, IL US",2021-08-02,21.7,21.2,20.2
USW00094846,"CHICAGO OHARE INTERNATIONAL AIRPORT, IL US",2021-08-03,23.7,22.8,21.9
USW00094846,"CHICAGO OHARE INTERNATIONAL AIRPORT, IL US",2021-08-04,24.8,23.7,22.9
USW00094846,"CHICAGO OHARE INTERNATIONAL AIRPORT, IL US",2021-08-05,26,24.8,23.6
USW00094846,"CHICAGO OHARE INTERNATIONAL AIRPORT, IL US",2021-08-06,24.6,24.5,24.1
USW00094846,"CHICAGO OHARE INTERNATIONAL AIRPORT, IL US",2021-08-07,26.9,26.3,26.1
USW00094846,"CHICAGO OHARE INTERNATIONAL AIRPORT, IL US",2021-08-08,28.7,28.3,27.1
USW00094846,"CHICAGO OHARE INTERNATIONAL AIRPORT, IL US",2021-08-09,25.5,25,26.4
USW00094846,"CHICAGO OHARE INTERNATIONAL AIRPORT, IL US",2021-08-10,28.9,28.5,28.5
USW00094846,"CHICAGO OHARE INTERNATIONAL AIRPORT, IL US",2021-08-11,27.6,27.4,28.8
USW00094846,"CHICAGO OHARE INTERNATIONAL AIRPORT, IL US",2021-08-12,26.6,26.4,28.7
USW00094846,"CHICAGO OHARE INTERNATIONAL AIRPORT, IL US",2021-08-13,25.8,24.6,25.3
USW00094846,"CHICAGO OHARE INTERNATIONAL AIRPORT, IL US",2021-08-14,22.8,22.2,21.8
USW00094846,"CHICAGO OHARE INTERNATIONAL AIRPORT, IL US",2021-08-15,22.3,21.9,21.5
USW00094846,"CHICAGO OHARE INTERNATIONAL AIRPORT, IL US",2021-08-16,23,22.1,22
USW00094846,"CHICAGO OHARE INTERNATIONAL AIRPORT, IL US",2021-08-17,25,23.8,23.7
USW00094846,"CHICAGO OHARE INTERNATIONAL AIRPORT, IL US",2021-08-18,26.5,25.7,25.2
USW00094846,"CHICAGO OHARE INTERNATIONAL AIRPORT, IL US",2021-08-19,27.6,26.5,26
USW00094846,"CHICAGO OHARE INTERNATIONAL AIRPORT, IL US",2021-08-20,28.2,27,25.4
USW00094846,"CHICAGO OHARE INTERNATIONAL AIRPORT, IL US",2021-08-21,27.8,27.4,26.1
USW00094846,"CHICAGO OHARE INTERNATIONAL AIRPORT, IL US",2021-08-22,25.5,24.9,27.1
USW00094846,"CHICAGO OHARE INTERNATIONAL AIRPORT, IL US",2021-08-23,26.2,25.4,25.5
USW00094846,"CHICAGO OHARE INTERNATIONAL AIRPORT, IL US",2021-08-24,30,29.2,29.4
USW00094846,"CHICAGO OHARE INTERNATIONAL AIRPORT, IL US",2021-08-25,29.4,28.7,29.7
USW00094846,"CHICAGO OHARE INTERNATIONAL AIRPORT, IL US",2021-08-26,27.8,26.9,29.2
USW00094846,"CHICAGO OHARE INTERNATIONAL AIRPORT, IL US",2021-08-27,28.9,28.2,27.2
USW00094846,"CHICAGO OHARE INTERNATIONAL AIRPORT, IL US",2021-08-28,29.8,29.6,28.6
USW00094846,"CHICAGO OHARE INTERNATIONAL AIRPORT, IL US",2021-08-29,28,28.3,27.2
USW00094846,"CHICAGO OHARE INTERNATIONAL AIRPORT, IL US",2021-08-30,25.5,24.8,24.5
USW00094846,"CHICAGO OHARE INTERNATIONAL AIRPORT, IL US",2021-08-31,24.3,23.7,22.7
USW00094846,"CHICAGO OHARE INTERNATIONAL AIRPORT, IL US",2021-09-01,21.6,22,22.4
USW00094846,"CHICAGO OHARE INTERNATIONAL AIRPORT, IL US",2021-09-02,22.1,21.3,20.3
USW00094846,"CHICAGO OHARE INTERNATIONAL AIRPORT, IL US",2021-09-03,21.5,20.9,20.7
USW00094846,"CHICAGO OHARE INTERNATIONAL AIRPORT, IL US",2021-09-04,20.6,20.6,22.2
USW00094846,"CHICAGO OHARE INTERNATIONAL AIRPORT, IL US",2021-09-05,23,22.8,21.9
USW00094846,"CHICAGO OHARE INTERNATIONAL AIRPORT, IL US",2021-09-06,23.2,22.3,20.6
USW00094846,"CHICAGO OHARE INTERNATIONAL AIRPORT, IL US",2021-09-07,26.1,25.2,23
USW00094846,"CHICAGO OHARE INTERNATIONAL AIRPORT, IL US",2021-09-08,21.7,21.5,20.8
USW00094846,"CHICAGO OHARE INTERNATIONAL AIRPORT, IL US",2021-09-09,20.8,19.9,19.1
USW00094846,"CHICAGO OHARE INTERNATIONAL AIRPORT, IL US",2021-09-10,22.1,21.4,20.4
USW00094846,"CHICAGO OHARE INTERNATIONAL AIRPORT, IL US",2021-09-11,25.8,24.7,21.7
USW00094846,"CHICAGO OHARE INTERNATIONAL AIRPORT, IL US",2021-09-12,26.4,26.3,26
USW00094846,"CHICAGO OHARE INTERNATIONAL AIRPORT, IL US",2021-09-13,26.7,25.8,25.2
USW00094846,"CHICAGO OHARE INTERNATIONAL AIRPORT, IL US",2021-09-14,25.6,25.6,25
USW00094846,"CHICAGO OHARE INTERNATIONAL AIRPORT, IL US",2021-09-15,21.7,21,21.5
USW00094846,"CHICAGO OHARE INTERNATIONAL AIRPORT, IL US",2021-09-16,22.3,21.6,20.2
USW00094846,"CHICAGO OHARE INTERNATIONAL AIRPORT, IL US",2021-09-17,26.2,25.2,21.5
USW00094846,"CHICAGO OHARE INTERNATIONAL AIRPORT, IL US",2021-09-18,22.6,22.1,23
USW00094846,"CHICAGO OHARE INTERNATIONAL AIRPORT, IL US",2021-09-19,26.2,25.4,23.2
USW00094846,"CHICAGO OHARE INTERNATIONAL AIRPORT, IL US",2021-09-20,25.2,24.5,24.3
USW00094846,"CHICAGO OHARE INTERNATIONAL AIRPORT, IL US",2021-09-21,20.6,19.6,21.5
USW00094846,"CHICAGO OHARE INTERNATIONAL AIRPORT, IL US",2021-09-22,15.7,15.7,16
USW00094846,"CHICAGO OHARE INTERNATIONAL AIRPORT, IL US",2021-09-23,15.9,16.1,14.9
USW00094846,"CHICAGO OHARE INTERNATIONAL AIRPORT, IL US",2021-09-24,20.2,19.8,15.6
USW00094846,"CHICAGO OHARE INTERNATIONAL AIRPORT, IL US",2021-09-25,16.4,16.6,16.9
USW00094846,"CHICAGO OHARE INTERNATIONAL AIRPORT, IL US",2021-09-26,22,21.5,17.7
USW00094846,"CHICAGO OHARE INTERNATIONAL AIRPORT, IL US",2021-09-27,25.3,24.4,21.8
USW00094846,"CHICAGO OHARE INTERNATIONAL AIRPORT, IL US",2021-09-28,20,19.4,19.5
USW00094846,"CHICAGO OHARE INTERNATIONAL AIRPORT, IL US",2021-09-29,21.9,21.2,18.5
USW00094846,"CHICAGO OHARE INTERNATIONAL AIRPORT, IL US",2021-09-30,22.1,21.3,20.2
USW00094846,"CHICAGO OHARE INTERNATIONAL AIRPORT, IL US",2021-10-01,24.2,23.2,20.3
USW00094846,"CHICAGO OHARE INTERNATIONAL AIRPORT, IL US",2021-10-02,23.6,23.4,21.3
USW00094846,"CHICAGO OHARE INTERNATIONAL AIRPORT, IL US",2021-10-03,22,22,22.7
USW00094846,"CHICAGO OHARE INTERNATIONAL AIRPORT, IL US",2021-10-04,20.8,20.6,20.6
USW00094846,"CHICAGO OHARE INTERNATIONAL AIRPORT, IL US",2021-10-05,19,18.8,19.1
USW00094846,"CHICAGO OHARE INTERNATIONAL AIRPORT, IL US",2021-10-06,19.1,18.8,19.4
USW00094846,"CHICAGO OHARE INTERNATIONAL AIRPORT, IL US",2021-10-07,21.7,21.2,20.6
USW00094846,"CHICAGO OHARE INTERNATIONAL AIRPORT, IL US",2021-10-08,21.1,20.6,20.9
USW00094846,"CHICAGO OHARE INTERNATIONAL AIRPORT, IL US",2021-10-09,23.2,22.7,20.9
USW00094846,"CHICAGO OHARE INTERNATIONAL AIRPORT, IL US",2021-10-10,24.1,23.6,22.3
USW00094846,"CHICAGO OHARE INTERNATIONAL AIRPORT, IL US",2021-10-11,21.7,22.2,21.8
USW00094846,"CHICAGO OHARE INTERNATIONAL AIRPORT, IL US",2021-10-12,16.3,16.8,20.1
USW00094846,"CHICAGO OHARE INTERNATIONAL AIRPORT, IL US",2021-10-13,17.8,17.5,17.6
USW00094846,"CHICAGO OHARE INTERNATIONAL AIRPORT, IL US",2021-10-14,18.4,17.9,18.6
USW00094846,"CHICAGO OHARE INTERNATIONAL AIRPORT, IL US",2021-10-15,14.3,14.1,14.4
USW00094846,"CHICAGO OHARE INTERNATIONAL AIRPORT, IL US",2021-10-16,11.7,11.8,12.1
USW00094846,"CHICAGO OHARE INTERNATIONAL AIRPORT, IL US",2021-10-17,13.7,13.5,10.8
USW00094846,"CHICAGO OHARE INTERNATIONAL AIRPORT, IL US",2021-10-18,16.3,15.7,13.1
USW00094846,"CHICAGO OHARE INTERNATIONAL AIRPORT, IL US",2021-10-19,17.5,16.7,14.7
USW00094846,"CHICAGO OHARE INTERNATIONAL AIRPORT, IL US",2021-10-20,18.1,17.6,15.3
USW00094846,"CHICAGO OHARE INTERNATIONAL AIRPORT, IL US",2021-10-21,13.7,13.2,14.9
USW00094846,"CHICAGO OHARE INTERNATIONAL AIRPORT, IL US",2021-10-22,10,9.6,10.2
USW00094846,"CHICAGO OHARE INTERNATIONAL AIRPORT, IL US",2021-10-23,9.6,9,9.5
USW00094846,"CHICAGO OHARE INTERNATIONAL AIRPORT, IL US",2021-10-24,8,7.9,9.4
USW00094846,"CHICAGO OHARE INTERNATIONAL AIRPORT, IL US",2021-10-25,11,10,9.8
USW00094846,"CHICAGO OHARE INTERNATIONAL AIRPORT, IL US",2021-10-26,10.4,10.2,10.1
USW00094846,"CHICAGO OHARE INTERNATIONAL AIRPORT, IL US",2021-10-27,9.4,9.3,8
USW00094846,"CHICAGO OHARE INTERNATIONAL AIRPORT, IL US",2021-10-28,11.9,10.4,10.2
USW00094846,"CHICAGO OHARE INTERNATIONAL AIRPORT, IL US",2021-10-29,12.7,12.1,12.6
USW00094846,"CHICAGO OHARE INTERNATIONAL AIRPORT, IL US",2021-10-30,11.9,12.4,13
USW00094846,"CHICAGO OHARE INTERNATIONAL AIRPORT, IL US",2021-10-31,8.6,9,9.4
USW00094846,"CHICAGO OHARE INTERNATIONAL AIRPORT, IL US",2021-11-01,6.4,6,5.4
USW00094846,"CHICAGO OHARE INTERNATIONAL AIRPORT, IL US",2021-11-02,5,4.9,4.6
USW00094846,"CHICAGO OHARE INTERNATIONAL AIRPORT, IL US",2021-11-03,3.7,3.5,4.1
USW00094846,"CHICAGO OHARE INTERNATIONAL AIRPORT, IL US",2021-11-04,4.4,4.3,4.7
USW00094846,"CHICAGO OHARE INTERNATIONAL AIRPORT, IL US",2021-11-05,7.2,6.5,4.2
USW00094846,"CHICAGO OHARE INTERNATIONAL AIRPORT, IL US",2021-11-06,10,9.6,5.5
USW00094846,"CHICAGO OHARE INTERNATIONAL AIRPORT, IL US",2021-11-07,13.1,12.8,8.9
USW00094846,"CHICAGO OHARE INTERNATIONAL AIRPORT, IL US",2021-11-08,14.8,14.2,10.8
USW00094846,"CHICAGO OHARE INTERNATIONAL AIRPORT, IL US",2021-11-09,10.9,11.3,12
USW00094846,"CHICAGO OHARE INTERNATIONAL AIRPORT, IL US",2021-11-10,9.4,9.3,9.4
USW00094846,"CHICAGO OHARE INTERNATIONAL AIRPORT, IL US",2021-11-11,10.4,9.5,10.6
USW00094846,"CHICAGO OHARE INTERNATIONAL AIRPORT, IL US",2021-11-12,4.4,4,5.3
USW00094846,"CHICAGO OHARE INTERNATIONAL AIRPORT, IL US",2021-11-13,2.6,2.9,2.7
USW00094846,"CHICAGO OHARE INTERNATIONAL AIRPORT, IL US",2021-11-14,1.9,2,2.5
USW00094846,"CHICAGO OHARE INTERNATIONAL AIRPORT, IL US",2021-11-15,0.9,0.2,1.4
USW00094846,"CHICAGO OHARE INTERNATIONAL AIRPORT, IL US",2021-11-16,7.7,7.7,3.5
USW00094846,"CHICAGO OHARE INTERNATIONAL AIRPORT, IL US",2021-11-17,11.5,10.7,9
USW00094846,"CHICAGO OHARE INTERNATIONAL AIRPORT, IL US",2021-11-18,2.7,2.2,4
USW00094846,"CHICAGO OHARE INTERNATIONAL AIRPORT, IL US",2021-11-19,1.4,1,0.3
USW00094846,"CHICAGO OHARE INTERNATIONAL AIRPORT, IL US",2021-11-20,6.9,5.7,2.8
USW00094846,"CHICAGO OHARE INTERNATIONAL AIRPORT, IL US",2021-11-21,7.4,7.3,5.5
USW00094846,"CHICAGO OHARE INTERNATIONAL AIRPORT, IL US",2021-11-22,-0.6,-0.6,-0.9
USW00094846,"CHICAGO OHARE INTERNATIONAL AIRPORT, IL US",2021-11-23,2,1.4,-0.3
USW00094846,"CHICAGO OHARE INTERNATIONAL AIRPORT, IL US",2021-11-24,8.2,6.7,2.4
USW00094846,"CHICAGO OHARE INTERNATIONAL AIRPORT, IL US",2021-11-25,3.5,4.2,5.5
USW00094846,"CHICAGO OHARE INTERNATIONAL AIRPORT, IL US",2021-11-26,-3.3,-3.7,-3.2
USW00094846,"CHICAGO OHARE INTERNATIONAL AIRPORT, IL US",2021-11-27,3,1.6,0.6
USW00094846,"CHICAGO OHARE INTERNATIONAL AIRPORT, IL US",2021-11-28,2,1.4,0.5
USW00094846,"CHICAGO OHARE INTERNATIONAL AIRPORT, IL US",2021-11-29,2,1.2,-1.4
USW00094846,"CHICAGO OHARE INTERNATIONAL AIRPORT, IL US",2021-11-30,7.5,6.5,1.6
USW00094846,"CHICAGO OHARE INTERNATIONAL AIRPORT, IL US",2021-12-01,6.1,5.7,2.9
USW00094846,"CHICAGO OHARE INTERNATIONAL AIRPORT, IL US",2021-12-02,11.7,10.4,6.6
USW00094846,"CHICAGO OHARE INTERNATIONAL AIRPORT, IL US",2021-12-03,7.5,7.3,5.1
USW00094846,"CHICAGO OHARE INTERNATIONAL AIRPORT, IL US",2021-12-04,3.9,3.4,3.2
USW00094846,"CHICAGO OHARE INTERNATIONAL AIRPORT, IL US",2021-12-05,3.5,3.1,2
USW00094846,"CHICAGO OHARE INTERNATIONAL AIRPORT, IL US",2021-12-06,-1.7,-0.9,-0.1
USW00094846,"CHICAGO OHARE INTERNATIONAL AIRPORT, IL US",2021-12-07,-6.1,-7,-7.9
USW00094846,"CHICAGO OHARE INTERNATIONAL AIRPORT, IL US",2021-12-08,-0.5,-2.1,-3.3
USW00094846,"CHICAGO OHARE INTERNATIONAL AIRPORT, IL US",2021-12-09,3.9,2.7,-0.7
USW00094846,"CHICAGO OHARE INTERNATIONAL AIRPORT, IL US",2021-12-10,10.3,8.5,2.8
USW00094846,"CHICAGO OHARE INTERNATIONAL AIRPORT, IL US",2021-12-11,8.7,6.6,6.4
USW00094846,"CHICAGO OHARE INTERNATIONAL AIRPORT, IL US",2021-12-12,5.4,5.2,1.4
USW00094846,"CHICAGO OHARE INTERNATIONAL AIRPORT, IL US",2021-12-13,5.9,5.7,2.7
USW00094846,"CHICAGO OHARE INTERNATIONAL AIRPORT, IL US",2021-12-14,7.4,6.7,3.7
USW00094846,"CHICAGO OHARE INTERNATIONAL AIRPORT, IL US",2021-12-15,15.4,13.6,9.6
USW00094846,"CHICAGO OHARE INTERNATIONAL AIRPORT, IL US",2021-12-16,11.5,9.2,10
USW00094846,"CHICAGO OHARE INTERNATIONAL AIRPORT, IL US",2021-12-17,1.4,1,-0.1
USW00094846,"CHICAGO OHARE INTERNATIONAL AIRPORT, IL US",2021-12-18,2.5,1.5,1.5
USW00094846,"CHICAGO OHARE INTERNATIONAL AIRPORT, IL US",2021-12-19,0.9,1.1,-1.6
USW00094846,"CHICAGO OHARE INTERNATIONAL AIRPORT, IL US",2021-12-20,3,2.4,-0.8
USW00094846,"CHICAGO OHARE INTERNATIONAL AIRPORT, IL US",2021-12-21,0.7,0.9,-1.1
USW00094846,"CHICAGO OHARE INTERNATIONAL AIRPORT, IL US",2021-12-22,-3.1,-3.7,-3.9
USW00094846,"CHICAGO OHARE INTERNATIONAL AIRPORT, IL US",2021-12-23,3.7,2.3,-1.2
USW00094846,"CHICAGO OHARE INTERNATIONAL AIRPORT, IL US",2021-12-24,8.9,7.7,1.6
USW00094846,"CHICAGO OHARE INTERNATIONAL AIRPORT, IL US",2021-12-25,7.6,7.7,6.5
USW00094846,"CHICAGO OHARE INTERNATIONAL AIRPORT, IL US",2021-12-26,2.4,2.1,1.6
USW00094846,"CHICAGO OHARE INTERNATIONAL AIRPORT, IL US",2021-12-27,4.7,3.7,3.8
USW00094846,"CHICAGO OHARE INTERNATIONAL AIRPORT, IL US",2021-12-28,1.3,1,1.9
USW00094846,"CHICAGO OHARE INTERNATIONAL AIRPORT, IL US",2021-12-29,0.5,0.7,0.6
USW00094846,"CHICAGO OHARE INTERNATIONAL AIRPORT, IL US",2021-12-30,1.1,0.6,-0.4
USW00094846,"CHICAGO OHARE INTERNATIONAL AIRPORT, IL US",2021-12-31,3.9,2.8,0.9
USW00014819,"CHICAGO MIDWAY AIRPORT, IL US",2021-01-01,-0.7,-1.7,-3.3
USW00014819,"CHICAGO MIDWAY AIRPORT, IL US",2021-01-02,0.9,0.3,0.1
USW00014819,"CHICAGO MIDWAY AIRPORT, IL US",2021-01-03,-0.4,-0.5,-0.3
USW00014819,"CHICAGO MIDWAY AIRPORT, IL US",2021-01-04,-1.8,-1.9,-3.1
USW00014819,"CHICAGO MIDWAY AIRPORT, IL US",2021-01-05,1.1,0.2,-2.4
USW00014819,"CHICAGO MIDWAY AIRPORT, IL US",2021-01-06,2,1.4,-2.5
USW00014819,"CHICAGO MIDWAY AIRPORT, IL US",2021-01-07,3,1.9,-1.4
USW00014819,"CHICAGO MIDWAY AIRPORT, IL US",2021-01-08,1.1,0.8,-0
USW00014819,"CHICAGO MIDWAY AIRPORT, IL US",2021-01-09,1.1,0.3,-2.4
USW00014819,"CHICAGO MIDWAY AIRPORT, IL US",2021-01-10,-1.8,-2.5,-4.1
USW00014819,"CHICAGO MIDWAY AIRPORT, IL US",2021-01-11,-2.8,-3.2,-6.1
USW00014819,"CHICAGO MIDWAY AIRPORT, IL US",2021-01-12,1.1,0.5,-4.1
USW00014819,"CHICAGO MIDWAY AIRPORT, IL US",2021-01-13,3.2,2.4,-2.7
USW00014819,"CHICAGO MIDWAY AIRPORT, IL US",2021-01-14,3.3,2.7,0
USW00014819,"CHICAGO MIDWAY AIRPORT, IL US",2021-01-15,1.2,1.3,0.7
USW00014819,"CHICAGO MIDWAY AIRPORT, IL US",2021-01-16,0.9,0.7,-1
USW00014819,"CHICAGO MIDWAY AIRPORT, IL US",2021-01-17,-0.2,-0.4,-1
USW00014819,"CHICAGO MIDWAY AIRPORT, IL US",2021-01-18,-2.3,-2.4,-1.8
USW00014819,"CHICAGO MIDWAY AIRPORT, IL US",2021-01-19,-2.2,-2.7,-4
USW00014819,"CHICAGO MIDWAY AIRPORT, IL US",2021-01-20,-2.9,-3,-4.2
USW00014819,"CHICAGO MIDWAY AIRPORT, IL US",2021-01-21,3.2,1.8,-2.6
USW00014819,"CHICAGO MIDWAY AIRPORT, IL US",2021-01-22,-4.4,-5.1,-5
USW00014819,"CHICAGO MIDWAY AIRPORT, IL US",2021-01-23,-4.9,-5.3,-8.8
USW00014819,"CHICAGO MIDWAY AIRPORT, IL US",2021-01-24,-0,-1.5,-2.4
USW00014819,"CHICAGO MIDWAY AIRPORT, IL US",2021-01-25,0.3,-0.3,-1.9
USW00014819,"CHICAGO MIDWAY AIRPORT, IL US",2021-01-26,-0.9,-1.2,-0.5
USW00014819,"CHICAGO MIDWAY AIRPORT, IL US",2021-01-27,-4.9,-4.7,-2.1
USW00014819,"CHICAGO MIDWAY AIRPORT, IL US",2021-01-28,-6.5,-6.5,-6.8
USW00014819,"CHICAGO MIDWAY AIRPORT, IL US",2021-01-29,-2.8,-4,-5.9
USW00014819,"CHICAGO MIDWAY AIRPORT, IL US",2021-01-30,0,-1.1,-3.6
USW00014819,"CHICAGO MIDWAY AIRPORT, IL US",2021-01-31,0,-0.4,-0.5
USW00014819,"CHICAGO MIDWAY AIRPORT, IL US",2021-02-01,-1.3,-1.2,-1.2
USW00014819,"CHICAGO MIDWAY AIRPORT, IL US",2021-02-02,-2,-2.1,-5.4
USW00014819,"CHICAGO MIDWAY AIRPORT, IL US",2021-02-03,-1.9,-2.3,-7.5
USW00014819,"CHICAGO MIDWAY AIRPORT, IL US",2021-02-04,-0.4,-1.2,-4.4
USW00014819,"CHICAGO MIDWAY AIRPORT, IL US",2021-02-05,-9.3,-9.5,-7
USW00014819,"CHICAGO MIDWAY AIRPORT, IL US",2021-02-06,-12.1,-12.2,-12.2
USW00014819,"CHICAGO MIDWAY AIRPORT, IL US",2021-02-07,-16.9,-17,-15.7
USW00014819,"CHICAGO MIDWAY AIRPORT, IL US",2021-02-08,-12.2,-13.1,-13.5
USW00014819,"CHICAGO MIDWAY AIRPORT, IL US",2021-02-09,-10.6,-11,-9.3
USW00014819,"CHICAGO MIDWAY AIRPORT, IL US",2021-02-10,-10.4,-10.8,-11.5
USW00014819,"CHICAGO MIDWAY AIRPORT, IL US",2021-02-11,-8.5,-8.9,-8.8
USW00014819,"CHICAGO MIDWAY AIRPORT, IL US",2021-02-12,-8.6,-9.1,-7.9
USW00014819,"CHICAGO MIDWAY AIRPORT, IL US",2021-02-13,-13,-13,-8.3
USW00014819,"CHICAGO MIDWAY AIRPORT, IL US",2021-02-14,-16.3,-16.4,-12.3
USW00014819,"CHICAGO MIDWAY AIRPORT, IL US",2021-02-15,-11.4,-12.7,-11.1
USW00014819,"CHICAGO MIDWAY AIRPORT, IL US",2021-02-16,-8.5,-9.5,-8.5
USW00014819,"CHICAGO MIDWAY AIRPORT, IL US",2021-02-17,-8.2,-9.2,-12.9
USW00014819,"CHICAGO MIDWAY AIRPORT, IL US",2021-02-18,-5.6,-6.8,-7.3
USW00014819,"CHICAGO MIDWAY AIRPORT, IL US",2021-02-19,-9.1,-9.3,-8.1
USW00014819,"CHICAGO MIDWAY AIRPORT, IL US",2021-02-20,-7.1,-7.4,-7.3
USW00014819,"CHICAGO MIDWAY AIRPORT, IL US",2021-02-21,-0.8,-2.5,-8
USW00014819,"CHICAGO MIDWAY AIRPORT, IL US",2021-02-22,1.4,0.8,-0
USW00014819,"CHICAGO MIDWAY AIRPORT, IL US",2021-02-23,5.6,5.1,-1.2
USW00014819,"CHICAGO MIDWAY AIRPORT, IL US",2021-02-24,4.4,4.5,-1.8
USW00014819,"CHICAGO MIDWAY AIRPORT, IL US",2021-02-25,1,1.1,-4.3
USW00014819,"CHICAGO MIDWAY AIRPORT, IL US",2021-02-26,1.7,1.3,-4.1
USW00014819,"CHICAGO MIDWAY AIRPORT, IL US",2021-02-27,6.5,5.9,0.8
USW00014819,"CHICAGO MIDWAY AIRPORT, IL US",2021-02-28,6.1,6.2,2.4
USW00014819,"CHICAGO MIDWAY AIRPORT, IL US",2021-03-01,-0.7,-0.8,-1.8
USW00014819,"CHICAGO MIDWAY AIRPORT, IL US",2021-03-02,1.9,1,-3.9
USW00014819,"CHICAGO MIDWAY AIRPORT, IL US",2021-03-03,10.1,7.7,-0.5
USW00014819,"CHICAGO MIDWAY AIRPORT, IL US",2021-03-04,2,1.3,-0.2
USW00014819,"CHICAGO MIDWAY AIRPORT, IL US",2021-03-05,4.6,3.5,-1.1
USW00014819,"CHICAGO MIDWAY AIRPORT, IL US",2021-03-06,4.3,3.4,0.6
USW00014819,"CHICAGO MIDWAY AIRPORT, IL US",2021-03-07,5.2,4.6,0.4
USW00014819,"CHICAGO MIDWAY AIRPORT, IL US",2021-03-08,13.3,12.1,5.8
USW00014819,"CHICAGO MIDWAY AIRPORT, IL US",2021-03-09,14.9,13.9,8.8
USW00014819,"CHICAGO MIDWAY AIRPORT, IL US",2021-03-10,17.5,16.6,12.6
USW00014819,"CHICAGO MIDWAY AIRPORT, IL US",2021-03-11,13.2,12.8,14.2
USW00014819,"CHICAGO MIDWAY AIRPORT, IL US",2021-03-12,8.6,7.6,5.7
USW00014819,"CHICAGO MIDWAY AIRPORT, IL US",2021-03-13,9.7,8.6,5.2
USW00014819,"CHICAGO MIDWAY AIRPORT, IL US",2021-03-14,6.3,6,5.7
USW00014819,"CHICAGO MIDWAY AIRPORT, IL US",2021-03-15,2.3,1.6,1.7
USW00014819,"CHICAGO MIDWAY AIRPORT, IL US",2021-03-16,2.2,2,2.6
USW00014819,"CHICAGO MIDWAY AIRPORT, IL US",2021-03-17,3.3,3.2,4.2
USW00014819,"CHICAGO MIDWAY AIRPORT, IL US",2021-03-18,4.8,4.3,4.6
USW00014819,"CHICAGO MIDWAY AIRPORT, IL US",2021-03-19,5,4.6,3
USW00014819,"CHICAGO MIDWAY AIRPORT, IL US",2021-03-20,8.7,7.4,4.3
USW00014819,"CHICAGO MIDWAY AIRPORT, IL US",2021-03-21,13,11.8,7
USW00014819,"CHICAGO MIDWAY AIRPORT, IL US",2021-03-22,15.4,14.4,9.6
USW00014819,"CHICAGO MIDWAY AIRPORT, IL US",2021-03-23,15.8,14,13.3
USW00014819,"CHICAGO MIDWAY AIRPORT, IL US",2021-03-24,13,12.6,14
USW00014819,"CHICAGO MIDWAY AIRPORT, IL US",2021-03-25,7.4,7.4,10.3
USW00014819,"CHICAGO MIDWAY AIRPORT, IL US",2021-03-26,4.3,4.4,7.2
USW00014819,"CHICAGO MIDWAY AIRPORT, IL US",2021-03-27,12.6,12.1,11.2
USW00014819,"CHICAGO MIDWAY AIRPORT, IL US",2021-03-28,7.2,6.9,9.7
USW00014819,"CHICAGO MIDWAY AIRPORT, IL US",2021-03-29,10.1,9.5,5.9
USW00014819,"CHICAGO MIDWAY AIRPORT, IL US",2021-03-30,15.3,14,11.1
USW00014819,"CHICAGO MIDWAY AIRPORT, IL US",2021-03-31,4.8,4.5,6.4
USW00014819,"CHICAGO MIDWAY AIRPORT, IL US",2021-04-01,1.1,1.1,0.8
USW00014819,"CHICAGO MIDWAY AIRPORT, IL US",2021-04-02,5.2,4.4,1
USW00014819,"CHICAGO MIDWAY AIRPORT, IL US",2021-04-03,14.9,13.5,5.9
USW00014819,"CHICAGO MIDWAY AIRPORT, IL US",2021-04-04,17.4,16.6,12.2
USW00014819,"CHICAGO MIDWAY AIRPORT, IL US",2021-04-05,21.4,19.8,16.2
USW00014819,"CHICAGO MIDWAY AIRPORT, IL US",2021-04-06,22.5,22.1,18.8
USW00014819,"CHICAGO MIDWAY AIRPORT, IL US",2021-04-07,23.2,22.5,19
USW00014819,"CHICAGO MIDWAY AIRPORT, IL US",2021-04-08,16.4,16.4,18.4
USW00014819,"CHICAGO MIDWAY AIRPORT, IL US",2021-04-09,14.4,14.3,14.1
USW00014819,"CHICAGO MIDWAY AIRPORT, IL US",2021-04-10,11.3,11.3,15.4
USW00014819,"CHICAGO MIDWAY AIRPORT, IL US",2021-04-11,10.9,10.7,12.6
USW00014819,"CHICAGO MIDWAY AIRPORT, IL US",2021-04-12,14.3,13.7,13
USW00014819,"CHICAGO MIDWAY AIRPORT, IL US",2021-04-13,10.2,9.9,10.1
USW00014819,"CHICAGO MIDWAY AIRPORT, IL US",2021-04-14,7.6,7.4,8.3
USW00014819,"CHICAGO MIDWAY AIRPORT, IL US",2021-04-15,9.6,8.6,7
USW00014819,"CHICAGO MIDWAY AIRPORT, IL US",2021-04-16,8.5,8.4,9.5
USW00014819,"CHICAGO MIDWAY AIRPORT, IL US",2021-04-17,9.5,8.3,8.5
USW00014819,"CHICAGO MIDWAY AIRPORT, IL US",2021-04-18,12.3,11.5,9.5
USW00014819,"CHICAGO MIDWAY AIRPORT, IL US",2021-04-19,9.4,8.9,9.5
USW00014819,"CHICAGO MIDWAY AIRPORT, IL US",2021-04-20,3.6,3.7,4.3
USW00014819,"CHICAGO MIDWAY AIRPORT, IL US",2021-04-21,6.9,5.5,3.9
USW00014819,"CHICAGO MIDWAY AIRPORT, IL US",2021-04-22,9.3,8.7,5.8
USW00014819,"CHICAGO MIDWAY AIRPORT, IL US",2021-04-23,13.1,11.5,7.3
USW00014819,"CHICAGO MIDWAY AIRPORT, IL US",2021-04-24,13.2,12.3,10.9
USW00014819,"CHICAGO MIDWAY AIRPORT, IL US",2021-04-25,7.1,6.8,9.3
USW00014819,"CHICAGO MIDWAY AIRPORT, IL US",2021-04-26,17.6,17.1,10.8
USW00014819,"CHICAGO MIDWAY AIRPORT, IL US",2021-04-27,24.2,22.3,19.6
USW00014819,"CHICAGO MIDWAY AIRPORT, IL US",2021-04-28,11.6,10.6,20.3
USW00014819,"CHICAGO MIDWAY AIRPORT, IL US",2021-04-29,14.1,14.1,11.9
USW00014819,"CHICAGO MIDWAY AIRPORT, IL US",2021-04-30,10.5,10.4,12.3
USW00014819,"CHICAGO MIDWAY AIRPORT, IL US",2021-05-01,19.6,19.2,9.9
USW00014819,"CHICAGO MIDWAY AIRPORT, IL US",2021-05-02,24.1,22.8,19.9
USW00014819,"CHICAGO MIDWAY AIRPORT, IL US",2021-05-03,18.4,18.3,17.9
USW00014819,"CHICAGO MIDWAY AIRPORT, IL US",2021-05-04,12,11.6,17
USW00014819,"CHICAGO MIDWAY AIRPORT, IL US",2021-05-05,11.3,10.8,11.7
USW00014819,"CHICAGO MIDWAY AIRPORT, IL US",2021-05-06,10.7,9.9,9.4
USW00014819,"CHICAGO MIDWAY AIRPORT, IL US",2021-05-07,11.7,10.8,10.5
USW00014819,"CHICAGO MIDWAY AIRPORT, IL US",2021-05-08,7.8,7.7,7.7
USW00014819,"CHICAGO MIDWAY AIRPORT, IL US",2021-05-09,9.8,9,7
USW00014819,"CHICAGO MIDWAY AIRPORT, IL US",2021-05-10,8,8.1,8.2
USW00014819,"CHICAGO MIDWAY AIRPORT, IL US",2021-05-11,8.2,8.1,8.7
USW00014819,"CHICAGO MIDWAY AIRPORT, IL US",2021-05-12,10.8,10.2,8.7
USW00014819,"CHICAGO MIDWAY AIRPORT, IL US",2021-05-13,14.8,13.6,11
USW00014819,"CHICAGO MIDWAY AIRPORT, IL US",2021-05-14,16.4,16,13.7
USW00014819,"CHICAGO MIDWAY AIRPORT, IL US",2021-05-15,14.6,13.9,12.7
USW00014819,"CHICAGO MIDWAY AIRPORT, IL US",2021-05-16,18.3,17.8,15.3
USW00014819,"CHICAGO MIDWAY AIRPORT, IL US",2021-05-17,18.3,17.3,17.4
USW00014819,"CHICAGO MIDWAY AIRPORT, IL US",2021-05-18,20.4,19.7,19
USW00014819,"CHICAGO MIDWAY AIRPORT, IL US",2021-05-19,21.1,20.7,20.9
USW00014819,"CHICAGO MIDWAY AIRPORT, IL US",2021-05-20,25.3,24.5,22.8
USW00014819,"CHICAGO MIDWAY AIRPORT, IL US",2021-05-21,25.8,25.2,24
USW00014819,"CHICAGO MIDWAY AIRPORT, IL US",2021-05-22,26,25.8,24.5
USW00014819,"CHICAGO MIDWAY AIRPORT, IL US",2021-05-23,22.8,22.7,23.6
USW00014819,"CHICAGO MIDWAY AIRPORT, IL US",2021-05-24,25.2,24.4,24.8
USW00014819,"CHICAGO MIDWAY AIRPORT, IL US",2021-05-25,27.5,26,24.8
USW00014819,"CHICAGO MIDWAY AIRPORT, IL US",2021-05-26,22.8,22.5,23.4
USW00014819,"CHICAGO MIDWAY AIRPORT, IL US",2021-05-27,14.6,14.6,16.9
USW00014819,"CHICAGO MIDWAY AIRPORT, IL US",2021-05-28,9.3,9.2,13.1
USW00014819,"CHICAGO MIDWAY AIRPORT, IL US",2021-05-29,12.8,12.2,10.9
USW00014819,"CHICAGO MIDWAY AIRPORT, IL US",2021-05-30,14.5,14.2,12.2
USW00014819,"CHICAGO MIDWAY AIRPORT, IL US",2021-05-31,18.2,16.8,16
USW00014819,"CHICAGO MIDWAY AIRPORT, IL US",2021-06-01,19,18.5,15.9
USW00014819,"CHICAGO MIDWAY AIRPORT, IL US",2021-06-02,20.8,19.7,19.5
USW00014819,"CHICAGO MIDWAY AIRPORT, IL US",2021-06-03,23.8,23.1,20.7
USW00014819,"CHICAGO MIDWAY AIRPORT, IL US",2021-06-04,28.2,27.1,22
USW00014819,"CHICAGO MIDWAY AIRPORT, IL US",2021-06-05,28.3,27.7,23
USW00014819,"CHICAGO MIDWAY AIRPORT, IL US",2021-06-06,27.4,27,24.6
USW00014819,"CHICAGO MIDWAY AIRPORT, IL US",2021-06-07,24.8,24.2,24.5
USW00014819,"CHICAGO MIDWAY AIRPORT, IL US",2021-06-08,28.1,26.3,25.5
USW00014819,"CHICAGO MIDWAY AIRPORT, IL US",2021-06-09,27.3,25.9,26.3
USW00014819,"CHICAGO MIDWAY AIRPORT, IL US",2021-06-10,27.3,25.9,26.2
USW00014819,"CHICAGO MIDWAY AIRPORT, IL US",2021-06-11,28.4,27.2,26.9
USW00014819,"CHICAGO MIDWAY AIRPORT, IL US",2021-06-12,28.5,27.3,26.2
USW00014819,"CHICAGO MIDWAY AIRPORT, IL US",2021-06-13,26.1,25.2,25.2
USW00014819,"CHICAGO MIDWAY AIRPORT, IL US",2021-06-14,24.5,23.5,22
USW00014819,"CHICAGO MIDWAY AIRPORT, IL US",2021-06-15,22.4,21.2,19.7
USW00014819,"CHICAGO MIDWAY AIRPORT, IL US",2021-06-16,21.9,20.4,18.6
USW00014819,"CHICAGO MIDWAY AIRPORT, IL US",2021-06-17,24.9,24.2,20.5
USW00014819,"CHICAGO MIDWAY AIRPORT, IL US",2021-06-18,27.8,26.2,25.9
USW00014819,"CHICAGO MIDWAY AIRPORT, IL US",2021-06-19,27.8,26.7,26.8
USW00014819,"CHICAGO MIDWAY AIRPORT, IL US",2021-06-20,25.2,24.3,24.6
USW00014819,"CHICAGO MIDWAY AIRPORT, IL US",2021-06-21,20.4,19.6,22.5
USW00014819,"CHICAGO MIDWAY AIRPORT, IL US",2021-06-22,19.5,18.7,16.3
USW00014819,"CHICAGO MIDWAY AIRPORT, IL US",2021-06-23,23.4,22.2,16.5
USW00014819,"CHICAGO MIDWAY AIRPORT, IL US",2021-06-24,22.9,22.3,20.6
USW00014819,"CHICAGO MIDWAY AIRPORT, IL US",2021-06-25,23.5,23.1,24.2
USW00014819,"CHICAGO MIDWAY AIRPORT, IL US",2021-06-26,25.4,25.1,25.9
USW00014819,"CHICAGO MIDWAY AIRPORT, IL US",2021-06-27,25.4,25.1,25.8
USW00014819,"CHICAGO MIDWAY AIRPORT, IL US",2021-06-28,25.3,24.3,26
USW00014819,"CHICAGO MIDWAY AIRPORT, IL US",2021-06-29,27.3,26.4,25.6
USW00014819,"CHICAGO MIDWAY AIRPORT, IL US",2021-06-30,25.4,24.8,25.2
USW00014819,"CHICAGO MIDWAY AIRPORT, IL US",2021-07-01,22.1,21.3,23.6
USW00014819,"CHICAGO MIDWAY AIRPORT, IL US",2021-07-02,20.5,19.6,18.4
USW00014819,"CHICAGO MIDWAY AIRPORT, IL US",2021-07-03,23.9,23.5,19.5
USW00014819,"CHICAGO MIDWAY AIRPORT, IL US",2021-07-04,27.6,26.7,24.3
USW00014819,"CHICAGO MIDWAY AIRPORT, IL US",2021-07-05,28.9,28.3,26.1
USW00014819,"CHICAGO MIDWAY AIRPORT, IL US",2021-07-06,30,29.1,26.7
USW00014819,"CHICAGO MIDWAY AIRPORT, IL US",2021-07-07,28,27.2,26.1
USW00014819,"CHICAGO MIDWAY AIRPORT, IL US",2021-07-08,18.8,18.9,22.8
USW00014819,"CHICAGO MIDWAY AIRPORT, IL US",2021-07-09,20.5,20.1,18.8
USW00014819,"CHICAGO MIDWAY AIRPORT, IL US",2021-07-10,22,20.7,20
USW00014819,"CHICAGO MIDWAY AIRPORT, IL US",2021-07-11,20.4,19.9,20.1
USW00014819,"CHICAGO MIDWAY AIRPORT, IL US",2021-07-12,22.1,21.6,20.8
USW00014819,"CHICAGO MIDWAY AIRPORT, IL US",2021-07-13,24.8,24.1,23
USW00014819,"CHICAGO MIDWAY AIRPORT, IL US",2021-07-14,26.1,25.5,23.7
USW00014819,"CHICAGO MIDWAY AIRPORT, IL US",2021-07-15,24.4,23.8,25
USW00014819,"CHICAGO MIDWAY AIRPORT, IL US",2021-07-16,22.1,21.6,24.2
USW00014819,"CHICAGO MIDWAY AIRPORT, IL US",2021-07-17,23.9,22.7,21.9
USW00014819,"CHICAGO MIDWAY AIRPORT, IL US",2021-07-18,25,24.1,23.2
USW00014819,"CHICAGO MIDWAY AIRPORT, IL US",2021-07-19,25.2,24.1,23.9
USW00014819,"CHICAGO MIDWAY AIRPORT, IL US",2021-07-20,26.9,25.6,24.7
USW00014819,"CHICAGO MIDWAY AIRPORT, IL US",2021-07-21,22.4,21.9,22.4
USW00014819,"CHICAGO MIDWAY AIRPORT, IL US",2021-07-22,25.6,24.5,22.3
USW00014819,"CHICAGO MIDWAY AIRPORT, IL US",2021-07-23,29.1,27.9,25
USW00014819,"CHICAGO MIDWAY AIRPORT, IL US",2021-07-24,30,29.3,26.8
USW00014819,"CHICAGO MIDWAY AIRPORT, IL US",2021-07-25,28.9,27.8,27.4
USW00014819,"CHICAGO MIDWAY AIRPORT, IL US",2021-07-26,28.7,27.7,25.7
USW00014819,"CHICAGO MIDWAY AIRPORT, IL US",2021-07-27,27.6,26.9,24.4
USW00014819,"CHICAGO MIDWAY AIRPORT, IL US",2021-07-28,28.7,27.8,26.2
USW00014819,"CHICAGO MIDWAY AIRPORT, IL US",2021-07-29,28,27.2,28.6
USW00014819,"CHICAGO MIDWAY AIRPORT, IL US",2021-07-30,22.4,21.6,22.2
USW00014819,"CHICAGO MIDWAY AIRPORT, IL US",2021-07-31,23.3,22.4,21.1
USW00014819,"CHICAGO MIDWAY AIRPORT, IL US",2021-08-01,22.2,21.8,20.7
USW00014819,"CHICAGO MIDWAY AIRPORT, IL US",2021-08-02,21.7,21.4,19.2
USW00014819,"CHICAGO MIDWAY AIRPORT, IL US",2021-08-03,23.6,22.9,20.3
USW00014819,"CHICAGO MIDWAY AIRPORT, IL US",2021-08-04,24.5,23.8,21
USW00014819,"CHICAGO MIDWAY AIRPORT, IL US",2021-08-05,25.6,25.1,21.8
USW00014819,"CHICAGO MIDWAY AIRPORT, IL US",2021-08-06,25.2,24.7,22.6
USW00014819,"CHICAGO MIDWAY AIRPORT, IL US",2021-08-07,27.1,26.8,24
USW00014819,"CHICAGO MIDWAY AIRPORT, IL US",2021-08-08,28.9,28.4,25.6
USW00014819,"CHICAGO MIDWAY AIRPORT, IL US",2021-08-09,25.6,25.3,26.8
USW00014819,"CHICAGO MIDWAY AIRPORT, IL US",2021-08-10,29.4,28.9,28.8
USW00014819,"CHICAGO MIDWAY AIRPORT, IL US",2021-08-11,27.8,27.5,28.3
USW00014819,"CHICAGO MIDWAY AIRPORT, IL US",2021-08-12,26.8,26.3,28.3
USW00014819,"CHICAGO MIDWAY AIRPORT, IL US",2021-08-13,25.2,24.6,24.6
USW00014819,"CHICAGO MIDWAY AIRPORT, IL US",2021-08-14,23.6,22.8,21.1
USW00014819,"CHICAGO MIDWAY AIRPORT, IL US",2021-08-15,22.8,22.2,20.3
USW00014819,"CHICAGO MIDWAY AIRPORT, IL US",2021-08-16,23.4,22.3,21.1
USW00014819,"CHICAGO MIDWAY AIRPORT, IL US",2021-08-17,25,24.1,22.9
USW00014819,"CHICAGO MIDWAY AIRPORT, IL US",2021-08-18,27.4,26.1,24.3
USW00014819,"CHICAGO MIDWAY AIRPORT, IL US",2021-08-19,27.7,26.6,25.5
USW00014819,"CHICAGO MIDWAY AIRPORT, IL US",2021-08-20,28.3,27.2,24.8
USW00014819,"CHICAGO MIDWAY AIRPORT, IL US",2021-08-21,28.6,27.8,25.6
USW00014819,"CHICAGO MIDWAY AIRPORT, IL US",2021-08-22,26.3,25.4,26.9
USW00014819,"CHICAGO MIDWAY AIRPORT, IL US",2021-08-23,26.7,26.1,25.4
USW00014819,"CHICAGO MIDWAY AIRPORT, IL US",2021-08-24,30.6,29.6,27.7
USW00014819,"CHICAGO MIDWAY AIRPORT, IL US",2021-08-25,29.6,29.2,29.1
USW00014819,"CHICAGO MIDWAY AIRPORT, IL US",2021-08-26,28.1,27.1,28.4
USW00014819,"CHICAGO MIDWAY AIRPORT, IL US",2021-08-27,29.2,28.2,26.4
USW00014819,"CHICAGO MIDWAY AIRPORT, IL US",2021-08-28,30.2,29.5,27.7
USW00014819,"CHICAGO MIDWAY AIRPORT, IL US",2021-08-29,29.3,28.6,26.4
USW00014819,"CHICAGO MIDWAY AIRPORT, IL US",2021-08-30,25.9,25.2,24.2
USW00014819,"CHICAGO MIDWAY AIRPORT, IL US",2021-08-31,24.7,24,21.9
USW00014819,"CHICAGO MIDWAY AIRPORT, IL US",2021-09-01,23,22.4,21.9
USW00014819,"CHICAGO MIDWAY AIRPORT, IL US",2021-09-02,22.6,21.4,19.5
USW00014819,"CHICAGO MIDWAY AIRPORT, IL US",2021-09-03,22,21.4,19.6
USW00014819,"CHICAGO MIDWAY AIRPORT, IL US",2021-09-04,21.5,21,20.8
USW00014819,"CHICAGO MIDWAY AIRPORT, IL US",2021-09-05,23.7,23.1,21.2
USW00014819,"CHICAGO MIDWAY AIRPORT, IL US",2021-09-06,23.4,22.6,19.2
USW00014819,"CHICAGO MIDWAY AIRPORT, IL US",2021-09-07,26.7,25.9,23.3
USW00014819,"CHICAGO MIDWAY AIRPORT, IL US",2021-09-08,22.5,22,21.2
USW00014819,"CHICAGO MIDWAY AIRPORT, IL US",2021-09-09,20.3,20.1,19
USW00014819,"CHICAGO MIDWAY AIRPORT, IL US",2021-09-10,22.6,21.9,19.9
USW00014819,"CHICAGO MIDWAY AIRPORT, IL US",2021-09-11,26.3,25.2,20.7
USW00014819,"CHICAGO MIDWAY AIRPORT, IL US",2021-09-12,28.1,26.8,26.2
USW00014819,"CHICAGO MIDWAY AIRPORT, IL US",2021-09-13,28.1,26.4,26
USW00014819,"CHICAGO MIDWAY AIRPORT, IL US",2021-09-14,26.5,26,25.1
USW00014819,"CHICAGO MIDWAY AIRPORT, IL US",2021-09-15,22.2,21.5,22.2
USW00014819,"CHICAGO MIDWAY AIRPORT, IL US",2021-09-16,23.1,22.2,20
USW00014819,"CHICAGO MIDWAY AIRPORT, IL US",2021-09-17,26.4,25.6,21.8
USW00014819,"CHICAGO MIDWAY AIRPORT, IL US",2021-09-18,23.9,23.3,24.1
USW00014819,"CHICAGO MIDWAY AIRPORT, IL US",2021-09-19,27.2,26,24.2
USW00014819,"CHICAGO MIDWAY AIRPORT, IL US",2021-09-20,26.1,24.9,24.5
USW00014819,"CHICAGO MIDWAY AIRPORT, IL US",2021-09-21,21.1,20.2,21.9
USW00014819,"CHICAGO MIDWAY AIRPORT, IL US",2021-09-22,15.7,15.7,16.2
USW00014819,"CHICAGO MIDWAY AIRPORT, IL US",2021-09-23,17.1,16.4,15.1
USW00014819,"CHICAGO MIDWAY AIRPORT, IL US",2021-09-24,20.6,20.3,14.8
USW00014819,"CHICAGO MIDWAY AIRPORT, IL US",2021-09-25,17.1,16.9,17.2
USW00014819,"CHICAGO MIDWAY AIRPORT, IL US",2021-09-26,22.8,21.9,17.1
USW00014819,"CHICAGO MIDWAY AIRPORT, IL US",2021-09-27,26.1,24.8,22.2
USW00014819,"CHICAGO MIDWAY AIRPORT, IL US",2021-09-28,20.6,20.1,20.2
USW00014819,"CHICAGO MIDWAY AIRPORT, IL US",2021-09-29,22.6,21.8,18.8
USW00014819,"CHICAGO MIDWAY AIRPORT, IL US",2021-09-30,22.6,21.7,21.2
USW00014819,"CHICAGO MIDWAY AIRPORT, IL US",2021-10-01,24.8,23.6,20.4
USW00014819,"CHICAGO MIDWAY AIRPORT, IL US",2021-10-02,25,23.6,21
USW00014819,"CHICAGO MIDWAY AIRPORT, IL US",2021-10-03,23.5,22.3,22.5
USW00014819,"CHICAGO MIDWAY AIRPORT, IL US",2021-10-04,21,20.4,20.5
USW00014819,"CHICAGO MIDWAY AIRPORT, IL US",2021-10-05,19.9,19.3,19.2
USW00014819,"CHICAGO MIDWAY AIRPORT, IL US",2021-10-06,19.7,19.2,19.3
USW00014819,"CHICAGO MIDWAY AIRPORT, IL US",2021-10-07,22.1,21.4,20.8
USW00014819,"CHICAGO MIDWAY AIRPORT, IL US",2021-10-08,21.6,20.9,21.1
USW00014819,"CHICAGO MIDWAY AIRPORT, IL US",2021-10-09,23.9,22.9,21.3
USW00014819,"CHICAGO MIDWAY AIRPORT, IL US",2021-10-10,26.3,24.8,23.3
USW00014819,"CHICAGO MIDWAY AIRPORT, IL US",2021-10-11,23,22.7,22.5
USW00014819,"CHICAGO MIDWAY AIRPORT, IL US",2021-10-12,16.7,17.1,20.1
USW00014819,"CHICAGO MIDWAY AIRPORT, IL US",2021-10-13,18.7,18.2,16.9
USW00014819,"CHICAGO MIDWAY AIRPORT, IL US",2021-10-14,19.3,18.2,19.7
USW00014819,"CHICAGO MIDWAY AIRPORT, IL US",2021-10-15,15.2,15,14.9
USW00014819,"CHICAGO MIDWAY AIRPORT, IL US",2021-10-16,12.1,12,11.9
USW00014819,"CHICAGO MIDWAY AIRPORT, IL US",2021-10-17,14,13.8,9.9
USW00014819,"CHICAGO MIDWAY AIRPORT, IL US",2021-10-18,16.3,16,12.4
USW00014819,"CHICAGO MIDWAY AIRPORT, IL US",2021-10-19,18.2,17.3,14.2
USW00014819,"CHICAGO MIDWAY AIRPORT, IL US",2021-10-20,18.4,18,14.6
USW00014819,"CHICAGO MIDWAY AIRPORT, IL US",2021-10-21,14.7,13.6,15.3
USW00014819,"CHICAGO MIDWAY AIRPORT, IL US",2021-10-22,10.9,10.4,11.3
USW00014819,"CHICAGO MIDWAY AIRPORT, IL US",2021-10-23,9.8,9.5,10.6
USW00014819,"CHICAGO MIDWAY AIRPORT, IL US",2021-10-24,8.7,8.2,9.3
USW00014819,"CHICAGO MIDWAY AIRPORT, IL US",2021-10-25,11.1,10.2,10.3
USW00014819,"CHICAGO MIDWAY AIRPORT, IL US",2021-10-26,10,10.4,10.4
USW00014819,"CHICAGO MIDWAY AIRPORT, IL US",2021-10-27,10,9.5,8.1
USW00014819,"CHICAGO MIDWAY AIRPORT, IL US",2021-10-28,11.6,10.5,9.4
USW00014819,"CHICAGO MIDWAY AIRPORT, IL US",2021-10-29,12.7,12.4,12.7
USW00014819,"CHICAGO MIDWAY AIRPORT, IL US",2021-10-30,11.6,12.2,13
USW00014819,"CHICAGO MIDWAY AIRPORT, IL US",2021-10-31,8.7,9.1,9.8
USW00014819,"CHICAGO MIDWAY AIRPORT, IL US",2021-11-01,6.1,6.1,5.2
USW00014819,"CHICAGO MIDWAY AIRPORT, IL US",2021-11-02,5.4,5.1,4.7
USW00014819,"CHICAGO MIDWAY AIRPORT, IL US",2021-11-03,4.3,4.1,4.5
USW00014819,"CHICAGO MIDWAY AIRPORT, IL US",2021-11-04,5,4.6,4.8
USW00014819,"CHICAGO MIDWAY AIRPORT, IL US",2021-11-05,7.2,6.6,3.8
USW00014819,"CHICAGO MIDWAY AIRPORT, IL US",2021-11-06,10.1,9.7,4.2
USW00014819,"CHICAGO MIDWAY AIRPORT, IL US",2021-11-07,13.4,12.9,7.7
USW00014819,"CHICAGO MIDWAY AIRPORT, IL US",2021-11-08,15,14.4,10.6
USW00014819,"CHICAGO MIDWAY AIRPORT, IL US",2021-11-09,10.8,11.2,11.8
USW00014819,"CHICAGO MIDWAY AIRPORT, IL US",2021-11-10,10.5,9.8,10.4
USW00014819,"CHICAGO MIDWAY AIRPORT, IL US",2021-11-11,10,9.8,11.5
USW00014819,"CHICAGO MIDWAY AIRPORT, IL US",2021-11-12,4.1,4.2,5.3
USW00014819,"CHICAGO MIDWAY AIRPORT, IL US",2021-11-13,3.5,3.1,2.6
USW00014819,"CHICAGO MIDWAY AIRPORT, IL US",2021-11-14,2.4,2.1,2.6
USW00014819,"CHICAGO MIDWAY AIRPORT, IL US",2021-11-15,0.9,0.6,1.4
USW00014819,"CHICAGO MIDWAY AIRPORT, IL US",2021-11-16,8.4,8.2,3.8
USW00014819,"CHICAGO MIDWAY AIRPORT, IL US",2021-11-17,12.1,11.1,11
USW00014819,"CHICAGO MIDWAY AIRPORT, IL US",2021-11-18,3.3,2.7,4.5
USW00014819,"CHICAGO MIDWAY AIRPORT, IL US",2021-11-19,1.4,1.5,0.6
USW00014819,"CHICAGO MIDWAY AIRPORT, IL US",2021-11-20,6.9,6.1,2.4
USW00014819,"CHICAGO MIDWAY AIRPORT, IL US",2021-11-21,7.4,7.5,5.4
USW00014819,"CHICAGO MIDWAY AIRPORT, IL US",2021-11-22,0,-0.2,-0.2
USW00014819,"CHICAGO MIDWAY AIRPORT, IL US",2021-11-23,2.2,1.7,-0.7
USW00014819,"CHICAGO MIDWAY AIRPORT, IL US",2021-11-24,8.2,7.1,2.3
USW00014819,"CHICAGO MIDWAY AIRPORT, IL US",2021-11-25,4,4.2,6.3
USW00014819,"CHICAGO MIDWAY AIRPORT, IL US",2021-11-26,-3.1,-3.4,-2.4
USW00014819,"CHICAGO MIDWAY AIRPORT, IL US",2021-11-27,2.6,1.8,0.8
USW00014819,"CHICAGO MIDWAY AIRPORT, IL US",2021-11-28,1.8,1.6,0.5
USW00014819,"CHICAGO MIDWAY AIRPORT, IL US",2021-11-29,1.8,1.4,-1.4
USW00014819,"CHICAGO MIDWAY AIRPORT, IL US",2021-11-30,7.3,6.8,1.3
USW00014819,"CHICAGO MIDWAY AIRPORT, IL US",2021-12-01,6.1,5.8,2.6
USW00014819,"CHICAGO MIDWAY AIRPORT, IL US",2021-12-02,11.7,10.8,6.7
USW00014819,"CHICAGO MIDWAY AIRPORT, IL US",2021-12-03,8,7.5,5.5
USW00014819,"CHICAGO MIDWAY AIRPORT, IL US",2021-12-04,4.5,4,3.8
USW00014819,"CHICAGO MIDWAY AIRPORT, IL US",2021-12-05,4.4,3.7,1.4
USW00014819,"CHICAGO MIDWAY AIRPORT, IL US",2021-12-06,-1.7,-0.9,0.7
USW00014819,"CHICAGO MIDWAY AIRPORT, IL US",2021-12-07,-6.4,-6.7,-6.8
USW00014819,"CHICAGO MIDWAY AIRPORT, IL US",2021-12-08,-0.4,-1.5,-3.1
USW00014819,"CHICAGO MIDWAY AIRPORT, IL US",2021-12-09,4.2,3.3,-0.5
USW00014819,"CHICAGO MIDWAY AIRPORT, IL US",2021-12-10,10,9.3,3.4
USW00014819,"CHICAGO MIDWAY AIRPORT, IL US",2021-12-11,8.7,7.3,8.3
USW00014819,"CHICAGO MIDWAY AIRPORT, IL US",2021-12-12,5.7,5.5,1.4
USW00014819,"CHICAGO MIDWAY AIRPORT, IL US",2021-12-13,6.9,6.2,2.7
USW00014819,"CHICAGO MIDWAY AIRPORT, IL US",2021-12-14,8,7.3,3.5
USW00014819,"CHICAGO MIDWAY AIRPORT, IL US",2021-12-15,15.8,13.9,10.8
USW00014819,"CHICAGO MIDWAY AIRPORT, IL US",2021-12-16,12.4,10.7,11.9
USW00014819,"CHICAGO MIDWAY AIRPORT, IL US",2021-12-17,2.6,1.5,0.7
USW00014819,"CHICAGO MIDWAY AIRPORT, IL US",2021-12-18,3.6,2.1,2
USW00014819,"CHICAGO MIDWAY AIRPORT, IL US",2021-12-19,2.7,1.6,-0.8
USW00014819,"CHICAGO MIDWAY AIRPORT, IL US",2021-12-20,4.2,3,-0.7
USW00014819,"CHICAGO MIDWAY AIRPORT, IL US",2021-12-21,3,1.8,-0.8
USW00014819,"CHICAGO MIDWAY AIRPORT, IL US",2021-12-22,-2.6,-3.1,-3.2
USW00014819,"CHICAGO MIDWAY AIRPORT, IL US",2021-12-23,4.2,2.9,-1.3
USW00014819,"CHICAGO MIDWAY AIRPORT, IL US",2021-12-24,9.8,8.6,2.4
USW00014819,"CHICAGO MIDWAY AIRPORT, IL US",2021-12-25,9.8,8.3,8.1
USW00014819,"CHICAGO MIDWAY AIRPORT, IL US",2021-12-26,3.7,2.7,2.4
USW00014819,"CHICAGO MIDWAY AIRPORT, IL US",2021-12-27,5.8,4.4,5
USW00014819,"CHICAGO MIDWAY AIRPORT, IL US",2021-12-28,2.6,1.5,2.8
USW00014819,"CHICAGO MIDWAY AIRPORT, IL US",2021-12-29,2.4,1.4,1.4
USW00014819,"CHICAGO MIDWAY AIRPORT, IL US",2021-12-30,2.6,1.4,0.5
USW00014819,"CHICAGO MIDWAY AIRPORT, IL US",2021-12-31,5.2,4.1,2.3
USC00111550,"CHICAGO NORTHERLY ISLAND, IL US",2022-01-01,1.3,1.5,1.7
USC00111550,"CHICAGO NORTHERLY ISLAND, IL US",2022-01-02,-4.3,-4.5,-1.9
USC00111550,"CHICAGO NORTHERLY ISLAND, IL US",2022-01-03,-7.2,-7.9,-8.1
USC00111550,"CHICAGO NORTHERLY ISLAND, IL US",2022-01-04,-1.5,-1.7,-5.4
USC00111550,"CHICAGO NORTHERLY ISLAND, IL US",2022-01-05,-4,-4.4,-4.6
USC00111550,"CHICAGO NORTHERLY ISLAND, IL US",2022-01-06,-10.7,-11.1,-10
USC00111550,"CHICAGO NORTHERLY ISLAND, IL US",2022-01-07,-11.8,-12.4,-10.8
USC00111550,"CHICAGO NORTHERLY ISLAND, IL US",2022-01-08,-3.5,-3.8,-7.9
USC00111550,"CHICAGO NORTHERLY ISLAND, IL US",2022-01-09,-3.9,-3.7,-3.6
USC00111550,"CHICAGO NORTHERLY ISLAND, IL US",2022-01-10,-10,-9.9,-11.1
USC00111550,"CHICAGO NORTHERLY ISLAND, IL US",2022-01-11,-4.1,-4.4,-12.5
USC00111550,"CHICAGO NORTHERLY ISLAND, IL US",2022-01-12,2.8,1.7,-4.2
USC00111550,"CHICAGO NORTHERLY ISLAND, IL US",2022-01-13,1.3,1.9,-0.6
USC00111550,"CHICAGO NORTHERLY ISLAND, IL US",2022-01-14,-0.5,0,0.2
USC00111550,"CHICAGO NORTHERLY ISLAND, IL US",2022-01-15,-4.8,-5.1,-3.4
USC00111550,"CHICAGO NORTHERLY ISLAND, IL US",2022-01-16,-4.8,-5.3,-7.1
USC00111550,"CHICAGO NORTHERLY ISLAND, IL US",2022-01-17,-3.3,-3.4,-4.2
USC00111550,"CHICAGO NORTHERLY ISLAND, IL US",2022-01-18,1.5,1.6,-4.3
USC00111550,"CHICAGO NORTHERLY ISLAND, IL US",2022-01-19,-1.1,-1.6,-3
USC00111550,"CHICAGO NORTHERLY ISLAND, IL US",2022-01-20,-9.8,-9,-9.8
USC00111550,"CHICAGO NORTHERLY ISLAND, IL US",2022-01-21,-6.5,-6.8,-8.8
USC00111550,"CHICAGO NORTHERLY ISLAND, IL US",2022-01-22,-2.5,-2.7,-8.1
USC00111550,"CHICAGO NORTHERLY ISLAND, IL US",2022-01-23,-6.8,-7.4,-5.4
USC00111550,"CHICAGO NORTHERLY ISLAND, IL US",2022-01-24,-6.4,-6.4,-7.9
USC00111550,"CHICAGO NORTHERLY ISLAND, IL US",2022-01-25,-12.3,-12.3,-12.5
USC00111550,"CHICAGO NORTHERLY ISLAND, IL US",2022-01-26,-13.7,-13.7,-17.8
USC00111550,"CHICAGO NORTHERLY ISLAND, IL US",2022-01-27,-3.9,-4.6,-10.5
USC00111550,"CHICAGO NORTHERLY ISLAND, IL US",2022-01-28,-5.6,-6.1,-4.8
USC00111550,"CHICAGO NORTHERLY ISLAND, IL US",2022-01-29,-8.1,-8.2,-9.4
USC00111550,"CHICAGO NORTHERLY ISLAND, IL US",2022-01-30,-3.9,-4.5,-6.9
USC00111550,"CHICAGO NORTHERLY ISLAND, IL US",2022-01-31,-0.5,-0.6,-4.3
USC00111550,"CHICAGO NORTHERLY ISLAND, IL US",2022-02-01,4.5,4.8,-2.3
USC00111550,"CHICAGO NORTHERLY ISLAND, IL US",2022-02-02,-2.6,-2.8,-2.6
USC00111550,"CHICAGO NORTHERLY ISLAND, IL US",2022-02-03,-4.4,-5.4,-5.4
USC00111550,"CHICAGO NORTHERLY ISLAND, IL US",2022-02-04,-6.4,-6.8,-7.7
USC00111550,"CHICAGO NORTHERLY ISLAND, IL US",2022-02-05,-9.6,-9.7,-11.5
USC00111550,"CHICAGO NORTHERLY ISLAND, IL US",2022-02-06,-3.6,-3.4,-7.6
USC00111550,"CHICAGO NORTHERLY ISLAND, IL US",2022-02-07,-3.4,-3.7,-6.8
USC00111550,"CHICAGO NORTHERLY ISLAND, IL US",2022-02-08,-0.7,-0.9,-8.4
USC00111550,"CHICAGO NORTHERLY ISLAND, IL US",2022-02-09,3.3,2.8,-3.3
USC00111550,"CHICAGO NORTHERLY ISLAND, IL US",2022-02-10,-0.1,0.3,-1.7
USC00111550,"CHICAGO NORTHERLY ISLAND, IL US",2022-02-11,1.9,3.1,-1.4
USC00111550,"CHICAGO NORTHERLY ISLAND, IL US",2022-02-12,-4.8,-5.4,-6.7
USC00111550,"CHICAGO NORTHERLY ISLAND, IL US",2022-02-13,-8.5,-8.4,-11.1
USC00111550,"CHICAGO NORTHERLY ISLAND, IL US",2022-02-14,-5.9,-5.9,-9.2
USC00111550,"CHICAGO NORTHERLY ISLAND, IL US",2022-02-15,2.2,1.9,-4.5
USC00111550,"CHICAGO NORTHERLY ISLAND, IL US",2022-02-16,8.2,7.8,-0.1
USC00111550,"CHICAGO NORTHERLY ISLAND, IL US",2022-02-17,-1.4,-0.4,0.2
USC00111550,"CHICAGO NORTHERLY ISLAND, IL US",2022-02-18,-5,-5.3,-6.3
USC00111550,"CHICAGO NORTHERLY ISLAND, IL US",2022-02-19,-5.9,-6.1,-7.1
USC00111550,"CHICAGO NORTHERLY ISLAND, IL US",2022-02-20,1.8,2,-5.3
USC00111550,"CHICAGO NORTHERLY ISLAND, IL US",2022-02-21,3.6,5.5,0.2
USC00111550,"CHICAGO NORTHERLY ISLAND, IL US",2022-02-22,1.1,3.1,2.5
USC00111550,"CHICAGO NORTHERLY ISLAND, IL US",2022-02-23,-5.9,-5.8,-4.5
USC00111550,"CHICAGO NORTHERLY ISLAND, IL US",2022-02-24,-3.4,-3.6,-3.8
USC00111550,"CHICAGO NORTHERLY ISLAND, IL US",2022-02-25,-3.4,-3.2,-3.3
USC00111550,"CHICAGO NORTHERLY ISLAND, IL US",2022-02-26,-3.5,-3.8,-5.5
USC00111550,"CHICAGO NORTHERLY ISLAND, IL US",2022-02-27,2.2,2.2,-3
USC00111550,"CHICAGO NORTHERLY ISLAND, IL US",2022-02-28,6.2,6,-0.1
USC00111550,"CHICAGO NORTHERLY ISLAND, IL US",2022-03-01,4.4,6,1.5
USC00111550,"CHICAGO NORTHERLY ISLAND, IL US",2022-03-02,8.2,8.5,1.9
USC00111550,"CHICAGO NORTHERLY ISLAND, IL US",2022-03-03,-0.2,0,0.3
USC00111550,"CHICAGO NORTHERLY ISLAND, IL US",2022-03-04,0.2,1.7,0.4
USC00111550,"CHICAGO NORTHERLY ISLAND, IL US",2022-03-05,12.6,13.6,6.2
USC00111550,"CHICAGO NORTHERLY ISLAND, IL US",2022-03-06,9.9,9.5,10.2
USC00111550,"CHICAGO NORTHERLY ISLAND, IL US",2022-03-07,1.1,1.5,1.8
USC00111550,"CHICAGO NORTHERLY ISLAND, IL US",2022-03-08,1.6,1.7,-1.5
USC00111550,"CHICAGO NORTHERLY ISLAND, IL US",2022-03-09,3,2.9,-0.4
USC00111550,"CHICAGO NORTHERLY ISLAND, IL US",2022-03-10,-2.6,-2.1,-2.2
USC00111550,"CHICAGO NORTHERLY ISLAND, IL US",2022-03-11,-3.4,-2.9,-2.2
USC00111550,"CHICAGO NORTHERLY ISLAND, IL US",2022-03-12,-7.4,-6.9,-7.8
USC00111550,"CHICAGO NORTHERLY ISLAND, IL US",2022-03-13,3.8,4,-2.3
USC00111550,"CHICAGO NORTHERLY ISLAND, IL US",2022-03-14,11.2,11.4,4
USC00111550,"CHICAGO NORTHERLY ISLAND, IL US",2022-03-15,3.8,6.3,8
USC00111550,"CHICAGO NORTHERLY ISLAND, IL US",2022-03-16,12.6,13.4,11.4
USC00111550,"CHICAGO NORTHERLY ISLAND, IL US",2022-03-17,12.1,15.2,13.4
USC00111550,"CHICAGO NORTHERLY ISLAND, IL US",2022-03-18,5.7,6.9,10
USC00111550,"CHICAGO NORTHERLY ISLAND, IL US",2022-03-19,4.6,4.7,5.5
USC00111550,"CHICAGO NORTHERLY ISLAND, IL US",2022-03-20,8,9.9,5.8
USC00111550,"CHICAGO NORTHERLY ISLAND, IL US",2022-03-21,15.6,16,11.5
USC00111550,"CHICAGO NORTHERLY ISLAND, IL US",2022-03-22,8.6,10.9,10.3
USC00111550,"CHICAGO NORTHERLY ISLAND, IL US",2022-03-23,9.6,11.5,10.1
USC00111550,"CHICAGO NORTHERLY ISLAND, IL US",2022-03-24,5.2,5.8,8.3
USC00111550,"CHICAGO NORTHERLY ISLAND, IL US",2022-03-25,5.7,6,5.7
USC00111550,"CHICAGO NORTHERLY ISLAND, IL US",2022-03-26,0.2,0,1.1
USC00111550,"CHICAGO NORTHERLY ISLAND, IL US",2022-03-27,-2.1,-1.3,-2.5
USC00111550,"CHICAGO NORTHERLY ISLAND, IL US",2022-03-28,-1.7,-1.9,-2.8
USC00111550,"CHICAGO NORTHERLY ISLAND, IL US",2022-03-29,2.2,2.9,-0.6
USC00111550,"CHICAGO NORTHERLY ISLAND, IL US",2022-03-30,11.7,11.8,7.1
USC00111550,"CHICAGO NORTHERLY ISLAND, IL US",2022-03-31,5.9,5.6,8.8
USC00111550,"CHICAGO NORTHERLY ISLAND, IL US",2022-04-01,2.4,3.6,1.7
USC00111550,"CHICAGO NORTHERLY ISLAND, IL US",2022-04-02,4.1,4,3.4
USC00111550,"CHICAGO NORTHERLY ISLAND, IL US",2022-04-03,4.3,5.2,4.3
USC00111550,"CHICAGO NORTHERLY ISLAND, IL US",2022-04-04,8.4,9,8.4
USC00111550,"CHICAGO NORTHERLY ISLAND, IL US",2022-04-05,5.4,8.2,10.3
USC00111550,"CHICAGO NORTHERLY ISLAND, IL US",2022-04-06,10.7,10.8,11.4
USC00111550,"CHICAGO NORTHERLY ISLAND, IL US",2022-04-07,5.6,6.1,7
USC00111550,"CHICAGO NORTHERLY ISLAND, IL US",2022-04-08,3.3,3.5,4.5
USC00111550,"CHICAGO NORTHERLY ISLAND, IL US",2022-04-09,3.4,4.9,3
USC00111550,"CHICAGO NORTHERLY ISLAND, IL US",2022-04-10,10.4,10.4,6.2
USC00111550,"CHICAGO NORTHERLY ISLAND, IL US",2022-04-11,12.8,12.4,11.9
USC00111550,"CHICAGO NORTHERLY ISLAND, IL US",2022-04-12,13.7,14.1,12.9
USC00111550,"CHICAGO NORTHERLY ISLAND, IL US",2022-04-13,14.8,15.1,18.4
USC00111550,"CHICAGO NORTHERLY ISLAND, IL US",2022-04-14,7.3,7.8,9.2
USC00111550,"CHICAGO NORTHERLY ISLAND, IL US",2022-04-15,9.7,9.6,5.8
USC00111550,"CHICAGO NORTHERLY ISLAND, IL US",2022-04-16,4.1,5.2,4.1
USC00111550,"CHICAGO NORTHERLY ISLAND, IL US",2022-04-17,3,3,3.1
USC00111550,"CHICAGO NORTHERLY ISLAND, IL US",2022-04-18,3.3,3.5,4.2
USC00111550,"CHICAGO NORTHERLY ISLAND, IL US",2022-04-19,4.8,6.2,4.1
USC00111550,"CHICAGO NORTHERLY ISLAND, IL US",2022-04-20,9.1,9.3,6.8
USC00111550,"CHICAGO NORTHERLY ISLAND, IL US",2022-04-21,15.5,16.1,11.9
USC00111550,"CHICAGO NORTHERLY ISLAND, IL US",2022-04-22,9.7,11.5,11.3
USC00111550,"CHICAGO NORTHERLY ISLAND, IL US",2022-04-23,19.9,21.5,17.2
USC00111550,"CHICAGO NORTHERLY ISLAND, IL US",2022-04-24,19.3,19.4,20.1
USC00111550,"CHICAGO NORTHERLY ISLAND, IL US",2022-04-25,10.4,10.7,12.9
USC00111550,"CHICAGO NORTHERLY ISLAND, IL US",2022-04-26,7,7.4,6.3
USC00111550,"CHICAGO NORTHERLY ISLAND, IL US",2022-04-27,2.8,3.4,4.4
USC00111550,"CHICAGO NORTHERLY ISLAND, IL US",2022-04-28,6.3,7.1,6.7
USC00111550,"CHICAGO NORTHERLY ISLAND, IL US",2022-04-29,9.6,13.5,12.1
USC00111550,"CHICAGO NORTHERLY ISLAND, IL US",2022-04-30,13.4,15.8,14.7
USC00111550,"CHICAGO NORTHERLY ISLAND, IL US",2022-05-01,12.7,12.6,14.2
USC00111550,"CHICAGO NORTHERLY ISLAND, IL US",2022-05-02,9.9,10.9,11.9
USC00111550,"CHICAGO NORTHERLY ISLAND, IL US",2022-05-03,7.2,8.7,11.1
USC00111550,"CHICAGO NORTHERLY ISLAND, IL US",2022-05-04,6.5,8.5,8.3
USC00111550,"CHICAGO NORTHERLY ISLAND, IL US",2022-05-05,7.6,9.2,10
USC00111550,"CHICAGO NORTHERLY ISLAND, IL US",2022-05-06,8.9,10.2,10.6
USC00111550,"CHICAGO NORTHERLY ISLAND, IL US",2022-05-07,10.2,12.2,10.7
USC00111550,"CHICAGO NORTHERLY ISLAND, IL US",2022-05-08,10.7,13.2,12.5
USC00111550,"CHICAGO NORTHERLY ISLAND, IL US",2022-05-09,18.7,21.1,16.5
USC00111550,"CHICAGO NORTHERLY ISLAND, IL US",2022-05-10,24.9,26.5,23.1
USC00111550,"CHICAGO NORTHERLY ISLAND, IL US",2022-05-11,21.2,26.6,27.6
USC00111550,"CHICAGO NORTHERLY ISLAND, IL US",2022-05-12,21.1,26.9,25.3
USC00111550,"CHICAGO NORTHERLY ISLAND, IL US",2022-05-13,22.3,26,22.1
USC00111550,"CHICAGO NORTHERLY ISLAND, IL US",2022-05-14,21.1,23.5,23
USC00111550,"CHICAGO NORTHERLY ISLAND, IL US",2022-05-15,19.1,20.3,21.4
USC00111550,"CHICAGO NORTHERLY ISLAND, IL US",2022-05-16,20.3,20.4,16.6
USC00111550,"CHICAGO NORTHERLY ISLAND, IL US",2022-05-17,14.1,15.1,15.3
USC00111550,"CHICAGO NORTHERLY ISLAND, IL US",2022-05-18,12.9,14.4,13.7
USC00111550,"CHICAGO NORTHERLY ISLAND, IL US",2022-05-19,22.1,22.5,18.9
USC00111550,"CHICAGO NORTHERLY ISLAND, IL US",2022-05-20,23.4,24.2,23.6
USC00111550,"CHICAGO NORTHERLY ISLAND, IL US",2022-05-21,14.5,15.2,18.1
USC00111550,"CHICAGO NORTHERLY ISLAND, IL US",2022-05-22,12.9,14,13.3
USC00111550,"CHICAGO NORTHERLY ISLAND, IL US",2022-05-23,11.8,12.5,11.5
USC00111550,"CHICAGO NORTHERLY ISLAND, IL US",2022-05-24,12.4,14.5,12.9
USC00111550,"CHICAGO NORTHERLY ISLAND, IL US",2022-05-25,20.4,21.2,16.3
USC00111550,"CHICAGO NORTHERLY ISLAND, IL US",2022-05-26,20.8,21.9,23.2
USC00111550,"CHICAGO NORTHERLY ISLAND, IL US",2022-05-27,13.8,14.5,18.6
USC00111550,"CHICAGO NORTHERLY ISLAND, IL US",2022-05-28,16.1,17.6,16.1
USC00111550,"CHICAGO NORTHERLY ISLAND, IL US",2022-05-29,23.6,24.3,20.4
USC00111550,"CHICAGO NORTHERLY ISLAND, IL US",2022-05-30,27.1,27.8,24.4
USC00111550,"CHICAGO NORTHERLY ISLAND, IL US",2022-05-31,27.7,27.9,25.5
USC00111550,"CHICAGO NORTHERLY ISLAND, IL US",2022-06-01,20.8,20.6,24.3
USC00111550,"CHICAGO NORTHERLY ISLAND, IL US",2022-06-02,17.2,19.7,18.6
USC00111550,"CHICAGO NORTHERLY ISLAND, IL US",2022-06-03,21.5,21.9,19.1
USC00111550,"CHICAGO NORTHERLY ISLAND, IL US",2022-06-04,15.7,17.2,16.1
USC00111550,"CHICAGO NORTHERLY ISLAND, IL US",2022-06-05,18.3,20.6,16
USC00111550,"CHICAGO NORTHERLY ISLAND, IL US",2022-06-06,19.4,20.7,21
USC00111550,"CHICAGO NORTHERLY ISLAND, IL US",2022-06-07,14.4,16.8,18.8
USC00111550,"CHICAGO NORTHERLY ISLAND, IL US",2022-06-08,16.5,17.4,16.6
USC00111550,"CHICAGO NORTHERLY ISLAND, IL US",2022-06-09,19.6,20,16.8
USC00111550,"CHICAGO NORTHERLY ISLAND, IL US",2022-06-10,21.9,21.4,18.8
USC00111550,"CHICAGO NORTHERLY ISLAND, IL US",2022-06-11,19.7,20.1,18.8
USC00111550,"CHICAGO NORTHERLY ISLAND, IL US",2022-06-12,17.7,18.7,22.5
USC00111550,"CHICAGO NORTHERLY ISLAND, IL US",2022-06-13,20.3,23.6,23.7
USC00111550,"CHICAGO NORTHERLY ISLAND, IL US",2022-06-14,28.6,29.8,29.5
USC00111550,"CHICAGO NORTHERLY ISLAND, IL US",2022-06-15,32.2,32,29.2
USC00111550,"CHICAGO NORTHERLY ISLAND, IL US",2022-06-16,28.5,29.7,28.3
USC00111550,"CHICAGO NORTHERLY ISLAND, IL US",2022-06-17,22.6,24.5,23.9
USC00111550,"CHICAGO NORTHERLY ISLAND, IL US",2022-06-18,16.9,18.1,19.8
USC00111550,"CHICAGO NORTHERLY ISLAND, IL US",2022-06-19,21.3,22.1,17.5
USC00111550,"CHICAGO NORTHERLY ISLAND, IL US",2022-06-20,28.2,27.9,21.9
USC00111550,"CHICAGO NORTHERLY ISLAND, IL US",2022-06-21,31.1,31.2,25.1
USC00111550,"CHICAGO NORTHERLY ISLAND, IL US",2022-06-22,26.5,27.5,27.3
USC00111550,"CHICAGO NORTHERLY ISLAND, IL US",2022-06-23,21.3,23.5,24
USC00111550,"CHICAGO NORTHERLY ISLAND, IL US",2022-06-24,23,25.4,23.2
USC00111550,"CHICAGO NORTHERLY ISLAND, IL US",2022-06-25,23,22.8,22.9
USC00111550,"CHICAGO NORTHERLY ISLAND, IL US",2022-06-26,23.7,23.8,24.1
USC00111550,"CHICAGO NORTHERLY ISLAND, IL US",2022-06-27,20.8,21.4,18.6
USC00111550,"CHICAGO NORTHERLY ISLAND, IL US",2022-06-28,24.4,24.1,19.5
USC00111550,"CHICAGO NORTHERLY ISLAND, IL US",2022-06-29,24.4,25.5,21.8
USC00111550,"CHICAGO NORTHERLY ISLAND, IL US",2022-06-30,28.5,29,24
USC00111550,"CHICAGO NORTHERLY ISLAND, IL US",2022-07-01,23.4,24.4,24.3
USC00111550,"CHICAGO NORTHERLY ISLAND, IL US",2022-07-02,22.2,23.6,23.4
USC00111550,"CHICAGO NORTHERLY ISLAND, IL US",2022-07-03,23.4,25,23.2
USC00111550,"CHICAGO NORTHERLY ISLAND, IL US",2022-07-04,26.4,26.7,23.7
USC00111550,"CHICAGO NORTHERLY ISLAND, IL US",2022-07-05,26.5,28.3,28.5
USC00111550,"CHICAGO NORTHERLY ISLAND, IL US",2022-07-06,21.8,23.6,26.9
USC00111550,"CHICAGO NORTHERLY ISLAND, IL US",2022-07-07,22.8,25.1,24
USC00111550,"CHICAGO NORTHERLY ISLAND, IL US",2022-07-08,22.6,23.6,25.2
USC00111550,"CHICAGO NORTHERLY ISLAND, IL US",2022-07-09,21.5,22.2,22.2
USC00111550,"CHICAGO NORTHERLY ISLAND, IL US",2022-07-10,22.4,23.5,20.7
USC00111550,"CHICAGO NORTHERLY ISLAND, IL US",2022-07-11,25.8,26.2,23.5
USC00111550,"CHICAGO NORTHERLY ISLAND, IL US",2022-07-12,25.2,26,24
USC00111550,"CHICAGO NORTHERLY ISLAND, IL US",2022-07-13,23.3,23.8,22.8
USC00111550,"CHICAGO NORTHERLY ISLAND, IL US",2022-07-14,21.3,21.8,21.2
USC00111550,"CHICAGO NORTHERLY ISLAND, IL US",2022-07-15,20.9,21.1,20.4
USC00111550,"CHICAGO NORTHERLY ISLAND, IL US",2022-07-16,21.5,22.9,23.6
USC00111550,"CHICAGO NORTHERLY ISLAND, IL US",2022-07-17,21.6,23,25.3
USC00111550,"CHICAGO NORTHERLY ISLAND, IL US",2022-07-18,24.5,26.3,24.5
USC00111550,"CHICAGO NORTHERLY ISLAND, IL US",2022-07-19,25.8,27.3,25.8
USC00111550,"CHICAGO NORTHERLY ISLAND, IL US",2022-07-20,27.4,28.4,26.3
USC00111550,"CHICAGO NORTHERLY ISLAND, IL US",2022-07-21,28.9,28.8,25.2
USC00111550,"CHICAGO NORTHERLY ISLAND, IL US",2022-07-22,27.8,28.1,25.1
USC00111550,"CHICAGO NORTHERLY ISLAND, IL US",2022-07-23,25.3,26.2,25.3
USC00111550,"CHICAGO NORTHERLY ISLAND, IL US",2022-07-24,26.9,27,27
USC00111550,"CHICAGO NORTHERLY ISLAND, IL US",2022-07-25,22.1,22.3,22.3
USC00111550,"CHICAGO NORTHERLY ISLAND, IL US",2022-07-26,21.6,23.1,22
USC00111550,"CHICAGO NORTHERLY ISLAND, IL US",2022-07-27,24.8,25.6,24.1
USC00111550,"CHICAGO NORTHERLY ISLAND, IL US",2022-07-28,24.5,24.4,22.8
USC00111550,"CHICAGO NORTHERLY ISLAND, IL US",2022-07-29,21.9,22.7,19.9
USC00111550,"CHICAGO NORTHERLY ISLAND, IL US",2022-07-30,23,23.7,21.3
USC00111550,"CHICAGO NORTHERLY ISLAND, IL US",2022-07-31,25.3,25,22.5
USC00111550,"CHICAGO NORTHERLY ISLAND, IL US",2022-08-01,26.6,27,24.4
USC00111550,"CHICAGO NORTHERLY ISLAND, IL US",2022-08-02,26.4,26.8,24.3
USC00111550,"CHICAGO NORTHERLY ISLAND, IL US",2022-08-03,28.7,29.3,26.9
USC00111550,"CHICAGO NORTHERLY ISLAND, IL US",2022-08-04,24.3,25.6,27.6
USC00111550,"CHICAGO NORTHERLY ISLAND, IL US",2022-08-05,23.4,25.9,26.5
USC00111550,"CHICAGO NORTHERLY ISLAND, IL US",2022-08-06,28.6,29.4,26.9
USC00111550,"CHICAGO NORTHERLY ISLAND, IL US",2022-08-07,25.7,26.5,27.7
USC00111550,"CHICAGO NORTHERLY ISLAND, IL US",2022-08-08,23.2,24.6,27
USC00111550,"CHICAGO NORTHERLY ISLAND, IL US",2022-08-09,19.5,21.1,22.2
USC00111550,"CHICAGO NORTHERLY ISLAND, IL US",2022-08-10,21.1,23,20.2
USC00111550,"CHICAGO NORTHERLY ISLAND, IL US",2022-08-11,22.2,22.4,21.9
USC00111550,"CHICAGO NORTHERLY ISLAND, IL US",2022-08-12,21.6,21.5,19.9
USC00111550,"CHICAGO NORTHERLY ISLAND, IL US",2022-08-13,22,22.5,20.7
USC00111550,"CHICAGO NORTHERLY ISLAND, IL US",2022-08-14,21.5,22.7,21.6
USC00111550,"CHICAGO NORTHERLY ISLAND, IL US",2022-08-15,22.4,22.9,21
USC00111550,"CHICAGO NORTHERLY ISLAND, IL US",2022-08-16,22.8,23.1,21
USC00111550,"CHICAGO NORTHERLY ISLAND, IL US",2022-08-17,22.6,22.9,21.2
USC00111550,"CHICAGO NORTHERLY ISLAND, IL US",2022-08-18,23,23.4,21.2
USC00111550,"CHICAGO NORTHERLY ISLAND, IL US",2022-08-19,25.7,25.8,22
USC00111550,"CHICAGO NORTHERLY ISLAND, IL US",2022-08-20,22.4,23,23.1
USC00111550,"CHICAGO NORTHERLY ISLAND, IL US",2022-08-21,22,22.8,22.8
USC00111550,"CHICAGO NORTHERLY ISLAND, IL US",2022-08-22,21.9,23.3,22.1
USC00111550,"CHICAGO NORTHERLY ISLAND, IL US",2022-08-23,23.8,24.2,21.2
USC00111550,"CHICAGO NORTHERLY ISLAND, IL US",2022-08-24,23.4,24.3,21.6
USC00111550,"CHICAGO NORTHERLY ISLAND, IL US",2022-08-25,23.6,23.8,21.1
USC00111550,"CHICAGO NORTHERLY ISLAND, IL US",2022-08-26,21.6,22.2,23.4
USC00111550,"CHICAGO NORTHERLY ISLAND, IL US",2022-08-27,21.8,22.4,21.1
USC00111550,"CHICAGO NORTHERLY ISLAND, IL US",2022-08-28,27,27.2,24.3
USC00111550,"CHICAGO NORTHERLY ISLAND, IL US",2022-08-29,26.3,26.6,27.1
USC00111550,"CHICAGO NORTHERLY ISLAND, IL US",2022-08-30,24.1,24.1,23.5
USC00111550,"CHICAGO NORTHERLY ISLAND, IL US",2022-08-31,25,24.6,20.4
USC00111550,"CHICAGO NORTHERLY ISLAND, IL US",2022-09-01,26.9,26.6,23.3
USC00111550,"CHICAGO NORTHERLY ISLAND, IL US",2022-09-02,26.6,26.4,23.6
USC00111550,"CHICAGO NORTHERLY ISLAND, IL US",2022-09-03,25.9,26.7,23.8
USC00111550,"CHICAGO NORTHERLY ISLAND, IL US",2022-09-04,20.8,21.5,22.4
USC00111550,"CHICAGO NORTHERLY ISLAND, IL US",2022-09-05,20.6,20.7,22
USC00111550,"CHICAGO NORTHERLY ISLAND, IL US",2022-09-06,22.4,23.1,22.2
USC00111550,"CHICAGO NORTHERLY ISLAND, IL US",2022-09-07,22.2,22.9,21.2
USC00111550,"CHICAGO NORTHERLY ISLAND, IL US",2022-09-08,22.2,23,21.5
USC00111550,"CHICAGO NORTHERLY ISLAND, IL US",2022-09-09,23.9,24,21.2
USC00111550,"CHICAGO NORTHERLY ISLAND, IL US",2022-09-10,23.8,24.3,23.7
USC00111550,"CHICAGO NORTHERLY ISLAND, IL US",2022-09-11,19.4,19.5,21.1
USC00111550,"CHICAGO NORTHERLY ISLAND, IL US",2022-09-12,15.6,16.1,13.7
USC00111550,"CHICAGO NORTHERLY ISLAND, IL US",2022-09-13,20,20.6,17.7
USC00111550,"CHICAGO NORTHERLY ISLAND, IL US",2022-09-14,20.2,20.5,20.4
USC00111550,"CHICAGO NORTHERLY ISLAND, IL US",2022-09-15,23.3,22.8,20.8
USC00111550,"CHICAGO NORTHERLY ISLAND, IL US",2022-09-16,24.3,24,21.7
USC00111550,"CHICAGO NORTHERLY ISLAND, IL US",2022-09-17,25.6,25.8,21.9
USC00111550,"CHICAGO NORTHERLY ISLAND, IL US",2022-09-18,26.1,26.3,23.6
USC00111550,"CHICAGO NORTHERLY ISLAND, IL US",2022-09-19,20.5,21.6,24.7
USC00111550,"CHICAGO NORTHERLY ISLAND, IL US",2022-09-20,24.6,24.9,22.1
USC00111550,"CHICAGO NORTHERLY ISLAND, IL US",2022-09-21,24.6,24.9,25
USC00111550,"CHICAGO NORTHERLY ISLAND, IL US",2022-09-22,15.5,15.8,16.4
USC00111550,"CHICAGO NORTHERLY ISLAND, IL US",2022-09-23,15.2,14.6,12.5
USC00111550,"CHICAGO NORTHERLY ISLAND, IL US",2022-09-24,18.2,18.1,14.3
USC00111550,"CHICAGO NORTHERLY ISLAND, IL US",2022-09-25,17.2,17.5,17.2
USC00111550,"CHICAGO NORTHERLY ISLAND, IL US",2022-09-26,14.7,15.2,14.1
USC00111550,"CHICAGO NORTHERLY ISLAND, IL US",2022-09-27,12.8,13.4,10.9
USC00111550,"CHICAGO NORTHERLY ISLAND, IL US",2022-09-28,13.2,12.9,11.6
USC00111550,"CHICAGO NORTHERLY ISLAND, IL US",2022-09-29,13.6,13,11.4
USC00111550,"CHICAGO NORTHERLY ISLAND, IL US",2022-09-30,14.1,14.1,12.5
USC00111550,"CHICAGO NORTHERLY ISLAND, IL US",2022-10-01,17,15.8,14
USC00111550,"CHICAGO NORTHERLY ISLAND, IL US",2022-10-02,15.9,15.8,14.8
USC00111550,"CHICAGO NORTHERLY ISLAND, IL US",2022-10-03,14.1,14.5,13.2
USC00111550,"CHICAGO NORTHERLY ISLAND, IL US",2022-10-04,17.8,16.8,14.1
USC00111550,"CHICAGO NORTHERLY ISLAND, IL US",2022-10-05,19.7,18.7,16.1
USC00111550,"CHICAGO NORTHERLY ISLAND, IL US",2022-10-06,18.2,18.8,17.5
USC00111550,"CHICAGO NORTHERLY ISLAND, IL US",2022-10-07,10.2,10.4,11.9
USC00111550,"CHICAGO NORTHERLY ISLAND, IL US",2022-10-08,10.7,10.4,7.3
USC00111550,"CHICAGO NORTHERLY ISLAND, IL US",2022-10-09,15.2,14.8,8.7
USC00111550,"CHICAGO NORTHERLY ISLAND, IL US",2022-10-10,15.8,16.7,13.6
USC00111550,"CHICAGO NORTHERLY ISLAND, IL US",2022-10-11,16.6,16.7,15.4
USC00111550,"CHICAGO NORTHERLY ISLAND, IL US",2022-10-12,14.4,15,18.2
USC00111550,"CHICAGO NORTHERLY ISLAND, IL US",2022-10-13,12.2,10.6,10.2
USC00111550,"CHICAGO NORTHERLY ISLAND, IL US",2022-10-14,11,10.9,7.9
USC00111550,"CHICAGO NORTHERLY ISLAND, IL US",2022-10-15,8.4,8.4,7.5
USC00111550,"CHICAGO NORTHERLY ISLAND, IL US",2022-10-16,10.2,9.6,8.3
USC00111550,"CHICAGO NORTHERLY ISLAND, IL US",2022-10-17,5,5.3,5.7
USC00111550,"CHICAGO NORTHERLY ISLAND, IL US",2022-10-18,5.6,6.1,4.4
USC00111550,"CHICAGO NORTHERLY ISLAND, IL US",2022-10-19,6.3,6.2,4.5
USC00111550,"CHICAGO NORTHERLY ISLAND, IL US",2022-10-20,10.4,10.4,4.6
USC00111550,"CHICAGO NORTHERLY ISLAND, IL US",2022-10-21,17.6,17.1,9.6
USC00111550,"CHICAGO NORTHERLY ISLAND, IL US",2022-10-22,21.3,21,15.6
USC00111550,"CHICAGO NORTHERLY ISLAND, IL US",2022-10-23,21.9,22.1,18.1
USC00111550,"CHICAGO NORTHERLY ISLAND, IL US",2022-10-24,20.4,21.5,20.6
USC00111550,"CHICAGO NORTHERLY ISLAND, IL US",2022-10-25,14.8,15.8,17.5
USC00111550,"CHICAGO NORTHERLY ISLAND, IL US",2022-10-26,10,9.6,11.2
USC00111550,"CHICAGO NORTHERLY ISLAND, IL US",2022-10-27,9.1,8.4,7.5
USC00111550,"CHICAGO NORTHERLY ISLAND, IL US",2022-10-28,10.5,11.2,8.6
USC00111550,"CHICAGO NORTHERLY ISLAND, IL US",2022-10-29,11.6,12.8,10.1
USC00111550,"CHICAGO NORTHERLY ISLAND, IL US",2022-10-30,12.4,13.6,11.8
USC00111550,"CHICAGO NORTHERLY ISLAND, IL US",2022-10-31,12.7,12.8,12.4
USC00111550,"CHICAGO NORTHERLY ISLAND, IL US",2022-11-01,15.8,15.5,12.4
USC00111550,"CHICAGO NORTHERLY ISLAND, IL US",2022-11-02,17.1,16.6,12.6
USC00111550,"CHICAGO NORTHERLY ISLAND, IL US",2022-11-03,18.3,18.3,13.4
USC00111550,"CHICAGO NORTHERLY ISLAND, IL US",2022-11-04,20,19.9,14.1
USC00111550,"CHICAGO NORTHERLY ISLAND, IL US",2022-11-05,15.2,15.7,16.2
USC00111550,"CHICAGO NORTHERLY ISLAND, IL US",2022-11-06,13.2,13.4,9.5
USC00111550,"CHICAGO NORTHERLY ISLAND, IL US",2022-11-07,9.1,9.5,7.5
USC00111550,"CHICAGO NORTHERLY ISLAND, IL US",2022-11-08,9.9,9.8,6.4
USC00111550,"CHICAGO NORTHERLY ISLAND, IL US",2022-11-09,16,15.6,9.3
USC00111550,"CHICAGO NORTHERLY ISLAND, IL US",2022-11-10,20.5,20.2,15.5
USC00111550,"CHICAGO NORTHERLY ISLAND, IL US",2022-11-11,10,9.4,11.2
USC00111550,"CHICAGO NORTHERLY ISLAND, IL US",2022-11-12,1.9,1.9,1.2
USC00111550,"CHICAGO NORTHERLY ISLAND, IL US",2022-11-13,2,1.4,1.5
USC00111550,"CHICAGO NORTHERLY ISLAND, IL US",2022-11-14,3.7,2.3,1.1
USC00111550,"CHICAGO NORTHERLY ISLAND, IL US",2022-11-15,2.2,1.9,1.9
USC00111550,"CHICAGO NORTHERLY ISLAND, IL US",2022-11-16,1.3,1.3,1.7
USC00111550,"CHICAGO NORTHERLY ISLAND, IL US",2022-11-17,-0,-0,-0
USC00111550,"CHICAGO NORTHERLY ISLAND, IL US",2022-11-18,-2.8,-3,-1.9
USC00111550,"CHICAGO NORTHERLY ISLAND, IL US",2022-11-19,-4.4,-4.8,-4.3
USC00111550,"CHICAGO NORTHERLY ISLAND, IL US",2022-11-20,-3.6,-3.9,-6
USC00111550,"CHICAGO NORTHERLY ISLAND, IL US",2022-11-21,4.6,3.6,-2.2
USC00111550,"CHICAGO NORTHERLY ISLAND, IL US",2022-11-22,5.4,5.3,-0
USC00111550,"CHICAGO NORTHERLY ISLAND, IL US",2022-11-23,9.8,9,1.4
USC00111550,"CHICAGO NORTHERLY ISLAND, IL US",2022-11-24,8.8,8.1,3.4
USC00111550,"CHICAGO NORTHERLY ISLAND, IL US",2022-11-25,7.8,7.4,6.2
USC00111550,"CHICAGO NORTHERLY ISLAND, IL US",2022-11-26,8.9,8.3,3.4
USC00111550,"CHICAGO NORTHERLY ISLAND, IL US",2022-11-27,6.1,5.6,4.2
USC00111550,"CHICAGO NORTHERLY ISLAND, IL US",2022-11-28,5,4.4,3.4
USC00111550,"CHICAGO NORTHERLY ISLAND, IL US",2022-11-29,10,9.6,4.6
USC00111550,"CHICAGO NORTHERLY ISLAND, IL US",2022-11-30,-0.9,-1.6,2.4
USC00111550,"CHICAGO NORTHERLY ISLAND, IL US",2022-12-01,-1.5,-1.6,-3.2
USC00111550,"CHICAGO NORTHERLY ISLAND, IL US",2022-12-02,7.6,6.8,1.4
USC00111550,"CHICAGO NORTHERLY ISLAND, IL US",2022-12-03,4.7,3.3,3.2
USC00111550,"CHICAGO NORTHERLY ISLAND, IL US",2022-12-04,0.6,-0.2,-3.4
USC00111550,"CHICAGO NORTHERLY ISLAND, IL US",2022-12-05,3,2.6,-1.4
USC00111550,"CHICAGO NORTHERLY ISLAND, IL US",2022-12-06,4.9,4.5,2.8
USC00111550,"CHICAGO NORTHERLY ISLAND, IL US",2022-12-07,5.2,5,5.1
USC00111550,"CHICAGO NORTHERLY ISLAND, IL US",2022-12-08,3.3,3.3,3.1
USC00111550,"CHICAGO NORTHERLY ISLAND, IL US",2022-12-09,2.7,2.3,1.2
USC00111550,"CHICAGO NORTHERLY ISLAND, IL US",2022-12-10,3.2,3.3,3.3
USC00111550,"CHICAGO NORTHERLY ISLAND, IL US",2022-12-11,3.5,3.6,3.8
USC00111550,"CHICAGO NORTHERLY ISLAND, IL US",2022-12-12,3.9,4,1.5
USC00111550,"CHICAGO NORTHERLY ISLAND, IL US",2022-12-13,2.4,2.6,0.6
USC00111550,"CHICAGO NORTHERLY ISLAND, IL US",2022-12-14,4.1,4.7,3.4
USC00111550,"CHICAGO NORTHERLY ISLAND, IL US",2022-12-15,2.1,2,3.7
USC00111550,"CHICAGO NORTHERLY ISLAND, IL US",2022-12-16,-1.3,-1.3,0.2
USC00111550,"CHICAGO NORTHERLY ISLAND, IL US",2022-12-17,-4.1,-4.2,-1.6
USC00111550,"CHICAGO NORTHERLY ISLAND, IL US",2022-12-18,-6.9,-7,-2.7
USC00111550,"CHICAGO NORTHERLY ISLAND, IL US",2022-12-19,-5.5,-6.1,-4
USC00111550,"CHICAGO NORTHERLY ISLAND, IL US",2022-12-20,-1.1,-2.3,-0.9
USC00111550,"CHICAGO NORTHERLY ISLAND, IL US",2022-12-21,-2.7,-3,-3.2
USC00111550,"CHICAGO NORTHERLY ISLAND, IL US",2022-12-22,-7.2,-6.3,-1.1
USC00111550,"CHICAGO NORTHERLY ISLAND, IL US",2022-12-23,-19.5,-19.9,-14
USC00111550,"CHICAGO NORTHERLY ISLAND, IL US",2022-12-24,-13.3,-13.8,-13.5
USC00111550,"CHICAGO NORTHERLY ISLAND, IL US",2022-12-25,-11.5,-12.3,-11.7
USC00111550,"CHICAGO NORTHERLY ISLAND, IL US",2022-12-26,-7.3,-8.2,-8
USC00111550,"CHICAGO NORTHERLY ISLAND, IL US",2022-12-27,-6.6,-7.1,-7.8
USC00111550,"CHICAGO NORTHERLY ISLAND, IL US",2022-12-28,3.4,2.5,-1.5
USC00111550,"CHICAGO NORTHERLY ISLAND, IL US",2022-12-29,11.1,10.6,4.8
USC00111550,"CHICAGO NORTHERLY ISLAND, IL US",2022-12-30,8.7,8.3,8.4
USC00111550,"CHICAGO NORTHERLY ISLAND, IL US",2022-12-31,0.6,1.3,3
USW00094846,"CHICAGO OHARE INTERNATIONAL AIRPORT, IL US",2022-01-01,0.3,0.3,1.1
USW00094846,"CHICAGO OHARE INTERNATIONAL AIRPORT, IL US",2022-01-02,-5.4,-5.6,-2.7
USW00094846,"CHICAGO OHARE INTERNATIONAL AIRPORT, IL US",2022-01-03,-8.3,-8.8,-8.7
USW00094846,"CHICAGO OHARE INTERNATIONAL AIRPORT, IL US",2022-01-04,-1.1,-2.9,-4.9
USW00094846,"CHICAGO OHARE INTERNATIONAL AIRPORT, IL US",2022-01-05,-3.7,-5.4,-4.5
USW00094846,"CHICAGO OHARE INTERNATIONAL AIRPORT, IL US",2022-01-06,-11.7,-11.7,-9.5
USW00094846,"CHICAGO OHARE INTERNATIONAL AIRPORT, IL US",2022-01-07,-12.8,-12.9,-10.7
USW00094846,"CHICAGO OHARE INTERNATIONAL AIRPORT, IL US",2022-01-08,-3.5,-4.8,-7.6
USW00094846,"CHICAGO OHARE INTERNATIONAL AIRPORT, IL US",2022-01-09,-4.3,-4.5,-4.2
USW00094846,"CHICAGO OHARE INTERNATIONAL AIRPORT, IL US",2022-01-10,-11.2,-10.9,-11.5
USW00094846,"CHICAGO OHARE INTERNATIONAL AIRPORT, IL US",2022-01-11,-4.8,-5.2,-13.2
USW00094846,"CHICAGO OHARE INTERNATIONAL AIRPORT, IL US",2022-01-12,2.8,0.5,-4
USW00094846,"CHICAGO OHARE INTERNATIONAL AIRPORT, IL US",2022-01-13,2,2.1,-0.9
USW00094846,"CHICAGO OHARE INTERNATIONAL AIRPORT, IL US",2022-01-14,0.1,-0.2,0
USW00094846,"CHICAGO OHARE INTERNATIONAL AIRPORT, IL US",2022-01-15,-5.4,-5.2,-3.4
USW00094846,"CHICAGO OHARE INTERNATIONAL AIRPORT, IL US",2022-01-16,-5.3,-6.1,-7.1
USW00094846,"CHICAGO OHARE INTERNATIONAL AIRPORT, IL US",2022-01-17,-3.4,-4.4,-4.4
USW00094846,"CHICAGO OHARE INTERNATIONAL AIRPORT, IL US",2022-01-18,1.5,1.1,-4.6
USW00094846,"CHICAGO OHARE INTERNATIONAL AIRPORT, IL US",2022-01-19,-2.1,-3.2,-3.5
USW00094846,"CHICAGO OHARE INTERNATIONAL AIRPORT, IL US",2022-01-20,-9.9,-10.1,-10.5
USW00094846,"CHICAGO OHARE INTERNATIONAL AIRPORT, IL US",2022-01-21,-7.9,-8.1,-9.6
USW00094846,"CHICAGO OHARE INTERNATIONAL AIRPORT, IL US",2022-01-22,-2.4,-3.8,-7.8
USW00094846,"CHICAGO OHARE INTERNATIONAL AIRPORT, IL US",2022-01-23,-9.1,-8.5,-5.8
USW00094846,"CHICAGO OHARE INTERNATIONAL AIRPORT, IL US",2022-01-24,-6.7,-7.4,-7.9
USW00094846,"CHICAGO OHARE INTERNATIONAL AIRPORT, IL US",2022-01-25,-13.6,-13.7,-12.5
USW00094846,"CHICAGO OHARE INTERNATIONAL AIRPORT, IL US",2022-01-26,-13.9,-13.8,-17.6
USW00094846,"CHICAGO OHARE INTERNATIONAL AIRPORT, IL US",2022-01-27,-3.9,-5.3,-10
USW00094846,"CHICAGO OHARE INTERNATIONAL AIRPORT, IL US",2022-01-28,-6.5,-6.7,-5.1
USW00094846,"CHICAGO OHARE INTERNATIONAL AIRPORT, IL US",2022-01-29,-8.8,-8.7,-9.3
USW00094846,"CHICAGO OHARE INTERNATIONAL AIRPORT, IL US",2022-01-30,-4.9,-5.5,-6.7
USW00094846,"CHICAGO OHARE INTERNATIONAL AIRPORT, IL US",2022-01-31,-1.1,-2,-3.9
USW00094846,"CHICAGO OHARE INTERNATIONAL AIRPORT, IL US",2022-02-01,4.7,3.1,-2.3
USW00094846,"CHICAGO OHARE INTERNATIONAL AIRPORT, IL US",2022-02-02,-3.1,-4,-3.3
USW00094846,"CHICAGO OHARE INTERNATIONAL AIRPORT, IL US",2022-02-03,-6.1,-6.6,-6
USW00094846,"CHICAGO OHARE INTERNATIONAL AIRPORT, IL US",2022-02-04,-7.4,-7.6,-7.3
USW00094846,"CHICAGO OHARE INTERNATIONAL AIRPORT, IL US",2022-02-05,-10.1,-10.4,-10.8
USW00094846,"CHICAGO OHARE INTERNATIONAL AIRPORT, IL US",2022-02-06,-2.7,-4.2,-6.9
USW00094846,"CHICAGO OHARE INTERNATIONAL AIRPORT, IL US",2022-02-07,-3.3,-4.1,-5.7
USW00094846,"CHICAGO OHARE INTERNATIONAL AIRPORT, IL US",2022-02-08,-0.8,-1.1,-7.5
USW00094846,"CHICAGO OHARE INTERNATIONAL AIRPORT, IL US",2022-02-09,3,2,-2.7
USW00094846,"CHICAGO OHARE INTERNATIONAL AIRPORT, IL US",2022-02-10,-0,0.3,-1.7
USW00094846,"CHICAGO OHARE INTERNATIONAL AIRPORT, IL US",2022-02-11,3.2,2.8,-1.2
USW00094846,"CHICAGO OHARE INTERNATIONAL AIRPORT, IL US",2022-02-12,-5.4,-6.3,-7.1
USW00094846,"CHICAGO OHARE INTERNATIONAL AIRPORT, IL US",2022-02-13,-8.3,-8.8,-11.5
USW00094846,"CHICAGO OHARE INTERNATIONAL AIRPORT, IL US",2022-02-14,-5.8,-6.3,-9.3
USW00094846,"CHICAGO OHARE INTERNATIONAL AIRPORT, IL US",2022-02-15,2.2,1.4,-4.6
USW00094846,"CHICAGO OHARE INTERNATIONAL AIRPORT, IL US",2022-02-16,9.7,7.3,-0.4
USW00094846,"CHICAGO OHARE INTERNATIONAL AIRPORT, IL US",2022-02-17,-0.4,-0.9,-0.4
USW00094846,"CHICAGO OHARE INTERNATIONAL AIRPORT, IL US",2022-02-18,-5.7,-6.4,-6.6
USW00094846,"CHICAGO OHARE INTERNATIONAL AIRPORT, IL US",2022-02-19,-7.3,-7.1,-7.3
USW00094846,"CHICAGO OHARE INTERNATIONAL AIRPORT, IL US",2022-02-20,1.8,1.1,-5
USW00094846,"CHICAGO OHARE INTERNATIONAL AIRPORT, IL US",2022-02-21,5.4,4.9,0
USW00094846,"CHICAGO OHARE INTERNATIONAL AIRPORT, IL US",2022-02-22,2.1,2.5,2.2
USW00094846,"CHICAGO OHARE INTERNATIONAL AIRPORT, IL US",2022-02-23,-6.6,-6.4,-5
USW00094846,"CHICAGO OHARE INTERNATIONAL AIRPORT, IL US",2022-02-24,-4,-4.5,-4.3
USW00094846,"CHICAGO OHARE INTERNATIONAL AIRPORT, IL US",2022-02-25,-3.3,-3.9,-3.5
USW00094846,"CHICAGO OHARE INTERNATIONAL AIRPORT, IL US",2022-02-26,-4.4,-4.6,-5.2
USW00094846,"CHICAGO OHARE INTERNATIONAL AIRPORT, IL US",2022-02-27,2.4,1.1,-2.8
USW00094846,"CHICAGO OHARE INTERNATIONAL AIRPORT, IL US",2022-02-28,6,5.3,-0.5
USW00094846,"CHICAGO OHARE INTERNATIONAL AIRPORT, IL US",2022-03-01,8.3,6.5,1.4
USW00094846,"CHICAGO OHARE INTERNATIONAL AIRPORT, IL US",2022-03-02,9,8.3,1.6
USW00094846,"CHICAGO OHARE INTERNATIONAL AIRPORT, IL US",2022-03-03,0.5,0.2,-0.2
USW00094846,"CHICAGO OHARE INTERNATIONAL AIRPORT, IL US",2022-03-04,2.2,1.6,-0.1
USW00094846,"CHICAGO OHARE INTERNATIONAL AIRPORT, IL US",2022-03-05,14,12.6,5.1
USW00094846,"CHICAGO OHARE INTERNATIONAL AIRPORT, IL US",2022-03-06,9.8,8.3,9.4
USW00094846,"CHICAGO OHARE INTERNATIONAL AIRPORT, IL US",2022-03-07,0.9,1,1.6
USW00094846,"CHICAGO OHARE INTERNATIONAL AIRPORT, IL US",2022-03-08,1.3,0.9,-2.2
USW00094846,"CHICAGO OHARE INTERNATIONAL AIRPORT, IL US",2022-03-09,2,1.8,-1.1
USW00094846,"CHICAGO OHARE INTERNATIONAL AIRPORT, IL US",2022-03-10,-2.5,-2.6,-2.6
USW00094846,"CHICAGO OHARE INTERNATIONAL AIRPORT, IL US",2022-03-11,-3.8,-3.4,-2.3
USW00094846,"CHICAGO OHARE INTERNATIONAL AIRPORT, IL US",2022-03-12,-7.5,-7.4,-8
USW00094846,"CHICAGO OHARE INTERNATIONAL AIRPORT, IL US",2022-03-13,4.1,3.3,-2.3
USW00094846,"CHICAGO OHARE INTERNATIONAL AIRPORT, IL US",2022-03-14,11.5,10.5,3.9
USW00094846,"CHICAGO OHARE INTERNATIONAL AIRPORT, IL US",2022-03-15,8.3,7.6,7
USW00094846,"CHICAGO OHARE INTERNATIONAL AIRPORT, IL US",2022-03-16,13.7,12.9,10.9
USW00094846,"CHICAGO OHARE INTERNATIONAL AIRPORT, IL US",2022-03-17,17.1,15.4,13.5
USW00094846,"CHICAGO OHARE INTERNATIONAL AIRPORT, IL US",2022-03-18,6.8,6.7,9.2
USW00094846,"CHICAGO OHARE INTERNATIONAL AIRPORT, IL US",2022-03-19,4.8,4.6,5
USW00094846,"CHICAGO OHARE INTERNATIONAL AIRPORT, IL US",2022-03-20,10.9,9.8,5.7
USW00094846,"CHICAGO OHARE INTERNATIONAL AIRPORT, IL US",2022-03-21,16.3,15.3,11.4
USW00094846,"CHICAGO OHARE INTERNATIONAL AIRPORT, IL US",2022-03-22,10.9,10.5,9.9
USW00094846,"CHICAGO OHARE INTERNATIONAL AIRPORT, IL US",2022-03-23,11.8,10.9,9
USW00094846,"CHICAGO OHARE INTERNATIONAL AIRPORT, IL US",2022-03-24,6.3,5.7,8.2
USW00094846,"CHICAGO OHARE INTERNATIONAL AIRPORT, IL US",2022-03-25,5.7,5.9,5.8
USW00094846,"CHICAGO OHARE INTERNATIONAL AIRPORT, IL US",2022-03-26,-0.2,-0.5,1
USW00094846,"CHICAGO OHARE INTERNATIONAL AIRPORT, IL US",2022-03-27,-0.8,-1.1,-2.8
USW00094846,"CHICAGO OHARE INTERNATIONAL AIRPORT, IL US",2022-03-28,-1.1,-1.4,-3.1
USW00094846,"CHICAGO OHARE INTERNATIONAL AIRPORT, IL US",2022-03-29,3.4,3,-1
USW00094846,"CHICAGO OHARE INTERNATIONAL AIRPORT, IL US",2022-03-30,12.1,10.9,6.3
USW00094846,"CHICAGO OHARE INTERNATIONAL AIRPORT, IL US",2022-03-31,5.6,4.8,8
USW00094846,"CHICAGO OHARE INTERNATIONAL AIRPORT, IL US",2022-04-01,4.5,3.8,1.6
USW00094846,"CHICAGO OHARE INTERNATIONAL AIRPORT, IL US",2022-04-02,3.6,3.1,3.2
USW00094846,"CHICAGO OHARE INTERNATIONAL AIRPORT, IL US",2022-04-03,6.3,5.5,4.1
USW00094846,"CHICAGO OHARE INTERNATIONAL AIRPORT, IL US",2022-04-04,8.5,7.8,8
USW00094846,"CHICAGO OHARE INTERNATIONAL AIRPORT, IL US",2022-04-05,8.4,8,9.8
USW00094846,"CHICAGO OHARE INTERNATIONAL AIRPORT, IL US",2022-04-06,10.5,10.2,11.2
USW00094846,"CHICAGO OHARE INTERNATIONAL AIRPORT, IL US",2022-04-07,5.4,5.7,6.7
USW00094846,"CHICAGO OHARE INTERNATIONAL AIRPORT, IL US",2022-04-08,3.3,3.6,4.2
USW00094846,"CHICAGO OHARE INTERNATIONAL AIRPORT, IL US",2022-04-09,7.4,5.6,2.8
USW00094846,"CHICAGO OHARE INTERNATIONAL AIRPORT, IL US",2022-04-10,10.8,9.9,5.7
USW00094846,"CHICAGO OHARE INTERNATIONAL AIRPORT, IL US",2022-04-11,13,11.7,11
USW00094846,"CHICAGO OHARE INTERNATIONAL AIRPORT, IL US",2022-04-12,14.2,13.5,12.2
USW00094846,"CHICAGO OHARE INTERNATIONAL AIRPORT, IL US",2022-04-13,15,14.5,17.5
USW00094846,"CHICAGO OHARE INTERNATIONAL AIRPORT, IL US",2022-04-14,7.1,7.2,8.8
USW00094846,"CHICAGO OHARE INTERNATIONAL AIRPORT, IL US",2022-04-15,8.8,8.5,5.1
USW00094846,"CHICAGO OHARE INTERNATIONAL AIRPORT, IL US",2022-04-16,5.7,5.4,3.3
USW00094846,"CHICAGO OHARE INTERNATIONAL AIRPORT, IL US",2022-04-17,3.1,2.8,2.8
USW00094846,"CHICAGO OHARE INTERNATIONAL AIRPORT, IL US",2022-04-18,3.3,3.2,4
USW00094846,"CHICAGO OHARE INTERNATIONAL AIRPORT, IL US",2022-04-19,7.3,6.6,4
USW00094846,"CHICAGO OHARE INTERNATIONAL AIRPORT, IL US",2022-04-20,8.7,8.4,6.4
USW00094846,"CHICAGO OHARE INTERNATIONAL AIRPORT, IL US",2022-04-21,16.1,15.4,11.5
USW00094846,"CHICAGO OHARE INTERNATIONAL AIRPORT, IL US",2022-04-22,10.2,11.7,10.2
USW00094846,"CHICAGO OHARE INTERNATIONAL AIRPORT, IL US",2022-04-23,21.7,21.1,15.7
USW00094846,"CHICAGO OHARE INTERNATIONAL AIRPORT, IL US",2022-04-24,18.6,18.8,19.5
USW00094846,"CHICAGO OHARE INTERNATIONAL AIRPORT, IL US",2022-04-25,9.4,10,12
USW00094846,"CHICAGO OHARE INTERNATIONAL AIRPORT, IL US",2022-04-26,6.9,7.4,5.9
USW00094846,"CHICAGO OHARE INTERNATIONAL AIRPORT, IL US",2022-04-27,3.3,3.4,4
USW00094846,"CHICAGO OHARE INTERNATIONAL AIRPORT, IL US",2022-04-28,7.4,6.9,6.1
USW00094846,"CHICAGO OHARE INTERNATIONAL AIRPORT, IL US",2022-04-29,14.7,13.6,11.4
USW00094846,"CHICAGO OHARE INTERNATIONAL AIRPORT, IL US",2022-04-30,16.7,15.9,13.7
USW00094846,"CHICAGO OHARE INTERNATIONAL AIRPORT, IL US",2022-05-01,11.8,11.9,13.7
USW00094846,"CHICAGO OHARE INTERNATIONAL AIRPORT, IL US",2022-05-02,10.9,10.7,11.6
USW00094846,"CHICAGO OHARE INTERNATIONAL AIRPORT, IL US",2022-05-03,8.7,8.5,10.4
USW00094846,"CHICAGO OHARE INTERNATIONAL AIRPORT, IL US",2022-05-04,9.6,9.3,7.9
USW00094846,"CHICAGO OHARE INTERNATIONAL AIRPORT, IL US",2022-05-05,9.3,9.1,9.5
USW00094846,"CHICAGO OHARE INTERNATIONAL AIRPORT, IL US",2022-05-06,10.4,10.4,10.3
USW00094846,"CHICAGO OHARE INTERNATIONAL AIRPORT, IL US",2022-05-07,13.2,12.8,10.4
USW00094846,"CHICAGO OHARE INTERNATIONAL AIRPORT, IL US",2022-05-08,13.5,13.3,11.9
USW00094846,"CHICAGO OHARE INTERNATIONAL AIRPORT, IL US",2022-05-09,22.4,21.2,15.8
USW00094846,"CHICAGO OHARE INTERNATIONAL AIRPORT, IL US",2022-05-10,27.3,26.1,22.5
USW00094846,"CHICAGO OHARE INTERNATIONAL AIRPORT, IL US",2022-05-11,28.7,27.5,27.3
USW00094846,"CHICAGO OHARE INTERNATIONAL AIRPORT, IL US",2022-05-12,29.1,27.9,25
USW00094846,"CHICAGO OHARE INTERNATIONAL AIRPORT, IL US",2022-05-13,27.1,26.6,21.9
USW00094846,"CHICAGO OHARE INTERNATIONAL AIRPORT, IL US",2022-05-14,25.8,24.7,22.7
USW00094846,"CHICAGO OHARE INTERNATIONAL AIRPORT, IL US",2022-05-15,20.5,20.9,20.8
USW00094846,"CHICAGO OHARE INTERNATIONAL AIRPORT, IL US",2022-05-16,20.3,20.3,16.4
USW00094846,"CHICAGO OHARE INTERNATIONAL AIRPORT, IL US",2022-05-17,16.3,15.8,15.1
USW00094846,"CHICAGO OHARE INTERNATIONAL AIRPORT, IL US",2022-05-18,13.8,14,13
USW00094846,"CHICAGO OHARE INTERNATIONAL AIRPORT, IL US",2022-05-19,22.8,22.2,18
USW00094846,"CHICAGO OHARE INTERNATIONAL AIRPORT, IL US",2022-05-20,23.9,23.6,23.1
USW00094846,"CHICAGO OHARE INTERNATIONAL AIRPORT, IL US",2022-05-21,14.9,15.1,17.2
USW00094846,"CHICAGO OHARE INTERNATIONAL AIRPORT, IL US",2022-05-22,14.4,14.1,12.9
USW00094846,"CHICAGO OHARE INTERNATIONAL AIRPORT, IL US",2022-05-23,12.6,12.6,11.4
USW00094846,"CHICAGO OHARE INTERNATIONAL AIRPORT, IL US",2022-05-24,15.2,14.6,12
USW00094846,"CHICAGO OHARE INTERNATIONAL AIRPORT, IL US",2022-05-25,20.6,20,15.2
USW00094846,"CHICAGO OHARE INTERNATIONAL AIRPORT, IL US",2022-05-26,22.2,21.1,23
USW00094846,"CHICAGO OHARE INTERNATIONAL AIRPORT, IL US",2022-05-27,15,14.7,18.9
USW00094846,"CHICAGO OHARE INTERNATIONAL AIRPORT, IL US",2022-05-28,17.8,17.5,16
USW00094846,"CHICAGO OHARE INTERNATIONAL AIRPORT, IL US",2022-05-29,24.6,23.7,20.1
USW00094846,"CHICAGO OHARE INTERNATIONAL AIRPORT, IL US",2022-05-30,27.5,27.2,24.1
USW00094846,"CHICAGO OHARE INTERNATIONAL AIRPORT, IL US",2022-05-31,27.4,27.1,25.2
USW00094846,"CHICAGO OHARE INTERNATIONAL AIRPORT, IL US",2022-06-01,20,21,23.8
USW00094846,"CHICAGO OHARE INTERNATIONAL AIRPORT, IL US",2022-06-02,20.8,20.2,18.4
USW00094846,"CHICAGO OHARE INTERNATIONAL AIRPORT, IL US",2022-06-03,22.2,21.6,18.9
USW00094846,"CHICAGO OHARE INTERNATIONAL AIRPORT, IL US",2022-06-04,18,16.8,15.4
USW00094846,"CHICAGO OHARE INTERNATIONAL AIRPORT, IL US",2022-06-05,20.8,20.4,15.6
USW00094846,"CHICAGO OHARE INTERNATIONAL AIRPORT, IL US",2022-06-06,20.3,20.4,20.7
USW00094846,"CHICAGO OHARE INTERNATIONAL AIRPORT, IL US",2022-06-07,18.7,18.2,18.6
USW00094846,"CHICAGO OHARE INTERNATIONAL AIRPORT, IL US",2022-06-08,17.7,17.4,16
USW00094846,"CHICAGO OHARE INTERNATIONAL AIRPORT, IL US",2022-06-09,20.1,19.8,16.8
USW00094846,"CHICAGO OHARE INTERNATIONAL AIRPORT, IL US",2022-06-10,21.2,20.7,18.7
USW00094846,"CHICAGO OHARE INTERNATIONAL AIRPORT, IL US",2022-06-11,19.7,19.7,18.8
USW00094846,"CHICAGO OHARE INTERNATIONAL AIRPORT, IL US",2022-06-12,18.5,18.7,22.1
USW00094846,"CHICAGO OHARE INTERNATIONAL AIRPORT, IL US",2022-06-13,24.7,23.8,22.5
USW00094846,"CHICAGO OHARE INTERNATIONAL AIRPORT, IL US",2022-06-14,29.5,29.4,28.8
USW00094846,"CHICAGO OHARE INTERNATIONAL AIRPORT, IL US",2022-06-15,31.2,31.6,29.1
USW00094846,"CHICAGO OHARE INTERNATIONAL AIRPORT, IL US",2022-06-16,29.6,29.2,28
USW00094846,"CHICAGO OHARE INTERNATIONAL AIRPORT, IL US",2022-06-17,24.5,24.7,23.5
USW00094846,"CHICAGO OHARE INTERNATIONAL AIRPORT, IL US",2022-06-18,18.5,18.9,19.6
USW00094846,"CHICAGO OHARE INTERNATIONAL AIRPORT, IL US",2022-06-19,22.2,21.7,17.2
USW00094846,"CHICAGO OHARE INTERNATIONAL AIRPORT, IL US",2022-06-20,28.2,27.4,22.2
USW00094846,"CHICAGO OHARE INTERNATIONAL AIRPORT, IL US",2022-06-21,31.5,30.6,25.5
USW00094846,"CHICAGO OHARE INTERNATIONAL AIRPORT, IL US",2022-06-22,28,27.7,27.1
USW00094846,"CHICAGO OHARE INTERNATIONAL AIRPORT, IL US",2022-06-23,25,24.3,23.8
USW00094846,"CHICAGO OHARE INTERNATIONAL AIRPORT, IL US",2022-06-24,27.4,26.1,23.1
USW00094846,"CHICAGO OHARE INTERNATIONAL AIRPORT, IL US",2022-06-25,22.8,22.4,22.7
USW00094846,"CHICAGO OHARE INTERNATIONAL AIRPORT, IL US",2022-06-26,23.4,23.3,23.9
USW00094846,"CHICAGO OHARE INTERNATIONAL AIRPORT, IL US",2022-06-27,22.3,21.4,18.4
USW00094846,"CHICAGO OHARE INTERNATIONAL AIRPORT, IL US",2022-06-28,24.5,23.7,19.7
USW00094846,"CHICAGO OHARE INTERNATIONAL AIRPORT, IL US",2022-06-29,26.3,25.6,22.1
USW00094846,"CHICAGO OHARE INTERNATIONAL AIRPORT, IL US",2022-06-30,29.2,28.4,24.2
USW00094846,"CHICAGO OHARE INTERNATIONAL AIRPORT, IL US",2022-07-01,24.5,24.7,24.6
USW00094846,"CHICAGO OHARE INTERNATIONAL AIRPORT, IL US",2022-07-02,25.8,24.2,23.3
USW00094846,"CHICAGO OHARE INTERNATIONAL AIRPORT, IL US",2022-07-03,26.7,25.3,23.2
USW00094846,"CHICAGO OHARE INTERNATIONAL AIRPORT, IL US",2022-07-04,26.7,25.8,23.5
USW00094846,"CHICAGO OHARE INTERNATIONAL AIRPORT, IL US",2022-07-05,29,28.3,28.3
USW00094846,"CHICAGO OHARE INTERNATIONAL AIRPORT, IL US",2022-07-06,24.1,23.9,26.7
USW00094846,"CHICAGO OHARE INTERNATIONAL AIRPORT, IL US",2022-07-07,26.1,25.2,23.6
USW00094846,"CHICAGO OHARE INTERNATIONAL AIRPORT, IL US",2022-07-08,22.8,23.1,24.5
USW00094846,"CHICAGO OHARE INTERNATIONAL AIRPORT, IL US",2022-07-09,21.6,22.1,22
USW00094846,"CHICAGO OHARE INTERNATIONAL AIRPORT, IL US",2022-07-10,24.1,23.2,20.6
USW00094846,"CHICAGO OHARE INTERNATIONAL AIRPORT, IL US",2022-07-11,26.4,26,23.7
USW00094846,"CHICAGO OHARE INTERNATIONAL AIRPORT, IL US",2022-07-12,26.1,25.7,24
USW00094846,"CHICAGO OHARE INTERNATIONAL AIRPORT, IL US",2022-07-13,23.2,24,23.4
USW00094846,"CHICAGO OHARE INTERNATIONAL AIRPORT, IL US",2022-07-14,22.5,22.1,21
USW00094846,"CHICAGO OHARE INTERNATIONAL AIRPORT, IL US",2022-07-15,20.9,20.6,20.2
USW00094846,"CHICAGO OHARE INTERNATIONAL AIRPORT, IL US",2022-07-16,22.1,22.5,23.1
USW00094846,"CHICAGO OHARE INTERNATIONAL AIRPORT, IL US",2022-07-17,23.3,23.2,24.6
USW00094846,"CHICAGO OHARE INTERNATIONAL AIRPORT, IL US",2022-07-18,27.1,26.4,24.6
USW00094846,"CHICAGO OHARE INTERNATIONAL AIRPORT, IL US",2022-07-19,28.1,27.1,26.3
USW00094846,"CHICAGO OHARE INTERNATIONAL AIRPORT, IL US",2022-07-20,28.2,27.6,26.5
USW00094846,"CHICAGO OHARE INTERNATIONAL AIRPORT, IL US",2022-07-21,28.3,28,25.6
USW00094846,"CHICAGO OHARE INTERNATIONAL AIRPORT, IL US",2022-07-22,28,27.2,25.2
USW00094846,"CHICAGO OHARE INTERNATIONAL AIRPORT, IL US",2022-07-23,26.1,26,26
USW00094846,"CHICAGO OHARE INTERNATIONAL AIRPORT, IL US",2022-07-24,26.7,26.7,27.2
USW00094846,"CHICAGO OHARE INTERNATIONAL AIRPORT, IL US",2022-07-25,21.8,22.2,22.2
USW00094846,"CHICAGO OHARE INTERNATIONAL AIRPORT, IL US",2022-07-26,23.9,23.1,22.3
USW00094846,"CHICAGO OHARE INTERNATIONAL AIRPORT, IL US",2022-07-27,25.5,25.1,24.3
USW00094846,"CHICAGO OHARE INTERNATIONAL AIRPORT, IL US",2022-07-28,23.8,23.9,22.6
USW00094846,"CHICAGO OHARE INTERNATIONAL AIRPORT, IL US",2022-07-29,23.1,22.5,20
USW00094846,"CHICAGO OHARE INTERNATIONAL AIRPORT, IL US",2022-07-30,23.9,23.3,21.6
USW00094846,"CHICAGO OHARE INTERNATIONAL AIRPORT, IL US",2022-07-31,25.3,24.4,23
USW00094846,"CHICAGO OHARE INTERNATIONAL AIRPORT, IL US",2022-08-01,26.6,26.3,24.6
USW00094846,"CHICAGO OHARE INTERNATIONAL AIRPORT, IL US",2022-08-02,27.4,26.3,24.4
USW00094846,"CHICAGO OHARE INTERNATIONAL AIRPORT, IL US",2022-08-03,29.3,28.2,27
USW00094846,"CHICAGO OHARE INTERNATIONAL AIRPORT, IL US",2022-08-04,25.3,25.7,27.3
USW00094846,"CHICAGO OHARE INTERNATIONAL AIRPORT, IL US",2022-08-05,26.5,25.7,26.2
USW00094846,"CHICAGO OHARE INTERNATIONAL AIRPORT, IL US",2022-08-06,30.4,29.1,27.1
USW00094846,"CHICAGO OHARE INTERNATIONAL AIRPORT, IL US",2022-08-07,26.6,26,27.7
USW00094846,"CHICAGO OHARE INTERNATIONAL AIRPORT, IL US",2022-08-08,23.7,24.2,26.8
USW00094846,"CHICAGO OHARE INTERNATIONAL AIRPORT, IL US",2022-08-09,21.5,21.4,21.9
USW00094846,"CHICAGO OHARE INTERNATIONAL AIRPORT, IL US",2022-08-10,24,23.1,20.2
USW00094846,"CHICAGO OHARE INTERNATIONAL AIRPORT, IL US",2022-08-11,22.2,22.3,21.9
USW00094846,"CHICAGO OHARE INTERNATIONAL AIRPORT, IL US",2022-08-12,20.8,20.8,19.9
USW00094846,"CHICAGO OHARE INTERNATIONAL AIRPORT, IL US",2022-08-13,23.5,22.3,20.8
USW00094846,"CHICAGO OHARE INTERNATIONAL AIRPORT, IL US",2022-08-14,22.6,22.4,21.2
USW00094846,"CHICAGO OHARE INTERNATIONAL AIRPORT, IL US",2022-08-15,23.3,22.8,20.6
USW00094846,"CHICAGO OHARE INTERNATIONAL AIRPORT, IL US",2022-08-16,23.1,22.9,20.8
USW00094846,"CHICAGO OHARE INTERNATIONAL AIRPORT, IL US",2022-08-17,23.4,22.9,21
USW00094846,"CHICAGO OHARE INTERNATIONAL AIRPORT, IL US",2022-08-18,23.9,23.1,21.3
USW00094846,"CHICAGO OHARE INTERNATIONAL AIRPORT, IL US",2022-08-19,26.1,24.8,22.2
USW00094846,"CHICAGO OHARE INTERNATIONAL AIRPORT, IL US",2022-08-20,22.4,22.2,23
USW00094846,"CHICAGO OHARE INTERNATIONAL AIRPORT, IL US",2022-08-21,23.3,22.9,22.8
USW00094846,"CHICAGO OHARE INTERNATIONAL AIRPORT, IL US",2022-08-22,24.8,23.2,22.2
USW00094846,"CHICAGO OHARE INTERNATIONAL AIRPORT, IL US",2022-08-23,24.8,24,21.2
USW00094846,"CHICAGO OHARE INTERNATIONAL AIRPORT, IL US",2022-08-24,25.5,24.3,21.9
USW00094846,"CHICAGO OHARE INTERNATIONAL AIRPORT, IL US",2022-08-25,23.9,23.5,21.6
USW00094846,"CHICAGO OHARE INTERNATIONAL AIRPORT, IL US",2022-08-26,22.3,22.2,22.9
USW00094846,"CHICAGO OHARE INTERNATIONAL AIRPORT, IL US",2022-08-27,23.1,22.1,20.7
USW00094846,"CHICAGO OHARE INTERNATIONAL AIRPORT, IL US",2022-08-28,27.1,26.3,23.8
USW00094846,"CHICAGO OHARE INTERNATIONAL AIRPORT, IL US",2022-08-29,26.1,25.6,26.6
USW00094846,"CHICAGO OHARE INTERNATIONAL AIRPORT, IL US",2022-08-30,23.4,23.1,23
USW00094846,"CHICAGO OHARE INTERNATIONAL AIRPORT, IL US",2022-08-31,24.4,23.9,20.6
USW00094846,"CHICAGO OHARE INTERNATIONAL AIRPORT, IL US",2022-09-01,26.5,25.8,23.4
USW00094846,"CHICAGO OHARE INTERNATIONAL AIRPORT, IL US",2022-09-02,26.5,25.7,23.7
USW00094846,"CHICAGO OHARE INTERNATIONAL AIRPORT, IL US",2022-09-03,26.7,26.1,23.7
USW00094846,"CHICAGO OHARE INTERNATIONAL AIRPORT, IL US",2022-09-04,21.5,21.3,22.6
USW00094846,"CHICAGO OHARE INTERNATIONAL AIRPORT, IL US",2022-09-05,19.8,20.7,21.6
USW00094846,"CHICAGO OHARE INTERNATIONAL AIRPORT, IL US",2022-09-06,23.2,23.1,21.2
USW00094846,"CHICAGO OHARE INTERNATIONAL AIRPORT, IL US",2022-09-07,23.3,22.9,20.9
USW00094846,"CHICAGO OHARE INTERNATIONAL AIRPORT, IL US",2022-09-08,24.1,23.1,21.5
USW00094846,"CHICAGO OHARE INTERNATIONAL AIRPORT, IL US",2022-09-09,24.1,23.3,21
USW00094846,"CHICAGO OHARE INTERNATIONAL AIRPORT, IL US",2022-09-10,24.3,23.6,23.2
USW00094846,"CHICAGO OHARE INTERNATIONAL AIRPORT, IL US",2022-09-11,18.8,18.8,21.1
USW00094846,"CHICAGO OHARE INTERNATIONAL AIRPORT, IL US",2022-09-12,16.6,16.2,14.1
USW00094846,"CHICAGO OHARE INTERNATIONAL AIRPORT, IL US",2022-09-13,21.7,20.6,18
USW00094846,"CHICAGO OHARE INTERNATIONAL AIRPORT, IL US",2022-09-14,21.5,20.6,20.2
USW00094846,"CHICAGO OHARE INTERNATIONAL AIRPORT, IL US",2022-09-15,22.6,22,20.6
USW00094846,"CHICAGO OHARE INTERNATIONAL AIRPORT, IL US",2022-09-16,23.6,23.3,21.6
USW00094846,"CHICAGO OHARE INTERNATIONAL AIRPORT, IL US",2022-09-17,25.7,25.2,21.8
USW00094846,"CHICAGO OHARE INTERNATIONAL AIRPORT, IL US",2022-09-18,25.5,25.6,23.5
USW00094846,"CHICAGO OHARE INTERNATIONAL AIRPORT, IL US",2022-09-19,22.3,22.2,24.4
USW00094846,"CHICAGO OHARE INTERNATIONAL AIRPORT, IL US",2022-09-20,25,25,21.7
USW00094846,"CHICAGO OHARE INTERNATIONAL AIRPORT, IL US",2022-09-21,24,24.3,24.7
USW00094846,"CHICAGO OHARE INTERNATIONAL AIRPORT, IL US",2022-09-22,14.7,15.2,15.9
USW00094846,"CHICAGO OHARE INTERNATIONAL AIRPORT, IL US",2022-09-23,14.7,14,12.4
USW00094846,"CHICAGO OHARE INTERNATIONAL AIRPORT, IL US",2022-09-24,17.5,16.9,14.2
USW00094846,"CHICAGO OHARE INTERNATIONAL AIRPORT, IL US",2022-09-25,17.2,16.7,17.1
USW00094846,"CHICAGO OHARE INTERNATIONAL AIRPORT, IL US",2022-09-26,15,14.5,13.9
USW00094846,"CHICAGO OHARE INTERNATIONAL AIRPORT, IL US",2022-09-27,12.8,12.4,11
USW00094846,"CHICAGO OHARE INTERNATIONAL AIRPORT, IL US",2022-09-28,12.6,12.2,11.5
USW00094846,"CHICAGO OHARE INTERNATIONAL AIRPORT, IL US",2022-09-29,13.4,12.6,11.3
USW00094846,"CHICAGO OHARE INTERNATIONAL AIRPORT, IL US",2022-09-30,15,13.8,12.5
USW00094846,"CHICAGO OHARE INTERNATIONAL AIRPORT, IL US",2022-10-01,16.1,15.3,13.8
USW00094846,"CHICAGO OHARE INTERNATIONAL AIRPORT, IL US",2022-10-02,15.3,15.5,14.8
USW00094846,"CHICAGO OHARE INTERNATIONAL AIRPORT, IL US",2022-10-03,15.6,14.7,13.3
USW00094846,"CHICAGO OHARE INTERNATIONAL AIRPORT, IL US",2022-10-04,17,16.3,14.3
USW00094846,"CHICAGO OHARE INTERNATIONAL AIRPORT, IL US",2022-10-05,18.3,17.8,15.7
USW00094846,"CHICAGO OHARE INTERNATIONAL AIRPORT, IL US",2022-10-06,19,18.2,17.3
USW00094846,"CHICAGO OHARE INTERNATIONAL AIRPORT, IL US",2022-10-07,10.2,9.9,11.5
USW00094846,"CHICAGO OHARE INTERNATIONAL AIRPORT, IL US",2022-10-08,10,9.4,7.1
USW00094846,"CHICAGO OHARE INTERNATIONAL AIRPORT, IL US",2022-10-09,14.7,14.1,9.1
USW00094846,"CHICAGO OHARE INTERNATIONAL AIRPORT, IL US",2022-10-10,16.9,15.9,13.9
USW00094846,"CHICAGO OHARE INTERNATIONAL AIRPORT, IL US",2022-10-11,16.4,16,15.3
USW00094846,"CHICAGO OHARE INTERNATIONAL AIRPORT, IL US",2022-10-12,14.8,14.8,17.4
USW00094846,"CHICAGO OHARE INTERNATIONAL AIRPORT, IL US",2022-10-13,9.1,9.7,10
USW00094846,"CHICAGO OHARE INTERNATIONAL AIRPORT, IL US",2022-10-14,10.6,10.3,7.7
USW00094846,"CHICAGO OHARE INTERNATIONAL AIRPORT, IL US",2022-10-15,7.8,7.8,7.6
USW00094846,"CHICAGO OHARE INTERNATIONAL AIRPORT, IL US",2022-10-16,9.1,8.7,8.2
USW00094846,"CHICAGO OHARE INTERNATIONAL AIRPORT, IL US",2022-10-17,4.6,4.5,5.3
USW00094846,"CHICAGO OHARE INTERNATIONAL AIRPORT, IL US",2022-10-18,6.4,5.9,4.3
USW00094846,"CHICAGO OHARE INTERNATIONAL AIRPORT, IL US",2022-10-19,5.6,5.5,4.3
USW00094846,"CHICAGO OHARE INTERNATIONAL AIRPORT, IL US",2022-10-20,10.4,9.9,5.1
USW00094846,"CHICAGO OHARE INTERNATIONAL AIRPORT, IL US",2022-10-21,17.2,16,9.8
USW00094846,"CHICAGO OHARE INTERNATIONAL AIRPORT, IL US",2022-10-22,21.1,19.9,15.1
USW00094846,"CHICAGO OHARE INTERNATIONAL AIRPORT, IL US",2022-10-23,22.4,21.5,17.5
USW00094846,"CHICAGO OHARE INTERNATIONAL AIRPORT, IL US",2022-10-24,21.6,21.1,19.5
USW00094846,"CHICAGO OHARE INTERNATIONAL AIRPORT, IL US",2022-10-25,15.9,15.4,16.7
USW00094846,"CHICAGO OHARE INTERNATIONAL AIRPORT, IL US",2022-10-26,9.1,9.2,10.6
USW00094846,"CHICAGO OHARE INTERNATIONAL AIRPORT, IL US",2022-10-27,8.5,7.9,7.2
USW00094846,"CHICAGO OHARE INTERNATIONAL AIRPORT, IL US",2022-10-28,12.4,10.9,8.5
USW00094846,"CHICAGO OHARE INTERNATIONAL AIRPORT, IL US",2022-10-29,13.3,12.4,9.8
USW00094846,"CHICAGO OHARE INTERNATIONAL AIRPORT, IL US",2022-10-30,13.9,12.8,11.7
USW00094846,"CHICAGO OHARE INTERNATIONAL AIRPORT, IL US",2022-10-31,12.4,12,12.3
USW00094846,"CHICAGO OHARE INTERNATIONAL AIRPORT, IL US",2022-11-01,15,14.8,12.5
USW00094846,"CHICAGO OHARE INTERNATIONAL AIRPORT, IL US",2022-11-02,15.9,15.8,12.6
USW00094846,"CHICAGO OHARE INTERNATIONAL AIRPORT, IL US",2022-11-03,18.2,17.3,13.5
USW00094846,"CHICAGO OHARE INTERNATIONAL AIRPORT, IL US",2022-11-04,19.8,18.9,13.6
USW00094846,"CHICAGO OHARE INTERNATIONAL AIRPORT, IL US",2022-11-05,15.3,15.7,15.2
USW00094846,"CHICAGO OHARE INTERNATIONAL AIRPORT, IL US",2022-11-06,12.6,12.6,9.3
USW00094846,"CHICAGO OHARE INTERNATIONAL AIRPORT, IL US",2022-11-07,8.9,9.2,7.1
USW00094846,"CHICAGO OHARE INTERNATIONAL AIRPORT, IL US",2022-11-08,10,9.2,6.3
USW00094846,"CHICAGO OHARE INTERNATIONAL AIRPORT, IL US",2022-11-09,16.1,15.3,9.6
USW00094846,"CHICAGO OHARE INTERNATIONAL AIRPORT, IL US",2022-11-10,20.9,19.8,15.1
USW00094846,"CHICAGO OHARE INTERNATIONAL AIRPORT, IL US",2022-11-11,9.8,8.7,11
USW00094846,"CHICAGO OHARE INTERNATIONAL AIRPORT, IL US",2022-11-12,1.3,1.3,1.3
USW00094846,"CHICAGO OHARE INTERNATIONAL AIRPORT, IL US",2022-11-13,1.2,0.6,1.4
USW00094846,"CHICAGO OHARE INTERNATIONAL AIRPORT, IL US",2022-11-14,2.3,1.6,1
USW00094846,"CHICAGO OHARE INTERNATIONAL AIRPORT, IL US",2022-11-15,2.2,1,2
USW00094846,"CHICAGO OHARE INTERNATIONAL AIRPORT, IL US",2022-11-16,1.5,1,2.2
USW00094846,"CHICAGO OHARE INTERNATIONAL AIRPORT, IL US",2022-11-17,-0.3,-0.3,0.1
USW00094846,"CHICAGO OHARE INTERNATIONAL AIRPORT, IL US",2022-11-18,-3,-3.3,-2
USW00094846,"CHICAGO OHARE INTERNATIONAL AIRPORT, IL US",2022-11-19,-5.1,-5,-4.4
USW00094846,"CHICAGO OHARE INTERNATIONAL AIRPORT, IL US",2022-11-20,-3.5,-4,-5.9
USW00094846,"CHICAGO OHARE INTERNATIONAL AIRPORT, IL US",2022-11-21,4.6,2.5,-1.6
USW00094846,"CHICAGO OHARE INTERNATIONAL AIRPORT, IL US",2022-11-22,5.5,4.6,0.7
USW00094846,"CHICAGO OHARE INTERNATIONAL AIRPORT, IL US",2022-11-23,9.2,8.1,1.8
USW00094846,"CHICAGO OHARE INTERNATIONAL AIRPORT, IL US",2022-11-24,8.1,7.1,3.7
USW00094846,"CHICAGO OHARE INTERNATIONAL AIRPORT, IL US",2022-11-25,7,6.6,6
USW00094846,"CHICAGO OHARE INTERNATIONAL AIRPORT, IL US",2022-11-26,8.5,7.8,3.6
USW00094846,"CHICAGO OHARE INTERNATIONAL AIRPORT, IL US",2022-11-27,5.7,5.2,4.2
USW00094846,"CHICAGO OHARE INTERNATIONAL AIRPORT, IL US",2022-11-28,4.1,3.4,3.2
USW00094846,"CHICAGO OHARE INTERNATIONAL AIRPORT, IL US",2022-11-29,9.2,8.4,4.5
USW00094846,"CHICAGO OHARE INTERNATIONAL AIRPORT, IL US",2022-11-30,-1.6,-2.1,1.9
USW00094846,"CHICAGO OHARE INTERNATIONAL AIRPORT, IL US",2022-12-01,-1.7,-1.8,-3.2
USW00094846,"CHICAGO OHARE INTERNATIONAL AIRPORT, IL US",2022-12-02,8,5.8,1.4
USW00094846,"CHICAGO OHARE INTERNATIONAL AIRPORT, IL US",2022-12-03,4.1,1.7,2.6
USW00094846,"CHICAGO OHARE INTERNATIONAL AIRPORT, IL US",2022-12-04,-0.1,-0.6,-3.4
USW00094846,"CHICAGO OHARE INTERNATIONAL AIRPORT, IL US",2022-12-05,3.4,2.2,-1
USW00094846,"CHICAGO OHARE INTERNATIONAL AIRPORT, IL US",2022-12-06,4.6,3.8,2.2
USW00094846,"CHICAGO OHARE INTERNATIONAL AIRPORT, IL US",2022-12-07,4.1,3.9,4.7
USW00094846,"CHICAGO OHARE INTERNATIONAL AIRPORT, IL US",2022-12-08,2.6,2.7,2.8
USW00094846,"CHICAGO OHARE INTERNATIONAL AIRPORT, IL US",2022-12-09,2.4,2,1.1
USW00094846,"CHICAGO OHARE INTERNATIONAL AIRPORT, IL US",2022-12-10,3.8,3,3.2
USW00094846,"CHICAGO OHARE INTERNATIONAL AIRPORT, IL US",2022-12-11,3.5,3.1,3.7
USW00094846,"CHICAGO OHARE INTERNATIONAL AIRPORT, IL US",2022-12-12,4.1,3.7,1.3
USW00094846,"CHICAGO OHARE INTERNATIONAL AIRPORT, IL US",2022-12-13,2.7,2.4,0.6
USW00094846,"CHICAGO OHARE INTERNATIONAL AIRPORT, IL US",2022-12-14,5.2,4.5,3
USW00094846,"CHICAGO OHARE INTERNATIONAL AIRPORT, IL US",2022-12-15,1.8,1.4,3.4
USW00094846,"CHICAGO OHARE INTERNATIONAL AIRPORT, IL US",2022-12-16,-1.6,-1.7,0.2
USW00094846,"CHICAGO OHARE INTERNATIONAL AIRPORT, IL US",2022-12-17,-4.3,-4.5,-1.5
USW00094846,"CHICAGO OHARE INTERNATIONAL AIRPORT, IL US",2022-12-18,-7.5,-7.7,-2.7
USW00094846,"CHICAGO OHARE INTERNATIONAL AIRPORT, IL US",2022-12-19,-6.7,-7.1,-4.1
USW00094846,"CHICAGO OHARE INTERNATIONAL AIRPORT, IL US",2022-12-20,-2.7,-3.6,-0.8
USW00094846,"CHICAGO OHARE INTERNATIONAL AIRPORT, IL US",2022-12-21,-4.6,-4.4,-4
USW00094846,"CHICAGO OHARE INTERNATIONAL AIRPORT, IL US",2022-12-22,-7.9,-6.8,-1.1
USW00094846,"CHICAGO OHARE INTERNATIONAL AIRPORT, IL US",2022-12-23,-19.7,-20,-14
USW00094846,"CHICAGO OHARE INTERNATIONAL AIRPORT, IL US",2022-12-24,-13.2,-14.3,-13.4
USW00094846,"CHICAGO OHARE INTERNATIONAL AIRPORT, IL US",2022-12-25,-12.5,-12.4,-11.8
USW00094846,"CHICAGO OHARE INTERNATIONAL AIRPORT, IL US",2022-12-26,-7.9,-9,-8
USW00094846,"CHICAGO OHARE INTERNATIONAL AIRPORT, IL US",2022-12-27,-7.5,-7.4,-8
USW00094846,"CHICAGO OHARE INTERNATIONAL AIRPORT, IL US",2022-12-28,2.9,1.5,-1.5
USW00094846,"CHICAGO OHARE INTERNATIONAL AIRPORT, IL US",2022-12-29,11.5,9.7,4.1
USW00094846,"CHICAGO OHARE INTERNATIONAL AIRPORT, IL US",2022-12-30,8,6.7,7.6
USW00094846,"CHICAGO OHARE INTERNATIONAL AIRPORT, IL US",2022-12-31,1.1,0.5,2.5
USW00014819,"CHICAGO MIDWAY AIRPORT, IL US",2022-01-01,2.8,1.5,2.5
USW00014819,"CHICAGO MIDWAY AIRPORT, IL US",2022-01-02,-3.5,-4.6,-1.3
USW00014819,"CHICAGO MIDWAY AIRPORT, IL US",2022-01-03,-7.4,-8.4,-7.4
USW00014819,"CHICAGO MIDWAY AIRPORT, IL US",2022-01-04,-0.4,-2.3,-5.1
USW00014819,"CHICAGO MIDWAY AIRPORT, IL US",2022-01-05,-3.1,-4.6,-4.2
USW00014819,"CHICAGO MIDWAY AIRPORT, IL US",2022-01-06,-11,-11.4,-10
USW00014819,"CHICAGO MIDWAY AIRPORT, IL US",2022-01-07,-12.4,-12.8,-10.7
USW00014819,"CHICAGO MIDWAY AIRPORT, IL US",2022-01-08,-2.3,-4.2,-7.8
USW00014819,"CHICAGO MIDWAY AIRPORT, IL US",2022-01-09,-2.6,-3.7,-2.7
USW00014819,"CHICAGO MIDWAY AIRPORT, IL US",2022-01-10,-9.2,-9.8,-10.4
USW00014819,"CHICAGO MIDWAY AIRPORT, IL US",2022-01-11,-3.6,-4.6,-11.8
USW00014819,"CHICAGO MIDWAY AIRPORT, IL US",2022-01-12,3,0.8,-3.8
USW00014819,"CHICAGO MIDWAY AIRPORT, IL US",2022-01-13,2.4,1.8,-0.5
USW00014819,"CHICAGO MIDWAY AIRPORT, IL US",2022-01-14,1.2,0.1,0.2
USW00014819,"CHICAGO MIDWAY AIRPORT, IL US",2022-01-15,-3.6,-4.8,-3.5
USW00014819,"CHICAGO MIDWAY AIRPORT, IL US",2022-01-16,-4.5,-5.5,-7.2
USW00014819,"CHICAGO MIDWAY AIRPORT, IL US",2022-01-17,-2.1,-3.9,-4
USW00014819,"CHICAGO MIDWAY AIRPORT, IL US",2022-01-18,2.2,1.4,-4
USW00014819,"CHICAGO MIDWAY AIRPORT, IL US",2022-01-19,-0.4,-2,-2
USW00014819,"CHICAGO MIDWAY AIRPORT, IL US",2022-01-20,-8.3,-9.3,-9
USW00014819,"CHICAGO MIDWAY AIRPORT, IL US",2022-01-21,-6.4,-7.2,-8.1
USW00014819,"CHICAGO MIDWAY AIRPORT, IL US",2022-01-22,-1.3,-2.9,-7.8
USW00014819,"CHICAGO MIDWAY AIRPORT, IL US",2022-01-23,-7.1,-7.3,-4.8
USW00014819,"CHICAGO MIDWAY AIRPORT, IL US",2022-01-24,-5.1,-6.5,-7.3
USW00014819,"CHICAGO MIDWAY AIRPORT, IL US",2022-01-25,-12.2,-12.7,-11.6
USW00014819,"CHICAGO MIDWAY AIRPORT, IL US",2022-01-26,-13.7,-13.8,-17.3
USW00014819,"CHICAGO MIDWAY AIRPORT, IL US",2022-01-27,-3.5,-5.3,-10.4
USW00014819,"CHICAGO MIDWAY AIRPORT, IL US",2022-01-28,-5.3,-6.1,-4.7
USW00014819,"CHICAGO MIDWAY AIRPORT, IL US",2022-01-29,-8,-8.6,-9.2
USW00014819,"CHICAGO MIDWAY AIRPORT, IL US",2022-01-30,-3.5,-4.9,-7
USW00014819,"CHICAGO MIDWAY AIRPORT, IL US",2022-01-31,0.2,-1.5,-4.5
USW00014819,"CHICAGO MIDWAY AIRPORT, IL US",2022-02-01,5.9,4.3,-1.7
USW00014819,"CHICAGO MIDWAY AIRPORT, IL US",2022-02-02,-2.4,-3.2,-1.9
USW00014819,"CHICAGO MIDWAY AIRPORT, IL US",2022-02-03,-4.4,-5.6,-4.9
USW00014819,"CHICAGO MIDWAY AIRPORT, IL US",2022-02-04,-6.3,-6.8,-7.4
USW00014819,"CHICAGO MIDWAY AIRPORT, IL US",2022-02-05,-9.9,-10.4,-11.9
USW00014819,"CHICAGO MIDWAY AIRPORT, IL US",2022-02-06,-2.7,-4,-7.6
USW00014819,"CHICAGO MIDWAY AIRPORT, IL US",2022-02-07,-3,-4.2,-7.4
USW00014819,"CHICAGO MIDWAY AIRPORT, IL US",2022-02-08,-0,-1.1,-9
USW00014819,"CHICAGO MIDWAY AIRPORT, IL US",2022-02-09,3.8,2.2,-3.3
USW00014819,"CHICAGO MIDWAY AIRPORT, IL US",2022-02-10,0.5,0.4,-1.4
USW00014819,"CHICAGO MIDWAY AIRPORT, IL US",2022-02-11,4,3.1,-1.4
USW00014819,"CHICAGO MIDWAY AIRPORT, IL US",2022-02-12,-4,-5.6,-6.1
USW00014819,"CHICAGO MIDWAY AIRPORT, IL US",2022-02-13,-7.5,-8.4,-10.6
USW00014819,"CHICAGO MIDWAY AIRPORT, IL US",2022-02-14,-5.3,-6,-9.1
USW00014819,"CHICAGO MIDWAY AIRPORT, IL US",2022-02-15,2.8,1.6,-4.5
USW00014819,"CHICAGO MIDWAY AIRPORT, IL US",2022-02-16,9.8,7.5,1.2
USW00014819,"CHICAGO MIDWAY AIRPORT, IL US",2022-02-17,0.5,-0.2,1
USW00014819,"CHICAGO MIDWAY AIRPORT, IL US",2022-02-18,-5.2,-5.8,-6.1
USW00014819,"CHICAGO MIDWAY AIRPORT, IL US",2022-02-19,-5.5,-6.6,-6.6
USW00014819,"CHICAGO MIDWAY AIRPORT, IL US",2022-02-20,2.7,1.6,-5.2
USW00014819,"CHICAGO MIDWAY AIRPORT, IL US",2022-02-21,7.6,5.9,0.5
USW00014819,"CHICAGO MIDWAY AIRPORT, IL US",2022-02-22,5.9,3.8,3.4
USW00014819,"CHICAGO MIDWAY AIRPORT, IL US",2022-02-23,-5,-5.8,-4
USW00014819,"CHICAGO MIDWAY AIRPORT, IL US",2022-02-24,-2.7,-3.7,-3.7
USW00014819,"CHICAGO MIDWAY AIRPORT, IL US",2022-02-25,-2.9,-3.3,-3.3
USW00014819,"CHICAGO MIDWAY AIRPORT, IL US",2022-02-26,-3.3,-3.9,-5.4
USW00014819,"CHICAGO MIDWAY AIRPORT, IL US",2022-02-27,4.1,1.9,-2.8
USW00014819,"CHICAGO MIDWAY AIRPORT, IL US",2022-02-28,7.1,6,0.2
USW00014819,"CHICAGO MIDWAY AIRPORT, IL US",2022-03-01,7.6,6.4,1.7
USW00014819,"CHICAGO MIDWAY AIRPORT, IL US",2022-03-02,9.9,8.9,2.3
USW00014819,"CHICAGO MIDWAY AIRPORT, IL US",2022-03-03,1.6,0.3,1.1
USW00014819,"CHICAGO MIDWAY AIRPORT, IL US",2022-03-04,3.3,2.1,0.8
USW00014819,"CHICAGO MIDWAY AIRPORT, IL US",2022-03-05,15.4,13.3,7.3
USW00014819,"CHICAGO MIDWAY AIRPORT, IL US",2022-03-06,10.9,8.7,11
USW00014819,"CHICAGO MIDWAY AIRPORT, IL US",2022-03-07,2,1.4,1.8
USW00014819,"CHICAGO MIDWAY AIRPORT, IL US",2022-03-08,2.6,1.7,-1.2
USW00014819,"CHICAGO MIDWAY AIRPORT, IL US",2022-03-09,3.7,2.7,0.1
USW00014819,"CHICAGO MIDWAY AIRPORT, IL US",2022-03-10,-0.9,-1.9,-1.5
USW00014819,"CHICAGO MIDWAY AIRPORT, IL US",2022-03-11,-2.7,-3.1,-2.1
USW00014819,"CHICAGO MIDWAY AIRPORT, IL US",2022-03-12,-6.7,-7.2,-7.5
USW00014819,"CHICAGO MIDWAY AIRPORT, IL US",2022-03-13,4.9,3.7,-2.4
USW00014819,"CHICAGO MIDWAY AIRPORT, IL US",2022-03-14,12.8,11.2,4.1
USW00014819,"CHICAGO MIDWAY AIRPORT, IL US",2022-03-15,8.4,7.5,7.9
USW00014819,"CHICAGO MIDWAY AIRPORT, IL US",2022-03-16,14.8,13.5,11.5
USW00014819,"CHICAGO MIDWAY AIRPORT, IL US",2022-03-17,17.8,15.6,12.8
USW00014819,"CHICAGO MIDWAY AIRPORT, IL US",2022-03-18,8.3,7,11.5
USW00014819,"CHICAGO MIDWAY AIRPORT, IL US",2022-03-19,5.6,4.9,6.6
USW00014819,"CHICAGO MIDWAY AIRPORT, IL US",2022-03-20,11.5,10.2,6
USW00014819,"CHICAGO MIDWAY AIRPORT, IL US",2022-03-21,17.8,15.9,11.6
USW00014819,"CHICAGO MIDWAY AIRPORT, IL US",2022-03-22,14.1,11.6,10.7
USW00014819,"CHICAGO MIDWAY AIRPORT, IL US",2022-03-23,12.5,11.7,11
USW00014819,"CHICAGO MIDWAY AIRPORT, IL US",2022-03-24,6.7,5.9,8.5
USW00014819,"CHICAGO MIDWAY AIRPORT, IL US",2022-03-25,6.9,6.2,5.8
USW00014819,"CHICAGO MIDWAY AIRPORT, IL US",2022-03-26,0.7,-0,1.5
USW00014819,"CHICAGO MIDWAY AIRPORT, IL US",2022-03-27,0.5,-0.9,-2.1
USW00014819,"CHICAGO MIDWAY AIRPORT, IL US",2022-03-28,-0.5,-1.3,-2.6
USW00014819,"CHICAGO MIDWAY AIRPORT, IL US",2022-03-29,4.2,3.1,-0.5
USW00014819,"CHICAGO MIDWAY AIRPORT, IL US",2022-03-30,13.9,11.5,7.6
USW00014819,"CHICAGO MIDWAY AIRPORT, IL US",2022-03-31,6.5,5.2,9.3
USW00014819,"CHICAGO MIDWAY AIRPORT, IL US",2022-04-01,5.3,4,1.8
USW00014819,"CHICAGO MIDWAY AIRPORT, IL US",2022-04-02,5,3.9,3.4
USW00014819,"CHICAGO MIDWAY AIRPORT, IL US",2022-04-03,5.9,5.7,4.6
USW00014819,"CHICAGO MIDWAY AIRPORT, IL US",2022-04-04,10.2,8.6,8.5
USW00014819,"CHICAGO MIDWAY AIRPORT, IL US",2022-04-05,9.3,8.5,10.6
USW00014819,"CHICAGO MIDWAY AIRPORT, IL US",2022-04-06,11.9,10.5,11.2
USW00014819,"CHICAGO MIDWAY AIRPORT, IL US",2022-04-07,6.7,6,7.3
USW00014819,"CHICAGO MIDWAY AIRPORT, IL US",2022-04-08,4.1,3.9,4.6
USW00014819,"CHICAGO MIDWAY AIRPORT, IL US",2022-04-09,6.5,5.4,3
USW00014819,"CHICAGO MIDWAY AIRPORT, IL US",2022-04-10,11.7,10.5,6.3
USW00014819,"CHICAGO MIDWAY AIRPORT, IL US",2022-04-11,13.9,12.1,12.5
USW00014819,"CHICAGO MIDWAY AIRPORT, IL US",2022-04-12,15.9,14.2,13.3
USW00014819,"CHICAGO MIDWAY AIRPORT, IL US",2022-04-13,15.7,14.8,19
USW00014819,"CHICAGO MIDWAY AIRPORT, IL US",2022-04-14,8.9,7.8,9.8
USW00014819,"CHICAGO MIDWAY AIRPORT, IL US",2022-04-15,10.3,9.3,6.3
USW00014819,"CHICAGO MIDWAY AIRPORT, IL US",2022-04-16,7.1,5.6,5
USW00014819,"CHICAGO MIDWAY AIRPORT, IL US",2022-04-17,4.1,3.3,3.6
USW00014819,"CHICAGO MIDWAY AIRPORT, IL US",2022-04-18,4.1,3.4,4.6
USW00014819,"CHICAGO MIDWAY AIRPORT, IL US",2022-04-19,7.7,6.3,4.3
USW00014819,"CHICAGO MIDWAY AIRPORT, IL US",2022-04-20,10.5,9,7.1
USW00014819,"CHICAGO MIDWAY AIRPORT, IL US",2022-04-21,17.3,15.8,12.1
USW00014819,"CHICAGO MIDWAY AIRPORT, IL US",2022-04-22,13.7,12.3,12.5
USW00014819,"CHICAGO MIDWAY AIRPORT, IL US",2022-04-23,23.7,21.8,18.4
USW00014819,"CHICAGO MIDWAY AIRPORT, IL US",2022-04-24,20.2,19,20.8
USW00014819,"CHICAGO MIDWAY AIRPORT, IL US",2022-04-25,10.9,10.6,13.8
USW00014819,"CHICAGO MIDWAY AIRPORT, IL US",2022-04-26,8.9,7.7,6.6
USW00014819,"CHICAGO MIDWAY AIRPORT, IL US",2022-04-27,4.9,3.8,4.8
USW00014819,"CHICAGO MIDWAY AIRPORT, IL US",2022-04-28,8.5,7.3,7.3
USW00014819,"CHICAGO MIDWAY AIRPORT, IL US",2022-04-29,17,14.1,12.5
USW00014819,"CHICAGO MIDWAY AIRPORT, IL US",2022-04-30,18.2,16.5,15.2
USW00014819,"CHICAGO MIDWAY AIRPORT, IL US",2022-05-01,13.3,12.3,14.7
USW00014819,"CHICAGO MIDWAY AIRPORT, IL US",2022-05-02,11.3,10.9,12.3
USW00014819,"CHICAGO MIDWAY AIRPORT, IL US",2022-05-03,9.6,8.9,12.2
USW00014819,"CHICAGO MIDWAY AIRPORT, IL US",2022-05-04,10.6,9.3,8.8
USW00014819,"CHICAGO MIDWAY AIRPORT, IL US",2022-05-05,10.2,9.4,10.8
USW00014819,"CHICAGO MIDWAY AIRPORT, IL US",2022-05-06,11.3,10.3,11.2
USW00014819,"CHICAGO MIDWAY AIRPORT, IL US",2022-05-07,14.6,12.8,11.4
USW00014819,"CHICAGO MIDWAY AIRPORT, IL US",2022-05-08,15.6,13.7,13
USW00014819,"CHICAGO MIDWAY AIRPORT, IL US",2022-05-09,23.3,21.3,16.8
USW00014819,"CHICAGO MIDWAY AIRPORT, IL US",2022-05-10,28.5,26.4,23.5
USW00014819,"CHICAGO MIDWAY AIRPORT, IL US",2022-05-11,29.7,27.4,27.8
USW00014819,"CHICAGO MIDWAY AIRPORT, IL US",2022-05-12,30.8,28,25.2
USW00014819,"CHICAGO MIDWAY AIRPORT, IL US",2022-05-13,29.1,26.8,22.1
USW00014819,"CHICAGO MIDWAY AIRPORT, IL US",2022-05-14,25.7,24.3,23
USW00014819,"CHICAGO MIDWAY AIRPORT, IL US",2022-05-15,21.7,20.8,21.8
USW00014819,"CHICAGO MIDWAY AIRPORT, IL US",2022-05-16,21.4,20.4,16.6
USW00014819,"CHICAGO MIDWAY AIRPORT, IL US",2022-05-17,16.6,16,15.5
USW00014819,"CHICAGO MIDWAY AIRPORT, IL US",2022-05-18,15.8,14.8,14.7
USW00014819,"CHICAGO MIDWAY AIRPORT, IL US",2022-05-19,24.1,22.7,19.5
USW00014819,"CHICAGO MIDWAY AIRPORT, IL US",2022-05-20,25.8,24.1,24
USW00014819,"CHICAGO MIDWAY AIRPORT, IL US",2022-05-21,16.3,15.3,18.8
USW00014819,"CHICAGO MIDWAY AIRPORT, IL US",2022-05-22,15.7,14.3,13.6
USW00014819,"CHICAGO MIDWAY AIRPORT, IL US",2022-05-23,13.9,13.1,11.4
USW00014819,"CHICAGO MIDWAY AIRPORT, IL US",2022-05-24,16.5,15.1,13.8
USW00014819,"CHICAGO MIDWAY AIRPORT, IL US",2022-05-25,22.8,21.3,17.5
USW00014819,"CHICAGO MIDWAY AIRPORT, IL US",2022-05-26,23,21.7,23.5
USW00014819,"CHICAGO MIDWAY AIRPORT, IL US",2022-05-27,15.5,14.9,18.2
USW00014819,"CHICAGO MIDWAY AIRPORT, IL US",2022-05-28,19,17.7,16.2
USW00014819,"CHICAGO MIDWAY AIRPORT, IL US",2022-05-29,25.8,23.9,21.1
USW00014819,"CHICAGO MIDWAY AIRPORT, IL US",2022-05-30,29.2,27.5,24.7
USW00014819,"CHICAGO MIDWAY AIRPORT, IL US",2022-05-31,28.9,27.7,25.9
USW00014819,"CHICAGO MIDWAY AIRPORT, IL US",2022-06-01,22.2,21.3,24.6
USW00014819,"CHICAGO MIDWAY AIRPORT, IL US",2022-06-02,22,20.3,18.8
USW00014819,"CHICAGO MIDWAY AIRPORT, IL US",2022-06-03,23.7,22.1,19.4
USW00014819,"CHICAGO MIDWAY AIRPORT, IL US",2022-06-04,19.4,17.7,16.8
USW00014819,"CHICAGO MIDWAY AIRPORT, IL US",2022-06-05,23.3,21.3,16.8
USW00014819,"CHICAGO MIDWAY AIRPORT, IL US",2022-06-06,20.9,20.8,21.4
USW00014819,"CHICAGO MIDWAY AIRPORT, IL US",2022-06-07,18.6,17.6,19.2
USW00014819,"CHICAGO MIDWAY AIRPORT, IL US",2022-06-08,19.1,17.7,16.5
USW00014819,"CHICAGO MIDWAY AIRPORT, IL US",2022-06-09,20.8,19.8,16.7
USW00014819,"CHICAGO MIDWAY AIRPORT, IL US",2022-06-10,22.8,21.2,18.7
USW00014819,"CHICAGO MIDWAY AIRPORT, IL US",2022-06-11,20.9,19.9,18.9
USW00014819,"CHICAGO MIDWAY AIRPORT, IL US",2022-06-12,20.3,19.2,23.2
USW00014819,"CHICAGO MIDWAY AIRPORT, IL US",2022-06-13,27.1,24.6,25.1
USW00014819,"CHICAGO MIDWAY AIRPORT, IL US",2022-06-14,32.3,29.9,30
USW00014819,"CHICAGO MIDWAY AIRPORT, IL US",2022-06-15,34.1,32.2,29.4
USW00014819,"CHICAGO MIDWAY AIRPORT, IL US",2022-06-16,31.3,29.9,28.6
USW00014819,"CHICAGO MIDWAY AIRPORT, IL US",2022-06-17,27,25.1,24.1
USW00014819,"CHICAGO MIDWAY AIRPORT, IL US",2022-06-18,20.7,19.1,20
USW00014819,"CHICAGO MIDWAY AIRPORT, IL US",2022-06-19,24.3,22.3,17.8
USW00014819,"CHICAGO MIDWAY AIRPORT, IL US",2022-06-20,29.5,27.8,21.8
USW00014819,"CHICAGO MIDWAY AIRPORT, IL US",2022-06-21,32.2,30.8,24.7
USW00014819,"CHICAGO MIDWAY AIRPORT, IL US",2022-06-22,29.4,27.9,26.9
USW00014819,"CHICAGO MIDWAY AIRPORT, IL US",2022-06-23,26.6,24.4,23.8
USW00014819,"CHICAGO MIDWAY AIRPORT, IL US",2022-06-24,28.2,26.1,23
USW00014819,"CHICAGO MIDWAY AIRPORT, IL US",2022-06-25,24.4,22.9,23
USW00014819,"CHICAGO MIDWAY AIRPORT, IL US",2022-06-26,25,23.7,24.3
USW00014819,"CHICAGO MIDWAY AIRPORT, IL US",2022-06-27,23.3,21.7,18.8
USW00014819,"CHICAGO MIDWAY AIRPORT, IL US",2022-06-28,25.4,24,19.4
USW00014819,"CHICAGO MIDWAY AIRPORT, IL US",2022-06-29,27.5,25.9,21.6
USW00014819,"CHICAGO MIDWAY AIRPORT, IL US",2022-06-30,30,28.7,23.9
USW00014819,"CHICAGO MIDWAY AIRPORT, IL US",2022-07-01,25.9,24.6,24.1
USW00014819,"CHICAGO MIDWAY AIRPORT, IL US",2022-07-02,25.4,24.1,23.4
USW00014819,"CHICAGO MIDWAY AIRPORT, IL US",2022-07-03,27,25.4,23
USW00014819,"CHICAGO MIDWAY AIRPORT, IL US",2022-07-04,28.3,26.5,23.9
USW00014819,"CHICAGO MIDWAY AIRPORT, IL US",2022-07-05,29.5,28.7,28.7
USW00014819,"CHICAGO MIDWAY AIRPORT, IL US",2022-07-06,25.6,24.2,27.3
USW00014819,"CHICAGO MIDWAY AIRPORT, IL US",2022-07-07,26.9,25.5,24.3
USW00014819,"CHICAGO MIDWAY AIRPORT, IL US",2022-07-08,25.2,23.7,25.8
USW00014819,"CHICAGO MIDWAY AIRPORT, IL US",2022-07-09,23.9,22.7,22.5
USW00014819,"CHICAGO MIDWAY AIRPORT, IL US",2022-07-10,25.4,23.8,20.6
USW00014819,"CHICAGO MIDWAY AIRPORT, IL US",2022-07-11,27.3,25.8,23.6
USW00014819,"CHICAGO MIDWAY AIRPORT, IL US",2022-07-12,27.4,26.1,24.1
USW00014819,"CHICAGO MIDWAY AIRPORT, IL US",2022-07-13,26.1,24.5,22.7
USW00014819,"CHICAGO MIDWAY AIRPORT, IL US",2022-07-14,23.9,22.4,21.8
USW00014819,"CHICAGO MIDWAY AIRPORT, IL US",2022-07-15,22.9,21,20.8
USW00014819,"CHICAGO MIDWAY AIRPORT, IL US",2022-07-16,24.1,23.1,24.4
USW00014819,"CHICAGO MIDWAY AIRPORT, IL US",2022-07-17,23.7,23.1,26.3
USW00014819,"CHICAGO MIDWAY AIRPORT, IL US",2022-07-18,28.4,26.8,24.6
USW00014819,"CHICAGO MIDWAY AIRPORT, IL US",2022-07-19,28.9,27.2,25.6
USW00014819,"CHICAGO MIDWAY AIRPORT, IL US",2022-07-20,29.3,28,26.5
USW00014819,"CHICAGO MIDWAY AIRPORT, IL US",2022-07-21,29.6,28.4,25.2
USW00014819,"CHICAGO MIDWAY AIRPORT, IL US",2022-07-22,28.7,27.6,25.1
USW00014819,"CHICAGO MIDWAY AIRPORT, IL US",2022-07-23,27.4,26.1,25.2
USW00014819,"CHICAGO MIDWAY AIRPORT, IL US",2022-07-24,28,26.8,27
USW00014819,"CHICAGO MIDWAY AIRPORT, IL US",2022-07-25,23.9,22.8,22.8
USW00014819,"CHICAGO MIDWAY AIRPORT, IL US",2022-07-26,25,23.4,22
USW00014819,"CHICAGO MIDWAY AIRPORT, IL US",2022-07-27,27.1,25.4,24.2
USW00014819,"CHICAGO MIDWAY AIRPORT, IL US",2022-07-28,25.5,24.4,23.1
USW00014819,"CHICAGO MIDWAY AIRPORT, IL US",2022-07-29,24.2,22.8,20
USW00014819,"CHICAGO MIDWAY AIRPORT, IL US",2022-07-30,25.3,23.7,21.2
USW00014819,"CHICAGO MIDWAY AIRPORT, IL US",2022-07-31,26.1,24.8,22.4
USW00014819,"CHICAGO MIDWAY AIRPORT, IL US",2022-08-01,28.6,26.8,24.6
USW00014819,"CHICAGO MIDWAY AIRPORT, IL US",2022-08-02,28.4,26.8,24.4
USW00014819,"CHICAGO MIDWAY AIRPORT, IL US",2022-08-03,30.8,28.9,27.1
USW00014819,"CHICAGO MIDWAY AIRPORT, IL US",2022-08-04,27.2,26,27.8
USW00014819,"CHICAGO MIDWAY AIRPORT, IL US",2022-08-05,27.8,26.2,26.9
USW00014819,"CHICAGO MIDWAY AIRPORT, IL US",2022-08-06,31.1,29.5,26.7
USW00014819,"CHICAGO MIDWAY AIRPORT, IL US",2022-08-07,27.6,26.3,27.5
USW00014819,"CHICAGO MIDWAY AIRPORT, IL US",2022-08-08,25.6,24.9,27.2
USW00014819,"CHICAGO MIDWAY AIRPORT, IL US",2022-08-09,22.7,21.4,22.6
USW00014819,"CHICAGO MIDWAY AIRPORT, IL US",2022-08-10,25.1,23.2,20.2
USW00014819,"CHICAGO MIDWAY AIRPORT, IL US",2022-08-11,24.1,22.5,21.5
USW00014819,"CHICAGO MIDWAY AIRPORT, IL US",2022-08-12,23.3,21.6,19.5
USW00014819,"CHICAGO MIDWAY AIRPORT, IL US",2022-08-13,24.3,22.6,20.2
USW00014819,"CHICAGO MIDWAY AIRPORT, IL US",2022-08-14,24.7,22.9,21.4
USW00014819,"CHICAGO MIDWAY AIRPORT, IL US",2022-08-15,24.6,23.3,21.1
USW00014819,"CHICAGO MIDWAY AIRPORT, IL US",2022-08-16,25.2,23.5,21.2
USW00014819,"CHICAGO MIDWAY AIRPORT, IL US",2022-08-17,24.7,23.3,21.3
USW00014819,"CHICAGO MIDWAY AIRPORT, IL US",2022-08-18,25,23.4,21.1
USW00014819,"CHICAGO MIDWAY AIRPORT, IL US",2022-08-19,27,25.3,22.2
USW00014819,"CHICAGO MIDWAY AIRPORT, IL US",2022-08-20,23.7,22.6,23.5
USW00014819,"CHICAGO MIDWAY AIRPORT, IL US",2022-08-21,24.4,23.1,23.4
USW00014819,"CHICAGO MIDWAY AIRPORT, IL US",2022-08-22,24.7,23.5,22.3
USW00014819,"CHICAGO MIDWAY AIRPORT, IL US",2022-08-23,25.4,24.2,21.5
USW00014819,"CHICAGO MIDWAY AIRPORT, IL US",2022-08-24,26.2,24.5,21.6
USW00014819,"CHICAGO MIDWAY AIRPORT, IL US",2022-08-25,25,23.8,21.6
USW00014819,"CHICAGO MIDWAY AIRPORT, IL US",2022-08-26,23.8,22.6,24.3
USW00014819,"CHICAGO MIDWAY AIRPORT, IL US",2022-08-27,24.1,22.8,21.8
USW00014819,"CHICAGO MIDWAY AIRPORT, IL US",2022-08-28,28.9,26.9,25.6
USW00014819,"CHICAGO MIDWAY AIRPORT, IL US",2022-08-29,27.3,26.4,28.3
USW00014819,"CHICAGO MIDWAY AIRPORT, IL US",2022-08-30,24.5,23.9,24.1
USW00014819,"CHICAGO MIDWAY AIRPORT, IL US",2022-08-31,25.6,24.3,20.3
USW00014819,"CHICAGO MIDWAY AIRPORT, IL US",2022-09-01,27.6,26.2,23.3
USW00014819,"CHICAGO MIDWAY AIRPORT, IL US",2022-09-02,27.4,26,23.8
USW00014819,"CHICAGO MIDWAY AIRPORT, IL US",2022-09-03,28.4,26.7,24.2
USW00014819,"CHICAGO MIDWAY AIRPORT, IL US",2022-09-04,22.8,21.7,22.7
USW00014819,"CHICAGO MIDWAY AIRPORT, IL US",2022-09-05,21.9,20.9,22.5
USW00014819,"CHICAGO MIDWAY AIRPORT, IL US",2022-09-06,24.8,23.5,23
USW00014819,"CHICAGO MIDWAY AIRPORT, IL US",2022-09-07,25,23.4,21.3
USW00014819,"CHICAGO MIDWAY AIRPORT, IL US",2022-09-08,25,23.2,21.4
USW00014819,"CHICAGO MIDWAY AIRPORT, IL US",2022-09-09,25.8,23.8,21.2
USW00014819,"CHICAGO MIDWAY AIRPORT, IL US",2022-09-10,26,24.3,24.1
USW00014819,"CHICAGO MIDWAY AIRPORT, IL US",2022-09-11,20.5,19.1,21.8
USW00014819,"CHICAGO MIDWAY AIRPORT, IL US",2022-09-12,17.4,16.1,13.5
USW00014819,"CHICAGO MIDWAY AIRPORT, IL US",2022-09-13,22.8,20.8,17.1
USW00014819,"CHICAGO MIDWAY AIRPORT, IL US",2022-09-14,22.4,20.9,20.3
USW00014819,"CHICAGO MIDWAY AIRPORT, IL US",2022-09-15,24.3,22.8,21.1
USW00014819,"CHICAGO MIDWAY AIRPORT, IL US",2022-09-16,25.3,23.9,21.8
USW00014819,"CHICAGO MIDWAY AIRPORT, IL US",2022-09-17,27.4,25.6,22
USW00014819,"CHICAGO MIDWAY AIRPORT, IL US",2022-09-18,27.3,26.1,23.6
USW00014819,"CHICAGO MIDWAY AIRPORT, IL US",2022-09-19,23.5,22.2,25
USW00014819,"CHICAGO MIDWAY AIRPORT, IL US",2022-09-20,28.3,26.1,22.3
USW00014819,"CHICAGO MIDWAY AIRPORT, IL US",2022-09-21,26.2,25.1,25.4
USW00014819,"CHICAGO MIDWAY AIRPORT, IL US",2022-09-22,17,16,17.2
USW00014819,"CHICAGO MIDWAY AIRPORT, IL US",2022-09-23,15.5,14.5,12.6
USW00014819,"CHICAGO MIDWAY AIRPORT, IL US",2022-09-24,19.5,18.1,14.5
USW00014819,"CHICAGO MIDWAY AIRPORT, IL US",2022-09-25,18.2,17.1,17.5
USW00014819,"CHICAGO MIDWAY AIRPORT, IL US",2022-09-26,15.7,15,14.2
USW00014819,"CHICAGO MIDWAY AIRPORT, IL US",2022-09-27,13.9,13,10.8
USW00014819,"CHICAGO MIDWAY AIRPORT, IL US",2022-09-28,14.1,13,11.4
USW00014819,"CHICAGO MIDWAY AIRPORT, IL US",2022-09-29,13.9,13,11.3
USW00014819,"CHICAGO MIDWAY AIRPORT, IL US",2022-09-30,15.5,14.2,12.4
USW00014819,"CHICAGO MIDWAY AIRPORT, IL US",2022-10-01,17.2,15.9,13.9
USW00014819,"CHICAGO MIDWAY AIRPORT, IL US",2022-10-02,18.2,16,14.9
USW00014819,"CHICAGO MIDWAY AIRPORT, IL US",2022-10-03,16.4,15,13
USW00014819,"CHICAGO MIDWAY AIRPORT, IL US",2022-10-04,18.1,16.8,13.9
USW00014819,"CHICAGO MIDWAY AIRPORT, IL US",2022-10-05,19.7,18.4,16.3
USW00014819,"CHICAGO MIDWAY AIRPORT, IL US",2022-10-06,20,18.8,17.6
USW00014819,"CHICAGO MIDWAY AIRPORT, IL US",2022-10-07,10.9,10.5,12.2
USW00014819,"CHICAGO MIDWAY AIRPORT, IL US",2022-10-08,10.8,10,7.5
USW00014819,"CHICAGO MIDWAY AIRPORT, IL US",2022-10-09,16.2,14.6,8.1
USW00014819,"CHICAGO MIDWAY AIRPORT, IL US",2022-10-10,18.7,16.9,13.3
USW00014819,"CHICAGO MIDWAY AIRPORT, IL US",2022-10-11,18,16.4,15.6
USW00014819,"CHICAGO MIDWAY AIRPORT, IL US",2022-10-12,15.3,15,19
USW00014819,"CHICAGO MIDWAY AIRPORT, IL US",2022-10-13,11.1,10.5,10.4
USW00014819,"CHICAGO MIDWAY AIRPORT, IL US",2022-10-14,12.2,10.9,8.2
USW00014819,"CHICAGO MIDWAY AIRPORT, IL US",2022-10-15,8.9,8.1,7.5
USW00014819,"CHICAGO MIDWAY AIRPORT, IL US",2022-10-16,10.6,9.5,8.5
USW00014819,"CHICAGO MIDWAY AIRPORT, IL US",2022-10-17,5.9,4.9,6
USW00014819,"CHICAGO MIDWAY AIRPORT, IL US",2022-10-18,7.2,6.1,4.6
USW00014819,"CHICAGO MIDWAY AIRPORT, IL US",2022-10-19,6.7,6,4.8
USW00014819,"CHICAGO MIDWAY AIRPORT, IL US",2022-10-20,10.9,10.2,4.3
USW00014819,"CHICAGO MIDWAY AIRPORT, IL US",2022-10-21,18.4,16.6,9.7
USW00014819,"CHICAGO MIDWAY AIRPORT, IL US",2022-10-22,22.5,20.6,16.4
USW00014819,"CHICAGO MIDWAY AIRPORT, IL US",2022-10-23,23.5,22,18.7
USW00014819,"CHICAGO MIDWAY AIRPORT, IL US",2022-10-24,22.8,21.5,21
USW00014819,"CHICAGO MIDWAY AIRPORT, IL US",2022-10-25,16.9,15.7,18
USW00014819,"CHICAGO MIDWAY AIRPORT, IL US",2022-10-26,10.8,9.8,12.1
USW00014819,"CHICAGO MIDWAY AIRPORT, IL US",2022-10-27,9.4,8.5,7.6
USW00014819,"CHICAGO MIDWAY AIRPORT, IL US",2022-10-28,12.8,11.3,8.8
USW00014819,"CHICAGO MIDWAY AIRPORT, IL US",2022-10-29,14.2,13,10.2
USW00014819,"CHICAGO MIDWAY AIRPORT, IL US",2022-10-30,15.5,13.6,11.9
USW00014819,"CHICAGO MIDWAY AIRPORT, IL US",2022-10-31,14.1,12.4,12.6
USW00014819,"CHICAGO MIDWAY AIRPORT, IL US",2022-11-01,15.9,15.3,12.4
USW00014819,"CHICAGO MIDWAY AIRPORT, IL US",2022-11-02,17.8,16.5,12.8
USW00014819,"CHICAGO MIDWAY AIRPORT, IL US",2022-11-03,19.5,18,13.7
USW00014819,"CHICAGO MIDWAY AIRPORT, IL US",2022-11-04,21.4,19.7,14.8
USW00014819,"CHICAGO MIDWAY AIRPORT, IL US",2022-11-05,16.4,15.8,16.8
USW00014819,"CHICAGO MIDWAY AIRPORT, IL US",2022-11-06,14.1,13.1,10.2
USW00014819,"CHICAGO MIDWAY AIRPORT, IL US",2022-11-07,10.9,9.5,8
USW00014819,"CHICAGO MIDWAY AIRPORT, IL US",2022-11-08,10,9.7,6.4
USW00014819,"CHICAGO MIDWAY AIRPORT, IL US",2022-11-09,16.3,15.5,9.4
USW00014819,"CHICAGO MIDWAY AIRPORT, IL US",2022-11-10,20.7,19.8,15.8
USW00014819,"CHICAGO MIDWAY AIRPORT, IL US",2022-11-11,9.7,9,11.4
USW00014819,"CHICAGO MIDWAY AIRPORT, IL US",2022-11-12,1.9,1.6,1.2
USW00014819,"CHICAGO MIDWAY AIRPORT, IL US",2022-11-13,0.9,1,1.6
USW00014819,"CHICAGO MIDWAY AIRPORT, IL US",2022-11-14,2.2,2,1.3
USW00014819,"CHICAGO MIDWAY AIRPORT, IL US",2022-11-15,1.7,1.2,2
USW00014819,"CHICAGO MIDWAY AIRPORT, IL US",2022-11-16,0.8,1,1.5
USW00014819,"CHICAGO MIDWAY AIRPORT, IL US",2022-11-17,0,-0.1,-0.2
USW00014819,"CHICAGO MIDWAY AIRPORT, IL US",2022-11-18,-3,-3.2,-1.9
USW00014819,"CHICAGO MIDWAY AIRPORT, IL US",2022-11-19,-5.1,-5,-3.9
USW00014819,"CHICAGO MIDWAY AIRPORT, IL US",2022-11-20,-3.8,-3.9,-5.8
USW00014819,"CHICAGO MIDWAY AIRPORT, IL US",2022-11-21,4.4,3.1,-2
USW00014819,"CHICAGO MIDWAY AIRPORT, IL US",2022-11-22,5.9,5.2,-0.3
USW00014819,"CHICAGO MIDWAY AIRPORT, IL US",2022-11-23,9.3,8.7,1.5
USW00014819,"CHICAGO MIDWAY AIRPORT, IL US",2022-11-24,8.4,7.8,3.5
USW00014819,"CHICAGO MIDWAY AIRPORT, IL US",2022-11-25,7,7,6.4
USW00014819,"CHICAGO MIDWAY AIRPORT, IL US",2022-11-26,8.3,8,3.5
USW00014819,"CHICAGO MIDWAY AIRPORT, IL US",2022-11-27,5.4,5.3,4.4
USW00014819,"CHICAGO MIDWAY AIRPORT, IL US",2022-11-28,4.5,4,3.5
USW00014819,"CHICAGO MIDWAY AIRPORT, IL US",2022-11-29,9.8,9.2,5.3
USW00014819,"CHICAGO MIDWAY AIRPORT, IL US",2022-11-30,-1.6,-2,2.9
USW00014819,"CHICAGO MIDWAY AIRPORT, IL US",2022-12-01,-1.3,-1.7,-3.1
USW00014819,"CHICAGO MIDWAY AIRPORT, IL US",2022-12-02,7.6,6.3,1.7
USW00014819,"CHICAGO MIDWAY AIRPORT, IL US",2022-12-03,4.4,2.5,4
USW00014819,"CHICAGO MIDWAY AIRPORT, IL US",2022-12-04,-0.4,-0.4,-3.3
USW00014819,"CHICAGO MIDWAY AIRPORT, IL US",2022-12-05,3.2,2.3,-1.1
USW00014819,"CHICAGO MIDWAY AIRPORT, IL US",2022-12-06,4.9,4.1,3.4
USW00014819,"CHICAGO MIDWAY AIRPORT, IL US",2022-12-07,5,4.8,5.6
USW00014819,"CHICAGO MIDWAY AIRPORT, IL US",2022-12-08,4.1,3.5,3.3
USW00014819,"CHICAGO MIDWAY AIRPORT, IL US",2022-12-09,2.7,2.1,1.3
USW00014819,"CHICAGO MIDWAY AIRPORT, IL US",2022-12-10,3.5,3.1,3.5
USW00014819,"CHICAGO MIDWAY AIRPORT, IL US",2022-12-11,3.8,3.4,4.1
USW00014819,"CHICAGO MIDWAY AIRPORT, IL US",2022-12-12,4.5,4,1.6
USW00014819,"CHICAGO MIDWAY AIRPORT, IL US",2022-12-13,2.4,2.3,0.7
USW00014819,"CHICAGO MIDWAY AIRPORT, IL US",2022-12-14,5.2,4.6,3.6
USW00014819,"CHICAGO MIDWAY AIRPORT, IL US",2022-12-15,1.8,1.8,4.1
USW00014819,"CHICAGO MIDWAY AIRPORT, IL US",2022-12-16,-1.6,-1.4,0.5
USW00014819,"CHICAGO MIDWAY AIRPORT, IL US",2022-12-17,-4.5,-4.5,-1.5
USW00014819,"CHICAGO MIDWAY AIRPORT, IL US",2022-12-18,-7.5,-7.5,-2.6
USW00014819,"CHICAGO MIDWAY AIRPORT, IL US",2022-12-19,-6.7,-6.6,-3.9
USW00014819,"CHICAGO MIDWAY AIRPORT, IL US",2022-12-20,-1.8,-2.7,-0.9
USW00014819,"CHICAGO MIDWAY AIRPORT, IL US",2022-12-21,-3.2,-3.4,-2.7
USW00014819,"CHICAGO MIDWAY AIRPORT, IL US",2022-12-22,-7.6,-6.2,-1
USW00014819,"CHICAGO MIDWAY AIRPORT, IL US",2022-12-23,-20,-20,-13.7
USW00014819,"CHICAGO MIDWAY AIRPORT, IL US",2022-12-24,-13.5,-14.1,-13.5
USW00014819,"CHICAGO MIDWAY AIRPORT, IL US",2022-12-25,-12.5,-12.3,-11.5
USW00014819,"CHICAGO MIDWAY AIRPORT, IL US",2022-12-26,-7.7,-8.7,-8
USW00014819,"CHICAGO MIDWAY AIRPORT, IL US",2022-12-27,-7.1,-7.3,-7.4
USW00014819,"CHICAGO MIDWAY AIRPORT, IL US",2022-12-28,2.9,1.8,-1.2
USW00014819,"CHICAGO MIDWAY AIRPORT, IL US",2022-12-29,11.1,9.8,5.6
USW00014819,"CHICAGO MIDWAY AIRPORT, IL US",2022-12-30,8.2,7.9,9.6
USW00014819,"CHICAGO MIDWAY AIRPORT, IL US",2022-12-31,1.3,1.2,3.5
USC00111550,"CHICAGO NORTHERLY ISLAND, IL US",2023-01-01,4.8,5.1,4.2
USC00111550,"CHICAGO NORTHERLY ISLAND, IL US",2023-01-02,3.4,4,5
USC00111550,"CHICAGO NORTHERLY ISLAND, IL US",2023-01-03,5.9,7.3,6.1
USC00111550,"CHICAGO NORTHERLY ISLAND, IL US",2023-01-04,4.6,4.5,6.8
USC00111550,"CHICAGO NORTHERLY ISLAND, IL US",2023-01-05,0.4,0.7,1.6
USC00111550,"CHICAGO NORTHERLY ISLAND, IL US",2023-01-06,-0.9,-0.7,0.9
USC00111550,"CHICAGO NORTHERLY ISLAND, IL US",2023-01-07,-0.3,-0.6,-0.7
USC00111550,"CHICAGO NORTHERLY ISLAND, IL US",2023-01-08,-0.3,-0.4,-1.6
USC00111550,"CHICAGO NORTHERLY ISLAND, IL US",2023-01-09,2.8,2.6,-1.2
USC00111550,"CHICAGO NORTHERLY ISLAND, IL US",2023-01-10,4.8,5.6,1
USC00111550,"CHICAGO NORTHERLY ISLAND, IL US",2023-01-11,6.1,7.6,2.6
USC00111550,"CHICAGO NORTHERLY ISLAND, IL US",2023-01-12,3.1,4,2.8
USC00111550,"CHICAGO NORTHERLY ISLAND, IL US",2023-01-13,0.2,0.2,0.9
USC00111550,"CHICAGO NORTHERLY ISLAND, IL US",2023-01-14,-1.7,-1.8,-1.8
USC00111550,"CHICAGO NORTHERLY ISLAND, IL US",2023-01-15,2.1,2.2,-1
USC00111550,"CHICAGO NORTHERLY ISLAND, IL US",2023-01-16,7.6,7.7,0.9
USC00111550,"CHICAGO NORTHERLY ISLAND, IL US",2023-01-17,7.5,6.8,4
USC00111550,"CHICAGO NORTHERLY ISLAND, IL US",2023-01-18,2.7,3.3,2.8
USC00111550,"CHICAGO NORTHERLY ISLAND, IL US",2023-01-19,3.7,4,4.2
USC00111550,"CHICAGO NORTHERLY ISLAND, IL US",2023-01-20,0.8,0.7,1.7
USC00111550,"CHICAGO NORTHERLY ISLAND, IL US",2023-01-21,-0.9,-0.7,0.4
USC00111550,"CHICAGO NORTHERLY ISLAND, IL US",2023-01-22,-0.5,-0.3,0.6
USC00111550,"CHICAGO NORTHERLY ISLAND, IL US",2023-01-23,-2.2,-2.1,-0.1
USC00111550,"CHICAGO NORTHERLY ISLAND, IL US",2023-01-24,1.5,0.5,0.6
USC00111550,"CHICAGO NORTHERLY ISLAND, IL US",2023-01-25,0.4,0.5,1.3
USC00111550,"CHICAGO NORTHERLY ISLAND, IL US",2023-01-26,-3.1,-3,0.3
USC00111550,"CHICAGO NORTHERLY ISLAND, IL US",2023-01-27,-2.4,-2.6,-1.4
USC00111550,"CHICAGO NORTHERLY ISLAND, IL US",2023-01-28,-2.6,-3,-1.4
USC00111550,"CHICAGO NORTHERLY ISLAND, IL US",2023-01-29,-3,-3.1,-1.6
USC00111550,"CHICAGO NORTHERLY ISLAND, IL US",2023-01-30,-8.9,-9.5,-6.5
USC00111550,"CHICAGO NORTHERLY ISLAND, IL US",2023-01-31,-11.1,-11.9,-10.5
USC00111550,"CHICAGO NORTHERLY ISLAND, IL US",2023-02-01,-6.1,-7.2,-8.4
USC00111550,"CHICAGO NORTHERLY ISLAND, IL US",2023-02-02,-3.1,-3.5,-3.8
USC00111550,"CHICAGO NORTHERLY ISLAND, IL US",2023-02-03,-12.6,-12.7,-10.2
USC00111550,"CHICAGO NORTHERLY ISLAND, IL US",2023-02-04,-0.5,-1.1,-6.1
USC00111550,"CHICAGO NORTHERLY ISLAND, IL US",2023-02-05,3.3,2.7,1.3
USC00111550,"CHICAGO NORTHERLY ISLAND, IL US",2023-02-06,3.9,3,0.3
USC00111550,"CHICAGO NORTHERLY ISLAND, IL US",2023-02-07,6.7,5.6,4.9
USC00111550,"CHICAGO NORTHERLY ISLAND, IL US",2023-02-08,1.3,1.9,2.4
USC00111550,"CHICAGO NORTHERLY ISLAND, IL US",2023-02-09,4.8,5,3.4
USC00111550,"CHICAGO NORTHERLY ISLAND, IL US",2023-02-10,1.7,1.6,1.6
USC00111550,"CHICAGO NORTHERLY ISLAND, IL US",2023-02-11,3.7,3.2,-0
USC00111550,"CHICAGO NORTHERLY ISLAND, IL US",2023-02-12,7,6,0.9
USC00111550,"CHICAGO NORTHERLY ISLAND, IL US",2023-02-13,7.6,7,2.6
USC00111550,"CHICAGO NORTHERLY ISLAND, IL US",2023-02-14,8.3,7.7,4.2
USC00111550,"CHICAGO NORTHERLY ISLAND, IL US",2023-02-15,7.5,7.3,8.3
USC00111550,"CHICAGO NORTHERLY ISLAND, IL US",2023-02-16,-0.3,0.2,1.7
USC00111550,"CHICAGO NORTHERLY ISLAND, IL US",2023-02-17,-3.7,-4.1,-2.5
USC00111550,"CHICAGO NORTHERLY ISLAND, IL US",2023-02-18,3.2,2.6,-1.2
USC00111550,"CHICAGO NORTHERLY ISLAND, IL US",2023-02-19,8.3,7.9,3.1
USC00111550,"CHICAGO NORTHERLY ISLAND, IL US",2023-02-20,3.8,3.9,3
USC00111550,"CHICAGO NORTHERLY ISLAND, IL US",2023-02-21,2.1,1.5,1
USC00111550,"CHICAGO NORTHERLY ISLAND, IL US",2023-02-22,1.3,1.4,-0.1
USC00111550,"CHICAGO NORTHERLY ISLAND, IL US",2023-02-23,0.5,1.9,1
USC00111550,"CHICAGO NORTHERLY ISLAND, IL US",2023-02-24,-3.7,-3.8,-2.3
USC00111550,"CHICAGO NORTHERLY ISLAND, IL US",2023-02-25,0.9,0.8,-0.7
USC00111550,"CHICAGO NORTHERLY ISLAND, IL US",2023-02-26,3.8,4.5,1.7
USC00111550,"CHICAGO NORTHERLY ISLAND, IL US",2023-02-27,9.6,9.6,6.1
USC00111550,"CHICAGO NORTHERLY ISLAND, IL US",2023-02-28,4.3,6.5,4.6
USC00111550,"CHICAGO NORTHERLY ISLAND, IL US",2023-03-01,8.1,8.9,6.2
USC00111550,"CHICAGO NORTHERLY ISLAND, IL US",2023-03-02,2.9,2.8,4.7
USC00111550,"CHICAGO NORTHERLY ISLAND, IL US",2023-03-03,2.1,2.1,2.2
USC00111550,"CHICAGO NORTHERLY ISLAND, IL US",2023-03-04,5.7,5,4.2
USC00111550,"CHICAGO NORTHERLY ISLAND, IL US",2023-03-05,4.3,4.8,5.5
USC00111550,"CHICAGO NORTHERLY ISLAND, IL US",2023-03-06,5.6,7.5,6.7
USC00111550,"CHICAGO NORTHERLY ISLAND, IL US",2023-03-07,4.1,4.5,4
USC00111550,"CHICAGO NORTHERLY ISLAND, IL US",2023-03-08,3.3,5,2.8
USC00111550,"CHICAGO NORTHERLY ISLAND, IL US",2023-03-09,2.6,3.2,3.2
USC00111550,"CHICAGO NORTHERLY ISLAND, IL US",2023-03-10,1.3,1.7,2.4
USC00111550,"CHICAGO NORTHERLY ISLAND, IL US",2023-03-11,1.7,2.3,1.8
USC00111550,"CHICAGO NORTHERLY ISLAND, IL US",2023-03-12,1.3,1.4,2.8
USC00111550,"CHICAGO NORTHERLY ISLAND, IL US",2023-03-13,-0.9,-0.7,1.2
USC00111550,"CHICAGO NORTHERLY ISLAND, IL US",2023-03-14,-2,-1.2,-0.4
USC00111550,"CHICAGO NORTHERLY ISLAND, IL US",2023-03-15,3.9,3.9,1.4
USC00111550,"CHICAGO NORTHERLY ISLAND, IL US",2023-03-16,8,7.5,4.1
USC00111550,"CHICAGO NORTHERLY ISLAND, IL US",2023-03-17,4.5,3.8,3.8
USC00111550,"CHICAGO NORTHERLY ISLAND, IL US",2023-03-18,-6.8,-6.5,-3.8
USC00111550,"CHICAGO NORTHERLY ISLAND, IL US",2023-03-19,0,-0.1,-3.2
USC00111550,"CHICAGO NORTHERLY ISLAND, IL US",2023-03-20,5.4,5.5,0.3
USC00111550,"CHICAGO NORTHERLY ISLAND, IL US",2023-03-21,8.5,8.4,4
USC00111550,"CHICAGO NORTHERLY ISLAND, IL US",2023-03-22,8,8.3,6.8
USC00111550,"CHICAGO NORTHERLY ISLAND, IL US",2023-03-23,5.4,6,7.4
USC00111550,"CHICAGO NORTHERLY ISLAND, IL US",2023-03-24,3.9,5,2.9
USC00111550,"CHICAGO NORTHERLY ISLAND, IL US",2023-03-25,4.5,4.6,3.8
USC00111550,"CHICAGO NORTHERLY ISLAND, IL US",2023-03-26,4.4,5,5
USC00111550,"CHICAGO NORTHERLY ISLAND, IL US",2023-03-27,3.8,4.3,4.8
USC00111550,"CHICAGO NORTHERLY ISLAND, IL US",2023-03-28,5.9,5.9,2.6
USC00111550,"CHICAGO NORTHERLY ISLAND, IL US",2023-03-29,3,2.9,2.6
USC00111550,"CHICAGO NORTHERLY ISLAND, IL US",2023-03-30,6.9,6.7,1.4
USC00111550,"CHICAGO NORTHERLY ISLAND, IL US",2023-03-31,16.4,15.4,10.2
USC00111550,"CHICAGO NORTHERLY ISLAND, IL US",2023-04-01,6.5,5.8,9.6
USC00111550,"CHICAGO NORTHERLY ISLAND, IL US",2023-04-02,7.5,7.3,4
USC00111550,"CHICAGO NORTHERLY ISLAND, IL US",2023-04-03,10.7,11.9,8.2
USC00111550,"CHICAGO NORTHERLY ISLAND, IL US",2023-04-04,14.1,15.3,9.4
USC00111550,"CHICAGO NORTHERLY ISLAND, IL US",2023-04-05,15.2,15.5,20.6
USC00111550,"CHICAGO NORTHERLY ISLAND, IL US",2023-04-06,7.2,7.5,5.6
USC00111550,"CHICAGO NORTHERLY ISLAND, IL US",2023-04-07,5.5,5.9,5.3
USC00111550,"CHICAGO NORTHERLY ISLAND, IL US",2023-04-08,7.5,10.3,7.2
USC00111550,"CHICAGO NORTHERLY ISLAND, IL US",2023-04-09,13.4,13.9,10.3
USC00111550,"CHICAGO NORTHERLY ISLAND, IL US",2023-04-10,15.3,16,12
USC00111550,"CHICAGO NORTHERLY ISLAND, IL US",2023-04-11,20.2,20.2,14.3
USC00111550,"CHICAGO NORTHERLY ISLAND, IL US",2023-04-12,22.4,22.8,18
USC00111550,"CHICAGO NORTHERLY ISLAND, IL US",2023-04-13,22.8,22.6,17.9
USC00111550,"CHICAGO NORTHERLY ISLAND, IL US",2023-04-14,17.4,20.8,17.7
USC00111550,"CHICAGO NORTHERLY ISLAND, IL US",2023-04-15,22.4,23.3,19.2
USC00111550,"CHICAGO NORTHERLY ISLAND, IL US",2023-04-16,11.5,12,14.6
USC00111550,"CHICAGO NORTHERLY ISLAND, IL US",2023-04-17,2.7,2.8,2.6
USC00111550,"CHICAGO NORTHERLY ISLAND, IL US",2023-04-18,7.4,8.7,4.2
USC00111550,"CHICAGO NORTHERLY ISLAND, IL US",2023-04-19,10,12.9,8.1
USC00111550,"CHICAGO NORTHERLY ISLAND, IL US",2023-04-20,19.5,19.8,17.2
USC00111550,"CHICAGO NORTHERLY ISLAND, IL US",2023-04-21,12.8,13,14.4
USC00111550,"CHICAGO NORTHERLY ISLAND, IL US",2023-04-22,6.3,6.1,7.1
USC00111550,"CHICAGO NORTHERLY ISLAND, IL US",2023-04-23,4.3,4.4,4
USC00111550,"CHICAGO NORTHERLY ISLAND, IL US",2023-04-24,7.2,7.4,5.9
USC00111550,"CHICAGO NORTHERLY ISLAND, IL US",2023-09-14,17.6,17.1,15.6
USC00111550,"CHICAGO NORTHERLY ISLAND, IL US",2023-09-15,19.6,19.3,17.6
USC00111550,"CHICAGO NORTHERLY ISLAND, IL US",2023-09-16,19.7,19.1,18.6
USC00111550,"CHICAGO NORTHERLY ISLAND, IL US",2023-09-17,18,17.5,18.7
USC00111550,"CHICAGO NORTHERLY ISLAND, IL US",2023-09-18,18.4,17.6,15.9
USC00111550,"CHICAGO NORTHERLY ISLAND, IL US",2023-09-19,17.6,16.6,15.6
USC00111550,"CHICAGO NORTHERLY ISLAND, IL US",2023-09-20,23,22.3,18.9
USC00111550,"CHICAGO NORTHERLY ISLAND, IL US",2023-09-21,18.9,21.4,20.9
USC00111550,"CHICAGO NORTHERLY ISLAND, IL US",2023-09-22,21,22.4,20.6
USC00111550,"CHICAGO NORTHERLY ISLAND, IL US",2023-09-23,20.5,21.8,20.6
USC00111550,"CHICAGO NORTHERLY ISLAND, IL US",2023-09-24,19.6,20.2,18.1
USC00111550,"CHICAGO NORTHERLY ISLAND, IL US",2023-09-25,20.2,20.7,19.1
USC00111550,"CHICAGO NORTHERLY ISLAND, IL US",2023-09-26,19.6,20.4,20
USC00111550,"CHICAGO NORTHERLY ISLAND, IL US",2023-09-27,19.3,19.3,20
USC00111550,"CHICAGO NORTHERLY ISLAND, IL US",2023-09-28,19.3,19,18.5
USC00111550,"CHICAGO NORTHERLY ISLAND, IL US",2023-09-29,18.8,19.4,18.2
USC00111550,"CHICAGO NORTHERLY ISLAND, IL US",2023-09-30,20,22,20.5
USC00111550,"CHICAGO NORTHERLY ISLAND, IL US",2023-10-01,20.9,23.1,22
USC00111550,"CHICAGO NORTHERLY ISLAND, IL US",2023-10-02,21.9,23.4,22.4
USC00111550,"CHICAGO NORTHERLY ISLAND, IL US",2023-10-03,24.5,24.8,21.8
USC00111550,"CHICAGO NORTHERLY ISLAND, IL US",2023-10-04,25.2,25.3,21.9
USC00111550,"CHICAGO NORTHERLY ISLAND, IL US",2023-10-05,19.4,19.3,20.3
USC00111550,"CHICAGO NORTHERLY ISLAND, IL US",2023-10-06,13.4,13.2,13
USC00111550,"CHICAGO NORTHERLY ISLAND, IL US",2023-10-07,11.8,12,9.4
USC00111550,"CHICAGO NORTHERLY ISLAND, IL US",2023-10-08,10.5,10.7,9
USC00111550,"CHICAGO NORTHERLY ISLAND, IL US",2023-10-09,11.5,11.1,8.3
USC00111550,"CHICAGO NORTHERLY ISLAND, IL US",2023-10-10,12.5,12.2,9.4
USC00111550,"CHICAGO NORTHERLY ISLAND, IL US",2023-10-11,13.9,13.4,8.9
USC00111550,"CHICAGO NORTHERLY ISLAND, IL US",2023-10-12,14.1,14.1,11.4
USC00111550,"CHICAGO NORTHERLY ISLAND, IL US",2023-10-13,13.5,13.6,13.2
USC00111550,"CHICAGO NORTHERLY ISLAND, IL US",2023-10-14,11.9,11.8,11.2
USC00111550,"CHICAGO NORTHERLY ISLAND, IL US",2023-10-15,11.5,11.9,11.3
USC00111550,"CHICAGO NORTHERLY ISLAND, IL US",2023-10-16,10.7,10.3,11.6
USC00111550,"CHICAGO NORTHERLY ISLAND, IL US",2023-10-17,13,12.4,10.5
USC00111550,"CHICAGO NORTHERLY ISLAND, IL US",2023-10-18,14.7,14.1,11.2
USC00111550,"CHICAGO NORTHERLY ISLAND, IL US",2023-10-19,13.3,13.2,11.9
USC00111550,"CHICAGO NORTHERLY ISLAND, IL US",2023-10-20,13.1,12.5,12.5
USC00111550,"CHICAGO NORTHERLY ISLAND, IL US",2023-10-21,13.7,13.2,10.9
USC00111550,"CHICAGO NORTHERLY ISLAND, IL US",2023-10-22,10,10.7,10.4
USC00111550,"CHICAGO NORTHERLY ISLAND, IL US",2023-10-23,14.1,13.8,9.4
USC00111550,"CHICAGO NORTHERLY ISLAND, IL US",2023-10-24,22.6,22,15.8
USC00111550,"CHICAGO NORTHERLY ISLAND, IL US",2023-10-25,17.4,17.7,18.1
USC00111550,"CHICAGO NORTHERLY ISLAND, IL US",2023-10-26,19.9,20,19.3
USC00111550,"CHICAGO NORTHERLY ISLAND, IL US",2023-10-27,15.6,16.9,20.9
USC00111550,"CHICAGO NORTHERLY ISLAND, IL US",2023-10-28,8,8.1,9.1
USC00111550,"CHICAGO NORTHERLY ISLAND, IL US",2023-10-29,7.6,7.1,8
USC00111550,"CHICAGO NORTHERLY ISLAND, IL US",2023-10-30,3.6,3.8,3.7
USC00111550,"CHICAGO NORTHERLY ISLAND, IL US",2023-10-31,0.9,0.7,1.1
USC00111550,"CHICAGO NORTHERLY ISLAND, IL US",2023-11-01,2.8,2.3,2
USC00111550,"CHICAGO NORTHERLY ISLAND, IL US",2023-11-02,7.8,7.9,3
USC00111550,"CHICAGO NORTHERLY ISLAND, IL US",2023-11-03,11.4,10.8,6
USC00111550,"CHICAGO NORTHERLY ISLAND, IL US",2023-11-04,10.7,10.4,9.4
USC00111550,"CHICAGO NORTHERLY ISLAND, IL US",2023-11-05,11.5,10.5,7.6
USC00111550,"CHICAGO NORTHERLY ISLAND, IL US",2023-11-06,17.1,16.8,10.7
USC00111550,"CHICAGO NORTHERLY ISLAND, IL US",2023-11-07,11.5,10.8,10.3
USC00111550,"CHICAGO NORTHERLY ISLAND, IL US",2023-11-08,12,12.1,9.6
USC00111550,"CHICAGO NORTHERLY ISLAND, IL US",2023-11-09,10.5,10.5,10.4
USC00111550,"CHICAGO NORTHERLY ISLAND, IL US",2023-11-10,7.2,6.4,4.9
USC00111550,"CHICAGO NORTHERLY ISLAND, IL US",2023-11-11,7.2,6.5,5.7
USC00111550,"CHICAGO NORTHERLY ISLAND, IL US",2023-11-12,10.9,10.2,6
USC00111550,"CHICAGO NORTHERLY ISLAND, IL US",2023-11-13,13,11.7,6.7
USC00111550,"CHICAGO NORTHERLY ISLAND, IL US",2023-11-14,12,10.6,7.4
USC00111550,"CHICAGO NORTHERLY ISLAND, IL US",2023-11-15,13.9,13.4,6.1
USC00111550,"CHICAGO NORTHERLY ISLAND, IL US",2023-11-16,15,14.3,9.2
USC00111550,"CHICAGO NORTHERLY ISLAND, IL US",2023-11-17,12.1,10.6,12.3
USC00111550,"CHICAGO NORTHERLY ISLAND, IL US",2023-11-18,8,6.8,3.3
USC00111550,"CHICAGO NORTHERLY ISLAND, IL US",2023-11-19,9.1,7.8,4.3
USC00111550,"CHICAGO NORTHERLY ISLAND, IL US",2023-11-20,7.9,7.6,5.5
USC00111550,"CHICAGO NORTHERLY ISLAND, IL US",2023-11-21,6.1,5.6,6.2
USC00111550,"CHICAGO NORTHERLY ISLAND, IL US",2023-11-22,5.5,5.5,3.1
USC00111550,"CHICAGO NORTHERLY ISLAND, IL US",2023-11-23,5.4,5.3,1.9
USC00111550,"CHICAGO NORTHERLY ISLAND, IL US",2023-11-24,2.4,0.9,1.7
USC00111550,"CHICAGO NORTHERLY ISLAND, IL US",2023-11-25,1.9,1.1,-0
USC00111550,"CHICAGO NORTHERLY ISLAND, IL US",2023-11-26,-0,-0.3,-0.2
USC00111550,"CHICAGO NORTHERLY ISLAND, IL US",2023-11-27,-3.5,-3.8,-1.9
USC00111550,"CHICAGO NORTHERLY ISLAND, IL US",2023-11-28,-5.5,-5.6,-5.3
USC00111550,"CHICAGO NORTHERLY ISLAND, IL US",2023-11-29,1.2,0.8,-3.5
USC00111550,"CHICAGO NORTHERLY ISLAND, IL US",2023-11-30,7.5,6.9,-0.6
USC00111550,"CHICAGO NORTHERLY ISLAND, IL US",2023-12-01,6,6.1,2.8
USC00111550,"CHICAGO NORTHERLY ISLAND, IL US",2023-12-02,5.1,5.6,4.7
USC00111550,"CHICAGO NORTHERLY ISLAND, IL US",2023-12-03,4.1,4.2,4.7
USC00111550,"CHICAGO NORTHERLY ISLAND, IL US",2023-12-04,3.5,3.5,2
USC00111550,"CHICAGO NORTHERLY ISLAND, IL US",2023-12-05,2.9,3.2,1.3
USC00111550,"CHICAGO NORTHERLY ISLAND, IL US",2023-12-06,3.1,2.8,0.7
USC00111550,"CHICAGO NORTHERLY ISLAND, IL US",2023-12-07,7.6,7.6,1.9
USC00111550,"CHICAGO NORTHERLY ISLAND, IL US",2023-12-08,10.6,10.4,3.8
USC00111550,"CHICAGO NORTHERLY ISLAND, IL US",2023-12-09,8.7,9.1,6.5
USC00111550,"CHICAGO NORTHERLY ISLAND, IL US",2023-12-10,0.9,0.9,2.6
USC00111550,"CHICAGO NORTHERLY ISLAND, IL US",2023-12-11,0.5,0.7,-1.2
USC00111550,"CHICAGO NORTHERLY ISLAND, IL US",2023-12-12,2.1,1.9,-1.5
USC00111550,"CHICAGO NORTHERLY ISLAND, IL US",2023-12-13,2.5,1.5,-1.9
USC00111550,"CHICAGO NORTHERLY ISLAND, IL US",2023-12-14,6.9,6.1,-0.3
USC00111550,"CHICAGO NORTHERLY ISLAND, IL US",2023-12-15,8.9,8,0.8
USC00111550,"CHICAGO NORTHERLY ISLAND, IL US",2023-12-16,5.8,6.6,1.8
USC00111550,"CHICAGO NORTHERLY ISLAND, IL US",2023-12-17,4.9,5.2,5
USC00111550,"CHICAGO NORTHERLY ISLAND, IL US",2023-12-18,-0.3,-0.4,0.6
USC00111550,"CHICAGO NORTHERLY ISLAND, IL US",2023-12-19,-2.3,-2.7,-3
USC00111550,"CHICAGO NORTHERLY ISLAND, IL US",2023-12-20,4.1,3.4,-1.1
USC00111550,"CHICAGO NORTHERLY ISLAND, IL US",2023-12-21,4.1,5.1,0.9
USC00111550,"CHICAGO NORTHERLY ISLAND, IL US",2023-12-22,5.9,6.7,3.8
USC00111550,"CHICAGO NORTHERLY ISLAND, IL US",2023-12-23,6.7,7.9,5.6
USC00111550,"CHICAGO NORTHERLY ISLAND, IL US",2023-12-24,8.5,10.4,7.9
USC00111550,"CHICAGO NORTHERLY ISLAND, IL US",2023-12-25,9.1,12,10.4
USC00111550,"CHICAGO NORTHERLY ISLAND, IL US",2023-12-26,6.7,6.2,10
USC00111550,"CHICAGO NORTHERLY ISLAND, IL US",2023-12-27,3.3,3.2,2.4
USC00111550,"CHICAGO NORTHERLY ISLAND, IL US",2023-12-28,4.5,4.6,3.6
USC00111550,"CHICAGO NORTHERLY ISLAND, IL US",2023-12-29,3.5,3.5,4.5
USC00111550,"CHICAGO NORTHERLY ISLAND, IL US",2023-12-30,1.3,1.2,1
USC00111550,"CHICAGO NORTHERLY ISLAND, IL US",2023-12-31,1.5,1.4,-0.7
USW00094846,"CHICAGO OHARE INTERNATIONAL AIRPORT, IL US",2023-01-01,5.5,3.5,3.9
USW00094846,"CHICAGO OHARE INTERNATIONAL AIRPORT, IL US",2023-01-02,3.7,3.2,4.7
USW00094846,"CHICAGO OHARE INTERNATIONAL AIRPORT, IL US",2023-01-03,6.9,5.7,4.8
USW00094846,"CHICAGO OHARE INTERNATIONAL AIRPORT, IL US",2023-01-04,4.3,3.5,5.8
USW00094846,"CHICAGO OHARE INTERNATIONAL AIRPORT, IL US",2023-01-05,0.7,0.3,1.5
USW00094846,"CHICAGO OHARE INTERNATIONAL AIRPORT, IL US",2023-01-06,-0.8,-1.1,0.8
USW00094846,"CHICAGO OHARE INTERNATIONAL AIRPORT, IL US",2023-01-07,-1.1,-1.7,-0.8
USW00094846,"CHICAGO OHARE INTERNATIONAL AIRPORT, IL US",2023-01-08,-0.9,-1.4,-1.6
USW00094846,"CHICAGO OHARE INTERNATIONAL AIRPORT, IL US",2023-01-09,2.6,2,-1.1
USW00094846,"CHICAGO OHARE INTERNATIONAL AIRPORT, IL US",2023-01-10,6.5,5,1.1
USW00094846,"CHICAGO OHARE INTERNATIONAL AIRPORT, IL US",2023-01-11,9.7,7.3,2.4
USW00094846,"CHICAGO OHARE INTERNATIONAL AIRPORT, IL US",2023-01-12,4.6,3.5,2.4
USW00094846,"CHICAGO OHARE INTERNATIONAL AIRPORT, IL US",2023-01-13,0.1,-0.5,0.7
USW00094846,"CHICAGO OHARE INTERNATIONAL AIRPORT, IL US",2023-01-14,-2,-2.2,-1.9
USW00094846,"CHICAGO OHARE INTERNATIONAL AIRPORT, IL US",2023-01-15,2.8,2.1,-0.8
USW00094846,"CHICAGO OHARE INTERNATIONAL AIRPORT, IL US",2023-01-16,8.5,6.7,0.7
USW00094846,"CHICAGO OHARE INTERNATIONAL AIRPORT, IL US",2023-01-17,6.8,5.7,3.5
USW00094846,"CHICAGO OHARE INTERNATIONAL AIRPORT, IL US",2023-01-18,3.9,3.1,2.6
USW00094846,"CHICAGO OHARE INTERNATIONAL AIRPORT, IL US",2023-01-19,3.8,3.6,3.8
USW00094846,"CHICAGO OHARE INTERNATIONAL AIRPORT, IL US",2023-01-20,0.4,0.3,1.7
USW00094846,"CHICAGO OHARE INTERNATIONAL AIRPORT, IL US",2023-01-21,-0.8,-1.2,0.2
USW00094846,"CHICAGO OHARE INTERNATIONAL AIRPORT, IL US",2023-01-22,-0.6,-0.7,0.4
USW00094846,"CHICAGO OHARE INTERNATIONAL AIRPORT, IL US",2023-01-23,-3,-2.9,-0.2
USW00094846,"CHICAGO OHARE INTERNATIONAL AIRPORT, IL US",2023-01-24,0.5,0.1,0.6
USW00094846,"CHICAGO OHARE INTERNATIONAL AIRPORT, IL US",2023-01-25,0.5,0.3,1.3
USW00094846,"CHICAGO OHARE INTERNATIONAL AIRPORT, IL US",2023-01-26,-3.7,-3.4,0.3
USW00094846,"CHICAGO OHARE INTERNATIONAL AIRPORT, IL US",2023-01-27,-2.8,-3.2,-1.3
USW00094846,"CHICAGO OHARE INTERNATIONAL AIRPORT, IL US",2023-01-28,-3.1,-3.8,-1.9
USW00094846,"CHICAGO OHARE INTERNATIONAL AIRPORT, IL US",2023-01-29,-3.3,-4.2,-2.3
USW00094846,"CHICAGO OHARE INTERNATIONAL AIRPORT, IL US",2023-01-30,-10.5,-10.7,-7.4
USW00094846,"CHICAGO OHARE INTERNATIONAL AIRPORT, IL US",2023-01-31,-13.8,-13.9,-10.8
USW00094846,"CHICAGO OHARE INTERNATIONAL AIRPORT, IL US",2023-02-01,-7.3,-8.4,-7.9
USW00094846,"CHICAGO OHARE INTERNATIONAL AIRPORT, IL US",2023-02-02,-4.4,-4.7,-3.3
USW00094846,"CHICAGO OHARE INTERNATIONAL AIRPORT, IL US",2023-02-03,-14.2,-13.5,-10.8
USW00094846,"CHICAGO OHARE INTERNATIONAL AIRPORT, IL US",2023-02-04,-1.2,-2.6,-6.1
USW00094846,"CHICAGO OHARE INTERNATIONAL AIRPORT, IL US",2023-02-05,2.2,1.2,1.2
USW00094846,"CHICAGO OHARE INTERNATIONAL AIRPORT, IL US",2023-02-06,3.1,2.3,0
USW00094846,"CHICAGO OHARE INTERNATIONAL AIRPORT, IL US",2023-02-07,6.4,3.5,4
USW00094846,"CHICAGO OHARE INTERNATIONAL AIRPORT, IL US",2023-02-08,3,1.9,2.2
USW00094846,"CHICAGO OHARE INTERNATIONAL AIRPORT, IL US",2023-02-09,4.3,3.3,2.7
USW00094846,"CHICAGO OHARE INTERNATIONAL AIRPORT, IL US",2023-02-10,0.9,1,1.3
USW00094846,"CHICAGO OHARE INTERNATIONAL AIRPORT, IL US",2023-02-11,3.1,2.7,-0
USW00094846,"CHICAGO OHARE INTERNATIONAL AIRPORT, IL US",2023-02-12,6.3,5.4,1
USW00094846,"CHICAGO OHARE INTERNATIONAL AIRPORT, IL US",2023-02-13,7.2,6.5,2.7
USW00094846,"CHICAGO OHARE INTERNATIONAL AIRPORT, IL US",2023-02-14,8,7.4,3.9
USW00094846,"CHICAGO OHARE INTERNATIONAL AIRPORT, IL US",2023-02-15,6.9,6.2,7.4
USW00094846,"CHICAGO OHARE INTERNATIONAL AIRPORT, IL US",2023-02-16,-0.7,-0.4,1.2
USW00094846,"CHICAGO OHARE INTERNATIONAL AIRPORT, IL US",2023-02-17,-5.2,-4.8,-2.8
USW00094846,"CHICAGO OHARE INTERNATIONAL AIRPORT, IL US",2023-02-18,2.6,1.6,-1.2
USW00094846,"CHICAGO OHARE INTERNATIONAL AIRPORT, IL US",2023-02-19,7.7,6.8,2.7
USW00094846,"CHICAGO OHARE INTERNATIONAL AIRPORT, IL US",2023-02-20,4.8,4,2.5
USW00094846,"CHICAGO OHARE INTERNATIONAL AIRPORT, IL US",2023-02-21,1,0.6,0.5
USW00094846,"CHICAGO OHARE INTERNATIONAL AIRPORT, IL US",2023-02-22,1.6,0.5,-0.2
USW00094846,"CHICAGO OHARE INTERNATIONAL AIRPORT, IL US",2023-02-23,0.7,1.3,0.5
USW00094846,"CHICAGO OHARE INTERNATIONAL AIRPORT, IL US",2023-02-24,-4,-4.2,-2.7
USW00094846,"CHICAGO OHARE INTERNATIONAL AIRPORT, IL US",2023-02-25,0.7,0.1,-1.2
USW00094846,"CHICAGO OHARE INTERNATIONAL AIRPORT, IL US",2023-02-26,5.9,4.9,1.2
USW00094846,"CHICAGO OHARE INTERNATIONAL AIRPORT, IL US",2023-02-27,10,8.5,4.5
USW00094846,"CHICAGO OHARE INTERNATIONAL AIRPORT, IL US",2023-02-28,8,7,4.1
USW00094846,"CHICAGO OHARE INTERNATIONAL AIRPORT, IL US",2023-03-01,9.4,8.9,5.6
USW00094846,"CHICAGO OHARE INTERNATIONAL AIRPORT, IL US",2023-03-02,2.9,2.7,4.5
USW00094846,"CHICAGO OHARE INTERNATIONAL AIRPORT, IL US",2023-03-03,2.2,1.8,2
USW00094846,"CHICAGO OHARE INTERNATIONAL AIRPORT, IL US",2023-03-04,5.4,5,4.1
USW00094846,"CHICAGO OHARE INTERNATIONAL AIRPORT, IL US",2023-03-05,5.9,4.8,5
USW00094846,"CHICAGO OHARE INTERNATIONAL AIRPORT, IL US",2023-03-06,9.5,8.2,5.8
USW00094846,"CHICAGO OHARE INTERNATIONAL AIRPORT, IL US",2023-03-07,5.2,4.9,3.7
USW00094846,"CHICAGO OHARE INTERNATIONAL AIRPORT, IL US",2023-03-08,5.9,4.9,2.6
USW00094846,"CHICAGO OHARE INTERNATIONAL AIRPORT, IL US",2023-03-09,2.9,2.9,2.9
USW00094846,"CHICAGO OHARE INTERNATIONAL AIRPORT, IL US",2023-03-10,1.9,1.7,2.2
USW00094846,"CHICAGO OHARE INTERNATIONAL AIRPORT, IL US",2023-03-11,2.4,2.1,1.7
USW00094846,"CHICAGO OHARE INTERNATIONAL AIRPORT, IL US",2023-03-12,1.3,1.2,2.5
USW00094846,"CHICAGO OHARE INTERNATIONAL AIRPORT, IL US",2023-03-13,-0.9,-1.1,1.1
USW00094846,"CHICAGO OHARE INTERNATIONAL AIRPORT, IL US",2023-03-14,-0.6,-1.4,-0.6
USW00094846,"CHICAGO OHARE INTERNATIONAL AIRPORT, IL US",2023-03-15,4.1,3.4,1.5
USW00094846,"CHICAGO OHARE INTERNATIONAL AIRPORT, IL US",2023-03-16,8,6.4,3.9
USW00094846,"CHICAGO OHARE INTERNATIONAL AIRPORT, IL US",2023-03-17,2.7,2.5,3.3
USW00094846,"CHICAGO OHARE INTERNATIONAL AIRPORT, IL US",2023-03-18,-6.6,-6.9,-4.1
USW00094846,"CHICAGO OHARE INTERNATIONAL AIRPORT, IL US",2023-03-19,-0.1,-0.8,-3
USW00094846,"CHICAGO OHARE INTERNATIONAL AIRPORT, IL US",2023-03-20,6.3,4.9,0.6
USW00094846,"CHICAGO OHARE INTERNATIONAL AIRPORT, IL US",2023-03-21,8.5,8,4.1
USW00094846,"CHICAGO OHARE INTERNATIONAL AIRPORT, IL US",2023-03-22,8.8,8.2,6.6
USW00094846,"CHICAGO OHARE INTERNATIONAL AIRPORT, IL US",2023-03-23,6.3,6,7
USW00094846,"CHICAGO OHARE INTERNATIONAL AIRPORT, IL US",2023-03-24,5,4.6,2.6
USW00094846,"CHICAGO OHARE INTERNATIONAL AIRPORT, IL US",2023-03-25,4.5,4.4,3.3
USW00094846,"CHICAGO OHARE INTERNATIONAL AIRPORT, IL US",2023-03-26,5.8,4.7,4.1
USW00094846,"CHICAGO OHARE INTERNATIONAL AIRPORT, IL US",2023-03-27,4.7,4.4,4.3
USW00094846,"CHICAGO OHARE INTERNATIONAL AIRPORT, IL US",2023-03-28,6,5.4,2.6
USW00094846,"CHICAGO OHARE INTERNATIONAL AIRPORT, IL US",2023-03-29,2.8,2.4,2.1
USW00094846,"CHICAGO OHARE INTERNATIONAL AIRPORT, IL US",2023-03-30,7.4,6.6,0.9
USW00094846,"CHICAGO OHARE INTERNATIONAL AIRPORT, IL US",2023-03-31,16.5,14.2,9.1
USW00094846,"CHICAGO OHARE INTERNATIONAL AIRPORT, IL US",2023-04-01,5.4,5.1,9.4
USW00094846,"CHICAGO OHARE INTERNATIONAL AIRPORT, IL US",2023-04-02,7.7,7.2,3.8
USW00094846,"CHICAGO OHARE INTERNATIONAL AIRPORT, IL US",2023-04-03,13.4,11.4,7.6
USW00094846,"CHICAGO OHARE INTERNATIONAL AIRPORT, IL US",2023-04-04,15.1,15.1,8
USW00094846,"CHICAGO OHARE INTERNATIONAL AIRPORT, IL US",2023-04-05,14.8,14.9,19.4
USW00094846,"CHICAGO OHARE INTERNATIONAL AIRPORT, IL US",2023-04-06,6.7,7.1,5.4
USW00094846,"CHICAGO OHARE INTERNATIONAL AIRPORT, IL US",2023-04-07,6.4,5.9,5
USW00094846,"CHICAGO OHARE INTERNATIONAL AIRPORT, IL US",2023-04-08,11.3,10.4,6.6
USW00094846,"CHICAGO OHARE INTERNATIONAL AIRPORT, IL US",2023-04-09,14.1,13.5,9.8
USW00094846,"CHICAGO OHARE INTERNATIONAL AIRPORT, IL US",2023-04-10,16.9,15.7,11.7
USW00094846,"CHICAGO OHARE INTERNATIONAL AIRPORT, IL US",2023-04-11,20.2,19.5,14.1
USW00094846,"CHICAGO OHARE INTERNATIONAL AIRPORT, IL US",2023-04-12,22.3,22,17.8
USW00094846,"CHICAGO OHARE INTERNATIONAL AIRPORT, IL US",2023-04-13,22.6,22,17.8
USW00094846,"CHICAGO OHARE INTERNATIONAL AIRPORT, IL US",2023-04-14,22.4,20.7,17.6
USW00094846,"CHICAGO OHARE INTERNATIONAL AIRPORT, IL US",2023-04-15,24.2,22.7,19
USW00094846,"CHICAGO OHARE INTERNATIONAL AIRPORT, IL US",2023-04-16,11.2,10.9,14.6
USW00094846,"CHICAGO OHARE INTERNATIONAL AIRPORT, IL US",2023-04-17,2.4,2.4,2.2
USW00094846,"CHICAGO OHARE INTERNATIONAL AIRPORT, IL US",2023-04-18,9,8.6,4.1
USW00094846,"CHICAGO OHARE INTERNATIONAL AIRPORT, IL US",2023-04-19,13,12.2,7.2
USW00094846,"CHICAGO OHARE INTERNATIONAL AIRPORT, IL US",2023-04-20,19.3,18.8,15.7
USW00094846,"CHICAGO OHARE INTERNATIONAL AIRPORT, IL US",2023-04-21,13.1,12.5,13.9
USW00094846,"CHICAGO OHARE INTERNATIONAL AIRPORT, IL US",2023-04-22,5.7,5.7,6.8
USW00094846,"CHICAGO OHARE INTERNATIONAL AIRPORT, IL US",2023-04-23,4.3,3.8,3.8
USW00094846,"CHICAGO OHARE INTERNATIONAL AIRPORT, IL US",2023-04-24,8.3,7.5,5.6
USW00094846,"CHICAGO OHARE INTERNATIONAL AIRPORT, IL US",2023-04-25,5.4,5.2,6.1
USW00094846,"CHICAGO OHARE INTERNATIONAL AIRPORT, IL US",2023-04-26,6.5,5.9,4.8
USW00094846,"CHICAGO OHARE INTERNATIONAL AIRPORT, IL US",2023-04-27,12.9,11.8,7.3
USW00094846,"CHICAGO OHARE INTERNATIONAL AIRPORT, IL US",2023-04-28,13.3,12.2,11.2
USW00094846,"CHICAGO OHARE INTERNATIONAL AIRPORT, IL US",2023-04-29,11.5,10.6,10
USW00094846,"CHICAGO OHARE INTERNATIONAL AIRPORT, IL US",2023-04-30,7.1,6.9,6.9
USW00094846,"CHICAGO OHARE INTERNATIONAL AIRPORT, IL US",2023-05-01,7.8,7.5,6.1
USW00094846,"CHICAGO OHARE INTERNATIONAL AIRPORT, IL US",2023-05-02,9.6,9.4,6.7
USW00094846,"CHICAGO OHARE INTERNATIONAL AIRPORT, IL US",2023-05-03,10.4,10.1,7
USW00094846,"CHICAGO OHARE INTERNATIONAL AIRPORT, IL US",2023-05-04,15.7,14.9,11.8
USW00094846,"CHICAGO OHARE INTERNATIONAL AIRPORT, IL US",2023-05-05,20.6,19.1,14.1
USW00094846,"CHICAGO OHARE INTERNATIONAL AIRPORT, IL US",2023-05-06,21.4,20.3,15.2
USW00094846,"CHICAGO OHARE INTERNATIONAL AIRPORT, IL US",2023-05-07,24.2,23.4,20
USW00094846,"CHICAGO OHARE INTERNATIONAL AIRPORT, IL US",2023-05-08,13.6,13.4,15.4
USW00094846,"CHICAGO OHARE INTERNATIONAL AIRPORT, IL US",2023-05-09,15.9,15.9,14
USW00094846,"CHICAGO OHARE INTERNATIONAL AIRPORT, IL US",2023-05-10,20.2,19,15.9
USW00094846,"CHICAGO OHARE INTERNATIONAL AIRPORT, IL US",2023-05-11,22.6,21.1,17.4
USW00094846,"CHICAGO OHARE INTERNATIONAL AIRPORT, IL US",2023-05-12,20.6,20.6,18.5
USW00094846,"CHICAGO OHARE INTERNATIONAL AIRPORT, IL US",2023-05-13,18,17.8,18.7
USW00094846,"CHICAGO OHARE INTERNATIONAL AIRPORT, IL US",2023-05-14,14.8,15,16
USW00094846,"CHICAGO OHARE INTERNATIONAL AIRPORT, IL US",2023-05-15,16.3,15.8,13.7
USW00094846,"CHICAGO OHARE INTERNATIONAL AIRPORT, IL US",2023-05-16,20.7,19.6,16.6
USW00094846,"CHICAGO OHARE INTERNATIONAL AIRPORT, IL US",2023-05-17,12.6,12.5,13.3
USW00094846,"CHICAGO OHARE INTERNATIONAL AIRPORT, IL US",2023-05-18,17.1,16.1,12.1
USW00094846,"CHICAGO OHARE INTERNATIONAL AIRPORT, IL US",2023-05-19,19.6,18.2,16.5
USW00094846,"CHICAGO OHARE INTERNATIONAL AIRPORT, IL US",2023-05-20,17.1,16.2,13
USW00094846,"CHICAGO OHARE INTERNATIONAL AIRPORT, IL US",2023-05-21,21.3,19.9,15.5
USW00094846,"CHICAGO OHARE INTERNATIONAL AIRPORT, IL US",2023-05-22,22.2,20.7,19.3
USW00094846,"CHICAGO OHARE INTERNATIONAL AIRPORT, IL US",2023-05-23,23.7,22.2,19.7
USW00094846,"CHICAGO OHARE INTERNATIONAL AIRPORT, IL US",2023-05-24,16.1,16.6,18
USW00094846,"CHICAGO OHARE INTERNATIONAL AIRPORT, IL US",2023-05-25,13.2,13,12.6
USW00094846,"CHICAGO OHARE INTERNATIONAL AIRPORT, IL US",2023-05-26,15.6,14.9,11.3
USW00094846,"CHICAGO OHARE INTERNATIONAL AIRPORT, IL US",2023-05-27,17.4,16.5,14.5
USW00094846,"CHICAGO OHARE INTERNATIONAL AIRPORT, IL US",2023-05-28,20.8,20.1,17.1
USW00094846,"CHICAGO OHARE INTERNATIONAL AIRPORT, IL US",2023-05-29,22.8,21.3,18.5
USW00094846,"CHICAGO OHARE INTERNATIONAL AIRPORT, IL US",2023-05-30,25.8,24.1,21.4
USW00094846,"CHICAGO OHARE INTERNATIONAL AIRPORT, IL US",2023-05-31,28,26.4,24.3
USW00094846,"CHICAGO OHARE INTERNATIONAL AIRPORT, IL US",2023-06-01,27.8,26.6,26
USW00094846,"CHICAGO OHARE INTERNATIONAL AIRPORT, IL US",2023-06-02,27.1,26.4,24.3
USW00094846,"CHICAGO OHARE INTERNATIONAL AIRPORT, IL US",2023-06-03,25.3,25.4,22.8
USW00094846,"CHICAGO OHARE INTERNATIONAL AIRPORT, IL US",2023-06-04,21.1,21.3,21.9
USW00094846,"CHICAGO OHARE INTERNATIONAL AIRPORT, IL US",2023-06-05,22.8,22.2,18.8
USW00094846,"CHICAGO OHARE INTERNATIONAL AIRPORT, IL US",2023-06-06,21.5,21.2,19.5
USW00094846,"CHICAGO OHARE INTERNATIONAL AIRPORT, IL US",2023-06-07,19.5,19.4,16.7
USW00094846,"CHICAGO OHARE INTERNATIONAL AIRPORT, IL US",2023-06-08,18.7,18.2,14.8
USW00094846,"CHICAGO OHARE INTERNATIONAL AIRPORT, IL US",2023-06-09,22.2,20.2,16.2
USW00094846,"CHICAGO OHARE INTERNATIONAL AIRPORT, IL US",2023-06-10,24.8,23.4,19.5
USW00094846,"CHICAGO OHARE INTERNATIONAL AIRPORT, IL US",2023-06-11,14.7,14.5,17.6
USW00094846,"CHICAGO OHARE INTERNATIONAL AIRPORT, IL US",2023-06-12,16.5,15.9,13.4
USW00094846,"CHICAGO OHARE INTERNATIONAL AIRPORT, IL US",2023-06-13,16.1,15.6,14.3
USW00094846,"CHICAGO OHARE INTERNATIONAL AIRPORT, IL US",2023-06-14,21.1,19.9,17.8
USW00094846,"CHICAGO OHARE INTERNATIONAL AIRPORT, IL US",2023-06-15,20.8,20.9,21.9
USW00094846,"CHICAGO OHARE INTERNATIONAL AIRPORT, IL US",2023-06-16,16.5,16,16.6
USW00094846,"CHICAGO OHARE INTERNATIONAL AIRPORT, IL US",2023-06-17,21.1,19.7,17.3
USW00094846,"CHICAGO OHARE INTERNATIONAL AIRPORT, IL US",2023-06-18,24.3,23,20.4
USW00094846,"CHICAGO OHARE INTERNATIONAL AIRPORT, IL US",2023-06-19,24.9,23.9,22.6
USW00094846,"CHICAGO OHARE INTERNATIONAL AIRPORT, IL US",2023-06-20,23.3,22.9,21.7
USW00094846,"CHICAGO OHARE INTERNATIONAL AIRPORT, IL US",2023-06-21,25.2,24.6,23.4
USW00094846,"CHICAGO OHARE INTERNATIONAL AIRPORT, IL US",2023-06-22,25.6,24.5,22.5
USW00094846,"CHICAGO OHARE INTERNATIONAL AIRPORT, IL US",2023-06-23,25.4,24.4,22.2
USW00094846,"CHICAGO OHARE INTERNATIONAL AIRPORT, IL US",2023-06-24,28,26.3,23.6
USW00094846,"CHICAGO OHARE INTERNATIONAL AIRPORT, IL US",2023-06-25,26.1,25.2,24.4
USW00094846,"CHICAGO OHARE INTERNATIONAL AIRPORT, IL US",2023-06-26,22.4,21.8,20.6
USW00094846,"CHICAGO OHARE INTERNATIONAL AIRPORT, IL US",2023-06-27,22.3,21.3,21.4
USW00094846,"CHICAGO OHARE INTERNATIONAL AIRPORT, IL US",2023-06-28,23.5,22.3,21.6
USW00094846,"CHICAGO OHARE INTERNATIONAL AIRPORT, IL US",2023-06-29,27.6,25.6,24
USW00094846,"CHICAGO OHARE INTERNATIONAL AIRPORT, IL US",2023-06-30,28.6,27.1,26.3
USW00094846,"CHICAGO OHARE INTERNATIONAL AIRPORT, IL US",2023-07-01,26.9,25.6,26.4
USW00094846,"CHICAGO OHARE INTERNATIONAL AIRPORT, IL US",2023-07-02,21.3,21.4,21.7
USW00094846,"CHICAGO OHARE INTERNATIONAL AIRPORT, IL US",2023-07-03,25.9,24.4,22.4
USW00094846,"CHICAGO OHARE INTERNATIONAL AIRPORT, IL US",2023-07-04,28.5,27.2,25.7
USW00094846,"CHICAGO OHARE INTERNATIONAL AIRPORT, IL US",2023-07-05,28.4,28,26.4
USW00094846,"CHICAGO OHARE INTERNATIONAL AIRPORT, IL US",2023-07-06,24.3,24,25.6
USW00094846,"CHICAGO OHARE INTERNATIONAL AIRPORT, IL US",2023-07-07,23.5,22.9,21.3
USW00094846,"CHICAGO OHARE INTERNATIONAL AIRPORT, IL US",2023-07-08,21.8,21.2,19.1
USW00094846,"CHICAGO OHARE INTERNATIONAL AIRPORT, IL US",2023-07-09,24.2,23.2,20.5
USW00094846,"CHICAGO OHARE INTERNATIONAL AIRPORT, IL US",2023-07-10,25.8,24.3,22.4
USW00094846,"CHICAGO OHARE INTERNATIONAL AIRPORT, IL US",2023-07-11,26.3,25.4,23.5
USW00094846,"CHICAGO OHARE INTERNATIONAL AIRPORT, IL US",2023-07-12,21.8,21.5,23.1
USW00094846,"CHICAGO OHARE INTERNATIONAL AIRPORT, IL US",2023-07-13,22.3,21.9,21.5
USW00094846,"CHICAGO OHARE INTERNATIONAL AIRPORT, IL US",2023-07-14,27.4,26.5,23.7
USW00094846,"CHICAGO OHARE INTERNATIONAL AIRPORT, IL US",2023-07-15,26.1,25.4,26.3
USW00094846,"CHICAGO OHARE INTERNATIONAL AIRPORT, IL US",2023-07-16,24.1,23.7,23.7
USW00094846,"CHICAGO OHARE INTERNATIONAL AIRPORT, IL US",2023-07-17,23.6,22.8,21.6
USW00094846,"CHICAGO OHARE INTERNATIONAL AIRPORT, IL US",2023-07-18,23.3,21.6,21.4
USW00094846,"CHICAGO OHARE INTERNATIONAL AIRPORT, IL US",2023-07-19,25,23.4,20.7
USW00094846,"CHICAGO OHARE INTERNATIONAL AIRPORT, IL US",2023-07-20,26.4,25.2,23.8
USW00094846,"CHICAGO OHARE INTERNATIONAL AIRPORT, IL US",2023-07-21,23.9,23.2,22.7
USW00094846,"CHICAGO OHARE INTERNATIONAL AIRPORT, IL US",2023-07-22,25,24,22.5
USW00094846,"CHICAGO OHARE INTERNATIONAL AIRPORT, IL US",2023-07-23,24.5,23.9,23.1
USW00094846,"CHICAGO OHARE INTERNATIONAL AIRPORT, IL US",2023-07-24,27.1,25.5,24.6
USW00094846,"CHICAGO OHARE INTERNATIONAL AIRPORT, IL US",2023-07-25,28.2,26.6,25.1
USW00094846,"CHICAGO OHARE INTERNATIONAL AIRPORT, IL US",2023-07-26,28.1,27.6,25.8
USW00094846,"CHICAGO OHARE INTERNATIONAL AIRPORT, IL US",2023-07-27,28.9,28,27.9
USW00094846,"CHICAGO OHARE INTERNATIONAL AIRPORT, IL US",2023-07-28,28.9,28.4,27.6
USW00094846,"CHICAGO OHARE INTERNATIONAL AIRPORT, IL US",2023-07-29,25.3,24.8,25.8
USW00094846,"CHICAGO OHARE INTERNATIONAL AIRPORT, IL US",2023-07-30,23.8,22.9,22.3
USW00094846,"CHICAGO OHARE INTERNATIONAL AIRPORT, IL US",2023-07-31,24.2,23.1,21.7
USW00094846,"CHICAGO OHARE INTERNATIONAL AIRPORT, IL US",2023-08-01,25.9,24.7,22.6
USW00094846,"CHICAGO OHARE INTERNATIONAL AIRPORT, IL US",2023-08-02,25.7,24.6,22.8
USW00094846,"CHICAGO OHARE INTERNATIONAL AIRPORT, IL US",2023-08-03,27.2,25.7,24.8
USW00094846,"CHICAGO OHARE INTERNATIONAL AIRPORT, IL US",2023-08-04,26.5,25.4,25.8
USW00094846,"CHICAGO OHARE INTERNATIONAL AIRPORT, IL US",2023-08-05,23.3,22.5,22.3
USW00094846,"CHICAGO OHARE INTERNATIONAL AIRPORT, IL US",2023-08-06,21.3,21.3,20.4
USW00094846,"CHICAGO OHARE INTERNATIONAL AIRPORT, IL US",2023-08-07,24.3,23.1,21.2
USW00094846,"CHICAGO OHARE INTERNATIONAL AIRPORT, IL US",2023-08-08,24.8,23.7,22.7
USW00094846,"CHICAGO OHARE INTERNATIONAL AIRPORT, IL US",2023-08-09,23.3,22.2,23.3
USW00094846,"CHICAGO OHARE INTERNATIONAL AIRPORT, IL US",2023-08-10,25.4,24.2,23.7
USW00094846,"CHICAGO OHARE INTERNATIONAL AIRPORT, IL US",2023-08-11,26.1,25.3,25.6
USW00094846,"CHICAGO OHARE INTERNATIONAL AIRPORT, IL US",2023-08-12,26.4,25.7,26.3
USW00094846,"CHICAGO OHARE INTERNATIONAL AIRPORT, IL US",2023-08-13,23.9,22.9,24.3
USW00094846,"CHICAGO OHARE INTERNATIONAL AIRPORT, IL US",2023-08-14,21.8,20.9,21.8
USW00094846,"CHICAGO OHARE INTERNATIONAL AIRPORT, IL US",2023-08-15,22.1,21.5,19.3
USW00094846,"CHICAGO OHARE INTERNATIONAL AIRPORT, IL US",2023-08-16,23,21.6,20.9
USW00094846,"CHICAGO OHARE INTERNATIONAL AIRPORT, IL US",2023-08-17,23,22.1,20.1
USW00094846,"CHICAGO OHARE INTERNATIONAL AIRPORT, IL US",2023-08-18,21.7,20.7,19.4
USW00094846,"CHICAGO OHARE INTERNATIONAL AIRPORT, IL US",2023-08-19,24.3,22.8,21
USW00094846,"CHICAGO OHARE INTERNATIONAL AIRPORT, IL US",2023-08-20,28.2,27.2,25.4
USW00094846,"CHICAGO OHARE INTERNATIONAL AIRPORT, IL US",2023-08-21,25,24.5,24.8
USW00094846,"CHICAGO OHARE INTERNATIONAL AIRPORT, IL US",2023-08-22,27.6,26.1,24.3
USW00094846,"CHICAGO OHARE INTERNATIONAL AIRPORT, IL US",2023-08-23,32.1,30.7,28.1
USW00094846,"CHICAGO OHARE INTERNATIONAL AIRPORT, IL US",2023-08-24,32.3,31.7,32.1
USW00094846,"CHICAGO OHARE INTERNATIONAL AIRPORT, IL US",2023-08-25,25.4,24.8,27.3
USW00094846,"CHICAGO OHARE INTERNATIONAL AIRPORT, IL US",2023-08-26,21.9,21.8,23.7
USW00094846,"CHICAGO OHARE INTERNATIONAL AIRPORT, IL US",2023-08-27,20.8,20.4,20.2
USW00094846,"CHICAGO OHARE INTERNATIONAL AIRPORT, IL US",2023-08-28,22.8,21.1,19.7
USW00094846,"CHICAGO OHARE INTERNATIONAL AIRPORT, IL US",2023-08-29,25.3,23.7,21.6
USW00094846,"CHICAGO OHARE INTERNATIONAL AIRPORT, IL US",2023-08-30,18.2,18,20
USW00094846,"CHICAGO OHARE INTERNATIONAL AIRPORT, IL US",2023-08-31,20.6,19.2,17.4
USW00094846,"CHICAGO OHARE INTERNATIONAL AIRPORT, IL US",2023-09-01,23.5,22,19.9
USW00094846,"CHICAGO OHARE INTERNATIONAL AIRPORT, IL US",2023-09-02,26.2,24.4,23.1
USW00094846,"CHICAGO OHARE INTERNATIONAL AIRPORT, IL US",2023-09-03,29.2,27.6,26.5
USW00094846,"CHICAGO OHARE INTERNATIONAL AIRPORT, IL US",2023-09-04,29.4,28.4,27.5
USW00094846,"CHICAGO OHARE INTERNATIONAL AIRPORT, IL US",2023-09-05,30,28.7,30.7
USW00094846,"CHICAGO OHARE INTERNATIONAL AIRPORT, IL US",2023-09-06,25.7,24.6,28.4
USW00094846,"CHICAGO OHARE INTERNATIONAL AIRPORT, IL US",2023-09-07,20.2,19.7,22.8
USW00094846,"CHICAGO OHARE INTERNATIONAL AIRPORT, IL US",2023-09-08,17.8,17.9,19.9
USW00094846,"CHICAGO OHARE INTERNATIONAL AIRPORT, IL US",2023-09-09,20,19,18.9
USW00094846,"CHICAGO OHARE INTERNATIONAL AIRPORT, IL US",2023-09-10,22,20.5,19.8
USW00094846,"CHICAGO OHARE INTERNATIONAL AIRPORT, IL US",2023-09-11,19.1,17.5,20.7
USW00094846,"CHICAGO OHARE INTERNATIONAL AIRPORT, IL US",2023-09-12,18.9,17.9,17.9
USW00094846,"CHICAGO OHARE INTERNATIONAL AIRPORT, IL US",2023-09-13,18.3,16.8,16.4
USW00094846,"CHICAGO OHARE INTERNATIONAL AIRPORT, IL US",2023-09-14,18.7,17.1,15.8
USW00094846,"CHICAGO OHARE INTERNATIONAL AIRPORT, IL US",2023-09-15,20.6,18.9,17.9
USW00094846,"CHICAGO OHARE INTERNATIONAL AIRPORT, IL US",2023-09-16,18.9,18.3,19
USW00094846,"CHICAGO OHARE INTERNATIONAL AIRPORT, IL US",2023-09-17,16.3,17.1,18.9
USW00094846,"CHICAGO OHARE INTERNATIONAL AIRPORT, IL US",2023-09-18,18.4,17.4,16.1
USW00094846,"CHICAGO OHARE INTERNATIONAL AIRPORT, IL US",2023-09-19,17.8,16.3,16
USW00094846,"CHICAGO OHARE INTERNATIONAL AIRPORT, IL US",2023-09-20,23,21.5,19.1
USW00094846,"CHICAGO OHARE INTERNATIONAL AIRPORT, IL US",2023-09-21,23.9,21.3,20.7
USW00094846,"CHICAGO OHARE INTERNATIONAL AIRPORT, IL US",2023-09-22,23.6,22,20.3
USW00094846,"CHICAGO OHARE INTERNATIONAL AIRPORT, IL US",2023-09-23,23.7,22.2,20.7
USW00094846,"CHICAGO OHARE INTERNATIONAL AIRPORT, IL US",2023-09-24,21.7,20.3,18.4
USW00094846,"CHICAGO OHARE INTERNATIONAL AIRPORT, IL US",2023-09-25,21.5,20.7,19.1
USW00094846,"CHICAGO OHARE INTERNATIONAL AIRPORT, IL US",2023-09-26,20.6,20.4,19.9
USW00094846,"CHICAGO OHARE INTERNATIONAL AIRPORT, IL US",2023-09-27,20.2,19.3,19.6
USW00094846,"CHICAGO OHARE INTERNATIONAL AIRPORT, IL US",2023-09-28,19.5,18.7,18.3
USW00094846,"CHICAGO OHARE INTERNATIONAL AIRPORT, IL US",2023-09-29,21.1,19.2,17.9
USW00094846,"CHICAGO OHARE INTERNATIONAL AIRPORT, IL US",2023-09-30,23.9,21.9,20.4
USW00094846,"CHICAGO OHARE INTERNATIONAL AIRPORT, IL US",2023-10-01,25.3,23.3,21.9
USW00094846,"CHICAGO OHARE INTERNATIONAL AIRPORT, IL US",2023-10-02,25.2,23.4,22.1
USW00094846,"CHICAGO OHARE INTERNATIONAL AIRPORT, IL US",2023-10-03,25.6,24,21.4
USW00094846,"CHICAGO OHARE INTERNATIONAL AIRPORT, IL US",2023-10-04,25.4,24.4,21.9
USW00094846,"CHICAGO OHARE INTERNATIONAL AIRPORT, IL US",2023-10-05,20,19.5,20.3
USW00094846,"CHICAGO OHARE INTERNATIONAL AIRPORT, IL US",2023-10-06,13.8,12.7,12.9
USW00094846,"CHICAGO OHARE INTERNATIONAL AIRPORT, IL US",2023-10-07,12.8,11.4,9.5
USW00094846,"CHICAGO OHARE INTERNATIONAL AIRPORT, IL US",2023-10-08,11.3,10,9.2
USW00094846,"CHICAGO OHARE INTERNATIONAL AIRPORT, IL US",2023-10-09,11.7,10.5,8
USW00094846,"CHICAGO OHARE INTERNATIONAL AIRPORT, IL US",2023-10-10,13,11.8,9.5
USW00094846,"CHICAGO OHARE INTERNATIONAL AIRPORT, IL US",2023-10-11,14,12.8,9.2
USW00094846,"CHICAGO OHARE INTERNATIONAL AIRPORT, IL US",2023-10-12,15.2,13.1,11.8
USW00094846,"CHICAGO OHARE INTERNATIONAL AIRPORT, IL US",2023-10-13,14.7,13.3,13.3
USW00094846,"CHICAGO OHARE INTERNATIONAL AIRPORT, IL US",2023-10-14,12.1,11.5,11.4
USW00094846,"CHICAGO OHARE INTERNATIONAL AIRPORT, IL US",2023-10-15,12.7,11.4,11.3
USW00094846,"CHICAGO OHARE INTERNATIONAL AIRPORT, IL US",2023-10-16,10.5,9.7,11.6
USW00094846,"CHICAGO OHARE INTERNATIONAL AIRPORT, IL US",2023-10-17,12.8,11.4,10.5
USW00094846,"CHICAGO OHARE INTERNATIONAL AIRPORT, IL US",2023-10-18,15.2,13.6,11.5
USW00094846,"CHICAGO OHARE INTERNATIONAL AIRPORT, IL US",2023-10-19,14.6,12.6,12
USW00094846,"CHICAGO OHARE INTERNATIONAL AIRPORT, IL US",2023-10-20,13.3,12.6,12.5
USW00094846,"CHICAGO OHARE INTERNATIONAL AIRPORT, IL US",2023-10-21,14.4,12.9,11
USW00094846,"CHICAGO OHARE INTERNATIONAL AIRPORT, IL US",2023-10-22,12,10.7,10.2
USW00094846,"CHICAGO OHARE INTERNATIONAL AIRPORT, IL US",2023-10-23,14.6,13.3,9.5
USW00094846,"CHICAGO OHARE INTERNATIONAL AIRPORT, IL US",2023-10-24,23.7,20.8,15.5
USW00094846,"CHICAGO OHARE INTERNATIONAL AIRPORT, IL US",2023-10-25,18.8,17.5,18.1
USW00094846,"CHICAGO OHARE INTERNATIONAL AIRPORT, IL US",2023-10-26,20.7,19.2,18.8
USW00094846,"CHICAGO OHARE INTERNATIONAL AIRPORT, IL US",2023-10-27,16.3,16.8,20.6
USW00094846,"CHICAGO OHARE INTERNATIONAL AIRPORT, IL US",2023-10-28,8.3,7.5,8.3
USW00094846,"CHICAGO OHARE INTERNATIONAL AIRPORT, IL US",2023-10-29,6.6,6.1,7.5
USW00094846,"CHICAGO OHARE INTERNATIONAL AIRPORT, IL US",2023-10-30,3.9,2.9,3.3
USW00094846,"CHICAGO OHARE INTERNATIONAL AIRPORT, IL US",2023-10-31,1.6,0.4,1
USW00094846,"CHICAGO OHARE INTERNATIONAL AIRPORT, IL US",2023-11-01,2.8,1.5,1.8
USW00094846,"CHICAGO OHARE INTERNATIONAL AIRPORT, IL US",2023-11-02,9.1,7,3.6
USW00094846,"CHICAGO OHARE INTERNATIONAL AIRPORT, IL US",2023-11-03,12.4,9.7,6.6
USW00094846,"CHICAGO OHARE INTERNATIONAL AIRPORT, IL US",2023-11-04,11.4,10.1,9.2
USW00094846,"CHICAGO OHARE INTERNATIONAL AIRPORT, IL US",2023-11-05,11.4,10.2,7.6
USW00094846,"CHICAGO OHARE INTERNATIONAL AIRPORT, IL US",2023-11-06,17.5,15.9,11.1
USW00094846,"CHICAGO OHARE INTERNATIONAL AIRPORT, IL US",2023-11-07,10,9.8,9.9
USW00094846,"CHICAGO OHARE INTERNATIONAL AIRPORT, IL US",2023-11-08,11.3,11.1,9.2
USW00094846,"CHICAGO OHARE INTERNATIONAL AIRPORT, IL US",2023-11-09,9.8,9.7,9.9
USW00094846,"CHICAGO OHARE INTERNATIONAL AIRPORT, IL US",2023-11-10,5.7,5.3,5
USW00094846,"CHICAGO OHARE INTERNATIONAL AIRPORT, IL US",2023-11-11,6,5.5,5.5
USW00094846,"CHICAGO OHARE INTERNATIONAL AIRPORT, IL US",2023-11-12,10.6,9.5,6.6
USW00094846,"CHICAGO OHARE INTERNATIONAL AIRPORT, IL US",2023-11-13,11.7,11.4,7.1
USW00094846,"CHICAGO OHARE INTERNATIONAL AIRPORT, IL US",2023-11-14,9.8,9.7,7.3
USW00094846,"CHICAGO OHARE INTERNATIONAL AIRPORT, IL US",2023-11-15,13.2,12.3,6.9
USW00094846,"CHICAGO OHARE INTERNATIONAL AIRPORT, IL US",2023-11-16,14.1,13.5,9.3
USW00094846,"CHICAGO OHARE INTERNATIONAL AIRPORT, IL US",2023-11-17,9.9,9.9,11.7
USW00094846,"CHICAGO OHARE INTERNATIONAL AIRPORT, IL US",2023-11-18,6.9,6.2,2.9
USW00094846,"CHICAGO OHARE INTERNATIONAL AIRPORT, IL US",2023-11-19,8.1,7.3,4.5
USW00094846,"CHICAGO OHARE INTERNATIONAL AIRPORT, IL US",2023-11-20,8.3,7.3,5.7
USW00094846,"CHICAGO OHARE INTERNATIONAL AIRPORT, IL US",2023-11-21,4.9,5,6
USW00094846,"CHICAGO OHARE INTERNATIONAL AIRPORT, IL US",2023-11-22,5.2,4.8,3.1
USW00094846,"CHICAGO OHARE INTERNATIONAL AIRPORT, IL US",2023-11-23,5.4,5.1,2.3
USW00094846,"CHICAGO OHARE INTERNATIONAL AIRPORT, IL US",2023-11-24,-0.8,-0.7,1.2
USW00094846,"CHICAGO OHARE INTERNATIONAL AIRPORT, IL US",2023-11-25,0.7,0.4,-0.4
USW00094846,"CHICAGO OHARE INTERNATIONAL AIRPORT, IL US",2023-11-26,-0.5,-0.8,-0.1
USW00094846,"CHICAGO OHARE INTERNATIONAL AIRPORT, IL US",2023-11-27,-4,-4.5,-2.1
USW00094846,"CHICAGO OHARE INTERNATIONAL AIRPORT, IL US",2023-11-28,-6.5,-6.5,-5.7
USW00094846,"CHICAGO OHARE INTERNATIONAL AIRPORT, IL US",2023-11-29,0.1,-0.4,-3.2
USW00094846,"CHICAGO OHARE INTERNATIONAL AIRPORT, IL US",2023-11-30,6.4,5.5,-0.2
USW00094846,"CHICAGO OHARE INTERNATIONAL AIRPORT, IL US",2023-12-01,5.6,5.2,2
USW00094846,"CHICAGO OHARE INTERNATIONAL AIRPORT, IL US",2023-12-02,5.2,5,3.6
USW00094846,"CHICAGO OHARE INTERNATIONAL AIRPORT, IL US",2023-12-03,3.5,3.6,3.8
USW00094846,"CHICAGO OHARE INTERNATIONAL AIRPORT, IL US",2023-12-04,3,2.8,1.6
USW00094846,"CHICAGO OHARE INTERNATIONAL AIRPORT, IL US",2023-12-05,3,2.8,1.4
USW00094846,"CHICAGO OHARE INTERNATIONAL AIRPORT, IL US",2023-12-06,2.4,2.3,0.4
USW00094846,"CHICAGO OHARE INTERNATIONAL AIRPORT, IL US",2023-12-07,7.3,7,2.1
USW00094846,"CHICAGO OHARE INTERNATIONAL AIRPORT, IL US",2023-12-08,11.1,9.7,4.2
USW00094846,"CHICAGO OHARE INTERNATIONAL AIRPORT, IL US",2023-12-09,8.1,8.4,6.5
USW00094846,"CHICAGO OHARE INTERNATIONAL AIRPORT, IL US",2023-12-10,0.6,0.7,2.4
USW00094846,"CHICAGO OHARE INTERNATIONAL AIRPORT, IL US",2023-12-11,0.5,0.3,-1.1
USW00094846,"CHICAGO OHARE INTERNATIONAL AIRPORT, IL US",2023-12-12,0.9,0.8,-1
USW00094846,"CHICAGO OHARE INTERNATIONAL AIRPORT, IL US",2023-12-13,1.1,0.6,-1.8
USW00094846,"CHICAGO OHARE INTERNATIONAL AIRPORT, IL US",2023-12-14,6.4,5.1,0.3
USW00094846,"CHICAGO OHARE INTERNATIONAL AIRPORT, IL US",2023-12-15,7.8,7.3,1.6
USW00094846,"CHICAGO OHARE INTERNATIONAL AIRPORT, IL US",2023-12-16,6.7,5.8,2.5
USW00094846,"CHICAGO OHARE INTERNATIONAL AIRPORT, IL US",2023-12-17,4.9,5,5.1
USW00094846,"CHICAGO OHARE INTERNATIONAL AIRPORT, IL US",2023-12-18,-1.3,-0.9,0.5
USW00094846,"CHICAGO OHARE INTERNATIONAL AIRPORT, IL US",2023-12-19,-2.9,-3.3,-3
USW00094846,"CHICAGO OHARE INTERNATIONAL AIRPORT, IL US",2023-12-20,4,2.3,-0.7
USW00094846,"CHICAGO OHARE INTERNATIONAL AIRPORT, IL US",2023-12-21,5.6,4.7,1.1
USW00094846,"CHICAGO OHARE INTERNATIONAL AIRPORT, IL US",2023-12-22,6.8,6.3,3.9
USW00094846,"CHICAGO OHARE INTERNATIONAL AIRPORT, IL US",2023-12-23,8.1,7.9,6.1
USW00094846,"CHICAGO OHARE INTERNATIONAL AIRPORT, IL US",2023-12-24,11.3,10.3,7.5
USW00094846,"CHICAGO OHARE INTERNATIONAL AIRPORT, IL US",2023-12-25,13,12,9.8
USW00094846,"CHICAGO OHARE INTERNATIONAL AIRPORT, IL US",2023-12-26,5.9,5.3,9.7
USW00094846,"CHICAGO OHARE INTERNATIONAL AIRPORT, IL US",2023-12-27,3,2.6,2.3
USW00094846,"CHICAGO OHARE INTERNATIONAL AIRPORT, IL US",2023-12-28,3.8,3.4,3.6
USW00094846,"CHICAGO OHARE INTERNATIONAL AIRPORT, IL US",2023-12-29,2.5,2.8,4.4
USW00094846,"CHICAGO OHARE INTERNATIONAL AIRPORT, IL US",2023-12-30,0.6,0.5,1
USW00094846,"CHICAGO OHARE INTERNATIONAL AIRPORT, IL US",2023-12-31,1.1,0.6,-0.5
USW00014819,"CHICAGO MIDWAY AIRPORT, IL US",2023-01-01,5.5,4.6,4.7
USW00014819,"CHICAGO MIDWAY AIRPORT, IL US",2023-01-02,4.1,3.9,5.7
USW00014819,"CHICAGO MIDWAY AIRPORT, IL US",2023-01-03,7.4,7.3,8.2
USW00014819,"CHICAGO MIDWAY AIRPORT, IL US",2023-01-04,4.6,3.9,8.1
USW00014819,"CHICAGO MIDWAY AIRPORT, IL US",2023-01-05,0.5,0.4,1.9
USW00014819,"CHICAGO MIDWAY AIRPORT, IL US",2023-01-06,-1.1,-1.1,1.1
USW00014819,"CHICAGO MIDWAY AIRPORT, IL US",2023-01-07,-0.5,-1.1,-0.6
USW00014819,"CHICAGO MIDWAY AIRPORT, IL US",2023-01-08,-0.2,-0.6,-1.4
USW00014819,"CHICAGO MIDWAY AIRPORT, IL US",2023-01-09,2.6,2.4,-1.1
USW00014819,"CHICAGO MIDWAY AIRPORT, IL US",2023-01-10,6.6,5.4,1.2
USW00014819,"CHICAGO MIDWAY AIRPORT, IL US",2023-01-11,8.4,7.6,3.2
USW00014819,"CHICAGO MIDWAY AIRPORT, IL US",2023-01-12,5,3.9,3.3
USW00014819,"CHICAGO MIDWAY AIRPORT, IL US",2023-01-13,-0,-0.1,1
USW00014819,"CHICAGO MIDWAY AIRPORT, IL US",2023-01-14,-2,-2.1,-1.7
USW00014819,"CHICAGO MIDWAY AIRPORT, IL US",2023-01-15,2.4,2,-1
USW00014819,"CHICAGO MIDWAY AIRPORT, IL US",2023-01-16,8.5,7.2,1.2
USW00014819,"CHICAGO MIDWAY AIRPORT, IL US",2023-01-17,7.2,6.2,4.7
USW00014819,"CHICAGO MIDWAY AIRPORT, IL US",2023-01-18,3.2,3.1,3.1
USW00014819,"CHICAGO MIDWAY AIRPORT, IL US",2023-01-19,3.8,3.8,4.8
USW00014819,"CHICAGO MIDWAY AIRPORT, IL US",2023-01-20,0.6,0.4,1.9
USW00014819,"CHICAGO MIDWAY AIRPORT, IL US",2023-01-21,-0.8,-1,0.7
USW00014819,"CHICAGO MIDWAY AIRPORT, IL US",2023-01-22,0,-0.4,0.8
USW00014819,"CHICAGO MIDWAY AIRPORT, IL US",2023-01-23,-2.2,-2.3,0.1
USW00014819,"CHICAGO MIDWAY AIRPORT, IL US",2023-01-24,0.9,0.2,0.8
USW00014819,"CHICAGO MIDWAY AIRPORT, IL US",2023-01-25,0.8,0.4,1.5
USW00014819,"CHICAGO MIDWAY AIRPORT, IL US",2023-01-26,-3.7,-3.5,0.3
USW00014819,"CHICAGO MIDWAY AIRPORT, IL US",2023-01-27,-2.2,-2.8,-1.3
USW00014819,"CHICAGO MIDWAY AIRPORT, IL US",2023-01-28,-2.9,-3.4,-0.8
USW00014819,"CHICAGO MIDWAY AIRPORT, IL US",2023-01-29,-3.3,-3.5,-0.8
USW00014819,"CHICAGO MIDWAY AIRPORT, IL US",2023-01-30,-9.9,-9.9,-5.4
USW00014819,"CHICAGO MIDWAY AIRPORT, IL US",2023-01-31,-12.3,-12.5,-9.6
USW00014819,"CHICAGO MIDWAY AIRPORT, IL US",2023-02-01,-6.9,-7.5,-8
USW00014819,"CHICAGO MIDWAY AIRPORT, IL US",2023-02-02,-3.7,-3.9,-3.5
USW00014819,"CHICAGO MIDWAY AIRPORT, IL US",2023-02-03,-13.4,-12.9,-9.1
USW00014819,"CHICAGO MIDWAY AIRPORT, IL US",2023-02-04,-0.6,-1.6,-5.8
USW00014819,"CHICAGO MIDWAY AIRPORT, IL US",2023-02-05,3.1,2,2
USW00014819,"CHICAGO MIDWAY AIRPORT, IL US",2023-02-06,3.1,2.9,0.7
USW00014819,"CHICAGO MIDWAY AIRPORT, IL US",2023-02-07,5.7,4.5,5.7
USW00014819,"CHICAGO MIDWAY AIRPORT, IL US",2023-02-08,2.2,1.8,2.5
USW00014819,"CHICAGO MIDWAY AIRPORT, IL US",2023-02-09,5.9,4.7,4.5
USW00014819,"CHICAGO MIDWAY AIRPORT, IL US",2023-02-10,1.4,1.6,1.6
USW00014819,"CHICAGO MIDWAY AIRPORT, IL US",2023-02-11,3.1,2.8,0
USW00014819,"CHICAGO MIDWAY AIRPORT, IL US",2023-02-12,5.9,5.6,1
USW00014819,"CHICAGO MIDWAY AIRPORT, IL US",2023-02-13,7.5,6.7,2.7
USW00014819,"CHICAGO MIDWAY AIRPORT, IL US",2023-02-14,8.3,7.7,4.7
USW00014819,"CHICAGO MIDWAY AIRPORT, IL US",2023-02-15,8,6.9,9.1
USW00014819,"CHICAGO MIDWAY AIRPORT, IL US",2023-02-16,-0.2,0.1,2.3
USW00014819,"CHICAGO MIDWAY AIRPORT, IL US",2023-02-17,-4.4,-4.3,-1.9
USW00014819,"CHICAGO MIDWAY AIRPORT, IL US",2023-02-18,3,2.5,-0.9
USW00014819,"CHICAGO MIDWAY AIRPORT, IL US",2023-02-19,8.6,7.5,3.9
USW00014819,"CHICAGO MIDWAY AIRPORT, IL US",2023-02-20,4.3,4.4,3.4
USW00014819,"CHICAGO MIDWAY AIRPORT, IL US",2023-02-21,1.5,1.2,1.6
USW00014819,"CHICAGO MIDWAY AIRPORT, IL US",2023-02-22,1.8,1.2,0.2
USW00014819,"CHICAGO MIDWAY AIRPORT, IL US",2023-02-23,1.8,2,1.6
USW00014819,"CHICAGO MIDWAY AIRPORT, IL US",2023-02-24,-4.3,-3.9,-1.8
USW00014819,"CHICAGO MIDWAY AIRPORT, IL US",2023-02-25,0.9,0.4,-0.1
USW00014819,"CHICAGO MIDWAY AIRPORT, IL US",2023-02-26,5.2,4.9,2.2
USW00014819,"CHICAGO MIDWAY AIRPORT, IL US",2023-02-27,10.6,9.3,7.1
USW00014819,"CHICAGO MIDWAY AIRPORT, IL US",2023-02-28,7.5,6.8,5.1
USW00014819,"CHICAGO MIDWAY AIRPORT, IL US",2023-03-01,9.5,9.1,7.3
USW00014819,"CHICAGO MIDWAY AIRPORT, IL US",2023-03-02,2.4,2.7,5
USW00014819,"CHICAGO MIDWAY AIRPORT, IL US",2023-03-03,2.4,2.1,2.6
USW00014819,"CHICAGO MIDWAY AIRPORT, IL US",2023-03-04,5.2,4.7,4.2
USW00014819,"CHICAGO MIDWAY AIRPORT, IL US",2023-03-05,5.3,5.1,5.8
USW00014819,"CHICAGO MIDWAY AIRPORT, IL US",2023-03-06,9.4,7.9,7.7
USW00014819,"CHICAGO MIDWAY AIRPORT, IL US",2023-03-07,4.9,4.7,4.5
USW00014819,"CHICAGO MIDWAY AIRPORT, IL US",2023-03-08,5.6,5.4,3.1
USW00014819,"CHICAGO MIDWAY AIRPORT, IL US",2023-03-09,3.3,3.2,3.5
USW00014819,"CHICAGO MIDWAY AIRPORT, IL US",2023-03-10,1.9,1.8,2.7
USW00014819,"CHICAGO MIDWAY AIRPORT, IL US",2023-03-11,2.6,2.3,2
USW00014819,"CHICAGO MIDWAY AIRPORT, IL US",2023-03-12,1.3,1.2,3.2
USW00014819,"CHICAGO MIDWAY AIRPORT, IL US",2023-03-13,-0.9,-0.9,1.3
USW00014819,"CHICAGO MIDWAY AIRPORT, IL US",2023-03-14,-0.5,-1.1,-0.4
USW00014819,"CHICAGO MIDWAY AIRPORT, IL US",2023-03-15,4.6,3.8,1.2
USW00014819,"CHICAGO MIDWAY AIRPORT, IL US",2023-03-16,8.9,7,4.1
USW00014819,"CHICAGO MIDWAY AIRPORT, IL US",2023-03-17,4.8,3.2,4.2
USW00014819,"CHICAGO MIDWAY AIRPORT, IL US",2023-03-18,-6.1,-6.7,-3.4
USW00014819,"CHICAGO MIDWAY AIRPORT, IL US",2023-03-19,0.2,-0.6,-3.2
USW00014819,"CHICAGO MIDWAY AIRPORT, IL US",2023-03-20,5.9,5,0.3
USW00014819,"CHICAGO MIDWAY AIRPORT, IL US",2023-03-21,9.2,8,4.2
USW00014819,"CHICAGO MIDWAY AIRPORT, IL US",2023-03-22,9.1,8,7
USW00014819,"CHICAGO MIDWAY AIRPORT, IL US",2023-03-23,6.8,6.1,8
USW00014819,"CHICAGO MIDWAY AIRPORT, IL US",2023-03-24,5.5,5.2,3.4
USW00014819,"CHICAGO MIDWAY AIRPORT, IL US",2023-03-25,5,4.6,4.5
USW00014819,"CHICAGO MIDWAY AIRPORT, IL US",2023-03-26,5.8,5.3,5.4
USW00014819,"CHICAGO MIDWAY AIRPORT, IL US",2023-03-27,5,4.6,5.7
USW00014819,"CHICAGO MIDWAY AIRPORT, IL US",2023-03-28,6.3,5.8,2.4
USW00014819,"CHICAGO MIDWAY AIRPORT, IL US",2023-03-29,3.3,2.9,3.1
USW00014819,"CHICAGO MIDWAY AIRPORT, IL US",2023-03-30,7.7,6.9,1.8
USW00014819,"CHICAGO MIDWAY AIRPORT, IL US",2023-03-31,16.7,14.5,10.7
USW00014819,"CHICAGO MIDWAY AIRPORT, IL US",2023-04-01,6.7,5.7,9.9
USW00014819,"CHICAGO MIDWAY AIRPORT, IL US",2023-04-02,8.1,7.5,4.1
USW00014819,"CHICAGO MIDWAY AIRPORT, IL US",2023-04-03,12.6,11.6,9
USW00014819,"CHICAGO MIDWAY AIRPORT, IL US",2023-04-04,16.3,15.4,11.3
USW00014819,"CHICAGO MIDWAY AIRPORT, IL US",2023-04-05,15.4,15.3,21.6
USW00014819,"CHICAGO MIDWAY AIRPORT, IL US",2023-04-06,7.6,7.1,5.9
USW00014819,"CHICAGO MIDWAY AIRPORT, IL US",2023-04-07,7,6.4,5.6
USW00014819,"CHICAGO MIDWAY AIRPORT, IL US",2023-04-08,12.1,10.6,7.8
USW00014819,"CHICAGO MIDWAY AIRPORT, IL US",2023-04-09,14.8,13.8,10.6
USW00014819,"CHICAGO MIDWAY AIRPORT, IL US",2023-04-10,16.7,15.7,12.1
USW00014819,"CHICAGO MIDWAY AIRPORT, IL US",2023-04-11,20.6,19.7,14.3
USW00014819,"CHICAGO MIDWAY AIRPORT, IL US",2023-04-12,23.1,22.1,18
USW00014819,"CHICAGO MIDWAY AIRPORT, IL US",2023-04-13,22.8,22.3,17.9
USW00014819,"CHICAGO MIDWAY AIRPORT, IL US",2023-04-14,22.8,21.1,18.1
USW00014819,"CHICAGO MIDWAY AIRPORT, IL US",2023-04-15,24.2,23,19.6
USW00014819,"CHICAGO MIDWAY AIRPORT, IL US",2023-04-16,11.5,11.5,14.9
USW00014819,"CHICAGO MIDWAY AIRPORT, IL US",2023-04-17,2.7,2.5,3.1
USW00014819,"CHICAGO MIDWAY AIRPORT, IL US",2023-04-18,9.3,8.6,4.3
USW00014819,"CHICAGO MIDWAY AIRPORT, IL US",2023-04-19,16.1,14,8.9
USW00014819,"CHICAGO MIDWAY AIRPORT, IL US",2023-04-20,20.2,19.4,18.6
USW00014819,"CHICAGO MIDWAY AIRPORT, IL US",2023-04-21,13.3,12.9,14.9
USW00014819,"CHICAGO MIDWAY AIRPORT, IL US",2023-04-22,6.3,6,7.3
USW00014819,"CHICAGO MIDWAY AIRPORT, IL US",2023-04-23,4.3,4,4.2
USW00014819,"CHICAGO MIDWAY AIRPORT, IL US",2023-04-24,8.1,7.6,6
USW00014819,"CHICAGO MIDWAY AIRPORT, IL US",2023-04-25,5.8,5.6,7.7
USW00014819,"CHICAGO MIDWAY AIRPORT, IL US",2023-04-26,6.5,6.3,5.7
USW00014819,"CHICAGO MIDWAY AIRPORT, IL US",2023-04-27,13.1,12.4,8
USW00014819,"CHICAGO MIDWAY AIRPORT, IL US",2023-04-28,13,11.8,11.7
USW00014819,"CHICAGO MIDWAY AIRPORT, IL US",2023-04-29,11.3,10.8,10.2
USW00014819,"CHICAGO MIDWAY AIRPORT, IL US",2023-04-30,7.8,7.2,7.5
USW00014819,"CHICAGO MIDWAY AIRPORT, IL US",2023-05-01,8,7.6,6.4
USW00014819,"CHICAGO MIDWAY AIRPORT, IL US",2023-05-02,10.2,9.5,7.1
USW00014819,"CHICAGO MIDWAY AIRPORT, IL US",2023-05-03,10.4,10.1,7.5
USW00014819,"CHICAGO MIDWAY AIRPORT, IL US",2023-05-04,15.8,15.1,11.8
USW00014819,"CHICAGO MIDWAY AIRPORT, IL US",2023-05-05,21.1,19.5,15
USW00014819,"CHICAGO MIDWAY AIRPORT, IL US",2023-05-06,22,21,15.7
USW00014819,"CHICAGO MIDWAY AIRPORT, IL US",2023-05-07,24,23.6,21.1
USW00014819,"CHICAGO MIDWAY AIRPORT, IL US",2023-05-08,16.3,14.2,18.4
USW00014819,"CHICAGO MIDWAY AIRPORT, IL US",2023-05-09,16.5,16,15.2
USW00014819,"CHICAGO MIDWAY AIRPORT, IL US",2023-05-10,20.4,19.5,16.2
USW00014819,"CHICAGO MIDWAY AIRPORT, IL US",2023-05-11,22.6,21.7,18.4
USW00014819,"CHICAGO MIDWAY AIRPORT, IL US",2023-05-12,20.9,20.9,20.1
USW00014819,"CHICAGO MIDWAY AIRPORT, IL US",2023-05-13,17.6,18.1,19.8
USW00014819,"CHICAGO MIDWAY AIRPORT, IL US",2023-05-14,16.1,15.9,17.6
USW00014819,"CHICAGO MIDWAY AIRPORT, IL US",2023-05-15,16.7,16.2,14.7
USW00014819,"CHICAGO MIDWAY AIRPORT, IL US",2023-05-16,20.7,19.9,17
USW00014819,"CHICAGO MIDWAY AIRPORT, IL US",2023-05-17,13.7,13.2,14.7
USW00014819,"CHICAGO MIDWAY AIRPORT, IL US",2023-05-18,17.8,17,13.2
USW00014819,"CHICAGO MIDWAY AIRPORT, IL US",2023-05-19,19.3,18.2,17.7
USW00014819,"CHICAGO MIDWAY AIRPORT, IL US",2023-05-20,16.7,16.1,14
USW00014819,"CHICAGO MIDWAY AIRPORT, IL US",2023-05-21,21,20,15.6
USW00014819,"CHICAGO MIDWAY AIRPORT, IL US",2023-05-22,21.9,21.2,19.8
USW00014819,"CHICAGO MIDWAY AIRPORT, IL US",2023-05-23,23.7,22.8,20
USW00014819,"CHICAGO MIDWAY AIRPORT, IL US",2023-05-24,17.6,17.3,18.5
USW00014819,"CHICAGO MIDWAY AIRPORT, IL US",2023-05-25,14.1,13.5,13.7
USW00014819,"CHICAGO MIDWAY AIRPORT, IL US",2023-05-26,16.7,15.4,12.5
USW00014819,"CHICAGO MIDWAY AIRPORT, IL US",2023-05-27,17.6,16.9,15.7
USW00014819,"CHICAGO MIDWAY AIRPORT, IL US",2023-05-28,21.1,20.1,18.3
USW00014819,"CHICAGO MIDWAY AIRPORT, IL US",2023-05-29,22.2,21.7,19.4
USW00014819,"CHICAGO MIDWAY AIRPORT, IL US",2023-05-30,25.8,24.7,22.2
USW00014819,"CHICAGO MIDWAY AIRPORT, IL US",2023-05-31,28.2,26.8,25.5
USW00014819,"CHICAGO MIDWAY AIRPORT, IL US",2023-06-01,28,27,26.3
USW00014819,"CHICAGO MIDWAY AIRPORT, IL US",2023-06-02,28,26.7,24.6
USW00014819,"CHICAGO MIDWAY AIRPORT, IL US",2023-06-03,27.1,25.9,23.1
USW00014819,"CHICAGO MIDWAY AIRPORT, IL US",2023-06-04,22.1,21.5,22.3
USW00014819,"CHICAGO MIDWAY AIRPORT, IL US",2023-06-05,23.5,22.2,18.8
USW00014819,"CHICAGO MIDWAY AIRPORT, IL US",2023-06-06,22.8,21.3,19.6
USW00014819,"CHICAGO MIDWAY AIRPORT, IL US",2023-06-07,20.4,19.7,17.4
USW00014819,"CHICAGO MIDWAY AIRPORT, IL US",2023-06-08,19.4,18.4,15.1
USW00014819,"CHICAGO MIDWAY AIRPORT, IL US",2023-06-09,20.6,20.2,16.1
USW00014819,"CHICAGO MIDWAY AIRPORT, IL US",2023-06-10,24.9,23.6,19.7
USW00014819,"CHICAGO MIDWAY AIRPORT, IL US",2023-06-11,16.4,15.5,18.4
USW00014819,"CHICAGO MIDWAY AIRPORT, IL US",2023-06-12,17.2,16.5,13.8
USW00014819,"CHICAGO MIDWAY AIRPORT, IL US",2023-06-13,17,16.2,14.7
USW00014819,"CHICAGO MIDWAY AIRPORT, IL US",2023-06-14,19.7,19.9,18
USW00014819,"CHICAGO MIDWAY AIRPORT, IL US",2023-06-15,22,21.7,22.3
USW00014819,"CHICAGO MIDWAY AIRPORT, IL US",2023-06-16,16.9,16.3,17.5
USW00014819,"CHICAGO MIDWAY AIRPORT, IL US",2023-06-17,20.2,20,17.5
USW00014819,"CHICAGO MIDWAY AIRPORT, IL US",2023-06-18,24.8,23.5,21
USW00014819,"CHICAGO MIDWAY AIRPORT, IL US",2023-06-19,25.4,24.4,23.4
USW00014819,"CHICAGO MIDWAY AIRPORT, IL US",2023-06-20,24.1,23.3,22.6
USW00014819,"CHICAGO MIDWAY AIRPORT, IL US",2023-06-21,26.5,25.2,24.2
USW00014819,"CHICAGO MIDWAY AIRPORT, IL US",2023-06-22,25.9,24.8,23.2
USW00014819,"CHICAGO MIDWAY AIRPORT, IL US",2023-06-23,25.9,24.8,22.3
USW00014819,"CHICAGO MIDWAY AIRPORT, IL US",2023-06-24,27.6,26.7,23.6
USW00014819,"CHICAGO MIDWAY AIRPORT, IL US",2023-06-25,26.2,25.7,25
USW00014819,"CHICAGO MIDWAY AIRPORT, IL US",2023-06-26,22.9,21.9,21.2
USW00014819,"CHICAGO MIDWAY AIRPORT, IL US",2023-06-27,21.8,21.3,21.5
USW00014819,"CHICAGO MIDWAY AIRPORT, IL US",2023-06-28,23.4,22.6,21.6
USW00014819,"CHICAGO MIDWAY AIRPORT, IL US",2023-06-29,27.5,25.8,24.6
USW00014819,"CHICAGO MIDWAY AIRPORT, IL US",2023-06-30,27.8,27.1,26.1
USW00014819,"CHICAGO MIDWAY AIRPORT, IL US",2023-07-01,27.2,25.9,26.8
USW00014819,"CHICAGO MIDWAY AIRPORT, IL US",2023-07-02,21.9,21.7,23.8
USW00014819,"CHICAGO MIDWAY AIRPORT, IL US",2023-07-03,25,24.5,22.6
USW00014819,"CHICAGO MIDWAY AIRPORT, IL US",2023-07-04,28.3,27.3,26.2
USW00014819,"CHICAGO MIDWAY AIRPORT, IL US",2023-07-05,28.7,28.2,27.2
USW00014819,"CHICAGO MIDWAY AIRPORT, IL US",2023-07-06,24.1,23.7,25.9
USW00014819,"CHICAGO MIDWAY AIRPORT, IL US",2023-07-07,23.7,23,21.7
USW00014819,"CHICAGO MIDWAY AIRPORT, IL US",2023-07-08,21.3,20.8,19.9
USW00014819,"CHICAGO MIDWAY AIRPORT, IL US",2023-07-09,24,23.2,20
USW00014819,"CHICAGO MIDWAY AIRPORT, IL US",2023-07-10,25,24.3,21.8
USW00014819,"CHICAGO MIDWAY AIRPORT, IL US",2023-07-11,27,25.9,22.7
USW00014819,"CHICAGO MIDWAY AIRPORT, IL US",2023-07-12,23,22.2,23.8
USW00014819,"CHICAGO MIDWAY AIRPORT, IL US",2023-07-13,22.5,22.1,22.3
USW00014819,"CHICAGO MIDWAY AIRPORT, IL US",2023-07-14,27.6,26.9,23.8
USW00014819,"CHICAGO MIDWAY AIRPORT, IL US",2023-07-15,25.8,25.5,25.9
USW00014819,"CHICAGO MIDWAY AIRPORT, IL US",2023-07-16,24.5,23.8,23.4
USW00014819,"CHICAGO MIDWAY AIRPORT, IL US",2023-07-17,23.6,23.1,21.5
USW00014819,"CHICAGO MIDWAY AIRPORT, IL US",2023-07-18,22.1,21.7,21.2
USW00014819,"CHICAGO MIDWAY AIRPORT, IL US",2023-07-19,24.4,23.5,20.6
USW00014819,"CHICAGO MIDWAY AIRPORT, IL US",2023-07-20,27.4,25.7,23.9
USW00014819,"CHICAGO MIDWAY AIRPORT, IL US",2023-07-21,24.4,23.3,22.5
USW00014819,"CHICAGO MIDWAY AIRPORT, IL US",2023-07-22,25.2,24.1,21.7
USW00014819,"CHICAGO MIDWAY AIRPORT, IL US",2023-07-23,25,24.2,22.1
USW00014819,"CHICAGO MIDWAY AIRPORT, IL US",2023-07-24,26.7,25.8,24.7
USW00014819,"CHICAGO MIDWAY AIRPORT, IL US",2023-07-25,27.6,26.8,25.1
USW00014819,"CHICAGO MIDWAY AIRPORT, IL US",2023-07-26,29.5,28.1,27.1
USW00014819,"CHICAGO MIDWAY AIRPORT, IL US",2023-07-27,29.3,28.6,28.7
USW00014819,"CHICAGO MIDWAY AIRPORT, IL US",2023-07-28,29.1,28.7,28.3
USW00014819,"CHICAGO MIDWAY AIRPORT, IL US",2023-07-29,25.5,24.8,26.5
USW00014819,"CHICAGO MIDWAY AIRPORT, IL US",2023-07-30,23.8,23.1,22.5
USW00014819,"CHICAGO MIDWAY AIRPORT, IL US",2023-07-31,23.9,23.3,21.6
USW00014819,"CHICAGO MIDWAY AIRPORT, IL US",2023-08-01,25.9,24.8,22.2
USW00014819,"CHICAGO MIDWAY AIRPORT, IL US",2023-08-02,25.9,24.8,22.4
USW00014819,"CHICAGO MIDWAY AIRPORT, IL US",2023-08-03,27,26.1,24.9
USW00014819,"CHICAGO MIDWAY AIRPORT, IL US",2023-08-04,26.6,25.7,26.4
USW00014819,"CHICAGO MIDWAY AIRPORT, IL US",2023-08-05,22.4,22.2,22.8
USW00014819,"CHICAGO MIDWAY AIRPORT, IL US",2023-08-06,20.9,20.9,19.2
USW00014819,"CHICAGO MIDWAY AIRPORT, IL US",2023-08-07,23.8,23.1,20.6
USW00014819,"CHICAGO MIDWAY AIRPORT, IL US",2023-08-08,24.8,23.9,21.8
USW00014819,"CHICAGO MIDWAY AIRPORT, IL US",2023-08-09,23.3,22.6,22.7
USW00014819,"CHICAGO MIDWAY AIRPORT, IL US",2023-08-10,25,24.3,23.3
USW00014819,"CHICAGO MIDWAY AIRPORT, IL US",2023-08-11,26.4,25.4,24.7
USW00014819,"CHICAGO MIDWAY AIRPORT, IL US",2023-08-12,27.3,26.1,25.5
USW00014819,"CHICAGO MIDWAY AIRPORT, IL US",2023-08-13,24.1,23.3,23.6
USW00014819,"CHICAGO MIDWAY AIRPORT, IL US",2023-08-14,21.8,21.2,22.4
USW00014819,"CHICAGO MIDWAY AIRPORT, IL US",2023-08-15,22.3,21.6,20
USW00014819,"CHICAGO MIDWAY AIRPORT, IL US",2023-08-16,22.2,21.7,20.2
USW00014819,"CHICAGO MIDWAY AIRPORT, IL US",2023-08-17,23.1,22.3,18.9
USW00014819,"CHICAGO MIDWAY AIRPORT, IL US",2023-08-18,21.5,20.9,19.3
USW00014819,"CHICAGO MIDWAY AIRPORT, IL US",2023-08-19,23.9,22.8,20.5
USW00014819,"CHICAGO MIDWAY AIRPORT, IL US",2023-08-20,28.6,27.4,25
USW00014819,"CHICAGO MIDWAY AIRPORT, IL US",2023-08-21,25.7,25,25.7
USW00014819,"CHICAGO MIDWAY AIRPORT, IL US",2023-08-22,27.2,26.6,25.5
USW00014819,"CHICAGO MIDWAY AIRPORT, IL US",2023-08-23,31.7,30.8,28.6
USW00014819,"CHICAGO MIDWAY AIRPORT, IL US",2023-08-24,32.1,31.6,32.1
USW00014819,"CHICAGO MIDWAY AIRPORT, IL US",2023-08-25,25.4,25,29
USW00014819,"CHICAGO MIDWAY AIRPORT, IL US",2023-08-26,22,22,25.3
USW00014819,"CHICAGO MIDWAY AIRPORT, IL US",2023-08-27,21.9,21,21.2
USW00014819,"CHICAGO MIDWAY AIRPORT, IL US",2023-08-28,21.7,21.3,20.3
USW00014819,"CHICAGO MIDWAY AIRPORT, IL US",2023-08-29,25,23.8,21.6
USW00014819,"CHICAGO MIDWAY AIRPORT, IL US",2023-08-30,18.6,18.4,20.2
USW00014819,"CHICAGO MIDWAY AIRPORT, IL US",2023-08-31,19.6,19.5,17.6
USW00014819,"CHICAGO MIDWAY AIRPORT, IL US",2023-09-01,23.3,22.3,20.2
USW00014819,"CHICAGO MIDWAY AIRPORT, IL US",2023-09-02,25.9,24.7,23.4
USW00014819,"CHICAGO MIDWAY AIRPORT, IL US",2023-09-03,28.4,27.6,26.2
USW00014819,"CHICAGO MIDWAY AIRPORT, IL US",2023-09-04,29.1,28.4,27.8
USW00014819,"CHICAGO MIDWAY AIRPORT, IL US",2023-09-05,29.8,28.8,31.1
USW00014819,"CHICAGO MIDWAY AIRPORT, IL US",2023-09-06,24.1,24.3,28.4
USW00014819,"CHICAGO MIDWAY AIRPORT, IL US",2023-09-07,20.2,20,22.2
USW00014819,"CHICAGO MIDWAY AIRPORT, IL US",2023-09-08,18.6,18.2,19.1
USW00014819,"CHICAGO MIDWAY AIRPORT, IL US",2023-09-09,19.7,19.3,18.6
USW00014819,"CHICAGO MIDWAY AIRPORT, IL US",2023-09-10,21.2,20.6,19.7
USW00014819,"CHICAGO MIDWAY AIRPORT, IL US",2023-09-11,19.3,17.7,20.4
USW00014819,"CHICAGO MIDWAY AIRPORT, IL US",2023-09-12,18.4,18.2,18.6
USW00014819,"CHICAGO MIDWAY AIRPORT, IL US",2023-09-13,18,17.1,15.7
USW00014819,"CHICAGO MIDWAY AIRPORT, IL US",2023-09-14,17.3,17.2,15.3
USW00014819,"CHICAGO MIDWAY AIRPORT, IL US",2023-09-15,20,19.2,17.4
USW00014819,"CHICAGO MIDWAY AIRPORT, IL US",2023-09-16,19.6,18.8,18.5
USW00014819,"CHICAGO MIDWAY AIRPORT, IL US",2023-09-17,17.5,17.4,18.3
USW00014819,"CHICAGO MIDWAY AIRPORT, IL US",2023-09-18,17.8,17.7,15.8
USW00014819,"CHICAGO MIDWAY AIRPORT, IL US",2023-09-19,17.4,16.5,15.6
USW00014819,"CHICAGO MIDWAY AIRPORT, IL US",2023-09-20,22.5,22.2,19.1
USW00014819,"CHICAGO MIDWAY AIRPORT, IL US",2023-09-21,22.2,21.1,20.9
USW00014819,"CHICAGO MIDWAY AIRPORT, IL US",2023-09-22,22.7,21.9,21.1
USW00014819,"CHICAGO MIDWAY AIRPORT, IL US",2023-09-23,22.5,22.1,21
USW00014819,"CHICAGO MIDWAY AIRPORT, IL US",2023-09-24,21.1,20.3,18.4
USW00014819,"CHICAGO MIDWAY AIRPORT, IL US",2023-09-25,21.6,20.7,19.7
USW00014819,"CHICAGO MIDWAY AIRPORT, IL US",2023-09-26,21.1,20.6,20.6
USW00014819,"CHICAGO MIDWAY AIRPORT, IL US",2023-09-27,19.6,19.3,20.5
USW00014819,"CHICAGO MIDWAY AIRPORT, IL US",2023-09-28,19.1,19,18.8
USW00014819,"CHICAGO MIDWAY AIRPORT, IL US",2023-09-29,20.3,19.6,18.4
USW00014819,"CHICAGO MIDWAY AIRPORT, IL US",2023-09-30,23.1,22.2,20.7
USW00014819,"CHICAGO MIDWAY AIRPORT, IL US",2023-10-01,24.6,23.3,22
USW00014819,"CHICAGO MIDWAY AIRPORT, IL US",2023-10-02,24.6,23.6,22.7
USW00014819,"CHICAGO MIDWAY AIRPORT, IL US",2023-10-03,25.8,24.7,22.3
USW00014819,"CHICAGO MIDWAY AIRPORT, IL US",2023-10-04,25.9,24.9,22.4
USW00014819,"CHICAGO MIDWAY AIRPORT, IL US",2023-10-05,19.3,19.3,20.4
USW00014819,"CHICAGO MIDWAY AIRPORT, IL US",2023-10-06,12.6,12.9,13.1
USW00014819,"CHICAGO MIDWAY AIRPORT, IL US",2023-10-07,11.9,11.6,9.5
USW00014819,"CHICAGO MIDWAY AIRPORT, IL US",2023-10-08,10.9,10.3,8.8
USW00014819,"CHICAGO MIDWAY AIRPORT, IL US",2023-10-09,11.5,11,8.5
USW00014819,"CHICAGO MIDWAY AIRPORT, IL US",2023-10-10,12.2,11.9,9.1
USW00014819,"CHICAGO MIDWAY AIRPORT, IL US",2023-10-11,13.7,13.1,8.8
USW00014819,"CHICAGO MIDWAY AIRPORT, IL US",2023-10-12,15,13.8,11.3
USW00014819,"CHICAGO MIDWAY AIRPORT, IL US",2023-10-13,13.9,13.4,14
USW00014819,"CHICAGO MIDWAY AIRPORT, IL US",2023-10-14,12,11.8,10.9
USW00014819,"CHICAGO MIDWAY AIRPORT, IL US",2023-10-15,12.2,11.8,11.3
USW00014819,"CHICAGO MIDWAY AIRPORT, IL US",2023-10-16,9.8,10,11.7
USW00014819,"CHICAGO MIDWAY AIRPORT, IL US",2023-10-17,12.2,12,10.4
USW00014819,"CHICAGO MIDWAY AIRPORT, IL US",2023-10-18,14.8,13.9,11.2
USW00014819,"CHICAGO MIDWAY AIRPORT, IL US",2023-10-19,13.5,12.9,11.8
USW00014819,"CHICAGO MIDWAY AIRPORT, IL US",2023-10-20,12.7,12.6,12.5
USW00014819,"CHICAGO MIDWAY AIRPORT, IL US",2023-10-21,13.9,13.3,11
USW00014819,"CHICAGO MIDWAY AIRPORT, IL US",2023-10-22,11.3,10.9,10.7
USW00014819,"CHICAGO MIDWAY AIRPORT, IL US",2023-10-23,14.6,13.8,9.5
USW00014819,"CHICAGO MIDWAY AIRPORT, IL US",2023-10-24,22.5,21.3,16.4
USW00014819,"CHICAGO MIDWAY AIRPORT, IL US",2023-10-25,17.9,17.4,18.4
USW00014819,"CHICAGO MIDWAY AIRPORT, IL US",2023-10-26,20.5,19.7,19.7
USW00014819,"CHICAGO MIDWAY AIRPORT, IL US",2023-10-27,16.2,17,21.3
USW00014819,"CHICAGO MIDWAY AIRPORT, IL US",2023-10-28,7.8,7.9,10
USW00014819,"CHICAGO MIDWAY AIRPORT, IL US",2023-10-29,7.2,6.8,8.4
USW00014819,"CHICAGO MIDWAY AIRPORT, IL US",2023-10-30,3.9,3.5,4.4
USW00014819,"CHICAGO MIDWAY AIRPORT, IL US",2023-10-31,1.1,0.6,1.4
USW00014819,"CHICAGO MIDWAY AIRPORT, IL US",2023-11-01,2,2,2.1
USW00014819,"CHICAGO MIDWAY AIRPORT, IL US",2023-11-02,8.2,7.4,3
USW00014819,"CHICAGO MIDWAY AIRPORT, IL US",2023-11-03,11.4,10.3,6.2
USW00014819,"CHICAGO MIDWAY AIRPORT, IL US",2023-11-04,11.3,10.6,9.7
USW00014819,"CHICAGO MIDWAY AIRPORT, IL US",2023-11-05,10.6,10.4,7.7
USW00014819,"CHICAGO MIDWAY AIRPORT, IL US",2023-11-06,18,16.3,10.8
USW00014819,"CHICAGO MIDWAY AIRPORT, IL US",2023-11-07,11.5,10.7,10.7
USW00014819,"CHICAGO MIDWAY AIRPORT, IL US",2023-11-08,13.3,12.3,10.2
USW00014819,"CHICAGO MIDWAY AIRPORT, IL US",2023-11-09,10.6,10.3,11
USW00014819,"CHICAGO MIDWAY AIRPORT, IL US",2023-11-10,6.1,6,4.9
USW00014819,"CHICAGO MIDWAY AIRPORT, IL US",2023-11-11,6.5,6.2,5.9
USW00014819,"CHICAGO MIDWAY AIRPORT, IL US",2023-11-12,10.9,9.9,5.9
USW00014819,"CHICAGO MIDWAY AIRPORT, IL US",2023-11-13,12.3,11.6,6.5
USW00014819,"CHICAGO MIDWAY AIRPORT, IL US",2023-11-14,11.3,10.4,7.4
USW00014819,"CHICAGO MIDWAY AIRPORT, IL US",2023-11-15,14.2,12.9,6.3
USW00014819,"CHICAGO MIDWAY AIRPORT, IL US",2023-11-16,15,14,9.7
USW00014819,"CHICAGO MIDWAY AIRPORT, IL US",2023-11-17,11.3,10.6,13.1
USW00014819,"CHICAGO MIDWAY AIRPORT, IL US",2023-11-18,7.1,6.6,3.7
USW00014819,"CHICAGO MIDWAY AIRPORT, IL US",2023-11-19,8.3,7.7,4
USW00014819,"CHICAGO MIDWAY AIRPORT, IL US",2023-11-20,8.5,7.5,5.5
USW00014819,"CHICAGO MIDWAY AIRPORT, IL US",2023-11-21,5.8,5.3,6.6
USW00014819,"CHICAGO MIDWAY AIRPORT, IL US",2023-11-22,5.3,5,3.3
USW00014819,"CHICAGO MIDWAY AIRPORT, IL US",2023-11-23,5.8,5.3,1.9
USW00014819,"CHICAGO MIDWAY AIRPORT, IL US",2023-11-24,1.1,0.6,2.1
USW00014819,"CHICAGO MIDWAY AIRPORT, IL US",2023-11-25,1.7,1,-0.1
USW00014819,"CHICAGO MIDWAY AIRPORT, IL US",2023-11-26,0.4,-0.4,-0.3
USW00014819,"CHICAGO MIDWAY AIRPORT, IL US",2023-11-27,-3.4,-3.9,-1.6
USW00014819,"CHICAGO MIDWAY AIRPORT, IL US",2023-11-28,-5.4,-6,-4.9
USW00014819,"CHICAGO MIDWAY AIRPORT, IL US",2023-11-29,1,0.2,-3.4
USW00014819,"CHICAGO MIDWAY AIRPORT, IL US",2023-11-30,7.8,6.5,-0.4
USW00014819,"CHICAGO MIDWAY AIRPORT, IL US",2023-12-01,7.1,5.8,3.6
USW00014819,"CHICAGO MIDWAY AIRPORT, IL US",2023-12-02,6.7,5.6,5.1
USW00014819,"CHICAGO MIDWAY AIRPORT, IL US",2023-12-03,4.7,4.1,5.1
USW00014819,"CHICAGO MIDWAY AIRPORT, IL US",2023-12-04,3.8,3.4,2.1
USW00014819,"CHICAGO MIDWAY AIRPORT, IL US",2023-12-05,3.6,3,1
USW00014819,"CHICAGO MIDWAY AIRPORT, IL US",2023-12-06,3,2.6,0.5
USW00014819,"CHICAGO MIDWAY AIRPORT, IL US",2023-12-07,8.2,7.5,2.1
USW00014819,"CHICAGO MIDWAY AIRPORT, IL US",2023-12-08,10.9,10,4.3
USW00014819,"CHICAGO MIDWAY AIRPORT, IL US",2023-12-09,9.3,9,7.8
USW00014819,"CHICAGO MIDWAY AIRPORT, IL US",2023-12-10,1.3,0.9,3
USW00014819,"CHICAGO MIDWAY AIRPORT, IL US",2023-12-11,1.1,0.6,-0.9
USW00014819,"CHICAGO MIDWAY AIRPORT, IL US",2023-12-12,1.8,1.4,-1.3
USW00014819,"CHICAGO MIDWAY AIRPORT, IL US",2023-12-13,1.5,1.2,-1.8
USW00014819,"CHICAGO MIDWAY AIRPORT, IL US",2023-12-14,6.5,5.6,-0.4
USW00014819,"CHICAGO MIDWAY AIRPORT, IL US",2023-12-15,8.3,7.6,1
USW00014819,"CHICAGO MIDWAY AIRPORT, IL US",2023-12-16,7.9,6.2,2.1
USW00014819,"CHICAGO MIDWAY AIRPORT, IL US",2023-12-17,5.5,5.1,5.4
USW00014819,"CHICAGO MIDWAY AIRPORT, IL US",2023-12-18,-0.5,-0.5,0.8
USW00014819,"CHICAGO MIDWAY AIRPORT, IL US",2023-12-19,-2.4,-2.9,-2.7
USW00014819,"CHICAGO MIDWAY AIRPORT, IL US",2023-12-20,3.5,2.8,-1.1
USW00014819,"CHICAGO MIDWAY AIRPORT, IL US",2023-12-21,6.7,5.2,0.8
USW00014819,"CHICAGO MIDWAY AIRPORT, IL US",2023-12-22,7.7,6.6,4.2
USW00014819,"CHICAGO MIDWAY AIRPORT, IL US",2023-12-23,9.3,8.2,6.2
USW00014819,"CHICAGO MIDWAY AIRPORT, IL US",2023-12-24,12,10.6,8.7
USW00014819,"CHICAGO MIDWAY AIRPORT, IL US",2023-12-25,13.6,12.2,10.9
USW00014819,"CHICAGO MIDWAY AIRPORT, IL US",2023-12-26,6.7,5.6,10.2
USW00014819,"CHICAGO MIDWAY AIRPORT, IL US",2023-12-27,3.9,3.1,2.5
USW00014819,"CHICAGO MIDWAY AIRPORT, IL US",2023-12-28,5.4,4.1,3.8
USW00014819,"CHICAGO MIDWAY AIRPORT, IL US",2023-12-29,4.1,3.4,4.4
USW00014819,"CHICAGO MIDWAY AIRPORT, IL US",2023-12-30,1.7,1.1,1.1
USW00014819,"CHICAGO MIDWAY AIRPORT, IL US",2023-12-31,2,1.1,-0.7
USC00111550,"CHICAGO NORTHERLY ISLAND, IL US",2024-01-01,0.2,-0,1
USC00111550,"CHICAGO NORTHERLY ISLAND, IL US",2024-01-02,1.3,1.3,-1.8
USC00111550,"CHICAGO NORTHERLY ISLAND, IL US",2024-01-03,1.1,1.2,-1.4
USC00111550,"CHICAGO NORTHERLY ISLAND, IL US",2024-01-04,0.9,0.6,-0.1
USC00111550,"CHICAGO NORTHERLY ISLAND, IL US",2024-01-05,1,0.5,-0.5
USC00111550,"CHICAGO NORTHERLY ISLAND, IL US",2024-01-06,0.8,0.6,-0.7
USC00111550,"CHICAGO NORTHERLY ISLAND, IL US",2024-01-07,0.7,0.8,0.4
USC00111550,"CHICAGO NORTHERLY ISLAND, IL US",2024-01-08,1.1,1.4,-1.4
USC00111550,"CHICAGO NORTHERLY ISLAND, IL US",2024-01-09,1.9,1.7,0.8
USC00111550,"CHICAGO NORTHERLY ISLAND, IL US",2024-01-10,0.6,0.6,0.2
USC00111550,"CHICAGO NORTHERLY ISLAND, IL US",2024-01-11,0.4,0.2,-0.5
USC00111550,"CHICAGO NORTHERLY ISLAND, IL US",2024-01-12,1.8,1.4,-0.9
USC00111550,"CHICAGO NORTHERLY ISLAND, IL US",2024-01-13,-6.2,-5.6,-2.8
USC00111550,"CHICAGO NORTHERLY ISLAND, IL US",2024-01-14,-18.7,-19.4,-13.9
USC00111550,"CHICAGO NORTHERLY ISLAND, IL US",2024-01-15,-18.1,-18.6,-18.3
USC00111550,"CHICAGO NORTHERLY ISLAND, IL US",2024-01-16,-17.6,-17.7,-17.8
USC00111550,"CHICAGO NORTHERLY ISLAND, IL US",2024-01-17,-9.5,-10.3,-16.1
USC00111550,"CHICAGO NORTHERLY ISLAND, IL US",2024-01-18,-6.5,-6.3,-8.7
USC00111550,"CHICAGO NORTHERLY ISLAND, IL US",2024-01-19,-10.6,-10.7,-8.2
USC00111550,"CHICAGO NORTHERLY ISLAND, IL US",2024-01-20,-9.2,-9.8,-10.4
USC00111550,"CHICAGO NORTHERLY ISLAND, IL US",2024-01-21,-9.1,-10.3,-12.7
USC00111550,"CHICAGO NORTHERLY ISLAND, IL US",2024-01-22,-1.8,-2.6,-7.1
USC00111550,"CHICAGO NORTHERLY ISLAND, IL US",2024-01-23,1.7,1.9,-1.1
USC00111550,"CHICAGO NORTHERLY ISLAND, IL US",2024-01-24,2,2.6,-0
USC00111550,"CHICAGO NORTHERLY ISLAND, IL US",2024-01-25,3,3.4,1.2
USC00111550,"CHICAGO NORTHERLY ISLAND, IL US",2024-01-26,3.3,3.8,1.6
USC00111550,"CHICAGO NORTHERLY ISLAND, IL US",2024-01-27,2.8,3.7,1.7
USC00111550,"CHICAGO NORTHERLY ISLAND, IL US",2024-01-28,2.4,2.9,2.4
USC00111550,"CHICAGO NORTHERLY ISLAND, IL US",2024-01-29,2.2,2.4,0.9
USC00111550,"CHICAGO NORTHERLY ISLAND, IL US",2024-01-30,3.2,3.5,0.4
USC00111550,"CHICAGO NORTHERLY ISLAND, IL US",2024-01-31,3.5,3.6,1.3
USC00111550,"CHICAGO NORTHERLY ISLAND, IL US",2024-02-01,7.3,7.9,2.1
USC00111550,"CHICAGO NORTHERLY ISLAND, IL US",2024-02-02,2.1,2.7,1.8
USC00111550,"CHICAGO NORTHERLY ISLAND, IL US",2024-02-03,0.6,1.6,0.9
USC00111550,"CHICAGO NORTHERLY ISLAND, IL US",2024-02-04,2.7,3.4,1.3
USC00111550,"CHICAGO NORTHERLY ISLAND, IL US",2024-02-05,2.7,2.9,1.1
USC00111550,"CHICAGO NORTHERLY ISLAND, IL US",2024-02-06,1.8,3.4,1.1
USC00111550,"CHICAGO NORTHERLY ISLAND, IL US",2024-02-07,4.7,4.7,2.9
USC00111550,"CHICAGO NORTHERLY ISLAND, IL US",2024-02-08,11.4,11.5,3.6
USC00111550,"CHICAGO NORTHERLY ISLAND, IL US",2024-02-09,9.6,9.9,7.3
USC00111550,"CHICAGO NORTHERLY ISLAND, IL US",2024-02-10,3.6,3.1,3.3
USC00111550,"CHICAGO NORTHERLY ISLAND, IL US",2024-02-11,1.3,1.6,0.3
USC00111550,"CHICAGO NORTHERLY ISLAND, IL US",2024-02-12,3.7,3,-0.1
USC00111550,"CHICAGO NORTHERLY ISLAND, IL US",2024-02-13,2.9,2.1,0.6
USC00111550,"CHICAGO NORTHERLY ISLAND, IL US",2024-02-14,3,3.1,1.8
USC00111550,"CHICAGO NORTHERLY ISLAND, IL US",2024-02-15,4.1,3.7,2.5
USC00111550,"CHICAGO NORTHERLY ISLAND, IL US",2024-02-16,-2.4,-2.4,-0.3
USC00111550,"CHICAGO NORTHERLY ISLAND, IL US",2024-02-17,-5,-4.9,-4.6
USC00111550,"CHICAGO NORTHERLY ISLAND, IL US",2024-02-18,2.6,2.5,-2.2
USC00111550,"CHICAGO NORTHERLY ISLAND, IL US",2024-02-19,2.8,3.9,-0
USC00111550,"CHICAGO NORTHERLY ISLAND, IL US",2024-02-20,8.4,7.8,1.2
USC00111550,"CHICAGO NORTHERLY ISLAND, IL US",2024-02-21,13.3,13.4,4.6
USC00111550,"CHICAGO NORTHERLY ISLAND, IL US",2024-02-22,8,10.1,8.1
USC00111550,"CHICAGO NORTHERLY ISLAND, IL US",2024-02-23,5,5.3,4.9
USC00111550,"CHICAGO NORTHERLY ISLAND, IL US",2024-02-24,-1.4,-1.1,-0.3
USC00111550,"CHICAGO NORTHERLY ISLAND, IL US",2024-02-25,9.1,9.1,0.7
USC00111550,"CHICAGO NORTHERLY ISLAND, IL US",2024-02-26,14.5,14.2,6.1
USC00111550,"CHICAGO NORTHERLY ISLAND, IL US",2024-02-27,16.9,17.6,12.4
USC00111550,"CHICAGO NORTHERLY ISLAND, IL US",2024-02-28,5,3.8,5.1
USC00111550,"CHICAGO NORTHERLY ISLAND, IL US",2024-02-29,1.9,1.8,-2
USC00111550,"CHICAGO NORTHERLY ISLAND, IL US",2024-03-01,5,4.5,1.3
USC00111550,"CHICAGO NORTHERLY ISLAND, IL US",2024-03-02,10.2,10,5.8
USC00111550,"CHICAGO NORTHERLY ISLAND, IL US",2024-03-03,15.7,15.9,9.3
USC00111550,"CHICAGO NORTHERLY ISLAND, IL US",2024-03-04,14.5,15.7,14.7
USC00111550,"CHICAGO NORTHERLY ISLAND, IL US",2024-03-05,4.3,5.7,11.4
USC00111550,"CHICAGO NORTHERLY ISLAND, IL US",2024-03-06,5,6.2,5.7
USC00111550,"CHICAGO NORTHERLY ISLAND, IL US",2024-03-07,4.8,6.2,6
USC00111550,"CHICAGO NORTHERLY ISLAND, IL US",2024-03-08,4.9,6.5,8.5
USC00111550,"CHICAGO NORTHERLY ISLAND, IL US",2024-03-09,5.2,5.2,5.5
USC00111550,"CHICAGO NORTHERLY ISLAND, IL US",2024-03-12,16.7,16.4,10.3
USC00111550,"CHICAGO NORTHERLY ISLAND, IL US",2024-03-13,11.9,14.3,12.7
USC00111550,"CHICAGO NORTHERLY ISLAND, IL US",2024-03-14,12.2,12.6,12.5
USC00111550,"CHICAGO NORTHERLY ISLAND, IL US",2024-03-15,5.2,6.2,6.6
USC00111550,"CHICAGO NORTHERLY ISLAND, IL US",2024-03-16,10.4,10.4,7.9
USC00111550,"CHICAGO NORTHERLY ISLAND, IL US",2024-03-17,3.3,3,4.1
USC00111550,"CHICAGO NORTHERLY ISLAND, IL US",2024-03-18,0,0.1,-0.2
USC00111550,"CHICAGO NORTHERLY ISLAND, IL US",2024-03-19,8,8.1,2
USC00111550,"CHICAGO NORTHERLY ISLAND, IL US",2024-03-20,3.6,3,2.1
USC00111550,"CHICAGO NORTHERLY ISLAND, IL US",2024-03-21,0.7,0.8,-0.5
USC00111550,"CHICAGO NORTHERLY ISLAND, IL US",2024-03-22,1.3,2.2,0.5
USC00111550,"CHICAGO NORTHERLY ISLAND, IL US",2024-03-26,9,9.5,11.8
USC00111550,"CHICAGO NORTHERLY ISLAND, IL US",2024-03-27,2.7,3.2,2.7
USC00111550,"CHICAGO NORTHERLY ISLAND, IL US",2024-03-28,6.1,5.9,3.4
USC00111550,"CHICAGO NORTHERLY ISLAND, IL US",2024-03-29,5.2,6.3,5
USC00111550,"CHICAGO NORTHERLY ISLAND, IL US",2024-03-30,8.3,10.6,9.3
USC00111550,"CHICAGO NORTHERLY ISLAND, IL US",2024-03-31,5.4,6.9,7.1
USC00111550,"CHICAGO NORTHERLY ISLAND, IL US",2024-04-01,6.1,7.7,7.4
USC00111550,"CHICAGO NORTHERLY ISLAND, IL US",2024-04-02,9.6,8.8,8.2
USC00111550,"CHICAGO NORTHERLY ISLAND, IL US",2024-04-03,2.8,3,4
USC00111550,"CHICAGO NORTHERLY ISLAND, IL US",2024-04-04,4.3,4.5,3.3
USC00111550,"CHICAGO NORTHERLY ISLAND, IL US",2024-04-05,5.7,6.1,4.1
USC00111550,"CHICAGO NORTHERLY ISLAND, IL US",2024-04-06,6,6.4,3.5
USC00111550,"CHICAGO NORTHERLY ISLAND, IL US",2024-04-07,6.3,7.5,5
USC00111550,"CHICAGO NORTHERLY ISLAND, IL US",2024-04-08,16.3,16.5,10.8
USC00111550,"CHICAGO NORTHERLY ISLAND, IL US",2024-04-09,15,14.8,13.6
USC00111550,"CHICAGO NORTHERLY ISLAND, IL US",2024-04-10,11.9,13.3,12.3
USC00111550,"CHICAGO NORTHERLY ISLAND, IL US",2024-04-11,10.5,11.4,11.2
USC00111550,"CHICAGO NORTHERLY ISLAND, IL US",2024-04-12,13.2,13.5,11.3
USC00111550,"CHICAGO NORTHERLY ISLAND, IL US",2024-04-13,16.3,15.5,11.1
USC00111550,"CHICAGO NORTHERLY ISLAND, IL US",2024-04-14,18.4,20.1,16.2
USC00111550,"CHICAGO NORTHERLY ISLAND, IL US",2024-04-15,13.4,16.4,16.6
USC00111550,"CHICAGO NORTHERLY ISLAND, IL US",2024-04-16,16.7,19.1,14.5
USC00111550,"CHICAGO NORTHERLY ISLAND, IL US",2024-04-17,17.2,17.4,18.9
USC00111550,"CHICAGO NORTHERLY ISLAND, IL US",2024-04-18,10.8,11.8,12.6
USC00111550,"CHICAGO NORTHERLY ISLAND, IL US",2024-04-19,10.5,10.6,9.1
USC00111550,"CHICAGO NORTHERLY ISLAND, IL US",2024-04-20,5.5,5.9,6.2
USC00111550,"CHICAGO NORTHERLY ISLAND, IL US",2024-04-21,8.5,9.2,6.7
USC00111550,"CHICAGO NORTHERLY ISLAND, IL US",2024-04-22,14.3,13.8,9.3
USC00111550,"CHICAGO NORTHERLY ISLAND, IL US",2024-04-23,11.5,12.6,12.2
USC00111550,"CHICAGO NORTHERLY ISLAND, IL US",2024-04-24,4.6,4.9,8.6
USC00111550,"CHICAGO NORTHERLY ISLAND, IL US",2024-04-25,7.2,7.8,5.1
USC00111550,"CHICAGO NORTHERLY ISLAND, IL US",2024-04-26,13.1,12.7,8.7
USC00111550,"CHICAGO NORTHERLY ISLAND, IL US",2024-04-27,20,20.8,18.4
USC00111550,"CHICAGO NORTHERLY ISLAND, IL US",2024-04-28,19.1,20.1,22.4
USC00111550,"CHICAGO NORTHERLY ISLAND, IL US",2024-04-29,18.3,17.9,21.5
USC00111550,"CHICAGO NORTHERLY ISLAND, IL US",2024-04-30,17.2,17.6,17.4
USC00111550,"CHICAGO NORTHERLY ISLAND, IL US",2024-05-01,19.5,20.1,18.4
USC00111550,"CHICAGO NORTHERLY ISLAND, IL US",2024-05-02,16.3,19.8,17.2
USC00111550,"CHICAGO NORTHERLY ISLAND, IL US",2024-05-03,14.1,15.6,20.1
USC00111550,"CHICAGO NORTHERLY ISLAND, IL US",2024-05-04,16.3,19,16.6
USC00111550,"CHICAGO NORTHERLY ISLAND, IL US",2024-05-05,13.2,13.7,17.7
USC00111550,"CHICAGO NORTHERLY ISLAND, IL US",2024-05-06,14.4,16,13.9
USC00111550,"CHICAGO NORTHERLY ISLAND, IL US",2024-05-07,19.2,19.9,18.3
USC00111550,"CHICAGO NORTHERLY ISLAND, IL US",2024-05-08,17.5,19.1,19.7
USC00111550,"CHICAGO NORTHERLY ISLAND, IL US",2024-05-09,13.3,13.9,13.3
USC00111550,"CHICAGO NORTHERLY ISLAND, IL US",2024-05-10,15.5,15.5,13.3
USC00111550,"CHICAGO NORTHERLY ISLAND, IL US",2024-05-11,15.7,15.9,15.8
USC00111550,"CHICAGO NORTHERLY ISLAND, IL US",2024-05-12,21.8,21,17.1
USC00111550,"CHICAGO NORTHERLY ISLAND, IL US",2024-05-13,21.2,22.5,20.4
USC00111550,"CHICAGO NORTHERLY ISLAND, IL US",2024-05-14,12.2,13.9,19.7
USC00111550,"CHICAGO NORTHERLY ISLAND, IL US",2024-05-15,14.5,15.4,14.3
USC00111550,"CHICAGO NORTHERLY ISLAND, IL US",2024-05-16,18.9,18.7,16.4
USC00111550,"CHICAGO NORTHERLY ISLAND, IL US",2024-05-17,19.8,21.1,21.3
USC00111550,"CHICAGO NORTHERLY ISLAND, IL US",2024-05-18,23.2,23.7,23.6
USC00111550,"CHICAGO NORTHERLY ISLAND, IL US",2024-05-19,19.8,20.6,23
USC00111550,"CHICAGO NORTHERLY ISLAND, IL US",2024-05-20,23.1,23.4,22.4
USC00111550,"CHICAGO NORTHERLY ISLAND, IL US",2024-05-21,24.8,25.4,24.9
USC00111550,"CHICAGO NORTHERLY ISLAND, IL US",2024-05-22,23,22.7,23.4
USC00111550,"CHICAGO NORTHERLY ISLAND, IL US",2024-05-23,20.4,20.8,18.6
USC00111550,"CHICAGO NORTHERLY ISLAND, IL US",2024-05-24,20.7,21.8,20.4
USC00111550,"CHICAGO NORTHERLY ISLAND, IL US",2024-05-25,17.6,18.6,20.5
USC00111550,"CHICAGO NORTHERLY ISLAND, IL US",2024-05-26,18.9,19,16.8
USC00111550,"CHICAGO NORTHERLY ISLAND, IL US",2024-05-27,19.1,19.3,19.3
USC00111550,"CHICAGO NORTHERLY ISLAND, IL US",2024-05-28,15.9,17.9,18.3
USC00111550,"CHICAGO NORTHERLY ISLAND, IL US",2024-05-29,14.7,15.7,16.5
USC00111550,"CHICAGO NORTHERLY ISLAND, IL US",2024-05-30,15,15.3,14.4
USC00111550,"CHICAGO NORTHERLY ISLAND, IL US",2024-05-31,18,19.2,16.2
USC00111550,"CHICAGO NORTHERLY ISLAND, IL US",2024-06-01,17.4,17.9,17
USC00111550,"CHICAGO NORTHERLY ISLAND, IL US",2024-06-02,17.2,19.1,19.5
USC00111550,"CHICAGO NORTHERLY ISLAND, IL US",2024-06-03,23.5,23.9,21.7
USC00111550,"CHICAGO NORTHERLY ISLAND, IL US",2024-06-04,22.6,25.3,24.9
USC00111550,"CHICAGO NORTHERLY ISLAND, IL US",2024-06-05,23.7,24.1,25.1
USC00111550,"CHICAGO NORTHERLY ISLAND, IL US",2024-06-06,22.6,22.8,21.5
USC00111550,"CHICAGO NORTHERLY ISLAND, IL US",2024-06-07,20.9,21.3,18.5
USC00111550,"CHICAGO NORTHERLY ISLAND, IL US",2024-06-08,20,20.4,18.6
USC00111550,"CHICAGO NORTHERLY ISLAND, IL US",2024-06-09,21.1,21.3,18.4
USC00111550,"CHICAGO NORTHERLY ISLAND, IL US",2024-06-10,15,15.9,16.6
USC00111550,"CHICAGO NORTHERLY ISLAND, IL US",2024-06-11,17.8,18.5,15.1
USC00111550,"CHICAGO NORTHERLY ISLAND, IL US",2024-06-12,26.7,26.7,21
USC00111550,"CHICAGO NORTHERLY ISLAND, IL US",2024-06-13,26.5,27.7,24.6
USC00111550,"CHICAGO NORTHERLY ISLAND, IL US",2024-06-14,21.1,23.4,25.3
USC00111550,"CHICAGO NORTHERLY ISLAND, IL US",2024-06-15,21.7,23.1,20.8
USC00111550,"CHICAGO NORTHERLY ISLAND, IL US",2024-06-16,27.8,28.7,23
USC00111550,"CHICAGO NORTHERLY ISLAND, IL US",2024-06-17,29.8,30.6,28.4
USC00111550,"CHICAGO NORTHERLY ISLAND, IL US",2024-06-18,29.7,30.5,28.7
USC00111550,"CHICAGO NORTHERLY ISLAND, IL US",2024-06-19,28.7,29.9,27.8
USC00111550,"CHICAGO NORTHERLY ISLAND, IL US",2024-06-20,20.2,23.9,28.2
USC00111550,"CHICAGO NORTHERLY ISLAND, IL US",2024-06-21,26.5,27.9,27.1
USC00111550,"CHICAGO NORTHERLY ISLAND, IL US",2024-06-22,27.1,28.3,28.5
USC00111550,"CHICAGO NORTHERLY ISLAND, IL US",2024-06-23,23,23.9,26.4
USC00111550,"CHICAGO NORTHERLY ISLAND, IL US",2024-06-24,24.1,24.8,24.3
USC00111550,"CHICAGO NORTHERLY ISLAND, IL US",2024-06-25,25.8,26.2,26.2
USC00111550,"CHICAGO NORTHERLY ISLAND, IL US",2024-06-26,24.8,25.4,27.2
USC00111550,"CHICAGO NORTHERLY ISLAND, IL US",2024-06-27,18.7,19.5,20.4
USC00111550,"CHICAGO NORTHERLY ISLAND, IL US",2024-06-28,21.3,21.6,19.1
USC00111550,"CHICAGO NORTHERLY ISLAND, IL US",2024-06-29,27,27.4,26.1
USC00111550,"CHICAGO NORTHERLY ISLAND, IL US",2024-06-30,19.8,19.3,21.1
USC00111550,"CHICAGO NORTHERLY ISLAND, IL US",2024-07-01,18.8,18.7,16.5
USC00111550,"CHICAGO NORTHERLY ISLAND, IL US",2024-07-02,24.4,24.5,19.1
USC00111550,"CHICAGO NORTHERLY ISLAND, IL US",2024-07-03,25.9,27.3,24.1
USC00111550,"CHICAGO NORTHERLY ISLAND, IL US",2024-07-04,23.9,24.7,26
USC00111550,"CHICAGO NORTHERLY ISLAND, IL US",2024-07-05,24.5,25,22.9
USC00111550,"CHICAGO NORTHERLY ISLAND, IL US",2024-07-06,21.7,22.7,22.2
USC00111550,"CHICAGO NORTHERLY ISLAND, IL US",2024-07-07,25.6,25.7,24
USC00111550,"CHICAGO NORTHERLY ISLAND, IL US",2024-07-08,25.7,26.4,24.7
USC00111550,"CHICAGO NORTHERLY ISLAND, IL US",2024-07-09,22.4,23.7,25.2
USC00111550,"CHICAGO NORTHERLY ISLAND, IL US",2024-07-10,22.6,23.6,22.6
USC00111550,"CHICAGO NORTHERLY ISLAND, IL US",2024-07-11,21.8,22.8,22.4
USC00111550,"CHICAGO NORTHERLY ISLAND, IL US",2024-07-12,22.8,23.9,22.8
USC00111550,"CHICAGO NORTHERLY ISLAND, IL US",2024-07-13,27.2,27.2,25.4
USC00111550,"CHICAGO NORTHERLY ISLAND, IL US",2024-07-14,26.5,26.3,26.8
USC00111550,"CHICAGO NORTHERLY ISLAND, IL US",2024-07-15,27.3,27.6,28.6
USC00111550,"CHICAGO NORTHERLY ISLAND, IL US",2024-07-16,25.9,26.2,28.6
USC00111550,"CHICAGO NORTHERLY ISLAND, IL US",2024-07-17,23.7,24.1,23.8
USC00111550,"CHICAGO NORTHERLY ISLAND, IL US",2024-07-18,20.7,20.7,20.1
USC00111550,"CHICAGO NORTHERLY ISLAND, IL US",2024-07-19,21.5,21.5,18.8
USC00111550,"CHICAGO NORTHERLY ISLAND, IL US",2024-07-20,23,22.7,20
USC00111550,"CHICAGO NORTHERLY ISLAND, IL US",2024-07-21,23.7,23.9,21.1
USC00111550,"CHICAGO NORTHERLY ISLAND, IL US",2024-07-22,23,23.8,22.2
USC00111550,"CHICAGO NORTHERLY ISLAND, IL US",2024-07-23,25.5,25.3,23.9
USC00111550,"CHICAGO NORTHERLY ISLAND, IL US",2024-07-24,22.4,22.3,23
USC00111550,"CHICAGO NORTHERLY ISLAND, IL US",2024-07-25,21.5,21.5,21
USC00111550,"CHICAGO NORTHERLY ISLAND, IL US",2024-07-26,22.2,21.8,19.4
USC00111550,"CHICAGO NORTHERLY ISLAND, IL US",2024-07-27,23.3,24.2,22
USC00111550,"CHICAGO NORTHERLY ISLAND, IL US",2024-07-28,25.5,25.3,22.2
USC00111550,"CHICAGO NORTHERLY ISLAND, IL US",2024-07-29,25.6,25.8,25.1
USC00111550,"CHICAGO NORTHERLY ISLAND, IL US",2024-07-30,25.4,27,25.5
USC00111550,"CHICAGO NORTHERLY ISLAND, IL US",2024-07-31,28.7,28.7,26.7
USC00111550,"CHICAGO NORTHERLY ISLAND, IL US",2024-08-01,25.5,26.7,26.3
USC00111550,"CHICAGO NORTHERLY ISLAND, IL US",2024-08-02,24.8,25.5,26.4
USC00111550,"CHICAGO NORTHERLY ISLAND, IL US",2024-08-03,25.7,27.1,25.4
USC00111550,"CHICAGO NORTHERLY ISLAND, IL US",2024-08-04,26.6,27.4,26.9
USC00111550,"CHICAGO NORTHERLY ISLAND, IL US",2024-08-05,27.6,28.2,26.1
USC00111550,"CHICAGO NORTHERLY ISLAND, IL US",2024-08-06,23.6,23.5,23.5
USC00111550,"CHICAGO NORTHERLY ISLAND, IL US",2024-08-07,22.7,22.5,21
USC00111550,"CHICAGO NORTHERLY ISLAND, IL US",2024-08-08,24.1,23.8,20.7
USC00111550,"CHICAGO NORTHERLY ISLAND, IL US",2024-08-09,20.6,20.4,20.1
USC00111550,"CHICAGO NORTHERLY ISLAND, IL US",2024-08-10,20.6,20.1,17.8
USC00111550,"CHICAGO NORTHERLY ISLAND, IL US",2024-08-11,23.1,21.8,18.3
USC00111550,"CHICAGO NORTHERLY ISLAND, IL US",2024-08-12,23.6,22.6,20.2
USC00111550,"CHICAGO NORTHERLY ISLAND, IL US",2024-08-13,24.1,24,22.3
USC00111550,"CHICAGO NORTHERLY ISLAND, IL US",2024-08-14,23.9,24.3,22.5
USC00111550,"CHICAGO NORTHERLY ISLAND, IL US",2024-08-15,21.8,22.3,20.5
USC00111550,"CHICAGO NORTHERLY ISLAND, IL US",2024-08-16,25.8,26.3,23.6
USC00111550,"CHICAGO NORTHERLY ISLAND, IL US",2024-08-17,23.5,24.6,23
USC00111550,"CHICAGO NORTHERLY ISLAND, IL US",2024-08-18,22.9,23.2,22.3
USC00111550,"CHICAGO NORTHERLY ISLAND, IL US",2024-08-19,21.9,21.8,21.3
USC00111550,"CHICAGO NORTHERLY ISLAND, IL US",2024-08-20,19.9,19,17.9
USC00111550,"CHICAGO NORTHERLY ISLAND, IL US",2024-08-21,19.8,19.2,16.8
USC00111550,"CHICAGO NORTHERLY ISLAND, IL US",2024-08-22,20.8,20.6,17.7
USC00111550,"CHICAGO NORTHERLY ISLAND, IL US",2024-08-23,22.6,22.4,19.6
USC00111550,"CHICAGO NORTHERLY ISLAND, IL US",2024-08-24,23.9,25.1,22.1
USC00111550,"CHICAGO NORTHERLY ISLAND, IL US",2024-08-25,29.3,28.8,25.9
USC00111550,"CHICAGO NORTHERLY ISLAND, IL US",2024-08-26,30.7,30.7,26.3
USC00111550,"CHICAGO NORTHERLY ISLAND, IL US",2024-08-27,29.5,30.7,28.7
USC00111550,"CHICAGO NORTHERLY ISLAND, IL US",2024-08-28,26.1,26.3,29.5
USC00111550,"CHICAGO NORTHERLY ISLAND, IL US",2024-08-29,23.5,25.4,26.3
USC00111550,"CHICAGO NORTHERLY ISLAND, IL US",2024-08-30,25.6,26.3,26.5
USC00111550,"CHICAGO NORTHERLY ISLAND, IL US",2024-08-31,23.2,23.8,23.8
USC00111550,"CHICAGO NORTHERLY ISLAND, IL US",2024-09-01,22.1,21.5,20.1
USC00111550,"CHICAGO NORTHERLY ISLAND, IL US",2024-09-02,20.4,19.7,18.1
USC00111550,"CHICAGO NORTHERLY ISLAND, IL US",2024-09-03,20,20.3,17.5
USC00111550,"CHICAGO NORTHERLY ISLAND, IL US",2024-09-04,21.1,22,18.9
USC00111550,"CHICAGO NORTHERLY ISLAND, IL US",2024-09-05,25.8,25.3,21.5
USC00111550,"CHICAGO NORTHERLY ISLAND, IL US",2024-09-06,19.4,19.1,20.6
USC00111550,"CHICAGO NORTHERLY ISLAND, IL US",2024-09-07,15.3,15.2,15
USC00111550,"CHICAGO NORTHERLY ISLAND, IL US",2024-09-08,18.3,17.3,13.5
USC00111550,"CHICAGO NORTHERLY ISLAND, IL US",2024-09-09,22.1,21.8,16.8
USC00111550,"CHICAGO NORTHERLY ISLAND, IL US",2024-09-10,23.6,22.4,20.7
USC00111550,"CHICAGO NORTHERLY ISLAND, IL US",2024-09-11,22.7,23.4,21
USC00111550,"CHICAGO NORTHERLY ISLAND, IL US",2024-09-12,23,24.1,22.6
USC00111550,"CHICAGO NORTHERLY ISLAND, IL US",2024-09-13,23.4,24.4,22.3
USC00111550,"CHICAGO NORTHERLY ISLAND, IL US",2024-09-14,24.3,25.5,24.4
USC00111550,"CHICAGO NORTHERLY ISLAND, IL US",2024-09-15,24.3,25.8,23.8
USC00111550,"CHICAGO NORTHERLY ISLAND, IL US",2024-09-16,23.9,25.5,23.3
USC00111550,"CHICAGO NORTHERLY ISLAND, IL US",2024-09-17,22.5,23,21.8
USC00111550,"CHICAGO NORTHERLY ISLAND, IL US",2024-09-18,23.5,24,21.3
USC00111550,"CHICAGO NORTHERLY ISLAND, IL US",2024-09-19,23.3,24.8,22.2
USC00111550,"CHICAGO NORTHERLY ISLAND, IL US",2024-09-20,26.4,26.8,23.4
USC00111550,"CHICAGO NORTHERLY ISLAND, IL US",2024-09-21,24.1,25.7,24.2
USC00111550,"CHICAGO NORTHERLY ISLAND, IL US",2024-09-22,22.7,21.7,21.6
USC00111550,"CHICAGO NORTHERLY ISLAND, IL US",2024-09-23,18.5,18.1,19
USC00111550,"CHICAGO NORTHERLY ISLAND, IL US",2024-09-24,18.3,18.8,17.9
USC00111550,"CHICAGO NORTHERLY ISLAND, IL US",2024-09-25,20,20.4,18
USC00111550,"CHICAGO NORTHERLY ISLAND, IL US",2024-09-26,20.2,19.9,19.1
USC00111550,"CHICAGO NORTHERLY ISLAND, IL US",2024-09-27,20.8,20.7,19.2
USC00111550,"CHICAGO NORTHERLY ISLAND, IL US",2024-09-28,20,20.3,20.2
USC00111550,"CHICAGO NORTHERLY ISLAND, IL US",2024-09-29,20.9,21.6,21
USC00111550,"CHICAGO NORTHERLY ISLAND, IL US",2024-09-30,21.3,21.6,22.1
USC00111550,"CHICAGO NORTHERLY ISLAND, IL US",2024-10-01,18.6,18.2,19.9
USC00111550,"CHICAGO NORTHERLY ISLAND, IL US",2024-10-02,18.2,17.2,14.4
USC00111550,"CHICAGO NORTHERLY ISLAND, IL US",2024-10-03,19.4,19.5,14.6
USC00111550,"CHICAGO NORTHERLY ISLAND, IL US",2024-10-04,19.4,18.7,16.6
USC00111550,"CHICAGO NORTHERLY ISLAND, IL US",2024-10-05,24.1,23.3,19
USC00111550,"CHICAGO NORTHERLY ISLAND, IL US",2024-10-06,19.8,20,20.2
USC00111550,"CHICAGO NORTHERLY ISLAND, IL US",2024-10-07,15.6,15.6,13.2
USC00111550,"CHICAGO NORTHERLY ISLAND, IL US",2024-10-08,18.9,17.6,13.5
USC00111550,"CHICAGO NORTHERLY ISLAND, IL US",2024-10-09,16.1,16.2,16.4
USC00111550,"CHICAGO NORTHERLY ISLAND, IL US",2024-10-10,17.1,17.3,14.4
USC00111550,"CHICAGO NORTHERLY ISLAND, IL US",2024-10-11,22.3,21.7,17
USC00111550,"CHICAGO NORTHERLY ISLAND, IL US",2024-10-12,17.4,18.3,18.3
USC00111550,"CHICAGO NORTHERLY ISLAND, IL US",2024-10-13,15.4,15.9,14.9
USC00111550,"CHICAGO NORTHERLY ISLAND, IL US",2024-10-14,10.6,10.9,11.6
USC00111550,"CHICAGO NORTHERLY ISLAND, IL US",2024-10-15,8.3,8.6,9.5
USC00111550,"CHICAGO NORTHERLY ISLAND, IL US",2024-10-16,9.7,9.8,8.2
USC00111550,"CHICAGO NORTHERLY ISLAND, IL US",2024-10-17,13.3,12.3,8.7
USC00111550,"CHICAGO NORTHERLY ISLAND, IL US",2024-10-18,15.8,14.8,10.2
USC00111550,"CHICAGO NORTHERLY ISLAND, IL US",2024-10-19,17.1,16,12
USC00111550,"CHICAGO NORTHERLY ISLAND, IL US",2024-10-20,19.8,19.5,13.9
USC00111550,"CHICAGO NORTHERLY ISLAND, IL US",2024-10-21,21.7,21.4,16.6
USC00111550,"CHICAGO NORTHERLY ISLAND, IL US",2024-10-22,19.2,19,15.8
USC00111550,"CHICAGO NORTHERLY ISLAND, IL US",2024-10-23,15,14.2,15.1
USC00111550,"CHICAGO NORTHERLY ISLAND, IL US",2024-10-24,14.8,13.3,10.4
USC00111550,"CHICAGO NORTHERLY ISLAND, IL US",2024-10-25,14.5,14.6,11.2
USC00111550,"CHICAGO NORTHERLY ISLAND, IL US",2024-10-26,11.8,11.3,10
USC00111550,"CHICAGO NORTHERLY ISLAND, IL US",2024-10-27,11.4,10.5,9.4
USC00111550,"CHICAGO NORTHERLY ISLAND, IL US",2024-10-28,15,14.3,9.2
USC00111550,"CHICAGO NORTHERLY ISLAND, IL US",2024-10-29,23.9,23.6,19.7
USC00111550,"CHICAGO NORTHERLY ISLAND, IL US",2024-10-30,23.7,24.1,20.8
USC00111550,"CHICAGO NORTHERLY ISLAND, IL US",2024-10-31,15.8,16.3,20.1
USC00111550,"CHICAGO NORTHERLY ISLAND, IL US",2024-11-01,7.7,8.3,8.6
USC00111550,"CHICAGO NORTHERLY ISLAND, IL US",2024-11-02,10,9.9,8.4
USC00111550,"CHICAGO NORTHERLY ISLAND, IL US",2024-11-03,15,14.6,10.4
USC00111550,"CHICAGO NORTHERLY ISLAND, IL US",2024-11-04,18.7,18.7,17.7
USC00111550,"CHICAGO NORTHERLY ISLAND, IL US",2024-11-05,18.1,18,18
USC00111550,"CHICAGO NORTHERLY ISLAND, IL US",2024-11-06,13.7,13.4,13.8
USC00111550,"CHICAGO NORTHERLY ISLAND, IL US",2024-11-07,11.5,11.8,10.6
USC00111550,"CHICAGO NORTHERLY ISLAND, IL US",2024-11-08,13.5,12.9,8.5
USC00111550,"CHICAGO NORTHERLY ISLAND, IL US",2024-11-09,10.6,10.8,9
USC00111550,"CHICAGO NORTHERLY ISLAND, IL US",2024-11-10,13.9,14.2,10.6
USC00111550,"CHICAGO NORTHERLY ISLAND, IL US",2024-11-11,11.4,11.9,9.8
USC00111550,"CHICAGO NORTHERLY ISLAND, IL US",2024-11-12,8.3,8.3,6.9
USC00111550,"CHICAGO NORTHERLY ISLAND, IL US",2024-11-13,9.1,8.9,6.4
USC00111550,"CHICAGO NORTHERLY ISLAND, IL US",2024-11-14,10.9,11,10.8
USC00111550,"CHICAGO NORTHERLY ISLAND, IL US",2024-11-15,10.2,10.1,9.8
USC00111550,"CHICAGO NORTHERLY ISLAND, IL US",2024-11-16,9.8,9.6,8.2
USC00111550,"CHICAGO NORTHERLY ISLAND, IL US",2024-11-17,12.2,12.2,9.5
USC00111550,"CHICAGO NORTHERLY ISLAND, IL US",2024-11-18,12,12.5,13.3
USC00111550,"CHICAGO NORTHERLY ISLAND, IL US",2024-11-19,14.5,14.3,15.4
USC00111550,"CHICAGO NORTHERLY ISLAND, IL US",2024-11-20,5.9,6.5,8.1
USC00111550,"CHICAGO NORTHERLY ISLAND, IL US",2024-11-21,3.4,2.9,2.8
USC00111550,"CHICAGO NORTHERLY ISLAND, IL US",2024-11-22,6.3,6,4.9
USC00111550,"CHICAGO NORTHERLY ISLAND, IL US",2024-11-23,4.8,5.2,5.1
USC00111550,"CHICAGO NORTHERLY ISLAND, IL US",2024-11-24,8.2,8,5.5
USC00111550,"CHICAGO NORTHERLY ISLAND, IL US",2024-11-25,8.2,8.5,8.6
USC00111550,"CHICAGO NORTHERLY ISLAND, IL US",2024-11-26,1.6,1.7,1.2
USC00111550,"CHICAGO NORTHERLY ISLAND, IL US",2024-11-27,4.6,4.4,1.1
USC00111550,"CHICAGO NORTHERLY ISLAND, IL US",2024-11-28,1.5,1.1,0.7
USC00111550,"CHICAGO NORTHERLY ISLAND, IL US",2024-11-29,-3.7,-3.9,-2.6
USC00111550,"CHICAGO NORTHERLY ISLAND, IL US",2024-11-30,-5.7,-5.7,-6
USC00111550,"CHICAGO NORTHERLY ISLAND, IL US",2024-12-01,-5,-5,-7.2
USC00111550,"CHICAGO NORTHERLY ISLAND, IL US",2024-12-02,-5,-5,-5.7
USC00111550,"CHICAGO NORTHERLY ISLAND, IL US",2024-12-03,-2.8,-2.8,-3.3
USC00111550,"CHICAGO NORTHERLY ISLAND, IL US",2024-12-04,-0.7,-0.4,-1.9
USC00111550,"CHICAGO NORTHERLY ISLAND, IL US",2024-12-05,-5.2,-4.7,-4.4
USC00111550,"CHICAGO NORTHERLY ISLAND, IL US",2024-12-06,-3.5,-3.5,-6.6
USC00111550,"CHICAGO NORTHERLY ISLAND, IL US",2024-12-07,4.2,4.1,-2.7
USC00111550,"CHICAGO NORTHERLY ISLAND, IL US",2024-12-08,10,9.4,1.6
USC00111550,"CHICAGO NORTHERLY ISLAND, IL US",2024-12-09,10,10,5.1
USC00111550,"CHICAGO NORTHERLY ISLAND, IL US",2024-12-10,3.9,3.4,3
USC00111550,"CHICAGO NORTHERLY ISLAND, IL US",2024-12-11,-4.4,-3.4,-0.6
USC00111550,"CHICAGO NORTHERLY ISLAND, IL US",2024-12-12,-11.3,-11.2,-9.7
USC00111550,"CHICAGO NORTHERLY ISLAND, IL US",2024-12-13,-6.1,-6.4,-8.9
USC00111550,"CHICAGO NORTHERLY ISLAND, IL US",2024-12-14,0,0.6,-2.6
USC00111550,"CHICAGO NORTHERLY ISLAND, IL US",2024-12-15,5,5.8,3.7
USC00111550,"CHICAGO NORTHERLY ISLAND, IL US",2024-12-16,8.2,8.5,5.6
USC00111550,"CHICAGO NORTHERLY ISLAND, IL US",2024-12-17,2.4,2.7,1.8
USC00111550,"CHICAGO NORTHERLY ISLAND, IL US",2024-12-18,0.4,0.6,0.6
USC00111550,"CHICAGO NORTHERLY ISLAND, IL US",2024-12-19,-0.9,-0.6,-2.2
USC00111550,"CHICAGO NORTHERLY ISLAND, IL US",2024-12-20,-0.3,-0.4,0.1
USC00111550,"CHICAGO NORTHERLY ISLAND, IL US",2024-12-21,-4.1,-4.2,-2.6
USC00111550,"CHICAGO NORTHERLY ISLAND, IL US",2024-12-22,-1.8,-3.1,-4.7
USC00111550,"CHICAGO NORTHERLY ISLAND, IL US",2024-12-23,3,2.6,-1.7
USC00111550,"CHICAGO NORTHERLY ISLAND, IL US",2024-12-24,1.9,2.2,0.5
USC00111550,"CHICAGO NORTHERLY ISLAND, IL US",2024-12-25,1.3,2.2,-1.3
USC00111550,"CHICAGO NORTHERLY ISLAND, IL US",2024-12-26,5.4,6.5,1.6
USC00111550,"CHICAGO NORTHERLY ISLAND, IL US",2024-12-27,8,9.5,2.7
USC00111550,"CHICAGO NORTHERLY ISLAND, IL US",2024-12-28,8,9.2,6.9
USC00111550,"CHICAGO NORTHERLY ISLAND, IL US",2024-12-29,4.6,5.9,6.1
USC00111550,"CHICAGO NORTHERLY ISLAND, IL US",2024-12-30,3.6,4.1,3.3
USW00094846,"CHICAGO OHARE INTERNATIONAL AIRPORT, IL US",2024-01-01,-1.1,-0.7,0.8
USW00094846,"CHICAGO OHARE INTERNATIONAL AIRPORT, IL US",2024-01-02,1.1,0.6,-1.9
USW00094846,"CHICAGO OHARE INTERNATIONAL AIRPORT, IL US",2024-01-03,1.1,0.7,-1.4
USW00094846,"CHICAGO OHARE INTERNATIONAL AIRPORT, IL US",2024-01-04,0,0.2,-0.3
USW00094846,"CHICAGO OHARE INTERNATIONAL AIRPORT, IL US",2024-01-05,0.4,0.1,-0.7
USW00094846,"CHICAGO OHARE INTERNATIONAL AIRPORT, IL US",2024-01-06,0.5,-0.1,-0.7
USW00094846,"CHICAGO OHARE INTERNATIONAL AIRPORT, IL US",2024-01-07,0.5,0.4,0.5
USW00094846,"CHICAGO OHARE INTERNATIONAL AIRPORT, IL US",2024-01-08,0.9,0.9,-1.2
USW00094846,"CHICAGO OHARE INTERNATIONAL AIRPORT, IL US",2024-01-09,1.6,1.2,0.7
USW00094846,"CHICAGO OHARE INTERNATIONAL AIRPORT, IL US",2024-01-10,0.3,0.2,0.1
USW00094846,"CHICAGO OHARE INTERNATIONAL AIRPORT, IL US",2024-01-11,-0.4,-0.5,-0.6
USW00094846,"CHICAGO OHARE INTERNATIONAL AIRPORT, IL US",2024-01-12,0.9,0.4,-1.1
USW00094846,"CHICAGO OHARE INTERNATIONAL AIRPORT, IL US",2024-01-13,-6.4,-5.6,-2.6
USW00094846,"CHICAGO OHARE INTERNATIONAL AIRPORT, IL US",2024-01-14,-18.8,-19.9,-14.1
USW00094846,"CHICAGO OHARE INTERNATIONAL AIRPORT, IL US",2024-01-15,-19.2,-19.6,-18.2
USW00094846,"CHICAGO OHARE INTERNATIONAL AIRPORT, IL US",2024-01-16,-18.2,-18.3,-18.5
USW00094846,"CHICAGO OHARE INTERNATIONAL AIRPORT, IL US",2024-01-17,-10.5,-11.3,-16.7
USW00094846,"CHICAGO OHARE INTERNATIONAL AIRPORT, IL US",2024-01-18,-5.6,-7.1,-9.6
USW00094846,"CHICAGO OHARE INTERNATIONAL AIRPORT, IL US",2024-01-19,-11.9,-11.8,-8.8
USW00094846,"CHICAGO OHARE INTERNATIONAL AIRPORT, IL US",2024-01-20,-10.8,-10.9,-10.4
USW00094846,"CHICAGO OHARE INTERNATIONAL AIRPORT, IL US",2024-01-21,-10.4,-10.4,-12.7
USW00094846,"CHICAGO OHARE INTERNATIONAL AIRPORT, IL US",2024-01-22,-1.7,-3.4,-6.5
USW00094846,"CHICAGO OHARE INTERNATIONAL AIRPORT, IL US",2024-01-23,1.9,1.2,-1
USW00094846,"CHICAGO OHARE INTERNATIONAL AIRPORT, IL US",2024-01-24,2.4,2.3,0.1
USW00094846,"CHICAGO OHARE INTERNATIONAL AIRPORT, IL US",2024-01-25,2.7,3,1.1
USW00094846,"CHICAGO OHARE INTERNATIONAL AIRPORT, IL US",2024-01-26,3.8,3.5,1.5
USW00094846,"CHICAGO OHARE INTERNATIONAL AIRPORT, IL US",2024-01-27,3.9,3.2,1.6
USW00094846,"CHICAGO OHARE INTERNATIONAL AIRPORT, IL US",2024-01-28,2.6,2.5,2.1
USW00094846,"CHICAGO OHARE INTERNATIONAL AIRPORT, IL US",2024-01-29,2,1.9,0.4
USW00094846,"CHICAGO OHARE INTERNATIONAL AIRPORT, IL US",2024-01-30,4.1,3.2,0.3
USW00094846,"CHICAGO OHARE INTERNATIONAL AIRPORT, IL US",2024-01-31,2.9,2.9,1
USW00094846,"CHICAGO OHARE INTERNATIONAL AIRPORT, IL US",2024-02-01,8.4,7.6,1.8
USW00094846,"CHICAGO OHARE INTERNATIONAL AIRPORT, IL US",2024-02-02,3.2,2.7,1.6
USW00094846,"CHICAGO OHARE INTERNATIONAL AIRPORT, IL US",2024-02-03,2.8,2,1.2
USW00094846,"CHICAGO OHARE INTERNATIONAL AIRPORT, IL US",2024-02-04,4.1,3.9,1.5
USW00094846,"CHICAGO OHARE INTERNATIONAL AIRPORT, IL US",2024-02-05,2.6,3,1.1
USW00094846,"CHICAGO OHARE INTERNATIONAL AIRPORT, IL US",2024-02-06,5,3.5,1
USW00094846,"CHICAGO OHARE INTERNATIONAL AIRPORT, IL US",2024-02-07,5.3,4.4,2.8
USW00094846,"CHICAGO OHARE INTERNATIONAL AIRPORT, IL US",2024-02-08,11.5,10.2,3.4
USW00094846,"CHICAGO OHARE INTERNATIONAL AIRPORT, IL US",2024-02-09,8.9,9.2,6.6
USW00094846,"CHICAGO OHARE INTERNATIONAL AIRPORT, IL US",2024-02-10,3,2.8,2.9
USW00094846,"CHICAGO OHARE INTERNATIONAL AIRPORT, IL US",2024-02-11,1.5,1.1,0.1
USW00094846,"CHICAGO OHARE INTERNATIONAL AIRPORT, IL US",2024-02-12,3.2,2.6,-0.2
USW00094846,"CHICAGO OHARE INTERNATIONAL AIRPORT, IL US",2024-02-13,2,1.6,0.4
USW00094846,"CHICAGO OHARE INTERNATIONAL AIRPORT, IL US",2024-02-14,3.8,2.9,1.9
USW00094846,"CHICAGO OHARE INTERNATIONAL AIRPORT, IL US",2024-02-15,3.7,2.9,2.5
USW00094846,"CHICAGO OHARE INTERNATIONAL AIRPORT, IL US",2024-02-16,-2.7,-2.5,-0.5
USW00094846,"CHICAGO OHARE INTERNATIONAL AIRPORT, IL US",2024-02-17,-5.1,-5.1,-4.7
USW00094846,"CHICAGO OHARE INTERNATIONAL AIRPORT, IL US",2024-02-18,3,2.1,-2
USW00094846,"CHICAGO OHARE INTERNATIONAL AIRPORT, IL US",2024-02-19,4.1,3.7,0.2
USW00094846,"CHICAGO OHARE INTERNATIONAL AIRPORT, IL US",2024-02-20,7.8,7,1.4
USW00094846,"CHICAGO OHARE INTERNATIONAL AIRPORT, IL US",2024-02-21,13.3,12.1,4.7
USW00094846,"CHICAGO OHARE INTERNATIONAL AIRPORT, IL US",2024-02-22,12,11.2,8.4
USW00094846,"CHICAGO OHARE INTERNATIONAL AIRPORT, IL US",2024-02-23,5.9,5.8,4.6
USW00094846,"CHICAGO OHARE INTERNATIONAL AIRPORT, IL US",2024-02-24,-1.6,-1.4,-0.6
USW00094846,"CHICAGO OHARE INTERNATIONAL AIRPORT, IL US",2024-02-25,9.8,8.6,1.4
USW00094846,"CHICAGO OHARE INTERNATIONAL AIRPORT, IL US",2024-02-26,14.3,13.6,6.9
USW00094846,"CHICAGO OHARE INTERNATIONAL AIRPORT, IL US",2024-02-27,18.5,17.3,11.8
USW00094846,"CHICAGO OHARE INTERNATIONAL AIRPORT, IL US",2024-02-28,4.5,2.6,4.6
USW00094846,"CHICAGO OHARE INTERNATIONAL AIRPORT, IL US",2024-02-29,1.8,1,-2.3
USW00094846,"CHICAGO OHARE INTERNATIONAL AIRPORT, IL US",2024-03-01,4.5,3.9,1.4
USW00094846,"CHICAGO OHARE INTERNATIONAL AIRPORT, IL US",2024-03-02,10.1,9.3,5.6
USW00094846,"CHICAGO OHARE INTERNATIONAL AIRPORT, IL US",2024-03-03,16.2,15.4,8.9
USW00094846,"CHICAGO OHARE INTERNATIONAL AIRPORT, IL US",2024-03-04,16.1,15.5,14
USW00094846,"CHICAGO OHARE INTERNATIONAL AIRPORT, IL US",2024-03-05,6.1,6.2,10.6
USW00094846,"CHICAGO OHARE INTERNATIONAL AIRPORT, IL US",2024-03-06,6.1,6.6,5.4
USW00094846,"CHICAGO OHARE INTERNATIONAL AIRPORT, IL US",2024-03-07,7.3,6.3,5.2
USW00094846,"CHICAGO OHARE INTERNATIONAL AIRPORT, IL US",2024-03-08,6.3,5.7,7.7
USW00094846,"CHICAGO OHARE INTERNATIONAL AIRPORT, IL US",2024-03-09,4.6,4.9,4.7
USW00094846,"CHICAGO OHARE INTERNATIONAL AIRPORT, IL US",2024-03-10,4.6,4.4,2.1
USW00094846,"CHICAGO OHARE INTERNATIONAL AIRPORT, IL US",2024-03-11,12,11.2,4.7
USW00094846,"CHICAGO OHARE INTERNATIONAL AIRPORT, IL US",2024-03-12,16.4,15.6,10.5
USW00094846,"CHICAGO OHARE INTERNATIONAL AIRPORT, IL US",2024-03-13,16,14.4,12.8
USW00094846,"CHICAGO OHARE INTERNATIONAL AIRPORT, IL US",2024-03-14,12.5,11.9,11.1
USW00094846,"CHICAGO OHARE INTERNATIONAL AIRPORT, IL US",2024-03-15,8.5,7.6,6.3
USW00094846,"CHICAGO OHARE INTERNATIONAL AIRPORT, IL US",2024-03-16,10.5,9.9,7.6
USW00094846,"CHICAGO OHARE INTERNATIONAL AIRPORT, IL US",2024-03-17,2.4,2.7,3.7
USW00094846,"CHICAGO OHARE INTERNATIONAL AIRPORT, IL US",2024-03-18,0,-0.1,-0.4
USW00094846,"CHICAGO OHARE INTERNATIONAL AIRPORT, IL US",2024-03-19,8.1,7.6,2
USW00094846,"CHICAGO OHARE INTERNATIONAL AIRPORT, IL US",2024-03-20,3.4,2.9,1.9
USW00094846,"CHICAGO OHARE INTERNATIONAL AIRPORT, IL US",2024-03-21,2,1,-0.7
USW00094846,"CHICAGO OHARE INTERNATIONAL AIRPORT, IL US",2024-03-22,2.2,1.3,0.4
USW00094846,"CHICAGO OHARE INTERNATIONAL AIRPORT, IL US",2024-03-23,1.2,1.3,0.3
USW00094846,"CHICAGO OHARE INTERNATIONAL AIRPORT, IL US",2024-03-24,5.6,5.1,1.6
USW00094846,"CHICAGO OHARE INTERNATIONAL AIRPORT, IL US",2024-03-25,13.5,11.6,5.6
USW00094846,"CHICAGO OHARE INTERNATIONAL AIRPORT, IL US",2024-03-26,7.8,8.7,10.8
USW00094846,"CHICAGO OHARE INTERNATIONAL AIRPORT, IL US",2024-03-27,2.8,2.8,2.4
USW00094846,"CHICAGO OHARE INTERNATIONAL AIRPORT, IL US",2024-03-28,5.8,5.3,2.8
USW00094846,"CHICAGO OHARE INTERNATIONAL AIRPORT, IL US",2024-03-29,7.4,6.6,4
USW00094846,"CHICAGO OHARE INTERNATIONAL AIRPORT, IL US",2024-03-30,11.5,10.2,8.2
USW00094846,"CHICAGO OHARE INTERNATIONAL AIRPORT, IL US",2024-03-31,8.7,7.6,6.8
USW00094846,"CHICAGO OHARE INTERNATIONAL AIRPORT, IL US",2024-04-01,7.6,7.3,6.8
USW00094846,"CHICAGO OHARE INTERNATIONAL AIRPORT, IL US",2024-04-02,5.2,7.1,6.7
USW00094846,"CHICAGO OHARE INTERNATIONAL AIRPORT, IL US",2024-04-03,2.8,2.6,3.5
USW00094846,"CHICAGO OHARE INTERNATIONAL AIRPORT, IL US",2024-04-04,5.2,4.3,3.1
USW00094846,"CHICAGO OHARE INTERNATIONAL AIRPORT, IL US",2024-04-05,6.6,6.1,4
USW00094846,"CHICAGO OHARE INTERNATIONAL AIRPORT, IL US",2024-04-06,7.1,6.5,3.5
USW00094846,"CHICAGO OHARE INTERNATIONAL AIRPORT, IL US",2024-04-07,7.6,6.9,4.6
USW00094846,"CHICAGO OHARE INTERNATIONAL AIRPORT, IL US",2024-04-08,16.4,15.6,10.3
USW00094846,"CHICAGO OHARE INTERNATIONAL AIRPORT, IL US",2024-04-09,14.1,13.9,13.2
USW00094846,"CHICAGO OHARE INTERNATIONAL AIRPORT, IL US",2024-04-10,15.3,13.9,12.2
USW00094846,"CHICAGO OHARE INTERNATIONAL AIRPORT, IL US",2024-04-11,13.2,12.1,11
USW00094846,"CHICAGO OHARE INTERNATIONAL AIRPORT, IL US",2024-04-12,14.5,13.8,11.1
USW00094846,"CHICAGO OHARE INTERNATIONAL AIRPORT, IL US",2024-04-13,15.8,15.3,10.9
USW00094846,"CHICAGO OHARE INTERNATIONAL AIRPORT, IL US",2024-04-14,21.1,20.2,16
USW00094846,"CHICAGO OHARE INTERNATIONAL AIRPORT, IL US",2024-04-15,18.3,17.4,16.2
USW00094846,"CHICAGO OHARE INTERNATIONAL AIRPORT, IL US",2024-04-16,20.7,18.9,13.7
USW00094846,"CHICAGO OHARE INTERNATIONAL AIRPORT, IL US",2024-04-17,16.7,16.7,18
USW00094846,"CHICAGO OHARE INTERNATIONAL AIRPORT, IL US",2024-04-18,12,11.5,11.7
USW00094846,"CHICAGO OHARE INTERNATIONAL AIRPORT, IL US",2024-04-19,10,10.1,8.8
USW00094846,"CHICAGO OHARE INTERNATIONAL AIRPORT, IL US",2024-04-20,5,5.2,6.1
USW00094846,"CHICAGO OHARE INTERNATIONAL AIRPORT, IL US",2024-04-21,9,8.7,6.6
USW00094846,"CHICAGO OHARE INTERNATIONAL AIRPORT, IL US",2024-04-22,13.7,13.1,9.1
USW00094846,"CHICAGO OHARE INTERNATIONAL AIRPORT, IL US",2024-04-23,12.8,13.7,12.3
USW00094846,"CHICAGO OHARE INTERNATIONAL AIRPORT, IL US",2024-04-24,5.7,6.2,8.5
USW00094846,"CHICAGO OHARE INTERNATIONAL AIRPORT, IL US",2024-04-25,9,8.3,4.9
USW00094846,"CHICAGO OHARE INTERNATIONAL AIRPORT, IL US",2024-04-26,12.8,12.4,7.9
USW00094846,"CHICAGO OHARE INTERNATIONAL AIRPORT, IL US",2024-04-27,21.7,20.5,17.3
USW00094846,"CHICAGO OHARE INTERNATIONAL AIRPORT, IL US",2024-04-28,20.4,19.7,21.9
USW00094846,"CHICAGO OHARE INTERNATIONAL AIRPORT, IL US",2024-04-29,17.6,17.6,21.3
USW00094846,"CHICAGO OHARE INTERNATIONAL AIRPORT, IL US",2024-04-30,18.1,17.4,17.4
USW00094846,"CHICAGO OHARE INTERNATIONAL AIRPORT, IL US",2024-05-01,20.2,19.3,17.7
USW00094846,"CHICAGO OHARE INTERNATIONAL AIRPORT, IL US",2024-05-02,21.3,19.7,16.9
USW00094846,"CHICAGO OHARE INTERNATIONAL AIRPORT, IL US",2024-05-03,17.1,16.7,19.9
USW00094846,"CHICAGO OHARE INTERNATIONAL AIRPORT, IL US",2024-05-04,19.8,18.9,16.2
USW00094846,"CHICAGO OHARE INTERNATIONAL AIRPORT, IL US",2024-05-05,14.7,14.7,17.5
USW00094846,"CHICAGO OHARE INTERNATIONAL AIRPORT, IL US",2024-05-06,16.3,15.9,13.6
USW00094846,"CHICAGO OHARE INTERNATIONAL AIRPORT, IL US",2024-05-07,20.2,19.4,17.3
USW00094846,"CHICAGO OHARE INTERNATIONAL AIRPORT, IL US",2024-05-08,20.4,19.5,19.5
USW00094846,"CHICAGO OHARE INTERNATIONAL AIRPORT, IL US",2024-05-09,14.1,13.7,13.1
USW00094846,"CHICAGO OHARE INTERNATIONAL AIRPORT, IL US",2024-05-10,14.8,15.1,13.2
USW00094846,"CHICAGO OHARE INTERNATIONAL AIRPORT, IL US",2024-05-11,17,16.2,15.5
USW00094846,"CHICAGO OHARE INTERNATIONAL AIRPORT, IL US",2024-05-12,20.9,20.7,16.9
USW00094846,"CHICAGO OHARE INTERNATIONAL AIRPORT, IL US",2024-05-13,23.1,22.1,20.4
USW00094846,"CHICAGO OHARE INTERNATIONAL AIRPORT, IL US",2024-05-14,14.3,14,19.1
USW00094846,"CHICAGO OHARE INTERNATIONAL AIRPORT, IL US",2024-05-15,16.1,16,13.9
USW00094846,"CHICAGO OHARE INTERNATIONAL AIRPORT, IL US",2024-05-16,18.9,18.3,15.8
USW00094846,"CHICAGO OHARE INTERNATIONAL AIRPORT, IL US",2024-05-17,22.4,21,21.1
USW00094846,"CHICAGO OHARE INTERNATIONAL AIRPORT, IL US",2024-05-18,23.7,23.2,23.1
USW00094846,"CHICAGO OHARE INTERNATIONAL AIRPORT, IL US",2024-05-19,21.4,21.1,22.7
USW00094846,"CHICAGO OHARE INTERNATIONAL AIRPORT, IL US",2024-05-20,24.5,22.8,21.2
USW00094846,"CHICAGO OHARE INTERNATIONAL AIRPORT, IL US",2024-05-21,25.6,25,24.6
USW00094846,"CHICAGO OHARE INTERNATIONAL AIRPORT, IL US",2024-05-22,22.5,22.1,22.6
USW00094846,"CHICAGO OHARE INTERNATIONAL AIRPORT, IL US",2024-05-23,22.2,21,18.2
USW00094846,"CHICAGO OHARE INTERNATIONAL AIRPORT, IL US",2024-05-24,22.2,21,19.7
USW00094846,"CHICAGO OHARE INTERNATIONAL AIRPORT, IL US",2024-05-25,20,19.2,20.3
USW00094846,"CHICAGO OHARE INTERNATIONAL AIRPORT, IL US",2024-05-26,19.5,18.6,16.5
USW00094846,"CHICAGO OHARE INTERNATIONAL AIRPORT, IL US",2024-05-27,19.8,19.4,19
USW00094846,"CHICAGO OHARE INTERNATIONAL AIRPORT, IL US",2024-05-28,18.3,18.1,18.3
USW00094846,"CHICAGO OHARE INTERNATIONAL AIRPORT, IL US",2024-05-29,16.5,16.4,16.5
USW00094846,"CHICAGO OHARE INTERNATIONAL AIRPORT, IL US",2024-05-30,15.6,15.5,14.2
USW00094846,"CHICAGO OHARE INTERNATIONAL AIRPORT, IL US",2024-05-31,19.8,18.9,16
USW00094846,"CHICAGO OHARE INTERNATIONAL AIRPORT, IL US",2024-06-01,18.3,17.4,16.3
USW00094846,"CHICAGO OHARE INTERNATIONAL AIRPORT, IL US",2024-06-02,21.1,19.9,18.9
USW00094846,"CHICAGO OHARE INTERNATIONAL AIRPORT, IL US",2024-06-03,23.9,23.4,21.6
USW00094846,"CHICAGO OHARE INTERNATIONAL AIRPORT, IL US",2024-06-04,25.9,25.1,24.9
USW00094846,"CHICAGO OHARE INTERNATIONAL AIRPORT, IL US",2024-06-05,23.9,23.9,24.9
USW00094846,"CHICAGO OHARE INTERNATIONAL AIRPORT, IL US",2024-06-06,22.5,22.4,21.5
USW00094846,"CHICAGO OHARE INTERNATIONAL AIRPORT, IL US",2024-06-07,21.4,21.1,18.4
USW00094846,"CHICAGO OHARE INTERNATIONAL AIRPORT, IL US",2024-06-08,20.2,20,18.6
USW00094846,"CHICAGO OHARE INTERNATIONAL AIRPORT, IL US",2024-06-09,21.2,20.9,18
USW00094846,"CHICAGO OHARE INTERNATIONAL AIRPORT, IL US",2024-06-10,17.1,16.7,16.5
USW00094846,"CHICAGO OHARE INTERNATIONAL AIRPORT, IL US",2024-06-11,19.5,18.7,15.3
USW00094846,"CHICAGO OHARE INTERNATIONAL AIRPORT, IL US",2024-06-12,27.3,26,21.1
USW00094846,"CHICAGO OHARE INTERNATIONAL AIRPORT, IL US",2024-06-13,28.4,27.5,24.7
USW00094846,"CHICAGO OHARE INTERNATIONAL AIRPORT, IL US",2024-06-14,24.3,24,24.8
USW00094846,"CHICAGO OHARE INTERNATIONAL AIRPORT, IL US",2024-06-15,23.9,23.2,20.5
USW00094846,"CHICAGO OHARE INTERNATIONAL AIRPORT, IL US",2024-06-16,29.8,28.3,22.8
USW00094846,"CHICAGO OHARE INTERNATIONAL AIRPORT, IL US",2024-06-17,31.7,30.3,28.2
USW00094846,"CHICAGO OHARE INTERNATIONAL AIRPORT, IL US",2024-06-18,30.9,30.2,28.7
USW00094846,"CHICAGO OHARE INTERNATIONAL AIRPORT, IL US",2024-06-19,29.5,29.6,27.8
USW00094846,"CHICAGO OHARE INTERNATIONAL AIRPORT, IL US",2024-06-20,24.8,24.9,28.1
USW00094846,"CHICAGO OHARE INTERNATIONAL AIRPORT, IL US",2024-06-21,28.3,27.3,26.7
USW00094846,"CHICAGO OHARE INTERNATIONAL AIRPORT, IL US",2024-06-22,28.7,27.7,28.2
USW00094846,"CHICAGO OHARE INTERNATIONAL AIRPORT, IL US",2024-06-23,24.3,23.9,25.9
USW00094846,"CHICAGO OHARE INTERNATIONAL AIRPORT, IL US",2024-06-24,26.1,24.8,23.8
USW00094846,"CHICAGO OHARE INTERNATIONAL AIRPORT, IL US",2024-06-25,26.4,26,25.8
USW00094846,"CHICAGO OHARE INTERNATIONAL AIRPORT, IL US",2024-06-26,25.6,25.5,26.9
USW00094846,"CHICAGO OHARE INTERNATIONAL AIRPORT, IL US",2024-06-27,20.5,19.7,20.2
USW00094846,"CHICAGO OHARE INTERNATIONAL AIRPORT, IL US",2024-06-28,21.3,21.2,18.8
USW00094846,"CHICAGO OHARE INTERNATIONAL AIRPORT, IL US",2024-06-29,27.2,26.5,25.3
USW00094846,"CHICAGO OHARE INTERNATIONAL AIRPORT, IL US",2024-06-30,19.1,18.9,20.8
USW00094846,"CHICAGO OHARE INTERNATIONAL AIRPORT, IL US",2024-07-01,19.3,18.6,16.5
USW00094846,"CHICAGO OHARE INTERNATIONAL AIRPORT, IL US",2024-07-02,25.5,23.8,18.8
USW00094846,"CHICAGO OHARE INTERNATIONAL AIRPORT, IL US",2024-07-03,27.8,26.8,23.8
USW00094846,"CHICAGO OHARE INTERNATIONAL AIRPORT, IL US",2024-07-04,25.6,24.9,25.6
USW00094846,"CHICAGO OHARE INTERNATIONAL AIRPORT, IL US",2024-07-05,24.7,24.5,22.5
USW00094846,"CHICAGO OHARE INTERNATIONAL AIRPORT, IL US",2024-07-06,24.2,22.8,21.9
USW00094846,"CHICAGO OHARE INTERNATIONAL AIRPORT, IL US",2024-07-07,26,25.1,23.5
USW00094846,"CHICAGO OHARE INTERNATIONAL AIRPORT, IL US",2024-07-08,26.3,25.8,24.2
USW00094846,"CHICAGO OHARE INTERNATIONAL AIRPORT, IL US",2024-07-09,24.6,23.9,25
USW00094846,"CHICAGO OHARE INTERNATIONAL AIRPORT, IL US",2024-07-10,25,24.3,23
USW00094846,"CHICAGO OHARE INTERNATIONAL AIRPORT, IL US",2024-07-11,23.9,23.4,22.3
USW00094846,"CHICAGO OHARE INTERNATIONAL AIRPORT, IL US",2024-07-12,25.2,24.5,22.7
USW00094846,"CHICAGO OHARE INTERNATIONAL AIRPORT, IL US",2024-07-13,27.5,26.8,25.2
USW00094846,"CHICAGO OHARE INTERNATIONAL AIRPORT, IL US",2024-07-14,26.5,26.2,26.9
USW00094846,"CHICAGO OHARE INTERNATIONAL AIRPORT, IL US",2024-07-15,27.6,27.2,28.6
USW00094846,"CHICAGO OHARE INTERNATIONAL AIRPORT, IL US",2024-07-16,25.9,25.9,28.5
USW00094846,"CHICAGO OHARE INTERNATIONAL AIRPORT, IL US",2024-07-17,23.9,24.1,23.5
USW00094846,"CHICAGO OHARE INTERNATIONAL AIRPORT, IL US",2024-07-18,20.8,20.7,20.2
USW00094846,"CHICAGO OHARE INTERNATIONAL AIRPORT, IL US",2024-07-19,22.3,21.6,19.1
USW00094846,"CHICAGO OHARE INTERNATIONAL AIRPORT, IL US",2024-07-20,23.3,22.6,20.1
USW00094846,"CHICAGO OHARE INTERNATIONAL AIRPORT, IL US",2024-07-21,25,24,21.6
USW00094846,"CHICAGO OHARE INTERNATIONAL AIRPORT, IL US",2024-07-22,24.7,24,22.3
USW00094846,"CHICAGO OHARE INTERNATIONAL AIRPORT, IL US",2024-07-23,25.5,24.8,23.9
USW00094846,"CHICAGO OHARE INTERNATIONAL AIRPORT, IL US",2024-07-24,22.1,22.1,23.1
USW00094846,"CHICAGO OHARE INTERNATIONAL AIRPORT, IL US",2024-07-25,22.1,21.8,20.9
USW00094846,"CHICAGO OHARE INTERNATIONAL AIRPORT, IL US",2024-07-26,22.8,22,19.4
USW00094846,"CHICAGO OHARE INTERNATIONAL AIRPORT, IL US",2024-07-27,25.3,24,22
USW00094846,"CHICAGO OHARE INTERNATIONAL AIRPORT, IL US",2024-07-28,26.1,24.9,22.1
USW00094846,"CHICAGO OHARE INTERNATIONAL AIRPORT, IL US",2024-07-29,26.1,25.3,24.8
USW00094846,"CHICAGO OHARE INTERNATIONAL AIRPORT, IL US",2024-07-30,27.8,27,25.3
USW00094846,"CHICAGO OHARE INTERNATIONAL AIRPORT, IL US",2024-07-31,28.9,28.2,26.9
USW00094846,"CHICAGO OHARE INTERNATIONAL AIRPORT, IL US",2024-08-01,27,26.6,26.5
USW00094846,"CHICAGO OHARE INTERNATIONAL AIRPORT, IL US",2024-08-02,26.7,26.1,26.4
USW00094846,"CHICAGO OHARE INTERNATIONAL AIRPORT, IL US",2024-08-03,28.9,27.6,25.8
USW00094846,"CHICAGO OHARE INTERNATIONAL AIRPORT, IL US",2024-08-04,28.4,27.2,26.7
USW00094846,"CHICAGO OHARE INTERNATIONAL AIRPORT, IL US",2024-08-05,29.1,28.2,26.6
USW00094846,"CHICAGO OHARE INTERNATIONAL AIRPORT, IL US",2024-08-06,22.1,22.4,22.9
USW00094846,"CHICAGO OHARE INTERNATIONAL AIRPORT, IL US",2024-08-07,22.5,22.1,21
USW00094846,"CHICAGO OHARE INTERNATIONAL AIRPORT, IL US",2024-08-08,24.2,23.2,20.8
USW00094846,"CHICAGO OHARE INTERNATIONAL AIRPORT, IL US",2024-08-09,19.6,19.4,19.9
USW00094846,"CHICAGO OHARE INTERNATIONAL AIRPORT, IL US",2024-08-10,19.7,19.5,17.7
USW00094846,"CHICAGO OHARE INTERNATIONAL AIRPORT, IL US",2024-08-11,21.9,21.2,18.4
USW00094846,"CHICAGO OHARE INTERNATIONAL AIRPORT, IL US",2024-08-12,23.2,22.2,20.4
USW00094846,"CHICAGO OHARE INTERNATIONAL AIRPORT, IL US",2024-08-13,25.2,24.1,22.5
USW00094846,"CHICAGO OHARE INTERNATIONAL AIRPORT, IL US",2024-08-14,25.6,24.3,22.5
USW00094846,"CHICAGO OHARE INTERNATIONAL AIRPORT, IL US",2024-08-15,22.4,21.9,20.7
USW00094846,"CHICAGO OHARE INTERNATIONAL AIRPORT, IL US",2024-08-16,26.2,25.8,23.7
USW00094846,"CHICAGO OHARE INTERNATIONAL AIRPORT, IL US",2024-08-17,25.6,24.8,23.1
USW00094846,"CHICAGO OHARE INTERNATIONAL AIRPORT, IL US",2024-08-18,24.1,23.3,22.5
USW00094846,"CHICAGO OHARE INTERNATIONAL AIRPORT, IL US",2024-08-19,21.9,21.5,21.5
USW00094846,"CHICAGO OHARE INTERNATIONAL AIRPORT, IL US",2024-08-20,19.1,19.3,18.2
USW00094846,"CHICAGO OHARE INTERNATIONAL AIRPORT, IL US",2024-08-21,20,19.3,17.1
USW00094846,"CHICAGO OHARE INTERNATIONAL AIRPORT, IL US",2024-08-22,21.2,20.1,18
USW00094846,"CHICAGO OHARE INTERNATIONAL AIRPORT, IL US",2024-08-23,22.8,21.7,20
USW00094846,"CHICAGO OHARE INTERNATIONAL AIRPORT, IL US",2024-08-24,26.9,25,22.2
USW00094846,"CHICAGO OHARE INTERNATIONAL AIRPORT, IL US",2024-08-25,29.7,28.2,26
USW00094846,"CHICAGO OHARE INTERNATIONAL AIRPORT, IL US",2024-08-26,31.9,30.3,26.6
USW00094846,"CHICAGO OHARE INTERNATIONAL AIRPORT, IL US",2024-08-27,31.7,30.9,29
USW00094846,"CHICAGO OHARE INTERNATIONAL AIRPORT, IL US",2024-08-28,26.1,26,29.1
USW00094846,"CHICAGO OHARE INTERNATIONAL AIRPORT, IL US",2024-08-29,27.4,25.8,26.2
USW00094846,"CHICAGO OHARE INTERNATIONAL AIRPORT, IL US",2024-08-30,25.3,25.1,26
USW00094846,"CHICAGO OHARE INTERNATIONAL AIRPORT, IL US",2024-08-31,24.1,23.5,23.5
USW00094846,"CHICAGO OHARE INTERNATIONAL AIRPORT, IL US",2024-09-01,20.9,21.3,20.4
USW00094846,"CHICAGO OHARE INTERNATIONAL AIRPORT, IL US",2024-09-02,20.5,19.9,18.3
USW00094846,"CHICAGO OHARE INTERNATIONAL AIRPORT, IL US",2024-09-03,21.2,20,18
USW00094846,"CHICAGO OHARE INTERNATIONAL AIRPORT, IL US",2024-09-04,23.2,21.6,19.1
USW00094846,"CHICAGO OHARE INTERNATIONAL AIRPORT, IL US",2024-09-05,25.6,24.5,21.5
USW00094846,"CHICAGO OHARE INTERNATIONAL AIRPORT, IL US",2024-09-06,17.6,18.4,20.3
USW00094846,"CHICAGO OHARE INTERNATIONAL AIRPORT, IL US",2024-09-07,15.3,14.8,14.9
USW00094846,"CHICAGO OHARE INTERNATIONAL AIRPORT, IL US",2024-09-08,17.2,16.8,13.7
USW00094846,"CHICAGO OHARE INTERNATIONAL AIRPORT, IL US",2024-09-09,22,21.1,17.7
USW00094846,"CHICAGO OHARE INTERNATIONAL AIRPORT, IL US",2024-09-10,22.5,21.7,20.9
USW00094846,"CHICAGO OHARE INTERNATIONAL AIRPORT, IL US",2024-09-11,24.5,23.3,20.8
USW00094846,"CHICAGO OHARE INTERNATIONAL AIRPORT, IL US",2024-09-12,25.3,23.9,22
USW00094846,"CHICAGO OHARE INTERNATIONAL AIRPORT, IL US",2024-09-13,25.3,24,21.7
USW00094846,"CHICAGO OHARE INTERNATIONAL AIRPORT, IL US",2024-09-14,26.5,25.1,23.3
USW00094846,"CHICAGO OHARE INTERNATIONAL AIRPORT, IL US",2024-09-15,27.2,25.7,23
USW00094846,"CHICAGO OHARE INTERNATIONAL AIRPORT, IL US",2024-09-16,26.7,25.5,22.5
USW00094846,"CHICAGO OHARE INTERNATIONAL AIRPORT, IL US",2024-09-17,24.4,23.4,20.9
USW00094846,"CHICAGO OHARE INTERNATIONAL AIRPORT, IL US",2024-09-18,25.2,24,20.5
USW00094846,"CHICAGO OHARE INTERNATIONAL AIRPORT, IL US",2024-09-19,25.8,24.5,21.4
USW00094846,"CHICAGO OHARE INTERNATIONAL AIRPORT, IL US",2024-09-20,28,26.3,22.7
USW00094846,"CHICAGO OHARE INTERNATIONAL AIRPORT, IL US",2024-09-21,27,25.5,23.1
USW00094846,"CHICAGO OHARE INTERNATIONAL AIRPORT, IL US",2024-09-22,22.5,20.8,21.4
USW00094846,"CHICAGO OHARE INTERNATIONAL AIRPORT, IL US",2024-09-23,17.9,17.5,18.6
USW00094846,"CHICAGO OHARE INTERNATIONAL AIRPORT, IL US",2024-09-24,18.3,17.5,17.8
USW00094846,"CHICAGO OHARE INTERNATIONAL AIRPORT, IL US",2024-09-25,20.6,19.9,18.1
USW00094846,"CHICAGO OHARE INTERNATIONAL AIRPORT, IL US",2024-09-26,20.6,19.7,19.2
USW00094846,"CHICAGO OHARE INTERNATIONAL AIRPORT, IL US",2024-09-27,20.7,20,18.8
USW00094846,"CHICAGO OHARE INTERNATIONAL AIRPORT, IL US",2024-09-28,20.7,20.6,20.2
USW00094846,"CHICAGO OHARE INTERNATIONAL AIRPORT, IL US",2024-09-29,21.6,21.4,20.8
USW00094846,"CHICAGO OHARE INTERNATIONAL AIRPORT, IL US",2024-09-30,22.6,21.8,21.9
USW00094846,"CHICAGO OHARE INTERNATIONAL AIRPORT, IL US",2024-10-01,17.8,17.8,19.3
USW00094846,"CHICAGO OHARE INTERNATIONAL AIRPORT, IL US",2024-10-02,17,16.1,14.3
USW00094846,"CHICAGO OHARE INTERNATIONAL AIRPORT, IL US",2024-10-03,21,19.1,15.1
USW00094846,"CHICAGO OHARE INTERNATIONAL AIRPORT, IL US",2024-10-04,18.5,18,16.7
USW00094846,"CHICAGO OHARE INTERNATIONAL AIRPORT, IL US",2024-10-05,23.5,22.7,18.6
USW00094846,"CHICAGO OHARE INTERNATIONAL AIRPORT, IL US",2024-10-06,19.3,18.9,19.5
USW00094846,"CHICAGO OHARE INTERNATIONAL AIRPORT, IL US",2024-10-07,15.6,14.9,13
USW00094846,"CHICAGO OHARE INTERNATIONAL AIRPORT, IL US",2024-10-08,18.1,17.1,13.4
USW00094846,"CHICAGO OHARE INTERNATIONAL AIRPORT, IL US",2024-10-09,17,16,16.4
USW00094846,"CHICAGO OHARE INTERNATIONAL AIRPORT, IL US",2024-10-10,18.4,17,14.3
USW00094846,"CHICAGO OHARE INTERNATIONAL AIRPORT, IL US",2024-10-11,22.2,21,17.1
USW00094846,"CHICAGO OHARE INTERNATIONAL AIRPORT, IL US",2024-10-12,18.3,17.5,18.1
USW00094846,"CHICAGO OHARE INTERNATIONAL AIRPORT, IL US",2024-10-13,15.5,15.6,14.6
USW00094846,"CHICAGO OHARE INTERNATIONAL AIRPORT, IL US",2024-10-14,10.4,10.8,11.4
USW00094846,"CHICAGO OHARE INTERNATIONAL AIRPORT, IL US",2024-10-15,8.4,8.2,9.3
USW00094846,"CHICAGO OHARE INTERNATIONAL AIRPORT, IL US",2024-10-16,9.8,9.3,8
USW00094846,"CHICAGO OHARE INTERNATIONAL AIRPORT, IL US",2024-10-17,12.1,11.4,8.9
USW00094846,"CHICAGO OHARE INTERNATIONAL AIRPORT, IL US",2024-10-18,14.7,13.9,10.7
USW00094846,"CHICAGO OHARE INTERNATIONAL AIRPORT, IL US",2024-10-19,15.8,15.2,12.3
USW00094846,"CHICAGO OHARE INTERNATIONAL AIRPORT, IL US",2024-10-20,20,18.9,14.5
USW00094846,"CHICAGO OHARE INTERNATIONAL AIRPORT, IL US",2024-10-21,21.3,20.6,17.3
USW00094846,"CHICAGO OHARE INTERNATIONAL AIRPORT, IL US",2024-10-22,18.9,18,16
USW00094846,"CHICAGO OHARE INTERNATIONAL AIRPORT, IL US",2024-10-23,13.7,13.8,14.7
USW00094846,"CHICAGO OHARE INTERNATIONAL AIRPORT, IL US",2024-10-24,12.5,12.2,10.3
USW00094846,"CHICAGO OHARE INTERNATIONAL AIRPORT, IL US",2024-10-25,15.3,13.7,10.7
USW00094846,"CHICAGO OHARE INTERNATIONAL AIRPORT, IL US",2024-10-26,11.5,10.8,9.7
USW00094846,"CHICAGO OHARE INTERNATIONAL AIRPORT, IL US",2024-10-27,10.2,9.7,9.4
USW00094846,"CHICAGO OHARE INTERNATIONAL AIRPORT, IL US",2024-10-28,14.2,13.5,9.4
USW00094846,"CHICAGO OHARE INTERNATIONAL AIRPORT, IL US",2024-10-29,24.5,22.5,18.7
USW00094846,"CHICAGO OHARE INTERNATIONAL AIRPORT, IL US",2024-10-30,24.1,23.6,20
USW00094846,"CHICAGO OHARE INTERNATIONAL AIRPORT, IL US",2024-10-31,15.6,16.2,19.3
USW00094846,"CHICAGO OHARE INTERNATIONAL AIRPORT, IL US",2024-11-01,8.9,8.2,8.5
USW00094846,"CHICAGO OHARE INTERNATIONAL AIRPORT, IL US",2024-11-02,10.4,9.3,8.4
USW00094846,"CHICAGO OHARE INTERNATIONAL AIRPORT, IL US",2024-11-03,14.5,13.5,10.5
USW00094846,"CHICAGO OHARE INTERNATIONAL AIRPORT, IL US",2024-11-04,18.9,18,17
USW00094846,"CHICAGO OHARE INTERNATIONAL AIRPORT, IL US",2024-11-05,17.9,17.8,17.5
USW00094846,"CHICAGO OHARE INTERNATIONAL AIRPORT, IL US",2024-11-06,13.2,12.4,13.6
USW00094846,"CHICAGO OHARE INTERNATIONAL AIRPORT, IL US",2024-11-07,11.7,11.2,10.3
USW00094846,"CHICAGO OHARE INTERNATIONAL AIRPORT, IL US",2024-11-08,12.8,12.2,7.9
USW00094846,"CHICAGO OHARE INTERNATIONAL AIRPORT, IL US",2024-11-09,10.9,10.3,9.1
USW00094846,"CHICAGO OHARE INTERNATIONAL AIRPORT, IL US",2024-11-10,14.1,13.6,10.6
USW00094846,"CHICAGO OHARE INTERNATIONAL AIRPORT, IL US",2024-11-11,10.9,11.4,9.8
USW00094846,"CHICAGO OHARE INTERNATIONAL AIRPORT, IL US",2024-11-12,7.8,7.8,6.9
USW00094846,"CHICAGO OHARE INTERNATIONAL AIRPORT, IL US",2024-11-13,8.5,8.1,7
USW00094846,"CHICAGO OHARE INTERNATIONAL AIRPORT, IL US",2024-11-14,10.9,10.2,10.6
USW00094846,"CHICAGO OHARE INTERNATIONAL AIRPORT, IL US",2024-11-15,10.3,9.7,9.5
USW00094846,"CHICAGO OHARE INTERNATIONAL AIRPORT, IL US",2024-11-16,8.9,8.5,8.2
USW00094846,"CHICAGO OHARE INTERNATIONAL AIRPORT, IL US",2024-11-17,12.2,12,9.6
USW00094846,"CHICAGO OHARE INTERNATIONAL AIRPORT, IL US",2024-11-18,13.2,12.1,12.5
USW00094846,"CHICAGO OHARE INTERNATIONAL AIRPORT, IL US",2024-11-19,13.7,13.6,14.7
USW00094846,"CHICAGO OHARE INTERNATIONAL AIRPORT, IL US",2024-11-20,5.4,6.2,8
USW00094846,"CHICAGO OHARE INTERNATIONAL AIRPORT, IL US",2024-11-21,2,2.2,2.6
USW00094846,"CHICAGO OHARE INTERNATIONAL AIRPORT, IL US",2024-11-22,6.5,5.5,5.2
USW00094846,"CHICAGO OHARE INTERNATIONAL AIRPORT, IL US",2024-11-23,4.8,4.9,5
USW00094846,"CHICAGO OHARE INTERNATIONAL AIRPORT, IL US",2024-11-24,7.8,7.5,5.5
USW00094846,"CHICAGO OHARE INTERNATIONAL AIRPORT, IL US",2024-11-25,7.4,7.6,8.4
USW00094846,"CHICAGO OHARE INTERNATIONAL AIRPORT, IL US",2024-11-26,0.9,0.9,0.9
USW00094846,"CHICAGO OHARE INTERNATIONAL AIRPORT, IL US",2024-11-27,4.5,3.5,0.3
USW00094846,"CHICAGO OHARE INTERNATIONAL AIRPORT, IL US",2024-11-28,-0.2,-0.4,0.2
USW00094846,"CHICAGO OHARE INTERNATIONAL AIRPORT, IL US",2024-11-29,-4.3,-4.7,-2.8
USW00094846,"CHICAGO OHARE INTERNATIONAL AIRPORT, IL US",2024-11-30,-6.2,-6.1,-6.1
USW00094846,"CHICAGO OHARE INTERNATIONAL AIRPORT, IL US",2024-12-01,-5.5,-5.9,-7.1
USW00094846,"CHICAGO OHARE INTERNATIONAL AIRPORT, IL US",2024-12-02,-6.2,-6.2,-5.1
USW00094846,"CHICAGO OHARE INTERNATIONAL AIRPORT, IL US",2024-12-03,-3.1,-3.6,-2.5
USW00094846,"CHICAGO OHARE INTERNATIONAL AIRPORT, IL US",2024-12-04,-1.1,-0.9,-1.5
USW00094846,"CHICAGO OHARE INTERNATIONAL AIRPORT, IL US",2024-12-05,-5.3,-5.6,-4.7
USW00094846,"CHICAGO OHARE INTERNATIONAL AIRPORT, IL US",2024-12-06,-3.7,-4.1,-6.4
USW00094846,"CHICAGO OHARE INTERNATIONAL AIRPORT, IL US",2024-12-07,4.4,3.3,-2.2
USW00094846,"CHICAGO OHARE INTERNATIONAL AIRPORT, IL US",2024-12-08,9.1,8,1.9
USW00094846,"CHICAGO OHARE INTERNATIONAL AIRPORT, IL US",2024-12-09,9.3,9,4.3
USW00094846,"CHICAGO OHARE INTERNATIONAL AIRPORT, IL US",2024-12-10,3,2.2,2.6
USW00094846,"CHICAGO OHARE INTERNATIONAL AIRPORT, IL US",2024-12-11,-4.6,-3.6,-0.7
USW00094846,"CHICAGO OHARE INTERNATIONAL AIRPORT, IL US",2024-12-12,-11.7,-11.9,-10.2
USW00094846,"CHICAGO OHARE INTERNATIONAL AIRPORT, IL US",2024-12-13,-7.7,-7.4,-9.5
USW00094846,"CHICAGO OHARE INTERNATIONAL AIRPORT, IL US",2024-12-14,0.9,-0.4,-2.4
USW00094846,"CHICAGO OHARE INTERNATIONAL AIRPORT, IL US",2024-12-15,5.7,4.9,3.1
USW00094846,"CHICAGO OHARE INTERNATIONAL AIRPORT, IL US",2024-12-16,7.5,7.5,4.3
USW00094846,"CHICAGO OHARE INTERNATIONAL AIRPORT, IL US",2024-12-17,2.6,2.4,1.6
USW00094846,"CHICAGO OHARE INTERNATIONAL AIRPORT, IL US",2024-12-18,-0.5,-0.2,0.2
USW00094846,"CHICAGO OHARE INTERNATIONAL AIRPORT, IL US",2024-12-19,-1.1,-1.3,-2.5
USW00094846,"CHICAGO OHARE INTERNATIONAL AIRPORT, IL US",2024-12-20,-1.3,-1.5,0.1
USW00094846,"CHICAGO OHARE INTERNATIONAL AIRPORT, IL US",2024-12-21,-5.5,-5.9,-3.4
USW00094846,"CHICAGO OHARE INTERNATIONAL AIRPORT, IL US",2024-12-22,-3.5,-4,-4.7
USW00094846,"CHICAGO OHARE INTERNATIONAL AIRPORT, IL US",2024-12-23,2.4,1.6,-1.4
USW00094846,"CHICAGO OHARE INTERNATIONAL AIRPORT, IL US",2024-12-24,1.6,1.7,0.5
USW00094846,"CHICAGO OHARE INTERNATIONAL AIRPORT, IL US",2024-12-25,2.4,1.8,-1.5
USW00094846,"CHICAGO OHARE INTERNATIONAL AIRPORT, IL US",2024-12-26,6.7,5.9,1.3
USW00094846,"CHICAGO OHARE INTERNATIONAL AIRPORT, IL US",2024-12-27,9.6,8.7,2.2
USW00094846,"CHICAGO OHARE INTERNATIONAL AIRPORT, IL US",2024-12-28,8.6,8.9,6
USW00094846,"CHICAGO OHARE INTERNATIONAL AIRPORT, IL US",2024-12-29,5.6,5.5,5.6
USW00094846,"CHICAGO OHARE INTERNATIONAL AIRPORT, IL US",2024-12-30,3.4,3.5,3
USW00014819,"CHICAGO MIDWAY AIRPORT, IL US",2024-01-01,0,-0.2,1
USW00014819,"CHICAGO MIDWAY AIRPORT, IL US",2024-01-02,2.2,1.3,-2.1
USW00014819,"CHICAGO MIDWAY AIRPORT, IL US",2024-01-03,1.7,0.9,-1.6
USW00014819,"CHICAGO MIDWAY AIRPORT, IL US",2024-01-04,1.2,0.7,-0.1
USW00014819,"CHICAGO MIDWAY AIRPORT, IL US",2024-01-05,0.9,0.4,-0.9
USW00014819,"CHICAGO MIDWAY AIRPORT, IL US",2024-01-06,0.8,0.3,-0.8
USW00014819,"CHICAGO MIDWAY AIRPORT, IL US",2024-01-07,1.3,0.5,0.4
USW00014819,"CHICAGO MIDWAY AIRPORT, IL US",2024-01-08,2,1.4,-1.3
USW00014819,"CHICAGO MIDWAY AIRPORT, IL US",2024-01-09,2.1,1.5,0.8
USW00014819,"CHICAGO MIDWAY AIRPORT, IL US",2024-01-10,0.8,0.5,0.3
USW00014819,"CHICAGO MIDWAY AIRPORT, IL US",2024-01-11,0.2,0.1,-0.2
USW00014819,"CHICAGO MIDWAY AIRPORT, IL US",2024-01-12,1.8,1.2,-0.8
USW00014819,"CHICAGO MIDWAY AIRPORT, IL US",2024-01-13,-5.9,-5.5,-3
USW00014819,"CHICAGO MIDWAY AIRPORT, IL US",2024-01-14,-19,-19.9,-13.8
USW00014819,"CHICAGO MIDWAY AIRPORT, IL US",2024-01-15,-18.3,-19,-18.1
USW00014819,"CHICAGO MIDWAY AIRPORT, IL US",2024-01-16,-17.1,-17.9,-17
USW00014819,"CHICAGO MIDWAY AIRPORT, IL US",2024-01-17,-9.1,-10.6,-15.1
USW00014819,"CHICAGO MIDWAY AIRPORT, IL US",2024-01-18,-5.4,-6.4,-7.9
USW00014819,"CHICAGO MIDWAY AIRPORT, IL US",2024-01-19,-11,-11.1,-7.7
USW00014819,"CHICAGO MIDWAY AIRPORT, IL US",2024-01-20,-9.9,-10.3,-10.3
USW00014819,"CHICAGO MIDWAY AIRPORT, IL US",2024-01-21,-9.9,-10.3,-12.7
USW00014819,"CHICAGO MIDWAY AIRPORT, IL US",2024-01-22,-1.1,-3.3,-6.9
USW00014819,"CHICAGO MIDWAY AIRPORT, IL US",2024-01-23,2.4,1.4,-0.9
USW00014819,"CHICAGO MIDWAY AIRPORT, IL US",2024-01-24,3.1,2.4,0.1
USW00014819,"CHICAGO MIDWAY AIRPORT, IL US",2024-01-25,4.7,3.5,1.2
USW00014819,"CHICAGO MIDWAY AIRPORT, IL US",2024-01-26,4.9,3.8,1.5
USW00014819,"CHICAGO MIDWAY AIRPORT, IL US",2024-01-27,4.7,3.5,1.7
USW00014819,"CHICAGO MIDWAY AIRPORT, IL US",2024-01-28,3.7,2.9,2.6
USW00014819,"CHICAGO MIDWAY AIRPORT, IL US",2024-01-29,2.5,1.9,1.1
USW00014819,"CHICAGO MIDWAY AIRPORT, IL US",2024-01-30,4.5,3.3,0.6
USW00014819,"CHICAGO MIDWAY AIRPORT, IL US",2024-01-31,3.8,3.2,1.4
USW00014819,"CHICAGO MIDWAY AIRPORT, IL US",2024-02-01,8.9,7.9,2.6
USW00014819,"CHICAGO MIDWAY AIRPORT, IL US",2024-02-02,3.9,3.2,2.1
USW00014819,"CHICAGO MIDWAY AIRPORT, IL US",2024-02-03,2.5,2.1,1.3
USW00014819,"CHICAGO MIDWAY AIRPORT, IL US",2024-02-04,5,3.8,1.8
USW00014819,"CHICAGO MIDWAY AIRPORT, IL US",2024-02-05,4.3,3.3,1.2
USW00014819,"CHICAGO MIDWAY AIRPORT, IL US",2024-02-06,3.9,3,1.1
USW00014819,"CHICAGO MIDWAY AIRPORT, IL US",2024-02-07,5,4.6,2.9
USW00014819,"CHICAGO MIDWAY AIRPORT, IL US",2024-02-08,12.7,10.9,4.2
USW00014819,"CHICAGO MIDWAY AIRPORT, IL US",2024-02-09,10,9.7,8.3
USW00014819,"CHICAGO MIDWAY AIRPORT, IL US",2024-02-10,3.9,3.2,3.7
USW00014819,"CHICAGO MIDWAY AIRPORT, IL US",2024-02-11,3.1,1.7,0.5
USW00014819,"CHICAGO MIDWAY AIRPORT, IL US",2024-02-12,3.2,2.8,0.1
USW00014819,"CHICAGO MIDWAY AIRPORT, IL US",2024-02-13,3,2.1,0.6
USW00014819,"CHICAGO MIDWAY AIRPORT, IL US",2024-02-14,4.3,3.3,2.1
USW00014819,"CHICAGO MIDWAY AIRPORT, IL US",2024-02-15,4.7,3.6,2.9
USW00014819,"CHICAGO MIDWAY AIRPORT, IL US",2024-02-16,-1.8,-2.2,-0.1
USW00014819,"CHICAGO MIDWAY AIRPORT, IL US",2024-02-17,-4.5,-5.2,-4.4
USW00014819,"CHICAGO MIDWAY AIRPORT, IL US",2024-02-18,3.3,2.1,-2.2
USW00014819,"CHICAGO MIDWAY AIRPORT, IL US",2024-02-19,5.5,4,-0.3
USW00014819,"CHICAGO MIDWAY AIRPORT, IL US",2024-02-20,8.7,7.5,1.2
USW00014819,"CHICAGO MIDWAY AIRPORT, IL US",2024-02-21,15.2,12.9,4.9
USW00014819,"CHICAGO MIDWAY AIRPORT, IL US",2024-02-22,12.8,11,8.3
USW00014819,"CHICAGO MIDWAY AIRPORT, IL US",2024-02-23,6.1,6,5.1
USW00014819,"CHICAGO MIDWAY AIRPORT, IL US",2024-02-24,-0.4,-1,0.1
USW00014819,"CHICAGO MIDWAY AIRPORT, IL US",2024-02-25,10.1,9,1.2
USW00014819,"CHICAGO MIDWAY AIRPORT, IL US",2024-02-26,15.7,14.2,6.1
USW00014819,"CHICAGO MIDWAY AIRPORT, IL US",2024-02-27,18.7,17.1,13.5
USW00014819,"CHICAGO MIDWAY AIRPORT, IL US",2024-02-28,5.2,3.1,5.6
USW00014819,"CHICAGO MIDWAY AIRPORT, IL US",2024-02-29,2.1,1.6,-1.8
USW00014819,"CHICAGO MIDWAY AIRPORT, IL US",2024-03-01,5,3.9,1.4
USW00014819,"CHICAGO MIDWAY AIRPORT, IL US",2024-03-02,10.6,9.6,6.2
USW00014819,"CHICAGO MIDWAY AIRPORT, IL US",2024-03-03,17,15.8,9.8
USW00014819,"CHICAGO MIDWAY AIRPORT, IL US",2024-03-04,16.3,15.8,15.2
USW00014819,"CHICAGO MIDWAY AIRPORT, IL US",2024-03-05,6.1,6,12.2
USW00014819,"CHICAGO MIDWAY AIRPORT, IL US",2024-03-06,7.8,6.8,6.2
USW00014819,"CHICAGO MIDWAY AIRPORT, IL US",2024-03-07,7.6,6.4,7.2
USW00014819,"CHICAGO MIDWAY AIRPORT, IL US",2024-03-08,7,6.4,9.5
USW00014819,"CHICAGO MIDWAY AIRPORT, IL US",2024-03-09,5.5,5.2,6.6
USW00014819,"CHICAGO MIDWAY AIRPORT, IL US",2024-03-10,5.5,4.5,2.4
USW00014819,"CHICAGO MIDWAY AIRPORT, IL US",2024-03-11,12.4,11.5,4.5
USW00014819,"CHICAGO MIDWAY AIRPORT, IL US",2024-03-12,17,15.6,10.3
USW00014819,"CHICAGO MIDWAY AIRPORT, IL US",2024-03-13,16,14.8,12.8
USW00014819,"CHICAGO MIDWAY AIRPORT, IL US",2024-03-14,14,13.2,14.3
USW00014819,"CHICAGO MIDWAY AIRPORT, IL US",2024-03-15,8,7.4,7.1
USW00014819,"CHICAGO MIDWAY AIRPORT, IL US",2024-03-16,11.2,10.3,7.9
USW00014819,"CHICAGO MIDWAY AIRPORT, IL US",2024-03-17,3.5,3.1,4.4
USW00014819,"CHICAGO MIDWAY AIRPORT, IL US",2024-03-18,0.4,-0,-0.2
USW00014819,"CHICAGO MIDWAY AIRPORT, IL US",2024-03-19,8.7,8,2.1
USW00014819,"CHICAGO MIDWAY AIRPORT, IL US",2024-03-20,4.2,3.2,2.1
USW00014819,"CHICAGO MIDWAY AIRPORT, IL US",2024-03-21,2.2,1.3,-0.3
USW00014819,"CHICAGO MIDWAY AIRPORT, IL US",2024-03-22,2.5,2.2,0.9
USW00014819,"CHICAGO MIDWAY AIRPORT, IL US",2024-03-23,2.7,1.9,0.8
USW00014819,"CHICAGO MIDWAY AIRPORT, IL US",2024-03-24,6.3,5.5,1.8
USW00014819,"CHICAGO MIDWAY AIRPORT, IL US",2024-03-25,14.7,12.7,7.4
USW00014819,"CHICAGO MIDWAY AIRPORT, IL US",2024-03-26,9.2,9.2,12.1
USW00014819,"CHICAGO MIDWAY AIRPORT, IL US",2024-03-27,3.7,3.2,3
USW00014819,"CHICAGO MIDWAY AIRPORT, IL US",2024-03-28,6.5,6,3.7
USW00014819,"CHICAGO MIDWAY AIRPORT, IL US",2024-03-29,8,7.3,5.8
USW00014819,"CHICAGO MIDWAY AIRPORT, IL US",2024-03-30,12.8,11,10.3
USW00014819,"CHICAGO MIDWAY AIRPORT, IL US",2024-03-31,8.2,7.8,7.5
USW00014819,"CHICAGO MIDWAY AIRPORT, IL US",2024-04-01,9.1,7.8,8.2
USW00014819,"CHICAGO MIDWAY AIRPORT, IL US",2024-04-02,11.2,9.2,10.2
USW00014819,"CHICAGO MIDWAY AIRPORT, IL US",2024-04-03,3.3,2.8,4.3
USW00014819,"CHICAGO MIDWAY AIRPORT, IL US",2024-04-04,5,4.5,3.5
USW00014819,"CHICAGO MIDWAY AIRPORT, IL US",2024-04-05,7.2,6.2,4.2
USW00014819,"CHICAGO MIDWAY AIRPORT, IL US",2024-04-06,7.3,6.7,3.7
USW00014819,"CHICAGO MIDWAY AIRPORT, IL US",2024-04-07,8.5,7.5,5.6
USW00014819,"CHICAGO MIDWAY AIRPORT, IL US",2024-04-08,17.3,16.4,11.4
USW00014819,"CHICAGO MIDWAY AIRPORT, IL US",2024-04-09,14.7,14.4,14
USW00014819,"CHICAGO MIDWAY AIRPORT, IL US",2024-04-10,14.8,13.7,12.4
USW00014819,"CHICAGO MIDWAY AIRPORT, IL US",2024-04-11,12.7,11.6,11.1
USW00014819,"CHICAGO MIDWAY AIRPORT, IL US",2024-04-12,14.2,13.7,11.2
USW00014819,"CHICAGO MIDWAY AIRPORT, IL US",2024-04-13,15.6,15.4,11.2
USW00014819,"CHICAGO MIDWAY AIRPORT, IL US",2024-04-14,22.2,20.3,16.6
USW00014819,"CHICAGO MIDWAY AIRPORT, IL US",2024-04-15,18.1,17.2,17.2
USW00014819,"CHICAGO MIDWAY AIRPORT, IL US",2024-04-16,21.1,19.7,15.5
USW00014819,"CHICAGO MIDWAY AIRPORT, IL US",2024-04-17,17.6,17.2,19.5
USW00014819,"CHICAGO MIDWAY AIRPORT, IL US",2024-04-18,12.7,12.3,13.5
USW00014819,"CHICAGO MIDWAY AIRPORT, IL US",2024-04-19,11.1,10.6,9.5
USW00014819,"CHICAGO MIDWAY AIRPORT, IL US",2024-04-20,6.6,5.8,6.1
USW00014819,"CHICAGO MIDWAY AIRPORT, IL US",2024-04-21,9.8,9.1,6.6
USW00014819,"CHICAGO MIDWAY AIRPORT, IL US",2024-04-22,14.3,13.3,9.2
USW00014819,"CHICAGO MIDWAY AIRPORT, IL US",2024-04-23,13.2,12.6,11.7
USW00014819,"CHICAGO MIDWAY AIRPORT, IL US",2024-04-24,6.1,5.7,8.7
USW00014819,"CHICAGO MIDWAY AIRPORT, IL US",2024-04-25,8.9,8.5,5.5
USW00014819,"CHICAGO MIDWAY AIRPORT, IL US",2024-04-26,13.6,12.5,9.3
USW00014819,"CHICAGO MIDWAY AIRPORT, IL US",2024-04-27,22,20.3,19.1
USW00014819,"CHICAGO MIDWAY AIRPORT, IL US",2024-04-28,21.7,20.5,22.8
USW00014819,"CHICAGO MIDWAY AIRPORT, IL US",2024-04-29,17.6,17.8,21.8
USW00014819,"CHICAGO MIDWAY AIRPORT, IL US",2024-04-30,18.4,17.6,17.6
USW00014819,"CHICAGO MIDWAY AIRPORT, IL US",2024-05-01,21.7,19.9,18.9
USW00014819,"CHICAGO MIDWAY AIRPORT, IL US",2024-05-02,22.3,20.3,17.9
USW00014819,"CHICAGO MIDWAY AIRPORT, IL US",2024-05-03,16.7,16,20.5
USW00014819,"CHICAGO MIDWAY AIRPORT, IL US",2024-05-04,21,19.4,17.3
USW00014819,"CHICAGO MIDWAY AIRPORT, IL US",2024-05-05,15.5,14.4,18.4
USW00014819,"CHICAGO MIDWAY AIRPORT, IL US",2024-05-06,17.1,16.4,14.6
USW00014819,"CHICAGO MIDWAY AIRPORT, IL US",2024-05-07,21.3,19.9,19.1
USW00014819,"CHICAGO MIDWAY AIRPORT, IL US",2024-05-08,20.3,19.7,20.2
USW00014819,"CHICAGO MIDWAY AIRPORT, IL US",2024-05-09,15.3,14.2,13.9
USW00014819,"CHICAGO MIDWAY AIRPORT, IL US",2024-05-10,16,15.3,13.5
USW00014819,"CHICAGO MIDWAY AIRPORT, IL US",2024-05-11,17.5,16.3,16
USW00014819,"CHICAGO MIDWAY AIRPORT, IL US",2024-05-12,21.7,21.1,17.2
USW00014819,"CHICAGO MIDWAY AIRPORT, IL US",2024-05-13,23.4,22.1,20.2
USW00014819,"CHICAGO MIDWAY AIRPORT, IL US",2024-05-14,15.4,14.6,20.2
USW00014819,"CHICAGO MIDWAY AIRPORT, IL US",2024-05-15,17.6,16.2,15.2
USW00014819,"CHICAGO MIDWAY AIRPORT, IL US",2024-05-16,19.2,18.6,16.9
USW00014819,"CHICAGO MIDWAY AIRPORT, IL US",2024-05-17,22.6,21.4,21
USW00014819,"CHICAGO MIDWAY AIRPORT, IL US",2024-05-18,24.9,23.8,23.7
USW00014819,"CHICAGO MIDWAY AIRPORT, IL US",2024-05-19,21.9,21.1,23.3
USW00014819,"CHICAGO MIDWAY AIRPORT, IL US",2024-05-20,24.6,23.8,23.5
USW00014819,"CHICAGO MIDWAY AIRPORT, IL US",2024-05-21,26.7,25.6,25.1
USW00014819,"CHICAGO MIDWAY AIRPORT, IL US",2024-05-22,23.5,22.5,24
USW00014819,"CHICAGO MIDWAY AIRPORT, IL US",2024-05-23,21.7,21.1,18.8
USW00014819,"CHICAGO MIDWAY AIRPORT, IL US",2024-05-24,23.3,21.7,20.9
USW00014819,"CHICAGO MIDWAY AIRPORT, IL US",2024-05-25,20,19.4,21
USW00014819,"CHICAGO MIDWAY AIRPORT, IL US",2024-05-26,20.4,19.4,17.5
USW00014819,"CHICAGO MIDWAY AIRPORT, IL US",2024-05-27,20.4,19.6,19.6
USW00014819,"CHICAGO MIDWAY AIRPORT, IL US",2024-05-28,19.1,18.1,18.6
USW00014819,"CHICAGO MIDWAY AIRPORT, IL US",2024-05-29,17.8,16.5,16.7
USW00014819,"CHICAGO MIDWAY AIRPORT, IL US",2024-05-30,16.9,15.8,14.9
USW00014819,"CHICAGO MIDWAY AIRPORT, IL US",2024-05-31,21.3,19.5,16.6
USW00014819,"CHICAGO MIDWAY AIRPORT, IL US",2024-06-01,18.8,17.7,17.7
USW00014819,"CHICAGO MIDWAY AIRPORT, IL US",2024-06-02,20.9,19.6,20.2
USW00014819,"CHICAGO MIDWAY AIRPORT, IL US",2024-06-03,25.6,24.2,22.2
USW00014819,"CHICAGO MIDWAY AIRPORT, IL US",2024-06-04,27.1,25.3,25.1
USW00014819,"CHICAGO MIDWAY AIRPORT, IL US",2024-06-05,24.6,23.9,25.3
USW00014819,"CHICAGO MIDWAY AIRPORT, IL US",2024-06-06,23.4,22.7,21.7
USW00014819,"CHICAGO MIDWAY AIRPORT, IL US",2024-06-07,22.3,21.4,18.4
USW00014819,"CHICAGO MIDWAY AIRPORT, IL US",2024-06-08,21.4,20.6,18.6
USW00014819,"CHICAGO MIDWAY AIRPORT, IL US",2024-06-09,21.9,21.3,18.7
USW00014819,"CHICAGO MIDWAY AIRPORT, IL US",2024-06-10,17.5,16.6,16.8
USW00014819,"CHICAGO MIDWAY AIRPORT, IL US",2024-06-11,19.8,18.8,14.9
USW00014819,"CHICAGO MIDWAY AIRPORT, IL US",2024-06-12,28.1,26.3,21
USW00014819,"CHICAGO MIDWAY AIRPORT, IL US",2024-06-13,28.9,27.7,24.7
USW00014819,"CHICAGO MIDWAY AIRPORT, IL US",2024-06-14,25.8,24.3,25.6
USW00014819,"CHICAGO MIDWAY AIRPORT, IL US",2024-06-15,24.8,23.5,20.9
USW00014819,"CHICAGO MIDWAY AIRPORT, IL US",2024-06-16,30.1,28.6,23.1
USW00014819,"CHICAGO MIDWAY AIRPORT, IL US",2024-06-17,32.2,30.5,28.7
USW00014819,"CHICAGO MIDWAY AIRPORT, IL US",2024-06-18,31.5,30.4,28.6
USW00014819,"CHICAGO MIDWAY AIRPORT, IL US",2024-06-19,31.3,30,27.8
USW00014819,"CHICAGO MIDWAY AIRPORT, IL US",2024-06-20,25.8,25.2,28.2
USW00014819,"CHICAGO MIDWAY AIRPORT, IL US",2024-06-21,29.1,28,27.4
USW00014819,"CHICAGO MIDWAY AIRPORT, IL US",2024-06-22,30.2,28.4,28.2
USW00014819,"CHICAGO MIDWAY AIRPORT, IL US",2024-06-23,25.7,24.4,26.6
USW00014819,"CHICAGO MIDWAY AIRPORT, IL US",2024-06-24,26.5,25.3,24.3
USW00014819,"CHICAGO MIDWAY AIRPORT, IL US",2024-06-25,26.8,25.9,26.1
USW00014819,"CHICAGO MIDWAY AIRPORT, IL US",2024-06-26,26,25.7,27.4
USW00014819,"CHICAGO MIDWAY AIRPORT, IL US",2024-06-27,20.6,20,20.8
USW00014819,"CHICAGO MIDWAY AIRPORT, IL US",2024-06-28,22.4,21.6,19.5
USW00014819,"CHICAGO MIDWAY AIRPORT, IL US",2024-06-29,28.2,27.1,26.8
USW00014819,"CHICAGO MIDWAY AIRPORT, IL US",2024-06-30,20.2,19.6,21.5
USW00014819,"CHICAGO MIDWAY AIRPORT, IL US",2024-07-01,20.3,19.1,16.4
USW00014819,"CHICAGO MIDWAY AIRPORT, IL US",2024-07-02,25.8,24.2,19.4
USW00014819,"CHICAGO MIDWAY AIRPORT, IL US",2024-07-03,28.9,27.2,24.5
USW00014819,"CHICAGO MIDWAY AIRPORT, IL US",2024-07-04,26.3,25,26.5
USW00014819,"CHICAGO MIDWAY AIRPORT, IL US",2024-07-05,26.1,24.9,23.2
USW00014819,"CHICAGO MIDWAY AIRPORT, IL US",2024-07-06,23.7,22.9,22.3
USW00014819,"CHICAGO MIDWAY AIRPORT, IL US",2024-07-07,26.9,25.7,24.1
USW00014819,"CHICAGO MIDWAY AIRPORT, IL US",2024-07-08,27.1,26.1,25
USW00014819,"CHICAGO MIDWAY AIRPORT, IL US",2024-07-09,24.3,23.7,25.3
USW00014819,"CHICAGO MIDWAY AIRPORT, IL US",2024-07-10,25.2,24.2,22.4
USW00014819,"CHICAGO MIDWAY AIRPORT, IL US",2024-07-11,24.6,23.4,22.6
USW00014819,"CHICAGO MIDWAY AIRPORT, IL US",2024-07-12,25.5,24.6,23.2
USW00014819,"CHICAGO MIDWAY AIRPORT, IL US",2024-07-13,28.1,27.1,25.7
USW00014819,"CHICAGO MIDWAY AIRPORT, IL US",2024-07-14,27.3,26.1,26.9
USW00014819,"CHICAGO MIDWAY AIRPORT, IL US",2024-07-15,28.2,27.4,28.7
USW00014819,"CHICAGO MIDWAY AIRPORT, IL US",2024-07-16,26.9,26,28.8
USW00014819,"CHICAGO MIDWAY AIRPORT, IL US",2024-07-17,25.6,24.4,24.1
USW00014819,"CHICAGO MIDWAY AIRPORT, IL US",2024-07-18,21.7,21,20.3
USW00014819,"CHICAGO MIDWAY AIRPORT, IL US",2024-07-19,22.5,21.5,18.7
USW00014819,"CHICAGO MIDWAY AIRPORT, IL US",2024-07-20,23.5,22.6,20.5
USW00014819,"CHICAGO MIDWAY AIRPORT, IL US",2024-07-21,25.2,24.1,21
USW00014819,"CHICAGO MIDWAY AIRPORT, IL US",2024-07-22,25.2,24.1,22.3
USW00014819,"CHICAGO MIDWAY AIRPORT, IL US",2024-07-23,25.8,25.2,24.1
USW00014819,"CHICAGO MIDWAY AIRPORT, IL US",2024-07-24,22.8,22.5,23
USW00014819,"CHICAGO MIDWAY AIRPORT, IL US",2024-07-25,23,22.1,21.3
USW00014819,"CHICAGO MIDWAY AIRPORT, IL US",2024-07-26,22.8,22.1,19.6
USW00014819,"CHICAGO MIDWAY AIRPORT, IL US",2024-07-27,25.8,24.2,22.1
USW00014819,"CHICAGO MIDWAY AIRPORT, IL US",2024-07-28,25.5,24.9,22.4
USW00014819,"CHICAGO MIDWAY AIRPORT, IL US",2024-07-29,26.8,25.8,25.4
USW00014819,"CHICAGO MIDWAY AIRPORT, IL US",2024-07-30,28.7,27.3,25.9
USW00014819,"CHICAGO MIDWAY AIRPORT, IL US",2024-07-31,29.2,28.5,26.6
USW00014819,"CHICAGO MIDWAY AIRPORT, IL US",2024-08-01,27.5,26.8,26.5
USW00014819,"CHICAGO MIDWAY AIRPORT, IL US",2024-08-02,26.9,25.9,26.5
USW00014819,"CHICAGO MIDWAY AIRPORT, IL US",2024-08-03,28.6,27.5,25.2
USW00014819,"CHICAGO MIDWAY AIRPORT, IL US",2024-08-04,28.3,27.5,27.3
USW00014819,"CHICAGO MIDWAY AIRPORT, IL US",2024-08-05,29.6,28.5,26
USW00014819,"CHICAGO MIDWAY AIRPORT, IL US",2024-08-06,24.1,23.7,24.3
USW00014819,"CHICAGO MIDWAY AIRPORT, IL US",2024-08-07,23.6,22.7,20.9
USW00014819,"CHICAGO MIDWAY AIRPORT, IL US",2024-08-08,24.8,23.8,20.9
USW00014819,"CHICAGO MIDWAY AIRPORT, IL US",2024-08-09,20.5,20,20.2
USW00014819,"CHICAGO MIDWAY AIRPORT, IL US",2024-08-10,20.3,19.8,17.7
USW00014819,"CHICAGO MIDWAY AIRPORT, IL US",2024-08-11,22.1,21.4,18
USW00014819,"CHICAGO MIDWAY AIRPORT, IL US",2024-08-12,22.8,22.3,19.7
USW00014819,"CHICAGO MIDWAY AIRPORT, IL US",2024-08-13,25.2,24,22
USW00014819,"CHICAGO MIDWAY AIRPORT, IL US",2024-08-14,25.6,24.4,22.1
USW00014819,"CHICAGO MIDWAY AIRPORT, IL US",2024-08-15,23.3,22.1,20.3
USW00014819,"CHICAGO MIDWAY AIRPORT, IL US",2024-08-16,26.7,26,23.7
USW00014819,"CHICAGO MIDWAY AIRPORT, IL US",2024-08-17,25.5,24.6,22.7
USW00014819,"CHICAGO MIDWAY AIRPORT, IL US",2024-08-18,23.7,23.2,21.9
USW00014819,"CHICAGO MIDWAY AIRPORT, IL US",2024-08-19,22.2,21.8,21.2
USW00014819,"CHICAGO MIDWAY AIRPORT, IL US",2024-08-20,20,19.6,17.6
USW00014819,"CHICAGO MIDWAY AIRPORT, IL US",2024-08-21,20.3,19.4,16.6
USW00014819,"CHICAGO MIDWAY AIRPORT, IL US",2024-08-22,21.4,20.4,17.5
USW00014819,"CHICAGO MIDWAY AIRPORT, IL US",2024-08-23,23.2,22,19.4
USW00014819,"CHICAGO MIDWAY AIRPORT, IL US",2024-08-24,26.9,25.3,22.1
USW00014819,"CHICAGO MIDWAY AIRPORT, IL US",2024-08-25,29.4,28.4,26
USW00014819,"CHICAGO MIDWAY AIRPORT, IL US",2024-08-26,31.1,30.3,26.2
USW00014819,"CHICAGO MIDWAY AIRPORT, IL US",2024-08-27,32,30.9,28.5
USW00014819,"CHICAGO MIDWAY AIRPORT, IL US",2024-08-28,27.5,26.4,29.8
USW00014819,"CHICAGO MIDWAY AIRPORT, IL US",2024-08-29,26.8,26,26.7
USW00014819,"CHICAGO MIDWAY AIRPORT, IL US",2024-08-30,27.3,26.3,27.1
USW00014819,"CHICAGO MIDWAY AIRPORT, IL US",2024-08-31,24.6,23.8,24.4
USW00014819,"CHICAGO MIDWAY AIRPORT, IL US",2024-09-01,22.2,21.7,20.2
USW00014819,"CHICAGO MIDWAY AIRPORT, IL US",2024-09-02,20.8,20,18.1
USW00014819,"CHICAGO MIDWAY AIRPORT, IL US",2024-09-03,21.7,20.4,17.3
USW00014819,"CHICAGO MIDWAY AIRPORT, IL US",2024-09-04,23.7,22.2,19.1
USW00014819,"CHICAGO MIDWAY AIRPORT, IL US",2024-09-05,26,24.9,22
USW00014819,"CHICAGO MIDWAY AIRPORT, IL US",2024-09-06,20,19.2,21.2
USW00014819,"CHICAGO MIDWAY AIRPORT, IL US",2024-09-07,15.9,15.4,15.5
USW00014819,"CHICAGO MIDWAY AIRPORT, IL US",2024-09-08,17.5,17,13.8
USW00014819,"CHICAGO MIDWAY AIRPORT, IL US",2024-09-09,22.3,21.2,17
USW00014819,"CHICAGO MIDWAY AIRPORT, IL US",2024-09-10,22.8,22.1,21.1
USW00014819,"CHICAGO MIDWAY AIRPORT, IL US",2024-09-11,24.8,23.4,21.9
USW00014819,"CHICAGO MIDWAY AIRPORT, IL US",2024-09-12,25.8,24.4,23.3
USW00014819,"CHICAGO MIDWAY AIRPORT, IL US",2024-09-13,25.7,24.4,23.3
USW00014819,"CHICAGO MIDWAY AIRPORT, IL US",2024-09-14,26.7,25.7,25.5
USW00014819,"CHICAGO MIDWAY AIRPORT, IL US",2024-09-15,27.3,26.2,24.6
USW00014819,"CHICAGO MIDWAY AIRPORT, IL US",2024-09-16,27.2,25.9,24
USW00014819,"CHICAGO MIDWAY AIRPORT, IL US",2024-09-17,24.4,23.5,22.4
USW00014819,"CHICAGO MIDWAY AIRPORT, IL US",2024-09-18,26.2,24.4,21.7
USW00014819,"CHICAGO MIDWAY AIRPORT, IL US",2024-09-19,26.3,25,22.8
USW00014819,"CHICAGO MIDWAY AIRPORT, IL US",2024-09-20,28.7,26.8,23.5
USW00014819,"CHICAGO MIDWAY AIRPORT, IL US",2024-09-21,27.8,26.1,24.7
USW00014819,"CHICAGO MIDWAY AIRPORT, IL US",2024-09-22,22.4,21.2,21.9
USW00014819,"CHICAGO MIDWAY AIRPORT, IL US",2024-09-23,18.9,18.1,19.5
USW00014819,"CHICAGO MIDWAY AIRPORT, IL US",2024-09-24,18.9,18.3,18.5
USW00014819,"CHICAGO MIDWAY AIRPORT, IL US",2024-09-25,21.2,20.2,18.2
USW00014819,"CHICAGO MIDWAY AIRPORT, IL US",2024-09-26,20.6,19.9,19
USW00014819,"CHICAGO MIDWAY AIRPORT, IL US",2024-09-27,21.7,20.1,19.3
USW00014819,"CHICAGO MIDWAY AIRPORT, IL US",2024-09-28,21.3,20.4,19.7
USW00014819,"CHICAGO MIDWAY AIRPORT, IL US",2024-09-29,22.2,21.5,21.1
USW00014819,"CHICAGO MIDWAY AIRPORT, IL US",2024-09-30,22.5,21.8,22.4
USW00014819,"CHICAGO MIDWAY AIRPORT, IL US",2024-10-01,18.4,18.3,20.1
USW00014819,"CHICAGO MIDWAY AIRPORT, IL US",2024-10-02,17.2,16.9,14.2
USW00014819,"CHICAGO MIDWAY AIRPORT, IL US",2024-10-03,20.8,19.5,14.7
USW00014819,"CHICAGO MIDWAY AIRPORT, IL US",2024-10-04,19.8,18.4,16.4
USW00014819,"CHICAGO MIDWAY AIRPORT, IL US",2024-10-05,24.3,23.4,19
USW00014819,"CHICAGO MIDWAY AIRPORT, IL US",2024-10-06,19.5,19.7,20.8
USW00014819,"CHICAGO MIDWAY AIRPORT, IL US",2024-10-07,16.4,15.6,13.3
USW00014819,"CHICAGO MIDWAY AIRPORT, IL US",2024-10-08,18.1,17.3,13.4
USW00014819,"CHICAGO MIDWAY AIRPORT, IL US",2024-10-09,17.4,16.4,16.1
USW00014819,"CHICAGO MIDWAY AIRPORT, IL US",2024-10-10,18.5,17.5,14.1
USW00014819,"CHICAGO MIDWAY AIRPORT, IL US",2024-10-11,22.3,21.5,16.9
USW00014819,"CHICAGO MIDWAY AIRPORT, IL US",2024-10-12,18.7,18.3,18.5
USW00014819,"CHICAGO MIDWAY AIRPORT, IL US",2024-10-13,16.1,16.1,15.1
USW00014819,"CHICAGO MIDWAY AIRPORT, IL US",2024-10-14,11.4,11.1,11.7
USW00014819,"CHICAGO MIDWAY AIRPORT, IL US",2024-10-15,8.1,8.5,9.5
USW00014819,"CHICAGO MIDWAY AIRPORT, IL US",2024-10-16,10,9.6,8.4
USW00014819,"CHICAGO MIDWAY AIRPORT, IL US",2024-10-17,12.4,12,8.8
USW00014819,"CHICAGO MIDWAY AIRPORT, IL US",2024-10-18,15.3,14.4,10.3
USW00014819,"CHICAGO MIDWAY AIRPORT, IL US",2024-10-19,16.1,15.7,12
USW00014819,"CHICAGO MIDWAY AIRPORT, IL US",2024-10-20,19.5,18.9,13.7
USW00014819,"CHICAGO MIDWAY AIRPORT, IL US",2024-10-21,21.5,21,16.1
USW00014819,"CHICAGO MIDWAY AIRPORT, IL US",2024-10-22,19.5,18.6,15.9
USW00014819,"CHICAGO MIDWAY AIRPORT, IL US",2024-10-23,14.2,14.2,15.3
USW00014819,"CHICAGO MIDWAY AIRPORT, IL US",2024-10-24,13.3,12.8,10.4
USW00014819,"CHICAGO MIDWAY AIRPORT, IL US",2024-10-25,15.6,14.2,11.3
USW00014819,"CHICAGO MIDWAY AIRPORT, IL US",2024-10-26,11.9,11.2,10.3
USW00014819,"CHICAGO MIDWAY AIRPORT, IL US",2024-10-27,10.8,10.3,9.3
USW00014819,"CHICAGO MIDWAY AIRPORT, IL US",2024-10-28,15,14,9.4
USW00014819,"CHICAGO MIDWAY AIRPORT, IL US",2024-10-29,25,22.9,20.3
USW00014819,"CHICAGO MIDWAY AIRPORT, IL US",2024-10-30,24.6,24,21.6
USW00014819,"CHICAGO MIDWAY AIRPORT, IL US",2024-10-31,16.1,16.3,20.4
USW00014819,"CHICAGO MIDWAY AIRPORT, IL US",2024-11-01,8.9,8.4,8.8
USW00014819,"CHICAGO MIDWAY AIRPORT, IL US",2024-11-02,11.1,9.9,8.5
USW00014819,"CHICAGO MIDWAY AIRPORT, IL US",2024-11-03,15,14,10.2
USW00014819,"CHICAGO MIDWAY AIRPORT, IL US",2024-11-04,19.5,18.1,17.9
USW00014819,"CHICAGO MIDWAY AIRPORT, IL US",2024-11-05,18.5,18,18.1
USW00014819,"CHICAGO MIDWAY AIRPORT, IL US",2024-11-06,13.9,12.9,14.2
USW00014819,"CHICAGO MIDWAY AIRPORT, IL US",2024-11-07,12.3,11.7,10.7
USW00014819,"CHICAGO MIDWAY AIRPORT, IL US",2024-11-08,13.2,12.6,8.7
USW00014819,"CHICAGO MIDWAY AIRPORT, IL US",2024-11-09,11.6,10.5,9
USW00014819,"CHICAGO MIDWAY AIRPORT, IL US",2024-11-10,14.7,13.9,11.1
USW00014819,"CHICAGO MIDWAY AIRPORT, IL US",2024-11-11,11.9,11.8,10
USW00014819,"CHICAGO MIDWAY AIRPORT, IL US",2024-11-12,8.3,8.2,7
USW00014819,"CHICAGO MIDWAY AIRPORT, IL US",2024-11-13,8.6,8.6,6.3
USW00014819,"CHICAGO MIDWAY AIRPORT, IL US",2024-11-14,11.5,10.4,11
USW00014819,"CHICAGO MIDWAY AIRPORT, IL US",2024-11-15,10.6,10.2,10.1
USW00014819,"CHICAGO MIDWAY AIRPORT, IL US",2024-11-16,9.7,9.2,8.3
USW00014819,"CHICAGO MIDWAY AIRPORT, IL US",2024-11-17,12.7,12.1,9.8
USW00014819,"CHICAGO MIDWAY AIRPORT, IL US",2024-11-18,14.3,12.9,13.5
USW00014819,"CHICAGO MIDWAY AIRPORT, IL US",2024-11-19,14.4,14.2,15.8
USW00014819,"CHICAGO MIDWAY AIRPORT, IL US",2024-11-20,6.5,6.5,8.2
USW00014819,"CHICAGO MIDWAY AIRPORT, IL US",2024-11-21,2.5,2.4,3.1
USW00014819,"CHICAGO MIDWAY AIRPORT, IL US",2024-11-22,6.3,5.6,5
USW00014819,"CHICAGO MIDWAY AIRPORT, IL US",2024-11-23,5.7,5,5.3
USW00014819,"CHICAGO MIDWAY AIRPORT, IL US",2024-11-24,8.7,8.1,5.6
USW00014819,"CHICAGO MIDWAY AIRPORT, IL US",2024-11-25,8.9,8.3,9.1
USW00014819,"CHICAGO MIDWAY AIRPORT, IL US",2024-11-26,1.6,1.4,1.6
USW00014819,"CHICAGO MIDWAY AIRPORT, IL US",2024-11-27,4.9,3.9,1.3
USW00014819,"CHICAGO MIDWAY AIRPORT, IL US",2024-11-28,1.5,0.5,1.3
USW00014819,"CHICAGO MIDWAY AIRPORT, IL US",2024-11-29,-3.8,-4.2,-2.2
USW00014819,"CHICAGO MIDWAY AIRPORT, IL US",2024-11-30,-5.6,-6,-5.6
USW00014819,"CHICAGO MIDWAY AIRPORT, IL US",2024-12-01,-5.2,-5.5,-7
USW00014819,"CHICAGO MIDWAY AIRPORT, IL US",2024-12-02,-5.2,-5.7,-5.8
USW00014819,"CHICAGO MIDWAY AIRPORT, IL US",2024-12-03,-3,-3.7,-3.6
USW00014819,"CHICAGO MIDWAY AIRPORT, IL US",2024-12-04,-0.4,-0.8,-1.7
USW00014819,"CHICAGO MIDWAY AIRPORT, IL US",2024-12-05,-5.1,-5.3,-4
USW00014819,"CHICAGO MIDWAY AIRPORT, IL US",2024-12-06,-3.3,-3.9,-6.6
USW00014819,"CHICAGO MIDWAY AIRPORT, IL US",2024-12-07,4.9,3.6,-2.9
USW00014819,"CHICAGO MIDWAY AIRPORT, IL US",2024-12-08,10.2,8.7,1.8
USW00014819,"CHICAGO MIDWAY AIRPORT, IL US",2024-12-09,10.6,9.7,6.2
USW00014819,"CHICAGO MIDWAY AIRPORT, IL US",2024-12-10,4.2,2.9,3.3
USW00014819,"CHICAGO MIDWAY AIRPORT, IL US",2024-12-11,-3.8,-3.4,-0.4
USW00014819,"CHICAGO MIDWAY AIRPORT, IL US",2024-12-12,-11.2,-11.3,-9.1
USW00014819,"CHICAGO MIDWAY AIRPORT, IL US",2024-12-13,-6.3,-6.8,-8
USW00014819,"CHICAGO MIDWAY AIRPORT, IL US",2024-12-14,1.8,0.1,-2.4
USW00014819,"CHICAGO MIDWAY AIRPORT, IL US",2024-12-15,6.5,5.1,4.1
USW00014819,"CHICAGO MIDWAY AIRPORT, IL US",2024-12-16,8.5,8.3,6.1
USW00014819,"CHICAGO MIDWAY AIRPORT, IL US",2024-12-17,2.6,2.3,2.1
USW00014819,"CHICAGO MIDWAY AIRPORT, IL US",2024-12-18,0.6,0.5,1.1
USW00014819,"CHICAGO MIDWAY AIRPORT, IL US",2024-12-19,-0.4,-0.8,-2
USW00014819,"CHICAGO MIDWAY AIRPORT, IL US",2024-12-20,-0.4,-0.8,0.1
USW00014819,"CHICAGO MIDWAY AIRPORT, IL US",2024-12-21,-4.2,-4.6,-2
USW00014819,"CHICAGO MIDWAY AIRPORT, IL US",2024-12-22,-2.6,-3.2,-4.3
USW00014819,"CHICAGO MIDWAY AIRPORT, IL US",2024-12-23,3.6,2,-1.7
USW00014819,"CHICAGO MIDWAY AIRPORT, IL US",2024-12-24,3,2.2,0.7
USW00014819,"CHICAGO MIDWAY AIRPORT, IL US",2024-12-25,2.8,2.3,-1.2
USW00014819,"CHICAGO MIDWAY AIRPORT, IL US",2024-12-26,7.2,6.3,1.9
USW00014819,"CHICAGO MIDWAY AIRPORT, IL US",2024-12-27,10.7,9.3,3.7
USW00014819,"CHICAGO MIDWAY AIRPORT, IL US",2024-12-28,9.9,9.3,7.9
USW00014819,"CHICAGO MIDWAY AIRPORT, IL US",2024-12-29,7,6.1,6.4
USW00014819,"CHICAGO MIDWAY AIRPORT, IL US",2024-12-30,3.8,3.7,3.4
