id,station,name,lat,lon,start_date,end_date,tmax_noaa,tmin_noaa
1,USC00111550,"CHICAGO NORTHERLY ISLAND, IL US",41.8558,-87.6094,2017-01-01,2017-01-01,5,-4.4
2,USC00111550,"CHICAGO NORTHERLY ISLAND, IL US",41.8558,-87.6094,2017-01-02,2017-01-02,3.3,-1.1
3,USC00111550,"CHICAGO NORTHERLY ISLAND, IL US",41.8558,-87.6094,2017-01-03,2017-01-03,4.4,-5.6
4,USC00111550,"CHICAGO NORTHERLY ISLAND, IL US",41.8558,-87.6094,2017-01-04,2017-01-04,-5.6,-12.2
5,USC00111550,"CHICAGO NORTHERLY ISLAND, IL US",41.8558,-87.6094,2017-01-05,2017-01-05,-10,-14.4
6,USC00111550,"CHICAGO NORTHERLY ISLAND, IL US",41.8558,-87.6094,2017-01-06,2017-01-06,-11.7,-16.7
7,USC00111550,"CHICAGO NORTHERLY ISLAND, IL US",41.8558,-87.6094,2017-01-07,2017-01-07,-7.2,-15.6
8,USC00111550,"CHICAGO NORTHERLY ISLAND, IL US",41.8558,-87.6094,2017-01-08,2017-01-08,-7.2,-14.4
9,USC00111550,"CHICAGO NORTHERLY ISLAND, IL US",41.8558,-87.6094,2017-01-09,2017-01-09,0.6,-7.2
10,USC00111550,"CHICAGO NORTHERLY ISLAND, IL US",41.8558,-87.6094,2017-01-10,2017-01-10,11.1,-2.8
11,USC00111550,"CHICAGO NORTHERLY ISLAND, IL US",41.8558,-87.6094,2017-01-11,2017-01-11,7.8,-2.8
12,USC00111550,"CHICAGO NORTHERLY ISLAND, IL US",41.8558,-87.6094,2017-01-12,2017-01-12,-1.7,-5.6
13,USC00111550,"CHICAGO NORTHERLY ISLAND, IL US",41.8558,-87.6094,2017-01-13,2017-01-13,-2.2,-7.2
14,USC00111550,"CHICAGO NORTHERLY ISLAND, IL US",41.8558,-87.6094,2017-01-14,2017-01-14,0.6,-2.2
15,USC00111550,"CHICAGO NORTHERLY ISLAND, IL US",41.8558,-87.6094,2017-01-15,2017-01-15,1.1,-3.9
16,USC00111550,"CHICAGO NORTHERLY ISLAND, IL US",41.8558,-87.6094,2017-01-16,2017-01-16,2.8,-0.6
17,USC00111550,"CHICAGO NORTHERLY ISLAND, IL US",41.8558,-87.6094,2017-01-17,2017-01-17,6.1,1.7
18,USC00111550,"CHICAGO NORTHERLY ISLAND, IL US",41.8558,-87.6094,2017-01-18,2017-01-18,3.9,1.1
19,USC00111550,"CHICAGO NORTHERLY ISLAND, IL US",41.8558,-87.6094,2017-01-19,2017-01-19,2.2,1.1
20,USC00111550,"CHICAGO NORTHERLY ISLAND, IL US",41.8558,-87.6094,2017-01-20,2017-01-20,3.9,1.7
21,USC00111550,"CHICAGO NORTHERLY ISLAND, IL US",41.8558,-87.6094,2017-01-21,2017-01-21,15,2.8
22,USC00111550,"CHICAGO NORTHERLY ISLAND, IL US",41.8558,-87.6094,2017-01-22,2017-01-22,5,1.7
23,USC00111550,"CHICAGO NORTHERLY ISLAND, IL US",41.8558,-87.6094,2017-01-23,2017-01-23,5.6,2.2
24,USC00111550,"CHICAGO NORTHERLY ISLAND, IL US",41.8558,-87.6094,2017-01-24,2017-01-24,3.9,1.1
25,USC00111550,"CHICAGO NORTHERLY ISLAND, IL US",41.8558,-87.6094,2017-01-25,2017-01-25,6.1,1.1
26,USC00111550,"CHICAGO NORTHERLY ISLAND, IL US",41.8558,-87.6094,2017-01-26,2017-01-26,1.7,-0.6
27,USC00111550,"CHICAGO NORTHERLY ISLAND, IL US",41.8558,-87.6094,2017-01-27,2017-01-27,0,-3.9
28,USC00111550,"CHICAGO NORTHERLY ISLAND, IL US",41.8558,-87.6094,2017-01-28,2017-01-28,-1.1,-3.9
29,USC00111550,"CHICAGO NORTHERLY ISLAND, IL US",41.8558,-87.6094,2017-01-29,2017-01-29,-2.2,-5
30,USC00111550,"CHICAGO NORTHERLY ISLAND, IL US",41.8558,-87.6094,2017-01-30,2017-01-30,3.3,-7.8
31,USC00111550,"CHICAGO NORTHERLY ISLAND, IL US",41.8558,-87.6094,2017-01-31,2017-01-31,5,2.2
32,USC00111550,"CHICAGO NORTHERLY ISLAND, IL US",41.8558,-87.6094,2017-02-01,2017-02-01,3.3,-4.4
33,USC00111550,"CHICAGO NORTHERLY ISLAND, IL US",41.8558,-87.6094,2017-02-02,2017-02-02,-4.4,-8.9
34,USC00111550,"CHICAGO NORTHERLY ISLAND, IL US",41.8558,-87.6094,2017-02-03,2017-02-03,-1.7,-8.9
35,USC00111550,"CHICAGO NORTHERLY ISLAND, IL US",41.8558,-87.6094,2017-02-04,2017-02-04,1.1,-7.8
36,USC00111550,"CHICAGO NORTHERLY ISLAND, IL US",41.8558,-87.6094,2017-02-05,2017-02-05,3.9,-1.1
37,USC00111550,"CHICAGO NORTHERLY ISLAND, IL US",41.8558,-87.6094,2017-02-06,2017-02-06,12.8,-1.7
38,USC00111550,"CHICAGO NORTHERLY ISLAND, IL US",41.8558,-87.6094,2017-02-07,2017-02-07,11.1,1.1
39,USC00111550,"CHICAGO NORTHERLY ISLAND, IL US",41.8558,-87.6094,2017-02-08,2017-02-08,1.1,-6.7
40,USC00111550,"CHICAGO NORTHERLY ISLAND, IL US",41.8558,-87.6094,2017-02-09,2017-02-09,-3.3,-10
41,USC00111550,"CHICAGO NORTHERLY ISLAND, IL US",41.8558,-87.6094,2017-02-10,2017-02-10,7.2,-7.8
42,USC00111550,"CHICAGO NORTHERLY ISLAND, IL US",41.8558,-87.6094,2017-02-11,2017-02-11,8.9,2.2
43,USC00111550,"CHICAGO NORTHERLY ISLAND, IL US",41.8558,-87.6094,2017-02-12,2017-02-12,7.8,1.1
44,USC00111550,"CHICAGO NORTHERLY ISLAND, IL US",41.8558,-87.6094,2017-02-13,2017-02-13,6.7,-0.6
45,USC00111550,"CHICAGO NORTHERLY ISLAND, IL US",41.8558,-87.6094,2017-02-14,2017-02-14,10,1.1
46,USC00111550,"CHICAGO NORTHERLY ISLAND, IL US",41.8558,-87.6094,2017-02-15,2017-02-15,1.7,-1.7
47,USC00111550,"CHICAGO NORTHERLY ISLAND, IL US",41.8558,-87.6094,2017-02-16,2017-02-16,4.4,-1.1
48,USC00111550,"CHICAGO NORTHERLY ISLAND, IL US",41.8558,-87.6094,2017-02-17,2017-02-17,18.9,-0.6
49,USC00111550,"CHICAGO NORTHERLY ISLAND, IL US",41.8558,-87.6094,2017-02-18,2017-02-18,18.3,5.6
50,USC00111550,"CHICAGO NORTHERLY ISLAND, IL US",41.8558,-87.6094,2017-02-19,2017-02-19,13.3,3.9
51,USC00111550,"CHICAGO NORTHERLY ISLAND, IL US",41.8558,-87.6094,2017-02-20,2017-02-20,15,3.3
52,USC00111550,"CHICAGO NORTHERLY ISLAND, IL US",41.8558,-87.6094,2017-02-21,2017-02-21,17.8,6.1
53,USC00111550,"CHICAGO NORTHERLY ISLAND, IL US",41.8558,-87.6094,2017-02-22,2017-02-22,18.9,11.7
54,USC00111550,"CHICAGO NORTHERLY ISLAND, IL US",41.8558,-87.6094,2017-02-23,2017-02-23,15,2.8
55,USC00111550,"CHICAGO NORTHERLY ISLAND, IL US",41.8558,-87.6094,2017-02-24,2017-02-24,6.1,0.6
56,USC00111550,"CHICAGO NORTHERLY ISLAND, IL US",41.8558,-87.6094,2017-02-25,2017-02-25,1.1,-5
57,USC00111550,"CHICAGO NORTHERLY ISLAND, IL US",41.8558,-87.6094,2017-02-26,2017-02-26,8.9,-3.9
58,USC00111550,"CHICAGO NORTHERLY ISLAND, IL US",41.8558,-87.6094,2017-02-27,2017-02-27,8.3,1.1
59,USC00111550,"CHICAGO NORTHERLY ISLAND, IL US",41.8558,-87.6094,2017-02-28,2017-02-28,14.4,4.4
60,USC00111550,"CHICAGO NORTHERLY ISLAND, IL US",41.8558,-87.6094,2017-03-01,2017-03-01,11.7,0
61,USC00111550,"CHICAGO NORTHERLY ISLAND, IL US",41.8558,-87.6094,2017-03-02,2017-03-02,1.1,-2.2
62,USC00111550,"CHICAGO NORTHERLY ISLAND, IL US",41.8558,-87.6094,2017-03-03,2017-03-03,0,-5.6
63,USC00111550,"CHICAGO NORTHERLY ISLAND, IL US",41.8558,-87.6094,2017-03-04,2017-03-04,2.8,-2.8
64,USC00111550,"CHICAGO NORTHERLY ISLAND, IL US",41.8558,-87.6094,2017-03-05,2017-03-05,15.6,0.6
65,USC00111550,"CHICAGO NORTHERLY ISLAND, IL US",41.8558,-87.6094,2017-03-06,2017-03-06,17.2,10.6
66,USC00111550,"CHICAGO NORTHERLY ISLAND, IL US",41.8558,-87.6094,2017-03-07,2017-03-07,17.8,7.2
67,USC00111550,"CHICAGO NORTHERLY ISLAND, IL US",41.8558,-87.6094,2017-03-08,2017-03-08,10.6,5
68,USC00111550,"CHICAGO NORTHERLY ISLAND, IL US",41.8558,-87.6094,2017-03-09,2017-03-09,5.6,1.1
69,USC00111550,"CHICAGO NORTHERLY ISLAND, IL US",41.8558,-87.6094,2017-03-10,2017-03-10,2.8,-5
70,USC00111550,"CHICAGO NORTHERLY ISLAND, IL US",41.8558,-87.6094,2017-03-11,2017-03-11,-3.3,-7.2
71,USC00111550,"CHICAGO NORTHERLY ISLAND, IL US",41.8558,-87.6094,2017-03-12,2017-03-12,-0.6,-5
72,USC00111550,"CHICAGO NORTHERLY ISLAND, IL US",41.8558,-87.6094,2017-03-13,2017-03-13,-1.1,-3.3
73,USC00111550,"CHICAGO NORTHERLY ISLAND, IL US",41.8558,-87.6094,2017-03-14,2017-03-14,-2.2,-6.1
74,USC00111550,"CHICAGO NORTHERLY ISLAND, IL US",41.8558,-87.6094,2017-03-15,2017-03-15,0.6,-6.7
75,USC00111550,"CHICAGO NORTHERLY ISLAND, IL US",41.8558,-87.6094,2017-03-16,2017-03-16,5,-4.4
76,USC00111550,"CHICAGO NORTHERLY ISLAND, IL US",41.8558,-87.6094,2017-03-17,2017-03-17,8.9,1.1
77,USC00111550,"CHICAGO NORTHERLY ISLAND, IL US",41.8558,-87.6094,2017-03-18,2017-03-18,6.7,3.3
78,USC00111550,"CHICAGO NORTHERLY ISLAND, IL US",41.8558,-87.6094,2017-03-19,2017-03-19,9.4,1.1
79,USC00111550,"CHICAGO NORTHERLY ISLAND, IL US",41.8558,-87.6094,2017-03-20,2017-03-20,10,3.3
80,USC00111550,"CHICAGO NORTHERLY ISLAND, IL US",41.8558,-87.6094,2017-03-21,2017-03-21,9.4,0
81,USC00111550,"CHICAGO NORTHERLY ISLAND, IL US",41.8558,-87.6094,2017-03-22,2017-03-22,0.6,-2.2
82,USC00111550,"CHICAGO NORTHERLY ISLAND, IL US",41.8558,-87.6094,2017-03-23,2017-03-23,10,0
83,USC00111550,"CHICAGO NORTHERLY ISLAND, IL US",41.8558,-87.6094,2017-03-24,2017-03-24,26.1,3.3
84,USC00111550,"CHICAGO NORTHERLY ISLAND, IL US",41.8558,-87.6094,2017-03-25,2017-03-25,7.2,3.3
85,USC00111550,"CHICAGO NORTHERLY ISLAND, IL US",41.8558,-87.6094,2017-03-26,2017-03-26,15.6,5.6
86,USC00111550,"CHICAGO NORTHERLY ISLAND, IL US",41.8558,-87.6094,2017-03-27,2017-03-27,10.6,3.9
87,USC00111550,"CHICAGO NORTHERLY ISLAND, IL US",41.8558,-87.6094,2017-03-28,2017-03-28,5.6,1.1
88,USC00111550,"CHICAGO NORTHERLY ISLAND, IL US",41.8558,-87.6094,2017-03-29,2017-03-29,6.1,0.6
89,USC00111550,"CHICAGO NORTHERLY ISLAND, IL US",41.8558,-87.6094,2017-03-30,2017-03-30,5.6,3.3
90,USC00111550,"CHICAGO NORTHERLY ISLAND, IL US",41.8558,-87.6094,2017-03-31,2017-03-31,4.4,2.2
91,USC00111550,"CHICAGO NORTHERLY ISLAND, IL US",41.8558,-87.6094,2017-04-01,2017-04-01,8.9,2.8
92,USC00111550,"CHICAGO NORTHERLY ISLAND, IL US",41.8558,-87.6094,2017-04-02,2017-04-02,10,5
93,USC00111550,"CHICAGO NORTHERLY ISLAND, IL US",41.8558,-87.6094,2017-04-03,2017-04-03,7.8,5
94,USC00111550,"CHICAGO NORTHERLY ISLAND, IL US",41.8558,-87.6094,2017-04-04,2017-04-04,8.9,5
95,USC00111550,"CHICAGO NORTHERLY ISLAND, IL US",41.8558,-87.6094,2017-04-05,2017-04-05,5.6,3.3
96,USC00111550,"CHICAGO NORTHERLY ISLAND, IL US",41.8558,-87.6094,2017-04-06,2017-04-06,6.7,2.8
97,USC00111550,"CHICAGO NORTHERLY ISLAND, IL US",41.8558,-87.6094,2017-04-07,2017-04-07,8.9,3.9
98,USC00111550,"CHICAGO NORTHERLY ISLAND, IL US",41.8558,-87.6094,2017-04-08,2017-04-08,18.9,5.6
99,USC00111550,"CHICAGO NORTHERLY ISLAND, IL US",41.8558,-87.6094,2017-04-09,2017-04-09,23.9,14.4
100,USC00111550,"CHICAGO NORTHERLY ISLAND, IL US",41.8558,-87.6094,2017-04-10,2017-04-10,24.4,3.9
101,USC00111550,"CHICAGO NORTHERLY ISLAND, IL US",41.8558,-87.6094,2017-04-11,2017-04-11,12.2,3.9
102,USC00111550,"CHICAGO NORTHERLY ISLAND, IL US",41.8558,-87.6094,2017-04-12,2017-04-12,9.4,6.1
103,USC00111550,"CHICAGO NORTHERLY ISLAND, IL US",41.8558,-87.6094,2017-04-13,2017-04-13,10.6,5.6
104,USC00111550,"CHICAGO NORTHERLY ISLAND, IL US",41.8558,-87.6094,2017-04-14,2017-04-14,18.3,6.1
105,USC00111550,"CHICAGO NORTHERLY ISLAND, IL US",41.8558,-87.6094,2017-04-15,2017-04-15,26.7,11.1
106,USC00111550,"CHICAGO NORTHERLY ISLAND, IL US",41.8558,-87.6094,2017-04-16,2017-04-16,22.2,15
107,USC00111550,"CHICAGO NORTHERLY ISLAND, IL US",41.8558,-87.6094,2017-04-17,2017-04-17,17.2,6.1
108,USC00111550,"CHICAGO NORTHERLY ISLAND, IL US",41.8558,-87.6094,2017-04-18,2017-04-18,24.4,6.1
109,USC00111550,"CHICAGO NORTHERLY ISLAND, IL US",41.8558,-87.6094,2017-04-19,2017-04-19,20.6,6.1
110,USC00111550,"CHICAGO NORTHERLY ISLAND, IL US",41.8558,-87.6094,2017-04-20,2017-04-20,22.8,7.8
111,USC00111550,"CHICAGO NORTHERLY ISLAND, IL US",41.8558,-87.6094,2017-04-21,2017-04-21,10.6,6.7
112,USC00111550,"CHICAGO NORTHERLY ISLAND, IL US",41.8558,-87.6094,2017-04-22,2017-04-22,10.6,6.1
113,USC00111550,"CHICAGO NORTHERLY ISLAND, IL US",41.8558,-87.6094,2017-04-23,2017-04-23,15.6,6.1
114,USC00111550,"CHICAGO NORTHERLY ISLAND, IL US",41.8558,-87.6094,2017-04-24,2017-04-24,16.1,5
115,USC00111550,"CHICAGO NORTHERLY ISLAND, IL US",41.8558,-87.6094,2017-04-25,2017-04-25,20,10.6
116,USC00111550,"CHICAGO NORTHERLY ISLAND, IL US",41.8558,-87.6094,2017-04-26,2017-04-26,24.4,12.8
117,USC00111550,"CHICAGO NORTHERLY ISLAND, IL US",41.8558,-87.6094,2017-04-27,2017-04-27,15.6,6.7
118,USC00111550,"CHICAGO NORTHERLY ISLAND, IL US",41.8558,-87.6094,2017-04-28,2017-04-28,10,6.7
119,USC00111550,"CHICAGO NORTHERLY ISLAND, IL US",41.8558,-87.6094,2017-04-29,2017-04-29,7.2,4.4
120,USC00111550,"CHICAGO NORTHERLY ISLAND, IL US",41.8558,-87.6094,2017-04-30,2017-04-30,11.7,5.6
121,USC00111550,"CHICAGO NORTHERLY ISLAND, IL US",41.8558,-87.6094,2017-05-01,2017-05-01,13.3,7.2
122,USC00111550,"CHICAGO NORTHERLY ISLAND, IL US",41.8558,-87.6094,2017-05-02,2017-05-02,10,5
123,USC00111550,"CHICAGO NORTHERLY ISLAND, IL US",41.8558,-87.6094,2017-05-03,2017-05-03,10.6,6.1
124,USC00111550,"CHICAGO NORTHERLY ISLAND, IL US",41.8558,-87.6094,2017-05-04,2017-05-04,9.4,7.2
125,USC00111550,"CHICAGO NORTHERLY ISLAND, IL US",41.8558,-87.6094,2017-05-05,2017-05-05,10.6,5
126,USC00111550,"CHICAGO NORTHERLY ISLAND, IL US",41.8558,-87.6094,2017-05-06,2017-05-06,10.6,6.1
127,USC00111550,"CHICAGO NORTHERLY ISLAND, IL US",41.8558,-87.6094,2017-05-07,2017-05-07,9.4,5
128,USC00111550,"CHICAGO NORTHERLY ISLAND, IL US",41.8558,-87.6094,2017-05-08,2017-05-08,7.8,4.4
129,USC00111550,"CHICAGO NORTHERLY ISLAND, IL US",41.8558,-87.6094,2017-05-09,2017-05-09,10,5.6
130,USC00111550,"CHICAGO NORTHERLY ISLAND, IL US",41.8558,-87.6094,2017-05-10,2017-05-10,13.3,8.3
131,USC00111550,"CHICAGO NORTHERLY ISLAND, IL US",41.8558,-87.6094,2017-05-11,2017-05-11,13.9,7.8
132,USC00111550,"CHICAGO NORTHERLY ISLAND, IL US",41.8558,-87.6094,2017-05-12,2017-05-12,13.9,9.4
133,USC00111550,"CHICAGO NORTHERLY ISLAND, IL US",41.8558,-87.6094,2017-05-13,2017-05-13,25.6,10.6
134,USC00111550,"CHICAGO NORTHERLY ISLAND, IL US",41.8558,-87.6094,2017-05-14,2017-05-14,13.9,8.9
135,USC00111550,"CHICAGO NORTHERLY ISLAND, IL US",41.8558,-87.6094,2017-05-15,2017-05-15,20.6,8.9
136,USC00111550,"CHICAGO NORTHERLY ISLAND, IL US",41.8558,-87.6094,2017-05-16,2017-05-16,30,14.4
137,USC00111550,"CHICAGO NORTHERLY ISLAND, IL US",41.8558,-87.6094,2017-05-17,2017-05-17,28.3,17.8
138,USC00111550,"CHICAGO NORTHERLY ISLAND, IL US",41.8558,-87.6094,2017-05-18,2017-05-18,25.6,8.3
139,USC00111550,"CHICAGO NORTHERLY ISLAND, IL US",41.8558,-87.6094,2017-05-19,2017-05-19,10,5.6
140,USC00111550,"CHICAGO NORTHERLY ISLAND, IL US",41.8558,-87.6094,2017-05-20,2017-05-20,15,8.9
141,USC00111550,"CHICAGO NORTHERLY ISLAND, IL US",41.8558,-87.6094,2017-05-21,2017-05-21,18.9,11.1
142,USC00111550,"CHICAGO NORTHERLY ISLAND, IL US",41.8558,-87.6094,2017-05-22,2017-05-22,23.3,10
143,USC00111550,"CHICAGO NORTHERLY ISLAND, IL US",41.8558,-87.6094,2017-05-23,2017-05-23,16.7,12.2
144,USC00111550,"CHICAGO NORTHERLY ISLAND, IL US",41.8558,-87.6094,2017-05-24,2017-05-24,12.8,9.4
145,USC00111550,"CHICAGO NORTHERLY ISLAND, IL US",41.8558,-87.6094,2017-05-25,2017-05-25,16.7,11.1
146,USC00111550,"CHICAGO NORTHERLY ISLAND, IL US",41.8558,-87.6094,2017-05-26,2017-05-26,16.1,12.2
147,USC00111550,"CHICAGO NORTHERLY ISLAND, IL US",41.8558,-87.6094,2017-05-27,2017-05-27,16.1,11.1
148,USC00111550,"CHICAGO NORTHERLY ISLAND, IL US",41.8558,-87.6094,2017-05-28,2017-05-28,22.8,12.8
149,USC00111550,"CHICAGO NORTHERLY ISLAND, IL US",41.8558,-87.6094,2017-05-29,2017-05-29,24.4,14.4
150,USC00111550,"CHICAGO NORTHERLY ISLAND, IL US",41.8558,-87.6094,2017-05-30,2017-05-30,22.8,13.3
151,USC00111550,"CHICAGO NORTHERLY ISLAND, IL US",41.8558,-87.6094,2017-05-31,2017-05-31,22.2,14.4
152,USC00111550,"CHICAGO NORTHERLY ISLAND, IL US",41.8558,-87.6094,2017-06-01,2017-06-01,18.3,13.3
153,USC00111550,"CHICAGO NORTHERLY ISLAND, IL US",41.8558,-87.6094,2017-06-02,2017-06-02,24.4,13.9
154,USC00111550,"CHICAGO NORTHERLY ISLAND, IL US",41.8558,-87.6094,2017-06-03,2017-06-03,28.3,16.7
155,USC00111550,"CHICAGO NORTHERLY ISLAND, IL US",41.8558,-87.6094,2017-06-04,2017-06-04,31.7,17.8
156,USC00111550,"CHICAGO NORTHERLY ISLAND, IL US",41.8558,-87.6094,2017-06-05,2017-06-05,22.2,13.3
157,USC00111550,"CHICAGO NORTHERLY ISLAND, IL US",41.8558,-87.6094,2017-06-06,2017-06-06,18.9,12.8
158,USC00111550,"CHICAGO NORTHERLY ISLAND, IL US",41.8558,-87.6094,2017-06-07,2017-06-07,20,12.8
159,USC00111550,"CHICAGO NORTHERLY ISLAND, IL US",41.8558,-87.6094,2017-06-08,2017-06-08,22.8,13.9
160,USC00111550,"CHICAGO NORTHERLY ISLAND, IL US",41.8558,-87.6094,2017-06-09,2017-06-09,28.3,15.6
161,USC00111550,"CHICAGO NORTHERLY ISLAND, IL US",41.8558,-87.6094,2017-06-10,2017-06-10,31.7,15.6
162,USC00111550,"CHICAGO NORTHERLY ISLAND, IL US",41.8558,-87.6094,2017-06-11,2017-06-11,33.3,22.2
163,USC00111550,"CHICAGO NORTHERLY ISLAND, IL US",41.8558,-87.6094,2017-06-12,2017-06-12,33.9,18.3
164,USC00111550,"CHICAGO NORTHERLY ISLAND, IL US",41.8558,-87.6094,2017-06-13,2017-06-13,23.9,17.8
165,USC00111550,"CHICAGO NORTHERLY ISLAND, IL US",41.8558,-87.6094,2017-06-14,2017-06-14,31.1,18.3
166,USC00111550,"CHICAGO NORTHERLY ISLAND, IL US",41.8558,-87.6094,2017-06-15,2017-06-15,28.9,20.6
167,USC00111550,"CHICAGO NORTHERLY ISLAND, IL US",41.8558,-87.6094,2017-06-16,2017-06-16,30,18.9
168,USC00111550,"CHICAGO NORTHERLY ISLAND, IL US",41.8558,-87.6094,2017-06-17,2017-06-17,30,18.3
169,USC00111550,"CHICAGO NORTHERLY ISLAND, IL US",41.8558,-87.6094,2017-06-18,2017-06-18,25.6,21.1
170,USC00111550,"CHICAGO NORTHERLY ISLAND, IL US",41.8558,-87.6094,2017-06-19,2017-06-19,25,17.2
171,USC00111550,"CHICAGO NORTHERLY ISLAND, IL US",41.8558,-87.6094,2017-06-20,2017-06-20,25.6,15
172,USC00111550,"CHICAGO NORTHERLY ISLAND, IL US",41.8558,-87.6094,2017-06-21,2017-06-21,21.7,14.4
173,USC00111550,"CHICAGO NORTHERLY ISLAND, IL US",41.8558,-87.6094,2017-06-22,2017-06-22,30.6,18.3
174,USC00111550,"CHICAGO NORTHERLY ISLAND, IL US",41.8558,-87.6094,2017-06-23,2017-06-23,26.1,17.2
175,USC00111550,"CHICAGO NORTHERLY ISLAND, IL US",41.8558,-87.6094,2017-06-24,2017-06-24,23.3,17.8
176,USC00111550,"CHICAGO NORTHERLY ISLAND, IL US",41.8558,-87.6094,2017-06-25,2017-06-25,21.7,14.4
177,USC00111550,"CHICAGO NORTHERLY ISLAND, IL US",41.8558,-87.6094,2017-06-26,2017-06-26,22.2,14.4
178,USC00111550,"CHICAGO NORTHERLY ISLAND, IL US",41.8558,-87.6094,2017-06-27,2017-06-27,21.1,13.9
179,USC00111550,"CHICAGO NORTHERLY ISLAND, IL US",41.8558,-87.6094,2017-06-28,2017-06-28,27.2,16.7
180,USC00111550,"CHICAGO NORTHERLY ISLAND, IL US",41.8558,-87.6094,2017-06-29,2017-06-29,27.8,17.8
181,USC00111550,"CHICAGO NORTHERLY ISLAND, IL US",41.8558,-87.6094,2017-06-30,2017-06-30,25,19.4
182,USC00111550,"CHICAGO NORTHERLY ISLAND, IL US",41.8558,-87.6094,2017-07-01,2017-07-01,27.8,20
183,USC00111550,"CHICAGO NORTHERLY ISLAND, IL US",41.8558,-87.6094,2017-07-02,2017-07-02,31.1,18.9
184,USC00111550,"CHICAGO NORTHERLY ISLAND, IL US",41.8558,-87.6094,2017-07-03,2017-07-03,23.3,18.3
185,USC00111550,"CHICAGO NORTHERLY ISLAND, IL US",41.8558,-87.6094,2017-07-04,2017-07-04,25,18.3
186,USC00111550,"CHICAGO NORTHERLY ISLAND, IL US",41.8558,-87.6094,2017-07-05,2017-07-05,25.6,19.4
187,USC00111550,"CHICAGO NORTHERLY ISLAND, IL US",41.8558,-87.6094,2017-07-06,2017-07-06,31.1,23.3
188,USC00111550,"CHICAGO NORTHERLY ISLAND, IL US",41.8558,-87.6094,2017-07-07,2017-07-07,28.9,18.9
189,USC00111550,"CHICAGO NORTHERLY ISLAND, IL US",41.8558,-87.6094,2017-07-08,2017-07-08,22.8,17.8
190,USC00111550,"CHICAGO NORTHERLY ISLAND, IL US",41.8558,-87.6094,2017-07-09,2017-07-09,29.4,18.9
191,USC00111550,"CHICAGO NORTHERLY ISLAND, IL US",41.8558,-87.6094,2017-07-10,2017-07-10,28.3,19.4
192,USC00111550,"CHICAGO NORTHERLY ISLAND, IL US",41.8558,-87.6094,2017-07-11,2017-07-11,26.7,21.1
193,USC00111550,"CHICAGO NORTHERLY ISLAND, IL US",41.8558,-87.6094,2017-07-12,2017-07-12,26.1,20
194,USC00111550,"CHICAGO NORTHERLY ISLAND, IL US",41.8558,-87.6094,2017-07-13,2017-07-13,28.3,23.3
195,USC00111550,"CHICAGO NORTHERLY ISLAND, IL US",41.8558,-87.6094,2017-07-14,2017-07-14,23.3,18.3
196,USC00111550,"CHICAGO NORTHERLY ISLAND, IL US",41.8558,-87.6094,2017-07-15,2017-07-15,27.2,17.8
197,USC00111550,"CHICAGO NORTHERLY ISLAND, IL US",41.8558,-87.6094,2017-07-16,2017-07-16,25,17.8
198,USC00111550,"CHICAGO NORTHERLY ISLAND, IL US",41.8558,-87.6094,2017-07-17,2017-07-17,22.2,17.2
199,USC00111550,"CHICAGO NORTHERLY ISLAND, IL US",41.8558,-87.6094,2017-07-18,2017-07-18,27.8,17.8
200,USC00111550,"CHICAGO NORTHERLY ISLAND, IL US",41.8558,-87.6094,2017-07-19,2017-07-19,27.2,20.6
201,USC00111550,"CHICAGO NORTHERLY ISLAND, IL US",41.8558,-87.6094,2017-07-20,2017-07-20,30.6,20
202,USC00111550,"CHICAGO NORTHERLY ISLAND, IL US",41.8558,-87.6094,2017-07-21,2017-07-21,27.2,22.2
203,USC00111550,"CHICAGO NORTHERLY ISLAND, IL US",41.8558,-87.6094,2017-07-22,2017-07-22,25.6,21.7
204,USC00111550,"CHICAGO NORTHERLY ISLAND, IL US",41.8558,-87.6094,2017-07-23,2017-07-23,28.9,20.6
205,USC00111550,"CHICAGO NORTHERLY ISLAND, IL US",41.8558,-87.6094,2017-07-24,2017-07-24,22.2,19.4
206,USC00111550,"CHICAGO NORTHERLY ISLAND, IL US",41.8558,-87.6094,2017-07-25,2017-07-25,25,19.4
207,USC00111550,"CHICAGO NORTHERLY ISLAND, IL US",41.8558,-87.6094,2017-07-26,2017-07-26,29.4,20
208,USC00111550,"CHICAGO NORTHERLY ISLAND, IL US",41.8558,-87.6094,2017-07-27,2017-07-27,25.6,21.1
209,USC00111550,"CHICAGO NORTHERLY ISLAND, IL US",41.8558,-87.6094,2017-07-28,2017-07-28,23.9,21.1
210,USC00111550,"CHICAGO NORTHERLY ISLAND, IL US",41.8558,-87.6094,2017-07-29,2017-07-29,24.4,18.9
211,USC00111550,"CHICAGO NORTHERLY ISLAND, IL US",41.8558,-87.6094,2017-07-30,2017-07-30,25.6,20
212,USC00111550,"CHICAGO NORTHERLY ISLAND, IL US",41.8558,-87.6094,2017-07-31,2017-07-31,26.7,20.6
213,USC00111550,"CHICAGO NORTHERLY ISLAND, IL US",41.8558,-87.6094,2017-08-01,2017-08-01,26.1,20.6
214,USC00111550,"CHICAGO NORTHERLY ISLAND, IL US",41.8558,-87.6094,2017-08-02,2017-08-02,27.8,21.1
215,USC00111550,"CHICAGO NORTHERLY ISLAND, IL US",41.8558,-87.6094,2017-08-03,2017-08-03,28.9,18.3
216,USC00111550,"CHICAGO NORTHERLY ISLAND, IL US",41.8558,-87.6094,2017-08-04,2017-08-04,19.4,13.9
217,USC00111550,"CHICAGO NORTHERLY ISLAND, IL US",41.8558,-87.6094,2017-08-05,2017-08-05,25.6,16.1
218,USC00111550,"CHICAGO NORTHERLY ISLAND, IL US",41.8558,-87.6094,2017-08-06,2017-08-06,25.6,19.4
219,USC00111550,"CHICAGO NORTHERLY ISLAND, IL US",41.8558,-87.6094,2017-08-07,2017-08-07,23.3,18.3
220,USC00111550,"CHICAGO NORTHERLY ISLAND, IL US",41.8558,-87.6094,2017-08-08,2017-08-08,25.6,17.8
221,USC00111550,"CHICAGO NORTHERLY ISLAND, IL US",41.8558,-87.6094,2017-08-09,2017-08-09,25.6,20.6
222,USC00111550,"CHICAGO NORTHERLY ISLAND, IL US",41.8558,-87.6094,2017-08-10,2017-08-10,28.3,20
223,USC00111550,"CHICAGO NORTHERLY ISLAND, IL US",41.8558,-87.6094,2017-08-11,2017-08-11,25.6,20
224,USC00111550,"CHICAGO NORTHERLY ISLAND, IL US",41.8558,-87.6094,2017-08-12,2017-08-12,23.3,18.3
225,USC00111550,"CHICAGO NORTHERLY ISLAND, IL US",41.8558,-87.6094,2017-08-13,2017-08-13,23.3,18.3
226,USC00111550,"CHICAGO NORTHERLY ISLAND, IL US",41.8558,-87.6094,2017-08-14,2017-08-14,25.6,19.4
227,USC00111550,"CHICAGO NORTHERLY ISLAND, IL US",41.8558,-87.6094,2017-08-15,2017-08-15,26.1,21.1
228,USC00111550,"CHICAGO NORTHERLY ISLAND, IL US",41.8558,-87.6094,2017-08-16,2017-08-16,26.7,21.1
229,USC00111550,"CHICAGO NORTHERLY ISLAND, IL US",41.8558,-87.6094,2017-08-17,2017-08-17,27.8,22.2
230,USC00111550,"CHICAGO NORTHERLY ISLAND, IL US",41.8558,-87.6094,2017-08-18,2017-08-18,28.3,20
231,USC00111550,"CHICAGO NORTHERLY ISLAND, IL US",41.8558,-87.6094,2017-08-19,2017-08-19,25,19.4
232,USC00111550,"CHICAGO NORTHERLY ISLAND, IL US",41.8558,-87.6094,2017-08-20,2017-08-20,28.9,20
233,USC00111550,"CHICAGO NORTHERLY ISLAND, IL US",41.8558,-87.6094,2017-08-21,2017-08-21,28.9,21.7
234,USC00111550,"CHICAGO NORTHERLY ISLAND, IL US",41.8558,-87.6094,2017-08-22,2017-08-22,27.2,20
235,USC00111550,"CHICAGO NORTHERLY ISLAND, IL US",41.8558,-87.6094,2017-08-23,2017-08-23,23.3,17.2
236,USC00111550,"CHICAGO NORTHERLY ISLAND, IL US",41.8558,-87.6094,2017-08-24,2017-08-24,22.8,16.7
237,USC00111550,"CHICAGO NORTHERLY ISLAND, IL US",41.8558,-87.6094,2017-08-25,2017-08-25,21.1,15
238,USC00111550,"CHICAGO NORTHERLY ISLAND, IL US",41.8558,-87.6094,2017-08-26,2017-08-26,22.8,16.7
239,USC00111550,"CHICAGO NORTHERLY ISLAND, IL US",41.8558,-87.6094,2017-08-27,2017-08-27,25,17.2
240,USC00111550,"CHICAGO NORTHERLY ISLAND, IL US",41.8558,-87.6094,2017-08-28,2017-08-28,24.4,17.8
241,USC00111550,"CHICAGO NORTHERLY ISLAND, IL US",41.8558,-87.6094,2017-08-29,2017-08-29,23.3,18.3
242,USC00111550,"CHICAGO NORTHERLY ISLAND, IL US",41.8558,-87.6094,2017-08-30,2017-08-30,24.4,17.8
243,USC00111550,"CHICAGO NORTHERLY ISLAND, IL US",41.8558,-87.6094,2017-08-31,2017-08-31,21.7,18.3
244,USC00111550,"CHICAGO NORTHERLY ISLAND, IL US",41.8558,-87.6094,2017-09-01,2017-09-01,19.4,14.4
245,USC00111550,"CHICAGO NORTHERLY ISLAND, IL US",41.8558,-87.6094,2017-09-02,2017-09-02,21.7,15.6
246,USC00111550,"CHICAGO NORTHERLY ISLAND, IL US",41.8558,-87.6094,2017-09-03,2017-09-03,27.2,15.6
247,USC00111550,"CHICAGO NORTHERLY ISLAND, IL US",41.8558,-87.6094,2017-09-04,2017-09-04,27.8,18.9
248,USC00111550,"CHICAGO NORTHERLY ISLAND, IL US",41.8558,-87.6094,2017-09-05,2017-09-05,20.6,13.9
249,USC00111550,"CHICAGO NORTHERLY ISLAND, IL US",41.8558,-87.6094,2017-09-06,2017-09-06,18.9,11.1
250,USC00111550,"CHICAGO NORTHERLY ISLAND, IL US",41.8558,-87.6094,2017-09-07,2017-09-07,21.1,12.8
251,USC00111550,"CHICAGO NORTHERLY ISLAND, IL US",41.8558,-87.6094,2017-09-08,2017-09-08,18.9,16.1
252,USC00111550,"CHICAGO NORTHERLY ISLAND, IL US",41.8558,-87.6094,2017-09-09,2017-09-09,19.4,15
253,USC00111550,"CHICAGO NORTHERLY ISLAND, IL US",41.8558,-87.6094,2017-09-10,2017-09-10,19.4,12.2
254,USC00111550,"CHICAGO NORTHERLY ISLAND, IL US",41.8558,-87.6094,2017-09-11,2017-09-11,20.6,13.9
255,USC00111550,"CHICAGO NORTHERLY ISLAND, IL US",41.8558,-87.6094,2017-09-12,2017-09-12,22.8,17.2
256,USC00111550,"CHICAGO NORTHERLY ISLAND, IL US",41.8558,-87.6094,2017-09-13,2017-09-13,21.7,17.2
257,USC00111550,"CHICAGO NORTHERLY ISLAND, IL US",41.8558,-87.6094,2017-09-14,2017-09-14,23.3,16.1
258,USC00111550,"CHICAGO NORTHERLY ISLAND, IL US",41.8558,-87.6094,2017-09-15,2017-09-15,25.6,18.3
259,USC00111550,"CHICAGO NORTHERLY ISLAND, IL US",41.8558,-87.6094,2017-09-16,2017-09-16,30.6,19.4
260,USC00111550,"CHICAGO NORTHERLY ISLAND, IL US",41.8558,-87.6094,2017-09-17,2017-09-17,28.3,18.3
261,USC00111550,"CHICAGO NORTHERLY ISLAND, IL US",41.8558,-87.6094,2017-09-18,2017-09-18,21.7,17.8
262,USC00111550,"CHICAGO NORTHERLY ISLAND, IL US",41.8558,-87.6094,2017-09-19,2017-09-19,22.8,18.3
263,USC00111550,"CHICAGO NORTHERLY ISLAND, IL US",41.8558,-87.6094,2017-09-20,2017-09-20,32.8,18.9
264,USC00111550,"CHICAGO NORTHERLY ISLAND, IL US",41.8558,-87.6094,2017-09-21,2017-09-21,32.2,22.2
265,USC00111550,"CHICAGO NORTHERLY ISLAND, IL US",41.8558,-87.6094,2017-09-22,2017-09-22,32.2,22.2
266,USC00111550,"CHICAGO NORTHERLY ISLAND, IL US",41.8558,-87.6094,2017-09-23,2017-09-23,27.8,21.7
267,USC00111550,"CHICAGO NORTHERLY ISLAND, IL US",41.8558,-87.6094,2017-09-24,2017-09-24,27.8,20.6
268,USC00111550,"CHICAGO NORTHERLY ISLAND, IL US",41.8558,-87.6094,2017-09-25,2017-09-25,27.2,20.6
269,USC00111550,"CHICAGO NORTHERLY ISLAND, IL US",41.8558,-87.6094,2017-09-26,2017-09-26,32.2,22.2
270,USC00111550,"CHICAGO NORTHERLY ISLAND, IL US",41.8558,-87.6094,2017-09-27,2017-09-27,22.8,15
271,USC00111550,"CHICAGO NORTHERLY ISLAND, IL US",41.8558,-87.6094,2017-09-28,2017-09-28,20,14.4
272,USC00111550,"CHICAGO NORTHERLY ISLAND, IL US",41.8558,-87.6094,2017-09-29,2017-09-29,20,16.1
273,USC00111550,"CHICAGO NORTHERLY ISLAND, IL US",41.8558,-87.6094,2017-09-30,2017-09-30,17.2,14.4
274,USC00111550,"CHICAGO NORTHERLY ISLAND, IL US",41.8558,-87.6094,2017-10-01,2017-10-01,21.1,11.7
275,USC00111550,"CHICAGO NORTHERLY ISLAND, IL US",41.8558,-87.6094,2017-10-02,2017-10-02,28.3,16.1
276,USC00111550,"CHICAGO NORTHERLY ISLAND, IL US",41.8558,-87.6094,2017-10-03,2017-10-03,25,19.4
277,USC00111550,"CHICAGO NORTHERLY ISLAND, IL US",41.8558,-87.6094,2017-10-04,2017-10-04,22.2,17.2
278,USC00111550,"CHICAGO NORTHERLY ISLAND, IL US",41.8558,-87.6094,2017-10-05,2017-10-05,20.6,15
279,USC00111550,"CHICAGO NORTHERLY ISLAND, IL US",41.8558,-87.6094,2017-10-06,2017-10-06,20.6,16.1
280,USC00111550,"CHICAGO NORTHERLY ISLAND, IL US",41.8558,-87.6094,2017-10-07,2017-10-07,26.7,16.1
281,USC00111550,"CHICAGO NORTHERLY ISLAND, IL US",41.8558,-87.6094,2017-10-08,2017-10-08,22.8,13.9
282,USC00111550,"CHICAGO NORTHERLY ISLAND, IL US",41.8558,-87.6094,2017-10-09,2017-10-09,23.9,15
283,USC00111550,"CHICAGO NORTHERLY ISLAND, IL US",41.8558,-87.6094,2017-10-10,2017-10-10,17.2,14.4
284,USC00111550,"CHICAGO NORTHERLY ISLAND, IL US",41.8558,-87.6094,2017-10-11,2017-10-11,16.7,13.9
285,USC00111550,"CHICAGO NORTHERLY ISLAND, IL US",41.8558,-87.6094,2017-10-12,2017-10-12,15.6,13.3
286,USC00111550,"CHICAGO NORTHERLY ISLAND, IL US",41.8558,-87.6094,2017-10-13,2017-10-13,23.3,12.2
287,USC00111550,"CHICAGO NORTHERLY ISLAND, IL US",41.8558,-87.6094,2017-10-14,2017-10-14,17.8,15.6
288,USC00111550,"CHICAGO NORTHERLY ISLAND, IL US",41.8558,-87.6094,2017-10-15,2017-10-15,19.4,9.4
289,USC00111550,"CHICAGO NORTHERLY ISLAND, IL US",41.8558,-87.6094,2017-10-16,2017-10-16,17.2,7.8
290,USC00111550,"CHICAGO NORTHERLY ISLAND, IL US",41.8558,-87.6094,2017-10-17,2017-10-17,21.1,10
291,USC00111550,"CHICAGO NORTHERLY ISLAND, IL US",41.8558,-87.6094,2017-10-18,2017-10-18,21.1,10.6
292,USC00111550,"CHICAGO NORTHERLY ISLAND, IL US",41.8558,-87.6094,2017-10-19,2017-10-19,17.8,12.8
293,USC00111550,"CHICAGO NORTHERLY ISLAND, IL US",41.8558,-87.6094,2017-10-20,2017-10-20,26.1,14.4
294,USC00111550,"CHICAGO NORTHERLY ISLAND, IL US",41.8558,-87.6094,2017-10-21,2017-10-21,25,17.2
295,USC00111550,"CHICAGO NORTHERLY ISLAND, IL US",41.8558,-87.6094,2017-10-22,2017-10-22,21.7,11.1
296,USC00111550,"CHICAGO NORTHERLY ISLAND, IL US",41.8558,-87.6094,2017-10-23,2017-10-23,12.2,10
297,USC00111550,"CHICAGO NORTHERLY ISLAND, IL US",41.8558,-87.6094,2017-10-24,2017-10-24,10.6,6.1
298,USC00111550,"CHICAGO NORTHERLY ISLAND, IL US",41.8558,-87.6094,2017-10-25,2017-10-25,12.2,3.9
299,USC00111550,"CHICAGO NORTHERLY ISLAND, IL US",41.8558,-87.6094,2017-10-26,2017-10-26,15.6,5
300,USC00111550,"CHICAGO NORTHERLY ISLAND, IL US",41.8558,-87.6094,2017-10-27,2017-10-27,12.8,3.3
301,USC00111550,"CHICAGO NORTHERLY ISLAND, IL US",41.8558,-87.6094,2017-10-28,2017-10-28,5,2.8
302,USC00111550,"CHICAGO NORTHERLY ISLAND, IL US",41.8558,-87.6094,2017-10-29,2017-10-29,7.8,2.2
303,USC00111550,"CHICAGO NORTHERLY ISLAND, IL US",41.8558,-87.6094,2017-10-30,2017-10-30,9.4,3.3
304,USC00111550,"CHICAGO NORTHERLY ISLAND, IL US",41.8558,-87.6094,2017-10-31,2017-10-31,4.4,1.7
305,USC00111550,"CHICAGO NORTHERLY ISLAND, IL US",41.8558,-87.6094,2017-11-01,2017-11-01,7.2,2.8
306,USC00111550,"CHICAGO NORTHERLY ISLAND, IL US",41.8558,-87.6094,2017-11-02,2017-11-02,10.6,7.2
307,USC00111550,"CHICAGO NORTHERLY ISLAND, IL US",41.8558,-87.6094,2017-11-03,2017-11-03,9.4,5
308,USC00111550,"CHICAGO NORTHERLY ISLAND, IL US",41.8558,-87.6094,2017-11-04,2017-11-04,11.1,6.1
309,USC00111550,"CHICAGO NORTHERLY ISLAND, IL US",41.8558,-87.6094,2017-11-05,2017-11-05,11.1,7.2
310,USC00111550,"CHICAGO NORTHERLY ISLAND, IL US",41.8558,-87.6094,2017-11-06,2017-11-06,7.2,1.7
311,USC00111550,"CHICAGO NORTHERLY ISLAND, IL US",41.8558,-87.6094,2017-11-07,2017-11-07,8.3,3.9
312,USC00111550,"CHICAGO NORTHERLY ISLAND, IL US",41.8558,-87.6094,2017-11-08,2017-11-08,8.3,2.2
313,USC00111550,"CHICAGO NORTHERLY ISLAND, IL US",41.8558,-87.6094,2017-11-09,2017-11-09,7.8,-4.4
314,USC00111550,"CHICAGO NORTHERLY ISLAND, IL US",41.8558,-87.6094,2017-11-10,2017-11-10,0,-5.6
315,USC00111550,"CHICAGO NORTHERLY ISLAND, IL US",41.8558,-87.6094,2017-11-11,2017-11-11,3.9,-3.3
316,USC00111550,"CHICAGO NORTHERLY ISLAND, IL US",41.8558,-87.6094,2017-11-12,2017-11-12,5.6,3.3
317,USC00111550,"CHICAGO NORTHERLY ISLAND, IL US",41.8558,-87.6094,2017-11-13,2017-11-13,5.6,1.7
318,USC00111550,"CHICAGO NORTHERLY ISLAND, IL US",41.8558,-87.6094,2017-11-14,2017-11-14,9.4,1.1
319,USC00111550,"CHICAGO NORTHERLY ISLAND, IL US",41.8558,-87.6094,2017-11-15,2017-11-15,10.6,1.7
320,USC00111550,"CHICAGO NORTHERLY ISLAND, IL US",41.8558,-87.6094,2017-11-16,2017-11-16,3.9,1.1
321,USC00111550,"CHICAGO NORTHERLY ISLAND, IL US",41.8558,-87.6094,2017-11-17,2017-11-17,8.3,1.7
322,USC00111550,"CHICAGO NORTHERLY ISLAND, IL US",41.8558,-87.6094,2017-11-18,2017-11-18,8.3,2.2
323,USC00111550,"CHICAGO NORTHERLY ISLAND, IL US",41.8558,-87.6094,2017-11-19,2017-11-19,3.9,-1.1
324,USC00111550,"CHICAGO NORTHERLY ISLAND, IL US",41.8558,-87.6094,2017-11-20,2017-11-20,11.7,0
325,USC00111550,"CHICAGO NORTHERLY ISLAND, IL US",41.8558,-87.6094,2017-11-21,2017-11-21,7.2,-1.7
326,USC00111550,"CHICAGO NORTHERLY ISLAND, IL US",41.8558,-87.6094,2017-11-22,2017-11-22,2.2,-3.3
327,USC00111550,"CHICAGO NORTHERLY ISLAND, IL US",41.8558,-87.6094,2017-11-23,2017-11-23,8.3,0
328,USC00111550,"CHICAGO NORTHERLY ISLAND, IL US",41.8558,-87.6094,2017-11-24,2017-11-24,15.6,2.8
329,USC00111550,"CHICAGO NORTHERLY ISLAND, IL US",41.8558,-87.6094,2017-11-25,2017-11-25,11.7,3.9
330,USC00111550,"CHICAGO NORTHERLY ISLAND, IL US",41.8558,-87.6094,2017-11-26,2017-11-26,9.4,0
331,USC00111550,"CHICAGO NORTHERLY ISLAND, IL US",41.8558,-87.6094,2017-11-27,2017-11-27,13.9,3.9
332,USC00111550,"CHICAGO NORTHERLY ISLAND, IL US",41.8558,-87.6094,2017-11-28,2017-11-28,16.1,8.3
333,USC00111550,"CHICAGO NORTHERLY ISLAND, IL US",41.8558,-87.6094,2017-11-29,2017-11-29,8.3,3.3
334,USC00111550,"CHICAGO NORTHERLY ISLAND, IL US",41.8558,-87.6094,2017-11-30,2017-11-30,11.7,6.1
335,USC00111550,"CHICAGO NORTHERLY ISLAND, IL US",41.8558,-87.6094,2017-12-01,2017-12-01,11.7,3.3
336,USC00111550,"CHICAGO NORTHERLY ISLAND, IL US",41.8558,-87.6094,2017-12-02,2017-12-02,12.2,3.9
337,USC00111550,"CHICAGO NORTHERLY ISLAND, IL US",41.8558,-87.6094,2017-12-03,2017-12-03,13.9,3.9
338,USC00111550,"CHICAGO NORTHERLY ISLAND, IL US",41.8558,-87.6094,2017-12-04,2017-12-04,17.8,8.3
339,USC00111550,"CHICAGO NORTHERLY ISLAND, IL US",41.8558,-87.6094,2017-12-05,2017-12-05,8.3,-1.7
340,USC00111550,"CHICAGO NORTHERLY ISLAND, IL US",41.8558,-87.6094,2017-12-06,2017-12-06,1.7,-2.8
341,USC00111550,"CHICAGO NORTHERLY ISLAND, IL US",41.8558,-87.6094,2017-12-07,2017-12-07,-1.7,-6.7
342,USC00111550,"CHICAGO NORTHERLY ISLAND, IL US",41.8558,-87.6094,2017-12-08,2017-12-08,2.8,-7.2
343,USC00111550,"CHICAGO NORTHERLY ISLAND, IL US",41.8558,-87.6094,2017-12-09,2017-12-09,-0.6,-5
344,USC00111550,"CHICAGO NORTHERLY ISLAND, IL US",41.8558,-87.6094,2017-12-10,2017-12-10,1.1,-6.1
345,USC00111550,"CHICAGO NORTHERLY ISLAND, IL US",41.8558,-87.6094,2017-12-11,2017-12-11,3.9,-2.8
346,USC00111550,"CHICAGO NORTHERLY ISLAND, IL US",41.8558,-87.6094,2017-12-12,2017-12-12,0,-7.2
347,USC00111550,"CHICAGO NORTHERLY ISLAND, IL US",41.8558,-87.6094,2017-12-13,2017-12-13,2.8,-5.6
348,USC00111550,"CHICAGO NORTHERLY ISLAND, IL US",41.8558,-87.6094,2017-12-14,2017-12-14,-0.6,-6.7
349,USC00111550,"CHICAGO NORTHERLY ISLAND, IL US",41.8558,-87.6094,2017-12-15,2017-12-15,3.3,-5
350,USC00111550,"CHICAGO NORTHERLY ISLAND, IL US",41.8558,-87.6094,2017-12-16,2017-12-16,8.3,1.1
351,USC00111550,"CHICAGO NORTHERLY ISLAND, IL US",41.8558,-87.6094,2017-12-17,2017-12-17,7.2,1.1
352,USC00111550,"CHICAGO NORTHERLY ISLAND, IL US",41.8558,-87.6094,2017-12-18,2017-12-18,7.2,5.6
353,USC00111550,"CHICAGO NORTHERLY ISLAND, IL US",41.8558,-87.6094,2017-12-19,2017-12-19,10,2.8
354,USC00111550,"CHICAGO NORTHERLY ISLAND, IL US",41.8558,-87.6094,2017-12-20,2017-12-20,3.3,-1.1
355,USC00111550,"CHICAGO NORTHERLY ISLAND, IL US",41.8558,-87.6094,2017-12-21,2017-12-21,3.3,0.6
356,USC00111550,"CHICAGO NORTHERLY ISLAND, IL US",41.8558,-87.6094,2017-12-22,2017-12-22,3.9,0.6
357,USC00111550,"CHICAGO NORTHERLY ISLAND, IL US",41.8558,-87.6094,2017-12-23,2017-12-23,1.1,-5.6
358,USC00111550,"CHICAGO NORTHERLY ISLAND, IL US",41.8558,-87.6094,2017-12-24,2017-12-24,-3.3,-6.7
359,USC00111550,"CHICAGO NORTHERLY ISLAND, IL US",41.8558,-87.6094,2017-12-25,2017-12-25,-5.6,-14.4
360,USC00111550,"CHICAGO NORTHERLY ISLAND, IL US",41.8558,-87.6094,2017-12-26,2017-12-26,-13.9,-17.8
361,USC00111550,"CHICAGO NORTHERLY ISLAND, IL US",41.8558,-87.6094,2017-12-27,2017-12-27,-12.2,-17.8
362,USC00111550,"CHICAGO NORTHERLY ISLAND, IL US",41.8558,-87.6094,2017-12-28,2017-12-28,-10,-15
363,USC00111550,"CHICAGO NORTHERLY ISLAND, IL US",41.8558,-87.6094,2017-12-29,2017-12-29,-9.4,-11.7
364,USC00111550,"CHICAGO NORTHERLY ISLAND, IL US",41.8558,-87.6094,2017-12-30,2017-12-30,-9.4,-16.7
365,USC00111550,"CHICAGO NORTHERLY ISLAND, IL US",41.8558,-87.6094,2017-12-31,2017-12-31,-9.4,-16.7
366,USW00094846,"CHICAGO OHARE INTERNATIONAL AIRPORT, IL US",41.96017,-87.93164,2017-01-01,2017-01-01,4.4,-8.2
367,USW00094846,"CHICAGO OHARE INTERNATIONAL AIRPORT, IL US",41.96017,-87.93164,2017-01-02,2017-01-02,4.4,-3.8
368,USW00094846,"CHICAGO OHARE INTERNATIONAL AIRPORT, IL US",41.96017,-87.93164,2017-01-03,2017-01-03,3.9,-7.1
369,USW00094846,"CHICAGO OHARE INTERNATIONAL AIRPORT, IL US",41.96017,-87.93164,2017-01-04,2017-01-04,-7.1,-13.8
370,USW00094846,"CHICAGO OHARE INTERNATIONAL AIRPORT, IL US",41.96017,-87.93164,2017-01-05,2017-01-05,-10.5,-16
371,USW00094846,"CHICAGO OHARE INTERNATIONAL AIRPORT, IL US",41.96017,-87.93164,2017-01-06,2017-01-06,-12.7,-17.7
372,USW00094846,"CHICAGO OHARE INTERNATIONAL AIRPORT, IL US",41.96017,-87.93164,2017-01-07,2017-01-07,-7.7,-17.7
373,USW00094846,"CHICAGO OHARE INTERNATIONAL AIRPORT, IL US",41.96017,-87.93164,2017-01-08,2017-01-08,-7.1,-16.6
374,USW00094846,"CHICAGO OHARE INTERNATIONAL AIRPORT, IL US",41.96017,-87.93164,2017-01-09,2017-01-09,0.6,-7.1
375,USW00094846,"CHICAGO OHARE INTERNATIONAL AIRPORT, IL US",41.96017,-87.93164,2017-01-10,2017-01-10,10.6,-3.8
376,USW00094846,"CHICAGO OHARE INTERNATIONAL AIRPORT, IL US",41.96017,-87.93164,2017-01-11,2017-01-11,6.1,-3.8
377,USW00094846,"CHICAGO OHARE INTERNATIONAL AIRPORT, IL US",41.96017,-87.93164,2017-01-12,2017-01-12,-2.1,-7.1
378,USW00094846,"CHICAGO OHARE INTERNATIONAL AIRPORT, IL US",41.96017,-87.93164,2017-01-13,2017-01-13,-2.7,-8.8
379,USW00094846,"CHICAGO OHARE INTERNATIONAL AIRPORT, IL US",41.96017,-87.93164,2017-01-14,2017-01-14,1.7,-6
380,USW00094846,"CHICAGO OHARE INTERNATIONAL AIRPORT, IL US",41.96017,-87.93164,2017-01-15,2017-01-15,2.2,-6.6
381,USW00094846,"CHICAGO OHARE INTERNATIONAL AIRPORT, IL US",41.96017,-87.93164,2017-01-16,2017-01-16,2.8,-1
382,USW00094846,"CHICAGO OHARE INTERNATIONAL AIRPORT, IL US",41.96017,-87.93164,2017-01-17,2017-01-17,3.9,1.7
383,USW00094846,"CHICAGO OHARE INTERNATIONAL AIRPORT, IL US",41.96017,-87.93164,2017-01-18,2017-01-18,2.2,-1
384,USW00094846,"CHICAGO OHARE INTERNATIONAL AIRPORT, IL US",41.96017,-87.93164,2017-01-19,2017-01-19,5.6,-1
385,USW00094846,"CHICAGO OHARE INTERNATIONAL AIRPORT, IL US",41.96017,-87.93164,2017-01-20,2017-01-20,6.1,3.3
386,USW00094846,"CHICAGO OHARE INTERNATIONAL AIRPORT, IL US",41.96017,-87.93164,2017-01-21,2017-01-21,15,4.4
387,USW00094846,"CHICAGO OHARE INTERNATIONAL AIRPORT, IL US",41.96017,-87.93164,2017-01-22,2017-01-22,7.8,3.3
388,USW00094846,"CHICAGO OHARE INTERNATIONAL AIRPORT, IL US",41.96017,-87.93164,2017-01-23,2017-01-23,5.6,2.2
389,USW00094846,"CHICAGO OHARE INTERNATIONAL AIRPORT, IL US",41.96017,-87.93164,2017-01-24,2017-01-24,3.3,1.1
390,USW00094846,"CHICAGO OHARE INTERNATIONAL AIRPORT, IL US",41.96017,-87.93164,2017-01-25,2017-01-25,5.6,1.1
391,USW00094846,"CHICAGO OHARE INTERNATIONAL AIRPORT, IL US",41.96017,-87.93164,2017-01-26,2017-01-26,1.1,-1
392,USW00094846,"CHICAGO OHARE INTERNATIONAL AIRPORT, IL US",41.96017,-87.93164,2017-01-27,2017-01-27,-0.5,-4.3
393,USW00094846,"CHICAGO OHARE INTERNATIONAL AIRPORT, IL US",41.96017,-87.93164,2017-01-28,2017-01-28,-1.6,-4.3
394,USW00094846,"CHICAGO OHARE INTERNATIONAL AIRPORT, IL US",41.96017,-87.93164,2017-01-29,2017-01-29,-2.1,-6
395,USW00094846,"CHICAGO OHARE INTERNATIONAL AIRPORT, IL US",41.96017,-87.93164,2017-01-30,2017-01-30,2.8,-9.3
396,USW00094846,"CHICAGO OHARE INTERNATIONAL AIRPORT, IL US",41.96017,-87.93164,2017-01-31,2017-01-31,3.9,1.7
397,USW00094846,"CHICAGO OHARE INTERNATIONAL AIRPORT, IL US",41.96017,-87.93164,2017-02-01,2017-02-01,3.3,-6
398,USW00094846,"CHICAGO OHARE INTERNATIONAL AIRPORT, IL US",41.96017,-87.93164,2017-02-02,2017-02-02,-4.3,-9.9
399,USW00094846,"CHICAGO OHARE INTERNATIONAL AIRPORT, IL US",41.96017,-87.93164,2017-02-03,2017-02-03,-2.1,-9.9
400,USW00094846,"CHICAGO OHARE INTERNATIONAL AIRPORT, IL US",41.96017,-87.93164,2017-02-04,2017-02-04,0.6,-12.1
401,USW00094846,"CHICAGO OHARE INTERNATIONAL AIRPORT, IL US",41.96017,-87.93164,2017-02-05,2017-02-05,3.3,-4.3
402,USW00094846,"CHICAGO OHARE INTERNATIONAL AIRPORT, IL US",41.96017,-87.93164,2017-02-06,2017-02-06,12.8,-6
403,USW00094846,"CHICAGO OHARE INTERNATIONAL AIRPORT, IL US",41.96017,-87.93164,2017-02-07,2017-02-07,10,0
404,USW00094846,"CHICAGO OHARE INTERNATIONAL AIRPORT, IL US",41.96017,-87.93164,2017-02-08,2017-02-08,0,-7.1
405,USW00094846,"CHICAGO OHARE INTERNATIONAL AIRPORT, IL US",41.96017,-87.93164,2017-02-09,2017-02-09,-3.8,-10.5
406,USW00094846,"CHICAGO OHARE INTERNATIONAL AIRPORT, IL US",41.96017,-87.93164,2017-02-10,2017-02-10,5,-7.7
407,USW00094846,"CHICAGO OHARE INTERNATIONAL AIRPORT, IL US",41.96017,-87.93164,2017-02-11,2017-02-11,9.4,1.1
408,USW00094846,"CHICAGO OHARE INTERNATIONAL AIRPORT, IL US",41.96017,-87.93164,2017-02-12,2017-02-12,8.3,-0.5
409,USW00094846,"CHICAGO OHARE INTERNATIONAL AIRPORT, IL US",41.96017,-87.93164,2017-02-13,2017-02-13,6.7,-3.8
410,USW00094846,"CHICAGO OHARE INTERNATIONAL AIRPORT, IL US",41.96017,-87.93164,2017-02-14,2017-02-14,10,-0.5
411,USW00094846,"CHICAGO OHARE INTERNATIONAL AIRPORT, IL US",41.96017,-87.93164,2017-02-15,2017-02-15,1.7,-3.2
412,USW00094846,"CHICAGO OHARE INTERNATIONAL AIRPORT, IL US",41.96017,-87.93164,2017-02-16,2017-02-16,5,-1
413,USW00094846,"CHICAGO OHARE INTERNATIONAL AIRPORT, IL US",41.96017,-87.93164,2017-02-17,2017-02-17,19.4,-2.7
414,USW00094846,"CHICAGO OHARE INTERNATIONAL AIRPORT, IL US",41.96017,-87.93164,2017-02-18,2017-02-18,21.1,4.4
415,USW00094846,"CHICAGO OHARE INTERNATIONAL AIRPORT, IL US",41.96017,-87.93164,2017-02-19,2017-02-19,20.6,1.7
416,USW00094846,"CHICAGO OHARE INTERNATIONAL AIRPORT, IL US",41.96017,-87.93164,2017-02-20,2017-02-20,21.1,5
417,USW00094846,"CHICAGO OHARE INTERNATIONAL AIRPORT, IL US",41.96017,-87.93164,2017-02-21,2017-02-21,18.9,9.4
418,USW00094846,"CHICAGO OHARE INTERNATIONAL AIRPORT, IL US",41.96017,-87.93164,2017-02-22,2017-02-22,20,10
419,USW00094846,"CHICAGO OHARE INTERNATIONAL AIRPORT, IL US",41.96017,-87.93164,2017-02-23,2017-02-23,15,3.3
420,USW00094846,"CHICAGO OHARE INTERNATIONAL AIRPORT, IL US",41.96017,-87.93164,2017-02-24,2017-02-24,4.4,0.6
421,USW00094846,"CHICAGO OHARE INTERNATIONAL AIRPORT, IL US",41.96017,-87.93164,2017-02-25,2017-02-25,0.6,-4.9
422,USW00094846,"CHICAGO OHARE INTERNATIONAL AIRPORT, IL US",41.96017,-87.93164,2017-02-26,2017-02-26,9.4,-6
423,USW00094846,"CHICAGO OHARE INTERNATIONAL AIRPORT, IL US",41.96017,-87.93164,2017-02-27,2017-02-27,12.2,-2.7
424,USW00094846,"CHICAGO OHARE INTERNATIONAL AIRPORT, IL US",41.96017,-87.93164,2017-02-28,2017-02-28,15.6,8.3
425,USW00094846,"CHICAGO OHARE INTERNATIONAL AIRPORT, IL US",41.96017,-87.93164,2017-03-01,2017-03-01,12.2,0
426,USW00094846,"CHICAGO OHARE INTERNATIONAL AIRPORT, IL US",41.96017,-87.93164,2017-03-02,2017-03-02,1.7,-2.7
427,USW00094846,"CHICAGO OHARE INTERNATIONAL AIRPORT, IL US",41.96017,-87.93164,2017-03-03,2017-03-03,0.6,-6
428,USW00094846,"CHICAGO OHARE INTERNATIONAL AIRPORT, IL US",41.96017,-87.93164,2017-03-04,2017-03-04,5.6,-2.1
429,USW00094846,"CHICAGO OHARE INTERNATIONAL AIRPORT, IL US",41.96017,-87.93164,2017-03-05,2017-03-05,15.6,0
430,USW00094846,"CHICAGO OHARE INTERNATIONAL AIRPORT, IL US",41.96017,-87.93164,2017-03-06,2017-03-06,18.3,11.1
431,USW00094846,"CHICAGO OHARE INTERNATIONAL AIRPORT, IL US",41.96017,-87.93164,2017-03-07,2017-03-07,18.3,6.7
432,USW00094846,"CHICAGO OHARE INTERNATIONAL AIRPORT, IL US",41.96017,-87.93164,2017-03-08,2017-03-08,11.7,4.4
433,USW00094846,"CHICAGO OHARE INTERNATIONAL AIRPORT, IL US",41.96017,-87.93164,2017-03-09,2017-03-09,5.6,-1.6
434,USW00094846,"CHICAGO OHARE INTERNATIONAL AIRPORT, IL US",41.96017,-87.93164,2017-03-10,2017-03-10,2.2,-4.9
435,USW00094846,"CHICAGO OHARE INTERNATIONAL AIRPORT, IL US",41.96017,-87.93164,2017-03-11,2017-03-11,0,-7.7
436,USW00094846,"CHICAGO OHARE INTERNATIONAL AIRPORT, IL US",41.96017,-87.93164,2017-03-12,2017-03-12,2.2,-7.7
437,USW00094846,"CHICAGO OHARE INTERNATIONAL AIRPORT, IL US",41.96017,-87.93164,2017-03-13,2017-03-13,-0.5,-2.7
438,USW00094846,"CHICAGO OHARE INTERNATIONAL AIRPORT, IL US",41.96017,-87.93164,2017-03-14,2017-03-14,-2.1,-7.1
439,USW00094846,"CHICAGO OHARE INTERNATIONAL AIRPORT, IL US",41.96017,-87.93164,2017-03-15,2017-03-15,0.6,-8.8
440,USW00094846,"CHICAGO OHARE INTERNATIONAL AIRPORT, IL US",41.96017,-87.93164,2017-03-16,2017-03-16,5.6,-7.7
441,USW00094846,"CHICAGO OHARE INTERNATIONAL AIRPORT, IL US",41.96017,-87.93164,2017-03-17,2017-03-17,10,2.2
442,USW00094846,"CHICAGO OHARE INTERNATIONAL AIRPORT, IL US",41.96017,-87.93164,2017-03-18,2017-03-18,7.2,0
443,USW00094846,"CHICAGO OHARE INTERNATIONAL AIRPORT, IL US",41.96017,-87.93164,2017-03-19,2017-03-19,11.7,-1.6
444,USW00094846,"CHICAGO OHARE INTERNATIONAL AIRPORT, IL US",41.96017,-87.93164,2017-03-20,2017-03-20,12.2,2.8
445,USW00094846,"CHICAGO OHARE INTERNATIONAL AIRPORT, IL US",41.96017,-87.93164,2017-03-21,2017-03-21,12.2,0.6
446,USW00094846,"CHICAGO OHARE INTERNATIONAL AIRPORT, IL US",41.96017,-87.93164,2017-03-22,2017-03-22,2.8,-2.1
447,USW00094846,"CHICAGO OHARE INTERNATIONAL AIRPORT, IL US",41.96017,-87.93164,2017-03-23,2017-03-23,10,-1.6
448,USW00094846,"CHICAGO OHARE INTERNATIONAL AIRPORT, IL US",41.96017,-87.93164,2017-03-24,2017-03-24,27.8,5.6
449,USW00094846,"CHICAGO OHARE INTERNATIONAL AIRPORT, IL US",41.96017,-87.93164,2017-03-25,2017-03-25,8.3,5
450,USW00094846,"CHICAGO OHARE INTERNATIONAL AIRPORT, IL US",41.96017,-87.93164,2017-03-26,2017-03-26,16.7,8.3
451,USW00094846,"CHICAGO OHARE INTERNATIONAL AIRPORT, IL US",41.96017,-87.93164,2017-03-27,2017-03-27,11.1,5.6
452,USW00094846,"CHICAGO OHARE INTERNATIONAL AIRPORT, IL US",41.96017,-87.93164,2017-03-28,2017-03-28,10,2.2
453,USW00094846,"CHICAGO OHARE INTERNATIONAL AIRPORT, IL US",41.96017,-87.93164,2017-03-29,2017-03-29,9.4,1.7
454,USW00094846,"CHICAGO OHARE INTERNATIONAL AIRPORT, IL US",41.96017,-87.93164,2017-03-30,2017-03-30,7.2,3.9
455,USW00094846,"CHICAGO OHARE INTERNATIONAL AIRPORT, IL US",41.96017,-87.93164,2017-03-31,2017-03-31,6.7,2.2
456,USW00094846,"CHICAGO OHARE INTERNATIONAL AIRPORT, IL US",41.96017,-87.93164,2017-04-01,2017-04-01,15,1.1
457,USW00094846,"CHICAGO OHARE INTERNATIONAL AIRPORT, IL US",41.96017,-87.93164,2017-04-02,2017-04-02,16.1,5.6
458,USW00094846,"CHICAGO OHARE INTERNATIONAL AIRPORT, IL US",41.96017,-87.93164,2017-04-03,2017-04-03,12.2,7.8
459,USW00094846,"CHICAGO OHARE INTERNATIONAL AIRPORT, IL US",41.96017,-87.93164,2017-04-04,2017-04-04,13.3,6.1
460,USW00094846,"CHICAGO OHARE INTERNATIONAL AIRPORT, IL US",41.96017,-87.93164,2017-04-05,2017-04-05,8.3,4.4
461,USW00094846,"CHICAGO OHARE INTERNATIONAL AIRPORT, IL US",41.96017,-87.93164,2017-04-06,2017-04-06,10.6,3.3
462,USW00094846,"CHICAGO OHARE INTERNATIONAL AIRPORT, IL US",41.96017,-87.93164,2017-04-07,2017-04-07,12.2,2.8
463,USW00094846,"CHICAGO OHARE INTERNATIONAL AIRPORT, IL US",41.96017,-87.93164,2017-04-08,2017-04-08,20,2.8
464,USW00094846,"CHICAGO OHARE INTERNATIONAL AIRPORT, IL US",41.96017,-87.93164,2017-04-09,2017-04-09,25,13.9
465,USW00094846,"CHICAGO OHARE INTERNATIONAL AIRPORT, IL US",41.96017,-87.93164,2017-04-10,2017-04-10,25.6,5
466,USW00094846,"CHICAGO OHARE INTERNATIONAL AIRPORT, IL US",41.96017,-87.93164,2017-04-11,2017-04-11,12.2,5
467,USW00094846,"CHICAGO OHARE INTERNATIONAL AIRPORT, IL US",41.96017,-87.93164,2017-04-12,2017-04-12,15,3.3
468,USW00094846,"CHICAGO OHARE INTERNATIONAL AIRPORT, IL US",41.96017,-87.93164,2017-04-13,2017-04-13,15.6,6.7
469,USW00094846,"CHICAGO OHARE INTERNATIONAL AIRPORT, IL US",41.96017,-87.93164,2017-04-14,2017-04-14,18.9,8.3
470,USW00094846,"CHICAGO OHARE INTERNATIONAL AIRPORT, IL US",41.96017,-87.93164,2017-04-15,2017-04-15,27.8,16.1
471,USW00094846,"CHICAGO OHARE INTERNATIONAL AIRPORT, IL US",41.96017,-87.93164,2017-04-16,2017-04-16,22.8,11.1
472,USW00094846,"CHICAGO OHARE INTERNATIONAL AIRPORT, IL US",41.96017,-87.93164,2017-04-17,2017-04-17,20.6,6.7
473,USW00094846,"CHICAGO OHARE INTERNATIONAL AIRPORT, IL US",41.96017,-87.93164,2017-04-18,2017-04-18,24.4,5
474,USW00094846,"CHICAGO OHARE INTERNATIONAL AIRPORT, IL US",41.96017,-87.93164,2017-04-19,2017-04-19,21.1,7.2
475,USW00094846,"CHICAGO OHARE INTERNATIONAL AIRPORT, IL US",41.96017,-87.93164,2017-04-20,2017-04-20,22.8,8.9
476,USW00094846,"CHICAGO OHARE INTERNATIONAL AIRPORT, IL US",41.96017,-87.93164,2017-04-21,2017-04-21,11.7,6.7
477,USW00094846,"CHICAGO OHARE INTERNATIONAL AIRPORT, IL US",41.96017,-87.93164,2017-04-22,2017-04-22,15.6,3.3
478,USW00094846,"CHICAGO OHARE INTERNATIONAL AIRPORT, IL US",41.96017,-87.93164,2017-04-23,2017-04-23,22.2,2.8
479,USW00094846,"CHICAGO OHARE INTERNATIONAL AIRPORT, IL US",41.96017,-87.93164,2017-04-24,2017-04-24,22.8,4.4
480,USW00094846,"CHICAGO OHARE INTERNATIONAL AIRPORT, IL US",41.96017,-87.93164,2017-04-25,2017-04-25,26.1,11.1
481,USW00094846,"CHICAGO OHARE INTERNATIONAL AIRPORT, IL US",41.96017,-87.93164,2017-04-26,2017-04-26,23.3,15.6
482,USW00094846,"CHICAGO OHARE INTERNATIONAL AIRPORT, IL US",41.96017,-87.93164,2017-04-27,2017-04-27,16.7,5
483,USW00094846,"CHICAGO OHARE INTERNATIONAL AIRPORT, IL US",41.96017,-87.93164,2017-04-28,2017-04-28,15.6,4.4
484,USW00094846,"CHICAGO OHARE INTERNATIONAL AIRPORT, IL US",41.96017,-87.93164,2017-04-29,2017-04-29,7.8,4.4
485,USW00094846,"CHICAGO OHARE INTERNATIONAL AIRPORT, IL US",41.96017,-87.93164,2017-04-30,2017-04-30,8.3,5.6
486,USW00094846,"CHICAGO OHARE INTERNATIONAL AIRPORT, IL US",41.96017,-87.93164,2017-05-01,2017-05-01,13.9,7.2
487,USW00094846,"CHICAGO OHARE INTERNATIONAL AIRPORT, IL US",41.96017,-87.93164,2017-05-02,2017-05-02,10.6,5
488,USW00094846,"CHICAGO OHARE INTERNATIONAL AIRPORT, IL US",41.96017,-87.93164,2017-05-03,2017-05-03,13.3,1.7
489,USW00094846,"CHICAGO OHARE INTERNATIONAL AIRPORT, IL US",41.96017,-87.93164,2017-05-04,2017-05-04,12.2,6.1
490,USW00094846,"CHICAGO OHARE INTERNATIONAL AIRPORT, IL US",41.96017,-87.93164,2017-05-05,2017-05-05,16.1,5
491,USW00094846,"CHICAGO OHARE INTERNATIONAL AIRPORT, IL US",41.96017,-87.93164,2017-05-06,2017-05-06,14.4,6.7
492,USW00094846,"CHICAGO OHARE INTERNATIONAL AIRPORT, IL US",41.96017,-87.93164,2017-05-07,2017-05-07,15,2.2
493,USW00094846,"CHICAGO OHARE INTERNATIONAL AIRPORT, IL US",41.96017,-87.93164,2017-05-08,2017-05-08,13.9,1.1
494,USW00094846,"CHICAGO OHARE INTERNATIONAL AIRPORT, IL US",41.96017,-87.93164,2017-05-09,2017-05-09,16.1,5.6
495,USW00094846,"CHICAGO OHARE INTERNATIONAL AIRPORT, IL US",41.96017,-87.93164,2017-05-10,2017-05-10,19.4,6.7
496,USW00094846,"CHICAGO OHARE INTERNATIONAL AIRPORT, IL US",41.96017,-87.93164,2017-05-11,2017-05-11,18.3,9.4
497,USW00094846,"CHICAGO OHARE INTERNATIONAL AIRPORT, IL US",41.96017,-87.93164,2017-05-12,2017-05-12,22.8,7.2
498,USW00094846,"CHICAGO OHARE INTERNATIONAL AIRPORT, IL US",41.96017,-87.93164,2017-05-13,2017-05-13,27.8,8.3
499,USW00094846,"CHICAGO OHARE INTERNATIONAL AIRPORT, IL US",41.96017,-87.93164,2017-05-14,2017-05-14,21.7,10.6
500,USW00094846,"CHICAGO OHARE INTERNATIONAL AIRPORT, IL US",41.96017,-87.93164,2017-05-15,2017-05-15,27.8,10
501,USW00094846,"CHICAGO OHARE INTERNATIONAL AIRPORT, IL US",41.96017,-87.93164,2017-05-16,2017-05-16,30.6,16.1
502,USW00094846,"CHICAGO OHARE INTERNATIONAL AIRPORT, IL US",41.96017,-87.93164,2017-05-17,2017-05-17,28.9,16.7
503,USW00094846,"CHICAGO OHARE INTERNATIONAL AIRPORT, IL US",41.96017,-87.93164,2017-05-18,2017-05-18,25.6,8.9
504,USW00094846,"CHICAGO OHARE INTERNATIONAL AIRPORT, IL US",41.96017,-87.93164,2017-05-19,2017-05-19,10,6.1
505,USW00094846,"CHICAGO OHARE INTERNATIONAL AIRPORT, IL US",41.96017,-87.93164,2017-05-20,2017-05-20,17.8,8.9
506,USW00094846,"CHICAGO OHARE INTERNATIONAL AIRPORT, IL US",41.96017,-87.93164,2017-05-21,2017-05-21,18.3,10.6
507,USW00094846,"CHICAGO OHARE INTERNATIONAL AIRPORT, IL US",41.96017,-87.93164,2017-05-22,2017-05-22,22.8,8.9
508,USW00094846,"CHICAGO OHARE INTERNATIONAL AIRPORT, IL US",41.96017,-87.93164,2017-05-23,2017-05-23,16.7,12.8
509,USW00094846,"CHICAGO OHARE INTERNATIONAL AIRPORT, IL US",41.96017,-87.93164,2017-05-24,2017-05-24,16.7,11.7
510,USW00094846,"CHICAGO OHARE INTERNATIONAL AIRPORT, IL US",41.96017,-87.93164,2017-05-25,2017-05-25,20.6,11.1
511,USW00094846,"CHICAGO OHARE INTERNATIONAL AIRPORT, IL US",41.96017,-87.93164,2017-05-26,2017-05-26,21.7,11.1
512,USW00094846,"CHICAGO OHARE INTERNATIONAL AIRPORT, IL US",41.96017,-87.93164,2017-05-27,2017-05-27,25.6,11.1
513,USW00094846,"CHICAGO OHARE INTERNATIONAL AIRPORT, IL US",41.96017,-87.93164,2017-05-28,2017-05-28,25,13.3
514,USW00094846,"CHICAGO OHARE INTERNATIONAL AIRPORT, IL US",41.96017,-87.93164,2017-05-29,2017-05-29,25,12.8
515,USW00094846,"CHICAGO OHARE INTERNATIONAL AIRPORT, IL US",41.96017,-87.93164,2017-05-30,2017-05-30,23.3,12.2
516,USW00094846,"CHICAGO OHARE INTERNATIONAL AIRPORT, IL US",41.96017,-87.93164,2017-05-31,2017-05-31,23.3,11.1
517,USW00094846,"CHICAGO OHARE INTERNATIONAL AIRPORT, IL US",41.96017,-87.93164,2017-06-01,2017-06-01,27.2,10.6
518,USW00094846,"CHICAGO OHARE INTERNATIONAL AIRPORT, IL US",41.96017,-87.93164,2017-06-02,2017-06-02,30,11.7
519,USW00094846,"CHICAGO OHARE INTERNATIONAL AIRPORT, IL US",41.96017,-87.93164,2017-06-03,2017-06-03,28.9,13.9
520,USW00094846,"CHICAGO OHARE INTERNATIONAL AIRPORT, IL US",41.96017,-87.93164,2017-06-04,2017-06-04,33.3,18.9
521,USW00094846,"CHICAGO OHARE INTERNATIONAL AIRPORT, IL US",41.96017,-87.93164,2017-06-05,2017-06-05,23.9,15
522,USW00094846,"CHICAGO OHARE INTERNATIONAL AIRPORT, IL US",41.96017,-87.93164,2017-06-06,2017-06-06,24.4,12.2
523,USW00094846,"CHICAGO OHARE INTERNATIONAL AIRPORT, IL US",41.96017,-87.93164,2017-06-07,2017-06-07,25,13.3
524,USW00094846,"CHICAGO OHARE INTERNATIONAL AIRPORT, IL US",41.96017,-87.93164,2017-06-08,2017-06-08,28.3,11.7
525,USW00094846,"CHICAGO OHARE INTERNATIONAL AIRPORT, IL US",41.96017,-87.93164,2017-06-09,2017-06-09,30.6,18.3
526,USW00094846,"CHICAGO OHARE INTERNATIONAL AIRPORT, IL US",41.96017,-87.93164,2017-06-10,2017-06-10,32.2,17.8
527,USW00094846,"CHICAGO OHARE INTERNATIONAL AIRPORT, IL US",41.96017,-87.93164,2017-06-11,2017-06-11,33.9,22.8
528,USW00094846,"CHICAGO OHARE INTERNATIONAL AIRPORT, IL US",41.96017,-87.93164,2017-06-12,2017-06-12,35,22.8
529,USW00094846,"CHICAGO OHARE INTERNATIONAL AIRPORT, IL US",41.96017,-87.93164,2017-06-13,2017-06-13,31.1,20
530,USW00094846,"CHICAGO OHARE INTERNATIONAL AIRPORT, IL US",41.96017,-87.93164,2017-06-14,2017-06-14,33.3,20
531,USW00094846,"CHICAGO OHARE INTERNATIONAL AIRPORT, IL US",41.96017,-87.93164,2017-06-15,2017-06-15,32.8,20
532,USW00094846,"CHICAGO OHARE INTERNATIONAL AIRPORT, IL US",41.96017,-87.93164,2017-06-16,2017-06-16,30,19.4
533,USW00094846,"CHICAGO OHARE INTERNATIONAL AIRPORT, IL US",41.96017,-87.93164,2017-06-17,2017-06-17,30.6,20.6
534,USW00094846,"CHICAGO OHARE INTERNATIONAL AIRPORT, IL US",41.96017,-87.93164,2017-06-18,2017-06-18,26.1,20.6
535,USW00094846,"CHICAGO OHARE INTERNATIONAL AIRPORT, IL US",41.96017,-87.93164,2017-06-19,2017-06-19,26.7,16.7
536,USW00094846,"CHICAGO OHARE INTERNATIONAL AIRPORT, IL US",41.96017,-87.93164,2017-06-20,2017-06-20,26.7,14.4
537,USW00094846,"CHICAGO OHARE INTERNATIONAL AIRPORT, IL US",41.96017,-87.93164,2017-06-21,2017-06-21,26.7,12.8
538,USW00094846,"CHICAGO OHARE INTERNATIONAL AIRPORT, IL US",41.96017,-87.93164,2017-06-22,2017-06-22,31.1,20
539,USW00094846,"CHICAGO OHARE INTERNATIONAL AIRPORT, IL US",41.96017,-87.93164,2017-06-23,2017-06-23,28.3,18.9
540,USW00094846,"CHICAGO OHARE INTERNATIONAL AIRPORT, IL US",41.96017,-87.93164,2017-06-24,2017-06-24,23.9,15
541,USW00094846,"CHICAGO OHARE INTERNATIONAL AIRPORT, IL US",41.96017,-87.93164,2017-06-25,2017-06-25,22.2,12.2
542,USW00094846,"CHICAGO OHARE INTERNATIONAL AIRPORT, IL US",41.96017,-87.93164,2017-06-26,2017-06-26,23.9,12.2
543,USW00094846,"CHICAGO OHARE INTERNATIONAL AIRPORT, IL US",41.96017,-87.93164,2017-06-27,2017-06-27,25.6,10
544,USW00094846,"CHICAGO OHARE INTERNATIONAL AIRPORT, IL US",41.96017,-87.93164,2017-06-28,2017-06-28,26.7,14.4
545,USW00094846,"CHICAGO OHARE INTERNATIONAL AIRPORT, IL US",41.96017,-87.93164,2017-06-29,2017-06-29,27.2,18.9
546,USW00094846,"CHICAGO OHARE INTERNATIONAL AIRPORT, IL US",41.96017,-87.93164,2017-06-30,2017-06-30,28.9,17.8
547,USW00094846,"CHICAGO OHARE INTERNATIONAL AIRPORT, IL US",41.96017,-87.93164,2017-07-01,2017-07-01,27.8,18.9
548,USW00094846,"CHICAGO OHARE INTERNATIONAL AIRPORT, IL US",41.96017,-87.93164,2017-07-02,2017-07-02,31.7,16.7
549,USW00094846,"CHICAGO OHARE INTERNATIONAL AIRPORT, IL US",41.96017,-87.93164,2017-07-03,2017-07-03,26.7,18.9
550,USW00094846,"CHICAGO OHARE INTERNATIONAL AIRPORT, IL US",41.96017,-87.93164,2017-07-04,2017-07-04,28.3,17.8
551,USW00094846,"CHICAGO OHARE INTERNATIONAL AIRPORT, IL US",41.96017,-87.93164,2017-07-05,2017-07-05,31.7,18.3
552,USW00094846,"CHICAGO OHARE INTERNATIONAL AIRPORT, IL US",41.96017,-87.93164,2017-07-06,2017-07-06,33.9,20.6
553,USW00094846,"CHICAGO OHARE INTERNATIONAL AIRPORT, IL US",41.96017,-87.93164,2017-07-07,2017-07-07,31.7,17.2
554,USW00094846,"CHICAGO OHARE INTERNATIONAL AIRPORT, IL US",41.96017,-87.93164,2017-07-08,2017-07-08,26.7,16.7
555,USW00094846,"CHICAGO OHARE INTERNATIONAL AIRPORT, IL US",41.96017,-87.93164,2017-07-09,2017-07-09,30,17.2
556,USW00094846,"CHICAGO OHARE INTERNATIONAL AIRPORT, IL US",41.96017,-87.93164,2017-07-10,2017-07-10,28.9,19.4
557,USW00094846,"CHICAGO OHARE INTERNATIONAL AIRPORT, IL US",41.96017,-87.93164,2017-07-11,2017-07-11,29.4,21.1
558,USW00094846,"CHICAGO OHARE INTERNATIONAL AIRPORT, IL US",41.96017,-87.93164,2017-07-12,2017-07-12,27.2,20
559,USW00094846,"CHICAGO OHARE INTERNATIONAL AIRPORT, IL US",41.96017,-87.93164,2017-07-13,2017-07-13,28.3,22.2
560,USW00094846,"CHICAGO OHARE INTERNATIONAL AIRPORT, IL US",41.96017,-87.93164,2017-07-14,2017-07-14,22.8,17.2
561,USW00094846,"CHICAGO OHARE INTERNATIONAL AIRPORT, IL US",41.96017,-87.93164,2017-07-15,2017-07-15,27.2,15.6
562,USW00094846,"CHICAGO OHARE INTERNATIONAL AIRPORT, IL US",41.96017,-87.93164,2017-07-16,2017-07-16,25.6,15.6
563,USW00094846,"CHICAGO OHARE INTERNATIONAL AIRPORT, IL US",41.96017,-87.93164,2017-07-17,2017-07-17,26.1,13.3
564,USW00094846,"CHICAGO OHARE INTERNATIONAL AIRPORT, IL US",41.96017,-87.93164,2017-07-18,2017-07-18,31.7,15.6
565,USW00094846,"CHICAGO OHARE INTERNATIONAL AIRPORT, IL US",41.96017,-87.93164,2017-07-19,2017-07-19,31.1,21.1
566,USW00094846,"CHICAGO OHARE INTERNATIONAL AIRPORT, IL US",41.96017,-87.93164,2017-07-20,2017-07-20,31.1,20.6
567,USW00094846,"CHICAGO OHARE INTERNATIONAL AIRPORT, IL US",41.96017,-87.93164,2017-07-21,2017-07-21,31.7,22.2
568,USW00094846,"CHICAGO OHARE INTERNATIONAL AIRPORT, IL US",41.96017,-87.93164,2017-07-22,2017-07-22,31.1,22.2
569,USW00094846,"CHICAGO OHARE INTERNATIONAL AIRPORT, IL US",41.96017,-87.93164,2017-07-23,2017-07-23,32.2,21.1
570,USW00094846,"CHICAGO OHARE INTERNATIONAL AIRPORT, IL US",41.96017,-87.93164,2017-07-24,2017-07-24,23.3,18.9
571,USW00094846,"CHICAGO OHARE INTERNATIONAL AIRPORT, IL US",41.96017,-87.93164,2017-07-25,2017-07-25,27.8,16.1
572,USW00094846,"CHICAGO OHARE INTERNATIONAL AIRPORT, IL US",41.96017,-87.93164,2017-07-26,2017-07-26,29.4,18.3
573,USW00094846,"CHICAGO OHARE INTERNATIONAL AIRPORT, IL US",41.96017,-87.93164,2017-07-27,2017-07-27,27.8,21.1
574,USW00094846,"CHICAGO OHARE INTERNATIONAL AIRPORT, IL US",41.96017,-87.93164,2017-07-28,2017-07-28,26.1,19.4
575,USW00094846,"CHICAGO OHARE INTERNATIONAL AIRPORT, IL US",41.96017,-87.93164,2017-07-29,2017-07-29,26.1,17.8
576,USW00094846,"CHICAGO OHARE INTERNATIONAL AIRPORT, IL US",41.96017,-87.93164,2017-07-30,2017-07-30,28.9,16.7
577,USW00094846,"CHICAGO OHARE INTERNATIONAL AIRPORT, IL US",41.96017,-87.93164,2017-07-31,2017-07-31,30,18.3
578,USW00094846,"CHICAGO OHARE INTERNATIONAL AIRPORT, IL US",41.96017,-87.93164,2017-08-01,2017-08-01,30,19.4
579,USW00094846,"CHICAGO OHARE INTERNATIONAL AIRPORT, IL US",41.96017,-87.93164,2017-08-02,2017-08-02,30.6,18.9
580,USW00094846,"CHICAGO OHARE INTERNATIONAL AIRPORT, IL US",41.96017,-87.93164,2017-08-03,2017-08-03,28.9,16.1
581,USW00094846,"CHICAGO OHARE INTERNATIONAL AIRPORT, IL US",41.96017,-87.93164,2017-08-04,2017-08-04,20,13.3
582,USW00094846,"CHICAGO OHARE INTERNATIONAL AIRPORT, IL US",41.96017,-87.93164,2017-08-05,2017-08-05,26.7,15.6
583,USW00094846,"CHICAGO OHARE INTERNATIONAL AIRPORT, IL US",41.96017,-87.93164,2017-08-06,2017-08-06,25,17.2
584,USW00094846,"CHICAGO OHARE INTERNATIONAL AIRPORT, IL US",41.96017,-87.93164,2017-08-07,2017-08-07,24.4,16.1
585,USW00094846,"CHICAGO OHARE INTERNATIONAL AIRPORT, IL US",41.96017,-87.93164,2017-08-08,2017-08-08,28.9,14.4
586,USW00094846,"CHICAGO OHARE INTERNATIONAL AIRPORT, IL US",41.96017,-87.93164,2017-08-09,2017-08-09,28.3,16.1
587,USW00094846,"CHICAGO OHARE INTERNATIONAL AIRPORT, IL US",41.96017,-87.93164,2017-08-10,2017-08-10,28.9,16.7
588,USW00094846,"CHICAGO OHARE INTERNATIONAL AIRPORT, IL US",41.96017,-87.93164,2017-08-11,2017-08-11,25.6,18.3
589,USW00094846,"CHICAGO OHARE INTERNATIONAL AIRPORT, IL US",41.96017,-87.93164,2017-08-12,2017-08-12,25,15.6
590,USW00094846,"CHICAGO OHARE INTERNATIONAL AIRPORT, IL US",41.96017,-87.93164,2017-08-13,2017-08-13,26.7,13.9
591,USW00094846,"CHICAGO OHARE INTERNATIONAL AIRPORT, IL US",41.96017,-87.93164,2017-08-14,2017-08-14,28.3,16.7
592,USW00094846,"CHICAGO OHARE INTERNATIONAL AIRPORT, IL US",41.96017,-87.93164,2017-08-15,2017-08-15,28.9,20
593,USW00094846,"CHICAGO OHARE INTERNATIONAL AIRPORT, IL US",41.96017,-87.93164,2017-08-16,2017-08-16,31.1,19.4
594,USW00094846,"CHICAGO OHARE INTERNATIONAL AIRPORT, IL US",41.96017,-87.93164,2017-08-17,2017-08-17,27.8,22.2
595,USW00094846,"CHICAGO OHARE INTERNATIONAL AIRPORT, IL US",41.96017,-87.93164,2017-08-18,2017-08-18,27.8,19.4
596,USW00094846,"CHICAGO OHARE INTERNATIONAL AIRPORT, IL US",41.96017,-87.93164,2017-08-19,2017-08-19,30,17.2
597,USW00094846,"CHICAGO OHARE INTERNATIONAL AIRPORT, IL US",41.96017,-87.93164,2017-08-20,2017-08-20,32.2,17.2
598,USW00094846,"CHICAGO OHARE INTERNATIONAL AIRPORT, IL US",41.96017,-87.93164,2017-08-21,2017-08-21,30.6,21.7
599,USW00094846,"CHICAGO OHARE INTERNATIONAL AIRPORT, IL US",41.96017,-87.93164,2017-08-22,2017-08-22,27.8,17.8
600,USW00094846,"CHICAGO OHARE INTERNATIONAL AIRPORT, IL US",41.96017,-87.93164,2017-08-23,2017-08-23,26.1,15.6
601,USW00094846,"CHICAGO OHARE INTERNATIONAL AIRPORT, IL US",41.96017,-87.93164,2017-08-24,2017-08-24,23.9,13.3
602,USW00094846,"CHICAGO OHARE INTERNATIONAL AIRPORT, IL US",41.96017,-87.93164,2017-08-25,2017-08-25,23.3,11.1
603,USW00094846,"CHICAGO OHARE INTERNATIONAL AIRPORT, IL US",41.96017,-87.93164,2017-08-26,2017-08-26,25.6,13.3
604,USW00094846,"CHICAGO OHARE INTERNATIONAL AIRPORT, IL US",41.96017,-87.93164,2017-08-27,2017-08-27,25.6,16.7
605,USW00094846,"CHICAGO OHARE INTERNATIONAL AIRPORT, IL US",41.96017,-87.93164,2017-08-28,2017-08-28,26.7,17.8
606,USW00094846,"CHICAGO OHARE INTERNATIONAL AIRPORT, IL US",41.96017,-87.93164,2017-08-29,2017-08-29,24.4,16.1
607,USW00094846,"CHICAGO OHARE INTERNATIONAL AIRPORT, IL US",41.96017,-87.93164,2017-08-30,2017-08-30,27.8,15.6
608,USW00094846,"CHICAGO OHARE INTERNATIONAL AIRPORT, IL US",41.96017,-87.93164,2017-08-31,2017-08-31,22.8,17.8
609,USW00094846,"CHICAGO OHARE INTERNATIONAL AIRPORT, IL US",41.96017,-87.93164,2017-09-01,2017-09-01,20.6,10
610,USW00094846,"CHICAGO OHARE INTERNATIONAL AIRPORT, IL US",41.96017,-87.93164,2017-09-02,2017-09-02,23.9,10
611,USW00094846,"CHICAGO OHARE INTERNATIONAL AIRPORT, IL US",41.96017,-87.93164,2017-09-03,2017-09-03,28.9,13.9
612,USW00094846,"CHICAGO OHARE INTERNATIONAL AIRPORT, IL US",41.96017,-87.93164,2017-09-04,2017-09-04,27.8,16.7
613,USW00094846,"CHICAGO OHARE INTERNATIONAL AIRPORT, IL US",41.96017,-87.93164,2017-09-05,2017-09-05,21.1,12.2
614,USW00094846,"CHICAGO OHARE INTERNATIONAL AIRPORT, IL US",41.96017,-87.93164,2017-09-06,2017-09-06,19.4,9.4
615,USW00094846,"CHICAGO OHARE INTERNATIONAL AIRPORT, IL US",41.96017,-87.93164,2017-09-07,2017-09-07,21.7,11.1
616,USW00094846,"CHICAGO OHARE INTERNATIONAL AIRPORT, IL US",41.96017,-87.93164,2017-09-08,2017-09-08,20.6,14.4
617,USW00094846,"CHICAGO OHARE INTERNATIONAL AIRPORT, IL US",41.96017,-87.93164,2017-09-09,2017-09-09,22.2,12.2
618,USW00094846,"CHICAGO OHARE INTERNATIONAL AIRPORT, IL US",41.96017,-87.93164,2017-09-10,2017-09-10,21.1,10
619,USW00094846,"CHICAGO OHARE INTERNATIONAL AIRPORT, IL US",41.96017,-87.93164,2017-09-11,2017-09-11,23.9,11.1
620,USW00094846,"CHICAGO OHARE INTERNATIONAL AIRPORT, IL US",41.96017,-87.93164,2017-09-12,2017-09-12,25,12.2
621,USW00094846,"CHICAGO OHARE INTERNATIONAL AIRPORT, IL US",41.96017,-87.93164,2017-09-13,2017-09-13,25,14.4
622,USW00094846,"CHICAGO OHARE INTERNATIONAL AIRPORT, IL US",41.96017,-87.93164,2017-09-14,2017-09-14,27.2,15
623,USW00094846,"CHICAGO OHARE INTERNATIONAL AIRPORT, IL US",41.96017,-87.93164,2017-09-15,2017-09-15,30.6,16.7
624,USW00094846,"CHICAGO OHARE INTERNATIONAL AIRPORT, IL US",41.96017,-87.93164,2017-09-16,2017-09-16,31.1,18.3
625,USW00094846,"CHICAGO OHARE INTERNATIONAL AIRPORT, IL US",41.96017,-87.93164,2017-09-17,2017-09-17,30,17.2
626,USW00094846,"CHICAGO OHARE INTERNATIONAL AIRPORT, IL US",41.96017,-87.93164,2017-09-18,2017-09-18,25,14.4
627,USW00094846,"CHICAGO OHARE INTERNATIONAL AIRPORT, IL US",41.96017,-87.93164,2017-09-19,2017-09-19,26.1,17.8
628,USW00094846,"CHICAGO OHARE INTERNATIONAL AIRPORT, IL US",41.96017,-87.93164,2017-09-20,2017-09-20,33.3,16.7
629,USW00094846,"CHICAGO OHARE INTERNATIONAL AIRPORT, IL US",41.96017,-87.93164,2017-09-21,2017-09-21,34.4,22.2
630,USW00094846,"CHICAGO OHARE INTERNATIONAL AIRPORT, IL US",41.96017,-87.93164,2017-09-22,2017-09-22,34.4,21.7
631,USW00094846,"CHICAGO OHARE INTERNATIONAL AIRPORT, IL US",41.96017,-87.93164,2017-09-23,2017-09-23,35,22.2
632,USW00094846,"CHICAGO OHARE INTERNATIONAL AIRPORT, IL US",41.96017,-87.93164,2017-09-24,2017-09-24,33.9,21.1
633,USW00094846,"CHICAGO OHARE INTERNATIONAL AIRPORT, IL US",41.96017,-87.93164,2017-09-25,2017-09-25,33.3,19.4
634,USW00094846,"CHICAGO OHARE INTERNATIONAL AIRPORT, IL US",41.96017,-87.93164,2017-09-26,2017-09-26,33.3,21.1
635,USW00094846,"CHICAGO OHARE INTERNATIONAL AIRPORT, IL US",41.96017,-87.93164,2017-09-27,2017-09-27,22.2,13.3
636,USW00094846,"CHICAGO OHARE INTERNATIONAL AIRPORT, IL US",41.96017,-87.93164,2017-09-28,2017-09-28,23.3,11.7
637,USW00094846,"CHICAGO OHARE INTERNATIONAL AIRPORT, IL US",41.96017,-87.93164,2017-09-29,2017-09-29,21.1,13.3
638,USW00094846,"CHICAGO OHARE INTERNATIONAL AIRPORT, IL US",41.96017,-87.93164,2017-09-30,2017-09-30,20,11.7
639,USW00094846,"CHICAGO OHARE INTERNATIONAL AIRPORT, IL US",41.96017,-87.93164,2017-10-01,2017-10-01,22.2,8.9
640,USW00094846,"CHICAGO OHARE INTERNATIONAL AIRPORT, IL US",41.96017,-87.93164,2017-10-02,2017-10-02,28.3,14.4
641,USW00094846,"CHICAGO OHARE INTERNATIONAL AIRPORT, IL US",41.96017,-87.93164,2017-10-03,2017-10-03,25.6,19.4
642,USW00094846,"CHICAGO OHARE INTERNATIONAL AIRPORT, IL US",41.96017,-87.93164,2017-10-04,2017-10-04,24.4,14.4
643,USW00094846,"CHICAGO OHARE INTERNATIONAL AIRPORT, IL US",41.96017,-87.93164,2017-10-05,2017-10-05,25,12.2
644,USW00094846,"CHICAGO OHARE INTERNATIONAL AIRPORT, IL US",41.96017,-87.93164,2017-10-06,2017-10-06,20.6,15.6
645,USW00094846,"CHICAGO OHARE INTERNATIONAL AIRPORT, IL US",41.96017,-87.93164,2017-10-07,2017-10-07,26.1,15.6
646,USW00094846,"CHICAGO OHARE INTERNATIONAL AIRPORT, IL US",41.96017,-87.93164,2017-10-08,2017-10-08,25.6,12.2
647,USW00094846,"CHICAGO OHARE INTERNATIONAL AIRPORT, IL US",41.96017,-87.93164,2017-10-09,2017-10-09,27.2,11.1
648,USW00094846,"CHICAGO OHARE INTERNATIONAL AIRPORT, IL US",41.96017,-87.93164,2017-10-10,2017-10-10,17.2,14.4
649,USW00094846,"CHICAGO OHARE INTERNATIONAL AIRPORT, IL US",41.96017,-87.93164,2017-10-11,2017-10-11,16.7,13.3
650,USW00094846,"CHICAGO OHARE INTERNATIONAL AIRPORT, IL US",41.96017,-87.93164,2017-10-12,2017-10-12,15.6,13.3
651,USW00094846,"CHICAGO OHARE INTERNATIONAL AIRPORT, IL US",41.96017,-87.93164,2017-10-13,2017-10-13,22.8,12.8
652,USW00094846,"CHICAGO OHARE INTERNATIONAL AIRPORT, IL US",41.96017,-87.93164,2017-10-14,2017-10-14,18.9,16.7
653,USW00094846,"CHICAGO OHARE INTERNATIONAL AIRPORT, IL US",41.96017,-87.93164,2017-10-15,2017-10-15,20,8.3
654,USW00094846,"CHICAGO OHARE INTERNATIONAL AIRPORT, IL US",41.96017,-87.93164,2017-10-16,2017-10-16,17.2,6.1
655,USW00094846,"CHICAGO OHARE INTERNATIONAL AIRPORT, IL US",41.96017,-87.93164,2017-10-17,2017-10-17,21.1,9.4
656,USW00094846,"CHICAGO OHARE INTERNATIONAL AIRPORT, IL US",41.96017,-87.93164,2017-10-18,2017-10-18,21.7,8.3
657,USW00094846,"CHICAGO OHARE INTERNATIONAL AIRPORT, IL US",41.96017,-87.93164,2017-10-19,2017-10-19,21.1,10.6
658,USW00094846,"CHICAGO OHARE INTERNATIONAL AIRPORT, IL US",41.96017,-87.93164,2017-10-20,2017-10-20,25.6,10.6
659,USW00094846,"CHICAGO OHARE INTERNATIONAL AIRPORT, IL US",41.96017,-87.93164,2017-10-21,2017-10-21,25,15.6
660,USW00094846,"CHICAGO OHARE INTERNATIONAL AIRPORT, IL US",41.96017,-87.93164,2017-10-22,2017-10-22,21.1,10.6
661,USW00094846,"CHICAGO OHARE INTERNATIONAL AIRPORT, IL US",41.96017,-87.93164,2017-10-23,2017-10-23,12.2,10
662,USW00094846,"CHICAGO OHARE INTERNATIONAL AIRPORT, IL US",41.96017,-87.93164,2017-10-24,2017-10-24,10,5.6
663,USW00094846,"CHICAGO OHARE INTERNATIONAL AIRPORT, IL US",41.96017,-87.93164,2017-10-25,2017-10-25,11.7,3.3
664,USW00094846,"CHICAGO OHARE INTERNATIONAL AIRPORT, IL US",41.96017,-87.93164,2017-10-26,2017-10-26,15.6,2.2
665,USW00094846,"CHICAGO OHARE INTERNATIONAL AIRPORT, IL US",41.96017,-87.93164,2017-10-27,2017-10-27,11.1,3.3
666,USW00094846,"CHICAGO OHARE INTERNATIONAL AIRPORT, IL US",41.96017,-87.93164,2017-10-28,2017-10-28,4.4,2.2
667,USW00094846,"CHICAGO OHARE INTERNATIONAL AIRPORT, IL US",41.96017,-87.93164,2017-10-29,2017-10-29,7.8,0.6
668,USW00094846,"CHICAGO OHARE INTERNATIONAL AIRPORT, IL US",41.96017,-87.93164,2017-10-30,2017-10-30,10,2.8
669,USW00094846,"CHICAGO OHARE INTERNATIONAL AIRPORT, IL US",41.96017,-87.93164,2017-10-31,2017-10-31,4.4,1.1
670,USW00094846,"CHICAGO OHARE INTERNATIONAL AIRPORT, IL US",41.96017,-87.93164,2017-11-01,2017-11-01,6.7,2.2
671,USW00094846,"CHICAGO OHARE INTERNATIONAL AIRPORT, IL US",41.96017,-87.93164,2017-11-02,2017-11-02,10.6,6.7
672,USW00094846,"CHICAGO OHARE INTERNATIONAL AIRPORT, IL US",41.96017,-87.93164,2017-11-03,2017-11-03,8.9,3.3
673,USW00094846,"CHICAGO OHARE INTERNATIONAL AIRPORT, IL US",41.96017,-87.93164,2017-11-04,2017-11-04,10,5.6
674,USW00094846,"CHICAGO OHARE INTERNATIONAL AIRPORT, IL US",41.96017,-87.93164,2017-11-05,2017-11-05,11.1,5.6
675,USW00094846,"CHICAGO OHARE INTERNATIONAL AIRPORT, IL US",41.96017,-87.93164,2017-11-06,2017-11-06,6.1,0
676,USW00094846,"CHICAGO OHARE INTERNATIONAL AIRPORT, IL US",41.96017,-87.93164,2017-11-07,2017-11-07,7.2,0
677,USW00094846,"CHICAGO OHARE INTERNATIONAL AIRPORT, IL US",41.96017,-87.93164,2017-11-08,2017-11-08,7.8,-1.6
678,USW00094846,"CHICAGO OHARE INTERNATIONAL AIRPORT, IL US",41.96017,-87.93164,2017-11-09,2017-11-09,7.8,-6
679,USW00094846,"CHICAGO OHARE INTERNATIONAL AIRPORT, IL US",41.96017,-87.93164,2017-11-10,2017-11-10,-1,-7.7
680,USW00094846,"CHICAGO OHARE INTERNATIONAL AIRPORT, IL US",41.96017,-87.93164,2017-11-11,2017-11-11,3.3,-3.2
681,USW00094846,"CHICAGO OHARE INTERNATIONAL AIRPORT, IL US",41.96017,-87.93164,2017-11-12,2017-11-12,4.4,2.2
682,USW00094846,"CHICAGO OHARE INTERNATIONAL AIRPORT, IL US",41.96017,-87.93164,2017-11-13,2017-11-13,4.4,-0.5
683,USW00094846,"CHICAGO OHARE INTERNATIONAL AIRPORT, IL US",41.96017,-87.93164,2017-11-14,2017-11-14,9.4,-1
684,USW00094846,"CHICAGO OHARE INTERNATIONAL AIRPORT, IL US",41.96017,-87.93164,2017-11-15,2017-11-15,11.1,1.7
685,USW00094846,"CHICAGO OHARE INTERNATIONAL AIRPORT, IL US",41.96017,-87.93164,2017-11-16,2017-11-16,3.3,0.6
686,USW00094846,"CHICAGO OHARE INTERNATIONAL AIRPORT, IL US",41.96017,-87.93164,2017-11-17,2017-11-17,8.9,1.7
687,USW00094846,"CHICAGO OHARE INTERNATIONAL AIRPORT, IL US",41.96017,-87.93164,2017-11-18,2017-11-18,8.9,1.7
688,USW00094846,"CHICAGO OHARE INTERNATIONAL AIRPORT, IL US",41.96017,-87.93164,2017-11-19,2017-11-19,2.8,-1
689,USW00094846,"CHICAGO OHARE INTERNATIONAL AIRPORT, IL US",41.96017,-87.93164,2017-11-20,2017-11-20,11.1,-1
690,USW00094846,"CHICAGO OHARE INTERNATIONAL AIRPORT, IL US",41.96017,-87.93164,2017-11-21,2017-11-21,6.7,-2.7
691,USW00094846,"CHICAGO OHARE INTERNATIONAL AIRPORT, IL US",41.96017,-87.93164,2017-11-22,2017-11-22,1.7,-5.5
692,USW00094846,"CHICAGO OHARE INTERNATIONAL AIRPORT, IL US",41.96017,-87.93164,2017-11-23,2017-11-23,7.8,0
693,USW00094846,"CHICAGO OHARE INTERNATIONAL AIRPORT, IL US",41.96017,-87.93164,2017-11-24,2017-11-24,17.2,0
694,USW00094846,"CHICAGO OHARE INTERNATIONAL AIRPORT, IL US",41.96017,-87.93164,2017-11-25,2017-11-25,12.8,0
695,USW00094846,"CHICAGO OHARE INTERNATIONAL AIRPORT, IL US",41.96017,-87.93164,2017-11-26,2017-11-26,9.4,-2.7
696,USW00094846,"CHICAGO OHARE INTERNATIONAL AIRPORT, IL US",41.96017,-87.93164,2017-11-27,2017-11-27,13.9,-0.5
697,USW00094846,"CHICAGO OHARE INTERNATIONAL AIRPORT, IL US",41.96017,-87.93164,2017-11-28,2017-11-28,16.1,6.1
698,USW00094846,"CHICAGO OHARE INTERNATIONAL AIRPORT, IL US",41.96017,-87.93164,2017-11-29,2017-11-29,8.3,1.1
699,USW00094846,"CHICAGO OHARE INTERNATIONAL AIRPORT, IL US",41.96017,-87.93164,2017-11-30,2017-11-30,12.2,3.9
700,USW00094846,"CHICAGO OHARE INTERNATIONAL AIRPORT, IL US",41.96017,-87.93164,2017-12-01,2017-12-01,11.7,-2.1
701,USW00094846,"CHICAGO OHARE INTERNATIONAL AIRPORT, IL US",41.96017,-87.93164,2017-12-02,2017-12-02,12.2,0.6
702,USW00094846,"CHICAGO OHARE INTERNATIONAL AIRPORT, IL US",41.96017,-87.93164,2017-12-03,2017-12-03,14.4,-1.6
703,USW00094846,"CHICAGO OHARE INTERNATIONAL AIRPORT, IL US",41.96017,-87.93164,2017-12-04,2017-12-04,18.3,6.7
704,USW00094846,"CHICAGO OHARE INTERNATIONAL AIRPORT, IL US",41.96017,-87.93164,2017-12-05,2017-12-05,6.7,-2.7
705,USW00094846,"CHICAGO OHARE INTERNATIONAL AIRPORT, IL US",41.96017,-87.93164,2017-12-06,2017-12-06,1.7,-3.2
706,USW00094846,"CHICAGO OHARE INTERNATIONAL AIRPORT, IL US",41.96017,-87.93164,2017-12-07,2017-12-07,-1.6,-7.1
707,USW00094846,"CHICAGO OHARE INTERNATIONAL AIRPORT, IL US",41.96017,-87.93164,2017-12-08,2017-12-08,2.8,-7.7
708,USW00094846,"CHICAGO OHARE INTERNATIONAL AIRPORT, IL US",41.96017,-87.93164,2017-12-09,2017-12-09,0,-6.6
709,USW00094846,"CHICAGO OHARE INTERNATIONAL AIRPORT, IL US",41.96017,-87.93164,2017-12-10,2017-12-10,1.7,-6.6
710,USW00094846,"CHICAGO OHARE INTERNATIONAL AIRPORT, IL US",41.96017,-87.93164,2017-12-11,2017-12-11,3.9,-4.9
711,USW00094846,"CHICAGO OHARE INTERNATIONAL AIRPORT, IL US",41.96017,-87.93164,2017-12-12,2017-12-12,-0.5,-8.2
712,USW00094846,"CHICAGO OHARE INTERNATIONAL AIRPORT, IL US",41.96017,-87.93164,2017-12-13,2017-12-13,3.3,-5.5
713,USW00094846,"CHICAGO OHARE INTERNATIONAL AIRPORT, IL US",41.96017,-87.93164,2017-12-14,2017-12-14,-2.7,-8.8
714,USW00094846,"CHICAGO OHARE INTERNATIONAL AIRPORT, IL US",41.96017,-87.93164,2017-12-15,2017-12-15,2.8,-6
715,USW00094846,"CHICAGO OHARE INTERNATIONAL AIRPORT, IL US",41.96017,-87.93164,2017-12-16,2017-12-16,7.8,-2.7
716,USW00094846,"CHICAGO OHARE INTERNATIONAL AIRPORT, IL US",41.96017,-87.93164,2017-12-17,2017-12-17,5.6,-1.6
717,USW00094846,"CHICAGO OHARE INTERNATIONAL AIRPORT, IL US",41.96017,-87.93164,2017-12-18,2017-12-18,7.8,3.9
718,USW00094846,"CHICAGO OHARE INTERNATIONAL AIRPORT, IL US",41.96017,-87.93164,2017-12-19,2017-12-19,10,1.7
719,USW00094846,"CHICAGO OHARE INTERNATIONAL AIRPORT, IL US",41.96017,-87.93164,2017-12-20,2017-12-20,2.8,-2.7
720,USW00094846,"CHICAGO OHARE INTERNATIONAL AIRPORT, IL US",41.96017,-87.93164,2017-12-21,2017-12-21,4.4,0
721,USW00094846,"CHICAGO OHARE INTERNATIONAL AIRPORT, IL US",41.96017,-87.93164,2017-12-22,2017-12-22,3.9,0.6
722,USW00094846,"CHICAGO OHARE INTERNATIONAL AIRPORT, IL US",41.96017,-87.93164,2017-12-23,2017-12-23,0.6,-7.1
723,USW00094846,"CHICAGO OHARE INTERNATIONAL AIRPORT, IL US",41.96017,-87.93164,2017-12-24,2017-12-24,-5.5,-7.7
724,USW00094846,"CHICAGO OHARE INTERNATIONAL AIRPORT, IL US",41.96017,-87.93164,2017-12-25,2017-12-25,-6,-16.6
725,USW00094846,"CHICAGO OHARE INTERNATIONAL AIRPORT, IL US",41.96017,-87.93164,2017-12-26,2017-12-26,-14.9,-19.3
726,USW00094846,"CHICAGO OHARE INTERNATIONAL AIRPORT, IL US",41.96017,-87.93164,2017-12-27,2017-12-27,-13.8,-19.9
727,USW00094846,"CHICAGO OHARE INTERNATIONAL AIRPORT, IL US",41.96017,-87.93164,2017-12-28,2017-12-28,-9.3,-17.7
728,USW00094846,"CHICAGO OHARE INTERNATIONAL AIRPORT, IL US",41.96017,-87.93164,2017-12-29,2017-12-29,-9.3,-12.7
729,USW00094846,"CHICAGO OHARE INTERNATIONAL AIRPORT, IL US",41.96017,-87.93164,2017-12-30,2017-12-30,-9.3,-18.2
730,USW00094846,"CHICAGO OHARE INTERNATIONAL AIRPORT, IL US",41.96017,-87.93164,2017-12-31,2017-12-31,-10.5,-18.2
731,USW00014819,"CHICAGO MIDWAY AIRPORT, IL US",41.78412,-87.75514,2017-01-01,2017-01-01,5,-5.5
732,USW00014819,"CHICAGO MIDWAY AIRPORT, IL US",41.78412,-87.75514,2017-01-02,2017-01-02,5,-0.5
733,USW00014819,"CHICAGO MIDWAY AIRPORT, IL US",41.78412,-87.75514,2017-01-03,2017-01-03,5.6,-6
734,USW00014819,"CHICAGO MIDWAY AIRPORT, IL US",41.78412,-87.75514,2017-01-04,2017-01-04,-6,-12.1
735,USW00014819,"CHICAGO MIDWAY AIRPORT, IL US",41.78412,-87.75514,2017-01-05,2017-01-05,-9.3,-14.9
736,USW00014819,"CHICAGO MIDWAY AIRPORT, IL US",41.78412,-87.75514,2017-01-06,2017-01-06,-12.1,-17.1
737,USW00014819,"CHICAGO MIDWAY AIRPORT, IL US",41.78412,-87.75514,2017-01-07,2017-01-07,-7.1,-16.6
738,USW00014819,"CHICAGO MIDWAY AIRPORT, IL US",41.78412,-87.75514,2017-01-08,2017-01-08,-6.6,-15.5
739,USW00014819,"CHICAGO MIDWAY AIRPORT, IL US",41.78412,-87.75514,2017-01-09,2017-01-09,1.7,-7.1
740,USW00014819,"CHICAGO MIDWAY AIRPORT, IL US",41.78412,-87.75514,2017-01-10,2017-01-10,11.1,-2.7
741,USW00014819,"CHICAGO MIDWAY AIRPORT, IL US",41.78412,-87.75514,2017-01-11,2017-01-11,7.2,-2.7
742,USW00014819,"CHICAGO MIDWAY AIRPORT, IL US",41.78412,-87.75514,2017-01-12,2017-01-12,-0.5,-5.5
743,USW00014819,"CHICAGO MIDWAY AIRPORT, IL US",41.78412,-87.75514,2017-01-13,2017-01-13,-1.6,-7.7
744,USW00014819,"CHICAGO MIDWAY AIRPORT, IL US",41.78412,-87.75514,2017-01-14,2017-01-14,1.7,-3.8
745,USW00014819,"CHICAGO MIDWAY AIRPORT, IL US",41.78412,-87.75514,2017-01-15,2017-01-15,1.7,-5.5
746,USW00014819,"CHICAGO MIDWAY AIRPORT, IL US",41.78412,-87.75514,2017-01-16,2017-01-16,3.9,0.6
747,USW00014819,"CHICAGO MIDWAY AIRPORT, IL US",41.78412,-87.75514,2017-01-18,2017-01-18,2.2,0
748,USW00014819,"CHICAGO MIDWAY AIRPORT, IL US",41.78412,-87.75514,2017-01-19,2017-01-19,5.6,0
749,USW00014819,"CHICAGO MIDWAY AIRPORT, IL US",41.78412,-87.75514,2017-01-20,2017-01-20,8.3,2.8
750,USW00014819,"CHICAGO MIDWAY AIRPORT, IL US",41.78412,-87.75514,2017-01-21,2017-01-21,15.6,4.4
751,USW00014819,"CHICAGO MIDWAY AIRPORT, IL US",41.78412,-87.75514,2017-01-22,2017-01-22,7.8,4.4
752,USW00014819,"CHICAGO MIDWAY AIRPORT, IL US",41.78412,-87.75514,2017-01-23,2017-01-23,6.1,3.9
753,USW00014819,"CHICAGO MIDWAY AIRPORT, IL US",41.78412,-87.75514,2017-01-24,2017-01-24,3.9,2.2
754,USW00014819,"CHICAGO MIDWAY AIRPORT, IL US",41.78412,-87.75514,2017-01-25,2017-01-25,6.7,1.7
755,USW00014819,"CHICAGO MIDWAY AIRPORT, IL US",41.78412,-87.75514,2017-01-26,2017-01-26,1.7,0
756,USW00014819,"CHICAGO MIDWAY AIRPORT, IL US",41.78412,-87.75514,2017-01-27,2017-01-27,0,-3.8
757,USW00014819,"CHICAGO MIDWAY AIRPORT, IL US",41.78412,-87.75514,2017-01-28,2017-01-28,-1,-3.2
758,USW00014819,"CHICAGO MIDWAY AIRPORT, IL US",41.78412,-87.75514,2017-01-29,2017-01-29,-1.6,-4.9
759,USW00014819,"CHICAGO MIDWAY AIRPORT, IL US",41.78412,-87.75514,2017-01-30,2017-01-30,3.9,-8.2
760,USW00014819,"CHICAGO MIDWAY AIRPORT, IL US",41.78412,-87.75514,2017-01-31,2017-01-31,6.1,2.2
761,USW00014819,"CHICAGO MIDWAY AIRPORT, IL US",41.78412,-87.75514,2017-02-01,2017-02-01,3.9,-4.9
762,USW00014819,"CHICAGO MIDWAY AIRPORT, IL US",41.78412,-87.75514,2017-02-02,2017-02-02,-3.8,-9.3
763,USW00014819,"CHICAGO MIDWAY AIRPORT, IL US",41.78412,-87.75514,2017-02-03,2017-02-03,-1.6,-9.3
764,USW00014819,"CHICAGO MIDWAY AIRPORT, IL US",41.78412,-87.75514,2017-02-04,2017-02-04,1.1,-8.8
765,USW00014819,"CHICAGO MIDWAY AIRPORT, IL US",41.78412,-87.75514,2017-02-05,2017-02-05,5,-1.6
766,USW00014819,"CHICAGO MIDWAY AIRPORT, IL US",41.78412,-87.75514,2017-02-06,2017-02-06,12.8,-2.7
767,USW00014819,"CHICAGO MIDWAY AIRPORT, IL US",41.78412,-87.75514,2017-02-07,2017-02-07,11.7,1.1
768,USW00014819,"CHICAGO MIDWAY AIRPORT, IL US",41.78412,-87.75514,2017-02-08,2017-02-08,1.1,-6.6
769,USW00014819,"CHICAGO MIDWAY AIRPORT, IL US",41.78412,-87.75514,2017-02-09,2017-02-09,-3.8,-9.9
770,USW00014819,"CHICAGO MIDWAY AIRPORT, IL US",41.78412,-87.75514,2017-02-10,2017-02-10,6.7,-7.7
771,USW00014819,"CHICAGO MIDWAY AIRPORT, IL US",41.78412,-87.75514,2017-02-11,2017-02-11,11.1,3.3
772,USW00014819,"CHICAGO MIDWAY AIRPORT, IL US",41.78412,-87.75514,2017-02-12,2017-02-12,9.4,0
773,USW00014819,"CHICAGO MIDWAY AIRPORT, IL US",41.78412,-87.75514,2017-02-13,2017-02-13,7.2,-2.7
774,USW00014819,"CHICAGO MIDWAY AIRPORT, IL US",41.78412,-87.75514,2017-02-14,2017-02-14,10.6,1.1
775,USW00014819,"CHICAGO MIDWAY AIRPORT, IL US",41.78412,-87.75514,2017-02-15,2017-02-15,2.2,-2.1
776,USW00014819,"CHICAGO MIDWAY AIRPORT, IL US",41.78412,-87.75514,2017-02-16,2017-02-16,5.6,-0.5
777,USW00014819,"CHICAGO MIDWAY AIRPORT, IL US",41.78412,-87.75514,2017-02-17,2017-02-17,19.4,0
778,USW00014819,"CHICAGO MIDWAY AIRPORT, IL US",41.78412,-87.75514,2017-02-18,2017-02-18,21.1,7.2
779,USW00014819,"CHICAGO MIDWAY AIRPORT, IL US",41.78412,-87.75514,2017-02-19,2017-02-19,19.4,3.3
780,USW00014819,"CHICAGO MIDWAY AIRPORT, IL US",41.78412,-87.75514,2017-02-20,2017-02-20,20.6,7.8
781,USW00014819,"CHICAGO MIDWAY AIRPORT, IL US",41.78412,-87.75514,2017-02-21,2017-02-21,18.3,11.7
782,USW00014819,"CHICAGO MIDWAY AIRPORT, IL US",41.78412,-87.75514,2017-02-22,2017-02-22,19.4,11.1
783,USW00014819,"CHICAGO MIDWAY AIRPORT, IL US",41.78412,-87.75514,2017-02-23,2017-02-23,15,3.3
784,USW00014819,"CHICAGO MIDWAY AIRPORT, IL US",41.78412,-87.75514,2017-02-24,2017-02-24,6.7,0.6
785,USW00014819,"CHICAGO MIDWAY AIRPORT, IL US",41.78412,-87.75514,2017-02-25,2017-02-25,0.6,-4.9
786,USW00014819,"CHICAGO MIDWAY AIRPORT, IL US",41.78412,-87.75514,2017-02-26,2017-02-26,9.4,-4.3
787,USW00014819,"CHICAGO MIDWAY AIRPORT, IL US",41.78412,-87.75514,2017-02-27,2017-02-27,12.2,0.6
788,USW00014819,"CHICAGO MIDWAY AIRPORT, IL US",41.78412,-87.75514,2017-02-28,2017-02-28,15,8.3
789,USW00014819,"CHICAGO MIDWAY AIRPORT, IL US",41.78412,-87.75514,2017-03-01,2017-03-01,12.2,0
790,USW00014819,"CHICAGO MIDWAY AIRPORT, IL US",41.78412,-87.75514,2017-03-02,2017-03-02,2.2,-2.7
791,USW00014819,"CHICAGO MIDWAY AIRPORT, IL US",41.78412,-87.75514,2017-03-03,2017-03-03,0.6,-6
792,USW00014819,"CHICAGO MIDWAY AIRPORT, IL US",41.78412,-87.75514,2017-03-04,2017-03-04,5.6,-1.6
793,USW00014819,"CHICAGO MIDWAY AIRPORT, IL US",41.78412,-87.75514,2017-03-05,2017-03-05,16.1,0.6
794,USW00014819,"CHICAGO MIDWAY AIRPORT, IL US",41.78412,-87.75514,2017-03-06,2017-03-06,17.8,11.1
795,USW00014819,"CHICAGO MIDWAY AIRPORT, IL US",41.78412,-87.75514,2017-03-07,2017-03-07,17.8,6.7
796,USW00014819,"CHICAGO MIDWAY AIRPORT, IL US",41.78412,-87.75514,2017-03-08,2017-03-08,11.1,4.4
797,USW00014819,"CHICAGO MIDWAY AIRPORT, IL US",41.78412,-87.75514,2017-03-09,2017-03-09,5,1.1
798,USW00014819,"CHICAGO MIDWAY AIRPORT, IL US",41.78412,-87.75514,2017-03-10,2017-03-10,2.8,-4.9
799,USW00014819,"CHICAGO MIDWAY AIRPORT, IL US",41.78412,-87.75514,2017-03-11,2017-03-11,-1,-7.7
800,USW00014819,"CHICAGO MIDWAY AIRPORT, IL US",41.78412,-87.75514,2017-03-12,2017-03-12,2.2,-6.6
801,USW00014819,"CHICAGO MIDWAY AIRPORT, IL US",41.78412,-87.75514,2017-03-13,2017-03-13,-0.6,-3.2
802,USW00014819,"CHICAGO MIDWAY AIRPORT, IL US",41.78412,-87.75514,2017-03-14,2017-03-14,-1.6,-6.6
803,USW00014819,"CHICAGO MIDWAY AIRPORT, IL US",41.78412,-87.75514,2017-03-15,2017-03-15,0.6,-8.2
804,USW00014819,"CHICAGO MIDWAY AIRPORT, IL US",41.78412,-87.75514,2017-03-16,2017-03-16,5.6,-7.1
805,USW00014819,"CHICAGO MIDWAY AIRPORT, IL US",41.78412,-87.75514,2017-03-17,2017-03-17,10,1.7
806,USW00014819,"CHICAGO MIDWAY AIRPORT, IL US",41.78412,-87.75514,2017-03-18,2017-03-18,7.2,2.2
807,USW00014819,"CHICAGO MIDWAY AIRPORT, IL US",41.78412,-87.75514,2017-03-19,2017-03-19,11.7,-0.5
808,USW00014819,"CHICAGO MIDWAY AIRPORT, IL US",41.78412,-87.75514,2017-03-20,2017-03-20,12.2,5
809,USW00014819,"CHICAGO MIDWAY AIRPORT, IL US",41.78412,-87.75514,2017-03-21,2017-03-21,12.8,0.6
810,USW00014819,"CHICAGO MIDWAY AIRPORT, IL US",41.78412,-87.75514,2017-03-22,2017-03-22,1.7,-1.6
811,USW00014819,"CHICAGO MIDWAY AIRPORT, IL US",41.78412,-87.75514,2017-03-23,2017-03-23,10.6,0
812,USW00014819,"CHICAGO MIDWAY AIRPORT, IL US",41.78412,-87.75514,2017-03-24,2017-03-24,27.8,5
813,USW00014819,"CHICAGO MIDWAY AIRPORT, IL US",41.78412,-87.75514,2017-03-25,2017-03-25,9.4,4.4
814,USW00014819,"CHICAGO MIDWAY AIRPORT, IL US",41.78412,-87.75514,2017-03-26,2017-03-26,16.7,8.9
815,USW00014819,"CHICAGO MIDWAY AIRPORT, IL US",41.78412,-87.75514,2017-03-27,2017-03-27,10.6,5.6
816,USW00014819,"CHICAGO MIDWAY AIRPORT, IL US",41.78412,-87.75514,2017-03-28,2017-03-28,8.3,2.8
817,USW00014819,"CHICAGO MIDWAY AIRPORT, IL US",41.78412,-87.75514,2017-03-29,2017-03-29,9.4,2.2
818,USW00014819,"CHICAGO MIDWAY AIRPORT, IL US",41.78412,-87.75514,2017-03-30,2017-03-30,7.8,3.9
819,USW00014819,"CHICAGO MIDWAY AIRPORT, IL US",41.78412,-87.75514,2017-03-31,2017-03-31,5,2.8
820,USW00014819,"CHICAGO MIDWAY AIRPORT, IL US",41.78412,-87.75514,2017-04-01,2017-04-01,13.3,0.6
821,USW00014819,"CHICAGO MIDWAY AIRPORT, IL US",41.78412,-87.75514,2017-04-02,2017-04-02,15.6,5.6
822,USW00014819,"CHICAGO MIDWAY AIRPORT, IL US",41.78412,-87.75514,2017-04-03,2017-04-03,11.1,7.8
823,USW00014819,"CHICAGO MIDWAY AIRPORT, IL US",41.78412,-87.75514,2017-04-04,2017-04-04,13.3,7.8
824,USW00014819,"CHICAGO MIDWAY AIRPORT, IL US",41.78412,-87.75514,2017-04-05,2017-04-05,8.9,3.9
825,USW00014819,"CHICAGO MIDWAY AIRPORT, IL US",41.78412,-87.75514,2017-04-06,2017-04-06,11.1,3.3
826,USW00014819,"CHICAGO MIDWAY AIRPORT, IL US",41.78412,-87.75514,2017-04-07,2017-04-07,12.2,2.8
827,USW00014819,"CHICAGO MIDWAY AIRPORT, IL US",41.78412,-87.75514,2017-04-08,2017-04-08,19.4,4.4
828,USW00014819,"CHICAGO MIDWAY AIRPORT, IL US",41.78412,-87.75514,2017-04-09,2017-04-09,25,13.9
829,USW00014819,"CHICAGO MIDWAY AIRPORT, IL US",41.78412,-87.75514,2017-04-10,2017-04-10,25.6,5.6
830,USW00014819,"CHICAGO MIDWAY AIRPORT, IL US",41.78412,-87.75514,2017-04-11,2017-04-11,12.8,5.6
831,USW00014819,"CHICAGO MIDWAY AIRPORT, IL US",41.78412,-87.75514,2017-04-12,2017-04-12,13.9,3.9
832,USW00014819,"CHICAGO MIDWAY AIRPORT, IL US",41.78412,-87.75514,2017-04-13,2017-04-13,16.7,7.2
833,USW00014819,"CHICAGO MIDWAY AIRPORT, IL US",41.78412,-87.75514,2017-04-14,2017-04-14,20.6,7.8
834,USW00014819,"CHICAGO MIDWAY AIRPORT, IL US",41.78412,-87.75514,2017-04-15,2017-04-15,27.8,17.2
835,USW00014819,"CHICAGO MIDWAY AIRPORT, IL US",41.78412,-87.75514,2017-04-16,2017-04-16,23.3,13.9
836,USW00014819,"CHICAGO MIDWAY AIRPORT, IL US",41.78412,-87.75514,2017-04-17,2017-04-17,20.6,7.2
837,USW00014819,"CHICAGO MIDWAY AIRPORT, IL US",41.78412,-87.75514,2017-04-18,2017-04-18,25,6.7
838,USW00014819,"CHICAGO MIDWAY AIRPORT, IL US",41.78412,-87.75514,2017-04-19,2017-04-19,21.1,7.8
839,USW00014819,"CHICAGO MIDWAY AIRPORT, IL US",41.78412,-87.75514,2017-04-20,2017-04-20,23.9,10
840,USW00014819,"CHICAGO MIDWAY AIRPORT, IL US",41.78412,-87.75514,2017-04-21,2017-04-21,11.1,7.2
841,USW00014819,"CHICAGO MIDWAY AIRPORT, IL US",41.78412,-87.75514,2017-04-22,2017-04-22,14.4,6.7
842,USW00014819,"CHICAGO MIDWAY AIRPORT, IL US",41.78412,-87.75514,2017-04-23,2017-04-23,20.6,3.9
843,USW00014819,"CHICAGO MIDWAY AIRPORT, IL US",41.78412,-87.75514,2017-04-24,2017-04-24,22.2,5.6
844,USW00014819,"CHICAGO MIDWAY AIRPORT, IL US",41.78412,-87.75514,2017-04-25,2017-04-25,26.7,13.9
845,USW00014819,"CHICAGO MIDWAY AIRPORT, IL US",41.78412,-87.75514,2017-04-26,2017-04-26,25,16.1
846,USW00014819,"CHICAGO MIDWAY AIRPORT, IL US",41.78412,-87.75514,2017-04-27,2017-04-27,16.1,6.1
847,USW00014819,"CHICAGO MIDWAY AIRPORT, IL US",41.78412,-87.75514,2017-04-28,2017-04-28,15,5.6
848,USW00014819,"CHICAGO MIDWAY AIRPORT, IL US",41.78412,-87.75514,2017-04-29,2017-04-29,8.3,5
849,USW00014819,"CHICAGO MIDWAY AIRPORT, IL US",41.78412,-87.75514,2017-04-30,2017-04-30,11.1,6.7
850,USW00014819,"CHICAGO MIDWAY AIRPORT, IL US",41.78412,-87.75514,2017-05-01,2017-05-01,14.4,7.2
851,USW00014819,"CHICAGO MIDWAY AIRPORT, IL US",41.78412,-87.75514,2017-05-02,2017-05-02,10.6,5.6
852,USW00014819,"CHICAGO MIDWAY AIRPORT, IL US",41.78412,-87.75514,2017-05-03,2017-05-03,13.3,3.3
853,USW00014819,"CHICAGO MIDWAY AIRPORT, IL US",41.78412,-87.75514,2017-05-04,2017-05-04,11.1,7.8
854,USW00014819,"CHICAGO MIDWAY AIRPORT, IL US",41.78412,-87.75514,2017-05-05,2017-05-05,14.4,6.1
855,USW00014819,"CHICAGO MIDWAY AIRPORT, IL US",41.78412,-87.75514,2017-05-06,2017-05-06,13.9,6.7
856,USW00014819,"CHICAGO MIDWAY AIRPORT, IL US",41.78412,-87.75514,2017-05-07,2017-05-07,14.4,3.3
857,USW00014819,"CHICAGO MIDWAY AIRPORT, IL US",41.78412,-87.75514,2017-05-08,2017-05-08,12.8,3.9
858,USW00014819,"CHICAGO MIDWAY AIRPORT, IL US",41.78412,-87.75514,2017-05-09,2017-05-09,15.6,6.1
859,USW00014819,"CHICAGO MIDWAY AIRPORT, IL US",41.78412,-87.75514,2017-05-10,2017-05-10,18.3,10
860,USW00014819,"CHICAGO MIDWAY AIRPORT, IL US",41.78412,-87.75514,2017-05-11,2017-05-11,17.2,9.4
861,USW00014819,"CHICAGO MIDWAY AIRPORT, IL US",41.78412,-87.75514,2017-05-12,2017-05-12,21.7,8.3
862,USW00014819,"CHICAGO MIDWAY AIRPORT, IL US",41.78412,-87.75514,2017-05-13,2017-05-13,27.2,8.9
863,USW00014819,"CHICAGO MIDWAY AIRPORT, IL US",41.78412,-87.75514,2017-05-14,2017-05-14,21.7,11.7
864,USW00014819,"CHICAGO MIDWAY AIRPORT, IL US",41.78412,-87.75514,2017-05-15,2017-05-15,29.4,10.6
865,USW00014819,"CHICAGO MIDWAY AIRPORT, IL US",41.78412,-87.75514,2017-05-16,2017-05-16,31.7,19.4
866,USW00014819,"CHICAGO MIDWAY AIRPORT, IL US",41.78412,-87.75514,2017-05-17,2017-05-17,30,18.3
867,USW00014819,"CHICAGO MIDWAY AIRPORT, IL US",41.78412,-87.75514,2017-05-18,2017-05-18,26.7,10
868,USW00014819,"CHICAGO MIDWAY AIRPORT, IL US",41.78412,-87.75514,2017-05-19,2017-05-19,10,6.7
869,USW00014819,"CHICAGO MIDWAY AIRPORT, IL US",41.78412,-87.75514,2017-05-20,2017-05-20,20,10
870,USW00014819,"CHICAGO MIDWAY AIRPORT, IL US",41.78412,-87.75514,2017-05-21,2017-05-21,18.9,11.1
871,USW00014819,"CHICAGO MIDWAY AIRPORT, IL US",41.78412,-87.75514,2017-05-22,2017-05-22,23.9,9.4
872,USW00014819,"CHICAGO MIDWAY AIRPORT, IL US",41.78412,-87.75514,2017-05-23,2017-05-23,18.3,13.9
873,USW00014819,"CHICAGO MIDWAY AIRPORT, IL US",41.78412,-87.75514,2017-05-24,2017-05-24,16.1,11.1
874,USW00014819,"CHICAGO MIDWAY AIRPORT, IL US",41.78412,-87.75514,2017-05-25,2017-05-25,21.1,12.2
875,USW00014819,"CHICAGO MIDWAY AIRPORT, IL US",41.78412,-87.75514,2017-05-26,2017-05-26,21.7,11.1
876,USW00014819,"CHICAGO MIDWAY AIRPORT, IL US",41.78412,-87.75514,2017-05-27,2017-05-27,23.9,13.3
877,USW00014819,"CHICAGO MIDWAY AIRPORT, IL US",41.78412,-87.75514,2017-05-28,2017-05-28,25,15
878,USW00014819,"CHICAGO MIDWAY AIRPORT, IL US",41.78412,-87.75514,2017-05-29,2017-05-29,25.6,16.1
879,USW00014819,"CHICAGO MIDWAY AIRPORT, IL US",41.78412,-87.75514,2017-05-30,2017-05-30,23.3,13.3
880,USW00014819,"CHICAGO MIDWAY AIRPORT, IL US",41.78412,-87.75514,2017-05-31,2017-05-31,23.3,12.2
881,USW00014819,"CHICAGO MIDWAY AIRPORT, IL US",41.78412,-87.75514,2017-06-01,2017-06-01,26.1,12.8
882,USW00014819,"CHICAGO MIDWAY AIRPORT, IL US",41.78412,-87.75514,2017-06-02,2017-06-02,29.4,14.4
883,USW00014819,"CHICAGO MIDWAY AIRPORT, IL US",41.78412,-87.75514,2017-06-03,2017-06-03,30,17.2
884,USW00014819,"CHICAGO MIDWAY AIRPORT, IL US",41.78412,-87.75514,2017-06-04,2017-06-04,32.8,21.1
885,USW00014819,"CHICAGO MIDWAY AIRPORT, IL US",41.78412,-87.75514,2017-06-05,2017-06-05,25.6,15
886,USW00014819,"CHICAGO MIDWAY AIRPORT, IL US",41.78412,-87.75514,2017-06-06,2017-06-06,23.9,12.8
887,USW00014819,"CHICAGO MIDWAY AIRPORT, IL US",41.78412,-87.75514,2017-06-07,2017-06-07,24.4,14.4
888,USW00014819,"CHICAGO MIDWAY AIRPORT, IL US",41.78412,-87.75514,2017-06-08,2017-06-08,28.3,13.9
889,USW00014819,"CHICAGO MIDWAY AIRPORT, IL US",41.78412,-87.75514,2017-06-09,2017-06-09,31.7,18.9
890,USW00014819,"CHICAGO MIDWAY AIRPORT, IL US",41.78412,-87.75514,2017-06-10,2017-06-10,32.8,20
891,USW00014819,"CHICAGO MIDWAY AIRPORT, IL US",41.78412,-87.75514,2017-06-11,2017-06-11,34.4,21.7
892,USW00014819,"CHICAGO MIDWAY AIRPORT, IL US",41.78412,-87.75514,2017-06-12,2017-06-12,35,23.3
893,USW00014819,"CHICAGO MIDWAY AIRPORT, IL US",41.78412,-87.75514,2017-06-13,2017-06-13,31.7,21.7
894,USW00014819,"CHICAGO MIDWAY AIRPORT, IL US",41.78412,-87.75514,2017-06-14,2017-06-14,32.2,20
895,USW00014819,"CHICAGO MIDWAY AIRPORT, IL US",41.78412,-87.75514,2017-06-15,2017-06-15,32.8,21.1
896,USW00014819,"CHICAGO MIDWAY AIRPORT, IL US",41.78412,-87.75514,2017-06-16,2017-06-16,30,19.4
897,USW00014819,"CHICAGO MIDWAY AIRPORT, IL US",41.78412,-87.75514,2017-06-17,2017-06-17,31.1,22.8
898,USW00014819,"CHICAGO MIDWAY AIRPORT, IL US",41.78412,-87.75514,2017-06-18,2017-06-18,26.7,21.1
899,USW00014819,"CHICAGO MIDWAY AIRPORT, IL US",41.78412,-87.75514,2017-06-19,2017-06-19,26.1,16.1
900,USW00014819,"CHICAGO MIDWAY AIRPORT, IL US",41.78412,-87.75514,2017-06-20,2017-06-20,26.7,15
901,USW00014819,"CHICAGO MIDWAY AIRPORT, IL US",41.78412,-87.75514,2017-06-21,2017-06-21,26.1,13.9
902,USW00014819,"CHICAGO MIDWAY AIRPORT, IL US",41.78412,-87.75514,2017-06-22,2017-06-22,31.7,23.3
903,USW00014819,"CHICAGO MIDWAY AIRPORT, IL US",41.78412,-87.75514,2017-06-23,2017-06-23,28.3,19.4
904,USW00014819,"CHICAGO MIDWAY AIRPORT, IL US",41.78412,-87.75514,2017-06-24,2017-06-24,23.9,16.7
905,USW00014819,"CHICAGO MIDWAY AIRPORT, IL US",41.78412,-87.75514,2017-06-25,2017-06-25,22.8,13.3
906,USW00014819,"CHICAGO MIDWAY AIRPORT, IL US",41.78412,-87.75514,2017-06-26,2017-06-26,23.3,12.8
907,USW00014819,"CHICAGO MIDWAY AIRPORT, IL US",41.78412,-87.75514,2017-06-27,2017-06-27,25,12.2
908,USW00014819,"CHICAGO MIDWAY AIRPORT, IL US",41.78412,-87.75514,2017-06-28,2017-06-28,28.3,17.2
909,USW00014819,"CHICAGO MIDWAY AIRPORT, IL US",41.78412,-87.75514,2017-06-29,2017-06-29,28.3,20
910,USW00014819,"CHICAGO MIDWAY AIRPORT, IL US",41.78412,-87.75514,2017-06-30,2017-06-30,28.3,19.4
911,USW00014819,"CHICAGO MIDWAY AIRPORT, IL US",41.78412,-87.75514,2017-07-01,2017-07-01,28.3,20
912,USW00014819,"CHICAGO MIDWAY AIRPORT, IL US",41.78412,-87.75514,2017-07-02,2017-07-02,31.7,16.7
913,USW00014819,"CHICAGO MIDWAY AIRPORT, IL US",41.78412,-87.75514,2017-07-03,2017-07-03,27.8,20.6
914,USW00014819,"CHICAGO MIDWAY AIRPORT, IL US",41.78412,-87.75514,2017-07-04,2017-07-04,28.9,20
915,USW00014819,"CHICAGO MIDWAY AIRPORT, IL US",41.78412,-87.75514,2017-07-05,2017-07-05,30.6,21.7
916,USW00014819,"CHICAGO MIDWAY AIRPORT, IL US",41.78412,-87.75514,2017-07-06,2017-07-06,33.3,22.2
917,USW00014819,"CHICAGO MIDWAY AIRPORT, IL US",41.78412,-87.75514,2017-07-07,2017-07-07,31.1,19.4
918,USW00014819,"CHICAGO MIDWAY AIRPORT, IL US",41.78412,-87.75514,2017-07-08,2017-07-08,25.6,17.8
919,USW00014819,"CHICAGO MIDWAY AIRPORT, IL US",41.78412,-87.75514,2017-07-09,2017-07-09,30.6,16.1
920,USW00014819,"CHICAGO MIDWAY AIRPORT, IL US",41.78412,-87.75514,2017-07-10,2017-07-10,29.4,20
921,USW00014819,"CHICAGO MIDWAY AIRPORT, IL US",41.78412,-87.75514,2017-07-11,2017-07-11,30,22.2
922,USW00014819,"CHICAGO MIDWAY AIRPORT, IL US",41.78412,-87.75514,2017-07-12,2017-07-12,26.7,20.6
923,USW00014819,"CHICAGO MIDWAY AIRPORT, IL US",41.78412,-87.75514,2017-07-13,2017-07-13,28.9,22.2
924,USW00014819,"CHICAGO MIDWAY AIRPORT, IL US",41.78412,-87.75514,2017-07-14,2017-07-14,23.9,17.8
925,USW00014819,"CHICAGO MIDWAY AIRPORT, IL US",41.78412,-87.75514,2017-07-15,2017-07-15,28.3,16.1
926,USW00014819,"CHICAGO MIDWAY AIRPORT, IL US",41.78412,-87.75514,2017-07-16,2017-07-16,27.2,18.3
927,USW00014819,"CHICAGO MIDWAY AIRPORT, IL US",41.78412,-87.75514,2017-07-17,2017-07-17,26.1,14.4
928,USW00014819,"CHICAGO MIDWAY AIRPORT, IL US",41.78412,-87.75514,2017-07-19,2017-07-19,31.7,21.7
929,USW00014819,"CHICAGO MIDWAY AIRPORT, IL US",41.78412,-87.75514,2017-07-20,2017-07-20,31.7,21.1
930,USW00014819,"CHICAGO MIDWAY AIRPORT, IL US",41.78412,-87.75514,2017-07-21,2017-07-21,31.7,22.8
931,USW00014819,"CHICAGO MIDWAY AIRPORT, IL US",41.78412,-87.75514,2017-07-22,2017-07-22,30.6,22.2
932,USW00014819,"CHICAGO MIDWAY AIRPORT, IL US",41.78412,-87.75514,2017-07-23,2017-07-23,32.8,21.7
933,USW00014819,"CHICAGO MIDWAY AIRPORT, IL US",41.78412,-87.75514,2017-07-24,2017-07-24,23.9,20
934,USW00014819,"CHICAGO MIDWAY AIRPORT, IL US",41.78412,-87.75514,2017-07-25,2017-07-25,27.8,18.9
935,USW00014819,"CHICAGO MIDWAY AIRPORT, IL US",41.78412,-87.75514,2017-07-26,2017-07-26,29.4,20
936,USW00014819,"CHICAGO MIDWAY AIRPORT, IL US",41.78412,-87.75514,2017-07-27,2017-07-27,27.8,22.2
937,USW00014819,"CHICAGO MIDWAY AIRPORT, IL US",41.78412,-87.75514,2017-07-28,2017-07-28,26.1,21.1
938,USW00014819,"CHICAGO MIDWAY AIRPORT, IL US",41.78412,-87.75514,2017-07-29,2017-07-29,25.6,18.3
939,USW00014819,"CHICAGO MIDWAY AIRPORT, IL US",41.78412,-87.75514,2017-07-30,2017-07-30,28.9,17.8
940,USW00014819,"CHICAGO MIDWAY AIRPORT, IL US",41.78412,-87.75514,2017-07-31,2017-07-31,30,20
941,USW00014819,"CHICAGO MIDWAY AIRPORT, IL US",41.78412,-87.75514,2017-08-01,2017-08-01,30,21.7
942,USW00014819,"CHICAGO MIDWAY AIRPORT, IL US",41.78412,-87.75514,2017-08-02,2017-08-02,30.6,20
943,USW00014819,"CHICAGO MIDWAY AIRPORT, IL US",41.78412,-87.75514,2017-08-03,2017-08-03,30,17.2
944,USW00014819,"CHICAGO MIDWAY AIRPORT, IL US",41.78412,-87.75514,2017-08-04,2017-08-04,20,13.3
945,USW00014819,"CHICAGO MIDWAY AIRPORT, IL US",41.78412,-87.75514,2017-08-05,2017-08-05,26.1,15
946,USW00014819,"CHICAGO MIDWAY AIRPORT, IL US",41.78412,-87.75514,2017-08-06,2017-08-06,25,18.9
947,USW00014819,"CHICAGO MIDWAY AIRPORT, IL US",41.78412,-87.75514,2017-08-07,2017-08-07,25,15.6
948,USW00014819,"CHICAGO MIDWAY AIRPORT, IL US",41.78412,-87.75514,2017-08-08,2017-08-08,28.9,15
949,USW00014819,"CHICAGO MIDWAY AIRPORT, IL US",41.78412,-87.75514,2017-08-09,2017-08-09,28.3,17.8
950,USW00014819,"CHICAGO MIDWAY AIRPORT, IL US",41.78412,-87.75514,2017-08-10,2017-08-10,29.4,18.3
951,USW00014819,"CHICAGO MIDWAY AIRPORT, IL US",41.78412,-87.75514,2017-08-11,2017-08-11,26.7,18.9
952,USW00014819,"CHICAGO MIDWAY AIRPORT, IL US",41.78412,-87.75514,2017-08-12,2017-08-12,24.4,16.1
953,USW00014819,"CHICAGO MIDWAY AIRPORT, IL US",41.78412,-87.75514,2017-08-13,2017-08-13,25,15
954,USW00014819,"CHICAGO MIDWAY AIRPORT, IL US",41.78412,-87.75514,2017-08-14,2017-08-14,28.9,18.3
955,USW00014819,"CHICAGO MIDWAY AIRPORT, IL US",41.78412,-87.75514,2017-08-15,2017-08-15,28.9,20
956,USW00014819,"CHICAGO MIDWAY AIRPORT, IL US",41.78412,-87.75514,2017-08-17,2017-08-17,28.9,22.8
957,USW00014819,"CHICAGO MIDWAY AIRPORT, IL US",41.78412,-87.75514,2017-08-18,2017-08-18,28.3,19.4
958,USW00014819,"CHICAGO MIDWAY AIRPORT, IL US",41.78412,-87.75514,2017-08-19,2017-08-19,27.8,17.8
959,USW00014819,"CHICAGO MIDWAY AIRPORT, IL US",41.78412,-87.75514,2017-08-20,2017-08-20,31.7,19.4
960,USW00014819,"CHICAGO MIDWAY AIRPORT, IL US",41.78412,-87.75514,2017-08-21,2017-08-21,30.6,22.2
961,USW00014819,"CHICAGO MIDWAY AIRPORT, IL US",41.78412,-87.75514,2017-08-22,2017-08-22,27.2,17.8
962,USW00014819,"CHICAGO MIDWAY AIRPORT, IL US",41.78412,-87.75514,2017-08-23,2017-08-23,25.6,15.6
963,USW00014819,"CHICAGO MIDWAY AIRPORT, IL US",41.78412,-87.75514,2017-08-24,2017-08-24,24.4,15
964,USW00014819,"CHICAGO MIDWAY AIRPORT, IL US",41.78412,-87.75514,2017-08-25,2017-08-25,22.8,11.7
965,USW00014819,"CHICAGO MIDWAY AIRPORT, IL US",41.78412,-87.75514,2017-08-26,2017-08-26,25.6,15
966,USW00014819,"CHICAGO MIDWAY AIRPORT, IL US",41.78412,-87.75514,2017-08-27,2017-08-27,26.1,17.8
967,USW00014819,"CHICAGO MIDWAY AIRPORT, IL US",41.78412,-87.75514,2017-08-28,2017-08-28,25.6,18.9
968,USW00014819,"CHICAGO MIDWAY AIRPORT, IL US",41.78412,-87.75514,2017-08-29,2017-08-29,24.4,17.2
969,USW00014819,"CHICAGO MIDWAY AIRPORT, IL US",41.78412,-87.75514,2017-08-30,2017-08-30,27.2,16.1
970,USW00014819,"CHICAGO MIDWAY AIRPORT, IL US",41.78412,-87.75514,2017-08-31,2017-08-31,23.3,18.9
971,USW00014819,"CHICAGO MIDWAY AIRPORT, IL US",41.78412,-87.75514,2017-09-01,2017-09-01,20.6,14.4
972,USW00014819,"CHICAGO MIDWAY AIRPORT, IL US",41.78412,-87.75514,2017-09-02,2017-09-02,23.3,10
973,USW00014819,"CHICAGO MIDWAY AIRPORT, IL US",41.78412,-87.75514,2017-09-03,2017-09-03,28.9,13.9
974,USW00014819,"CHICAGO MIDWAY AIRPORT, IL US",41.78412,-87.75514,2017-09-04,2017-09-04,28.9,18.3
975,USW00014819,"CHICAGO MIDWAY AIRPORT, IL US",41.78412,-87.75514,2017-09-05,2017-09-05,22.2,12.8
976,USW00014819,"CHICAGO MIDWAY AIRPORT, IL US",41.78412,-87.75514,2017-09-06,2017-09-06,19.4,10
977,USW00014819,"CHICAGO MIDWAY AIRPORT, IL US",41.78412,-87.75514,2017-09-07,2017-09-07,21.1,11.7
978,USW00014819,"CHICAGO MIDWAY AIRPORT, IL US",41.78412,-87.75514,2017-09-08,2017-09-08,22.2,15
979,USW00014819,"CHICAGO MIDWAY AIRPORT, IL US",41.78412,-87.75514,2017-09-09,2017-09-09,21.7,13.9
980,USW00014819,"CHICAGO MIDWAY AIRPORT, IL US",41.78412,-87.75514,2017-09-10,2017-09-10,21.1,11.7
981,USW00014819,"CHICAGO MIDWAY AIRPORT, IL US",41.78412,-87.75514,2017-09-11,2017-09-11,23.3,12.8
982,USW00014819,"CHICAGO MIDWAY AIRPORT, IL US",41.78412,-87.75514,2017-09-12,2017-09-12,27.2,14.4
983,USW00014819,"CHICAGO MIDWAY AIRPORT, IL US",41.78412,-87.75514,2017-09-13,2017-09-13,24.4,17.8
984,USW00014819,"CHICAGO MIDWAY AIRPORT, IL US",41.78412,-87.75514,2017-09-14,2017-09-14,26.7,15
985,USW00014819,"CHICAGO MIDWAY AIRPORT, IL US",41.78412,-87.75514,2017-09-15,2017-09-15,31.1,17.8
986,USW00014819,"CHICAGO MIDWAY AIRPORT, IL US",41.78412,-87.75514,2017-09-16,2017-09-16,31.1,19.4
987,USW00014819,"CHICAGO MIDWAY AIRPORT, IL US",41.78412,-87.75514,2017-09-17,2017-09-17,31.1,18.9
988,USW00014819,"CHICAGO MIDWAY AIRPORT, IL US",41.78412,-87.75514,2017-09-18,2017-09-18,24.4,15
989,USW00014819,"CHICAGO MIDWAY AIRPORT, IL US",41.78412,-87.75514,2017-09-19,2017-09-19,25.6,18.9
990,USW00014819,"CHICAGO MIDWAY AIRPORT, IL US",41.78412,-87.75514,2017-09-20,2017-09-20,33.3,18.9
991,USW00014819,"CHICAGO MIDWAY AIRPORT, IL US",41.78412,-87.75514,2017-09-21,2017-09-21,35,23.3
992,USW00014819,"CHICAGO MIDWAY AIRPORT, IL US",41.78412,-87.75514,2017-09-22,2017-09-22,35,23.9
993,USW00014819,"CHICAGO MIDWAY AIRPORT, IL US",41.78412,-87.75514,2017-09-23,2017-09-23,35,23.9
994,USW00014819,"CHICAGO MIDWAY AIRPORT, IL US",41.78412,-87.75514,2017-09-24,2017-09-24,33.3,22.8
995,USW00014819,"CHICAGO MIDWAY AIRPORT, IL US",41.78412,-87.75514,2017-09-25,2017-09-25,33.3,21.7
996,USW00014819,"CHICAGO MIDWAY AIRPORT, IL US",41.78412,-87.75514,2017-09-26,2017-09-26,33.9,22.2
997,USW00014819,"CHICAGO MIDWAY AIRPORT, IL US",41.78412,-87.75514,2017-09-27,2017-09-27,22.8,14.4
998,USW00014819,"CHICAGO MIDWAY AIRPORT, IL US",41.78412,-87.75514,2017-09-28,2017-09-28,22.8,12.2
999,USW00014819,"CHICAGO MIDWAY AIRPORT, IL US",41.78412,-87.75514,2017-09-29,2017-09-29,21.1,15.6
1000,USW00014819,"CHICAGO MIDWAY AIRPORT, IL US",41.78412,-87.75514,2017-09-30,2017-09-30,18.9,13.9
1001,USW00014819,"CHICAGO MIDWAY AIRPORT, IL US",41.78412,-87.75514,2017-10-01,2017-10-01,22.2,11.1
1002,USW00014819,"CHICAGO MIDWAY AIRPORT, IL US",41.78412,-87.75514,2017-10-02,2017-10-02,28.3,16.7
1003,USW00014819,"CHICAGO MIDWAY AIRPORT, IL US",41.78412,-87.75514,2017-10-03,2017-10-03,26.1,19.4
1004,USW00014819,"CHICAGO MIDWAY AIRPORT, IL US",41.78412,-87.75514,2017-10-04,2017-10-04,22.2,16.7
1005,USW00014819,"CHICAGO MIDWAY AIRPORT, IL US",41.78412,-87.75514,2017-10-05,2017-10-05,24.4,13.3
1006,USW00014819,"CHICAGO MIDWAY AIRPORT, IL US",41.78412,-87.75514,2017-10-06,2017-10-06,22.2,16.7
1007,USW00014819,"CHICAGO MIDWAY AIRPORT, IL US",41.78412,-87.75514,2017-10-07,2017-10-07,26.7,16.1
1008,USW00014819,"CHICAGO MIDWAY AIRPORT, IL US",41.78412,-87.75514,2017-10-08,2017-10-08,26.7,13.3
1009,USW00014819,"CHICAGO MIDWAY AIRPORT, IL US",41.78412,-87.75514,2017-10-09,2017-10-09,27.8,12.8
1010,USW00014819,"CHICAGO MIDWAY AIRPORT, IL US",41.78412,-87.75514,2017-10-10,2017-10-10,23.3,15
1011,USW00014819,"CHICAGO MIDWAY AIRPORT, IL US",41.78412,-87.75514,2017-10-11,2017-10-11,17.2,13.9
1012,USW00014819,"CHICAGO MIDWAY AIRPORT, IL US",41.78412,-87.75514,2017-10-12,2017-10-12,15.6,13.9
1013,USW00014819,"CHICAGO MIDWAY AIRPORT, IL US",41.78412,-87.75514,2017-10-13,2017-10-13,23.3,12.2
1014,USW00014819,"CHICAGO MIDWAY AIRPORT, IL US",41.78412,-87.75514,2017-10-14,2017-10-14,20,16.7
1015,USW00014819,"CHICAGO MIDWAY AIRPORT, IL US",41.78412,-87.75514,2017-10-15,2017-10-15,20,8.9
1016,USW00014819,"CHICAGO MIDWAY AIRPORT, IL US",41.78412,-87.75514,2017-10-16,2017-10-16,17.2,6.1
1017,USW00014819,"CHICAGO MIDWAY AIRPORT, IL US",41.78412,-87.75514,2017-10-17,2017-10-17,21.7,9.4
1018,USW00014819,"CHICAGO MIDWAY AIRPORT, IL US",41.78412,-87.75514,2017-10-18,2017-10-18,21.7,10
1019,USW00014819,"CHICAGO MIDWAY AIRPORT, IL US",41.78412,-87.75514,2017-10-19,2017-10-19,20.6,11.7
1020,USW00014819,"CHICAGO MIDWAY AIRPORT, IL US",41.78412,-87.75514,2017-10-20,2017-10-20,26.7,12.2
1021,USW00014819,"CHICAGO MIDWAY AIRPORT, IL US",41.78412,-87.75514,2017-10-21,2017-10-21,25.6,16.7
1022,USW00014819,"CHICAGO MIDWAY AIRPORT, IL US",41.78412,-87.75514,2017-10-22,2017-10-22,22.2,11.1
1023,USW00014819,"CHICAGO MIDWAY AIRPORT, IL US",41.78412,-87.75514,2017-10-23,2017-10-23,12.2,10
1024,USW00014819,"CHICAGO MIDWAY AIRPORT, IL US",41.78412,-87.75514,2017-10-24,2017-10-24,10,5.6
1025,USW00014819,"CHICAGO MIDWAY AIRPORT, IL US",41.78412,-87.75514,2017-10-25,2017-10-25,12.2,3.3
1026,USW00014819,"CHICAGO MIDWAY AIRPORT, IL US",41.78412,-87.75514,2017-10-26,2017-10-26,16.1,3.9
1027,USW00014819,"CHICAGO MIDWAY AIRPORT, IL US",41.78412,-87.75514,2017-10-27,2017-10-27,12.2,2.8
1028,USW00014819,"CHICAGO MIDWAY AIRPORT, IL US",41.78412,-87.75514,2017-10-28,2017-10-28,4.4,2.2
1029,USW00014819,"CHICAGO MIDWAY AIRPORT, IL US",41.78412,-87.75514,2017-10-29,2017-10-29,7.8,0.6
1030,USW00014819,"CHICAGO MIDWAY AIRPORT, IL US",41.78412,-87.75514,2017-10-30,2017-10-30,10.6,3.3
1031,USW00014819,"CHICAGO MIDWAY AIRPORT, IL US",41.78412,-87.75514,2017-10-31,2017-10-31,5,1.7
1032,USW00014819,"CHICAGO MIDWAY AIRPORT, IL US",41.78412,-87.75514,2017-11-01,2017-11-01,7.2,2.8
1033,USW00014819,"CHICAGO MIDWAY AIRPORT, IL US",41.78412,-87.75514,2017-11-02,2017-11-02,11.1,7.2
1034,USW00014819,"CHICAGO MIDWAY AIRPORT, IL US",41.78412,-87.75514,2017-11-03,2017-11-03,10,4.4
1035,USW00014819,"CHICAGO MIDWAY AIRPORT, IL US",41.78412,-87.75514,2017-11-04,2017-11-04,10.6,6.1
1036,USW00014819,"CHICAGO MIDWAY AIRPORT, IL US",41.78412,-87.75514,2017-11-05,2017-11-05,11.7,6.7
1037,USW00014819,"CHICAGO MIDWAY AIRPORT, IL US",41.78412,-87.75514,2017-11-06,2017-11-06,6.7,0.6
1038,USW00014819,"CHICAGO MIDWAY AIRPORT, IL US",41.78412,-87.75514,2017-11-07,2017-11-07,8.9,0.6
1039,USW00014819,"CHICAGO MIDWAY AIRPORT, IL US",41.78412,-87.75514,2017-11-08,2017-11-08,8.3,-1.6
1040,USW00014819,"CHICAGO MIDWAY AIRPORT, IL US",41.78412,-87.75514,2017-11-09,2017-11-09,8.3,-5.5
1041,USW00014819,"CHICAGO MIDWAY AIRPORT, IL US",41.78412,-87.75514,2017-11-10,2017-11-10,-0.5,-6.6
1042,USW00014819,"CHICAGO MIDWAY AIRPORT, IL US",41.78412,-87.75514,2017-11-11,2017-11-11,3.9,-3.2
1043,USW00014819,"CHICAGO MIDWAY AIRPORT, IL US",41.78412,-87.75514,2017-11-12,2017-11-12,5,3.3
1044,USW00014819,"CHICAGO MIDWAY AIRPORT, IL US",41.78412,-87.75514,2017-11-13,2017-11-13,5.6,0
1045,USW00014819,"CHICAGO MIDWAY AIRPORT, IL US",41.78412,-87.75514,2017-11-14,2017-11-14,10,0.6
1046,USW00014819,"CHICAGO MIDWAY AIRPORT, IL US",41.78412,-87.75514,2017-11-15,2017-11-15,11.1,1.1
1047,USW00014819,"CHICAGO MIDWAY AIRPORT, IL US",41.78412,-87.75514,2017-11-16,2017-11-16,3.9,0
1048,USW00014819,"CHICAGO MIDWAY AIRPORT, IL US",41.78412,-87.75514,2017-11-17,2017-11-17,8.9,2.2
1049,USW00014819,"CHICAGO MIDWAY AIRPORT, IL US",41.78412,-87.75514,2017-11-18,2017-11-18,8.9,2.2
1050,USW00014819,"CHICAGO MIDWAY AIRPORT, IL US",41.78412,-87.75514,2017-11-19,2017-11-19,3.3,-1
1051,USW00014819,"CHICAGO MIDWAY AIRPORT, IL US",41.78412,-87.75514,2017-11-20,2017-11-20,12.2,-0.5
1052,USW00014819,"CHICAGO MIDWAY AIRPORT, IL US",41.78412,-87.75514,2017-11-21,2017-11-21,7.2,-2.1
1053,USW00014819,"CHICAGO MIDWAY AIRPORT, IL US",41.78412,-87.75514,2017-11-22,2017-11-22,1.7,-4.9
1054,USW00014819,"CHICAGO MIDWAY AIRPORT, IL US",41.78412,-87.75514,2017-11-23,2017-11-23,8.9,0
1055,USW00014819,"CHICAGO MIDWAY AIRPORT, IL US",41.78412,-87.75514,2017-11-24,2017-11-24,16.7,1.1
1056,USW00014819,"CHICAGO MIDWAY AIRPORT, IL US",41.78412,-87.75514,2017-11-25,2017-11-25,12.8,2.2
1057,USW00014819,"CHICAGO MIDWAY AIRPORT, IL US",41.78412,-87.75514,2017-11-26,2017-11-26,9.4,-2.1
1058,USW00014819,"CHICAGO MIDWAY AIRPORT, IL US",41.78412,-87.75514,2017-11-27,2017-11-27,13.9,2.2
1059,USW00014819,"CHICAGO MIDWAY AIRPORT, IL US",41.78412,-87.75514,2017-11-28,2017-11-28,16.7,7.8
1060,USW00014819,"CHICAGO MIDWAY AIRPORT, IL US",41.78412,-87.75514,2017-11-29,2017-11-29,8.9,1.7
1061,USW00014819,"CHICAGO MIDWAY AIRPORT, IL US",41.78412,-87.75514,2017-11-30,2017-11-30,12.8,3.9
1062,USW00014819,"CHICAGO MIDWAY AIRPORT, IL US",41.78412,-87.75514,2017-12-01,2017-12-01,11.7,-0.5
1063,USW00014819,"CHICAGO MIDWAY AIRPORT, IL US",41.78412,-87.75514,2017-12-02,2017-12-02,12.2,1.7
1064,USW00014819,"CHICAGO MIDWAY AIRPORT, IL US",41.78412,-87.75514,2017-12-03,2017-12-03,14.4,-0.5
1065,USW00014819,"CHICAGO MIDWAY AIRPORT, IL US",41.78412,-87.75514,2017-12-04,2017-12-04,18.3,7.8
1066,USW00014819,"CHICAGO MIDWAY AIRPORT, IL US",41.78412,-87.75514,2017-12-05,2017-12-05,7.8,-2.1
1067,USW00014819,"CHICAGO MIDWAY AIRPORT, IL US",41.78412,-87.75514,2017-12-06,2017-12-06,2.2,-3.2
1068,USW00014819,"CHICAGO MIDWAY AIRPORT, IL US",41.78412,-87.75514,2017-12-07,2017-12-07,-1.6,-7.1
1069,USW00014819,"CHICAGO MIDWAY AIRPORT, IL US",41.78412,-87.75514,2017-12-08,2017-12-08,2.8,-7.7
1070,USW00014819,"CHICAGO MIDWAY AIRPORT, IL US",41.78412,-87.75514,2017-12-09,2017-12-09,0,-6.6
1071,USW00014819,"CHICAGO MIDWAY AIRPORT, IL US",41.78412,-87.75514,2017-12-10,2017-12-10,2.2,-6.6
1072,USW00014819,"CHICAGO MIDWAY AIRPORT, IL US",41.78412,-87.75514,2017-12-11,2017-12-11,4.4,-3.2
1073,USW00014819,"CHICAGO MIDWAY AIRPORT, IL US",41.78412,-87.75514,2017-12-12,2017-12-12,0,-7.7
1074,USW00014819,"CHICAGO MIDWAY AIRPORT, IL US",41.78412,-87.75514,2017-12-13,2017-12-13,3.3,-5.5
1075,USW00014819,"CHICAGO MIDWAY AIRPORT, IL US",41.78412,-87.75514,2017-12-14,2017-12-14,-1,-7.7
1076,USW00014819,"CHICAGO MIDWAY AIRPORT, IL US",41.78412,-87.75514,2017-12-15,2017-12-15,3.3,-6
1077,USW00014819,"CHICAGO MIDWAY AIRPORT, IL US",41.78412,-87.75514,2017-12-16,2017-12-16,8.9,1.1
1078,USW00014819,"CHICAGO MIDWAY AIRPORT, IL US",41.78412,-87.75514,2017-12-17,2017-12-17,8.3,0
1079,USW00014819,"CHICAGO MIDWAY AIRPORT, IL US",41.78412,-87.75514,2017-12-18,2017-12-18,7.2,5
1080,USW00014819,"CHICAGO MIDWAY AIRPORT, IL US",41.78412,-87.75514,2017-12-19,2017-12-19,10.6,2.8
1081,USW00014819,"CHICAGO MIDWAY AIRPORT, IL US",41.78412,-87.75514,2017-12-20,2017-12-20,2.8,-1
1082,USW00014819,"CHICAGO MIDWAY AIRPORT, IL US",41.78412,-87.75514,2017-12-21,2017-12-21,5,1.1
1083,USW00014819,"CHICAGO MIDWAY AIRPORT, IL US",41.78412,-87.75514,2017-12-22,2017-12-22,5,1.7
1084,USW00014819,"CHICAGO MIDWAY AIRPORT, IL US",41.78412,-87.75514,2017-12-23,2017-12-23,1.7,-6
1085,USW00014819,"CHICAGO MIDWAY AIRPORT, IL US",41.78412,-87.75514,2017-12-24,2017-12-24,-4.3,-7.1
1086,USW00014819,"CHICAGO MIDWAY AIRPORT, IL US",41.78412,-87.75514,2017-12-25,2017-12-25,-5.5,-15.5
1087,USW00014819,"CHICAGO MIDWAY AIRPORT, IL US",41.78412,-87.75514,2017-12-26,2017-12-26,-13.8,-18.2
1088,USW00014819,"CHICAGO MIDWAY AIRPORT, IL US",41.78412,-87.75514,2017-12-27,2017-12-27,-13.2,-19.3
1089,USW00014819,"CHICAGO MIDWAY AIRPORT, IL US",41.78412,-87.75514,2017-12-28,2017-12-28,-9.9,-16.6
1090,USW00014819,"CHICAGO MIDWAY AIRPORT, IL US",41.78412,-87.75514,2017-12-29,2017-12-29,-8.8,-12.1
1091,USW00014819,"CHICAGO MIDWAY AIRPORT, IL US",41.78412,-87.75514,2017-12-30,2017-12-30,-9.3,-17.7
1092,USW00014819,"CHICAGO MIDWAY AIRPORT, IL US",41.78412,-87.75514,2017-12-31,2017-12-31,-9.3,-17.7
1093,USC00111550,"CHICAGO NORTHERLY ISLAND, IL US",41.8558,-87.6094,2018-01-01,2018-01-01,-14.4,-20.6
1094,USC00111550,"CHICAGO NORTHERLY ISLAND, IL US",41.8558,-87.6094,2018-01-02,2018-01-02,-13.3,-21.7
1095,USC00111550,"CHICAGO NORTHERLY ISLAND, IL US",41.8558,-87.6094,2018-01-03,2018-01-03,-7.8,-13.3
1096,USC00111550,"CHICAGO NORTHERLY ISLAND, IL US",41.8558,-87.6094,2018-01-04,2018-01-04,-10,-15.6
1097,USC00111550,"CHICAGO NORTHERLY ISLAND, IL US",41.8558,-87.6094,2018-01-05,2018-01-05,-10.6,-16.1
1098,USC00111550,"CHICAGO NORTHERLY ISLAND, IL US",41.8558,-87.6094,2018-01-06,2018-01-06,-7.2,-15.6
1099,USC00111550,"CHICAGO NORTHERLY ISLAND, IL US",41.8558,-87.6094,2018-01-07,2018-01-07,0,-13.3
1100,USC00111550,"CHICAGO NORTHERLY ISLAND, IL US",41.8558,-87.6094,2018-01-08,2018-01-08,2.8,-0.6
1101,USC00111550,"CHICAGO NORTHERLY ISLAND, IL US",41.8558,-87.6094,2018-01-09,2018-01-09,1.7,-2.2
1102,USC00111550,"CHICAGO NORTHERLY ISLAND, IL US",41.8558,-87.6094,2018-01-10,2018-01-10,13.3,-0.6
1103,USC00111550,"CHICAGO NORTHERLY ISLAND, IL US",41.8558,-87.6094,2018-01-11,2018-01-11,15.6,-4.4
1104,USC00111550,"CHICAGO NORTHERLY ISLAND, IL US",41.8558,-87.6094,2018-01-12,2018-01-12,-3.9,-8.3
1105,USC00111550,"CHICAGO NORTHERLY ISLAND, IL US",41.8558,-87.6094,2018-01-13,2018-01-13,-8.3,-12.8
1106,USC00111550,"CHICAGO NORTHERLY ISLAND, IL US",41.8558,-87.6094,2018-01-14,2018-01-14,-5.6,-12.2
1107,USC00111550,"CHICAGO NORTHERLY ISLAND, IL US",41.8558,-87.6094,2018-01-15,2018-01-15,-4.4,-12.2
1108,USC00111550,"CHICAGO NORTHERLY ISLAND, IL US",41.8558,-87.6094,2018-01-16,2018-01-16,-3.9,-13.9
1109,USC00111550,"CHICAGO NORTHERLY ISLAND, IL US",41.8558,-87.6094,2018-01-17,2018-01-17,-5.6,-12.8
1110,USC00111550,"CHICAGO NORTHERLY ISLAND, IL US",41.8558,-87.6094,2018-01-18,2018-01-18,0.6,-7.8
1111,USC00111550,"CHICAGO NORTHERLY ISLAND, IL US",41.8558,-87.6094,2018-01-19,2018-01-19,4.4,-2.2
1112,USC00111550,"CHICAGO NORTHERLY ISLAND, IL US",41.8558,-87.6094,2018-01-20,2018-01-20,7.8,1.1
1113,USC00111550,"CHICAGO NORTHERLY ISLAND, IL US",41.8558,-87.6094,2018-01-21,2018-01-21,5,1.7
1114,USC00111550,"CHICAGO NORTHERLY ISLAND, IL US",41.8558,-87.6094,2018-01-22,2018-01-22,11.7,2.2
1115,USC00111550,"CHICAGO NORTHERLY ISLAND, IL US",41.8558,-87.6094,2018-01-23,2018-01-23,3.9,-2.2
1116,USC00111550,"CHICAGO NORTHERLY ISLAND, IL US",41.8558,-87.6094,2018-01-24,2018-01-24,-1.1,-2.8
1117,USC00111550,"CHICAGO NORTHERLY ISLAND, IL US",41.8558,-87.6094,2018-01-25,2018-01-25,7.2,-3.3
1118,USC00111550,"CHICAGO NORTHERLY ISLAND, IL US",41.8558,-87.6094,2018-01-26,2018-01-26,11.1,3.3
1119,USC00111550,"CHICAGO NORTHERLY ISLAND, IL US",41.8558,-87.6094,2018-01-27,2018-01-27,10.6,3.9
1120,USC00111550,"CHICAGO NORTHERLY ISLAND, IL US",41.8558,-87.6094,2018-01-28,2018-01-28,4.4,-0.6
1121,USC00111550,"CHICAGO NORTHERLY ISLAND, IL US",41.8558,-87.6094,2018-01-29,2018-01-29,-0.6,-6.7
1122,USC00111550,"CHICAGO NORTHERLY ISLAND, IL US",41.8558,-87.6094,2018-01-30,2018-01-30,-0.6,-7.8
1123,USC00111550,"CHICAGO NORTHERLY ISLAND, IL US",41.8558,-87.6094,2018-01-31,2018-01-31,5.6,-0.6
1124,USC00111550,"CHICAGO NORTHERLY ISLAND, IL US",41.8558,-87.6094,2018-02-01,2018-02-01,2.8,-12.8
1125,USC00111550,"CHICAGO NORTHERLY ISLAND, IL US",41.8558,-87.6094,2018-02-02,2018-02-02,-5.6,-14.4
1126,USC00111550,"CHICAGO NORTHERLY ISLAND, IL US",41.8558,-87.6094,2018-02-03,2018-02-03,4.4,-5.6
1127,USC00111550,"CHICAGO NORTHERLY ISLAND, IL US",41.8558,-87.6094,2018-02-04,2018-02-04,1.1,-12.8
1128,USC00111550,"CHICAGO NORTHERLY ISLAND, IL US",41.8558,-87.6094,2018-02-05,2018-02-05,-10.6,-17.2
1129,USC00111550,"CHICAGO NORTHERLY ISLAND, IL US",41.8558,-87.6094,2018-02-06,2018-02-06,-6.1,-12.8
1130,USC00111550,"CHICAGO NORTHERLY ISLAND, IL US",41.8558,-87.6094,2018-02-07,2018-02-07,-5.6,-10.6
1131,USC00111550,"CHICAGO NORTHERLY ISLAND, IL US",41.8558,-87.6094,2018-02-08,2018-02-08,-5.6,-11.7
1132,USC00111550,"CHICAGO NORTHERLY ISLAND, IL US",41.8558,-87.6094,2018-02-09,2018-02-09,-2.8,-6.1
1133,USC00111550,"CHICAGO NORTHERLY ISLAND, IL US",41.8558,-87.6094,2018-02-10,2018-02-10,-3.3,-7.8
1134,USC00111550,"CHICAGO NORTHERLY ISLAND, IL US",41.8558,-87.6094,2018-02-11,2018-02-11,-4.4,-10.6
1135,USC00111550,"CHICAGO NORTHERLY ISLAND, IL US",41.8558,-87.6094,2018-02-12,2018-02-12,-5,-10.6
1136,USC00111550,"CHICAGO NORTHERLY ISLAND, IL US",41.8558,-87.6094,2018-02-13,2018-02-13,1.7,-7.8
1137,USC00111550,"CHICAGO NORTHERLY ISLAND, IL US",41.8558,-87.6094,2018-02-14,2018-02-14,7.8,-1.1
1138,USC00111550,"CHICAGO NORTHERLY ISLAND, IL US",41.8558,-87.6094,2018-02-15,2018-02-15,7.2,2.2
1139,USC00111550,"CHICAGO NORTHERLY ISLAND, IL US",41.8558,-87.6094,2018-02-16,2018-02-16,2.2,-5
1140,USC00111550,"CHICAGO NORTHERLY ISLAND, IL US",41.8558,-87.6094,2018-02-17,2018-02-17,1.7,-7.8
1141,USC00111550,"CHICAGO NORTHERLY ISLAND, IL US",41.8558,-87.6094,2018-02-18,2018-02-18,5.6,-5
1142,USC00111550,"CHICAGO NORTHERLY ISLAND, IL US",41.8558,-87.6094,2018-02-19,2018-02-19,15.6,2.2
1143,USC00111550,"CHICAGO NORTHERLY ISLAND, IL US",41.8558,-87.6094,2018-02-20,2018-02-20,18.3,1.1
1144,USC00111550,"CHICAGO NORTHERLY ISLAND, IL US",41.8558,-87.6094,2018-02-21,2018-02-21,1.1,-2.2
1145,USC00111550,"CHICAGO NORTHERLY ISLAND, IL US",41.8558,-87.6094,2018-02-22,2018-02-22,2.8,-1.1
1146,USC00111550,"CHICAGO NORTHERLY ISLAND, IL US",41.8558,-87.6094,2018-02-23,2018-02-23,6.7,1.7
1147,USC00111550,"CHICAGO NORTHERLY ISLAND, IL US",41.8558,-87.6094,2018-02-24,2018-02-24,8.9,0.6
1148,USC00111550,"CHICAGO NORTHERLY ISLAND, IL US",41.8558,-87.6094,2018-02-25,2018-02-25,10.6,1.1
1149,USC00111550,"CHICAGO NORTHERLY ISLAND, IL US",41.8558,-87.6094,2018-02-26,2018-02-26,12.2,1.1
1150,USC00111550,"CHICAGO NORTHERLY ISLAND, IL US",41.8558,-87.6094,2018-02-27,2018-02-27,16.1,6.1
1151,USC00111550,"CHICAGO NORTHERLY ISLAND, IL US",41.8558,-87.6094,2018-02-28,2018-02-28,14.4,1.7
1152,USC00111550,"CHICAGO NORTHERLY ISLAND, IL US",41.8558,-87.6094,2018-03-01,2018-03-01,3.3,1.1
1153,USC00111550,"CHICAGO NORTHERLY ISLAND, IL US",41.8558,-87.6094,2018-03-02,2018-03-02,3.9,-0.6
1154,USC00111550,"CHICAGO NORTHERLY ISLAND, IL US",41.8558,-87.6094,2018-03-03,2018-03-03,3.3,-0.6
1155,USC00111550,"CHICAGO NORTHERLY ISLAND, IL US",41.8558,-87.6094,2018-03-04,2018-03-04,3.9,1.1
1156,USC00111550,"CHICAGO NORTHERLY ISLAND, IL US",41.8558,-87.6094,2018-03-05,2018-03-05,3.3,0
1157,USC00111550,"CHICAGO NORTHERLY ISLAND, IL US",41.8558,-87.6094,2018-03-06,2018-03-06,3.9,0
1158,USC00111550,"CHICAGO NORTHERLY ISLAND, IL US",41.8558,-87.6094,2018-03-07,2018-03-07,0.6,-3.3
1159,USC00111550,"CHICAGO NORTHERLY ISLAND, IL US",41.8558,-87.6094,2018-03-08,2018-03-08,1.1,-3.9
1160,USC00111550,"CHICAGO NORTHERLY ISLAND, IL US",41.8558,-87.6094,2018-03-09,2018-03-09,1.7,-3.3
1161,USC00111550,"CHICAGO NORTHERLY ISLAND, IL US",41.8558,-87.6094,2018-03-10,2018-03-10,2.8,-1.1
1162,USC00111550,"CHICAGO NORTHERLY ISLAND, IL US",41.8558,-87.6094,2018-03-11,2018-03-11,3.3,-0.6
1163,USC00111550,"CHICAGO NORTHERLY ISLAND, IL US",41.8558,-87.6094,2018-03-12,2018-03-12,6.1,0.6
1164,USC00111550,"CHICAGO NORTHERLY ISLAND, IL US",41.8558,-87.6094,2018-03-13,2018-03-13,1.7,-3.3
1165,USC00111550,"CHICAGO NORTHERLY ISLAND, IL US",41.8558,-87.6094,2018-03-14,2018-03-14,8.3,-3.9
1166,USC00111550,"CHICAGO NORTHERLY ISLAND, IL US",41.8558,-87.6094,2018-03-15,2018-03-15,5.6,-1.1
1167,USC00111550,"CHICAGO NORTHERLY ISLAND, IL US",41.8558,-87.6094,2018-03-16,2018-03-16,1.1,-2.2
1168,USC00111550,"CHICAGO NORTHERLY ISLAND, IL US",41.8558,-87.6094,2018-03-17,2018-03-17,5.6,0.6
1169,USC00111550,"CHICAGO NORTHERLY ISLAND, IL US",41.8558,-87.6094,2018-03-18,2018-03-18,12.2,0.6
1170,USC00111550,"CHICAGO NORTHERLY ISLAND, IL US",41.8558,-87.6094,2018-03-19,2018-03-19,5.6,0.6
1171,USC00111550,"CHICAGO NORTHERLY ISLAND, IL US",41.8558,-87.6094,2018-03-20,2018-03-20,1.7,-2.2
1172,USC00111550,"CHICAGO NORTHERLY ISLAND, IL US",41.8558,-87.6094,2018-03-21,2018-03-21,2.2,-1.1
1173,USC00111550,"CHICAGO NORTHERLY ISLAND, IL US",41.8558,-87.6094,2018-03-22,2018-03-22,3.3,-0.6
1174,USC00111550,"CHICAGO NORTHERLY ISLAND, IL US",41.8558,-87.6094,2018-03-23,2018-03-23,3.3,0
1175,USC00111550,"CHICAGO NORTHERLY ISLAND, IL US",41.8558,-87.6094,2018-03-24,2018-03-24,3.3,0.6
1176,USC00111550,"CHICAGO NORTHERLY ISLAND, IL US",41.8558,-87.6094,2018-03-25,2018-03-25,3.3,-2.2
1177,USC00111550,"CHICAGO NORTHERLY ISLAND, IL US",41.8558,-87.6094,2018-03-26,2018-03-26,8.9,0.6
1178,USC00111550,"CHICAGO NORTHERLY ISLAND, IL US",41.8558,-87.6094,2018-03-27,2018-03-27,11.1,3.9
1179,USC00111550,"CHICAGO NORTHERLY ISLAND, IL US",41.8558,-87.6094,2018-03-28,2018-03-28,5.6,2.8
1180,USC00111550,"CHICAGO NORTHERLY ISLAND, IL US",41.8558,-87.6094,2018-03-29,2018-03-29,6.1,1.7
1181,USC00111550,"CHICAGO NORTHERLY ISLAND, IL US",41.8558,-87.6094,2018-03-30,2018-03-30,6.7,1.1
1182,USC00111550,"CHICAGO NORTHERLY ISLAND, IL US",41.8558,-87.6094,2018-03-31,2018-03-31,13.9,1.1
1183,USC00111550,"CHICAGO NORTHERLY ISLAND, IL US",41.8558,-87.6094,2018-04-01,2018-04-01,1.1,-2.8
1184,USC00111550,"CHICAGO NORTHERLY ISLAND, IL US",41.8558,-87.6094,2018-04-02,2018-04-02,3.9,-2.8
1185,USC00111550,"CHICAGO NORTHERLY ISLAND, IL US",41.8558,-87.6094,2018-04-03,2018-04-03,3.9,1.7
1186,USC00111550,"CHICAGO NORTHERLY ISLAND, IL US",41.8558,-87.6094,2018-04-04,2018-04-04,1.7,-2.8
1187,USC00111550,"CHICAGO NORTHERLY ISLAND, IL US",41.8558,-87.6094,2018-04-05,2018-04-05,5,-2.8
1188,USC00111550,"CHICAGO NORTHERLY ISLAND, IL US",41.8558,-87.6094,2018-04-06,2018-04-06,3.3,-2.2
1189,USC00111550,"CHICAGO NORTHERLY ISLAND, IL US",41.8558,-87.6094,2018-04-07,2018-04-07,0,-5.6
1190,USC00111550,"CHICAGO NORTHERLY ISLAND, IL US",41.8558,-87.6094,2018-04-08,2018-04-08,1.7,-2.2
1191,USC00111550,"CHICAGO NORTHERLY ISLAND, IL US",41.8558,-87.6094,2018-04-09,2018-04-09,2.8,-1.1
1192,USC00111550,"CHICAGO NORTHERLY ISLAND, IL US",41.8558,-87.6094,2018-04-10,2018-04-10,6.7,0
1193,USC00111550,"CHICAGO NORTHERLY ISLAND, IL US",41.8558,-87.6094,2018-04-11,2018-04-11,17.8,3.9
1194,USC00111550,"CHICAGO NORTHERLY ISLAND, IL US",41.8558,-87.6094,2018-04-12,2018-04-12,21.7,3.9
1195,USC00111550,"CHICAGO NORTHERLY ISLAND, IL US",41.8558,-87.6094,2018-04-13,2018-04-13,7.2,3.3
1196,USC00111550,"CHICAGO NORTHERLY ISLAND, IL US",41.8558,-87.6094,2018-04-14,2018-04-14,3.9,2.2
1197,USC00111550,"CHICAGO NORTHERLY ISLAND, IL US",41.8558,-87.6094,2018-04-15,2018-04-15,2.8,-1.7
1198,USC00111550,"CHICAGO NORTHERLY ISLAND, IL US",41.8558,-87.6094,2018-04-16,2018-04-16,1.7,-2.8
1199,USC00111550,"CHICAGO NORTHERLY ISLAND, IL US",41.8558,-87.6094,2018-04-17,2018-04-17,3.9,-1.1
1200,USC00111550,"CHICAGO NORTHERLY ISLAND, IL US",41.8558,-87.6094,2018-04-18,2018-04-18,2.2,0.6
1201,USC00111550,"CHICAGO NORTHERLY ISLAND, IL US",41.8558,-87.6094,2018-04-19,2018-04-19,7.8,1.1
1202,USC00111550,"CHICAGO NORTHERLY ISLAND, IL US",41.8558,-87.6094,2018-04-20,2018-04-20,7.8,3.9
1203,USC00111550,"CHICAGO NORTHERLY ISLAND, IL US",41.8558,-87.6094,2018-04-21,2018-04-21,7.2,3.3
1204,USC00111550,"CHICAGO NORTHERLY ISLAND, IL US",41.8558,-87.6094,2018-04-22,2018-04-22,10.6,4.4
1205,USC00111550,"CHICAGO NORTHERLY ISLAND, IL US",41.8558,-87.6094,2018-04-23,2018-04-23,11.1,5
1206,USC00111550,"CHICAGO NORTHERLY ISLAND, IL US",41.8558,-87.6094,2018-04-24,2018-04-24,12.8,6.1
1207,USC00111550,"CHICAGO NORTHERLY ISLAND, IL US",41.8558,-87.6094,2018-04-25,2018-04-25,7.8,3.3
1208,USC00111550,"CHICAGO NORTHERLY ISLAND, IL US",41.8558,-87.6094,2018-04-26,2018-04-26,13.3,3.9
1209,USC00111550,"CHICAGO NORTHERLY ISLAND, IL US",41.8558,-87.6094,2018-04-27,2018-04-27,13.3,3.9
1210,USC00111550,"CHICAGO NORTHERLY ISLAND, IL US",41.8558,-87.6094,2018-04-28,2018-04-28,7.2,2.8
1211,USC00111550,"CHICAGO NORTHERLY ISLAND, IL US",41.8558,-87.6094,2018-04-29,2018-04-29,6.7,2.2
1212,USC00111550,"CHICAGO NORTHERLY ISLAND, IL US",41.8558,-87.6094,2018-04-30,2018-04-30,25.6,6.1
1213,USC00111550,"CHICAGO NORTHERLY ISLAND, IL US",41.8558,-87.6094,2018-05-01,2018-05-01,28.3,15
1214,USC00111550,"CHICAGO NORTHERLY ISLAND, IL US",41.8558,-87.6094,2018-05-02,2018-05-02,30,11.7
1215,USC00111550,"CHICAGO NORTHERLY ISLAND, IL US",41.8558,-87.6094,2018-05-03,2018-05-03,19.4,6.7
1216,USC00111550,"CHICAGO NORTHERLY ISLAND, IL US",41.8558,-87.6094,2018-05-04,2018-05-04,22.8,14.4
1217,USC00111550,"CHICAGO NORTHERLY ISLAND, IL US",41.8558,-87.6094,2018-05-05,2018-05-05,27.2,10.6
1218,USC00111550,"CHICAGO NORTHERLY ISLAND, IL US",41.8558,-87.6094,2018-05-06,2018-05-06,15.6,8.9
1219,USC00111550,"CHICAGO NORTHERLY ISLAND, IL US",41.8558,-87.6094,2018-05-07,2018-05-07,17.8,8.3
1220,USC00111550,"CHICAGO NORTHERLY ISLAND, IL US",41.8558,-87.6094,2018-05-08,2018-05-08,24.4,14.4
1221,USC00111550,"CHICAGO NORTHERLY ISLAND, IL US",41.8558,-87.6094,2018-05-09,2018-05-09,27.8,13.3
1222,USC00111550,"CHICAGO NORTHERLY ISLAND, IL US",41.8558,-87.6094,2018-05-10,2018-05-10,18.3,7.8
1223,USC00111550,"CHICAGO NORTHERLY ISLAND, IL US",41.8558,-87.6094,2018-05-11,2018-05-11,10.6,7.2
1224,USC00111550,"CHICAGO NORTHERLY ISLAND, IL US",41.8558,-87.6094,2018-05-12,2018-05-12,8.9,6.1
1225,USC00111550,"CHICAGO NORTHERLY ISLAND, IL US",41.8558,-87.6094,2018-05-13,2018-05-13,11.7,7.2
1226,USC00111550,"CHICAGO NORTHERLY ISLAND, IL US",41.8558,-87.6094,2018-05-14,2018-05-14,28.3,8.9
1227,USC00111550,"CHICAGO NORTHERLY ISLAND, IL US",41.8558,-87.6094,2018-05-15,2018-05-15,17.8,8.9
1228,USC00111550,"CHICAGO NORTHERLY ISLAND, IL US",41.8558,-87.6094,2018-05-16,2018-05-16,19.4,9.4
1229,USC00111550,"CHICAGO NORTHERLY ISLAND, IL US",41.8558,-87.6094,2018-05-17,2018-05-17,16.7,8.9
1230,USC00111550,"CHICAGO NORTHERLY ISLAND, IL US",41.8558,-87.6094,2018-05-18,2018-05-18,12.8,10
1231,USC00111550,"CHICAGO NORTHERLY ISLAND, IL US",41.8558,-87.6094,2018-05-19,2018-05-19,13.3,10.6
1232,USC00111550,"CHICAGO NORTHERLY ISLAND, IL US",41.8558,-87.6094,2018-05-20,2018-05-20,10.6,6.1
1233,USC00111550,"CHICAGO NORTHERLY ISLAND, IL US",41.8558,-87.6094,2018-05-21,2018-05-21,14.4,7.8
1234,USC00111550,"CHICAGO NORTHERLY ISLAND, IL US",41.8558,-87.6094,2018-05-22,2018-05-22,12.2,8.9
1235,USC00111550,"CHICAGO NORTHERLY ISLAND, IL US",41.8558,-87.6094,2018-05-23,2018-05-23,17.2,10.6
1236,USC00111550,"CHICAGO NORTHERLY ISLAND, IL US",41.8558,-87.6094,2018-05-24,2018-05-24,21.7,12.8
1237,USC00111550,"CHICAGO NORTHERLY ISLAND, IL US",41.8558,-87.6094,2018-05-25,2018-05-25,30.6,20
1238,USC00111550,"CHICAGO NORTHERLY ISLAND, IL US",41.8558,-87.6094,2018-05-31,2018-05-31,31.1,19.4
1239,USC00111550,"CHICAGO NORTHERLY ISLAND, IL US",41.8558,-87.6094,2018-06-01,2018-06-01,23.9,10.6
1240,USC00111550,"CHICAGO NORTHERLY ISLAND, IL US",41.8558,-87.6094,2018-06-02,2018-06-02,17.2,10
1241,USC00111550,"CHICAGO NORTHERLY ISLAND, IL US",41.8558,-87.6094,2018-06-03,2018-06-03,25,14.4
1242,USC00111550,"CHICAGO NORTHERLY ISLAND, IL US",41.8558,-87.6094,2018-06-04,2018-06-04,26.1,15
1243,USC00111550,"CHICAGO NORTHERLY ISLAND, IL US",41.8558,-87.6094,2018-06-05,2018-06-05,22.8,10
1244,USC00111550,"CHICAGO NORTHERLY ISLAND, IL US",41.8558,-87.6094,2018-06-06,2018-06-06,20.6,10.6
1245,USC00111550,"CHICAGO NORTHERLY ISLAND, IL US",41.8558,-87.6094,2018-06-07,2018-06-07,20.6,13.9
1246,USC00111550,"CHICAGO NORTHERLY ISLAND, IL US",41.8558,-87.6094,2018-06-08,2018-06-08,17.8,12.8
1247,USC00111550,"CHICAGO NORTHERLY ISLAND, IL US",41.8558,-87.6094,2018-06-09,2018-06-09,19.4,12.2
1248,USC00111550,"CHICAGO NORTHERLY ISLAND, IL US",41.8558,-87.6094,2018-06-10,2018-06-10,19.4,13.9
1249,USC00111550,"CHICAGO NORTHERLY ISLAND, IL US",41.8558,-87.6094,2018-06-11,2018-06-11,16.7,13.9
1250,USC00111550,"CHICAGO NORTHERLY ISLAND, IL US",41.8558,-87.6094,2018-06-12,2018-06-12,20.6,15.6
1251,USC00111550,"CHICAGO NORTHERLY ISLAND, IL US",41.8558,-87.6094,2018-06-13,2018-06-13,24.4,16.7
1252,USC00111550,"CHICAGO NORTHERLY ISLAND, IL US",41.8558,-87.6094,2018-06-14,2018-06-14,23.9,16.7
1253,USC00111550,"CHICAGO NORTHERLY ISLAND, IL US",41.8558,-87.6094,2018-06-15,2018-06-15,27.8,16.1
1254,USC00111550,"CHICAGO NORTHERLY ISLAND, IL US",41.8558,-87.6094,2018-06-16,2018-06-16,28.9,18.3
1255,USC00111550,"CHICAGO NORTHERLY ISLAND, IL US",41.8558,-87.6094,2018-06-17,2018-06-17,33.9,25.6
1256,USC00111550,"CHICAGO NORTHERLY ISLAND, IL US",41.8558,-87.6094,2018-06-18,2018-06-18,33.9,16.7
1257,USC00111550,"CHICAGO NORTHERLY ISLAND, IL US",41.8558,-87.6094,2018-06-19,2018-06-19,21.7,15.6
1258,USC00111550,"CHICAGO NORTHERLY ISLAND, IL US",41.8558,-87.6094,2018-06-20,2018-06-20,21.7,16.1
1259,USC00111550,"CHICAGO NORTHERLY ISLAND, IL US",41.8558,-87.6094,2018-06-21,2018-06-21,17.8,15
1260,USC00111550,"CHICAGO NORTHERLY ISLAND, IL US",41.8558,-87.6094,2018-06-22,2018-06-22,17.2,15
1261,USC00111550,"CHICAGO NORTHERLY ISLAND, IL US",41.8558,-87.6094,2018-06-23,2018-06-23,21.7,16.1
1262,USC00111550,"CHICAGO NORTHERLY ISLAND, IL US",41.8558,-87.6094,2018-06-24,2018-06-24,22.8,15.6
1263,USC00111550,"CHICAGO NORTHERLY ISLAND, IL US",41.8558,-87.6094,2018-06-25,2018-06-25,21.1,15.6
1264,USC00111550,"CHICAGO NORTHERLY ISLAND, IL US",41.8558,-87.6094,2018-06-26,2018-06-26,26.1,17.2
1265,USC00111550,"CHICAGO NORTHERLY ISLAND, IL US",41.8558,-87.6094,2018-06-27,2018-06-27,22.8,17.8
1266,USC00111550,"CHICAGO NORTHERLY ISLAND, IL US",41.8558,-87.6094,2018-06-28,2018-06-28,26.1,18.3
1267,USC00111550,"CHICAGO NORTHERLY ISLAND, IL US",41.8558,-87.6094,2018-06-29,2018-06-29,33.9,20.6
1268,USC00111550,"CHICAGO NORTHERLY ISLAND, IL US",41.8558,-87.6094,2018-06-30,2018-06-30,33.3,25
1269,USC00111550,"CHICAGO NORTHERLY ISLAND, IL US",41.8558,-87.6094,2018-07-01,2018-07-01,33.3,24.4
1270,USC00111550,"CHICAGO NORTHERLY ISLAND, IL US",41.8558,-87.6094,2018-07-02,2018-07-02,24.4,17.8
1271,USC00111550,"CHICAGO NORTHERLY ISLAND, IL US",41.8558,-87.6094,2018-07-03,2018-07-03,27.2,17.2
1272,USC00111550,"CHICAGO NORTHERLY ISLAND, IL US",41.8558,-87.6094,2018-07-04,2018-07-04,32.2,20.6
1273,USC00111550,"CHICAGO NORTHERLY ISLAND, IL US",41.8558,-87.6094,2018-07-05,2018-07-05,28.9,22.2
1274,USC00111550,"CHICAGO NORTHERLY ISLAND, IL US",41.8558,-87.6094,2018-07-06,2018-07-06,23.9,17.8
1275,USC00111550,"CHICAGO NORTHERLY ISLAND, IL US",41.8558,-87.6094,2018-07-07,2018-07-07,22.8,17.8
1276,USC00111550,"CHICAGO NORTHERLY ISLAND, IL US",41.8558,-87.6094,2018-07-08,2018-07-08,25.6,17.2
1277,USC00111550,"CHICAGO NORTHERLY ISLAND, IL US",41.8558,-87.6094,2018-07-09,2018-07-09,32.2,21.1
1278,USC00111550,"CHICAGO NORTHERLY ISLAND, IL US",41.8558,-87.6094,2018-07-10,2018-07-10,27.2,20.6
1279,USC00111550,"CHICAGO NORTHERLY ISLAND, IL US",41.8558,-87.6094,2018-07-11,2018-07-11,25.6,20.6
1280,USC00111550,"CHICAGO NORTHERLY ISLAND, IL US",41.8558,-87.6094,2018-07-12,2018-07-12,30,20
1281,USC00111550,"CHICAGO NORTHERLY ISLAND, IL US",41.8558,-87.6094,2018-07-13,2018-07-13,33.3,22.2
1282,USC00111550,"CHICAGO NORTHERLY ISLAND, IL US",41.8558,-87.6094,2018-07-14,2018-07-14,26.7,21.7
1283,USC00111550,"CHICAGO NORTHERLY ISLAND, IL US",41.8558,-87.6094,2018-07-15,2018-07-15,27.8,21.7
1284,USC00111550,"CHICAGO NORTHERLY ISLAND, IL US",41.8558,-87.6094,2018-07-16,2018-07-16,29.4,22.2
1285,USC00111550,"CHICAGO NORTHERLY ISLAND, IL US",41.8558,-87.6094,2018-07-17,2018-07-17,26.7,20
1286,USC00111550,"CHICAGO NORTHERLY ISLAND, IL US",41.8558,-87.6094,2018-07-18,2018-07-18,23.9,20
1287,USC00111550,"CHICAGO NORTHERLY ISLAND, IL US",41.8558,-87.6094,2018-07-19,2018-07-19,31.1,20.6
1288,USC00111550,"CHICAGO NORTHERLY ISLAND, IL US",41.8558,-87.6094,2018-07-20,2018-07-20,25,20.6
1289,USC00111550,"CHICAGO NORTHERLY ISLAND, IL US",41.8558,-87.6094,2018-07-21,2018-07-21,22.8,20
1290,USC00111550,"CHICAGO NORTHERLY ISLAND, IL US",41.8558,-87.6094,2018-07-22,2018-07-22,23.3,20
1291,USC00111550,"CHICAGO NORTHERLY ISLAND, IL US",41.8558,-87.6094,2018-07-23,2018-07-23,24.4,20
1292,USC00111550,"CHICAGO NORTHERLY ISLAND, IL US",41.8558,-87.6094,2018-07-24,2018-07-24,25,20
1293,USC00111550,"CHICAGO NORTHERLY ISLAND, IL US",41.8558,-87.6094,2018-07-25,2018-07-25,26.1,21.7
1294,USC00111550,"CHICAGO NORTHERLY ISLAND, IL US",41.8558,-87.6094,2018-07-26,2018-07-26,27.2,20
1295,USC00111550,"CHICAGO NORTHERLY ISLAND, IL US",41.8558,-87.6094,2018-07-27,2018-07-27,24.4,17.8
1296,USC00111550,"CHICAGO NORTHERLY ISLAND, IL US",41.8558,-87.6094,2018-07-28,2018-07-28,23.9,18.9
1297,USC00111550,"CHICAGO NORTHERLY ISLAND, IL US",41.8558,-87.6094,2018-07-29,2018-07-29,25,18.9
1298,USC00111550,"CHICAGO NORTHERLY ISLAND, IL US",41.8558,-87.6094,2018-07-30,2018-07-30,25,18.3
1299,USC00111550,"CHICAGO NORTHERLY ISLAND, IL US",41.8558,-87.6094,2018-07-31,2018-07-31,25,20
1300,USC00111550,"CHICAGO NORTHERLY ISLAND, IL US",41.8558,-87.6094,2018-08-01,2018-08-01,30,19.4
1301,USC00111550,"CHICAGO NORTHERLY ISLAND, IL US",41.8558,-87.6094,2018-08-02,2018-08-02,29.4,21.1
1302,USC00111550,"CHICAGO NORTHERLY ISLAND, IL US",41.8558,-87.6094,2018-08-03,2018-08-03,25.6,20
1303,USC00111550,"CHICAGO NORTHERLY ISLAND, IL US",41.8558,-87.6094,2018-08-04,2018-08-04,35.6,22.2
1304,USC00111550,"CHICAGO NORTHERLY ISLAND, IL US",41.8558,-87.6094,2018-08-05,2018-08-05,33.9,25
1305,USC00111550,"CHICAGO NORTHERLY ISLAND, IL US",41.8558,-87.6094,2018-08-06,2018-08-06,25.6,21.1
1306,USC00111550,"CHICAGO NORTHERLY ISLAND, IL US",41.8558,-87.6094,2018-08-07,2018-08-07,26.1,20.6
1307,USC00111550,"CHICAGO NORTHERLY ISLAND, IL US",41.8558,-87.6094,2018-08-08,2018-08-08,26.1,21.1
1308,USC00111550,"CHICAGO NORTHERLY ISLAND, IL US",41.8558,-87.6094,2018-08-09,2018-08-09,32.2,20.6
1309,USC00111550,"CHICAGO NORTHERLY ISLAND, IL US",41.8558,-87.6094,2018-08-10,2018-08-10,26.7,21.7
1310,USC00111550,"CHICAGO NORTHERLY ISLAND, IL US",41.8558,-87.6094,2018-08-11,2018-08-11,27.2,22.2
1311,USC00111550,"CHICAGO NORTHERLY ISLAND, IL US",41.8558,-87.6094,2018-08-12,2018-08-12,27.2,22.2
1312,USC00111550,"CHICAGO NORTHERLY ISLAND, IL US",41.8558,-87.6094,2018-08-13,2018-08-13,27.8,21.1
1313,USC00111550,"CHICAGO NORTHERLY ISLAND, IL US",41.8558,-87.6094,2018-08-14,2018-08-14,30,23.3
1314,USC00111550,"CHICAGO NORTHERLY ISLAND, IL US",41.8558,-87.6094,2018-08-15,2018-08-15,28.3,21.7
1315,USC00111550,"CHICAGO NORTHERLY ISLAND, IL US",41.8558,-87.6094,2018-08-16,2018-08-16,26.7,21.7
1316,USC00111550,"CHICAGO NORTHERLY ISLAND, IL US",41.8558,-87.6094,2018-08-17,2018-08-17,25.6,20
1317,USC00111550,"CHICAGO NORTHERLY ISLAND, IL US",41.8558,-87.6094,2018-08-18,2018-08-18,26.7,22.2
1318,USC00111550,"CHICAGO NORTHERLY ISLAND, IL US",41.8558,-87.6094,2018-08-19,2018-08-19,27.2,21.7
1319,USC00111550,"CHICAGO NORTHERLY ISLAND, IL US",41.8558,-87.6094,2018-08-20,2018-08-20,24.4,21.1
1320,USC00111550,"CHICAGO NORTHERLY ISLAND, IL US",41.8558,-87.6094,2018-08-21,2018-08-21,24.4,20
1321,USC00111550,"CHICAGO NORTHERLY ISLAND, IL US",41.8558,-87.6094,2018-08-22,2018-08-22,25.6,16.7
1322,USC00111550,"CHICAGO NORTHERLY ISLAND, IL US",41.8558,-87.6094,2018-08-23,2018-08-23,26.7,17.8
1323,USC00111550,"CHICAGO NORTHERLY ISLAND, IL US",41.8558,-87.6094,2018-08-24,2018-08-24,23.3,17.2
1324,USC00111550,"CHICAGO NORTHERLY ISLAND, IL US",41.8558,-87.6094,2018-08-25,2018-08-25,30,18.3
1325,USC00111550,"CHICAGO NORTHERLY ISLAND, IL US",41.8558,-87.6094,2018-08-26,2018-08-26,33.3,22.2
1326,USC00111550,"CHICAGO NORTHERLY ISLAND, IL US",41.8558,-87.6094,2018-08-27,2018-08-27,33.9,25
1327,USC00111550,"CHICAGO NORTHERLY ISLAND, IL US",41.8558,-87.6094,2018-08-28,2018-08-28,32.2,20
1328,USC00111550,"CHICAGO NORTHERLY ISLAND, IL US",41.8558,-87.6094,2018-08-29,2018-08-29,23.9,18.3
1329,USC00111550,"CHICAGO NORTHERLY ISLAND, IL US",41.8558,-87.6094,2018-08-30,2018-08-30,21.7,18.3
1330,USC00111550,"CHICAGO NORTHERLY ISLAND, IL US",41.8558,-87.6094,2018-08-31,2018-08-31,26.7,17.2
1331,USC00111550,"CHICAGO NORTHERLY ISLAND, IL US",41.8558,-87.6094,2018-09-01,2018-09-01,29.4,22.2
1332,USC00111550,"CHICAGO NORTHERLY ISLAND, IL US",41.8558,-87.6094,2018-09-02,2018-09-02,32.2,21.1
1333,USC00111550,"CHICAGO NORTHERLY ISLAND, IL US",41.8558,-87.6094,2018-09-03,2018-09-03,26.7,20.6
1334,USC00111550,"CHICAGO NORTHERLY ISLAND, IL US",41.8558,-87.6094,2018-09-04,2018-09-04,33.3,22.2
1335,USC00111550,"CHICAGO NORTHERLY ISLAND, IL US",41.8558,-87.6094,2018-09-05,2018-09-05,32.8,20
1336,USC00111550,"CHICAGO NORTHERLY ISLAND, IL US",41.8558,-87.6094,2018-09-06,2018-09-06,21.1,18.9
1337,USC00111550,"CHICAGO NORTHERLY ISLAND, IL US",41.8558,-87.6094,2018-09-07,2018-09-07,21.1,18.9
1338,USC00111550,"CHICAGO NORTHERLY ISLAND, IL US",41.8558,-87.6094,2018-09-08,2018-09-08,19.4,16.7
1339,USC00111550,"CHICAGO NORTHERLY ISLAND, IL US",41.8558,-87.6094,2018-09-09,2018-09-09,20,16.1
1340,USC00111550,"CHICAGO NORTHERLY ISLAND, IL US",41.8558,-87.6094,2018-09-10,2018-09-10,21.1,16.7
1341,USC00111550,"CHICAGO NORTHERLY ISLAND, IL US",41.8558,-87.6094,2018-09-11,2018-09-11,21.7,15.6
1342,USC00111550,"CHICAGO NORTHERLY ISLAND, IL US",41.8558,-87.6094,2018-09-12,2018-09-12,22.8,16.1
1343,USC00111550,"CHICAGO NORTHERLY ISLAND, IL US",41.8558,-87.6094,2018-09-13,2018-09-13,21.7,16.1
1344,USC00111550,"CHICAGO NORTHERLY ISLAND, IL US",41.8558,-87.6094,2018-09-14,2018-09-14,29.4,16.1
1345,USC00111550,"CHICAGO NORTHERLY ISLAND, IL US",41.8558,-87.6094,2018-09-15,2018-09-15,24.4,18.9
1346,USC00111550,"CHICAGO NORTHERLY ISLAND, IL US",41.8558,-87.6094,2018-09-16,2018-09-16,26.1,20
1347,USC00111550,"CHICAGO NORTHERLY ISLAND, IL US",41.8558,-87.6094,2018-09-17,2018-09-17,28.9,20.6
1348,USC00111550,"CHICAGO NORTHERLY ISLAND, IL US",41.8558,-87.6094,2018-09-18,2018-09-18,25.6,19.4
1349,USC00111550,"CHICAGO NORTHERLY ISLAND, IL US",41.8558,-87.6094,2018-09-19,2018-09-19,22.8,18.9
1350,USC00111550,"CHICAGO NORTHERLY ISLAND, IL US",41.8558,-87.6094,2018-09-20,2018-09-20,33.3,20
1351,USC00111550,"CHICAGO NORTHERLY ISLAND, IL US",41.8558,-87.6094,2018-09-21,2018-09-21,27.8,15
1352,USC00111550,"CHICAGO NORTHERLY ISLAND, IL US",41.8558,-87.6094,2018-09-23,2018-09-23,19.4,12.2
1353,USC00111550,"CHICAGO NORTHERLY ISLAND, IL US",41.8558,-87.6094,2018-09-24,2018-09-24,20.6,16.1
1354,USC00111550,"CHICAGO NORTHERLY ISLAND, IL US",41.8558,-87.6094,2018-09-25,2018-09-25,28.3,17.8
1355,USC00111550,"CHICAGO NORTHERLY ISLAND, IL US",41.8558,-87.6094,2018-09-26,2018-09-26,19.4,11.7
1356,USC00111550,"CHICAGO NORTHERLY ISLAND, IL US",41.8558,-87.6094,2018-09-27,2018-09-27,20,12.2
1357,USC00111550,"CHICAGO NORTHERLY ISLAND, IL US",41.8558,-87.6094,2018-09-28,2018-09-28,16.7,10
1358,USC00111550,"CHICAGO NORTHERLY ISLAND, IL US",41.8558,-87.6094,2018-09-29,2018-09-29,15,8.3
1359,USC00111550,"CHICAGO NORTHERLY ISLAND, IL US",41.8558,-87.6094,2018-09-30,2018-09-30,18.3,12.2
1360,USC00111550,"CHICAGO NORTHERLY ISLAND, IL US",41.8558,-87.6094,2018-10-01,2018-10-01,23.9,13.3
1361,USC00111550,"CHICAGO NORTHERLY ISLAND, IL US",41.8558,-87.6094,2018-10-02,2018-10-02,20,14.4
1362,USC00111550,"CHICAGO NORTHERLY ISLAND, IL US",41.8558,-87.6094,2018-10-03,2018-10-03,30.6,15
1363,USC00111550,"CHICAGO NORTHERLY ISLAND, IL US",41.8558,-87.6094,2018-10-04,2018-10-04,26.7,11.1
1364,USC00111550,"CHICAGO NORTHERLY ISLAND, IL US",41.8558,-87.6094,2018-10-05,2018-10-05,18.3,12.2
1365,USC00111550,"CHICAGO NORTHERLY ISLAND, IL US",41.8558,-87.6094,2018-10-06,2018-10-06,21.7,14.4
1366,USC00111550,"CHICAGO NORTHERLY ISLAND, IL US",41.8558,-87.6094,2018-10-07,2018-10-07,17.8,13.9
1367,USC00111550,"CHICAGO NORTHERLY ISLAND, IL US",41.8558,-87.6094,2018-10-08,2018-10-08,28.9,17.2
1368,USC00111550,"CHICAGO NORTHERLY ISLAND, IL US",41.8558,-87.6094,2018-10-09,2018-10-09,29.4,21.7
1369,USC00111550,"CHICAGO NORTHERLY ISLAND, IL US",41.8558,-87.6094,2018-10-10,2018-10-10,23.3,11.1
1370,USC00111550,"CHICAGO NORTHERLY ISLAND, IL US",41.8558,-87.6094,2018-10-11,2018-10-11,11.1,5.6
1371,USC00111550,"CHICAGO NORTHERLY ISLAND, IL US",41.8558,-87.6094,2018-10-12,2018-10-12,6.1,3.3
1372,USC00111550,"CHICAGO NORTHERLY ISLAND, IL US",41.8558,-87.6094,2018-10-13,2018-10-13,11.7,2.2
1373,USC00111550,"CHICAGO NORTHERLY ISLAND, IL US",41.8558,-87.6094,2018-10-14,2018-10-14,15,5.6
1374,USC00111550,"CHICAGO NORTHERLY ISLAND, IL US",41.8558,-87.6094,2018-10-15,2018-10-15,9.4,3.9
1375,USC00111550,"CHICAGO NORTHERLY ISLAND, IL US",41.8558,-87.6094,2018-10-16,2018-10-16,14.4,2.2
1376,USC00111550,"CHICAGO NORTHERLY ISLAND, IL US",41.8558,-87.6094,2018-10-17,2018-10-17,11.1,6.1
1377,USC00111550,"CHICAGO NORTHERLY ISLAND, IL US",41.8558,-87.6094,2018-10-18,2018-10-18,14.4,5
1378,USC00111550,"CHICAGO NORTHERLY ISLAND, IL US",41.8558,-87.6094,2018-10-19,2018-10-19,12.2,8.3
1379,USC00111550,"CHICAGO NORTHERLY ISLAND, IL US",41.8558,-87.6094,2018-10-20,2018-10-20,11.1,2.2
1380,USC00111550,"CHICAGO NORTHERLY ISLAND, IL US",41.8558,-87.6094,2018-10-21,2018-10-21,10,0
1381,USC00111550,"CHICAGO NORTHERLY ISLAND, IL US",41.8558,-87.6094,2018-10-22,2018-10-22,17.2,4.4
1382,USC00111550,"CHICAGO NORTHERLY ISLAND, IL US",41.8558,-87.6094,2018-10-23,2018-10-23,11.7,6.7
1383,USC00111550,"CHICAGO NORTHERLY ISLAND, IL US",41.8558,-87.6094,2018-10-24,2018-10-24,10.6,5.6
1384,USC00111550,"CHICAGO NORTHERLY ISLAND, IL US",41.8558,-87.6094,2018-10-25,2018-10-25,10.6,5
1385,USC00111550,"CHICAGO NORTHERLY ISLAND, IL US",41.8558,-87.6094,2018-10-26,2018-10-26,10.6,7.8
1386,USC00111550,"CHICAGO NORTHERLY ISLAND, IL US",41.8558,-87.6094,2018-10-27,2018-10-27,11.7,7.2
1387,USC00111550,"CHICAGO NORTHERLY ISLAND, IL US",41.8558,-87.6094,2018-10-28,2018-10-28,10.6,7.2
1388,USC00111550,"CHICAGO NORTHERLY ISLAND, IL US",41.8558,-87.6094,2018-10-29,2018-10-29,11.7,5
1389,USC00111550,"CHICAGO NORTHERLY ISLAND, IL US",41.8558,-87.6094,2018-10-30,2018-10-30,20,8.3
1390,USC00111550,"CHICAGO NORTHERLY ISLAND, IL US",41.8558,-87.6094,2018-10-31,2018-10-31,11.7,9.4
1391,USC00111550,"CHICAGO NORTHERLY ISLAND, IL US",41.8558,-87.6094,2018-11-01,2018-11-01,11.7,7.2
1392,USC00111550,"CHICAGO NORTHERLY ISLAND, IL US",41.8558,-87.6094,2018-11-02,2018-11-02,8.3,3.3
1393,USC00111550,"CHICAGO NORTHERLY ISLAND, IL US",41.8558,-87.6094,2018-11-03,2018-11-03,9.4,3.9
1394,USC00111550,"CHICAGO NORTHERLY ISLAND, IL US",41.8558,-87.6094,2018-11-04,2018-11-04,10.6,7.8
1395,USC00111550,"CHICAGO NORTHERLY ISLAND, IL US",41.8558,-87.6094,2018-11-05,2018-11-05,10.6,6.7
1396,USC00111550,"CHICAGO NORTHERLY ISLAND, IL US",41.8558,-87.6094,2018-11-06,2018-11-06,10,3.3
1397,USC00111550,"CHICAGO NORTHERLY ISLAND, IL US",41.8558,-87.6094,2018-11-07,2018-11-07,3.9,1.1
1398,USC00111550,"CHICAGO NORTHERLY ISLAND, IL US",41.8558,-87.6094,2018-11-08,2018-11-08,5,0.6
1399,USC00111550,"CHICAGO NORTHERLY ISLAND, IL US",41.8558,-87.6094,2018-11-09,2018-11-09,4.4,-6.1
1400,USC00111550,"CHICAGO NORTHERLY ISLAND, IL US",41.8558,-87.6094,2018-11-10,2018-11-10,1.1,-6.1
1401,USC00111550,"CHICAGO NORTHERLY ISLAND, IL US",41.8558,-87.6094,2018-11-11,2018-11-11,5.6,-1.7
1402,USC00111550,"CHICAGO NORTHERLY ISLAND, IL US",41.8558,-87.6094,2018-11-12,2018-11-12,3.3,-3.3
1403,USC00111550,"CHICAGO NORTHERLY ISLAND, IL US",41.8558,-87.6094,2018-11-13,2018-11-13,-1.1,-5.6
1404,USC00111550,"CHICAGO NORTHERLY ISLAND, IL US",41.8558,-87.6094,2018-11-14,2018-11-14,2.2,-5.6
1405,USC00111550,"CHICAGO NORTHERLY ISLAND, IL US",41.8558,-87.6094,2018-11-15,2018-11-15,1.7,-1.7
1406,USC00111550,"CHICAGO NORTHERLY ISLAND, IL US",41.8558,-87.6094,2018-11-16,2018-11-16,5,-2.2
1407,USC00111550,"CHICAGO NORTHERLY ISLAND, IL US",41.8558,-87.6094,2018-11-17,2018-11-17,2.8,0.6
1408,USC00111550,"CHICAGO NORTHERLY ISLAND, IL US",41.8558,-87.6094,2018-11-18,2018-11-18,3.3,-2.2
1409,USC00111550,"CHICAGO NORTHERLY ISLAND, IL US",41.8558,-87.6094,2018-11-19,2018-11-19,1.7,-3.9
1410,USC00111550,"CHICAGO NORTHERLY ISLAND, IL US",41.8558,-87.6094,2018-11-20,2018-11-20,2.2,-1.7
1411,USC00111550,"CHICAGO NORTHERLY ISLAND, IL US",41.8558,-87.6094,2018-11-21,2018-11-21,3.9,-0.6
1412,USC00111550,"CHICAGO NORTHERLY ISLAND, IL US",41.8558,-87.6094,2018-11-22,2018-11-22,2.8,0
1413,USC00111550,"CHICAGO NORTHERLY ISLAND, IL US",41.8558,-87.6094,2018-11-23,2018-11-23,10,1.1
1414,USC00111550,"CHICAGO NORTHERLY ISLAND, IL US",41.8558,-87.6094,2018-11-24,2018-11-24,8.9,4.4
1415,USC00111550,"CHICAGO NORTHERLY ISLAND, IL US",41.8558,-87.6094,2018-11-25,2018-11-25,5,1.1
1416,USC00111550,"CHICAGO NORTHERLY ISLAND, IL US",41.8558,-87.6094,2018-11-26,2018-11-26,1.1,-3.9
1417,USC00111550,"CHICAGO NORTHERLY ISLAND, IL US",41.8558,-87.6094,2018-11-27,2018-11-27,-3.3,-6.7
1418,USC00111550,"CHICAGO NORTHERLY ISLAND, IL US",41.8558,-87.6094,2018-11-28,2018-11-28,-2.8,-6.7
1419,USC00111550,"CHICAGO NORTHERLY ISLAND, IL US",41.8558,-87.6094,2018-11-29,2018-11-29,3.3,-3.3
1420,USC00111550,"CHICAGO NORTHERLY ISLAND, IL US",41.8558,-87.6094,2018-11-30,2018-11-30,4.4,0
1421,USC00111550,"CHICAGO NORTHERLY ISLAND, IL US",41.8558,-87.6094,2018-12-01,2018-12-01,6.7,1.1
1422,USC00111550,"CHICAGO NORTHERLY ISLAND, IL US",41.8558,-87.6094,2018-12-02,2018-12-02,8.3,1.7
1423,USC00111550,"CHICAGO NORTHERLY ISLAND, IL US",41.8558,-87.6094,2018-12-03,2018-12-03,2.2,-1.1
1424,USC00111550,"CHICAGO NORTHERLY ISLAND, IL US",41.8558,-87.6094,2018-12-04,2018-12-04,0,-2.2
1425,USC00111550,"CHICAGO NORTHERLY ISLAND, IL US",41.8558,-87.6094,2018-12-05,2018-12-05,0,-3.9
1426,USC00111550,"CHICAGO NORTHERLY ISLAND, IL US",41.8558,-87.6094,2018-12-06,2018-12-06,0.6,-5.6
1427,USC00111550,"CHICAGO NORTHERLY ISLAND, IL US",41.8558,-87.6094,2018-12-07,2018-12-07,-2.8,-7.2
1428,USC00111550,"CHICAGO NORTHERLY ISLAND, IL US",41.8558,-87.6094,2018-12-08,2018-12-08,-1.7,-5.6
1429,USC00111550,"CHICAGO NORTHERLY ISLAND, IL US",41.8558,-87.6094,2018-12-09,2018-12-09,0,-5
1430,USC00111550,"CHICAGO NORTHERLY ISLAND, IL US",41.8558,-87.6094,2018-12-10,2018-12-10,1.1,-6.1
1431,USC00111550,"CHICAGO NORTHERLY ISLAND, IL US",41.8558,-87.6094,2018-12-11,2018-12-11,4.4,-2.8
1432,USC00111550,"CHICAGO NORTHERLY ISLAND, IL US",41.8558,-87.6094,2018-12-12,2018-12-12,5.6,0
1433,USC00111550,"CHICAGO NORTHERLY ISLAND, IL US",41.8558,-87.6094,2018-12-13,2018-12-13,6.1,-2.2
1434,USC00111550,"CHICAGO NORTHERLY ISLAND, IL US",41.8558,-87.6094,2018-12-14,2018-12-14,3.9,1.1
1435,USC00111550,"CHICAGO NORTHERLY ISLAND, IL US",41.8558,-87.6094,2018-12-15,2018-12-15,6.1,0.6
1436,USC00111550,"CHICAGO NORTHERLY ISLAND, IL US",41.8558,-87.6094,2018-12-16,2018-12-16,9.4,-0.6
1437,USC00111550,"CHICAGO NORTHERLY ISLAND, IL US",41.8558,-87.6094,2018-12-17,2018-12-17,3.9,-0.6
1438,USC00111550,"CHICAGO NORTHERLY ISLAND, IL US",41.8558,-87.6094,2018-12-18,2018-12-18,5.6,-2.2
1439,USC00111550,"CHICAGO NORTHERLY ISLAND, IL US",41.8558,-87.6094,2018-12-19,2018-12-19,10,1.7
1440,USC00111550,"CHICAGO NORTHERLY ISLAND, IL US",41.8558,-87.6094,2018-12-20,2018-12-20,8.3,3.3
1441,USC00111550,"CHICAGO NORTHERLY ISLAND, IL US",41.8558,-87.6094,2018-12-21,2018-12-21,3.9,-1.1
1442,USC00111550,"CHICAGO NORTHERLY ISLAND, IL US",41.8558,-87.6094,2018-12-22,2018-12-22,1.7,-1.7
1443,USC00111550,"CHICAGO NORTHERLY ISLAND, IL US",41.8558,-87.6094,2018-12-23,2018-12-23,3.3,-1.1
1444,USC00111550,"CHICAGO NORTHERLY ISLAND, IL US",41.8558,-87.6094,2018-12-24,2018-12-24,2.2,-3.3
1445,USC00111550,"CHICAGO NORTHERLY ISLAND, IL US",41.8558,-87.6094,2018-12-25,2018-12-25,7.8,-0.6
1446,USC00111550,"CHICAGO NORTHERLY ISLAND, IL US",41.8558,-87.6094,2018-12-26,2018-12-26,5,0
1447,USC00111550,"CHICAGO NORTHERLY ISLAND, IL US",41.8558,-87.6094,2018-12-27,2018-12-27,11.7,2.8
1448,USC00111550,"CHICAGO NORTHERLY ISLAND, IL US",41.8558,-87.6094,2018-12-28,2018-12-28,11.7,-1.1
1449,USC00111550,"CHICAGO NORTHERLY ISLAND, IL US",41.8558,-87.6094,2018-12-29,2018-12-29,-0.6,-4.4
1450,USC00111550,"CHICAGO NORTHERLY ISLAND, IL US",41.8558,-87.6094,2018-12-30,2018-12-30,2.8,-6.1
1451,USC00111550,"CHICAGO NORTHERLY ISLAND, IL US",41.8558,-87.6094,2018-12-31,2018-12-31,3.9,1.1
1452,USW00094846,"CHICAGO OHARE INTERNATIONAL AIRPORT, IL US",41.96017,-87.93164,2018-01-01,2018-01-01,-17.1,-22.7
1453,USW00094846,"CHICAGO OHARE INTERNATIONAL AIRPORT, IL US",41.96017,-87.93164,2018-01-02,2018-01-02,-13.2,-22.7
1454,USW00094846,"CHICAGO OHARE INTERNATIONAL AIRPORT, IL US",41.96017,-87.93164,2018-01-03,2018-01-03,-8.2,-14.3
1455,USW00094846,"CHICAGO OHARE INTERNATIONAL AIRPORT, IL US",41.96017,-87.93164,2018-01-04,2018-01-04,-11,-17.7
1456,USW00094846,"CHICAGO OHARE INTERNATIONAL AIRPORT, IL US",41.96017,-87.93164,2018-01-05,2018-01-05,-11.6,-18.2
1457,USW00094846,"CHICAGO OHARE INTERNATIONAL AIRPORT, IL US",41.96017,-87.93164,2018-01-06,2018-01-06,-8.2,-18.8
1458,USW00094846,"CHICAGO OHARE INTERNATIONAL AIRPORT, IL US",41.96017,-87.93164,2018-01-07,2018-01-07,0.6,-13.2
1459,USW00094846,"CHICAGO OHARE INTERNATIONAL AIRPORT, IL US",41.96017,-87.93164,2018-01-08,2018-01-08,2.8,-0.5
1460,USW00094846,"CHICAGO OHARE INTERNATIONAL AIRPORT, IL US",41.96017,-87.93164,2018-01-09,2018-01-09,2.2,-3.2
1461,USW00094846,"CHICAGO OHARE INTERNATIONAL AIRPORT, IL US",41.96017,-87.93164,2018-01-10,2018-01-10,13.3,-1
1462,USW00094846,"CHICAGO OHARE INTERNATIONAL AIRPORT, IL US",41.96017,-87.93164,2018-01-11,2018-01-11,15,-4.9
1463,USW00094846,"CHICAGO OHARE INTERNATIONAL AIRPORT, IL US",41.96017,-87.93164,2018-01-12,2018-01-12,-4.9,-9.9
1464,USW00094846,"CHICAGO OHARE INTERNATIONAL AIRPORT, IL US",41.96017,-87.93164,2018-01-13,2018-01-13,-8.8,-14.3
1465,USW00094846,"CHICAGO OHARE INTERNATIONAL AIRPORT, IL US",41.96017,-87.93164,2018-01-14,2018-01-14,-6,-14.9
1466,USW00094846,"CHICAGO OHARE INTERNATIONAL AIRPORT, IL US",41.96017,-87.93164,2018-01-15,2018-01-15,-4.3,-12.1
1467,USW00094846,"CHICAGO OHARE INTERNATIONAL AIRPORT, IL US",41.96017,-87.93164,2018-01-16,2018-01-16,-3.2,-12.7
1468,USW00094846,"CHICAGO OHARE INTERNATIONAL AIRPORT, IL US",41.96017,-87.93164,2018-01-17,2018-01-17,-6.6,-15.5
1469,USW00094846,"CHICAGO OHARE INTERNATIONAL AIRPORT, IL US",41.96017,-87.93164,2018-01-18,2018-01-18,0,-8.8
1470,USW00094846,"CHICAGO OHARE INTERNATIONAL AIRPORT, IL US",41.96017,-87.93164,2018-01-19,2018-01-19,4.4,-2.1
1471,USW00094846,"CHICAGO OHARE INTERNATIONAL AIRPORT, IL US",41.96017,-87.93164,2018-01-20,2018-01-20,7.2,0
1472,USW00094846,"CHICAGO OHARE INTERNATIONAL AIRPORT, IL US",41.96017,-87.93164,2018-01-21,2018-01-21,6.7,2.2
1473,USW00094846,"CHICAGO OHARE INTERNATIONAL AIRPORT, IL US",41.96017,-87.93164,2018-01-22,2018-01-22,12.2,3.3
1474,USW00094846,"CHICAGO OHARE INTERNATIONAL AIRPORT, IL US",41.96017,-87.93164,2018-01-23,2018-01-23,3.9,-2.1
1475,USW00094846,"CHICAGO OHARE INTERNATIONAL AIRPORT, IL US",41.96017,-87.93164,2018-01-24,2018-01-24,-1,-2.7
1476,USW00094846,"CHICAGO OHARE INTERNATIONAL AIRPORT, IL US",41.96017,-87.93164,2018-01-25,2018-01-25,6.1,-4.3
1477,USW00094846,"CHICAGO OHARE INTERNATIONAL AIRPORT, IL US",41.96017,-87.93164,2018-01-26,2018-01-26,10.6,0.6
1478,USW00094846,"CHICAGO OHARE INTERNATIONAL AIRPORT, IL US",41.96017,-87.93164,2018-01-27,2018-01-27,10,2.2
1479,USW00094846,"CHICAGO OHARE INTERNATIONAL AIRPORT, IL US",41.96017,-87.93164,2018-01-28,2018-01-28,4.4,-2.1
1480,USW00094846,"CHICAGO OHARE INTERNATIONAL AIRPORT, IL US",41.96017,-87.93164,2018-01-29,2018-01-29,-1,-8.2
1481,USW00094846,"CHICAGO OHARE INTERNATIONAL AIRPORT, IL US",41.96017,-87.93164,2018-01-30,2018-01-30,-0.5,-9.3
1482,USW00094846,"CHICAGO OHARE INTERNATIONAL AIRPORT, IL US",41.96017,-87.93164,2018-01-31,2018-01-31,5.6,-0.5
1483,USW00094846,"CHICAGO OHARE INTERNATIONAL AIRPORT, IL US",41.96017,-87.93164,2018-02-01,2018-02-01,1.7,-13.2
1484,USW00094846,"CHICAGO OHARE INTERNATIONAL AIRPORT, IL US",41.96017,-87.93164,2018-02-02,2018-02-02,-5.5,-14.9
1485,USW00094846,"CHICAGO OHARE INTERNATIONAL AIRPORT, IL US",41.96017,-87.93164,2018-02-03,2018-02-03,5,-5.5
1486,USW00094846,"CHICAGO OHARE INTERNATIONAL AIRPORT, IL US",41.96017,-87.93164,2018-02-04,2018-02-04,1.7,-15.5
1487,USW00094846,"CHICAGO OHARE INTERNATIONAL AIRPORT, IL US",41.96017,-87.93164,2018-02-05,2018-02-05,-11,-19.3
1488,USW00094846,"CHICAGO OHARE INTERNATIONAL AIRPORT, IL US",41.96017,-87.93164,2018-02-06,2018-02-06,-6,-16
1489,USW00094846,"CHICAGO OHARE INTERNATIONAL AIRPORT, IL US",41.96017,-87.93164,2018-02-07,2018-02-07,-6.6,-13.2
1490,USW00094846,"CHICAGO OHARE INTERNATIONAL AIRPORT, IL US",41.96017,-87.93164,2018-02-08,2018-02-08,-6,-13.8
1491,USW00094846,"CHICAGO OHARE INTERNATIONAL AIRPORT, IL US",41.96017,-87.93164,2018-02-09,2018-02-09,-2.1,-7.7
1492,USW00094846,"CHICAGO OHARE INTERNATIONAL AIRPORT, IL US",41.96017,-87.93164,2018-02-10,2018-02-10,-5.5,-9.9
1493,USW00094846,"CHICAGO OHARE INTERNATIONAL AIRPORT, IL US",41.96017,-87.93164,2018-02-11,2018-02-11,-5.5,-11.6
1494,USW00094846,"CHICAGO OHARE INTERNATIONAL AIRPORT, IL US",41.96017,-87.93164,2018-02-12,2018-02-12,-2.7,-15.5
1495,USW00094846,"CHICAGO OHARE INTERNATIONAL AIRPORT, IL US",41.96017,-87.93164,2018-02-13,2018-02-13,1.7,-13.8
1496,USW00094846,"CHICAGO OHARE INTERNATIONAL AIRPORT, IL US",41.96017,-87.93164,2018-02-14,2018-02-14,6.7,-4.3
1497,USW00094846,"CHICAGO OHARE INTERNATIONAL AIRPORT, IL US",41.96017,-87.93164,2018-02-15,2018-02-15,8.9,3.3
1498,USW00094846,"CHICAGO OHARE INTERNATIONAL AIRPORT, IL US",41.96017,-87.93164,2018-02-16,2018-02-16,2.8,-6.6
1499,USW00094846,"CHICAGO OHARE INTERNATIONAL AIRPORT, IL US",41.96017,-87.93164,2018-02-17,2018-02-17,1.7,-8.2
1500,USW00094846,"CHICAGO OHARE INTERNATIONAL AIRPORT, IL US",41.96017,-87.93164,2018-02-18,2018-02-18,5,-11
1501,USW00094846,"CHICAGO OHARE INTERNATIONAL AIRPORT, IL US",41.96017,-87.93164,2018-02-19,2018-02-19,15.6,2.8
1502,USW00094846,"CHICAGO OHARE INTERNATIONAL AIRPORT, IL US",41.96017,-87.93164,2018-02-20,2018-02-20,18.9,1.1
1503,USW00094846,"CHICAGO OHARE INTERNATIONAL AIRPORT, IL US",41.96017,-87.93164,2018-02-21,2018-02-21,1.1,-2.7
1504,USW00094846,"CHICAGO OHARE INTERNATIONAL AIRPORT, IL US",41.96017,-87.93164,2018-02-22,2018-02-22,4.4,-1.6
1505,USW00094846,"CHICAGO OHARE INTERNATIONAL AIRPORT, IL US",41.96017,-87.93164,2018-02-23,2018-02-23,6.7,0.6
1506,USW00094846,"CHICAGO OHARE INTERNATIONAL AIRPORT, IL US",41.96017,-87.93164,2018-02-24,2018-02-24,10,0.6
1507,USW00094846,"CHICAGO OHARE INTERNATIONAL AIRPORT, IL US",41.96017,-87.93164,2018-02-25,2018-02-25,10,1.1
1508,USW00094846,"CHICAGO OHARE INTERNATIONAL AIRPORT, IL US",41.96017,-87.93164,2018-02-26,2018-02-26,11.7,-2.1
1509,USW00094846,"CHICAGO OHARE INTERNATIONAL AIRPORT, IL US",41.96017,-87.93164,2018-02-27,2018-02-27,16.7,3.9
1510,USW00094846,"CHICAGO OHARE INTERNATIONAL AIRPORT, IL US",41.96017,-87.93164,2018-02-28,2018-02-28,15,2.8
1511,USW00094846,"CHICAGO OHARE INTERNATIONAL AIRPORT, IL US",41.96017,-87.93164,2018-03-01,2018-03-01,7.8,1.1
1512,USW00094846,"CHICAGO OHARE INTERNATIONAL AIRPORT, IL US",41.96017,-87.93164,2018-03-02,2018-03-02,8.9,-1
1513,USW00094846,"CHICAGO OHARE INTERNATIONAL AIRPORT, IL US",41.96017,-87.93164,2018-03-03,2018-03-03,6.1,0.6
1514,USW00094846,"CHICAGO OHARE INTERNATIONAL AIRPORT, IL US",41.96017,-87.93164,2018-03-04,2018-03-04,7.8,0
1515,USW00094846,"CHICAGO OHARE INTERNATIONAL AIRPORT, IL US",41.96017,-87.93164,2018-03-05,2018-03-05,4.4,0.6
1516,USW00094846,"CHICAGO OHARE INTERNATIONAL AIRPORT, IL US",41.96017,-87.93164,2018-03-06,2018-03-06,5,-0.5
1517,USW00094846,"CHICAGO OHARE INTERNATIONAL AIRPORT, IL US",41.96017,-87.93164,2018-03-07,2018-03-07,1.1,-3.8
1518,USW00094846,"CHICAGO OHARE INTERNATIONAL AIRPORT, IL US",41.96017,-87.93164,2018-03-08,2018-03-08,1.1,-4.3
1519,USW00094846,"CHICAGO OHARE INTERNATIONAL AIRPORT, IL US",41.96017,-87.93164,2018-03-09,2018-03-09,5,-4.9
1520,USW00094846,"CHICAGO OHARE INTERNATIONAL AIRPORT, IL US",41.96017,-87.93164,2018-03-10,2018-03-10,5,-4.9
1521,USW00094846,"CHICAGO OHARE INTERNATIONAL AIRPORT, IL US",41.96017,-87.93164,2018-03-11,2018-03-11,4.4,-2.1
1522,USW00094846,"CHICAGO OHARE INTERNATIONAL AIRPORT, IL US",41.96017,-87.93164,2018-03-12,2018-03-12,7.8,-1
1523,USW00094846,"CHICAGO OHARE INTERNATIONAL AIRPORT, IL US",41.96017,-87.93164,2018-03-13,2018-03-13,1.7,-7.1
1524,USW00094846,"CHICAGO OHARE INTERNATIONAL AIRPORT, IL US",41.96017,-87.93164,2018-03-14,2018-03-14,8.9,-5.5
1525,USW00094846,"CHICAGO OHARE INTERNATIONAL AIRPORT, IL US",41.96017,-87.93164,2018-03-15,2018-03-15,10,-2.1
1526,USW00094846,"CHICAGO OHARE INTERNATIONAL AIRPORT, IL US",41.96017,-87.93164,2018-03-16,2018-03-16,3.3,-1.6
1527,USW00094846,"CHICAGO OHARE INTERNATIONAL AIRPORT, IL US",41.96017,-87.93164,2018-03-17,2018-03-17,7.8,-1
1528,USW00094846,"CHICAGO OHARE INTERNATIONAL AIRPORT, IL US",41.96017,-87.93164,2018-03-18,2018-03-18,13.9,-2.7
1529,USW00094846,"CHICAGO OHARE INTERNATIONAL AIRPORT, IL US",41.96017,-87.93164,2018-03-19,2018-03-19,7.8,0.6
1530,USW00094846,"CHICAGO OHARE INTERNATIONAL AIRPORT, IL US",41.96017,-87.93164,2018-03-20,2018-03-20,2.8,-1.6
1531,USW00094846,"CHICAGO OHARE INTERNATIONAL AIRPORT, IL US",41.96017,-87.93164,2018-03-21,2018-03-21,4.4,-3.8
1532,USW00094846,"CHICAGO OHARE INTERNATIONAL AIRPORT, IL US",41.96017,-87.93164,2018-03-22,2018-03-22,10,-5.5
1533,USW00094846,"CHICAGO OHARE INTERNATIONAL AIRPORT, IL US",41.96017,-87.93164,2018-03-23,2018-03-23,6.1,-3.8
1534,USW00094846,"CHICAGO OHARE INTERNATIONAL AIRPORT, IL US",41.96017,-87.93164,2018-03-24,2018-03-24,4.4,0
1535,USW00094846,"CHICAGO OHARE INTERNATIONAL AIRPORT, IL US",41.96017,-87.93164,2018-03-25,2018-03-25,5,-2.7
1536,USW00094846,"CHICAGO OHARE INTERNATIONAL AIRPORT, IL US",41.96017,-87.93164,2018-03-26,2018-03-26,11.7,-0.5
1537,USW00094846,"CHICAGO OHARE INTERNATIONAL AIRPORT, IL US",41.96017,-87.93164,2018-03-27,2018-03-27,10.6,3.9
1538,USW00094846,"CHICAGO OHARE INTERNATIONAL AIRPORT, IL US",41.96017,-87.93164,2018-03-28,2018-03-28,12.2,3.9
1539,USW00094846,"CHICAGO OHARE INTERNATIONAL AIRPORT, IL US",41.96017,-87.93164,2018-03-29,2018-03-29,10,1.7
1540,USW00094846,"CHICAGO OHARE INTERNATIONAL AIRPORT, IL US",41.96017,-87.93164,2018-03-30,2018-03-30,9.4,0.6
1541,USW00094846,"CHICAGO OHARE INTERNATIONAL AIRPORT, IL US",41.96017,-87.93164,2018-03-31,2018-03-31,14.4,0
1542,USW00094846,"CHICAGO OHARE INTERNATIONAL AIRPORT, IL US",41.96017,-87.93164,2018-04-01,2018-04-01,1.7,-4.3
1543,USW00094846,"CHICAGO OHARE INTERNATIONAL AIRPORT, IL US",41.96017,-87.93164,2018-04-02,2018-04-02,6.7,-6
1544,USW00094846,"CHICAGO OHARE INTERNATIONAL AIRPORT, IL US",41.96017,-87.93164,2018-04-03,2018-04-03,4.4,1.1
1545,USW00094846,"CHICAGO OHARE INTERNATIONAL AIRPORT, IL US",41.96017,-87.93164,2018-04-04,2018-04-04,1.7,-3.2
1546,USW00094846,"CHICAGO OHARE INTERNATIONAL AIRPORT, IL US",41.96017,-87.93164,2018-04-05,2018-04-05,5.6,-4.9
1547,USW00094846,"CHICAGO OHARE INTERNATIONAL AIRPORT, IL US",41.96017,-87.93164,2018-04-06,2018-04-06,3.3,-3.8
1548,USW00094846,"CHICAGO OHARE INTERNATIONAL AIRPORT, IL US",41.96017,-87.93164,2018-04-07,2018-04-07,3.9,-6.6
1549,USW00094846,"CHICAGO OHARE INTERNATIONAL AIRPORT, IL US",41.96017,-87.93164,2018-04-08,2018-04-08,3.9,-6
1550,USW00094846,"CHICAGO OHARE INTERNATIONAL AIRPORT, IL US",41.96017,-87.93164,2018-04-09,2018-04-09,3.9,-1
1551,USW00094846,"CHICAGO OHARE INTERNATIONAL AIRPORT, IL US",41.96017,-87.93164,2018-04-10,2018-04-10,7.8,-2.1
1552,USW00094846,"CHICAGO OHARE INTERNATIONAL AIRPORT, IL US",41.96017,-87.93164,2018-04-11,2018-04-11,18.9,3.9
1553,USW00094846,"CHICAGO OHARE INTERNATIONAL AIRPORT, IL US",41.96017,-87.93164,2018-04-12,2018-04-12,22.8,5.6
1554,USW00094846,"CHICAGO OHARE INTERNATIONAL AIRPORT, IL US",41.96017,-87.93164,2018-04-13,2018-04-13,8.3,3.9
1555,USW00094846,"CHICAGO OHARE INTERNATIONAL AIRPORT, IL US",41.96017,-87.93164,2018-04-14,2018-04-14,3.9,2.2
1556,USW00094846,"CHICAGO OHARE INTERNATIONAL AIRPORT, IL US",41.96017,-87.93164,2018-04-15,2018-04-15,2.8,-2.1
1557,USW00094846,"CHICAGO OHARE INTERNATIONAL AIRPORT, IL US",41.96017,-87.93164,2018-04-16,2018-04-16,1.7,-2.7
1558,USW00094846,"CHICAGO OHARE INTERNATIONAL AIRPORT, IL US",41.96017,-87.93164,2018-04-17,2018-04-17,6.1,-1.6
1559,USW00094846,"CHICAGO OHARE INTERNATIONAL AIRPORT, IL US",41.96017,-87.93164,2018-04-18,2018-04-18,2.8,-1
1560,USW00094846,"CHICAGO OHARE INTERNATIONAL AIRPORT, IL US",41.96017,-87.93164,2018-04-19,2018-04-19,12.8,-0.5
1561,USW00094846,"CHICAGO OHARE INTERNATIONAL AIRPORT, IL US",41.96017,-87.93164,2018-04-20,2018-04-20,16.1,-0.5
1562,USW00094846,"CHICAGO OHARE INTERNATIONAL AIRPORT, IL US",41.96017,-87.93164,2018-04-21,2018-04-21,12.8,3.9
1563,USW00094846,"CHICAGO OHARE INTERNATIONAL AIRPORT, IL US",41.96017,-87.93164,2018-04-22,2018-04-22,16.7,5.6
1564,USW00094846,"CHICAGO OHARE INTERNATIONAL AIRPORT, IL US",41.96017,-87.93164,2018-04-23,2018-04-23,17.2,6.1
1565,USW00094846,"CHICAGO OHARE INTERNATIONAL AIRPORT, IL US",41.96017,-87.93164,2018-04-24,2018-04-24,18.3,8.9
1566,USW00094846,"CHICAGO OHARE INTERNATIONAL AIRPORT, IL US",41.96017,-87.93164,2018-04-25,2018-04-25,11.7,3.3
1567,USW00094846,"CHICAGO OHARE INTERNATIONAL AIRPORT, IL US",41.96017,-87.93164,2018-04-26,2018-04-26,18.9,2.2
1568,USW00094846,"CHICAGO OHARE INTERNATIONAL AIRPORT, IL US",41.96017,-87.93164,2018-04-27,2018-04-27,14.4,3.9
1569,USW00094846,"CHICAGO OHARE INTERNATIONAL AIRPORT, IL US",41.96017,-87.93164,2018-04-28,2018-04-28,10,0.6
1570,USW00094846,"CHICAGO OHARE INTERNATIONAL AIRPORT, IL US",41.96017,-87.93164,2018-04-29,2018-04-29,15,-0.5
1571,USW00094846,"CHICAGO OHARE INTERNATIONAL AIRPORT, IL US",41.96017,-87.93164,2018-04-30,2018-04-30,26.7,4.4
1572,USW00094846,"CHICAGO OHARE INTERNATIONAL AIRPORT, IL US",41.96017,-87.93164,2018-05-01,2018-05-01,30,15.6
1573,USW00094846,"CHICAGO OHARE INTERNATIONAL AIRPORT, IL US",41.96017,-87.93164,2018-05-02,2018-05-02,30,17.2
1574,USW00094846,"CHICAGO OHARE INTERNATIONAL AIRPORT, IL US",41.96017,-87.93164,2018-05-03,2018-05-03,21.1,12.2
1575,USW00094846,"CHICAGO OHARE INTERNATIONAL AIRPORT, IL US",41.96017,-87.93164,2018-05-04,2018-05-04,23.3,16.1
1576,USW00094846,"CHICAGO OHARE INTERNATIONAL AIRPORT, IL US",41.96017,-87.93164,2018-05-05,2018-05-05,27.8,13.9
1577,USW00094846,"CHICAGO OHARE INTERNATIONAL AIRPORT, IL US",41.96017,-87.93164,2018-05-06,2018-05-06,20,10
1578,USW00094846,"CHICAGO OHARE INTERNATIONAL AIRPORT, IL US",41.96017,-87.93164,2018-05-07,2018-05-07,23.9,7.8
1579,USW00094846,"CHICAGO OHARE INTERNATIONAL AIRPORT, IL US",41.96017,-87.93164,2018-05-08,2018-05-08,27.2,13.9
1580,USW00094846,"CHICAGO OHARE INTERNATIONAL AIRPORT, IL US",41.96017,-87.93164,2018-05-09,2018-05-09,27.2,13.9
1581,USW00094846,"CHICAGO OHARE INTERNATIONAL AIRPORT, IL US",41.96017,-87.93164,2018-05-10,2018-05-10,22.8,10
1582,USW00094846,"CHICAGO OHARE INTERNATIONAL AIRPORT, IL US",41.96017,-87.93164,2018-05-11,2018-05-11,11.1,7.2
1583,USW00094846,"CHICAGO OHARE INTERNATIONAL AIRPORT, IL US",41.96017,-87.93164,2018-05-12,2018-05-12,10,6.7
1584,USW00094846,"CHICAGO OHARE INTERNATIONAL AIRPORT, IL US",41.96017,-87.93164,2018-05-13,2018-05-13,19.4,7.2
1585,USW00094846,"CHICAGO OHARE INTERNATIONAL AIRPORT, IL US",41.96017,-87.93164,2018-05-14,2018-05-14,28.3,11.7
1586,USW00094846,"CHICAGO OHARE INTERNATIONAL AIRPORT, IL US",41.96017,-87.93164,2018-05-15,2018-05-15,21.7,10.6
1587,USW00094846,"CHICAGO OHARE INTERNATIONAL AIRPORT, IL US",41.96017,-87.93164,2018-05-16,2018-05-16,26.1,8.3
1588,USW00094846,"CHICAGO OHARE INTERNATIONAL AIRPORT, IL US",41.96017,-87.93164,2018-05-17,2018-05-17,20.6,11.1
1589,USW00094846,"CHICAGO OHARE INTERNATIONAL AIRPORT, IL US",41.96017,-87.93164,2018-05-18,2018-05-18,18.3,11.1
1590,USW00094846,"CHICAGO OHARE INTERNATIONAL AIRPORT, IL US",41.96017,-87.93164,2018-05-19,2018-05-19,20.6,12.2
1591,USW00094846,"CHICAGO OHARE INTERNATIONAL AIRPORT, IL US",41.96017,-87.93164,2018-05-20,2018-05-20,12.8,6.7
1592,USW00094846,"CHICAGO OHARE INTERNATIONAL AIRPORT, IL US",41.96017,-87.93164,2018-05-21,2018-05-21,17.8,9.4
1593,USW00094846,"CHICAGO OHARE INTERNATIONAL AIRPORT, IL US",41.96017,-87.93164,2018-05-22,2018-05-22,19.4,12.2
1594,USW00094846,"CHICAGO OHARE INTERNATIONAL AIRPORT, IL US",41.96017,-87.93164,2018-05-23,2018-05-23,26.7,11.1
1595,USW00094846,"CHICAGO OHARE INTERNATIONAL AIRPORT, IL US",41.96017,-87.93164,2018-05-24,2018-05-24,30.6,14.4
1596,USW00094846,"CHICAGO OHARE INTERNATIONAL AIRPORT, IL US",41.96017,-87.93164,2018-05-25,2018-05-25,31.7,19.4
1597,USW00094846,"CHICAGO OHARE INTERNATIONAL AIRPORT, IL US",41.96017,-87.93164,2018-05-26,2018-05-26,32.2,21.1
1598,USW00094846,"CHICAGO OHARE INTERNATIONAL AIRPORT, IL US",41.96017,-87.93164,2018-05-27,2018-05-27,36.1,21.1
1599,USW00094846,"CHICAGO OHARE INTERNATIONAL AIRPORT, IL US",41.96017,-87.93164,2018-05-28,2018-05-28,35,21.1
1600,USW00094846,"CHICAGO OHARE INTERNATIONAL AIRPORT, IL US",41.96017,-87.93164,2018-05-29,2018-05-29,30.6,18.9
1601,USW00094846,"CHICAGO OHARE INTERNATIONAL AIRPORT, IL US",41.96017,-87.93164,2018-05-30,2018-05-30,30,19.4
1602,USW00094846,"CHICAGO OHARE INTERNATIONAL AIRPORT, IL US",41.96017,-87.93164,2018-05-31,2018-05-31,31.7,20.6
1603,USW00094846,"CHICAGO OHARE INTERNATIONAL AIRPORT, IL US",41.96017,-87.93164,2018-06-01,2018-06-01,24.4,11.7
1604,USW00094846,"CHICAGO OHARE INTERNATIONAL AIRPORT, IL US",41.96017,-87.93164,2018-06-02,2018-06-02,21.1,11.1
1605,USW00094846,"CHICAGO OHARE INTERNATIONAL AIRPORT, IL US",41.96017,-87.93164,2018-06-03,2018-06-03,25.6,15.6
1606,USW00094846,"CHICAGO OHARE INTERNATIONAL AIRPORT, IL US",41.96017,-87.93164,2018-06-04,2018-06-04,26.7,12.8
1607,USW00094846,"CHICAGO OHARE INTERNATIONAL AIRPORT, IL US",41.96017,-87.93164,2018-06-05,2018-06-05,22.2,12.2
1608,USW00094846,"CHICAGO OHARE INTERNATIONAL AIRPORT, IL US",41.96017,-87.93164,2018-06-06,2018-06-06,26.1,8.9
1609,USW00094846,"CHICAGO OHARE INTERNATIONAL AIRPORT, IL US",41.96017,-87.93164,2018-06-07,2018-06-07,27.2,15.6
1610,USW00094846,"CHICAGO OHARE INTERNATIONAL AIRPORT, IL US",41.96017,-87.93164,2018-06-08,2018-06-08,22.8,15
1611,USW00094846,"CHICAGO OHARE INTERNATIONAL AIRPORT, IL US",41.96017,-87.93164,2018-06-09,2018-06-09,27.8,13.9
1612,USW00094846,"CHICAGO OHARE INTERNATIONAL AIRPORT, IL US",41.96017,-87.93164,2018-06-10,2018-06-10,21.7,15.6
1613,USW00094846,"CHICAGO OHARE INTERNATIONAL AIRPORT, IL US",41.96017,-87.93164,2018-06-11,2018-06-11,21.1,16.1
1614,USW00094846,"CHICAGO OHARE INTERNATIONAL AIRPORT, IL US",41.96017,-87.93164,2018-06-12,2018-06-12,26.7,16.7
1615,USW00094846,"CHICAGO OHARE INTERNATIONAL AIRPORT, IL US",41.96017,-87.93164,2018-06-13,2018-06-13,27.2,17.8
1616,USW00094846,"CHICAGO OHARE INTERNATIONAL AIRPORT, IL US",41.96017,-87.93164,2018-06-14,2018-06-14,27.2,17.8
1617,USW00094846,"CHICAGO OHARE INTERNATIONAL AIRPORT, IL US",41.96017,-87.93164,2018-06-15,2018-06-15,31.7,17.8
1618,USW00094846,"CHICAGO OHARE INTERNATIONAL AIRPORT, IL US",41.96017,-87.93164,2018-06-16,2018-06-16,33.3,20.6
1619,USW00094846,"CHICAGO OHARE INTERNATIONAL AIRPORT, IL US",41.96017,-87.93164,2018-06-17,2018-06-17,33.9,25.6
1620,USW00094846,"CHICAGO OHARE INTERNATIONAL AIRPORT, IL US",41.96017,-87.93164,2018-06-18,2018-06-18,35,18.9
1621,USW00094846,"CHICAGO OHARE INTERNATIONAL AIRPORT, IL US",41.96017,-87.93164,2018-06-19,2018-06-19,27.2,17.2
1622,USW00094846,"CHICAGO OHARE INTERNATIONAL AIRPORT, IL US",41.96017,-87.93164,2018-06-20,2018-06-20,25,18.3
1623,USW00094846,"CHICAGO OHARE INTERNATIONAL AIRPORT, IL US",41.96017,-87.93164,2018-06-21,2018-06-21,19.4,16.7
1624,USW00094846,"CHICAGO OHARE INTERNATIONAL AIRPORT, IL US",41.96017,-87.93164,2018-06-22,2018-06-22,17.8,15
1625,USW00094846,"CHICAGO OHARE INTERNATIONAL AIRPORT, IL US",41.96017,-87.93164,2018-06-23,2018-06-23,27.2,16.7
1626,USW00094846,"CHICAGO OHARE INTERNATIONAL AIRPORT, IL US",41.96017,-87.93164,2018-06-24,2018-06-24,26.7,17.8
1627,USW00094846,"CHICAGO OHARE INTERNATIONAL AIRPORT, IL US",41.96017,-87.93164,2018-06-25,2018-06-25,25.6,16.1
1628,USW00094846,"CHICAGO OHARE INTERNATIONAL AIRPORT, IL US",41.96017,-87.93164,2018-06-26,2018-06-26,28.9,18.9
1629,USW00094846,"CHICAGO OHARE INTERNATIONAL AIRPORT, IL US",41.96017,-87.93164,2018-06-27,2018-06-27,26.7,20.6
1630,USW00094846,"CHICAGO OHARE INTERNATIONAL AIRPORT, IL US",41.96017,-87.93164,2018-06-28,2018-06-28,31.1,20
1631,USW00094846,"CHICAGO OHARE INTERNATIONAL AIRPORT, IL US",41.96017,-87.93164,2018-06-29,2018-06-29,35.6,22.8
1632,USW00094846,"CHICAGO OHARE INTERNATIONAL AIRPORT, IL US",41.96017,-87.93164,2018-06-30,2018-06-30,34.4,26.7
1633,USW00094846,"CHICAGO OHARE INTERNATIONAL AIRPORT, IL US",41.96017,-87.93164,2018-07-01,2018-07-01,34.4,24.4
1634,USW00094846,"CHICAGO OHARE INTERNATIONAL AIRPORT, IL US",41.96017,-87.93164,2018-07-02,2018-07-02,29.4,20.6
1635,USW00094846,"CHICAGO OHARE INTERNATIONAL AIRPORT, IL US",41.96017,-87.93164,2018-07-03,2018-07-03,31.7,17.2
1636,USW00094846,"CHICAGO OHARE INTERNATIONAL AIRPORT, IL US",41.96017,-87.93164,2018-07-04,2018-07-04,33.9,24.4
1637,USW00094846,"CHICAGO OHARE INTERNATIONAL AIRPORT, IL US",41.96017,-87.93164,2018-07-05,2018-07-05,33.3,23.3
1638,USW00094846,"CHICAGO OHARE INTERNATIONAL AIRPORT, IL US",41.96017,-87.93164,2018-07-06,2018-07-06,23.9,17.8
1639,USW00094846,"CHICAGO OHARE INTERNATIONAL AIRPORT, IL US",41.96017,-87.93164,2018-07-07,2018-07-07,27.8,15
1640,USW00094846,"CHICAGO OHARE INTERNATIONAL AIRPORT, IL US",41.96017,-87.93164,2018-07-08,2018-07-08,31.1,17.2
1641,USW00094846,"CHICAGO OHARE INTERNATIONAL AIRPORT, IL US",41.96017,-87.93164,2018-07-09,2018-07-09,32.8,19.4
1642,USW00094846,"CHICAGO OHARE INTERNATIONAL AIRPORT, IL US",41.96017,-87.93164,2018-07-10,2018-07-10,30.6,21.7
1643,USW00094846,"CHICAGO OHARE INTERNATIONAL AIRPORT, IL US",41.96017,-87.93164,2018-07-11,2018-07-11,30.6,19.4
1644,USW00094846,"CHICAGO OHARE INTERNATIONAL AIRPORT, IL US",41.96017,-87.93164,2018-07-12,2018-07-12,30.6,21.1
1645,USW00094846,"CHICAGO OHARE INTERNATIONAL AIRPORT, IL US",41.96017,-87.93164,2018-07-13,2018-07-13,35,22.2
1646,USW00094846,"CHICAGO OHARE INTERNATIONAL AIRPORT, IL US",41.96017,-87.93164,2018-07-14,2018-07-14,27.8,22.2
1647,USW00094846,"CHICAGO OHARE INTERNATIONAL AIRPORT, IL US",41.96017,-87.93164,2018-07-15,2018-07-15,32.8,22.2
1648,USW00094846,"CHICAGO OHARE INTERNATIONAL AIRPORT, IL US",41.96017,-87.93164,2018-07-16,2018-07-16,33.9,22.2
1649,USW00094846,"CHICAGO OHARE INTERNATIONAL AIRPORT, IL US",41.96017,-87.93164,2018-07-17,2018-07-17,27.2,20
1650,USW00094846,"CHICAGO OHARE INTERNATIONAL AIRPORT, IL US",41.96017,-87.93164,2018-07-18,2018-07-18,26.7,17.2
1651,USW00094846,"CHICAGO OHARE INTERNATIONAL AIRPORT, IL US",41.96017,-87.93164,2018-07-19,2018-07-19,30.6,19.4
1652,USW00094846,"CHICAGO OHARE INTERNATIONAL AIRPORT, IL US",41.96017,-87.93164,2018-07-20,2018-07-20,25.6,21.1
1653,USW00094846,"CHICAGO OHARE INTERNATIONAL AIRPORT, IL US",41.96017,-87.93164,2018-07-21,2018-07-21,26.1,20.6
1654,USW00094846,"CHICAGO OHARE INTERNATIONAL AIRPORT, IL US",41.96017,-87.93164,2018-07-22,2018-07-22,24.4,19.4
1655,USW00094846,"CHICAGO OHARE INTERNATIONAL AIRPORT, IL US",41.96017,-87.93164,2018-07-23,2018-07-23,27.8,18.3
1656,USW00094846,"CHICAGO OHARE INTERNATIONAL AIRPORT, IL US",41.96017,-87.93164,2018-07-24,2018-07-24,31.1,18.9
1657,USW00094846,"CHICAGO OHARE INTERNATIONAL AIRPORT, IL US",41.96017,-87.93164,2018-07-25,2018-07-25,32.2,19.4
1658,USW00094846,"CHICAGO OHARE INTERNATIONAL AIRPORT, IL US",41.96017,-87.93164,2018-07-26,2018-07-26,27.2,18.9
1659,USW00094846,"CHICAGO OHARE INTERNATIONAL AIRPORT, IL US",41.96017,-87.93164,2018-07-27,2018-07-27,26.1,16.7
1660,USW00094846,"CHICAGO OHARE INTERNATIONAL AIRPORT, IL US",41.96017,-87.93164,2018-07-28,2018-07-28,27.8,16.1
1661,USW00094846,"CHICAGO OHARE INTERNATIONAL AIRPORT, IL US",41.96017,-87.93164,2018-07-29,2018-07-29,28.3,16.7
1662,USW00094846,"CHICAGO OHARE INTERNATIONAL AIRPORT, IL US",41.96017,-87.93164,2018-07-30,2018-07-30,27.8,16.7
1663,USW00094846,"CHICAGO OHARE INTERNATIONAL AIRPORT, IL US",41.96017,-87.93164,2018-07-31,2018-07-31,26.7,18.9
1664,USW00094846,"CHICAGO OHARE INTERNATIONAL AIRPORT, IL US",41.96017,-87.93164,2018-08-01,2018-08-01,29.4,17.2
1665,USW00094846,"CHICAGO OHARE INTERNATIONAL AIRPORT, IL US",41.96017,-87.93164,2018-08-02,2018-08-02,29.4,21.1
1666,USW00094846,"CHICAGO OHARE INTERNATIONAL AIRPORT, IL US",41.96017,-87.93164,2018-08-03,2018-08-03,31.7,19.4
1667,USW00094846,"CHICAGO OHARE INTERNATIONAL AIRPORT, IL US",41.96017,-87.93164,2018-08-04,2018-08-04,36.1,21.7
1668,USW00094846,"CHICAGO OHARE INTERNATIONAL AIRPORT, IL US",41.96017,-87.93164,2018-08-05,2018-08-05,34.4,23.9
1669,USW00094846,"CHICAGO OHARE INTERNATIONAL AIRPORT, IL US",41.96017,-87.93164,2018-08-06,2018-08-06,27.2,20.6
1670,USW00094846,"CHICAGO OHARE INTERNATIONAL AIRPORT, IL US",41.96017,-87.93164,2018-08-07,2018-08-07,28.3,20.6
1671,USW00094846,"CHICAGO OHARE INTERNATIONAL AIRPORT, IL US",41.96017,-87.93164,2018-08-08,2018-08-08,29.4,20.6
1672,USW00094846,"CHICAGO OHARE INTERNATIONAL AIRPORT, IL US",41.96017,-87.93164,2018-08-09,2018-08-09,31.7,20.6
1673,USW00094846,"CHICAGO OHARE INTERNATIONAL AIRPORT, IL US",41.96017,-87.93164,2018-08-10,2018-08-10,28.3,21.1
1674,USW00094846,"CHICAGO OHARE INTERNATIONAL AIRPORT, IL US",41.96017,-87.93164,2018-08-11,2018-08-11,31.1,20
1675,USW00094846,"CHICAGO OHARE INTERNATIONAL AIRPORT, IL US",41.96017,-87.93164,2018-08-12,2018-08-12,30.6,21.1
1676,USW00094846,"CHICAGO OHARE INTERNATIONAL AIRPORT, IL US",41.96017,-87.93164,2018-08-13,2018-08-13,31.7,18.9
1677,USW00094846,"CHICAGO OHARE INTERNATIONAL AIRPORT, IL US",41.96017,-87.93164,2018-08-14,2018-08-14,30.6,21.7
1678,USW00094846,"CHICAGO OHARE INTERNATIONAL AIRPORT, IL US",41.96017,-87.93164,2018-08-15,2018-08-15,29.4,22.8
1679,USW00094846,"CHICAGO OHARE INTERNATIONAL AIRPORT, IL US",41.96017,-87.93164,2018-08-16,2018-08-16,30,20.6
1680,USW00094846,"CHICAGO OHARE INTERNATIONAL AIRPORT, IL US",41.96017,-87.93164,2018-08-17,2018-08-17,29.4,20
1681,USW00094846,"CHICAGO OHARE INTERNATIONAL AIRPORT, IL US",41.96017,-87.93164,2018-08-18,2018-08-18,26.7,21.1
1682,USW00094846,"CHICAGO OHARE INTERNATIONAL AIRPORT, IL US",41.96017,-87.93164,2018-08-19,2018-08-19,30,20
1683,USW00094846,"CHICAGO OHARE INTERNATIONAL AIRPORT, IL US",41.96017,-87.93164,2018-08-20,2018-08-20,26.1,20.6
1684,USW00094846,"CHICAGO OHARE INTERNATIONAL AIRPORT, IL US",41.96017,-87.93164,2018-08-21,2018-08-21,25.6,18.9
1685,USW00094846,"CHICAGO OHARE INTERNATIONAL AIRPORT, IL US",41.96017,-87.93164,2018-08-22,2018-08-22,26.1,14.4
1686,USW00094846,"CHICAGO OHARE INTERNATIONAL AIRPORT, IL US",41.96017,-87.93164,2018-08-23,2018-08-23,26.7,15.6
1687,USW00094846,"CHICAGO OHARE INTERNATIONAL AIRPORT, IL US",41.96017,-87.93164,2018-08-24,2018-08-24,22.2,17.2
1688,USW00094846,"CHICAGO OHARE INTERNATIONAL AIRPORT, IL US",41.96017,-87.93164,2018-08-25,2018-08-25,30,18.9
1689,USW00094846,"CHICAGO OHARE INTERNATIONAL AIRPORT, IL US",41.96017,-87.93164,2018-08-26,2018-08-26,33.9,22.2
1690,USW00094846,"CHICAGO OHARE INTERNATIONAL AIRPORT, IL US",41.96017,-87.93164,2018-08-27,2018-08-27,33.9,25.6
1691,USW00094846,"CHICAGO OHARE INTERNATIONAL AIRPORT, IL US",41.96017,-87.93164,2018-08-28,2018-08-28,32.8,19.4
1692,USW00094846,"CHICAGO OHARE INTERNATIONAL AIRPORT, IL US",41.96017,-87.93164,2018-08-29,2018-08-29,24.4,18.3
1693,USW00094846,"CHICAGO OHARE INTERNATIONAL AIRPORT, IL US",41.96017,-87.93164,2018-08-30,2018-08-30,22.8,16.1
1694,USW00094846,"CHICAGO OHARE INTERNATIONAL AIRPORT, IL US",41.96017,-87.93164,2018-08-31,2018-08-31,29.4,15.6
1695,USW00094846,"CHICAGO OHARE INTERNATIONAL AIRPORT, IL US",41.96017,-87.93164,2018-09-01,2018-09-01,30,22.2
1696,USW00094846,"CHICAGO OHARE INTERNATIONAL AIRPORT, IL US",41.96017,-87.93164,2018-09-02,2018-09-02,32.8,21.1
1697,USW00094846,"CHICAGO OHARE INTERNATIONAL AIRPORT, IL US",41.96017,-87.93164,2018-09-03,2018-09-03,31.1,21.1
1698,USW00094846,"CHICAGO OHARE INTERNATIONAL AIRPORT, IL US",41.96017,-87.93164,2018-09-04,2018-09-04,33.3,21.7
1699,USW00094846,"CHICAGO OHARE INTERNATIONAL AIRPORT, IL US",41.96017,-87.93164,2018-09-05,2018-09-05,32.8,20.6
1700,USW00094846,"CHICAGO OHARE INTERNATIONAL AIRPORT, IL US",41.96017,-87.93164,2018-09-06,2018-09-06,20.6,17.8
1701,USW00094846,"CHICAGO OHARE INTERNATIONAL AIRPORT, IL US",41.96017,-87.93164,2018-09-07,2018-09-07,20.6,17.2
1702,USW00094846,"CHICAGO OHARE INTERNATIONAL AIRPORT, IL US",41.96017,-87.93164,2018-09-08,2018-09-08,20.6,17.2
1703,USW00094846,"CHICAGO OHARE INTERNATIONAL AIRPORT, IL US",41.96017,-87.93164,2018-09-09,2018-09-09,20,15.6
1704,USW00094846,"CHICAGO OHARE INTERNATIONAL AIRPORT, IL US",41.96017,-87.93164,2018-09-10,2018-09-10,23.3,13.3
1705,USW00094846,"CHICAGO OHARE INTERNATIONAL AIRPORT, IL US",41.96017,-87.93164,2018-09-11,2018-09-11,26.1,13.9
1706,USW00094846,"CHICAGO OHARE INTERNATIONAL AIRPORT, IL US",41.96017,-87.93164,2018-09-12,2018-09-12,27.8,16.1
1707,USW00094846,"CHICAGO OHARE INTERNATIONAL AIRPORT, IL US",41.96017,-87.93164,2018-09-13,2018-09-13,25.6,15.6
1708,USW00094846,"CHICAGO OHARE INTERNATIONAL AIRPORT, IL US",41.96017,-87.93164,2018-09-14,2018-09-14,30.6,17.8
1709,USW00094846,"CHICAGO OHARE INTERNATIONAL AIRPORT, IL US",41.96017,-87.93164,2018-09-15,2018-09-15,27.8,17.8
1710,USW00094846,"CHICAGO OHARE INTERNATIONAL AIRPORT, IL US",41.96017,-87.93164,2018-09-16,2018-09-16,31.7,18.9
1711,USW00094846,"CHICAGO OHARE INTERNATIONAL AIRPORT, IL US",41.96017,-87.93164,2018-09-17,2018-09-17,32.8,20.6
1712,USW00094846,"CHICAGO OHARE INTERNATIONAL AIRPORT, IL US",41.96017,-87.93164,2018-09-18,2018-09-18,23.9,18.9
1713,USW00094846,"CHICAGO OHARE INTERNATIONAL AIRPORT, IL US",41.96017,-87.93164,2018-09-19,2018-09-19,24.4,18.9
1714,USW00094846,"CHICAGO OHARE INTERNATIONAL AIRPORT, IL US",41.96017,-87.93164,2018-09-20,2018-09-20,33.9,18.9
1715,USW00094846,"CHICAGO OHARE INTERNATIONAL AIRPORT, IL US",41.96017,-87.93164,2018-09-21,2018-09-21,28.3,13.3
1716,USW00094846,"CHICAGO OHARE INTERNATIONAL AIRPORT, IL US",41.96017,-87.93164,2018-09-22,2018-09-22,17.8,10.6
1717,USW00094846,"CHICAGO OHARE INTERNATIONAL AIRPORT, IL US",41.96017,-87.93164,2018-09-23,2018-09-23,21.7,10
1718,USW00094846,"CHICAGO OHARE INTERNATIONAL AIRPORT, IL US",41.96017,-87.93164,2018-09-24,2018-09-24,23.3,13.9
1719,USW00094846,"CHICAGO OHARE INTERNATIONAL AIRPORT, IL US",41.96017,-87.93164,2018-09-25,2018-09-25,28.9,16.1
1720,USW00094846,"CHICAGO OHARE INTERNATIONAL AIRPORT, IL US",41.96017,-87.93164,2018-09-26,2018-09-26,19.4,10
1721,USW00094846,"CHICAGO OHARE INTERNATIONAL AIRPORT, IL US",41.96017,-87.93164,2018-09-27,2018-09-27,21.1,8.9
1722,USW00094846,"CHICAGO OHARE INTERNATIONAL AIRPORT, IL US",41.96017,-87.93164,2018-09-28,2018-09-28,15.6,7.8
1723,USW00094846,"CHICAGO OHARE INTERNATIONAL AIRPORT, IL US",41.96017,-87.93164,2018-09-29,2018-09-29,16.1,5.6
1724,USW00094846,"CHICAGO OHARE INTERNATIONAL AIRPORT, IL US",41.96017,-87.93164,2018-09-30,2018-09-30,16.7,11.7
1725,USW00094846,"CHICAGO OHARE INTERNATIONAL AIRPORT, IL US",41.96017,-87.93164,2018-10-01,2018-10-01,22.2,13.9
1726,USW00094846,"CHICAGO OHARE INTERNATIONAL AIRPORT, IL US",41.96017,-87.93164,2018-10-02,2018-10-02,19.4,14.4
1727,USW00094846,"CHICAGO OHARE INTERNATIONAL AIRPORT, IL US",41.96017,-87.93164,2018-10-03,2018-10-03,31.1,15
1728,USW00094846,"CHICAGO OHARE INTERNATIONAL AIRPORT, IL US",41.96017,-87.93164,2018-10-04,2018-10-04,25,11.1
1729,USW00094846,"CHICAGO OHARE INTERNATIONAL AIRPORT, IL US",41.96017,-87.93164,2018-10-05,2018-10-05,18.3,12.2
1730,USW00094846,"CHICAGO OHARE INTERNATIONAL AIRPORT, IL US",41.96017,-87.93164,2018-10-06,2018-10-06,21.1,13.9
1731,USW00094846,"CHICAGO OHARE INTERNATIONAL AIRPORT, IL US",41.96017,-87.93164,2018-10-07,2018-10-07,17.2,13.9
1732,USW00094846,"CHICAGO OHARE INTERNATIONAL AIRPORT, IL US",41.96017,-87.93164,2018-10-08,2018-10-08,29.4,17.2
1733,USW00094846,"CHICAGO OHARE INTERNATIONAL AIRPORT, IL US",41.96017,-87.93164,2018-10-09,2018-10-09,29.4,21.1
1734,USW00094846,"CHICAGO OHARE INTERNATIONAL AIRPORT, IL US",41.96017,-87.93164,2018-10-10,2018-10-10,23.9,10.6
1735,USW00094846,"CHICAGO OHARE INTERNATIONAL AIRPORT, IL US",41.96017,-87.93164,2018-10-11,2018-10-11,10.6,4.4
1736,USW00094846,"CHICAGO OHARE INTERNATIONAL AIRPORT, IL US",41.96017,-87.93164,2018-10-12,2018-10-12,5.6,2.2
1737,USW00094846,"CHICAGO OHARE INTERNATIONAL AIRPORT, IL US",41.96017,-87.93164,2018-10-13,2018-10-13,11.7,0
1738,USW00094846,"CHICAGO OHARE INTERNATIONAL AIRPORT, IL US",41.96017,-87.93164,2018-10-14,2018-10-14,12.2,3.3
1739,USW00094846,"CHICAGO OHARE INTERNATIONAL AIRPORT, IL US",41.96017,-87.93164,2018-10-15,2018-10-15,8.9,2.8
1740,USW00094846,"CHICAGO OHARE INTERNATIONAL AIRPORT, IL US",41.96017,-87.93164,2018-10-16,2018-10-16,15,1.1
1741,USW00094846,"CHICAGO OHARE INTERNATIONAL AIRPORT, IL US",41.96017,-87.93164,2018-10-17,2018-10-17,10.6,3.3
1742,USW00094846,"CHICAGO OHARE INTERNATIONAL AIRPORT, IL US",41.96017,-87.93164,2018-10-18,2018-10-18,14.4,1.1
1743,USW00094846,"CHICAGO OHARE INTERNATIONAL AIRPORT, IL US",41.96017,-87.93164,2018-10-19,2018-10-19,12.2,7.8
1744,USW00094846,"CHICAGO OHARE INTERNATIONAL AIRPORT, IL US",41.96017,-87.93164,2018-10-20,2018-10-20,10.6,-0.5
1745,USW00094846,"CHICAGO OHARE INTERNATIONAL AIRPORT, IL US",41.96017,-87.93164,2018-10-21,2018-10-21,10.6,-2.1
1746,USW00094846,"CHICAGO OHARE INTERNATIONAL AIRPORT, IL US",41.96017,-87.93164,2018-10-22,2018-10-22,17.8,3.3
1747,USW00094846,"CHICAGO OHARE INTERNATIONAL AIRPORT, IL US",41.96017,-87.93164,2018-10-23,2018-10-23,12.2,3.3
1748,USW00094846,"CHICAGO OHARE INTERNATIONAL AIRPORT, IL US",41.96017,-87.93164,2018-10-24,2018-10-24,11.1,2.8
1749,USW00094846,"CHICAGO OHARE INTERNATIONAL AIRPORT, IL US",41.96017,-87.93164,2018-10-25,2018-10-25,11.7,2.8
1750,USW00094846,"CHICAGO OHARE INTERNATIONAL AIRPORT, IL US",41.96017,-87.93164,2018-10-26,2018-10-26,11.7,7.8
1751,USW00094846,"CHICAGO OHARE INTERNATIONAL AIRPORT, IL US",41.96017,-87.93164,2018-10-27,2018-10-27,12.2,6.1
1752,USW00094846,"CHICAGO OHARE INTERNATIONAL AIRPORT, IL US",41.96017,-87.93164,2018-10-28,2018-10-28,10.6,6.7
1753,USW00094846,"CHICAGO OHARE INTERNATIONAL AIRPORT, IL US",41.96017,-87.93164,2018-10-29,2018-10-29,13.3,4.4
1754,USW00094846,"CHICAGO OHARE INTERNATIONAL AIRPORT, IL US",41.96017,-87.93164,2018-10-30,2018-10-30,17.8,7.2
1755,USW00094846,"CHICAGO OHARE INTERNATIONAL AIRPORT, IL US",41.96017,-87.93164,2018-10-31,2018-10-31,16.1,8.3
1756,USW00094846,"CHICAGO OHARE INTERNATIONAL AIRPORT, IL US",41.96017,-87.93164,2018-11-01,2018-11-01,11.1,6.1
1757,USW00094846,"CHICAGO OHARE INTERNATIONAL AIRPORT, IL US",41.96017,-87.93164,2018-11-02,2018-11-02,10,2.8
1758,USW00094846,"CHICAGO OHARE INTERNATIONAL AIRPORT, IL US",41.96017,-87.93164,2018-11-03,2018-11-03,10,1.1
1759,USW00094846,"CHICAGO OHARE INTERNATIONAL AIRPORT, IL US",41.96017,-87.93164,2018-11-04,2018-11-04,11.1,7.8
1760,USW00094846,"CHICAGO OHARE INTERNATIONAL AIRPORT, IL US",41.96017,-87.93164,2018-11-05,2018-11-05,10.6,6.7
1761,USW00094846,"CHICAGO OHARE INTERNATIONAL AIRPORT, IL US",41.96017,-87.93164,2018-11-06,2018-11-06,10,3.3
1762,USW00094846,"CHICAGO OHARE INTERNATIONAL AIRPORT, IL US",41.96017,-87.93164,2018-11-07,2018-11-07,3.9,0.6
1763,USW00094846,"CHICAGO OHARE INTERNATIONAL AIRPORT, IL US",41.96017,-87.93164,2018-11-08,2018-11-08,5,0.6
1764,USW00094846,"CHICAGO OHARE INTERNATIONAL AIRPORT, IL US",41.96017,-87.93164,2018-11-09,2018-11-09,2.8,-6.6
1765,USW00094846,"CHICAGO OHARE INTERNATIONAL AIRPORT, IL US",41.96017,-87.93164,2018-11-10,2018-11-10,0.6,-6.6
1766,USW00094846,"CHICAGO OHARE INTERNATIONAL AIRPORT, IL US",41.96017,-87.93164,2018-11-11,2018-11-11,5,-2.1
1767,USW00094846,"CHICAGO OHARE INTERNATIONAL AIRPORT, IL US",41.96017,-87.93164,2018-11-12,2018-11-12,1.1,-4.3
1768,USW00094846,"CHICAGO OHARE INTERNATIONAL AIRPORT, IL US",41.96017,-87.93164,2018-11-13,2018-11-13,-1.6,-7.1
1769,USW00094846,"CHICAGO OHARE INTERNATIONAL AIRPORT, IL US",41.96017,-87.93164,2018-11-14,2018-11-14,2.2,-8.2
1770,USW00094846,"CHICAGO OHARE INTERNATIONAL AIRPORT, IL US",41.96017,-87.93164,2018-11-15,2018-11-15,1.7,-3.2
1771,USW00094846,"CHICAGO OHARE INTERNATIONAL AIRPORT, IL US",41.96017,-87.93164,2018-11-16,2018-11-16,5,-1.6
1772,USW00094846,"CHICAGO OHARE INTERNATIONAL AIRPORT, IL US",41.96017,-87.93164,2018-11-17,2018-11-17,1.7,0
1773,USW00094846,"CHICAGO OHARE INTERNATIONAL AIRPORT, IL US",41.96017,-87.93164,2018-11-18,2018-11-18,3.3,-3.8
1774,USW00094846,"CHICAGO OHARE INTERNATIONAL AIRPORT, IL US",41.96017,-87.93164,2018-11-19,2018-11-19,1.1,-4.9
1775,USW00094846,"CHICAGO OHARE INTERNATIONAL AIRPORT, IL US",41.96017,-87.93164,2018-11-20,2018-11-20,1.7,-1.6
1776,USW00094846,"CHICAGO OHARE INTERNATIONAL AIRPORT, IL US",41.96017,-87.93164,2018-11-21,2018-11-21,2.2,-1
1777,USW00094846,"CHICAGO OHARE INTERNATIONAL AIRPORT, IL US",41.96017,-87.93164,2018-11-22,2018-11-22,4.4,-0.5
1778,USW00094846,"CHICAGO OHARE INTERNATIONAL AIRPORT, IL US",41.96017,-87.93164,2018-11-23,2018-11-23,10.6,1.1
1779,USW00094846,"CHICAGO OHARE INTERNATIONAL AIRPORT, IL US",41.96017,-87.93164,2018-11-24,2018-11-24,8.3,4.4
1780,USW00094846,"CHICAGO OHARE INTERNATIONAL AIRPORT, IL US",41.96017,-87.93164,2018-11-25,2018-11-25,4.4,0.6
1781,USW00094846,"CHICAGO OHARE INTERNATIONAL AIRPORT, IL US",41.96017,-87.93164,2018-11-26,2018-11-26,0.6,-4.3
1782,USW00094846,"CHICAGO OHARE INTERNATIONAL AIRPORT, IL US",41.96017,-87.93164,2018-11-27,2018-11-27,-3.8,-7.1
1783,USW00094846,"CHICAGO OHARE INTERNATIONAL AIRPORT, IL US",41.96017,-87.93164,2018-11-28,2018-11-28,-2.7,-8.2
1784,USW00094846,"CHICAGO OHARE INTERNATIONAL AIRPORT, IL US",41.96017,-87.93164,2018-11-29,2018-11-29,3.3,-2.7
1785,USW00094846,"CHICAGO OHARE INTERNATIONAL AIRPORT, IL US",41.96017,-87.93164,2018-11-30,2018-11-30,5.6,-2.1
1786,USW00094846,"CHICAGO OHARE INTERNATIONAL AIRPORT, IL US",41.96017,-87.93164,2018-12-01,2018-12-01,5.6,2.2
1787,USW00094846,"CHICAGO OHARE INTERNATIONAL AIRPORT, IL US",41.96017,-87.93164,2018-12-02,2018-12-02,6.7,1.7
1788,USW00094846,"CHICAGO OHARE INTERNATIONAL AIRPORT, IL US",41.96017,-87.93164,2018-12-03,2018-12-03,1.7,-1.6
1789,USW00094846,"CHICAGO OHARE INTERNATIONAL AIRPORT, IL US",41.96017,-87.93164,2018-12-04,2018-12-04,0,-2.1
1790,USW00094846,"CHICAGO OHARE INTERNATIONAL AIRPORT, IL US",41.96017,-87.93164,2018-12-05,2018-12-05,0.6,-3.8
1791,USW00094846,"CHICAGO OHARE INTERNATIONAL AIRPORT, IL US",41.96017,-87.93164,2018-12-06,2018-12-06,0.6,-7.1
1792,USW00094846,"CHICAGO OHARE INTERNATIONAL AIRPORT, IL US",41.96017,-87.93164,2018-12-07,2018-12-07,-3.8,-8.8
1793,USW00094846,"CHICAGO OHARE INTERNATIONAL AIRPORT, IL US",41.96017,-87.93164,2018-12-08,2018-12-08,0,-6.6
1794,USW00094846,"CHICAGO OHARE INTERNATIONAL AIRPORT, IL US",41.96017,-87.93164,2018-12-09,2018-12-09,1.7,-8.2
1795,USW00094846,"CHICAGO OHARE INTERNATIONAL AIRPORT, IL US",41.96017,-87.93164,2018-12-10,2018-12-10,1.1,-8.8
1796,USW00094846,"CHICAGO OHARE INTERNATIONAL AIRPORT, IL US",41.96017,-87.93164,2018-12-11,2018-12-11,3.3,-3.8
1797,USW00094846,"CHICAGO OHARE INTERNATIONAL AIRPORT, IL US",41.96017,-87.93164,2018-12-12,2018-12-12,5,-1.6
1798,USW00094846,"CHICAGO OHARE INTERNATIONAL AIRPORT, IL US",41.96017,-87.93164,2018-12-13,2018-12-13,7.8,-4.3
1799,USW00094846,"CHICAGO OHARE INTERNATIONAL AIRPORT, IL US",41.96017,-87.93164,2018-12-14,2018-12-14,4.4,0
1800,USW00094846,"CHICAGO OHARE INTERNATIONAL AIRPORT, IL US",41.96017,-87.93164,2018-12-15,2018-12-15,7.8,-3.2
1801,USW00094846,"CHICAGO OHARE INTERNATIONAL AIRPORT, IL US",41.96017,-87.93164,2018-12-16,2018-12-16,9.4,-3.8
1802,USW00094846,"CHICAGO OHARE INTERNATIONAL AIRPORT, IL US",41.96017,-87.93164,2018-12-17,2018-12-17,5.6,-2.1
1803,USW00094846,"CHICAGO OHARE INTERNATIONAL AIRPORT, IL US",41.96017,-87.93164,2018-12-18,2018-12-18,5.6,-3.8
1804,USW00094846,"CHICAGO OHARE INTERNATIONAL AIRPORT, IL US",41.96017,-87.93164,2018-12-19,2018-12-19,9.4,0.6
1805,USW00094846,"CHICAGO OHARE INTERNATIONAL AIRPORT, IL US",41.96017,-87.93164,2018-12-20,2018-12-20,7.8,3.3
1806,USW00094846,"CHICAGO OHARE INTERNATIONAL AIRPORT, IL US",41.96017,-87.93164,2018-12-21,2018-12-21,3.3,-1.6
1807,USW00094846,"CHICAGO OHARE INTERNATIONAL AIRPORT, IL US",41.96017,-87.93164,2018-12-22,2018-12-22,1.1,-2.1
1808,USW00094846,"CHICAGO OHARE INTERNATIONAL AIRPORT, IL US",41.96017,-87.93164,2018-12-23,2018-12-23,3.3,-2.1
1809,USW00094846,"CHICAGO OHARE INTERNATIONAL AIRPORT, IL US",41.96017,-87.93164,2018-12-24,2018-12-24,0.6,-4.9
1810,USW00094846,"CHICAGO OHARE INTERNATIONAL AIRPORT, IL US",41.96017,-87.93164,2018-12-25,2018-12-25,7.2,-2.1
1811,USW00094846,"CHICAGO OHARE INTERNATIONAL AIRPORT, IL US",41.96017,-87.93164,2018-12-26,2018-12-26,8.3,-3.2
1812,USW00094846,"CHICAGO OHARE INTERNATIONAL AIRPORT, IL US",41.96017,-87.93164,2018-12-27,2018-12-27,11.7,3.9
1813,USW00094846,"CHICAGO OHARE INTERNATIONAL AIRPORT, IL US",41.96017,-87.93164,2018-12-28,2018-12-28,11.7,-1
1814,USW00094846,"CHICAGO OHARE INTERNATIONAL AIRPORT, IL US",41.96017,-87.93164,2018-12-29,2018-12-29,-1,-5.5
1815,USW00094846,"CHICAGO OHARE INTERNATIONAL AIRPORT, IL US",41.96017,-87.93164,2018-12-30,2018-12-30,2.2,-7.1
1816,USW00094846,"CHICAGO OHARE INTERNATIONAL AIRPORT, IL US",41.96017,-87.93164,2018-12-31,2018-12-31,3.9,-0.5
1817,USW00014819,"CHICAGO MIDWAY AIRPORT, IL US",41.78412,-87.75514,2018-01-01,2018-01-01,-16,-21.6
1818,USW00014819,"CHICAGO MIDWAY AIRPORT, IL US",41.78412,-87.75514,2018-01-02,2018-01-02,-13.8,-23.2
1819,USW00014819,"CHICAGO MIDWAY AIRPORT, IL US",41.78412,-87.75514,2018-01-03,2018-01-03,-7.7,-13.8
1820,USW00014819,"CHICAGO MIDWAY AIRPORT, IL US",41.78412,-87.75514,2018-01-04,2018-01-04,-10.5,-16.6
1821,USW00014819,"CHICAGO MIDWAY AIRPORT, IL US",41.78412,-87.75514,2018-01-05,2018-01-05,-11,-17.7
1822,USW00014819,"CHICAGO MIDWAY AIRPORT, IL US",41.78412,-87.75514,2018-01-06,2018-01-06,-8.2,-18.2
1823,USW00014819,"CHICAGO MIDWAY AIRPORT, IL US",41.78412,-87.75514,2018-01-07,2018-01-07,0.6,-13.2
1824,USW00014819,"CHICAGO MIDWAY AIRPORT, IL US",41.78412,-87.75514,2018-01-08,2018-01-08,2.8,-1
1825,USW00014819,"CHICAGO MIDWAY AIRPORT, IL US",41.78412,-87.75514,2018-01-09,2018-01-09,1.1,-2.1
1826,USW00014819,"CHICAGO MIDWAY AIRPORT, IL US",41.78412,-87.75514,2018-01-10,2018-01-10,13.3,-0.5
1827,USW00014819,"CHICAGO MIDWAY AIRPORT, IL US",41.78412,-87.75514,2018-01-11,2018-01-11,15.6,-4.9
1828,USW00014819,"CHICAGO MIDWAY AIRPORT, IL US",41.78412,-87.75514,2018-01-12,2018-01-12,-4.3,-8.8
1829,USW00014819,"CHICAGO MIDWAY AIRPORT, IL US",41.78412,-87.75514,2018-01-13,2018-01-13,-7.7,-13.2
1830,USW00014819,"CHICAGO MIDWAY AIRPORT, IL US",41.78412,-87.75514,2018-01-14,2018-01-14,-5.5,-13.8
1831,USW00014819,"CHICAGO MIDWAY AIRPORT, IL US",41.78412,-87.75514,2018-01-15,2018-01-15,-4.3,-12.7
1832,USW00014819,"CHICAGO MIDWAY AIRPORT, IL US",41.78412,-87.75514,2018-01-16,2018-01-16,-3.8,-14.3
1833,USW00014819,"CHICAGO MIDWAY AIRPORT, IL US",41.78412,-87.75514,2018-01-17,2018-01-17,-6,-14.9
1834,USW00014819,"CHICAGO MIDWAY AIRPORT, IL US",41.78412,-87.75514,2018-01-18,2018-01-18,0.6,-8.2
1835,USW00014819,"CHICAGO MIDWAY AIRPORT, IL US",41.78412,-87.75514,2018-01-19,2018-01-19,4.4,-2.1
1836,USW00014819,"CHICAGO MIDWAY AIRPORT, IL US",41.78412,-87.75514,2018-01-20,2018-01-20,8.3,0.6
1837,USW00014819,"CHICAGO MIDWAY AIRPORT, IL US",41.78412,-87.75514,2018-01-21,2018-01-21,8.9,3.9
1838,USW00014819,"CHICAGO MIDWAY AIRPORT, IL US",41.78412,-87.75514,2018-01-22,2018-01-22,12.8,2.8
1839,USW00014819,"CHICAGO MIDWAY AIRPORT, IL US",41.78412,-87.75514,2018-01-23,2018-01-23,3.3,-1.6
1840,USW00014819,"CHICAGO MIDWAY AIRPORT, IL US",41.78412,-87.75514,2018-01-24,2018-01-24,-0.5,-2.7
1841,USW00014819,"CHICAGO MIDWAY AIRPORT, IL US",41.78412,-87.75514,2018-01-25,2018-01-25,6.7,-3.2
1842,USW00014819,"CHICAGO MIDWAY AIRPORT, IL US",41.78412,-87.75514,2018-01-26,2018-01-26,11.1,2.8
1843,USW00014819,"CHICAGO MIDWAY AIRPORT, IL US",41.78412,-87.75514,2018-01-27,2018-01-27,10.6,2.8
1844,USW00014819,"CHICAGO MIDWAY AIRPORT, IL US",41.78412,-87.75514,2018-01-28,2018-01-28,5.6,-1
1845,USW00014819,"CHICAGO MIDWAY AIRPORT, IL US",41.78412,-87.75514,2018-01-29,2018-01-29,0,-7.7
1846,USW00014819,"CHICAGO MIDWAY AIRPORT, IL US",41.78412,-87.75514,2018-01-30,2018-01-30,-0.5,-9.3
1847,USW00014819,"CHICAGO MIDWAY AIRPORT, IL US",41.78412,-87.75514,2018-01-31,2018-01-31,6.7,-0.5
1848,USW00014819,"CHICAGO MIDWAY AIRPORT, IL US",41.78412,-87.75514,2018-02-01,2018-02-01,2.2,-12.7
1849,USW00014819,"CHICAGO MIDWAY AIRPORT, IL US",41.78412,-87.75514,2018-02-02,2018-02-02,-5.5,-14.9
1850,USW00014819,"CHICAGO MIDWAY AIRPORT, IL US",41.78412,-87.75514,2018-02-03,2018-02-03,5.6,-5.5
1851,USW00014819,"CHICAGO MIDWAY AIRPORT, IL US",41.78412,-87.75514,2018-02-04,2018-02-04,1.7,-13.8
1852,USW00014819,"CHICAGO MIDWAY AIRPORT, IL US",41.78412,-87.75514,2018-02-05,2018-02-05,-11,-18.2
1853,USW00014819,"CHICAGO MIDWAY AIRPORT, IL US",41.78412,-87.75514,2018-02-06,2018-02-06,-5.5,-14.3
1854,USW00014819,"CHICAGO MIDWAY AIRPORT, IL US",41.78412,-87.75514,2018-02-07,2018-02-07,-6,-11
1855,USW00014819,"CHICAGO MIDWAY AIRPORT, IL US",41.78412,-87.75514,2018-02-08,2018-02-08,-5.5,-12.7
1856,USW00014819,"CHICAGO MIDWAY AIRPORT, IL US",41.78412,-87.75514,2018-02-09,2018-02-09,-1.6,-5.5
1857,USW00014819,"CHICAGO MIDWAY AIRPORT, IL US",41.78412,-87.75514,2018-02-10,2018-02-10,-3.2,-8.2
1858,USW00014819,"CHICAGO MIDWAY AIRPORT, IL US",41.78412,-87.75514,2018-02-11,2018-02-11,-4.3,-10.5
1859,USW00014819,"CHICAGO MIDWAY AIRPORT, IL US",41.78412,-87.75514,2018-02-12,2018-02-12,-1.6,-15.5
1860,USW00014819,"CHICAGO MIDWAY AIRPORT, IL US",41.78412,-87.75514,2018-02-13,2018-02-13,2.2,-8.2
1861,USW00014819,"CHICAGO MIDWAY AIRPORT, IL US",41.78412,-87.75514,2018-02-14,2018-02-14,7.8,-2.1
1862,USW00014819,"CHICAGO MIDWAY AIRPORT, IL US",41.78412,-87.75514,2018-02-15,2018-02-15,8.9,3.3
1863,USW00014819,"CHICAGO MIDWAY AIRPORT, IL US",41.78412,-87.75514,2018-02-16,2018-02-16,3.3,-6.6
1864,USW00014819,"CHICAGO MIDWAY AIRPORT, IL US",41.78412,-87.75514,2018-02-17,2018-02-17,2.2,-8.2
1865,USW00014819,"CHICAGO MIDWAY AIRPORT, IL US",41.78412,-87.75514,2018-02-18,2018-02-18,5.6,-6.6
1866,USW00014819,"CHICAGO MIDWAY AIRPORT, IL US",41.78412,-87.75514,2018-02-19,2018-02-19,15.6,3.9
1867,USW00014819,"CHICAGO MIDWAY AIRPORT, IL US",41.78412,-87.75514,2018-02-20,2018-02-20,18.9,1.1
1868,USW00014819,"CHICAGO MIDWAY AIRPORT, IL US",41.78412,-87.75514,2018-02-21,2018-02-21,1.1,-1.6
1869,USW00014819,"CHICAGO MIDWAY AIRPORT, IL US",41.78412,-87.75514,2018-02-22,2018-02-22,5,-0.5
1870,USW00014819,"CHICAGO MIDWAY AIRPORT, IL US",41.78412,-87.75514,2018-02-23,2018-02-23,7.2,1.7
1871,USW00014819,"CHICAGO MIDWAY AIRPORT, IL US",41.78412,-87.75514,2018-02-24,2018-02-24,10.6,1.7
1872,USW00014819,"CHICAGO MIDWAY AIRPORT, IL US",41.78412,-87.75514,2018-02-25,2018-02-25,11.1,1.1
1873,USW00014819,"CHICAGO MIDWAY AIRPORT, IL US",41.78412,-87.75514,2018-02-26,2018-02-26,12.8,-1.6
1874,USW00014819,"CHICAGO MIDWAY AIRPORT, IL US",41.78412,-87.75514,2018-02-27,2018-02-27,16.7,5
1875,USW00014819,"CHICAGO MIDWAY AIRPORT, IL US",41.78412,-87.75514,2018-02-28,2018-02-28,15.6,3.3
1876,USW00014819,"CHICAGO MIDWAY AIRPORT, IL US",41.78412,-87.75514,2018-03-01,2018-03-01,6.7,0.6
1877,USW00014819,"CHICAGO MIDWAY AIRPORT, IL US",41.78412,-87.75514,2018-03-02,2018-03-02,7.8,-0.5
1878,USW00014819,"CHICAGO MIDWAY AIRPORT, IL US",41.78412,-87.75514,2018-03-03,2018-03-03,6.1,1.7
1879,USW00014819,"CHICAGO MIDWAY AIRPORT, IL US",41.78412,-87.75514,2018-03-04,2018-03-04,8.3,0
1880,USW00014819,"CHICAGO MIDWAY AIRPORT, IL US",41.78412,-87.75514,2018-03-05,2018-03-05,5.6,1.1
1881,USW00014819,"CHICAGO MIDWAY AIRPORT, IL US",41.78412,-87.75514,2018-03-06,2018-03-06,5.6,0.6
1882,USW00014819,"CHICAGO MIDWAY AIRPORT, IL US",41.78412,-87.75514,2018-03-07,2018-03-07,1.7,-3.2
1883,USW00014819,"CHICAGO MIDWAY AIRPORT, IL US",41.78412,-87.75514,2018-03-08,2018-03-08,2.2,-4.3
1884,USW00014819,"CHICAGO MIDWAY AIRPORT, IL US",41.78412,-87.75514,2018-03-09,2018-03-09,3.9,-4.9
1885,USW00014819,"CHICAGO MIDWAY AIRPORT, IL US",41.78412,-87.75514,2018-03-10,2018-03-10,4.4,-3.8
1886,USW00014819,"CHICAGO MIDWAY AIRPORT, IL US",41.78412,-87.75514,2018-03-11,2018-03-11,5,-1.6
1887,USW00014819,"CHICAGO MIDWAY AIRPORT, IL US",41.78412,-87.75514,2018-03-12,2018-03-12,7.8,-0.5
1888,USW00014819,"CHICAGO MIDWAY AIRPORT, IL US",41.78412,-87.75514,2018-03-13,2018-03-13,2.2,-4.3
1889,USW00014819,"CHICAGO MIDWAY AIRPORT, IL US",41.78412,-87.75514,2018-03-14,2018-03-14,8.3,-5.5
1890,USW00014819,"CHICAGO MIDWAY AIRPORT, IL US",41.78412,-87.75514,2018-03-15,2018-03-15,9.4,-0.5
1891,USW00014819,"CHICAGO MIDWAY AIRPORT, IL US",41.78412,-87.75514,2018-03-16,2018-03-16,2.8,-1
1892,USW00014819,"CHICAGO MIDWAY AIRPORT, IL US",41.78412,-87.75514,2018-03-17,2018-03-17,7.2,-0.5
1893,USW00014819,"CHICAGO MIDWAY AIRPORT, IL US",41.78412,-87.75514,2018-03-18,2018-03-18,13.3,-2.1
1894,USW00014819,"CHICAGO MIDWAY AIRPORT, IL US",41.78412,-87.75514,2018-03-19,2018-03-19,8.3,0.6
1895,USW00014819,"CHICAGO MIDWAY AIRPORT, IL US",41.78412,-87.75514,2018-03-20,2018-03-20,2.8,-1.6
1896,USW00014819,"CHICAGO MIDWAY AIRPORT, IL US",41.78412,-87.75514,2018-03-21,2018-03-21,4.4,-1
1897,USW00014819,"CHICAGO MIDWAY AIRPORT, IL US",41.78412,-87.75514,2018-03-22,2018-03-22,8.9,-3.8
1898,USW00014819,"CHICAGO MIDWAY AIRPORT, IL US",41.78412,-87.75514,2018-03-23,2018-03-23,6.1,-0.5
1899,USW00014819,"CHICAGO MIDWAY AIRPORT, IL US",41.78412,-87.75514,2018-03-24,2018-03-24,5,0.6
1900,USW00014819,"CHICAGO MIDWAY AIRPORT, IL US",41.78412,-87.75514,2018-03-25,2018-03-25,5.6,-2.1
1901,USW00014819,"CHICAGO MIDWAY AIRPORT, IL US",41.78412,-87.75514,2018-03-26,2018-03-26,12.8,0
1902,USW00014819,"CHICAGO MIDWAY AIRPORT, IL US",41.78412,-87.75514,2018-03-27,2018-03-27,11.1,6.1
1903,USW00014819,"CHICAGO MIDWAY AIRPORT, IL US",41.78412,-87.75514,2018-03-28,2018-03-28,11.7,3.9
1904,USW00014819,"CHICAGO MIDWAY AIRPORT, IL US",41.78412,-87.75514,2018-03-29,2018-03-29,9.4,2.2
1905,USW00014819,"CHICAGO MIDWAY AIRPORT, IL US",41.78412,-87.75514,2018-03-30,2018-03-30,9.4,1.7
1906,USW00014819,"CHICAGO MIDWAY AIRPORT, IL US",41.78412,-87.75514,2018-03-31,2018-03-31,15.6,1.1
1907,USW00014819,"CHICAGO MIDWAY AIRPORT, IL US",41.78412,-87.75514,2018-04-01,2018-04-01,2.8,-3.2
1908,USW00014819,"CHICAGO MIDWAY AIRPORT, IL US",41.78412,-87.75514,2018-04-02,2018-04-02,7.2,-4.9
1909,USW00014819,"CHICAGO MIDWAY AIRPORT, IL US",41.78412,-87.75514,2018-04-03,2018-04-03,5.6,1.7
1910,USW00014819,"CHICAGO MIDWAY AIRPORT, IL US",41.78412,-87.75514,2018-04-04,2018-04-04,2.2,-2.7
1911,USW00014819,"CHICAGO MIDWAY AIRPORT, IL US",41.78412,-87.75514,2018-04-05,2018-04-05,5.6,-4.3
1912,USW00014819,"CHICAGO MIDWAY AIRPORT, IL US",41.78412,-87.75514,2018-04-06,2018-04-06,3.9,-2.7
1913,USW00014819,"CHICAGO MIDWAY AIRPORT, IL US",41.78412,-87.75514,2018-04-07,2018-04-07,3.9,-6
1914,USW00014819,"CHICAGO MIDWAY AIRPORT, IL US",41.78412,-87.75514,2018-04-08,2018-04-08,4.4,-4.9
1915,USW00014819,"CHICAGO MIDWAY AIRPORT, IL US",41.78412,-87.75514,2018-04-09,2018-04-09,4.4,0
1916,USW00014819,"CHICAGO MIDWAY AIRPORT, IL US",41.78412,-87.75514,2018-04-10,2018-04-10,7.8,-1.6
1917,USW00014819,"CHICAGO MIDWAY AIRPORT, IL US",41.78412,-87.75514,2018-04-11,2018-04-11,19.4,3.9
1918,USW00014819,"CHICAGO MIDWAY AIRPORT, IL US",41.78412,-87.75514,2018-04-12,2018-04-12,23.9,7.2
1919,USW00014819,"CHICAGO MIDWAY AIRPORT, IL US",41.78412,-87.75514,2018-04-13,2018-04-13,11.7,4.4
1920,USW00014819,"CHICAGO MIDWAY AIRPORT, IL US",41.78412,-87.75514,2018-04-14,2018-04-14,5.6,2.8
1921,USW00014819,"CHICAGO MIDWAY AIRPORT, IL US",41.78412,-87.75514,2018-04-15,2018-04-15,3.9,-1.6
1922,USW00014819,"CHICAGO MIDWAY AIRPORT, IL US",41.78412,-87.75514,2018-04-16,2018-04-16,1.7,-2.1
1923,USW00014819,"CHICAGO MIDWAY AIRPORT, IL US",41.78412,-87.75514,2018-04-17,2018-04-17,7.2,-1
1924,USW00014819,"CHICAGO MIDWAY AIRPORT, IL US",41.78412,-87.75514,2018-04-18,2018-04-18,3.3,0
1925,USW00014819,"CHICAGO MIDWAY AIRPORT, IL US",41.78412,-87.75514,2018-04-19,2018-04-19,12.8,1.1
1926,USW00014819,"CHICAGO MIDWAY AIRPORT, IL US",41.78412,-87.75514,2018-04-20,2018-04-20,16.1,0.6
1927,USW00014819,"CHICAGO MIDWAY AIRPORT, IL US",41.78412,-87.75514,2018-04-21,2018-04-21,11.7,5
1928,USW00014819,"CHICAGO MIDWAY AIRPORT, IL US",41.78412,-87.75514,2018-04-22,2018-04-22,16.7,6.7
1929,USW00014819,"CHICAGO MIDWAY AIRPORT, IL US",41.78412,-87.75514,2018-04-23,2018-04-23,17.8,6.1
1930,USW00014819,"CHICAGO MIDWAY AIRPORT, IL US",41.78412,-87.75514,2018-04-24,2018-04-24,17.8,8.3
1931,USW00014819,"CHICAGO MIDWAY AIRPORT, IL US",41.78412,-87.75514,2018-04-25,2018-04-25,11.7,3.9
1932,USW00014819,"CHICAGO MIDWAY AIRPORT, IL US",41.78412,-87.75514,2018-04-26,2018-04-26,18.9,2.2
1933,USW00014819,"CHICAGO MIDWAY AIRPORT, IL US",41.78412,-87.75514,2018-04-27,2018-04-27,12.8,5
1934,USW00014819,"CHICAGO MIDWAY AIRPORT, IL US",41.78412,-87.75514,2018-04-28,2018-04-28,10.6,3.3
1935,USW00014819,"CHICAGO MIDWAY AIRPORT, IL US",41.78412,-87.75514,2018-04-29,2018-04-29,13.9,0.6
1936,USW00014819,"CHICAGO MIDWAY AIRPORT, IL US",41.78412,-87.75514,2018-04-30,2018-04-30,26.7,5.6
1937,USW00014819,"CHICAGO MIDWAY AIRPORT, IL US",41.78412,-87.75514,2018-05-01,2018-05-01,30,14.4
1938,USW00014819,"CHICAGO MIDWAY AIRPORT, IL US",41.78412,-87.75514,2018-05-02,2018-05-02,31.1,18.9
1939,USW00014819,"CHICAGO MIDWAY AIRPORT, IL US",41.78412,-87.75514,2018-05-03,2018-05-03,21.7,14.4
1940,USW00014819,"CHICAGO MIDWAY AIRPORT, IL US",41.78412,-87.75514,2018-05-04,2018-05-04,23.9,17.2
1941,USW00014819,"CHICAGO MIDWAY AIRPORT, IL US",41.78412,-87.75514,2018-05-05,2018-05-05,27.8,13.9
1942,USW00014819,"CHICAGO MIDWAY AIRPORT, IL US",41.78412,-87.75514,2018-05-06,2018-05-06,20.6,11.1
1943,USW00014819,"CHICAGO MIDWAY AIRPORT, IL US",41.78412,-87.75514,2018-05-07,2018-05-07,22.8,10
1944,USW00014819,"CHICAGO MIDWAY AIRPORT, IL US",41.78412,-87.75514,2018-05-08,2018-05-08,28.3,13.3
1945,USW00014819,"CHICAGO MIDWAY AIRPORT, IL US",41.78412,-87.75514,2018-05-09,2018-05-09,28.3,15.6
1946,USW00014819,"CHICAGO MIDWAY AIRPORT, IL US",41.78412,-87.75514,2018-05-10,2018-05-10,22.8,11.7
1947,USW00014819,"CHICAGO MIDWAY AIRPORT, IL US",41.78412,-87.75514,2018-05-11,2018-05-11,13.9,9.4
1948,USW00014819,"CHICAGO MIDWAY AIRPORT, IL US",41.78412,-87.75514,2018-05-12,2018-05-12,11.7,7.8
1949,USW00014819,"CHICAGO MIDWAY AIRPORT, IL US",41.78412,-87.75514,2018-05-13,2018-05-13,20.6,9.4
1950,USW00014819,"CHICAGO MIDWAY AIRPORT, IL US",41.78412,-87.75514,2018-05-14,2018-05-14,30,12.2
1951,USW00014819,"CHICAGO MIDWAY AIRPORT, IL US",41.78412,-87.75514,2018-05-15,2018-05-15,20.6,11.1
1952,USW00014819,"CHICAGO MIDWAY AIRPORT, IL US",41.78412,-87.75514,2018-05-16,2018-05-16,25,6.1
1953,USW00014819,"CHICAGO MIDWAY AIRPORT, IL US",41.78412,-87.75514,2018-05-17,2018-05-17,22.8,12.2
1954,USW00014819,"CHICAGO MIDWAY AIRPORT, IL US",41.78412,-87.75514,2018-05-18,2018-05-18,20,11.7
1955,USW00014819,"CHICAGO MIDWAY AIRPORT, IL US",41.78412,-87.75514,2018-05-19,2018-05-19,20.6,13.9
1956,USW00014819,"CHICAGO MIDWAY AIRPORT, IL US",41.78412,-87.75514,2018-05-20,2018-05-20,15.6,7.2
1957,USW00014819,"CHICAGO MIDWAY AIRPORT, IL US",41.78412,-87.75514,2018-05-21,2018-05-21,18.3,10
1958,USW00014819,"CHICAGO MIDWAY AIRPORT, IL US",41.78412,-87.75514,2018-05-22,2018-05-22,19.4,12.2
1959,USW00014819,"CHICAGO MIDWAY AIRPORT, IL US",41.78412,-87.75514,2018-05-23,2018-05-23,25.6,10.6
1960,USW00014819,"CHICAGO MIDWAY AIRPORT, IL US",41.78412,-87.75514,2018-05-24,2018-05-24,30.6,15
1961,USW00014819,"CHICAGO MIDWAY AIRPORT, IL US",41.78412,-87.75514,2018-05-25,2018-05-25,32.2,20
1962,USW00014819,"CHICAGO MIDWAY AIRPORT, IL US",41.78412,-87.75514,2018-05-26,2018-05-26,32.2,20.6
1963,USW00014819,"CHICAGO MIDWAY AIRPORT, IL US",41.78412,-87.75514,2018-05-27,2018-05-27,35.6,22.2
1964,USW00014819,"CHICAGO MIDWAY AIRPORT, IL US",41.78412,-87.75514,2018-05-28,2018-05-28,35.6,22.2
1965,USW00014819,"CHICAGO MIDWAY AIRPORT, IL US",41.78412,-87.75514,2018-05-29,2018-05-29,30.6,21.1
1966,USW00014819,"CHICAGO MIDWAY AIRPORT, IL US",41.78412,-87.75514,2018-05-30,2018-05-30,30.6,22.2
1967,USW00014819,"CHICAGO MIDWAY AIRPORT, IL US",41.78412,-87.75514,2018-05-31,2018-05-31,31.7,21.1
1968,USW00014819,"CHICAGO MIDWAY AIRPORT, IL US",41.78412,-87.75514,2018-06-01,2018-06-01,26.7,12.2
1969,USW00014819,"CHICAGO MIDWAY AIRPORT, IL US",41.78412,-87.75514,2018-06-02,2018-06-02,23.3,11.7
1970,USW00014819,"CHICAGO MIDWAY AIRPORT, IL US",41.78412,-87.75514,2018-06-03,2018-06-03,26.1,15.6
1971,USW00014819,"CHICAGO MIDWAY AIRPORT, IL US",41.78412,-87.75514,2018-06-04,2018-06-04,26.7,12.8
1972,USW00014819,"CHICAGO MIDWAY AIRPORT, IL US",41.78412,-87.75514,2018-06-05,2018-06-05,23.3,13.3
1973,USW00014819,"CHICAGO MIDWAY AIRPORT, IL US",41.78412,-87.75514,2018-06-06,2018-06-06,26.7,11.1
1974,USW00014819,"CHICAGO MIDWAY AIRPORT, IL US",41.78412,-87.75514,2018-06-07,2018-06-07,27.2,17.2
1975,USW00014819,"CHICAGO MIDWAY AIRPORT, IL US",41.78412,-87.75514,2018-06-08,2018-06-08,22.8,16.1
1976,USW00014819,"CHICAGO MIDWAY AIRPORT, IL US",41.78412,-87.75514,2018-06-09,2018-06-09,27.2,14.4
1977,USW00014819,"CHICAGO MIDWAY AIRPORT, IL US",41.78412,-87.75514,2018-06-10,2018-06-10,21.7,16.1
1978,USW00014819,"CHICAGO MIDWAY AIRPORT, IL US",41.78412,-87.75514,2018-06-11,2018-06-11,20.6,16.7
1979,USW00014819,"CHICAGO MIDWAY AIRPORT, IL US",41.78412,-87.75514,2018-06-12,2018-06-12,27.2,18.3
1980,USW00014819,"CHICAGO MIDWAY AIRPORT, IL US",41.78412,-87.75514,2018-06-13,2018-06-13,28.3,18.3
1981,USW00014819,"CHICAGO MIDWAY AIRPORT, IL US",41.78412,-87.75514,2018-06-14,2018-06-14,27.2,16.7
1982,USW00014819,"CHICAGO MIDWAY AIRPORT, IL US",41.78412,-87.75514,2018-06-15,2018-06-15,31.7,18.3
1983,USW00014819,"CHICAGO MIDWAY AIRPORT, IL US",41.78412,-87.75514,2018-06-16,2018-06-16,33.9,21.1
1984,USW00014819,"CHICAGO MIDWAY AIRPORT, IL US",41.78412,-87.75514,2018-06-17,2018-06-17,35,25.6
1985,USW00014819,"CHICAGO MIDWAY AIRPORT, IL US",41.78412,-87.75514,2018-06-18,2018-06-18,35,20
1986,USW00014819,"CHICAGO MIDWAY AIRPORT, IL US",41.78412,-87.75514,2018-06-19,2018-06-19,28.9,18.9
1987,USW00014819,"CHICAGO MIDWAY AIRPORT, IL US",41.78412,-87.75514,2018-06-20,2018-06-20,26.1,18.9
1988,USW00014819,"CHICAGO MIDWAY AIRPORT, IL US",41.78412,-87.75514,2018-06-21,2018-06-21,20,17.8
1989,USW00014819,"CHICAGO MIDWAY AIRPORT, IL US",41.78412,-87.75514,2018-06-22,2018-06-22,18.3,16.1
1990,USW00014819,"CHICAGO MIDWAY AIRPORT, IL US",41.78412,-87.75514,2018-06-23,2018-06-23,27.2,16.7
1991,USW00014819,"CHICAGO MIDWAY AIRPORT, IL US",41.78412,-87.75514,2018-06-24,2018-06-24,27.8,18.3
1992,USW00014819,"CHICAGO MIDWAY AIRPORT, IL US",41.78412,-87.75514,2018-06-25,2018-06-25,25.6,17.8
1993,USW00014819,"CHICAGO MIDWAY AIRPORT, IL US",41.78412,-87.75514,2018-06-26,2018-06-26,29.4,19.4
1994,USW00014819,"CHICAGO MIDWAY AIRPORT, IL US",41.78412,-87.75514,2018-06-27,2018-06-27,26.7,20.6
1995,USW00014819,"CHICAGO MIDWAY AIRPORT, IL US",41.78412,-87.75514,2018-06-28,2018-06-28,30.6,18.9
1996,USW00014819,"CHICAGO MIDWAY AIRPORT, IL US",41.78412,-87.75514,2018-06-29,2018-06-29,35,23.3
1997,USW00014819,"CHICAGO MIDWAY AIRPORT, IL US",41.78412,-87.75514,2018-06-30,2018-06-30,35,26.1
1998,USW00014819,"CHICAGO MIDWAY AIRPORT, IL US",41.78412,-87.75514,2018-07-01,2018-07-01,34.4,24.4
1999,USW00014819,"CHICAGO MIDWAY AIRPORT, IL US",41.78412,-87.75514,2018-07-02,2018-07-02,27.2,21.1
2000,USW00014819,"CHICAGO MIDWAY AIRPORT, IL US",41.78412,-87.75514,2018-07-03,2018-07-03,32.8,20
2001,USW00014819,"CHICAGO MIDWAY AIRPORT, IL US",41.78412,-87.75514,2018-07-04,2018-07-04,33.3,23.9
2002,USW00014819,"CHICAGO MIDWAY AIRPORT, IL US",41.78412,-87.75514,2018-07-05,2018-07-05,35,22.2
2003,USW00014819,"CHICAGO MIDWAY AIRPORT, IL US",41.78412,-87.75514,2018-07-06,2018-07-06,25.6,18.3
2004,USW00014819,"CHICAGO MIDWAY AIRPORT, IL US",41.78412,-87.75514,2018-07-07,2018-07-07,27.2,17.2
2005,USW00014819,"CHICAGO MIDWAY AIRPORT, IL US",41.78412,-87.75514,2018-07-08,2018-07-08,31.1,18.3
2006,USW00014819,"CHICAGO MIDWAY AIRPORT, IL US",41.78412,-87.75514,2018-07-09,2018-07-09,32.8,20
2007,USW00014819,"CHICAGO MIDWAY AIRPORT, IL US",41.78412,-87.75514,2018-07-10,2018-07-10,30.6,23.3
2008,USW00014819,"CHICAGO MIDWAY AIRPORT, IL US",41.78412,-87.75514,2018-07-11,2018-07-11,30,21.7
2009,USW00014819,"CHICAGO MIDWAY AIRPORT, IL US",41.78412,-87.75514,2018-07-12,2018-07-12,30.6,22.2
2010,USW00014819,"CHICAGO MIDWAY AIRPORT, IL US",41.78412,-87.75514,2018-07-13,2018-07-13,33.9,22.2
2011,USW00014819,"CHICAGO MIDWAY AIRPORT, IL US",41.78412,-87.75514,2018-07-14,2018-07-14,26.7,22.8
2012,USW00014819,"CHICAGO MIDWAY AIRPORT, IL US",41.78412,-87.75514,2018-07-15,2018-07-15,32.8,22.8
2013,USW00014819,"CHICAGO MIDWAY AIRPORT, IL US",41.78412,-87.75514,2018-07-16,2018-07-16,33.9,23.3
2014,USW00014819,"CHICAGO MIDWAY AIRPORT, IL US",41.78412,-87.75514,2018-07-17,2018-07-17,28.3,20.6
2015,USW00014819,"CHICAGO MIDWAY AIRPORT, IL US",41.78412,-87.75514,2018-07-18,2018-07-18,26.1,17.8
2016,USW00014819,"CHICAGO MIDWAY AIRPORT, IL US",41.78412,-87.75514,2018-07-19,2018-07-19,31.7,18.9
2017,USW00014819,"CHICAGO MIDWAY AIRPORT, IL US",41.78412,-87.75514,2018-07-20,2018-07-20,26.7,21.1
2018,USW00014819,"CHICAGO MIDWAY AIRPORT, IL US",41.78412,-87.75514,2018-07-21,2018-07-21,25.6,20.6
2019,USW00014819,"CHICAGO MIDWAY AIRPORT, IL US",41.78412,-87.75514,2018-07-22,2018-07-22,25,20.6
2020,USW00014819,"CHICAGO MIDWAY AIRPORT, IL US",41.78412,-87.75514,2018-07-23,2018-07-23,27.8,20
2021,USW00014819,"CHICAGO MIDWAY AIRPORT, IL US",41.78412,-87.75514,2018-07-24,2018-07-24,28.9,19.4
2022,USW00014819,"CHICAGO MIDWAY AIRPORT, IL US",41.78412,-87.75514,2018-07-25,2018-07-25,31.7,20
2023,USW00014819,"CHICAGO MIDWAY AIRPORT, IL US",41.78412,-87.75514,2018-07-26,2018-07-26,27.8,19.4
2024,USW00014819,"CHICAGO MIDWAY AIRPORT, IL US",41.78412,-87.75514,2018-07-27,2018-07-27,26.1,17.2
2025,USW00014819,"CHICAGO MIDWAY AIRPORT, IL US",41.78412,-87.75514,2018-07-28,2018-07-28,27.8,16.1
2026,USW00014819,"CHICAGO MIDWAY AIRPORT, IL US",41.78412,-87.75514,2018-07-29,2018-07-29,26.7,17.8
2027,USW00014819,"CHICAGO MIDWAY AIRPORT, IL US",41.78412,-87.75514,2018-07-30,2018-07-30,27.2,17.2
2028,USW00014819,"CHICAGO MIDWAY AIRPORT, IL US",41.78412,-87.75514,2018-07-31,2018-07-31,26.7,20
2029,USW00014819,"CHICAGO MIDWAY AIRPORT, IL US",41.78412,-87.75514,2018-08-01,2018-08-01,30,17.2
2030,USW00014819,"CHICAGO MIDWAY AIRPORT, IL US",41.78412,-87.75514,2018-08-02,2018-08-02,31.1,20.6
2031,USW00014819,"CHICAGO MIDWAY AIRPORT, IL US",41.78412,-87.75514,2018-08-03,2018-08-03,31.1,18.3
2032,USW00014819,"CHICAGO MIDWAY AIRPORT, IL US",41.78412,-87.75514,2018-08-04,2018-08-04,35.6,22.8
2033,USW00014819,"CHICAGO MIDWAY AIRPORT, IL US",41.78412,-87.75514,2018-08-05,2018-08-05,35,24.4
2034,USW00014819,"CHICAGO MIDWAY AIRPORT, IL US",41.78412,-87.75514,2018-08-06,2018-08-06,29.4,22.2
2035,USW00014819,"CHICAGO MIDWAY AIRPORT, IL US",41.78412,-87.75514,2018-08-07,2018-08-07,29.4,21.1
2036,USW00014819,"CHICAGO MIDWAY AIRPORT, IL US",41.78412,-87.75514,2018-08-08,2018-08-08,27.8,20.6
2037,USW00014819,"CHICAGO MIDWAY AIRPORT, IL US",41.78412,-87.75514,2018-08-09,2018-08-09,32.8,20
2038,USW00014819,"CHICAGO MIDWAY AIRPORT, IL US",41.78412,-87.75514,2018-08-10,2018-08-10,29.4,21.7
2039,USW00014819,"CHICAGO MIDWAY AIRPORT, IL US",41.78412,-87.75514,2018-08-11,2018-08-11,31.7,20.6
2040,USW00014819,"CHICAGO MIDWAY AIRPORT, IL US",41.78412,-87.75514,2018-08-12,2018-08-12,31.1,21.1
2041,USW00014819,"CHICAGO MIDWAY AIRPORT, IL US",41.78412,-87.75514,2018-08-13,2018-08-13,31.7,19.4
2042,USW00014819,"CHICAGO MIDWAY AIRPORT, IL US",41.78412,-87.75514,2018-08-14,2018-08-14,32.2,20.6
2043,USW00014819,"CHICAGO MIDWAY AIRPORT, IL US",41.78412,-87.75514,2018-08-15,2018-08-15,30.6,22.8
2044,USW00014819,"CHICAGO MIDWAY AIRPORT, IL US",41.78412,-87.75514,2018-08-16,2018-08-16,30,22.2
2045,USW00014819,"CHICAGO MIDWAY AIRPORT, IL US",41.78412,-87.75514,2018-08-17,2018-08-17,29.4,20.6
2046,USW00014819,"CHICAGO MIDWAY AIRPORT, IL US",41.78412,-87.75514,2018-08-18,2018-08-18,27.8,22.2
2047,USW00014819,"CHICAGO MIDWAY AIRPORT, IL US",41.78412,-87.75514,2018-08-19,2018-08-19,29.4,20
2048,USW00014819,"CHICAGO MIDWAY AIRPORT, IL US",41.78412,-87.75514,2018-08-20,2018-08-20,26.7,21.7
2049,USW00014819,"CHICAGO MIDWAY AIRPORT, IL US",41.78412,-87.75514,2018-08-21,2018-08-21,26.7,20
2050,USW00014819,"CHICAGO MIDWAY AIRPORT, IL US",41.78412,-87.75514,2018-08-22,2018-08-22,27.2,15.6
2051,USW00014819,"CHICAGO MIDWAY AIRPORT, IL US",41.78412,-87.75514,2018-08-23,2018-08-23,27.2,15.6
2052,USW00014819,"CHICAGO MIDWAY AIRPORT, IL US",41.78412,-87.75514,2018-08-24,2018-08-24,23.9,17.8
2053,USW00014819,"CHICAGO MIDWAY AIRPORT, IL US",41.78412,-87.75514,2018-08-25,2018-08-25,31.1,18.9
2054,USW00014819,"CHICAGO MIDWAY AIRPORT, IL US",41.78412,-87.75514,2018-08-26,2018-08-26,35,23.3
2055,USW00014819,"CHICAGO MIDWAY AIRPORT, IL US",41.78412,-87.75514,2018-08-27,2018-08-27,35.6,25.6
2056,USW00014819,"CHICAGO MIDWAY AIRPORT, IL US",41.78412,-87.75514,2018-08-28,2018-08-28,33.9,20.6
2057,USW00014819,"CHICAGO MIDWAY AIRPORT, IL US",41.78412,-87.75514,2018-08-29,2018-08-29,25,18.9
2058,USW00014819,"CHICAGO MIDWAY AIRPORT, IL US",41.78412,-87.75514,2018-08-30,2018-08-30,23.3,17.8
2059,USW00014819,"CHICAGO MIDWAY AIRPORT, IL US",41.78412,-87.75514,2018-08-31,2018-08-31,30,16.7
2060,USW00014819,"CHICAGO MIDWAY AIRPORT, IL US",41.78412,-87.75514,2018-09-01,2018-09-01,30.6,22.2
2061,USW00014819,"CHICAGO MIDWAY AIRPORT, IL US",41.78412,-87.75514,2018-09-02,2018-09-02,33.3,23.3
2062,USW00014819,"CHICAGO MIDWAY AIRPORT, IL US",41.78412,-87.75514,2018-09-03,2018-09-03,31.1,22.8
2063,USW00014819,"CHICAGO MIDWAY AIRPORT, IL US",41.78412,-87.75514,2018-09-04,2018-09-04,33.9,22.2
2064,USW00014819,"CHICAGO MIDWAY AIRPORT, IL US",41.78412,-87.75514,2018-09-05,2018-09-05,33.3,21.7
2065,USW00014819,"CHICAGO MIDWAY AIRPORT, IL US",41.78412,-87.75514,2018-09-06,2018-09-06,22.2,20
2066,USW00014819,"CHICAGO MIDWAY AIRPORT, IL US",41.78412,-87.75514,2018-09-07,2018-09-07,21.1,18.9
2067,USW00014819,"CHICAGO MIDWAY AIRPORT, IL US",41.78412,-87.75514,2018-09-08,2018-09-08,20.6,17.2
2068,USW00014819,"CHICAGO MIDWAY AIRPORT, IL US",41.78412,-87.75514,2018-09-09,2018-09-09,21.1,16.1
2069,USW00014819,"CHICAGO MIDWAY AIRPORT, IL US",41.78412,-87.75514,2018-09-10,2018-09-10,23.3,16.1
2070,USW00014819,"CHICAGO MIDWAY AIRPORT, IL US",41.78412,-87.75514,2018-09-11,2018-09-11,26.7,13.9
2071,USW00014819,"CHICAGO MIDWAY AIRPORT, IL US",41.78412,-87.75514,2018-09-12,2018-09-12,27.8,13.9
2072,USW00014819,"CHICAGO MIDWAY AIRPORT, IL US",41.78412,-87.75514,2018-09-13,2018-09-13,26.1,13.3
2073,USW00014819,"CHICAGO MIDWAY AIRPORT, IL US",41.78412,-87.75514,2018-09-14,2018-09-14,29.4,16.7
2074,USW00014819,"CHICAGO MIDWAY AIRPORT, IL US",41.78412,-87.75514,2018-09-15,2018-09-15,27.8,17.2
2075,USW00014819,"CHICAGO MIDWAY AIRPORT, IL US",41.78412,-87.75514,2018-09-16,2018-09-16,30,19.4
2076,USW00014819,"CHICAGO MIDWAY AIRPORT, IL US",41.78412,-87.75514,2018-09-17,2018-09-17,33.3,20.6
2077,USW00014819,"CHICAGO MIDWAY AIRPORT, IL US",41.78412,-87.75514,2018-09-18,2018-09-18,27.8,20.6
2078,USW00014819,"CHICAGO MIDWAY AIRPORT, IL US",41.78412,-87.75514,2018-09-19,2018-09-19,26.1,19.4
2079,USW00014819,"CHICAGO MIDWAY AIRPORT, IL US",41.78412,-87.75514,2018-09-20,2018-09-20,35,20
2080,USW00014819,"CHICAGO MIDWAY AIRPORT, IL US",41.78412,-87.75514,2018-09-21,2018-09-21,28.3,14.4
2081,USW00014819,"CHICAGO MIDWAY AIRPORT, IL US",41.78412,-87.75514,2018-09-22,2018-09-22,17.8,13.3
2082,USW00014819,"CHICAGO MIDWAY AIRPORT, IL US",41.78412,-87.75514,2018-09-23,2018-09-23,21.1,11.7
2083,USW00014819,"CHICAGO MIDWAY AIRPORT, IL US",41.78412,-87.75514,2018-09-24,2018-09-24,22.2,14.4
2084,USW00014819,"CHICAGO MIDWAY AIRPORT, IL US",41.78412,-87.75514,2018-09-25,2018-09-25,28.9,17.2
2085,USW00014819,"CHICAGO MIDWAY AIRPORT, IL US",41.78412,-87.75514,2018-09-26,2018-09-26,20,10.6
2086,USW00014819,"CHICAGO MIDWAY AIRPORT, IL US",41.78412,-87.75514,2018-09-27,2018-09-27,20.6,8.9
2087,USW00014819,"CHICAGO MIDWAY AIRPORT, IL US",41.78412,-87.75514,2018-09-28,2018-09-28,16.7,8.3
2088,USW00014819,"CHICAGO MIDWAY AIRPORT, IL US",41.78412,-87.75514,2018-09-29,2018-09-29,15.6,5.6
2089,USW00014819,"CHICAGO MIDWAY AIRPORT, IL US",41.78412,-87.75514,2018-09-30,2018-09-30,20,12.2
2090,USW00014819,"CHICAGO MIDWAY AIRPORT, IL US",41.78412,-87.75514,2018-10-01,2018-10-01,24.4,13.9
2091,USW00014819,"CHICAGO MIDWAY AIRPORT, IL US",41.78412,-87.75514,2018-10-02,2018-10-02,20,15
2092,USW00014819,"CHICAGO MIDWAY AIRPORT, IL US",41.78412,-87.75514,2018-10-03,2018-10-03,31.1,15.6
2093,USW00014819,"CHICAGO MIDWAY AIRPORT, IL US",41.78412,-87.75514,2018-10-04,2018-10-04,26.7,11.7
2094,USW00014819,"CHICAGO MIDWAY AIRPORT, IL US",41.78412,-87.75514,2018-10-05,2018-10-05,18.9,12.2
2095,USW00014819,"CHICAGO MIDWAY AIRPORT, IL US",41.78412,-87.75514,2018-10-06,2018-10-06,22.8,14.4
2096,USW00014819,"CHICAGO MIDWAY AIRPORT, IL US",41.78412,-87.75514,2018-10-07,2018-10-07,18.3,13.9
2097,USW00014819,"CHICAGO MIDWAY AIRPORT, IL US",41.78412,-87.75514,2018-10-08,2018-10-08,29.4,18.3
2098,USW00014819,"CHICAGO MIDWAY AIRPORT, IL US",41.78412,-87.75514,2018-10-09,2018-10-09,30,21.7
2099,USW00014819,"CHICAGO MIDWAY AIRPORT, IL US",41.78412,-87.75514,2018-10-10,2018-10-10,23.9,11.1
2100,USW00014819,"CHICAGO MIDWAY AIRPORT, IL US",41.78412,-87.75514,2018-10-11,2018-10-11,11.1,4.4
2101,USW00014819,"CHICAGO MIDWAY AIRPORT, IL US",41.78412,-87.75514,2018-10-12,2018-10-12,5.6,2.2
2102,USW00014819,"CHICAGO MIDWAY AIRPORT, IL US",41.78412,-87.75514,2018-10-13,2018-10-13,11.7,1.1
2103,USW00014819,"CHICAGO MIDWAY AIRPORT, IL US",41.78412,-87.75514,2018-10-14,2018-10-14,14.4,4.4
2104,USW00014819,"CHICAGO MIDWAY AIRPORT, IL US",41.78412,-87.75514,2018-10-15,2018-10-15,8.9,2.8
2105,USW00014819,"CHICAGO MIDWAY AIRPORT, IL US",41.78412,-87.75514,2018-10-16,2018-10-16,14.4,1.1
2106,USW00014819,"CHICAGO MIDWAY AIRPORT, IL US",41.78412,-87.75514,2018-10-17,2018-10-17,11.1,3.9
2107,USW00014819,"CHICAGO MIDWAY AIRPORT, IL US",41.78412,-87.75514,2018-10-18,2018-10-18,14.4,1.1
2108,USW00014819,"CHICAGO MIDWAY AIRPORT, IL US",41.78412,-87.75514,2018-10-19,2018-10-19,11.7,7.2
2109,USW00014819,"CHICAGO MIDWAY AIRPORT, IL US",41.78412,-87.75514,2018-10-20,2018-10-20,11.7,0
2110,USW00014819,"CHICAGO MIDWAY AIRPORT, IL US",41.78412,-87.75514,2018-10-21,2018-10-21,10,-2.1
2111,USW00014819,"CHICAGO MIDWAY AIRPORT, IL US",41.78412,-87.75514,2018-10-22,2018-10-22,17.2,3.3
2112,USW00014819,"CHICAGO MIDWAY AIRPORT, IL US",41.78412,-87.75514,2018-10-23,2018-10-23,11.7,4.4
2113,USW00014819,"CHICAGO MIDWAY AIRPORT, IL US",41.78412,-87.75514,2018-10-24,2018-10-24,10.6,3.3
2114,USW00014819,"CHICAGO MIDWAY AIRPORT, IL US",41.78412,-87.75514,2018-10-25,2018-10-25,11.1,3.3
2115,USW00014819,"CHICAGO MIDWAY AIRPORT, IL US",41.78412,-87.75514,2018-10-26,2018-10-26,12.2,7.8
2116,USW00014819,"CHICAGO MIDWAY AIRPORT, IL US",41.78412,-87.75514,2018-10-27,2018-10-27,11.7,6.1
2117,USW00014819,"CHICAGO MIDWAY AIRPORT, IL US",41.78412,-87.75514,2018-10-28,2018-10-28,11.1,6.7
2118,USW00014819,"CHICAGO MIDWAY AIRPORT, IL US",41.78412,-87.75514,2018-10-29,2018-10-29,13.9,3.9
2119,USW00014819,"CHICAGO MIDWAY AIRPORT, IL US",41.78412,-87.75514,2018-10-30,2018-10-30,20.6,7.2
2120,USW00014819,"CHICAGO MIDWAY AIRPORT, IL US",41.78412,-87.75514,2018-10-31,2018-10-31,15.6,9.4
2121,USW00014819,"CHICAGO MIDWAY AIRPORT, IL US",41.78412,-87.75514,2018-11-01,2018-11-01,11.1,7.8
2122,USW00014819,"CHICAGO MIDWAY AIRPORT, IL US",41.78412,-87.75514,2018-11-02,2018-11-02,10.6,3.3
2123,USW00014819,"CHICAGO MIDWAY AIRPORT, IL US",41.78412,-87.75514,2018-11-03,2018-11-03,9.4,1.1
2124,USW00014819,"CHICAGO MIDWAY AIRPORT, IL US",41.78412,-87.75514,2018-11-04,2018-11-04,11.7,7.8
2125,USW00014819,"CHICAGO MIDWAY AIRPORT, IL US",41.78412,-87.75514,2018-11-05,2018-11-05,11.1,7.2
2126,USW00014819,"CHICAGO MIDWAY AIRPORT, IL US",41.78412,-87.75514,2018-11-06,2018-11-06,10,3.3
2127,USW00014819,"CHICAGO MIDWAY AIRPORT, IL US",41.78412,-87.75514,2018-11-07,2018-11-07,3.9,1.1
2128,USW00014819,"CHICAGO MIDWAY AIRPORT, IL US",41.78412,-87.75514,2018-11-08,2018-11-08,5,0.6
2129,USW00014819,"CHICAGO MIDWAY AIRPORT, IL US",41.78412,-87.75514,2018-11-09,2018-11-09,4.4,-6.6
2130,USW00014819,"CHICAGO MIDWAY AIRPORT, IL US",41.78412,-87.75514,2018-11-10,2018-11-10,1.1,-6.6
2131,USW00014819,"CHICAGO MIDWAY AIRPORT, IL US",41.78412,-87.75514,2018-11-11,2018-11-11,5.6,-1.6
2132,USW00014819,"CHICAGO MIDWAY AIRPORT, IL US",41.78412,-87.75514,2018-11-12,2018-11-12,2.8,-3.8
2133,USW00014819,"CHICAGO MIDWAY AIRPORT, IL US",41.78412,-87.75514,2018-11-13,2018-11-13,-1,-6.6
2134,USW00014819,"CHICAGO MIDWAY AIRPORT, IL US",41.78412,-87.75514,2018-11-14,2018-11-14,2.2,-7.1
2135,USW00014819,"CHICAGO MIDWAY AIRPORT, IL US",41.78412,-87.75514,2018-11-15,2018-11-15,1.7,-2.1
2136,USW00014819,"CHICAGO MIDWAY AIRPORT, IL US",41.78412,-87.75514,2018-11-16,2018-11-16,5,-2.1
2137,USW00014819,"CHICAGO MIDWAY AIRPORT, IL US",41.78412,-87.75514,2018-11-17,2018-11-17,2.8,0.6
2138,USW00014819,"CHICAGO MIDWAY AIRPORT, IL US",41.78412,-87.75514,2018-11-18,2018-11-18,3.3,-3.8
2139,USW00014819,"CHICAGO MIDWAY AIRPORT, IL US",41.78412,-87.75514,2018-11-19,2018-11-19,1.1,-4.9
2140,USW00014819,"CHICAGO MIDWAY AIRPORT, IL US",41.78412,-87.75514,2018-11-20,2018-11-20,2.2,-1.6
2141,USW00014819,"CHICAGO MIDWAY AIRPORT, IL US",41.78412,-87.75514,2018-11-21,2018-11-21,3.3,-1.6
2142,USW00014819,"CHICAGO MIDWAY AIRPORT, IL US",41.78412,-87.75514,2018-11-22,2018-11-22,3.9,-0.5
2143,USW00014819,"CHICAGO MIDWAY AIRPORT, IL US",41.78412,-87.75514,2018-11-23,2018-11-23,10.6,1.1
2144,USW00014819,"CHICAGO MIDWAY AIRPORT, IL US",41.78412,-87.75514,2018-11-24,2018-11-24,9.4,3.9
2145,USW00014819,"CHICAGO MIDWAY AIRPORT, IL US",41.78412,-87.75514,2018-11-25,2018-11-25,5,0.6
2146,USW00014819,"CHICAGO MIDWAY AIRPORT, IL US",41.78412,-87.75514,2018-11-26,2018-11-26,1.1,-3.8
2147,USW00014819,"CHICAGO MIDWAY AIRPORT, IL US",41.78412,-87.75514,2018-11-27,2018-11-27,-3.8,-6.6
2148,USW00014819,"CHICAGO MIDWAY AIRPORT, IL US",41.78412,-87.75514,2018-11-28,2018-11-28,-2.1,-7.7
2149,USW00014819,"CHICAGO MIDWAY AIRPORT, IL US",41.78412,-87.75514,2018-11-29,2018-11-29,2.8,-2.1
2150,USW00014819,"CHICAGO MIDWAY AIRPORT, IL US",41.78412,-87.75514,2018-11-30,2018-11-30,6.1,0
2151,USW00014819,"CHICAGO MIDWAY AIRPORT, IL US",41.78412,-87.75514,2018-12-01,2018-12-01,7.8,1.1
2152,USW00014819,"CHICAGO MIDWAY AIRPORT, IL US",41.78412,-87.75514,2018-12-02,2018-12-02,8.9,2.2
2153,USW00014819,"CHICAGO MIDWAY AIRPORT, IL US",41.78412,-87.75514,2018-12-03,2018-12-03,2.2,-1
2154,USW00014819,"CHICAGO MIDWAY AIRPORT, IL US",41.78412,-87.75514,2018-12-04,2018-12-04,0,-2.1
2155,USW00014819,"CHICAGO MIDWAY AIRPORT, IL US",41.78412,-87.75514,2018-12-05,2018-12-05,0.6,-3.8
2156,USW00014819,"CHICAGO MIDWAY AIRPORT, IL US",41.78412,-87.75514,2018-12-06,2018-12-06,0.6,-6.6
2157,USW00014819,"CHICAGO MIDWAY AIRPORT, IL US",41.78412,-87.75514,2018-12-07,2018-12-07,-2.7,-8.2
2158,USW00014819,"CHICAGO MIDWAY AIRPORT, IL US",41.78412,-87.75514,2018-12-08,2018-12-08,-1,-7.1
2159,USW00014819,"CHICAGO MIDWAY AIRPORT, IL US",41.78412,-87.75514,2018-12-09,2018-12-09,1.7,-7.7
2160,USW00014819,"CHICAGO MIDWAY AIRPORT, IL US",41.78412,-87.75514,2018-12-10,2018-12-10,1.1,-8.2
2161,USW00014819,"CHICAGO MIDWAY AIRPORT, IL US",41.78412,-87.75514,2018-12-11,2018-12-11,3.9,-3.2
2162,USW00014819,"CHICAGO MIDWAY AIRPORT, IL US",41.78412,-87.75514,2018-12-12,2018-12-12,6.1,-1
2163,USW00014819,"CHICAGO MIDWAY AIRPORT, IL US",41.78412,-87.75514,2018-12-13,2018-12-13,6.1,-3.2
2164,USW00014819,"CHICAGO MIDWAY AIRPORT, IL US",41.78412,-87.75514,2018-12-14,2018-12-14,5.6,-5.5
2165,USW00014819,"CHICAGO MIDWAY AIRPORT, IL US",41.78412,-87.75514,2018-12-15,2018-12-15,8.9,-0.5
2166,USW00014819,"CHICAGO MIDWAY AIRPORT, IL US",41.78412,-87.75514,2018-12-16,2018-12-16,13.9,-1.6
2167,USW00014819,"CHICAGO MIDWAY AIRPORT, IL US",41.78412,-87.75514,2018-12-17,2018-12-17,15.6,-3.8
2168,USW00014819,"CHICAGO MIDWAY AIRPORT, IL US",41.78412,-87.75514,2018-12-18,2018-12-18,10.6,-5.5
2169,USW00014819,"CHICAGO MIDWAY AIRPORT, IL US",41.78412,-87.75514,2018-12-19,2018-12-19,10,1.1
2170,USW00014819,"CHICAGO MIDWAY AIRPORT, IL US",41.78412,-87.75514,2018-12-20,2018-12-20,9.4,3.9
2171,USW00014819,"CHICAGO MIDWAY AIRPORT, IL US",41.78412,-87.75514,2018-12-21,2018-12-21,4.4,-0.5
2172,USW00014819,"CHICAGO MIDWAY AIRPORT, IL US",41.78412,-87.75514,2018-12-22,2018-12-22,2.2,-1
2173,USW00014819,"CHICAGO MIDWAY AIRPORT, IL US",41.78412,-87.75514,2018-12-23,2018-12-23,3.9,-1
2174,USW00014819,"CHICAGO MIDWAY AIRPORT, IL US",41.78412,-87.75514,2018-12-24,2018-12-24,1.1,-4.3
2175,USW00014819,"CHICAGO MIDWAY AIRPORT, IL US",41.78412,-87.75514,2018-12-25,2018-12-25,8.3,-1
2176,USW00014819,"CHICAGO MIDWAY AIRPORT, IL US",41.78412,-87.75514,2018-12-26,2018-12-26,8.9,-1.6
2177,USW00014819,"CHICAGO MIDWAY AIRPORT, IL US",41.78412,-87.75514,2018-12-27,2018-12-27,12.2,4.4
2178,USW00014819,"CHICAGO MIDWAY AIRPORT, IL US",41.78412,-87.75514,2018-12-28,2018-12-28,12.2,-1.6
2179,USW00014819,"CHICAGO MIDWAY AIRPORT, IL US",41.78412,-87.75514,2018-12-29,2018-12-29,-0.5,-4.3
2180,USW00014819,"CHICAGO MIDWAY AIRPORT, IL US",41.78412,-87.75514,2018-12-30,2018-12-30,2.8,-6.6
2181,USW00014819,"CHICAGO MIDWAY AIRPORT, IL US",41.78412,-87.75514,2018-12-31,2018-12-31,5,0.6
2182,USC00111550,"CHICAGO NORTHERLY ISLAND, IL US",41.8558,-87.6094,2019-01-01,2019-01-01,2.2,-2.2
2183,USC00111550,"CHICAGO NORTHERLY ISLAND, IL US",41.8558,-87.6094,2019-01-02,2019-01-02,-0.6,-2.2
2184,USC00111550,"CHICAGO NORTHERLY ISLAND, IL US",41.8558,-87.6094,2019-01-03,2019-01-03,5,-3.3
2185,USC00111550,"CHICAGO NORTHERLY ISLAND, IL US",41.8558,-87.6094,2019-01-04,2019-01-04,10,0.6
2186,USC00111550,"CHICAGO NORTHERLY ISLAND, IL US",41.8558,-87.6094,2019-01-05,2019-01-05,12.2,1.1
2187,USC00111550,"CHICAGO NORTHERLY ISLAND, IL US",41.8558,-87.6094,2019-01-06,2019-01-06,6.1,1.7
2188,USC00111550,"CHICAGO NORTHERLY ISLAND, IL US",41.8558,-87.6094,2019-01-07,2019-01-07,12.2,2.8
2189,USC00111550,"CHICAGO NORTHERLY ISLAND, IL US",41.8558,-87.6094,2019-01-08,2019-01-08,7.8,-3.3
2190,USC00111550,"CHICAGO NORTHERLY ISLAND, IL US",41.8558,-87.6094,2019-01-09,2019-01-09,-2.8,-7.8
2191,USC00111550,"CHICAGO NORTHERLY ISLAND, IL US",41.8558,-87.6094,2019-01-10,2019-01-10,-2.8,-8.3
2192,USC00111550,"CHICAGO NORTHERLY ISLAND, IL US",41.8558,-87.6094,2019-01-11,2019-01-11,-0.6,-3.3
2193,USC00111550,"CHICAGO NORTHERLY ISLAND, IL US",41.8558,-87.6094,2019-01-12,2019-01-12,-0.6,-2.2
2194,USC00111550,"CHICAGO NORTHERLY ISLAND, IL US",41.8558,-87.6094,2019-01-13,2019-01-13,0,-2.2
2195,USC00111550,"CHICAGO NORTHERLY ISLAND, IL US",41.8558,-87.6094,2019-01-14,2019-01-14,-1.7,-4.4
2196,USC00111550,"CHICAGO NORTHERLY ISLAND, IL US",41.8558,-87.6094,2019-01-15,2019-01-15,0,-3.9
2197,USC00111550,"CHICAGO NORTHERLY ISLAND, IL US",41.8558,-87.6094,2019-01-16,2019-01-16,1.7,-2.2
2198,USC00111550,"CHICAGO NORTHERLY ISLAND, IL US",41.8558,-87.6094,2019-01-17,2019-01-17,1.1,-1.7
2199,USC00111550,"CHICAGO NORTHERLY ISLAND, IL US",41.8558,-87.6094,2019-01-18,2019-01-18,0.6,-2.2
2200,USC00111550,"CHICAGO NORTHERLY ISLAND, IL US",41.8558,-87.6094,2019-01-20,2019-01-20,-7.8,-11.1
2201,USC00111550,"CHICAGO NORTHERLY ISLAND, IL US",41.8558,-87.6094,2019-01-21,2019-01-21,-8.9,-12.2
2202,USC00111550,"CHICAGO NORTHERLY ISLAND, IL US",41.8558,-87.6094,2019-01-22,2019-01-22,1.7,-9.4
2203,USC00111550,"CHICAGO NORTHERLY ISLAND, IL US",41.8558,-87.6094,2019-01-23,2019-01-23,1.7,-6.1
2204,USC00111550,"CHICAGO NORTHERLY ISLAND, IL US",41.8558,-87.6094,2019-01-24,2019-01-24,-4.4,-15
2205,USC00111550,"CHICAGO NORTHERLY ISLAND, IL US",41.8558,-87.6094,2019-01-25,2019-01-25,-12.8,-19.4
2206,USC00111550,"CHICAGO NORTHERLY ISLAND, IL US",41.8558,-87.6094,2019-01-26,2019-01-26,-10,-17.8
2207,USC00111550,"CHICAGO NORTHERLY ISLAND, IL US",41.8558,-87.6094,2019-01-27,2019-01-27,-10,-17.8
2208,USC00111550,"CHICAGO NORTHERLY ISLAND, IL US",41.8558,-87.6094,2019-01-28,2019-01-28,1.7,-12.8
2209,USC00111550,"CHICAGO NORTHERLY ISLAND, IL US",41.8558,-87.6094,2019-01-29,2019-01-29,-11.7,-22.2
2210,USC00111550,"CHICAGO NORTHERLY ISLAND, IL US",41.8558,-87.6094,2019-01-30,2019-01-30,-21.7,-29.4
2211,USC00111550,"CHICAGO NORTHERLY ISLAND, IL US",41.8558,-87.6094,2019-01-31,2019-01-31,-16.1,-27.2
2212,USC00111550,"CHICAGO NORTHERLY ISLAND, IL US",41.8558,-87.6094,2019-02-01,2019-02-01,-7.8,-16.1
2213,USC00111550,"CHICAGO NORTHERLY ISLAND, IL US",41.8558,-87.6094,2019-02-02,2019-02-02,5.6,-8.9
2214,USC00111550,"CHICAGO NORTHERLY ISLAND, IL US",41.8558,-87.6094,2019-02-03,2019-02-03,10,4.4
2215,USC00111550,"CHICAGO NORTHERLY ISLAND, IL US",41.8558,-87.6094,2019-02-04,2019-02-04,10.6,0
2216,USC00111550,"CHICAGO NORTHERLY ISLAND, IL US",41.8558,-87.6094,2019-02-05,2019-02-05,0.6,-3.3
2217,USC00111550,"CHICAGO NORTHERLY ISLAND, IL US",41.8558,-87.6094,2019-02-06,2019-02-06,2.8,0
2218,USC00111550,"CHICAGO NORTHERLY ISLAND, IL US",41.8558,-87.6094,2019-02-07,2019-02-07,7.8,-12.2
2219,USC00111550,"CHICAGO NORTHERLY ISLAND, IL US",41.8558,-87.6094,2019-02-08,2019-02-08,-10,-14.4
2220,USC00111550,"CHICAGO NORTHERLY ISLAND, IL US",41.8558,-87.6094,2019-02-11,2019-02-11,-0.6,-2.8
2221,USC00111550,"CHICAGO NORTHERLY ISLAND, IL US",41.8558,-87.6094,2019-02-12,2019-02-12,1.1,-6.1
2222,USC00111550,"CHICAGO NORTHERLY ISLAND, IL US",41.8558,-87.6094,2019-02-13,2019-02-13,-1.1,-10
2223,USC00111550,"CHICAGO NORTHERLY ISLAND, IL US",41.8558,-87.6094,2019-02-14,2019-02-14,7.8,-1.7
2224,USC00111550,"CHICAGO NORTHERLY ISLAND, IL US",41.8558,-87.6094,2019-02-15,2019-02-15,1.1,-11.1
2225,USC00111550,"CHICAGO NORTHERLY ISLAND, IL US",41.8558,-87.6094,2019-02-16,2019-02-16,-1.1,-7.8
2226,USC00111550,"CHICAGO NORTHERLY ISLAND, IL US",41.8558,-87.6094,2019-02-17,2019-02-17,-2.2,-3.9
2227,USC00111550,"CHICAGO NORTHERLY ISLAND, IL US",41.8558,-87.6094,2019-02-18,2019-02-18,-1.7,-5
2228,USC00111550,"CHICAGO NORTHERLY ISLAND, IL US",41.8558,-87.6094,2019-02-19,2019-02-19,-1.1,-7.2
2229,USC00111550,"CHICAGO NORTHERLY ISLAND, IL US",41.8558,-87.6094,2019-02-20,2019-02-20,2.8,-2.2
2230,USC00111550,"CHICAGO NORTHERLY ISLAND, IL US",41.8558,-87.6094,2019-02-21,2019-02-21,1.7,-2.8
2231,USC00111550,"CHICAGO NORTHERLY ISLAND, IL US",41.8558,-87.6094,2019-02-22,2019-02-22,1.7,-3.9
2232,USC00111550,"CHICAGO NORTHERLY ISLAND, IL US",41.8558,-87.6094,2019-02-23,2019-02-23,9.4,0
2233,USC00111550,"CHICAGO NORTHERLY ISLAND, IL US",41.8558,-87.6094,2019-02-27,2019-02-27,-1.1,-8.3
2234,USC00111550,"CHICAGO NORTHERLY ISLAND, IL US",41.8558,-87.6094,2019-02-28,2019-02-28,-3.3,-8.9
2235,USC00111550,"CHICAGO NORTHERLY ISLAND, IL US",41.8558,-87.6094,2019-03-01,2019-03-01,-0.6,-3.9
2236,USC00111550,"CHICAGO NORTHERLY ISLAND, IL US",41.8558,-87.6094,2019-03-02,2019-03-02,0.6,-2.8
2237,USC00111550,"CHICAGO NORTHERLY ISLAND, IL US",41.8558,-87.6094,2019-03-07,2019-03-07,-2.8,-6.7
2238,USC00111550,"CHICAGO NORTHERLY ISLAND, IL US",41.8558,-87.6094,2019-03-08,2019-03-08,1.1,-3.9
2239,USC00111550,"CHICAGO NORTHERLY ISLAND, IL US",41.8558,-87.6094,2019-03-12,2019-03-12,9.4,-1.7
2240,USC00111550,"CHICAGO NORTHERLY ISLAND, IL US",41.8558,-87.6094,2019-03-13,2019-03-13,13.3,4.4
2241,USC00111550,"CHICAGO NORTHERLY ISLAND, IL US",41.8558,-87.6094,2019-03-14,2019-03-14,16.7,4.4
2242,USC00111550,"CHICAGO NORTHERLY ISLAND, IL US",41.8558,-87.6094,2019-03-26,2019-03-26,3.3,0
2243,USC00111550,"CHICAGO NORTHERLY ISLAND, IL US",41.8558,-87.6094,2019-03-27,2019-03-27,13.9,0.6
2244,USC00111550,"CHICAGO NORTHERLY ISLAND, IL US",41.8558,-87.6094,2019-03-28,2019-03-28,16.7,5
2245,USC00111550,"CHICAGO NORTHERLY ISLAND, IL US",41.8558,-87.6094,2019-03-29,2019-03-29,6.7,2.8
2246,USC00111550,"CHICAGO NORTHERLY ISLAND, IL US",41.8558,-87.6094,2019-03-30,2019-03-30,5.6,-1.1
2247,USC00111550,"CHICAGO NORTHERLY ISLAND, IL US",41.8558,-87.6094,2019-03-31,2019-03-31,2.2,-3.3
2248,USC00111550,"CHICAGO NORTHERLY ISLAND, IL US",41.8558,-87.6094,2019-04-01,2019-04-01,8.3,-2.2
2249,USC00111550,"CHICAGO NORTHERLY ISLAND, IL US",41.8558,-87.6094,2019-04-02,2019-04-02,12.2,3.9
2250,USC00111550,"CHICAGO NORTHERLY ISLAND, IL US",41.8558,-87.6094,2019-04-03,2019-04-03,13.9,4.4
2251,USC00111550,"CHICAGO NORTHERLY ISLAND, IL US",41.8558,-87.6094,2019-04-04,2019-04-04,9.4,3.3
2252,USC00111550,"CHICAGO NORTHERLY ISLAND, IL US",41.8558,-87.6094,2019-04-05,2019-04-05,6.1,3.3
2253,USC00111550,"CHICAGO NORTHERLY ISLAND, IL US",41.8558,-87.6094,2019-04-06,2019-04-06,9.4,4.4
2254,USC00111550,"CHICAGO NORTHERLY ISLAND, IL US",41.8558,-87.6094,2019-04-07,2019-04-07,20.6,7.8
2255,USC00111550,"CHICAGO NORTHERLY ISLAND, IL US",41.8558,-87.6094,2019-04-08,2019-04-08,20.6,10
2256,USC00111550,"CHICAGO NORTHERLY ISLAND, IL US",41.8558,-87.6094,2019-04-09,2019-04-09,18.3,3.9
2257,USC00111550,"CHICAGO NORTHERLY ISLAND, IL US",41.8558,-87.6094,2019-04-10,2019-04-10,4.4,1.7
2258,USC00111550,"CHICAGO NORTHERLY ISLAND, IL US",41.8558,-87.6094,2019-04-11,2019-04-11,11.7,3.3
2259,USC00111550,"CHICAGO NORTHERLY ISLAND, IL US",41.8558,-87.6094,2019-04-12,2019-04-12,11.7,5
2260,USC00111550,"CHICAGO NORTHERLY ISLAND, IL US",41.8558,-87.6094,2019-04-13,2019-04-13,11.7,3.3
2261,USC00111550,"CHICAGO NORTHERLY ISLAND, IL US",41.8558,-87.6094,2019-04-14,2019-04-14,3.9,0
2262,USC00111550,"CHICAGO NORTHERLY ISLAND, IL US",41.8558,-87.6094,2019-04-15,2019-04-15,11.7,1.1
2263,USC00111550,"CHICAGO NORTHERLY ISLAND, IL US",41.8558,-87.6094,2019-04-16,2019-04-16,21.1,6.1
2264,USC00111550,"CHICAGO NORTHERLY ISLAND, IL US",41.8558,-87.6094,2019-04-17,2019-04-17,23.9,6.1
2265,USC00111550,"CHICAGO NORTHERLY ISLAND, IL US",41.8558,-87.6094,2019-04-18,2019-04-18,18.3,5
2266,USC00111550,"CHICAGO NORTHERLY ISLAND, IL US",41.8558,-87.6094,2019-04-19,2019-04-19,6.7,3.9
2267,USC00111550,"CHICAGO NORTHERLY ISLAND, IL US",41.8558,-87.6094,2019-04-20,2019-04-20,14.4,5
2268,USC00111550,"CHICAGO NORTHERLY ISLAND, IL US",41.8558,-87.6094,2019-04-21,2019-04-21,23.3,7.2
2269,USC00111550,"CHICAGO NORTHERLY ISLAND, IL US",41.8558,-87.6094,2019-04-22,2019-04-22,26.1,11.7
2270,USC00111550,"CHICAGO NORTHERLY ISLAND, IL US",41.8558,-87.6094,2019-04-23,2019-04-23,19.4,6.1
2271,USC00111550,"CHICAGO NORTHERLY ISLAND, IL US",41.8558,-87.6094,2019-04-24,2019-04-24,11.1,6.1
2272,USC00111550,"CHICAGO NORTHERLY ISLAND, IL US",41.8558,-87.6094,2019-04-25,2019-04-25,12.2,7.2
2273,USC00111550,"CHICAGO NORTHERLY ISLAND, IL US",41.8558,-87.6094,2019-04-26,2019-04-26,16.7,7.2
2274,USC00111550,"CHICAGO NORTHERLY ISLAND, IL US",41.8558,-87.6094,2019-04-27,2019-04-27,7.8,0.6
2275,USC00111550,"CHICAGO NORTHERLY ISLAND, IL US",41.8558,-87.6094,2019-04-28,2019-04-28,7.8,3.3
2276,USC00111550,"CHICAGO NORTHERLY ISLAND, IL US",41.8558,-87.6094,2019-04-29,2019-04-29,11.1,6.1
2277,USC00111550,"CHICAGO NORTHERLY ISLAND, IL US",41.8558,-87.6094,2019-04-30,2019-04-30,7.8,3.3
2278,USC00111550,"CHICAGO NORTHERLY ISLAND, IL US",41.8558,-87.6094,2019-05-01,2019-05-01,15,5
2279,USC00111550,"CHICAGO NORTHERLY ISLAND, IL US",41.8558,-87.6094,2019-05-02,2019-05-02,7.2,4.4
2280,USC00111550,"CHICAGO NORTHERLY ISLAND, IL US",41.8558,-87.6094,2019-05-03,2019-05-03,8.9,5
2281,USC00111550,"CHICAGO NORTHERLY ISLAND, IL US",41.8558,-87.6094,2019-05-04,2019-05-04,11.7,6.1
2282,USC00111550,"CHICAGO NORTHERLY ISLAND, IL US",41.8558,-87.6094,2019-05-05,2019-05-05,21.7,8.3
2283,USC00111550,"CHICAGO NORTHERLY ISLAND, IL US",41.8558,-87.6094,2019-05-06,2019-05-06,20.6,6.1
2284,USC00111550,"CHICAGO NORTHERLY ISLAND, IL US",41.8558,-87.6094,2019-05-07,2019-05-07,7.8,5.6
2285,USC00111550,"CHICAGO NORTHERLY ISLAND, IL US",41.8558,-87.6094,2019-05-08,2019-05-08,16.7,6.7
2286,USC00111550,"CHICAGO NORTHERLY ISLAND, IL US",41.8558,-87.6094,2019-05-09,2019-05-09,20,8.9
2287,USC00111550,"CHICAGO NORTHERLY ISLAND, IL US",41.8558,-87.6094,2019-05-10,2019-05-10,9.4,5.6
2288,USC00111550,"CHICAGO NORTHERLY ISLAND, IL US",41.8558,-87.6094,2019-05-11,2019-05-11,10,6.1
2289,USC00111550,"CHICAGO NORTHERLY ISLAND, IL US",41.8558,-87.6094,2019-05-12,2019-05-12,8.3,5.6
2290,USC00111550,"CHICAGO NORTHERLY ISLAND, IL US",41.8558,-87.6094,2019-05-13,2019-05-13,11.1,6.7
2291,USC00111550,"CHICAGO NORTHERLY ISLAND, IL US",41.8558,-87.6094,2019-05-14,2019-05-14,16.1,7.8
2292,USC00111550,"CHICAGO NORTHERLY ISLAND, IL US",41.8558,-87.6094,2019-05-15,2019-05-15,24.4,11.1
2293,USC00111550,"CHICAGO NORTHERLY ISLAND, IL US",41.8558,-87.6094,2019-05-16,2019-05-16,23.9,13.9
2294,USC00111550,"CHICAGO NORTHERLY ISLAND, IL US",41.8558,-87.6094,2019-05-17,2019-05-17,20,6.1
2295,USC00111550,"CHICAGO NORTHERLY ISLAND, IL US",41.8558,-87.6094,2019-05-18,2019-05-18,18.9,6.1
2296,USC00111550,"CHICAGO NORTHERLY ISLAND, IL US",41.8558,-87.6094,2019-05-19,2019-05-19,22.8,7.8
2297,USC00111550,"CHICAGO NORTHERLY ISLAND, IL US",41.8558,-87.6094,2019-05-20,2019-05-20,13.3,7.2
2298,USC00111550,"CHICAGO NORTHERLY ISLAND, IL US",41.8558,-87.6094,2019-05-21,2019-05-21,11.7,7.2
2299,USC00111550,"CHICAGO NORTHERLY ISLAND, IL US",41.8558,-87.6094,2019-05-22,2019-05-22,27.2,10
2300,USC00111550,"CHICAGO NORTHERLY ISLAND, IL US",41.8558,-87.6094,2019-05-23,2019-05-23,23.9,13.3
2301,USC00111550,"CHICAGO NORTHERLY ISLAND, IL US",41.8558,-87.6094,2019-05-24,2019-05-24,25,11.1
2302,USC00111550,"CHICAGO NORTHERLY ISLAND, IL US",41.8558,-87.6094,2019-05-25,2019-05-25,27.2,21.1
2303,USC00111550,"CHICAGO NORTHERLY ISLAND, IL US",41.8558,-87.6094,2019-05-26,2019-05-26,23.3,10.6
2304,USC00111550,"CHICAGO NORTHERLY ISLAND, IL US",41.8558,-87.6094,2019-05-27,2019-05-27,21.7,11.1
2305,USC00111550,"CHICAGO NORTHERLY ISLAND, IL US",41.8558,-87.6094,2019-05-28,2019-05-28,21.7,8.3
2306,USC00111550,"CHICAGO NORTHERLY ISLAND, IL US",41.8558,-87.6094,2019-05-29,2019-05-29,15.6,9.4
2307,USC00111550,"CHICAGO NORTHERLY ISLAND, IL US",41.8558,-87.6094,2019-05-30,2019-05-30,19.4,13.3
2308,USC00111550,"CHICAGO NORTHERLY ISLAND, IL US",41.8558,-87.6094,2019-05-31,2019-05-31,27.2,16.7
2309,USC00111550,"CHICAGO NORTHERLY ISLAND, IL US",41.8558,-87.6094,2019-06-01,2019-06-01,23.3,10.6
2310,USC00111550,"CHICAGO NORTHERLY ISLAND, IL US",41.8558,-87.6094,2019-06-02,2019-06-02,16.1,10
2311,USC00111550,"CHICAGO NORTHERLY ISLAND, IL US",41.8558,-87.6094,2019-06-03,2019-06-03,13.9,9.4
2312,USC00111550,"CHICAGO NORTHERLY ISLAND, IL US",41.8558,-87.6094,2019-06-04,2019-06-04,27.8,12.8
2313,USC00111550,"CHICAGO NORTHERLY ISLAND, IL US",41.8558,-87.6094,2019-06-05,2019-06-05,27.2,12.2
2314,USC00111550,"CHICAGO NORTHERLY ISLAND, IL US",41.8558,-87.6094,2019-06-06,2019-06-06,15,11.1
2315,USC00111550,"CHICAGO NORTHERLY ISLAND, IL US",41.8558,-87.6094,2019-06-07,2019-06-07,18.9,11.7
2316,USC00111550,"CHICAGO NORTHERLY ISLAND, IL US",41.8558,-87.6094,2019-06-08,2019-06-08,18.9,14.4
2317,USC00111550,"CHICAGO NORTHERLY ISLAND, IL US",41.8558,-87.6094,2019-06-09,2019-06-09,18.9,15
2318,USC00111550,"CHICAGO NORTHERLY ISLAND, IL US",41.8558,-87.6094,2019-06-10,2019-06-10,19.4,15
2319,USC00111550,"CHICAGO NORTHERLY ISLAND, IL US",41.8558,-87.6094,2019-06-11,2019-06-11,25,15.6
2320,USC00111550,"CHICAGO NORTHERLY ISLAND, IL US",41.8558,-87.6094,2019-06-12,2019-06-12,22.8,13.9
2321,USC00111550,"CHICAGO NORTHERLY ISLAND, IL US",41.8558,-87.6094,2019-06-13,2019-06-13,17.2,10.6
2322,USC00111550,"CHICAGO NORTHERLY ISLAND, IL US",41.8558,-87.6094,2019-06-14,2019-06-14,26.1,12.2
2323,USC00111550,"CHICAGO NORTHERLY ISLAND, IL US",41.8558,-87.6094,2019-06-15,2019-06-15,20.6,11.7
2324,USC00111550,"CHICAGO NORTHERLY ISLAND, IL US",41.8558,-87.6094,2019-06-16,2019-06-16,15.6,11.7
2325,USC00111550,"CHICAGO NORTHERLY ISLAND, IL US",41.8558,-87.6094,2019-06-17,2019-06-17,15,11.7
2326,USC00111550,"CHICAGO NORTHERLY ISLAND, IL US",41.8558,-87.6094,2019-06-18,2019-06-18,17.2,12.2
2327,USC00111550,"CHICAGO NORTHERLY ISLAND, IL US",41.8558,-87.6094,2019-06-19,2019-06-19,17.2,11.7
2328,USC00111550,"CHICAGO NORTHERLY ISLAND, IL US",41.8558,-87.6094,2019-06-20,2019-06-20,18.3,12.2
2329,USC00111550,"CHICAGO NORTHERLY ISLAND, IL US",41.8558,-87.6094,2019-06-21,2019-06-21,19.4,13.3
2330,USC00111550,"CHICAGO NORTHERLY ISLAND, IL US",41.8558,-87.6094,2019-06-22,2019-06-22,19.4,13.9
2331,USC00111550,"CHICAGO NORTHERLY ISLAND, IL US",41.8558,-87.6094,2019-06-23,2019-06-23,25.6,15
2332,USC00111550,"CHICAGO NORTHERLY ISLAND, IL US",41.8558,-87.6094,2019-06-24,2019-06-24,25,20
2333,USC00111550,"CHICAGO NORTHERLY ISLAND, IL US",41.8558,-87.6094,2019-06-25,2019-06-25,29.4,17.2
2334,USC00111550,"CHICAGO NORTHERLY ISLAND, IL US",41.8558,-87.6094,2019-06-26,2019-06-26,27.8,18.3
2335,USC00111550,"CHICAGO NORTHERLY ISLAND, IL US",41.8558,-87.6094,2019-06-27,2019-06-27,25.6,17.8
2336,USC00111550,"CHICAGO NORTHERLY ISLAND, IL US",41.8558,-87.6094,2019-06-28,2019-06-28,30,17.8
2337,USC00111550,"CHICAGO NORTHERLY ISLAND, IL US",41.8558,-87.6094,2019-06-29,2019-06-29,24.4,17.8
2338,USC00111550,"CHICAGO NORTHERLY ISLAND, IL US",41.8558,-87.6094,2019-06-30,2019-06-30,25,19.4
2339,USC00111550,"CHICAGO NORTHERLY ISLAND, IL US",41.8558,-87.6094,2019-07-01,2019-07-01,27.8,20.6
2340,USC00111550,"CHICAGO NORTHERLY ISLAND, IL US",41.8558,-87.6094,2019-07-02,2019-07-02,32.8,20
2341,USC00111550,"CHICAGO NORTHERLY ISLAND, IL US",41.8558,-87.6094,2019-07-03,2019-07-03,24.4,19.4
2342,USC00111550,"CHICAGO NORTHERLY ISLAND, IL US",41.8558,-87.6094,2019-07-04,2019-07-04,31.7,19.4
2343,USC00111550,"CHICAGO NORTHERLY ISLAND, IL US",41.8558,-87.6094,2019-07-05,2019-07-05,32.2,21.7
2344,USC00111550,"CHICAGO NORTHERLY ISLAND, IL US",41.8558,-87.6094,2019-07-06,2019-07-06,24.4,18.3
2345,USC00111550,"CHICAGO NORTHERLY ISLAND, IL US",41.8558,-87.6094,2019-07-07,2019-07-07,21.1,17.2
2346,USC00111550,"CHICAGO NORTHERLY ISLAND, IL US",41.8558,-87.6094,2019-07-08,2019-07-08,22.8,17.2
2347,USC00111550,"CHICAGO NORTHERLY ISLAND, IL US",41.8558,-87.6094,2019-07-09,2019-07-09,25.6,18.3
2348,USC00111550,"CHICAGO NORTHERLY ISLAND, IL US",41.8558,-87.6094,2019-07-10,2019-07-10,34.4,24.4
2349,USC00111550,"CHICAGO NORTHERLY ISLAND, IL US",41.8558,-87.6094,2019-07-11,2019-07-11,25,17.8
2350,USC00111550,"CHICAGO NORTHERLY ISLAND, IL US",41.8558,-87.6094,2019-07-12,2019-07-12,28.9,17.2
2351,USC00111550,"CHICAGO NORTHERLY ISLAND, IL US",41.8558,-87.6094,2019-07-13,2019-07-13,32.8,21.7
2352,USC00111550,"CHICAGO NORTHERLY ISLAND, IL US",41.8558,-87.6094,2019-07-14,2019-07-14,26.1,20.6
2353,USC00111550,"CHICAGO NORTHERLY ISLAND, IL US",41.8558,-87.6094,2019-07-15,2019-07-15,32.2,22.2
2354,USC00111550,"CHICAGO NORTHERLY ISLAND, IL US",41.8558,-87.6094,2019-07-16,2019-07-16,27.8,20.6
2355,USC00111550,"CHICAGO NORTHERLY ISLAND, IL US",41.8558,-87.6094,2019-07-17,2019-07-17,28.3,21.1
2356,USC00111550,"CHICAGO NORTHERLY ISLAND, IL US",41.8558,-87.6094,2019-07-18,2019-07-18,30.6,20.6
2357,USC00111550,"CHICAGO NORTHERLY ISLAND, IL US",41.8558,-87.6094,2019-07-19,2019-07-19,33.9,26.7
2358,USC00111550,"CHICAGO NORTHERLY ISLAND, IL US",41.8558,-87.6094,2019-07-20,2019-07-20,35,20.6
2359,USC00111550,"CHICAGO NORTHERLY ISLAND, IL US",41.8558,-87.6094,2019-07-21,2019-07-21,22.8,18.9
2360,USC00111550,"CHICAGO NORTHERLY ISLAND, IL US",41.8558,-87.6094,2019-07-22,2019-07-22,22.2,18.3
2361,USC00111550,"CHICAGO NORTHERLY ISLAND, IL US",41.8558,-87.6094,2019-07-23,2019-07-23,24.4,18.3
2362,USC00111550,"CHICAGO NORTHERLY ISLAND, IL US",41.8558,-87.6094,2019-07-24,2019-07-24,23.3,18.3
2363,USC00111550,"CHICAGO NORTHERLY ISLAND, IL US",41.8558,-87.6094,2019-07-25,2019-07-25,26.7,18.9
2364,USC00111550,"CHICAGO NORTHERLY ISLAND, IL US",41.8558,-87.6094,2019-07-26,2019-07-26,28.9,20.6
2365,USC00111550,"CHICAGO NORTHERLY ISLAND, IL US",41.8558,-87.6094,2019-07-27,2019-07-27,31.1,22.2
2366,USC00111550,"CHICAGO NORTHERLY ISLAND, IL US",41.8558,-87.6094,2019-07-28,2019-07-28,31.7,22.8
2367,USC00111550,"CHICAGO NORTHERLY ISLAND, IL US",41.8558,-87.6094,2019-07-29,2019-07-29,27.2,21.7
2368,USC00111550,"CHICAGO NORTHERLY ISLAND, IL US",41.8558,-87.6094,2019-07-30,2019-07-30,23.3,18.9
2369,USC00111550,"CHICAGO NORTHERLY ISLAND, IL US",41.8558,-87.6094,2019-07-31,2019-07-31,22.8,18.3
2370,USC00111550,"CHICAGO NORTHERLY ISLAND, IL US",41.8558,-87.6094,2019-08-01,2019-08-01,24.4,18.9
2371,USC00111550,"CHICAGO NORTHERLY ISLAND, IL US",41.8558,-87.6094,2019-08-02,2019-08-02,25,19.4
2372,USC00111550,"CHICAGO NORTHERLY ISLAND, IL US",41.8558,-87.6094,2019-08-06,2019-08-06,27.2,20.6
2373,USC00111550,"CHICAGO NORTHERLY ISLAND, IL US",41.8558,-87.6094,2019-08-07,2019-08-07,30,21.1
2374,USC00111550,"CHICAGO NORTHERLY ISLAND, IL US",41.8558,-87.6094,2019-08-08,2019-08-08,28.9,21.1
2375,USC00111550,"CHICAGO NORTHERLY ISLAND, IL US",41.8558,-87.6094,2019-08-09,2019-08-09,25.6,19.4
2376,USC00111550,"CHICAGO NORTHERLY ISLAND, IL US",41.8558,-87.6094,2019-08-10,2019-08-10,26.7,20.6
2377,USC00111550,"CHICAGO NORTHERLY ISLAND, IL US",41.8558,-87.6094,2019-08-11,2019-08-11,28.3,20.6
2378,USC00111550,"CHICAGO NORTHERLY ISLAND, IL US",41.8558,-87.6094,2019-08-12,2019-08-12,26.7,21.1
2379,USC00111550,"CHICAGO NORTHERLY ISLAND, IL US",41.8558,-87.6094,2019-08-13,2019-08-13,26.7,21.7
2380,USC00111550,"CHICAGO NORTHERLY ISLAND, IL US",41.8558,-87.6094,2019-08-14,2019-08-14,27.2,20.6
2381,USC00111550,"CHICAGO NORTHERLY ISLAND, IL US",41.8558,-87.6094,2019-08-15,2019-08-15,25,19.4
2382,USC00111550,"CHICAGO NORTHERLY ISLAND, IL US",41.8558,-87.6094,2019-08-16,2019-08-16,28.9,18.3
2383,USC00111550,"CHICAGO NORTHERLY ISLAND, IL US",41.8558,-87.6094,2019-08-17,2019-08-17,26.1,21.7
2384,USC00111550,"CHICAGO NORTHERLY ISLAND, IL US",41.8558,-87.6094,2019-08-18,2019-08-18,28.3,19.4
2385,USC00111550,"CHICAGO NORTHERLY ISLAND, IL US",41.8558,-87.6094,2019-08-19,2019-08-19,26.1,21.7
2386,USC00111550,"CHICAGO NORTHERLY ISLAND, IL US",41.8558,-87.6094,2019-08-20,2019-08-20,25.6,21.7
2387,USC00111550,"CHICAGO NORTHERLY ISLAND, IL US",41.8558,-87.6094,2019-08-21,2019-08-21,28.3,20.6
2388,USC00111550,"CHICAGO NORTHERLY ISLAND, IL US",41.8558,-87.6094,2019-08-22,2019-08-22,24.4,20.6
2389,USC00111550,"CHICAGO NORTHERLY ISLAND, IL US",41.8558,-87.6094,2019-08-23,2019-08-23,22.8,18.9
2390,USC00111550,"CHICAGO NORTHERLY ISLAND, IL US",41.8558,-87.6094,2019-08-24,2019-08-24,22.2,18.9
2391,USC00111550,"CHICAGO NORTHERLY ISLAND, IL US",41.8558,-87.6094,2019-08-25,2019-08-25,23.3,18.3
2392,USC00111550,"CHICAGO NORTHERLY ISLAND, IL US",41.8558,-87.6094,2019-08-26,2019-08-26,23.9,18.9
2393,USC00111550,"CHICAGO NORTHERLY ISLAND, IL US",41.8558,-87.6094,2019-08-27,2019-08-27,27.2,19.4
2394,USC00111550,"CHICAGO NORTHERLY ISLAND, IL US",41.8558,-87.6094,2019-08-28,2019-08-28,24.4,17.2
2395,USC00111550,"CHICAGO NORTHERLY ISLAND, IL US",41.8558,-87.6094,2019-08-29,2019-08-29,29.4,16.7
2396,USC00111550,"CHICAGO NORTHERLY ISLAND, IL US",41.8558,-87.6094,2019-08-30,2019-08-30,21.7,17.2
2397,USC00111550,"CHICAGO NORTHERLY ISLAND, IL US",41.8558,-87.6094,2019-08-31,2019-08-31,22.2,17.8
2398,USC00111550,"CHICAGO NORTHERLY ISLAND, IL US",41.8558,-87.6094,2019-09-01,2019-09-01,21.1,16.7
2399,USC00111550,"CHICAGO NORTHERLY ISLAND, IL US",41.8558,-87.6094,2019-09-02,2019-09-02,26.1,16.7
2400,USC00111550,"CHICAGO NORTHERLY ISLAND, IL US",41.8558,-87.6094,2019-09-03,2019-09-03,27.2,18.9
2401,USC00111550,"CHICAGO NORTHERLY ISLAND, IL US",41.8558,-87.6094,2019-09-04,2019-09-04,21.1,16.1
2402,USC00111550,"CHICAGO NORTHERLY ISLAND, IL US",41.8558,-87.6094,2019-09-05,2019-09-05,20.6,15
2403,USC00111550,"CHICAGO NORTHERLY ISLAND, IL US",41.8558,-87.6094,2019-09-06,2019-09-06,22.2,17.8
2404,USC00111550,"CHICAGO NORTHERLY ISLAND, IL US",41.8558,-87.6094,2019-09-07,2019-09-07,25.6,15.6
2405,USC00111550,"CHICAGO NORTHERLY ISLAND, IL US",41.8558,-87.6094,2019-09-08,2019-09-08,18.9,16.1
2406,USC00111550,"CHICAGO NORTHERLY ISLAND, IL US",41.8558,-87.6094,2019-09-09,2019-09-09,22.8,16.7
2407,USC00111550,"CHICAGO NORTHERLY ISLAND, IL US",41.8558,-87.6094,2019-09-10,2019-09-10,32.2,20
2408,USC00111550,"CHICAGO NORTHERLY ISLAND, IL US",41.8558,-87.6094,2019-09-11,2019-09-11,32.2,18.9
2409,USC00111550,"CHICAGO NORTHERLY ISLAND, IL US",41.8558,-87.6094,2019-09-12,2019-09-12,24.4,17.8
2410,USC00111550,"CHICAGO NORTHERLY ISLAND, IL US",41.8558,-87.6094,2019-09-13,2019-09-13,25,17.8
2411,USC00111550,"CHICAGO NORTHERLY ISLAND, IL US",41.8558,-87.6094,2019-09-14,2019-09-14,27.2,15.6
2412,USC00111550,"CHICAGO NORTHERLY ISLAND, IL US",41.8558,-87.6094,2019-09-15,2019-09-15,26.1,17.2
2413,USC00111550,"CHICAGO NORTHERLY ISLAND, IL US",41.8558,-87.6094,2019-09-16,2019-09-16,22.2,18.3
2414,USC00111550,"CHICAGO NORTHERLY ISLAND, IL US",41.8558,-87.6094,2019-09-17,2019-09-17,22.2,17.8
2415,USC00111550,"CHICAGO NORTHERLY ISLAND, IL US",41.8558,-87.6094,2019-09-18,2019-09-18,23.3,16.7
2416,USC00111550,"CHICAGO NORTHERLY ISLAND, IL US",41.8558,-87.6094,2019-09-19,2019-09-19,27.8,17.8
2417,USC00111550,"CHICAGO NORTHERLY ISLAND, IL US",41.8558,-87.6094,2019-09-20,2019-09-20,27.2,18.9
2418,USC00111550,"CHICAGO NORTHERLY ISLAND, IL US",41.8558,-87.6094,2019-09-21,2019-09-21,26.7,21.1
2419,USC00111550,"CHICAGO NORTHERLY ISLAND, IL US",41.8558,-87.6094,2019-09-22,2019-09-22,25.6,19.4
2420,USC00111550,"CHICAGO NORTHERLY ISLAND, IL US",41.8558,-87.6094,2019-09-23,2019-09-23,23.3,16.7
2421,USC00111550,"CHICAGO NORTHERLY ISLAND, IL US",41.8558,-87.6094,2019-09-24,2019-09-24,26.1,16.1
2422,USC00111550,"CHICAGO NORTHERLY ISLAND, IL US",41.8558,-87.6094,2019-09-25,2019-09-25,26.1,18.3
2423,USC00111550,"CHICAGO NORTHERLY ISLAND, IL US",41.8558,-87.6094,2019-09-26,2019-09-26,22.8,13.9
2424,USC00111550,"CHICAGO NORTHERLY ISLAND, IL US",41.8558,-87.6094,2019-09-27,2019-09-27,20.6,13.9
2425,USC00111550,"CHICAGO NORTHERLY ISLAND, IL US",41.8558,-87.6094,2019-09-28,2019-09-28,19.4,13.9
2426,USC00111550,"CHICAGO NORTHERLY ISLAND, IL US",41.8558,-87.6094,2019-09-29,2019-09-29,17.8,14.4
2427,USC00111550,"CHICAGO NORTHERLY ISLAND, IL US",41.8558,-87.6094,2019-09-30,2019-09-30,30,15.6
2428,USC00111550,"CHICAGO NORTHERLY ISLAND, IL US",41.8558,-87.6094,2019-10-01,2019-10-01,30.6,17.8
2429,USC00111550,"CHICAGO NORTHERLY ISLAND, IL US",41.8558,-87.6094,2019-10-02,2019-10-02,18.9,13.9
2430,USC00111550,"CHICAGO NORTHERLY ISLAND, IL US",41.8558,-87.6094,2019-10-03,2019-10-03,19.4,11.7
2431,USC00111550,"CHICAGO NORTHERLY ISLAND, IL US",41.8558,-87.6094,2019-10-04,2019-10-04,15.6,10
2432,USC00111550,"CHICAGO NORTHERLY ISLAND, IL US",41.8558,-87.6094,2019-10-05,2019-10-05,17.2,10
2433,USC00111550,"CHICAGO NORTHERLY ISLAND, IL US",41.8558,-87.6094,2019-10-06,2019-10-06,20.6,11.7
2434,USC00111550,"CHICAGO NORTHERLY ISLAND, IL US",41.8558,-87.6094,2019-10-07,2019-10-07,21.1,11.1
2435,USC00111550,"CHICAGO NORTHERLY ISLAND, IL US",41.8558,-87.6094,2019-10-08,2019-10-08,18.9,11.1
2436,USC00111550,"CHICAGO NORTHERLY ISLAND, IL US",41.8558,-87.6094,2019-10-09,2019-10-09,17.8,11.7
2437,USC00111550,"CHICAGO NORTHERLY ISLAND, IL US",41.8558,-87.6094,2019-10-10,2019-10-10,19.4,10
2438,USC00111550,"CHICAGO NORTHERLY ISLAND, IL US",41.8558,-87.6094,2019-10-11,2019-10-11,20,4.4
2439,USC00111550,"CHICAGO NORTHERLY ISLAND, IL US",41.8558,-87.6094,2019-10-12,2019-10-12,12.8,2.8
2440,USC00111550,"CHICAGO NORTHERLY ISLAND, IL US",41.8558,-87.6094,2019-10-13,2019-10-13,12.2,5
2441,USC00111550,"CHICAGO NORTHERLY ISLAND, IL US",41.8558,-87.6094,2019-10-14,2019-10-14,12.8,4.4
2442,USC00111550,"CHICAGO NORTHERLY ISLAND, IL US",41.8558,-87.6094,2019-10-15,2019-10-15,18.3,7.8
2443,USC00111550,"CHICAGO NORTHERLY ISLAND, IL US",41.8558,-87.6094,2019-10-16,2019-10-16,11.1,7.8
2444,USC00111550,"CHICAGO NORTHERLY ISLAND, IL US",41.8558,-87.6094,2019-10-17,2019-10-17,11.7,7.2
2445,USC00111550,"CHICAGO NORTHERLY ISLAND, IL US",41.8558,-87.6094,2019-10-18,2019-10-18,15.6,2.2
2446,USC00111550,"CHICAGO NORTHERLY ISLAND, IL US",41.8558,-87.6094,2019-10-19,2019-10-19,20.6,7.8
2447,USC00111550,"CHICAGO NORTHERLY ISLAND, IL US",41.8558,-87.6094,2019-10-20,2019-10-20,15,9.4
2448,USC00111550,"CHICAGO NORTHERLY ISLAND, IL US",41.8558,-87.6094,2019-10-21,2019-10-21,19.4,10.6
2449,USC00111550,"CHICAGO NORTHERLY ISLAND, IL US",41.8558,-87.6094,2019-10-22,2019-10-22,11.7,7.8
2450,USC00111550,"CHICAGO NORTHERLY ISLAND, IL US",41.8558,-87.6094,2019-10-23,2019-10-23,15.6,5
2451,USC00111550,"CHICAGO NORTHERLY ISLAND, IL US",41.8558,-87.6094,2019-10-24,2019-10-24,9.4,6.7
2452,USC00111550,"CHICAGO NORTHERLY ISLAND, IL US",41.8558,-87.6094,2019-10-25,2019-10-25,9.4,6.1
2453,USC00111550,"CHICAGO NORTHERLY ISLAND, IL US",41.8558,-87.6094,2019-10-26,2019-10-26,10,5.6
2454,USC00111550,"CHICAGO NORTHERLY ISLAND, IL US",41.8558,-87.6094,2019-10-27,2019-10-27,15,7.2
2455,USC00111550,"CHICAGO NORTHERLY ISLAND, IL US",41.8558,-87.6094,2019-10-28,2019-10-28,10.6,7.2
2456,USC00111550,"CHICAGO NORTHERLY ISLAND, IL US",41.8558,-87.6094,2019-10-29,2019-10-29,8.3,3.3
2457,USC00111550,"CHICAGO NORTHERLY ISLAND, IL US",41.8558,-87.6094,2019-10-30,2019-10-30,6.1,2.2
2458,USC00111550,"CHICAGO NORTHERLY ISLAND, IL US",41.8558,-87.6094,2019-10-31,2019-10-31,5,-2.2
2459,USC00111550,"CHICAGO NORTHERLY ISLAND, IL US",41.8558,-87.6094,2019-11-01,2019-11-01,7.2,-2.8
2460,USC00111550,"CHICAGO NORTHERLY ISLAND, IL US",41.8558,-87.6094,2019-11-02,2019-11-02,6.1,2.2
2461,USC00111550,"CHICAGO NORTHERLY ISLAND, IL US",41.8558,-87.6094,2019-11-03,2019-11-03,11.7,0.6
2462,USC00111550,"CHICAGO NORTHERLY ISLAND, IL US",41.8558,-87.6094,2019-11-04,2019-11-04,11.7,5
2463,USC00111550,"CHICAGO NORTHERLY ISLAND, IL US",41.8558,-87.6094,2019-11-05,2019-11-05,5.6,1.7
2464,USC00111550,"CHICAGO NORTHERLY ISLAND, IL US",41.8558,-87.6094,2019-11-06,2019-11-06,13.3,0
2465,USC00111550,"CHICAGO NORTHERLY ISLAND, IL US",41.8558,-87.6094,2019-11-07,2019-11-07,0.6,-5
2466,USC00111550,"CHICAGO NORTHERLY ISLAND, IL US",41.8558,-87.6094,2019-11-08,2019-11-08,1.1,-6.1
2467,USC00111550,"CHICAGO NORTHERLY ISLAND, IL US",41.8558,-87.6094,2019-11-09,2019-11-09,8.3,-2.2
2468,USC00111550,"CHICAGO NORTHERLY ISLAND, IL US",41.8558,-87.6094,2019-11-10,2019-11-10,7.8,2.8
2469,USC00111550,"CHICAGO NORTHERLY ISLAND, IL US",41.8558,-87.6094,2019-11-11,2019-11-11,2.8,-8.3
2470,USC00111550,"CHICAGO NORTHERLY ISLAND, IL US",41.8558,-87.6094,2019-11-12,2019-11-12,-6.1,-11.1
2471,USC00111550,"CHICAGO NORTHERLY ISLAND, IL US",41.8558,-87.6094,2019-11-13,2019-11-13,-2.2,-10
2472,USC00111550,"CHICAGO NORTHERLY ISLAND, IL US",41.8558,-87.6094,2019-11-14,2019-11-14,0.6,-3.3
2473,USC00111550,"CHICAGO NORTHERLY ISLAND, IL US",41.8558,-87.6094,2019-11-15,2019-11-15,3.3,-3.9
2474,USC00111550,"CHICAGO NORTHERLY ISLAND, IL US",41.8558,-87.6094,2019-11-16,2019-11-16,3.9,0.6
2475,USC00111550,"CHICAGO NORTHERLY ISLAND, IL US",41.8558,-87.6094,2019-11-17,2019-11-17,4.4,-1.7
2476,USC00111550,"CHICAGO NORTHERLY ISLAND, IL US",41.8558,-87.6094,2019-11-18,2019-11-18,4.4,2.2
2477,USC00111550,"CHICAGO NORTHERLY ISLAND, IL US",41.8558,-87.6094,2019-11-19,2019-11-19,4.4,1.7
2478,USC00111550,"CHICAGO NORTHERLY ISLAND, IL US",41.8558,-87.6094,2019-11-20,2019-11-20,8.9,3.9
2479,USC00111550,"CHICAGO NORTHERLY ISLAND, IL US",41.8558,-87.6094,2019-11-21,2019-11-21,12.8,3.9
2480,USC00111550,"CHICAGO NORTHERLY ISLAND, IL US",41.8558,-87.6094,2019-11-22,2019-11-22,4.4,-1.1
2481,USC00111550,"CHICAGO NORTHERLY ISLAND, IL US",41.8558,-87.6094,2019-11-23,2019-11-23,4.4,-1.7
2482,USC00111550,"CHICAGO NORTHERLY ISLAND, IL US",41.8558,-87.6094,2019-11-24,2019-11-24,10,1.1
2483,USC00111550,"CHICAGO NORTHERLY ISLAND, IL US",41.8558,-87.6094,2019-11-25,2019-11-25,12.8,4.4
2484,USC00111550,"CHICAGO NORTHERLY ISLAND, IL US",41.8558,-87.6094,2019-11-26,2019-11-26,9.4,2.2
2485,USC00111550,"CHICAGO NORTHERLY ISLAND, IL US",41.8558,-87.6094,2019-11-27,2019-11-27,13.3,1.1
2486,USC00111550,"CHICAGO NORTHERLY ISLAND, IL US",41.8558,-87.6094,2019-11-28,2019-11-28,3.3,0.6
2487,USC00111550,"CHICAGO NORTHERLY ISLAND, IL US",41.8558,-87.6094,2019-11-29,2019-11-29,3.9,2.8
2488,USC00111550,"CHICAGO NORTHERLY ISLAND, IL US",41.8558,-87.6094,2019-11-30,2019-11-30,4.4,2.2
2489,USC00111550,"CHICAGO NORTHERLY ISLAND, IL US",41.8558,-87.6094,2019-12-01,2019-12-01,5.6,0.6
2490,USC00111550,"CHICAGO NORTHERLY ISLAND, IL US",41.8558,-87.6094,2019-12-02,2019-12-02,2.2,-1.1
2491,USC00111550,"CHICAGO NORTHERLY ISLAND, IL US",41.8558,-87.6094,2019-12-03,2019-12-03,4.4,-1.1
2492,USC00111550,"CHICAGO NORTHERLY ISLAND, IL US",41.8558,-87.6094,2019-12-04,2019-12-04,6.1,0.6
2493,USC00111550,"CHICAGO NORTHERLY ISLAND, IL US",41.8558,-87.6094,2019-12-05,2019-12-05,7.8,0
2494,USC00111550,"CHICAGO NORTHERLY ISLAND, IL US",41.8558,-87.6094,2019-12-06,2019-12-06,7.2,-0.6
2495,USC00111550,"CHICAGO NORTHERLY ISLAND, IL US",41.8558,-87.6094,2019-12-07,2019-12-07,3.9,-1.7
2496,USC00111550,"CHICAGO NORTHERLY ISLAND, IL US",41.8558,-87.6094,2019-12-08,2019-12-08,8.9,2.8
2497,USC00111550,"CHICAGO NORTHERLY ISLAND, IL US",41.8558,-87.6094,2019-12-09,2019-12-09,9.4,-3.3
2498,USC00111550,"CHICAGO NORTHERLY ISLAND, IL US",41.8558,-87.6094,2019-12-10,2019-12-10,-3.3,-8.3
2499,USC00111550,"CHICAGO NORTHERLY ISLAND, IL US",41.8558,-87.6094,2019-12-11,2019-12-11,-3.3,-9.4
2500,USC00111550,"CHICAGO NORTHERLY ISLAND, IL US",41.8558,-87.6094,2019-12-12,2019-12-12,7.2,-5.6
2501,USC00111550,"CHICAGO NORTHERLY ISLAND, IL US",41.8558,-87.6094,2019-12-13,2019-12-13,7.2,1.7
2502,USC00111550,"CHICAGO NORTHERLY ISLAND, IL US",41.8558,-87.6094,2019-12-14,2019-12-14,2.8,-3.3
2503,USC00111550,"CHICAGO NORTHERLY ISLAND, IL US",41.8558,-87.6094,2019-12-15,2019-12-15,-2.2,-6.1
2504,USC00111550,"CHICAGO NORTHERLY ISLAND, IL US",41.8558,-87.6094,2019-12-16,2019-12-16,0,-3.3
2505,USC00111550,"CHICAGO NORTHERLY ISLAND, IL US",41.8558,-87.6094,2019-12-17,2019-12-17,0,-5
2506,USC00111550,"CHICAGO NORTHERLY ISLAND, IL US",41.8558,-87.6094,2019-12-18,2019-12-18,-1.7,-10
2507,USC00111550,"CHICAGO NORTHERLY ISLAND, IL US",41.8558,-87.6094,2019-12-19,2019-12-19,2.8,-8.3
2508,USC00111550,"CHICAGO NORTHERLY ISLAND, IL US",41.8558,-87.6094,2019-12-20,2019-12-20,5,-3.3
2509,USC00111550,"CHICAGO NORTHERLY ISLAND, IL US",41.8558,-87.6094,2019-12-21,2019-12-21,9.4,1.1
2510,USC00111550,"CHICAGO NORTHERLY ISLAND, IL US",41.8558,-87.6094,2019-12-22,2019-12-22,11.7,1.7
2511,USC00111550,"CHICAGO NORTHERLY ISLAND, IL US",41.8558,-87.6094,2019-12-23,2019-12-23,11.7,1.7
2512,USC00111550,"CHICAGO NORTHERLY ISLAND, IL US",41.8558,-87.6094,2019-12-24,2019-12-24,12.8,-2.2
2513,USC00111550,"CHICAGO NORTHERLY ISLAND, IL US",41.8558,-87.6094,2019-12-25,2019-12-25,15,5.6
2514,USC00111550,"CHICAGO NORTHERLY ISLAND, IL US",41.8558,-87.6094,2019-12-26,2019-12-26,16.7,4.4
2515,USC00111550,"CHICAGO NORTHERLY ISLAND, IL US",41.8558,-87.6094,2019-12-27,2019-12-27,4.4,0
2516,USC00111550,"CHICAGO NORTHERLY ISLAND, IL US",41.8558,-87.6094,2019-12-28,2019-12-28,5.6,0
2517,USC00111550,"CHICAGO NORTHERLY ISLAND, IL US",41.8558,-87.6094,2019-12-29,2019-12-29,14.4,5
2518,USC00111550,"CHICAGO NORTHERLY ISLAND, IL US",41.8558,-87.6094,2019-12-30,2019-12-30,8.9,-2.2
2519,USC00111550,"CHICAGO NORTHERLY ISLAND, IL US",41.8558,-87.6094,2019-12-31,2019-12-31,-1.1,-3.3
2520,USW00094846,"CHICAGO OHARE INTERNATIONAL AIRPORT, IL US",41.96017,-87.93164,2019-01-01,2019-01-01,1.1,-3.2
2521,USW00094846,"CHICAGO OHARE INTERNATIONAL AIRPORT, IL US",41.96017,-87.93164,2019-01-02,2019-01-02,-1,-3.2
2522,USW00094846,"CHICAGO OHARE INTERNATIONAL AIRPORT, IL US",41.96017,-87.93164,2019-01-03,2019-01-03,3.3,-4.3
2523,USW00094846,"CHICAGO OHARE INTERNATIONAL AIRPORT, IL US",41.96017,-87.93164,2019-01-04,2019-01-04,8.9,-0.5
2524,USW00094846,"CHICAGO OHARE INTERNATIONAL AIRPORT, IL US",41.96017,-87.93164,2019-01-05,2019-01-05,11.1,0
2525,USW00094846,"CHICAGO OHARE INTERNATIONAL AIRPORT, IL US",41.96017,-87.93164,2019-01-06,2019-01-06,4.4,-1
2526,USW00094846,"CHICAGO OHARE INTERNATIONAL AIRPORT, IL US",41.96017,-87.93164,2019-01-07,2019-01-07,11.7,4.4
2527,USW00094846,"CHICAGO OHARE INTERNATIONAL AIRPORT, IL US",41.96017,-87.93164,2019-01-08,2019-01-08,7.2,-4.3
2528,USW00094846,"CHICAGO OHARE INTERNATIONAL AIRPORT, IL US",41.96017,-87.93164,2019-01-09,2019-01-09,-4.3,-9.3
2529,USW00094846,"CHICAGO OHARE INTERNATIONAL AIRPORT, IL US",41.96017,-87.93164,2019-01-10,2019-01-10,-4.3,-9.9
2530,USW00094846,"CHICAGO OHARE INTERNATIONAL AIRPORT, IL US",41.96017,-87.93164,2019-01-11,2019-01-11,-1,-8.2
2531,USW00094846,"CHICAGO OHARE INTERNATIONAL AIRPORT, IL US",41.96017,-87.93164,2019-01-12,2019-01-12,0,-1.6
2532,USW00094846,"CHICAGO OHARE INTERNATIONAL AIRPORT, IL US",41.96017,-87.93164,2019-01-13,2019-01-13,-0.5,-3.8
2533,USW00094846,"CHICAGO OHARE INTERNATIONAL AIRPORT, IL US",41.96017,-87.93164,2019-01-14,2019-01-14,-2.7,-4.9
2534,USW00094846,"CHICAGO OHARE INTERNATIONAL AIRPORT, IL US",41.96017,-87.93164,2019-01-15,2019-01-15,0,-4.3
2535,USW00094846,"CHICAGO OHARE INTERNATIONAL AIRPORT, IL US",41.96017,-87.93164,2019-01-16,2019-01-16,1.1,-2.1
2536,USW00094846,"CHICAGO OHARE INTERNATIONAL AIRPORT, IL US",41.96017,-87.93164,2019-01-17,2019-01-17,1.7,-2.1
2537,USW00094846,"CHICAGO OHARE INTERNATIONAL AIRPORT, IL US",41.96017,-87.93164,2019-01-18,2019-01-18,-0.5,-2.7
2538,USW00094846,"CHICAGO OHARE INTERNATIONAL AIRPORT, IL US",41.96017,-87.93164,2019-01-19,2019-01-19,-2.1,-11.6
2539,USW00094846,"CHICAGO OHARE INTERNATIONAL AIRPORT, IL US",41.96017,-87.93164,2019-01-20,2019-01-20,-9.9,-15.5
2540,USW00094846,"CHICAGO OHARE INTERNATIONAL AIRPORT, IL US",41.96017,-87.93164,2019-01-21,2019-01-21,-8.2,-16
2541,USW00094846,"CHICAGO OHARE INTERNATIONAL AIRPORT, IL US",41.96017,-87.93164,2019-01-22,2019-01-22,0.6,-10.5
2542,USW00094846,"CHICAGO OHARE INTERNATIONAL AIRPORT, IL US",41.96017,-87.93164,2019-01-23,2019-01-23,1.1,-7.1
2543,USW00094846,"CHICAGO OHARE INTERNATIONAL AIRPORT, IL US",41.96017,-87.93164,2019-01-24,2019-01-24,-5.5,-16.6
2544,USW00094846,"CHICAGO OHARE INTERNATIONAL AIRPORT, IL US",41.96017,-87.93164,2019-01-25,2019-01-25,-14.9,-21
2545,USW00094846,"CHICAGO OHARE INTERNATIONAL AIRPORT, IL US",41.96017,-87.93164,2019-01-26,2019-01-26,-11,-21.6
2546,USW00094846,"CHICAGO OHARE INTERNATIONAL AIRPORT, IL US",41.96017,-87.93164,2019-01-27,2019-01-27,-11.6,-20.5
2547,USW00094846,"CHICAGO OHARE INTERNATIONAL AIRPORT, IL US",41.96017,-87.93164,2019-01-28,2019-01-28,1.1,-13.2
2548,USW00094846,"CHICAGO OHARE INTERNATIONAL AIRPORT, IL US",41.96017,-87.93164,2019-01-29,2019-01-29,-12.1,-23.2
2549,USW00094846,"CHICAGO OHARE INTERNATIONAL AIRPORT, IL US",41.96017,-87.93164,2019-01-30,2019-01-30,-23.2,-30.5
2550,USW00094846,"CHICAGO OHARE INTERNATIONAL AIRPORT, IL US",41.96017,-87.93164,2019-01-31,2019-01-31,-17.1,-29.3
2551,USW00094846,"CHICAGO OHARE INTERNATIONAL AIRPORT, IL US",41.96017,-87.93164,2019-02-01,2019-02-01,-6,-17.1
2552,USW00094846,"CHICAGO OHARE INTERNATIONAL AIRPORT, IL US",41.96017,-87.93164,2019-02-02,2019-02-02,5.6,-9.9
2553,USW00094846,"CHICAGO OHARE INTERNATIONAL AIRPORT, IL US",41.96017,-87.93164,2019-02-03,2019-02-03,8.9,3.9
2554,USW00094846,"CHICAGO OHARE INTERNATIONAL AIRPORT, IL US",41.96017,-87.93164,2019-02-04,2019-02-04,10.6,-1
2555,USW00094846,"CHICAGO OHARE INTERNATIONAL AIRPORT, IL US",41.96017,-87.93164,2019-02-05,2019-02-05,0.6,-4.3
2556,USW00094846,"CHICAGO OHARE INTERNATIONAL AIRPORT, IL US",41.96017,-87.93164,2019-02-06,2019-02-06,2.2,0
2557,USW00094846,"CHICAGO OHARE INTERNATIONAL AIRPORT, IL US",41.96017,-87.93164,2019-02-07,2019-02-07,6.7,-12.1
2558,USW00094846,"CHICAGO OHARE INTERNATIONAL AIRPORT, IL US",41.96017,-87.93164,2019-02-08,2019-02-08,-10.5,-15.5
2559,USW00094846,"CHICAGO OHARE INTERNATIONAL AIRPORT, IL US",41.96017,-87.93164,2019-02-09,2019-02-09,-4.3,-15.5
2560,USW00094846,"CHICAGO OHARE INTERNATIONAL AIRPORT, IL US",41.96017,-87.93164,2019-02-10,2019-02-10,-2.1,-5.5
2561,USW00094846,"CHICAGO OHARE INTERNATIONAL AIRPORT, IL US",41.96017,-87.93164,2019-02-11,2019-02-11,-0.5,-2.7
2562,USW00094846,"CHICAGO OHARE INTERNATIONAL AIRPORT, IL US",41.96017,-87.93164,2019-02-12,2019-02-12,1.1,-7.1
2563,USW00094846,"CHICAGO OHARE INTERNATIONAL AIRPORT, IL US",41.96017,-87.93164,2019-02-13,2019-02-13,-2.7,-12.1
2564,USW00094846,"CHICAGO OHARE INTERNATIONAL AIRPORT, IL US",41.96017,-87.93164,2019-02-14,2019-02-14,10,-2.7
2565,USW00094846,"CHICAGO OHARE INTERNATIONAL AIRPORT, IL US",41.96017,-87.93164,2019-02-15,2019-02-15,0,-13.2
2566,USW00094846,"CHICAGO OHARE INTERNATIONAL AIRPORT, IL US",41.96017,-87.93164,2019-02-16,2019-02-16,-1.6,-10.5
2567,USW00094846,"CHICAGO OHARE INTERNATIONAL AIRPORT, IL US",41.96017,-87.93164,2019-02-17,2019-02-17,-2.7,-4.3
2568,USW00094846,"CHICAGO OHARE INTERNATIONAL AIRPORT, IL US",41.96017,-87.93164,2019-02-18,2019-02-18,-0.5,-7.7
2569,USW00094846,"CHICAGO OHARE INTERNATIONAL AIRPORT, IL US",41.96017,-87.93164,2019-02-19,2019-02-19,1.7,-11
2570,USW00094846,"CHICAGO OHARE INTERNATIONAL AIRPORT, IL US",41.96017,-87.93164,2019-02-20,2019-02-20,3.3,-2.1
2571,USW00094846,"CHICAGO OHARE INTERNATIONAL AIRPORT, IL US",41.96017,-87.93164,2019-02-21,2019-02-21,1.7,-4.3
2572,USW00094846,"CHICAGO OHARE INTERNATIONAL AIRPORT, IL US",41.96017,-87.93164,2019-02-22,2019-02-22,5,-7.1
2573,USW00094846,"CHICAGO OHARE INTERNATIONAL AIRPORT, IL US",41.96017,-87.93164,2019-02-23,2019-02-23,11.7,1.1
2574,USW00094846,"CHICAGO OHARE INTERNATIONAL AIRPORT, IL US",41.96017,-87.93164,2019-02-24,2019-02-24,10,-12.1
2575,USW00094846,"CHICAGO OHARE INTERNATIONAL AIRPORT, IL US",41.96017,-87.93164,2019-02-25,2019-02-25,-7.1,-14.3
2576,USW00094846,"CHICAGO OHARE INTERNATIONAL AIRPORT, IL US",41.96017,-87.93164,2019-02-26,2019-02-26,-4.9,-10.5
2577,USW00094846,"CHICAGO OHARE INTERNATIONAL AIRPORT, IL US",41.96017,-87.93164,2019-02-27,2019-02-27,-1,-9.9
2578,USW00094846,"CHICAGO OHARE INTERNATIONAL AIRPORT, IL US",41.96017,-87.93164,2019-02-28,2019-02-28,-2.7,-11.6
2579,USW00094846,"CHICAGO OHARE INTERNATIONAL AIRPORT, IL US",41.96017,-87.93164,2019-03-01,2019-03-01,1.1,-4.9
2580,USW00094846,"CHICAGO OHARE INTERNATIONAL AIRPORT, IL US",41.96017,-87.93164,2019-03-02,2019-03-02,0.6,-3.8
2581,USW00094846,"CHICAGO OHARE INTERNATIONAL AIRPORT, IL US",41.96017,-87.93164,2019-03-03,2019-03-03,-3.8,-16
2582,USW00094846,"CHICAGO OHARE INTERNATIONAL AIRPORT, IL US",41.96017,-87.93164,2019-03-04,2019-03-04,-11,-19.3
2583,USW00094846,"CHICAGO OHARE INTERNATIONAL AIRPORT, IL US",41.96017,-87.93164,2019-03-05,2019-03-05,-6,-13.2
2584,USW00094846,"CHICAGO OHARE INTERNATIONAL AIRPORT, IL US",41.96017,-87.93164,2019-03-06,2019-03-06,-1,-12.7
2585,USW00094846,"CHICAGO OHARE INTERNATIONAL AIRPORT, IL US",41.96017,-87.93164,2019-03-07,2019-03-07,-2.1,-9.9
2586,USW00094846,"CHICAGO OHARE INTERNATIONAL AIRPORT, IL US",41.96017,-87.93164,2019-03-08,2019-03-08,3.9,-6
2587,USW00094846,"CHICAGO OHARE INTERNATIONAL AIRPORT, IL US",41.96017,-87.93164,2019-03-09,2019-03-09,6.1,-3.2
2588,USW00094846,"CHICAGO OHARE INTERNATIONAL AIRPORT, IL US",41.96017,-87.93164,2019-03-10,2019-03-10,3.3,-1.6
2589,USW00094846,"CHICAGO OHARE INTERNATIONAL AIRPORT, IL US",41.96017,-87.93164,2019-03-11,2019-03-11,5,-2.7
2590,USW00094846,"CHICAGO OHARE INTERNATIONAL AIRPORT, IL US",41.96017,-87.93164,2019-03-12,2019-03-12,9.4,-4.3
2591,USW00094846,"CHICAGO OHARE INTERNATIONAL AIRPORT, IL US",41.96017,-87.93164,2019-03-13,2019-03-13,14.4,4.4
2592,USW00094846,"CHICAGO OHARE INTERNATIONAL AIRPORT, IL US",41.96017,-87.93164,2019-03-14,2019-03-14,16.7,3.9
2593,USW00094846,"CHICAGO OHARE INTERNATIONAL AIRPORT, IL US",41.96017,-87.93164,2019-03-15,2019-03-15,4.4,0
2594,USW00094846,"CHICAGO OHARE INTERNATIONAL AIRPORT, IL US",41.96017,-87.93164,2019-03-16,2019-03-16,5,-2.1
2595,USW00094846,"CHICAGO OHARE INTERNATIONAL AIRPORT, IL US",41.96017,-87.93164,2019-03-17,2019-03-17,6.1,-2.1
2596,USW00094846,"CHICAGO OHARE INTERNATIONAL AIRPORT, IL US",41.96017,-87.93164,2019-03-18,2019-03-18,6.1,-2.7
2597,USW00094846,"CHICAGO OHARE INTERNATIONAL AIRPORT, IL US",41.96017,-87.93164,2019-03-19,2019-03-19,9.4,-1
2598,USW00094846,"CHICAGO OHARE INTERNATIONAL AIRPORT, IL US",41.96017,-87.93164,2019-03-20,2019-03-20,6.7,3.3
2599,USW00094846,"CHICAGO OHARE INTERNATIONAL AIRPORT, IL US",41.96017,-87.93164,2019-03-21,2019-03-21,7.2,2.2
2600,USW00094846,"CHICAGO OHARE INTERNATIONAL AIRPORT, IL US",41.96017,-87.93164,2019-03-22,2019-03-22,7.8,-1.6
2601,USW00094846,"CHICAGO OHARE INTERNATIONAL AIRPORT, IL US",41.96017,-87.93164,2019-03-23,2019-03-23,11.7,-3.8
2602,USW00094846,"CHICAGO OHARE INTERNATIONAL AIRPORT, IL US",41.96017,-87.93164,2019-03-24,2019-03-24,10,1.1
2603,USW00094846,"CHICAGO OHARE INTERNATIONAL AIRPORT, IL US",41.96017,-87.93164,2019-03-25,2019-03-25,5.6,-3.2
2604,USW00094846,"CHICAGO OHARE INTERNATIONAL AIRPORT, IL US",41.96017,-87.93164,2019-03-26,2019-03-26,8.9,-4.9
2605,USW00094846,"CHICAGO OHARE INTERNATIONAL AIRPORT, IL US",41.96017,-87.93164,2019-03-27,2019-03-27,15,-1.6
2606,USW00094846,"CHICAGO OHARE INTERNATIONAL AIRPORT, IL US",41.96017,-87.93164,2019-03-28,2019-03-28,18.3,6.7
2607,USW00094846,"CHICAGO OHARE INTERNATIONAL AIRPORT, IL US",41.96017,-87.93164,2019-03-29,2019-03-29,13.9,2.8
2608,USW00094846,"CHICAGO OHARE INTERNATIONAL AIRPORT, IL US",41.96017,-87.93164,2019-03-30,2019-03-30,7.2,-1.6
2609,USW00094846,"CHICAGO OHARE INTERNATIONAL AIRPORT, IL US",41.96017,-87.93164,2019-03-31,2019-03-31,4.4,-4.9
2610,USW00094846,"CHICAGO OHARE INTERNATIONAL AIRPORT, IL US",41.96017,-87.93164,2019-04-01,2019-04-01,9.4,-3.2
2611,USW00094846,"CHICAGO OHARE INTERNATIONAL AIRPORT, IL US",41.96017,-87.93164,2019-04-02,2019-04-02,12.8,3.9
2612,USW00094846,"CHICAGO OHARE INTERNATIONAL AIRPORT, IL US",41.96017,-87.93164,2019-04-03,2019-04-03,14.4,2.8
2613,USW00094846,"CHICAGO OHARE INTERNATIONAL AIRPORT, IL US",41.96017,-87.93164,2019-04-04,2019-04-04,8.3,3.9
2614,USW00094846,"CHICAGO OHARE INTERNATIONAL AIRPORT, IL US",41.96017,-87.93164,2019-04-05,2019-04-05,13.9,3.9
2615,USW00094846,"CHICAGO OHARE INTERNATIONAL AIRPORT, IL US",41.96017,-87.93164,2019-04-06,2019-04-06,18.9,3.9
2616,USW00094846,"CHICAGO OHARE INTERNATIONAL AIRPORT, IL US",41.96017,-87.93164,2019-04-07,2019-04-07,19.4,10.6
2617,USW00094846,"CHICAGO OHARE INTERNATIONAL AIRPORT, IL US",41.96017,-87.93164,2019-04-08,2019-04-08,22.8,11.1
2618,USW00094846,"CHICAGO OHARE INTERNATIONAL AIRPORT, IL US",41.96017,-87.93164,2019-04-09,2019-04-09,18.9,3.9
2619,USW00094846,"CHICAGO OHARE INTERNATIONAL AIRPORT, IL US",41.96017,-87.93164,2019-04-10,2019-04-10,3.9,1.1
2620,USW00094846,"CHICAGO OHARE INTERNATIONAL AIRPORT, IL US",41.96017,-87.93164,2019-04-11,2019-04-11,13.3,2.8
2621,USW00094846,"CHICAGO OHARE INTERNATIONAL AIRPORT, IL US",41.96017,-87.93164,2019-04-12,2019-04-12,10.6,3.3
2622,USW00094846,"CHICAGO OHARE INTERNATIONAL AIRPORT, IL US",41.96017,-87.93164,2019-04-13,2019-04-13,11.1,1.7
2623,USW00094846,"CHICAGO OHARE INTERNATIONAL AIRPORT, IL US",41.96017,-87.93164,2019-04-14,2019-04-14,3.9,0
2624,USW00094846,"CHICAGO OHARE INTERNATIONAL AIRPORT, IL US",41.96017,-87.93164,2019-04-15,2019-04-15,11.1,-0.5
2625,USW00094846,"CHICAGO OHARE INTERNATIONAL AIRPORT, IL US",41.96017,-87.93164,2019-04-16,2019-04-16,22.8,7.2
2626,USW00094846,"CHICAGO OHARE INTERNATIONAL AIRPORT, IL US",41.96017,-87.93164,2019-04-17,2019-04-17,25,6.7
2627,USW00094846,"CHICAGO OHARE INTERNATIONAL AIRPORT, IL US",41.96017,-87.93164,2019-04-18,2019-04-18,18.3,6.7
2628,USW00094846,"CHICAGO OHARE INTERNATIONAL AIRPORT, IL US",41.96017,-87.93164,2019-04-19,2019-04-19,10.6,5
2629,USW00094846,"CHICAGO OHARE INTERNATIONAL AIRPORT, IL US",41.96017,-87.93164,2019-04-20,2019-04-20,17.8,2.2
2630,USW00094846,"CHICAGO OHARE INTERNATIONAL AIRPORT, IL US",41.96017,-87.93164,2019-04-21,2019-04-21,25,6.7
2631,USW00094846,"CHICAGO OHARE INTERNATIONAL AIRPORT, IL US",41.96017,-87.93164,2019-04-22,2019-04-22,26.7,14.4
2632,USW00094846,"CHICAGO OHARE INTERNATIONAL AIRPORT, IL US",41.96017,-87.93164,2019-04-23,2019-04-23,18.3,9.4
2633,USW00094846,"CHICAGO OHARE INTERNATIONAL AIRPORT, IL US",41.96017,-87.93164,2019-04-24,2019-04-24,17.8,5.6
2634,USW00094846,"CHICAGO OHARE INTERNATIONAL AIRPORT, IL US",41.96017,-87.93164,2019-04-25,2019-04-25,19.4,7.8
2635,USW00094846,"CHICAGO OHARE INTERNATIONAL AIRPORT, IL US",41.96017,-87.93164,2019-04-26,2019-04-26,17.2,9.4
2636,USW00094846,"CHICAGO OHARE INTERNATIONAL AIRPORT, IL US",41.96017,-87.93164,2019-04-27,2019-04-27,9.4,0
2637,USW00094846,"CHICAGO OHARE INTERNATIONAL AIRPORT, IL US",41.96017,-87.93164,2019-04-28,2019-04-28,11.1,-0.5
2638,USW00094846,"CHICAGO OHARE INTERNATIONAL AIRPORT, IL US",41.96017,-87.93164,2019-04-29,2019-04-29,10.6,6.1
2639,USW00094846,"CHICAGO OHARE INTERNATIONAL AIRPORT, IL US",41.96017,-87.93164,2019-04-30,2019-04-30,8.3,3.3
2640,USW00094846,"CHICAGO OHARE INTERNATIONAL AIRPORT, IL US",41.96017,-87.93164,2019-05-01,2019-05-01,14.4,6.1
2641,USW00094846,"CHICAGO OHARE INTERNATIONAL AIRPORT, IL US",41.96017,-87.93164,2019-05-02,2019-05-02,8.3,5
2642,USW00094846,"CHICAGO OHARE INTERNATIONAL AIRPORT, IL US",41.96017,-87.93164,2019-05-03,2019-05-03,12.8,4.4
2643,USW00094846,"CHICAGO OHARE INTERNATIONAL AIRPORT, IL US",41.96017,-87.93164,2019-05-04,2019-05-04,17.2,3.3
2644,USW00094846,"CHICAGO OHARE INTERNATIONAL AIRPORT, IL US",41.96017,-87.93164,2019-05-05,2019-05-05,22.8,7.8
2645,USW00094846,"CHICAGO OHARE INTERNATIONAL AIRPORT, IL US",41.96017,-87.93164,2019-05-06,2019-05-06,21.1,7.2
2646,USW00094846,"CHICAGO OHARE INTERNATIONAL AIRPORT, IL US",41.96017,-87.93164,2019-05-07,2019-05-07,10,6.1
2647,USW00094846,"CHICAGO OHARE INTERNATIONAL AIRPORT, IL US",41.96017,-87.93164,2019-05-08,2019-05-08,20,7.8
2648,USW00094846,"CHICAGO OHARE INTERNATIONAL AIRPORT, IL US",41.96017,-87.93164,2019-05-09,2019-05-09,19.4,7.8
2649,USW00094846,"CHICAGO OHARE INTERNATIONAL AIRPORT, IL US",41.96017,-87.93164,2019-05-10,2019-05-10,14.4,6.7
2650,USW00094846,"CHICAGO OHARE INTERNATIONAL AIRPORT, IL US",41.96017,-87.93164,2019-05-11,2019-05-11,11.7,6.7
2651,USW00094846,"CHICAGO OHARE INTERNATIONAL AIRPORT, IL US",41.96017,-87.93164,2019-05-12,2019-05-12,11.1,5.6
2652,USW00094846,"CHICAGO OHARE INTERNATIONAL AIRPORT, IL US",41.96017,-87.93164,2019-05-13,2019-05-13,16.1,5.6
2653,USW00094846,"CHICAGO OHARE INTERNATIONAL AIRPORT, IL US",41.96017,-87.93164,2019-05-14,2019-05-14,21.7,5
2654,USW00094846,"CHICAGO OHARE INTERNATIONAL AIRPORT, IL US",41.96017,-87.93164,2019-05-15,2019-05-15,23.9,10
2655,USW00094846,"CHICAGO OHARE INTERNATIONAL AIRPORT, IL US",41.96017,-87.93164,2019-05-16,2019-05-16,25,15.6
2656,USW00094846,"CHICAGO OHARE INTERNATIONAL AIRPORT, IL US",41.96017,-87.93164,2019-05-17,2019-05-17,20,7.2
2657,USW00094846,"CHICAGO OHARE INTERNATIONAL AIRPORT, IL US",41.96017,-87.93164,2019-05-18,2019-05-18,26.7,6.7
2658,USW00094846,"CHICAGO OHARE INTERNATIONAL AIRPORT, IL US",41.96017,-87.93164,2019-05-19,2019-05-19,23.3,8.3
2659,USW00094846,"CHICAGO OHARE INTERNATIONAL AIRPORT, IL US",41.96017,-87.93164,2019-05-20,2019-05-20,13.9,7.2
2660,USW00094846,"CHICAGO OHARE INTERNATIONAL AIRPORT, IL US",41.96017,-87.93164,2019-05-21,2019-05-21,12.2,7.2
2661,USW00094846,"CHICAGO OHARE INTERNATIONAL AIRPORT, IL US",41.96017,-87.93164,2019-05-22,2019-05-22,27.8,9.4
2662,USW00094846,"CHICAGO OHARE INTERNATIONAL AIRPORT, IL US",41.96017,-87.93164,2019-05-23,2019-05-23,23.3,16.1
2663,USW00094846,"CHICAGO OHARE INTERNATIONAL AIRPORT, IL US",41.96017,-87.93164,2019-05-24,2019-05-24,23.9,12.2
2664,USW00094846,"CHICAGO OHARE INTERNATIONAL AIRPORT, IL US",41.96017,-87.93164,2019-05-25,2019-05-25,27.2,21.1
2665,USW00094846,"CHICAGO OHARE INTERNATIONAL AIRPORT, IL US",41.96017,-87.93164,2019-05-26,2019-05-26,23.3,12.2
2666,USW00094846,"CHICAGO OHARE INTERNATIONAL AIRPORT, IL US",41.96017,-87.93164,2019-05-27,2019-05-27,22.8,11.7
2667,USW00094846,"CHICAGO OHARE INTERNATIONAL AIRPORT, IL US",41.96017,-87.93164,2019-05-28,2019-05-28,21.1,11.1
2668,USW00094846,"CHICAGO OHARE INTERNATIONAL AIRPORT, IL US",41.96017,-87.93164,2019-05-29,2019-05-29,23.9,11.1
2669,USW00094846,"CHICAGO OHARE INTERNATIONAL AIRPORT, IL US",41.96017,-87.93164,2019-05-30,2019-05-30,25.6,15.6
2670,USW00094846,"CHICAGO OHARE INTERNATIONAL AIRPORT, IL US",41.96017,-87.93164,2019-05-31,2019-05-31,27.2,15.6
2671,USW00094846,"CHICAGO OHARE INTERNATIONAL AIRPORT, IL US",41.96017,-87.93164,2019-06-01,2019-06-01,26.7,11.7
2672,USW00094846,"CHICAGO OHARE INTERNATIONAL AIRPORT, IL US",41.96017,-87.93164,2019-06-02,2019-06-02,21.1,10.6
2673,USW00094846,"CHICAGO OHARE INTERNATIONAL AIRPORT, IL US",41.96017,-87.93164,2019-06-03,2019-06-03,19.4,9.4
2674,USW00094846,"CHICAGO OHARE INTERNATIONAL AIRPORT, IL US",41.96017,-87.93164,2019-06-04,2019-06-04,27.8,13.3
2675,USW00094846,"CHICAGO OHARE INTERNATIONAL AIRPORT, IL US",41.96017,-87.93164,2019-06-05,2019-06-05,28.3,15
2676,USW00094846,"CHICAGO OHARE INTERNATIONAL AIRPORT, IL US",41.96017,-87.93164,2019-06-06,2019-06-06,23.9,13.3
2677,USW00094846,"CHICAGO OHARE INTERNATIONAL AIRPORT, IL US",41.96017,-87.93164,2019-06-07,2019-06-07,25.6,12.8
2678,USW00094846,"CHICAGO OHARE INTERNATIONAL AIRPORT, IL US",41.96017,-87.93164,2019-06-08,2019-06-08,24.4,13.9
2679,USW00094846,"CHICAGO OHARE INTERNATIONAL AIRPORT, IL US",41.96017,-87.93164,2019-06-09,2019-06-09,23.9,17.2
2680,USW00094846,"CHICAGO OHARE INTERNATIONAL AIRPORT, IL US",41.96017,-87.93164,2019-06-10,2019-06-10,23.3,15.6
2681,USW00094846,"CHICAGO OHARE INTERNATIONAL AIRPORT, IL US",41.96017,-87.93164,2019-06-11,2019-06-11,27.8,13.9
2682,USW00094846,"CHICAGO OHARE INTERNATIONAL AIRPORT, IL US",41.96017,-87.93164,2019-06-12,2019-06-12,21.7,11.1
2683,USW00094846,"CHICAGO OHARE INTERNATIONAL AIRPORT, IL US",41.96017,-87.93164,2019-06-13,2019-06-13,20,10.6
2684,USW00094846,"CHICAGO OHARE INTERNATIONAL AIRPORT, IL US",41.96017,-87.93164,2019-06-14,2019-06-14,26.7,11.1
2685,USW00094846,"CHICAGO OHARE INTERNATIONAL AIRPORT, IL US",41.96017,-87.93164,2019-06-15,2019-06-15,21.1,12.2
2686,USW00094846,"CHICAGO OHARE INTERNATIONAL AIRPORT, IL US",41.96017,-87.93164,2019-06-16,2019-06-16,15.6,12.2
2687,USW00094846,"CHICAGO OHARE INTERNATIONAL AIRPORT, IL US",41.96017,-87.93164,2019-06-17,2019-06-17,19.4,12.8
2688,USW00094846,"CHICAGO OHARE INTERNATIONAL AIRPORT, IL US",41.96017,-87.93164,2019-06-18,2019-06-18,25.6,12.2
2689,USW00094846,"CHICAGO OHARE INTERNATIONAL AIRPORT, IL US",41.96017,-87.93164,2019-06-19,2019-06-19,22.2,13.3
2690,USW00094846,"CHICAGO OHARE INTERNATIONAL AIRPORT, IL US",41.96017,-87.93164,2019-06-20,2019-06-20,21.7,12.2
2691,USW00094846,"CHICAGO OHARE INTERNATIONAL AIRPORT, IL US",41.96017,-87.93164,2019-06-21,2019-06-21,22.2,11.1
2692,USW00094846,"CHICAGO OHARE INTERNATIONAL AIRPORT, IL US",41.96017,-87.93164,2019-06-22,2019-06-22,26.1,14.4
2693,USW00094846,"CHICAGO OHARE INTERNATIONAL AIRPORT, IL US",41.96017,-87.93164,2019-06-23,2019-06-23,27.2,17.2
2694,USW00094846,"CHICAGO OHARE INTERNATIONAL AIRPORT, IL US",41.96017,-87.93164,2019-06-24,2019-06-24,25.6,18.9
2695,USW00094846,"CHICAGO OHARE INTERNATIONAL AIRPORT, IL US",41.96017,-87.93164,2019-06-25,2019-06-25,29.4,16.7
2696,USW00094846,"CHICAGO OHARE INTERNATIONAL AIRPORT, IL US",41.96017,-87.93164,2019-06-26,2019-06-26,31.7,20
2697,USW00094846,"CHICAGO OHARE INTERNATIONAL AIRPORT, IL US",41.96017,-87.93164,2019-06-27,2019-06-27,31.7,20
2698,USW00094846,"CHICAGO OHARE INTERNATIONAL AIRPORT, IL US",41.96017,-87.93164,2019-06-28,2019-06-28,32.2,21.7
2699,USW00094846,"CHICAGO OHARE INTERNATIONAL AIRPORT, IL US",41.96017,-87.93164,2019-06-29,2019-06-29,30.6,20.6
2700,USW00094846,"CHICAGO OHARE INTERNATIONAL AIRPORT, IL US",41.96017,-87.93164,2019-06-30,2019-06-30,32.8,21.1
2701,USW00094846,"CHICAGO OHARE INTERNATIONAL AIRPORT, IL US",41.96017,-87.93164,2019-07-01,2019-07-01,31.7,20.6
2702,USW00094846,"CHICAGO OHARE INTERNATIONAL AIRPORT, IL US",41.96017,-87.93164,2019-07-02,2019-07-02,33.3,23.3
2703,USW00094846,"CHICAGO OHARE INTERNATIONAL AIRPORT, IL US",41.96017,-87.93164,2019-07-03,2019-07-03,30,20.6
2704,USW00094846,"CHICAGO OHARE INTERNATIONAL AIRPORT, IL US",41.96017,-87.93164,2019-07-04,2019-07-04,32.8,21.1
2705,USW00094846,"CHICAGO OHARE INTERNATIONAL AIRPORT, IL US",41.96017,-87.93164,2019-07-05,2019-07-05,32.8,22.8
2706,USW00094846,"CHICAGO OHARE INTERNATIONAL AIRPORT, IL US",41.96017,-87.93164,2019-07-06,2019-07-06,28.3,19.4
2707,USW00094846,"CHICAGO OHARE INTERNATIONAL AIRPORT, IL US",41.96017,-87.93164,2019-07-07,2019-07-07,25,17.8
2708,USW00094846,"CHICAGO OHARE INTERNATIONAL AIRPORT, IL US",41.96017,-87.93164,2019-07-08,2019-07-08,28.3,15.6
2709,USW00094846,"CHICAGO OHARE INTERNATIONAL AIRPORT, IL US",41.96017,-87.93164,2019-07-09,2019-07-09,31.1,16.1
2710,USW00094846,"CHICAGO OHARE INTERNATIONAL AIRPORT, IL US",41.96017,-87.93164,2019-07-10,2019-07-10,34.4,23.9
2711,USW00094846,"CHICAGO OHARE INTERNATIONAL AIRPORT, IL US",41.96017,-87.93164,2019-07-11,2019-07-11,27.8,18.3
2712,USW00094846,"CHICAGO OHARE INTERNATIONAL AIRPORT, IL US",41.96017,-87.93164,2019-07-12,2019-07-12,30.6,15
2713,USW00094846,"CHICAGO OHARE INTERNATIONAL AIRPORT, IL US",41.96017,-87.93164,2019-07-13,2019-07-13,34.4,22.2
2714,USW00094846,"CHICAGO OHARE INTERNATIONAL AIRPORT, IL US",41.96017,-87.93164,2019-07-14,2019-07-14,32.8,21.1
2715,USW00094846,"CHICAGO OHARE INTERNATIONAL AIRPORT, IL US",41.96017,-87.93164,2019-07-15,2019-07-15,33.3,23.3
2716,USW00094846,"CHICAGO OHARE INTERNATIONAL AIRPORT, IL US",41.96017,-87.93164,2019-07-16,2019-07-16,27.8,21.7
2717,USW00094846,"CHICAGO OHARE INTERNATIONAL AIRPORT, IL US",41.96017,-87.93164,2019-07-17,2019-07-17,33.3,23.3
2718,USW00094846,"CHICAGO OHARE INTERNATIONAL AIRPORT, IL US",41.96017,-87.93164,2019-07-18,2019-07-18,30.6,21.7
2719,USW00094846,"CHICAGO OHARE INTERNATIONAL AIRPORT, IL US",41.96017,-87.93164,2019-07-19,2019-07-19,33.9,27.2
2720,USW00094846,"CHICAGO OHARE INTERNATIONAL AIRPORT, IL US",41.96017,-87.93164,2019-07-20,2019-07-20,35,22.8
2721,USW00094846,"CHICAGO OHARE INTERNATIONAL AIRPORT, IL US",41.96017,-87.93164,2019-07-21,2019-07-21,26.1,19.4
2722,USW00094846,"CHICAGO OHARE INTERNATIONAL AIRPORT, IL US",41.96017,-87.93164,2019-07-22,2019-07-22,23.9,16.7
2723,USW00094846,"CHICAGO OHARE INTERNATIONAL AIRPORT, IL US",41.96017,-87.93164,2019-07-23,2019-07-23,26.7,16.7
2724,USW00094846,"CHICAGO OHARE INTERNATIONAL AIRPORT, IL US",41.96017,-87.93164,2019-07-24,2019-07-24,27.2,16.7
2725,USW00094846,"CHICAGO OHARE INTERNATIONAL AIRPORT, IL US",41.96017,-87.93164,2019-07-25,2019-07-25,29.4,17.2
2726,USW00094846,"CHICAGO OHARE INTERNATIONAL AIRPORT, IL US",41.96017,-87.93164,2019-07-26,2019-07-26,29.4,19.4
2727,USW00094846,"CHICAGO OHARE INTERNATIONAL AIRPORT, IL US",41.96017,-87.93164,2019-07-27,2019-07-27,31.7,21.7
2728,USW00094846,"CHICAGO OHARE INTERNATIONAL AIRPORT, IL US",41.96017,-87.93164,2019-07-28,2019-07-28,31.7,22.8
2729,USW00094846,"CHICAGO OHARE INTERNATIONAL AIRPORT, IL US",41.96017,-87.93164,2019-07-29,2019-07-29,27.8,21.1
2730,USW00094846,"CHICAGO OHARE INTERNATIONAL AIRPORT, IL US",41.96017,-87.93164,2019-07-30,2019-07-30,25.6,18.3
2731,USW00094846,"CHICAGO OHARE INTERNATIONAL AIRPORT, IL US",41.96017,-87.93164,2019-07-31,2019-07-31,24.4,15
2732,USW00094846,"CHICAGO OHARE INTERNATIONAL AIRPORT, IL US",41.96017,-87.93164,2019-08-01,2019-08-01,26.7,13.9
2733,USW00094846,"CHICAGO OHARE INTERNATIONAL AIRPORT, IL US",41.96017,-87.93164,2019-08-02,2019-08-02,28.3,16.1
2734,USW00094846,"CHICAGO OHARE INTERNATIONAL AIRPORT, IL US",41.96017,-87.93164,2019-08-03,2019-08-03,31.7,17.2
2735,USW00094846,"CHICAGO OHARE INTERNATIONAL AIRPORT, IL US",41.96017,-87.93164,2019-08-04,2019-08-04,31.7,21.1
2736,USW00094846,"CHICAGO OHARE INTERNATIONAL AIRPORT, IL US",41.96017,-87.93164,2019-08-05,2019-08-05,32.2,21.1
2737,USW00094846,"CHICAGO OHARE INTERNATIONAL AIRPORT, IL US",41.96017,-87.93164,2019-08-06,2019-08-06,29.4,19.4
2738,USW00094846,"CHICAGO OHARE INTERNATIONAL AIRPORT, IL US",41.96017,-87.93164,2019-08-07,2019-08-07,31.1,18.9
2739,USW00094846,"CHICAGO OHARE INTERNATIONAL AIRPORT, IL US",41.96017,-87.93164,2019-08-08,2019-08-08,30.6,19.4
2740,USW00094846,"CHICAGO OHARE INTERNATIONAL AIRPORT, IL US",41.96017,-87.93164,2019-08-09,2019-08-09,28.3,16.7
2741,USW00094846,"CHICAGO OHARE INTERNATIONAL AIRPORT, IL US",41.96017,-87.93164,2019-08-10,2019-08-10,30,19.4
2742,USW00094846,"CHICAGO OHARE INTERNATIONAL AIRPORT, IL US",41.96017,-87.93164,2019-08-11,2019-08-11,27.8,19.4
2743,USW00094846,"CHICAGO OHARE INTERNATIONAL AIRPORT, IL US",41.96017,-87.93164,2019-08-12,2019-08-12,28.9,21.7
2744,USW00094846,"CHICAGO OHARE INTERNATIONAL AIRPORT, IL US",41.96017,-87.93164,2019-08-13,2019-08-13,30,19.4
2745,USW00094846,"CHICAGO OHARE INTERNATIONAL AIRPORT, IL US",41.96017,-87.93164,2019-08-14,2019-08-14,28.3,18.9
2746,USW00094846,"CHICAGO OHARE INTERNATIONAL AIRPORT, IL US",41.96017,-87.93164,2019-08-15,2019-08-15,26.1,17.2
2747,USW00094846,"CHICAGO OHARE INTERNATIONAL AIRPORT, IL US",41.96017,-87.93164,2019-08-16,2019-08-16,28.9,17.8
2748,USW00094846,"CHICAGO OHARE INTERNATIONAL AIRPORT, IL US",41.96017,-87.93164,2019-08-17,2019-08-17,25,19.4
2749,USW00094846,"CHICAGO OHARE INTERNATIONAL AIRPORT, IL US",41.96017,-87.93164,2019-08-18,2019-08-18,27.8,20
2750,USW00094846,"CHICAGO OHARE INTERNATIONAL AIRPORT, IL US",41.96017,-87.93164,2019-08-19,2019-08-19,29.4,20
2751,USW00094846,"CHICAGO OHARE INTERNATIONAL AIRPORT, IL US",41.96017,-87.93164,2019-08-20,2019-08-20,24.4,20
2752,USW00094846,"CHICAGO OHARE INTERNATIONAL AIRPORT, IL US",41.96017,-87.93164,2019-08-21,2019-08-21,28.3,18.3
2753,USW00094846,"CHICAGO OHARE INTERNATIONAL AIRPORT, IL US",41.96017,-87.93164,2019-08-22,2019-08-22,24.4,17.8
2754,USW00094846,"CHICAGO OHARE INTERNATIONAL AIRPORT, IL US",41.96017,-87.93164,2019-08-23,2019-08-23,23.3,14.4
2755,USW00094846,"CHICAGO OHARE INTERNATIONAL AIRPORT, IL US",41.96017,-87.93164,2019-08-24,2019-08-24,23.9,15.6
2756,USW00094846,"CHICAGO OHARE INTERNATIONAL AIRPORT, IL US",41.96017,-87.93164,2019-08-25,2019-08-25,25.6,16.1
2757,USW00094846,"CHICAGO OHARE INTERNATIONAL AIRPORT, IL US",41.96017,-87.93164,2019-08-26,2019-08-26,24.4,17.8
2758,USW00094846,"CHICAGO OHARE INTERNATIONAL AIRPORT, IL US",41.96017,-87.93164,2019-08-27,2019-08-27,26.1,18.3
2759,USW00094846,"CHICAGO OHARE INTERNATIONAL AIRPORT, IL US",41.96017,-87.93164,2019-08-28,2019-08-28,23.9,15
2760,USW00094846,"CHICAGO OHARE INTERNATIONAL AIRPORT, IL US",41.96017,-87.93164,2019-08-29,2019-08-29,28.9,14.4
2761,USW00094846,"CHICAGO OHARE INTERNATIONAL AIRPORT, IL US",41.96017,-87.93164,2019-08-30,2019-08-30,23.3,15
2762,USW00094846,"CHICAGO OHARE INTERNATIONAL AIRPORT, IL US",41.96017,-87.93164,2019-08-31,2019-08-31,23.9,16.1
2763,USW00094846,"CHICAGO OHARE INTERNATIONAL AIRPORT, IL US",41.96017,-87.93164,2019-09-01,2019-09-01,22.8,16.7
2764,USW00094846,"CHICAGO OHARE INTERNATIONAL AIRPORT, IL US",41.96017,-87.93164,2019-09-02,2019-09-02,27.8,16.1
2765,USW00094846,"CHICAGO OHARE INTERNATIONAL AIRPORT, IL US",41.96017,-87.93164,2019-09-03,2019-09-03,26.7,19.4
2766,USW00094846,"CHICAGO OHARE INTERNATIONAL AIRPORT, IL US",41.96017,-87.93164,2019-09-04,2019-09-04,20.6,15
2767,USW00094846,"CHICAGO OHARE INTERNATIONAL AIRPORT, IL US",41.96017,-87.93164,2019-09-05,2019-09-05,23.3,13.3
2768,USW00094846,"CHICAGO OHARE INTERNATIONAL AIRPORT, IL US",41.96017,-87.93164,2019-09-06,2019-09-06,22.2,16.1
2769,USW00094846,"CHICAGO OHARE INTERNATIONAL AIRPORT, IL US",41.96017,-87.93164,2019-09-07,2019-09-07,25.6,13.3
2770,USW00094846,"CHICAGO OHARE INTERNATIONAL AIRPORT, IL US",41.96017,-87.93164,2019-09-08,2019-09-08,18.9,16.7
2771,USW00094846,"CHICAGO OHARE INTERNATIONAL AIRPORT, IL US",41.96017,-87.93164,2019-09-09,2019-09-09,24.4,16.7
2772,USW00094846,"CHICAGO OHARE INTERNATIONAL AIRPORT, IL US",41.96017,-87.93164,2019-09-10,2019-09-10,32.2,21.7
2773,USW00094846,"CHICAGO OHARE INTERNATIONAL AIRPORT, IL US",41.96017,-87.93164,2019-09-11,2019-09-11,31.7,20
2774,USW00094846,"CHICAGO OHARE INTERNATIONAL AIRPORT, IL US",41.96017,-87.93164,2019-09-12,2019-09-12,25.6,17.2
2775,USW00094846,"CHICAGO OHARE INTERNATIONAL AIRPORT, IL US",41.96017,-87.93164,2019-09-13,2019-09-13,25,16.7
2776,USW00094846,"CHICAGO OHARE INTERNATIONAL AIRPORT, IL US",41.96017,-87.93164,2019-09-14,2019-09-14,26.7,13.3
2777,USW00094846,"CHICAGO OHARE INTERNATIONAL AIRPORT, IL US",41.96017,-87.93164,2019-09-15,2019-09-15,25.6,17.2
2778,USW00094846,"CHICAGO OHARE INTERNATIONAL AIRPORT, IL US",41.96017,-87.93164,2019-09-16,2019-09-16,23.3,17.8
2779,USW00094846,"CHICAGO OHARE INTERNATIONAL AIRPORT, IL US",41.96017,-87.93164,2019-09-17,2019-09-17,25.6,18.3
2780,USW00094846,"CHICAGO OHARE INTERNATIONAL AIRPORT, IL US",41.96017,-87.93164,2019-09-18,2019-09-18,27.8,16.7
2781,USW00094846,"CHICAGO OHARE INTERNATIONAL AIRPORT, IL US",41.96017,-87.93164,2019-09-19,2019-09-19,28.3,17.2
2782,USW00094846,"CHICAGO OHARE INTERNATIONAL AIRPORT, IL US",41.96017,-87.93164,2019-09-20,2019-09-20,28.9,20
2783,USW00094846,"CHICAGO OHARE INTERNATIONAL AIRPORT, IL US",41.96017,-87.93164,2019-09-21,2019-09-21,25.6,21.7
2784,USW00094846,"CHICAGO OHARE INTERNATIONAL AIRPORT, IL US",41.96017,-87.93164,2019-09-22,2019-09-22,25,18.9
2785,USW00094846,"CHICAGO OHARE INTERNATIONAL AIRPORT, IL US",41.96017,-87.93164,2019-09-23,2019-09-23,23.3,15
2786,USW00094846,"CHICAGO OHARE INTERNATIONAL AIRPORT, IL US",41.96017,-87.93164,2019-09-24,2019-09-24,26.1,14.4
2787,USW00094846,"CHICAGO OHARE INTERNATIONAL AIRPORT, IL US",41.96017,-87.93164,2019-09-25,2019-09-25,26.1,16.7
2788,USW00094846,"CHICAGO OHARE INTERNATIONAL AIRPORT, IL US",41.96017,-87.93164,2019-09-26,2019-09-26,22.2,13.3
2789,USW00094846,"CHICAGO OHARE INTERNATIONAL AIRPORT, IL US",41.96017,-87.93164,2019-09-27,2019-09-27,20.6,14.4
2790,USW00094846,"CHICAGO OHARE INTERNATIONAL AIRPORT, IL US",41.96017,-87.93164,2019-09-28,2019-09-28,18.9,11.7
2791,USW00094846,"CHICAGO OHARE INTERNATIONAL AIRPORT, IL US",41.96017,-87.93164,2019-09-29,2019-09-29,18.9,15.6
2792,USW00094846,"CHICAGO OHARE INTERNATIONAL AIRPORT, IL US",41.96017,-87.93164,2019-09-30,2019-09-30,29.4,17.2
2793,USW00094846,"CHICAGO OHARE INTERNATIONAL AIRPORT, IL US",41.96017,-87.93164,2019-10-01,2019-10-01,30,20
2794,USW00094846,"CHICAGO OHARE INTERNATIONAL AIRPORT, IL US",41.96017,-87.93164,2019-10-02,2019-10-02,20,13.9
2795,USW00094846,"CHICAGO OHARE INTERNATIONAL AIRPORT, IL US",41.96017,-87.93164,2019-10-03,2019-10-03,19.4,9.4
2796,USW00094846,"CHICAGO OHARE INTERNATIONAL AIRPORT, IL US",41.96017,-87.93164,2019-10-04,2019-10-04,14.4,7.2
2797,USW00094846,"CHICAGO OHARE INTERNATIONAL AIRPORT, IL US",41.96017,-87.93164,2019-10-05,2019-10-05,17.2,8.9
2798,USW00094846,"CHICAGO OHARE INTERNATIONAL AIRPORT, IL US",41.96017,-87.93164,2019-10-06,2019-10-06,19.4,9.4
2799,USW00094846,"CHICAGO OHARE INTERNATIONAL AIRPORT, IL US",41.96017,-87.93164,2019-10-07,2019-10-07,20.6,8.9
2800,USW00094846,"CHICAGO OHARE INTERNATIONAL AIRPORT, IL US",41.96017,-87.93164,2019-10-08,2019-10-08,21.1,7.8
2801,USW00094846,"CHICAGO OHARE INTERNATIONAL AIRPORT, IL US",41.96017,-87.93164,2019-10-09,2019-10-09,21.1,10
2802,USW00094846,"CHICAGO OHARE INTERNATIONAL AIRPORT, IL US",41.96017,-87.93164,2019-10-10,2019-10-10,21.1,12.2
2803,USW00094846,"CHICAGO OHARE INTERNATIONAL AIRPORT, IL US",41.96017,-87.93164,2019-10-11,2019-10-11,19.4,3.9
2804,USW00094846,"CHICAGO OHARE INTERNATIONAL AIRPORT, IL US",41.96017,-87.93164,2019-10-12,2019-10-12,12.2,1.7
2805,USW00094846,"CHICAGO OHARE INTERNATIONAL AIRPORT, IL US",41.96017,-87.93164,2019-10-13,2019-10-13,11.1,2.8
2806,USW00094846,"CHICAGO OHARE INTERNATIONAL AIRPORT, IL US",41.96017,-87.93164,2019-10-14,2019-10-14,12.2,2.8
2807,USW00094846,"CHICAGO OHARE INTERNATIONAL AIRPORT, IL US",41.96017,-87.93164,2019-10-15,2019-10-15,16.7,5
2808,USW00094846,"CHICAGO OHARE INTERNATIONAL AIRPORT, IL US",41.96017,-87.93164,2019-10-16,2019-10-16,11.1,5
2809,USW00094846,"CHICAGO OHARE INTERNATIONAL AIRPORT, IL US",41.96017,-87.93164,2019-10-17,2019-10-17,12.2,4.4
2810,USW00094846,"CHICAGO OHARE INTERNATIONAL AIRPORT, IL US",41.96017,-87.93164,2019-10-18,2019-10-18,15,3.3
2811,USW00094846,"CHICAGO OHARE INTERNATIONAL AIRPORT, IL US",41.96017,-87.93164,2019-10-19,2019-10-19,20,6.7
2812,USW00094846,"CHICAGO OHARE INTERNATIONAL AIRPORT, IL US",41.96017,-87.93164,2019-10-20,2019-10-20,17.2,8.9
2813,USW00094846,"CHICAGO OHARE INTERNATIONAL AIRPORT, IL US",41.96017,-87.93164,2019-10-21,2019-10-21,19.4,10
2814,USW00094846,"CHICAGO OHARE INTERNATIONAL AIRPORT, IL US",41.96017,-87.93164,2019-10-22,2019-10-22,10.6,6.7
2815,USW00094846,"CHICAGO OHARE INTERNATIONAL AIRPORT, IL US",41.96017,-87.93164,2019-10-23,2019-10-23,14.4,3.9
2816,USW00094846,"CHICAGO OHARE INTERNATIONAL AIRPORT, IL US",41.96017,-87.93164,2019-10-24,2019-10-24,10,5.6
2817,USW00094846,"CHICAGO OHARE INTERNATIONAL AIRPORT, IL US",41.96017,-87.93164,2019-10-25,2019-10-25,8.9,2.8
2818,USW00094846,"CHICAGO OHARE INTERNATIONAL AIRPORT, IL US",41.96017,-87.93164,2019-10-26,2019-10-26,8.9,2.2
2819,USW00094846,"CHICAGO OHARE INTERNATIONAL AIRPORT, IL US",41.96017,-87.93164,2019-10-27,2019-10-27,14.4,5.6
2820,USW00094846,"CHICAGO OHARE INTERNATIONAL AIRPORT, IL US",41.96017,-87.93164,2019-10-28,2019-10-28,9.4,5
2821,USW00094846,"CHICAGO OHARE INTERNATIONAL AIRPORT, IL US",41.96017,-87.93164,2019-10-29,2019-10-29,7.2,1.7
2822,USW00094846,"CHICAGO OHARE INTERNATIONAL AIRPORT, IL US",41.96017,-87.93164,2019-10-30,2019-10-30,5,0
2823,USW00094846,"CHICAGO OHARE INTERNATIONAL AIRPORT, IL US",41.96017,-87.93164,2019-10-31,2019-10-31,0.6,-3.8
2824,USW00094846,"CHICAGO OHARE INTERNATIONAL AIRPORT, IL US",41.96017,-87.93164,2019-11-01,2019-11-01,6.7,-4.9
2825,USW00094846,"CHICAGO OHARE INTERNATIONAL AIRPORT, IL US",41.96017,-87.93164,2019-11-02,2019-11-02,5.6,-0.5
2826,USW00094846,"CHICAGO OHARE INTERNATIONAL AIRPORT, IL US",41.96017,-87.93164,2019-11-03,2019-11-03,11.7,-1
2827,USW00094846,"CHICAGO OHARE INTERNATIONAL AIRPORT, IL US",41.96017,-87.93164,2019-11-04,2019-11-04,10.6,3.3
2828,USW00094846,"CHICAGO OHARE INTERNATIONAL AIRPORT, IL US",41.96017,-87.93164,2019-11-05,2019-11-05,4.4,-1
2829,USW00094846,"CHICAGO OHARE INTERNATIONAL AIRPORT, IL US",41.96017,-87.93164,2019-11-06,2019-11-06,12.8,-1.6
2830,USW00094846,"CHICAGO OHARE INTERNATIONAL AIRPORT, IL US",41.96017,-87.93164,2019-11-07,2019-11-07,-0.5,-6.6
2831,USW00094846,"CHICAGO OHARE INTERNATIONAL AIRPORT, IL US",41.96017,-87.93164,2019-11-08,2019-11-08,0,-8.8
2832,USW00094846,"CHICAGO OHARE INTERNATIONAL AIRPORT, IL US",41.96017,-87.93164,2019-11-09,2019-11-09,7.8,-2.7
2833,USW00094846,"CHICAGO OHARE INTERNATIONAL AIRPORT, IL US",41.96017,-87.93164,2019-11-10,2019-11-10,6.1,0.6
2834,USW00094846,"CHICAGO OHARE INTERNATIONAL AIRPORT, IL US",41.96017,-87.93164,2019-11-11,2019-11-11,0.6,-10.5
2835,USW00094846,"CHICAGO OHARE INTERNATIONAL AIRPORT, IL US",41.96017,-87.93164,2019-11-12,2019-11-12,-8.2,-13.8
2836,USW00094846,"CHICAGO OHARE INTERNATIONAL AIRPORT, IL US",41.96017,-87.93164,2019-11-13,2019-11-13,-2.7,-11.6
2837,USW00094846,"CHICAGO OHARE INTERNATIONAL AIRPORT, IL US",41.96017,-87.93164,2019-11-14,2019-11-14,-1,-4.3
2838,USW00094846,"CHICAGO OHARE INTERNATIONAL AIRPORT, IL US",41.96017,-87.93164,2019-11-15,2019-11-15,3.3,-5.5
2839,USW00094846,"CHICAGO OHARE INTERNATIONAL AIRPORT, IL US",41.96017,-87.93164,2019-11-16,2019-11-16,5.6,-3.2
2840,USW00094846,"CHICAGO OHARE INTERNATIONAL AIRPORT, IL US",41.96017,-87.93164,2019-11-17,2019-11-17,4.4,-2.7
2841,USW00094846,"CHICAGO OHARE INTERNATIONAL AIRPORT, IL US",41.96017,-87.93164,2019-11-18,2019-11-18,4.4,1.1
2842,USW00094846,"CHICAGO OHARE INTERNATIONAL AIRPORT, IL US",41.96017,-87.93164,2019-11-19,2019-11-19,5,1.7
2843,USW00094846,"CHICAGO OHARE INTERNATIONAL AIRPORT, IL US",41.96017,-87.93164,2019-11-20,2019-11-20,8.3,3.3
2844,USW00094846,"CHICAGO OHARE INTERNATIONAL AIRPORT, IL US",41.96017,-87.93164,2019-11-21,2019-11-21,12.2,2.8
2845,USW00094846,"CHICAGO OHARE INTERNATIONAL AIRPORT, IL US",41.96017,-87.93164,2019-11-22,2019-11-22,3.3,-2.1
2846,USW00094846,"CHICAGO OHARE INTERNATIONAL AIRPORT, IL US",41.96017,-87.93164,2019-11-23,2019-11-23,4.4,-4.3
2847,USW00094846,"CHICAGO OHARE INTERNATIONAL AIRPORT, IL US",41.96017,-87.93164,2019-11-24,2019-11-24,10,0
2848,USW00094846,"CHICAGO OHARE INTERNATIONAL AIRPORT, IL US",41.96017,-87.93164,2019-11-25,2019-11-25,11.7,2.8
2849,USW00094846,"CHICAGO OHARE INTERNATIONAL AIRPORT, IL US",41.96017,-87.93164,2019-11-26,2019-11-26,10,0
2850,USW00094846,"CHICAGO OHARE INTERNATIONAL AIRPORT, IL US",41.96017,-87.93164,2019-11-27,2019-11-27,12.8,0.6
2851,USW00094846,"CHICAGO OHARE INTERNATIONAL AIRPORT, IL US",41.96017,-87.93164,2019-11-28,2019-11-28,2.8,-0.5
2852,USW00094846,"CHICAGO OHARE INTERNATIONAL AIRPORT, IL US",41.96017,-87.93164,2019-11-29,2019-11-29,4.4,0.6
2853,USW00094846,"CHICAGO OHARE INTERNATIONAL AIRPORT, IL US",41.96017,-87.93164,2019-11-30,2019-11-30,4.4,2.2
2854,USW00094846,"CHICAGO OHARE INTERNATIONAL AIRPORT, IL US",41.96017,-87.93164,2019-12-01,2019-12-01,5,-0.5
2855,USW00094846,"CHICAGO OHARE INTERNATIONAL AIRPORT, IL US",41.96017,-87.93164,2019-12-02,2019-12-02,1.7,-1.6
2856,USW00094846,"CHICAGO OHARE INTERNATIONAL AIRPORT, IL US",41.96017,-87.93164,2019-12-03,2019-12-03,4.4,-1.6
2857,USW00094846,"CHICAGO OHARE INTERNATIONAL AIRPORT, IL US",41.96017,-87.93164,2019-12-04,2019-12-04,6.1,-0.5
2858,USW00094846,"CHICAGO OHARE INTERNATIONAL AIRPORT, IL US",41.96017,-87.93164,2019-12-05,2019-12-05,7.2,-2.7
2859,USW00094846,"CHICAGO OHARE INTERNATIONAL AIRPORT, IL US",41.96017,-87.93164,2019-12-06,2019-12-06,5.6,-2.7
2860,USW00094846,"CHICAGO OHARE INTERNATIONAL AIRPORT, IL US",41.96017,-87.93164,2019-12-07,2019-12-07,2.8,-3.8
2861,USW00094846,"CHICAGO OHARE INTERNATIONAL AIRPORT, IL US",41.96017,-87.93164,2019-12-08,2019-12-08,8.3,1.1
2862,USW00094846,"CHICAGO OHARE INTERNATIONAL AIRPORT, IL US",41.96017,-87.93164,2019-12-09,2019-12-09,8.3,-4.3
2863,USW00094846,"CHICAGO OHARE INTERNATIONAL AIRPORT, IL US",41.96017,-87.93164,2019-12-10,2019-12-10,-4.3,-9.9
2864,USW00094846,"CHICAGO OHARE INTERNATIONAL AIRPORT, IL US",41.96017,-87.93164,2019-12-11,2019-12-11,-4.3,-10.5
2865,USW00094846,"CHICAGO OHARE INTERNATIONAL AIRPORT, IL US",41.96017,-87.93164,2019-12-12,2019-12-12,7.2,-7.1
2866,USW00094846,"CHICAGO OHARE INTERNATIONAL AIRPORT, IL US",41.96017,-87.93164,2019-12-13,2019-12-13,7.2,1.1
2867,USW00094846,"CHICAGO OHARE INTERNATIONAL AIRPORT, IL US",41.96017,-87.93164,2019-12-14,2019-12-14,1.7,-4.3
2868,USW00094846,"CHICAGO OHARE INTERNATIONAL AIRPORT, IL US",41.96017,-87.93164,2019-12-15,2019-12-15,-3.2,-7.1
2869,USW00094846,"CHICAGO OHARE INTERNATIONAL AIRPORT, IL US",41.96017,-87.93164,2019-12-16,2019-12-16,-1,-4.3
2870,USW00094846,"CHICAGO OHARE INTERNATIONAL AIRPORT, IL US",41.96017,-87.93164,2019-12-17,2019-12-17,-1.6,-7.1
2871,USW00094846,"CHICAGO OHARE INTERNATIONAL AIRPORT, IL US",41.96017,-87.93164,2019-12-18,2019-12-18,-2.7,-12.1
2872,USW00094846,"CHICAGO OHARE INTERNATIONAL AIRPORT, IL US",41.96017,-87.93164,2019-12-19,2019-12-19,1.7,-9.3
2873,USW00094846,"CHICAGO OHARE INTERNATIONAL AIRPORT, IL US",41.96017,-87.93164,2019-12-20,2019-12-20,5,-4.9
2874,USW00094846,"CHICAGO OHARE INTERNATIONAL AIRPORT, IL US",41.96017,-87.93164,2019-12-21,2019-12-21,8.3,0
2875,USW00094846,"CHICAGO OHARE INTERNATIONAL AIRPORT, IL US",41.96017,-87.93164,2019-12-22,2019-12-22,11.1,0.6
2876,USW00094846,"CHICAGO OHARE INTERNATIONAL AIRPORT, IL US",41.96017,-87.93164,2019-12-23,2019-12-23,11.1,0.6
2877,USW00094846,"CHICAGO OHARE INTERNATIONAL AIRPORT, IL US",41.96017,-87.93164,2019-12-24,2019-12-24,12.8,-1
2878,USW00094846,"CHICAGO OHARE INTERNATIONAL AIRPORT, IL US",41.96017,-87.93164,2019-12-25,2019-12-25,13.9,2.8
2879,USW00094846,"CHICAGO OHARE INTERNATIONAL AIRPORT, IL US",41.96017,-87.93164,2019-12-26,2019-12-26,16.1,2.8
2880,USW00094846,"CHICAGO OHARE INTERNATIONAL AIRPORT, IL US",41.96017,-87.93164,2019-12-27,2019-12-27,2.8,-2.1
2881,USW00094846,"CHICAGO OHARE INTERNATIONAL AIRPORT, IL US",41.96017,-87.93164,2019-12-28,2019-12-28,8.9,-2.7
2882,USW00094846,"CHICAGO OHARE INTERNATIONAL AIRPORT, IL US",41.96017,-87.93164,2019-12-29,2019-12-29,13.9,8.3
2883,USW00094846,"CHICAGO OHARE INTERNATIONAL AIRPORT, IL US",41.96017,-87.93164,2019-12-30,2019-12-30,8.3,-2.7
2884,USW00094846,"CHICAGO OHARE INTERNATIONAL AIRPORT, IL US",41.96017,-87.93164,2019-12-31,2019-12-31,-2.1,-4.3
2885,USW00014819,"CHICAGO MIDWAY AIRPORT, IL US",41.78412,-87.75514,2019-01-01,2019-01-01,2.2,-2.7
2886,USW00014819,"CHICAGO MIDWAY AIRPORT, IL US",41.78412,-87.75514,2019-01-02,2019-01-02,0,-2.7
2887,USW00014819,"CHICAGO MIDWAY AIRPORT, IL US",41.78412,-87.75514,2019-01-03,2019-01-03,5,-3.8
2888,USW00014819,"CHICAGO MIDWAY AIRPORT, IL US",41.78412,-87.75514,2019-01-04,2019-01-04,10,0
2889,USW00014819,"CHICAGO MIDWAY AIRPORT, IL US",41.78412,-87.75514,2019-01-05,2019-01-05,11.7,-0.5
2890,USW00014819,"CHICAGO MIDWAY AIRPORT, IL US",41.78412,-87.75514,2019-01-06,2019-01-06,5.6,2.8
2891,USW00014819,"CHICAGO MIDWAY AIRPORT, IL US",41.78412,-87.75514,2019-01-07,2019-01-07,12.8,5
2892,USW00014819,"CHICAGO MIDWAY AIRPORT, IL US",41.78412,-87.75514,2019-01-08,2019-01-08,8.3,-3.2
2893,USW00014819,"CHICAGO MIDWAY AIRPORT, IL US",41.78412,-87.75514,2019-01-09,2019-01-09,-3.2,-8.2
2894,USW00014819,"CHICAGO MIDWAY AIRPORT, IL US",41.78412,-87.75514,2019-01-10,2019-01-10,-3.8,-9.3
2895,USW00014819,"CHICAGO MIDWAY AIRPORT, IL US",41.78412,-87.75514,2019-01-11,2019-01-11,-0.5,-5.5
2896,USW00014819,"CHICAGO MIDWAY AIRPORT, IL US",41.78412,-87.75514,2019-01-12,2019-01-12,0,-1
2897,USW00014819,"CHICAGO MIDWAY AIRPORT, IL US",41.78412,-87.75514,2019-01-13,2019-01-13,0,-2.7
2898,USW00014819,"CHICAGO MIDWAY AIRPORT, IL US",41.78412,-87.75514,2019-01-14,2019-01-14,-2.1,-6
2899,USW00014819,"CHICAGO MIDWAY AIRPORT, IL US",41.78412,-87.75514,2019-01-15,2019-01-15,0.6,-3.8
2900,USW00014819,"CHICAGO MIDWAY AIRPORT, IL US",41.78412,-87.75514,2019-01-16,2019-01-16,1.7,-1.6
2901,USW00014819,"CHICAGO MIDWAY AIRPORT, IL US",41.78412,-87.75514,2019-01-17,2019-01-17,2.2,-1.6
2902,USW00014819,"CHICAGO MIDWAY AIRPORT, IL US",41.78412,-87.75514,2019-01-18,2019-01-18,0,-1.6
2903,USW00014819,"CHICAGO MIDWAY AIRPORT, IL US",41.78412,-87.75514,2019-01-19,2019-01-19,-1.6,-9.3
2904,USW00014819,"CHICAGO MIDWAY AIRPORT, IL US",41.78412,-87.75514,2019-01-20,2019-01-20,-7.7,-13.8
2905,USW00014819,"CHICAGO MIDWAY AIRPORT, IL US",41.78412,-87.75514,2019-01-21,2019-01-21,-9.3,-13.2
2906,USW00014819,"CHICAGO MIDWAY AIRPORT, IL US",41.78412,-87.75514,2019-01-22,2019-01-22,2.2,-10.5
2907,USW00014819,"CHICAGO MIDWAY AIRPORT, IL US",41.78412,-87.75514,2019-01-23,2019-01-23,1.7,-6
2908,USW00014819,"CHICAGO MIDWAY AIRPORT, IL US",41.78412,-87.75514,2019-01-24,2019-01-24,-4.9,-16
2909,USW00014819,"CHICAGO MIDWAY AIRPORT, IL US",41.78412,-87.75514,2019-01-25,2019-01-25,-13.8,-20.5
2910,USW00014819,"CHICAGO MIDWAY AIRPORT, IL US",41.78412,-87.75514,2019-01-26,2019-01-26,-10.5,-20.5
2911,USW00014819,"CHICAGO MIDWAY AIRPORT, IL US",41.78412,-87.75514,2019-01-27,2019-01-27,-11,-18.8
2912,USW00014819,"CHICAGO MIDWAY AIRPORT, IL US",41.78412,-87.75514,2019-01-28,2019-01-28,1.7,-12.7
2913,USW00014819,"CHICAGO MIDWAY AIRPORT, IL US",41.78412,-87.75514,2019-01-29,2019-01-29,-11.6,-22.7
2914,USW00014819,"CHICAGO MIDWAY AIRPORT, IL US",41.78412,-87.75514,2019-01-30,2019-01-30,-22.7,-29.9
2915,USW00014819,"CHICAGO MIDWAY AIRPORT, IL US",41.78412,-87.75514,2019-01-31,2019-01-31,-16.6,-28.8
2916,USW00014819,"CHICAGO MIDWAY AIRPORT, IL US",41.78412,-87.75514,2019-02-01,2019-02-01,-6,-16.6
2917,USW00014819,"CHICAGO MIDWAY AIRPORT, IL US",41.78412,-87.75514,2019-02-02,2019-02-02,5,-9.3
2918,USW00014819,"CHICAGO MIDWAY AIRPORT, IL US",41.78412,-87.75514,2019-02-03,2019-02-03,9.4,3.3
2919,USW00014819,"CHICAGO MIDWAY AIRPORT, IL US",41.78412,-87.75514,2019-02-04,2019-02-04,10.6,-1
2920,USW00014819,"CHICAGO MIDWAY AIRPORT, IL US",41.78412,-87.75514,2019-02-05,2019-02-05,1.1,-2.7
2921,USW00014819,"CHICAGO MIDWAY AIRPORT, IL US",41.78412,-87.75514,2019-02-06,2019-02-06,3.3,0.6
2922,USW00014819,"CHICAGO MIDWAY AIRPORT, IL US",41.78412,-87.75514,2019-02-07,2019-02-07,7.8,-11.6
2923,USW00014819,"CHICAGO MIDWAY AIRPORT, IL US",41.78412,-87.75514,2019-02-08,2019-02-08,-9.3,-14.9
2924,USW00014819,"CHICAGO MIDWAY AIRPORT, IL US",41.78412,-87.75514,2019-02-09,2019-02-09,-3.2,-13.8
2925,USW00014819,"CHICAGO MIDWAY AIRPORT, IL US",41.78412,-87.75514,2019-02-10,2019-02-10,-1.6,-4.9
2926,USW00014819,"CHICAGO MIDWAY AIRPORT, IL US",41.78412,-87.75514,2019-02-11,2019-02-11,0,-1.6
2927,USW00014819,"CHICAGO MIDWAY AIRPORT, IL US",41.78412,-87.75514,2019-02-12,2019-02-12,0.6,-6
2928,USW00014819,"CHICAGO MIDWAY AIRPORT, IL US",41.78412,-87.75514,2019-02-13,2019-02-13,-1,-10.5
2929,USW00014819,"CHICAGO MIDWAY AIRPORT, IL US",41.78412,-87.75514,2019-02-14,2019-02-14,7.8,-1
2930,USW00014819,"CHICAGO MIDWAY AIRPORT, IL US",41.78412,-87.75514,2019-02-15,2019-02-15,0.6,-11.6
2931,USW00014819,"CHICAGO MIDWAY AIRPORT, IL US",41.78412,-87.75514,2019-02-16,2019-02-16,-1,-7.7
2932,USW00014819,"CHICAGO MIDWAY AIRPORT, IL US",41.78412,-87.75514,2019-02-17,2019-02-17,-1.6,-3.8
2933,USW00014819,"CHICAGO MIDWAY AIRPORT, IL US",41.78412,-87.75514,2019-02-18,2019-02-18,-0.5,-5.5
2934,USW00014819,"CHICAGO MIDWAY AIRPORT, IL US",41.78412,-87.75514,2019-02-19,2019-02-19,0.6,-9.9
2935,USW00014819,"CHICAGO MIDWAY AIRPORT, IL US",41.78412,-87.75514,2019-02-20,2019-02-20,2.8,-1.6
2936,USW00014819,"CHICAGO MIDWAY AIRPORT, IL US",41.78412,-87.75514,2019-02-21,2019-02-21,1.7,-3.2
2937,USW00014819,"CHICAGO MIDWAY AIRPORT, IL US",41.78412,-87.75514,2019-02-22,2019-02-22,3.3,-4.9
2938,USW00014819,"CHICAGO MIDWAY AIRPORT, IL US",41.78412,-87.75514,2019-02-23,2019-02-23,9.4,1.7
2939,USW00014819,"CHICAGO MIDWAY AIRPORT, IL US",41.78412,-87.75514,2019-02-24,2019-02-24,7.8,-9.9
2940,USW00014819,"CHICAGO MIDWAY AIRPORT, IL US",41.78412,-87.75514,2019-02-25,2019-02-25,-4.9,-13.2
2941,USW00014819,"CHICAGO MIDWAY AIRPORT, IL US",41.78412,-87.75514,2019-02-26,2019-02-26,-3.8,-7.7
2942,USW00014819,"CHICAGO MIDWAY AIRPORT, IL US",41.78412,-87.75514,2019-02-27,2019-02-27,0,-8.2
2943,USW00014819,"CHICAGO MIDWAY AIRPORT, IL US",41.78412,-87.75514,2019-02-28,2019-02-28,-2.1,-10.5
2944,USW00014819,"CHICAGO MIDWAY AIRPORT, IL US",41.78412,-87.75514,2019-03-01,2019-03-01,1.1,-3.8
2945,USW00014819,"CHICAGO MIDWAY AIRPORT, IL US",41.78412,-87.75514,2019-03-02,2019-03-02,1.7,-2.1
2946,USW00014819,"CHICAGO MIDWAY AIRPORT, IL US",41.78412,-87.75514,2019-03-03,2019-03-03,-2.1,-14.3
2947,USW00014819,"CHICAGO MIDWAY AIRPORT, IL US",41.78412,-87.75514,2019-03-04,2019-03-04,-9.3,-18.8
2948,USW00014819,"CHICAGO MIDWAY AIRPORT, IL US",41.78412,-87.75514,2019-03-05,2019-03-05,-5.5,-12.7
2949,USW00014819,"CHICAGO MIDWAY AIRPORT, IL US",41.78412,-87.75514,2019-03-06,2019-03-06,0,-12.1
2950,USW00014819,"CHICAGO MIDWAY AIRPORT, IL US",41.78412,-87.75514,2019-03-07,2019-03-07,-2.1,-8.8
2951,USW00014819,"CHICAGO MIDWAY AIRPORT, IL US",41.78412,-87.75514,2019-03-08,2019-03-08,3.9,-4.9
2952,USW00014819,"CHICAGO MIDWAY AIRPORT, IL US",41.78412,-87.75514,2019-03-09,2019-03-09,6.7,-1.6
2953,USW00014819,"CHICAGO MIDWAY AIRPORT, IL US",41.78412,-87.75514,2019-03-10,2019-03-10,3.9,-1
2954,USW00014819,"CHICAGO MIDWAY AIRPORT, IL US",41.78412,-87.75514,2019-03-11,2019-03-11,6.1,-2.1
2955,USW00014819,"CHICAGO MIDWAY AIRPORT, IL US",41.78412,-87.75514,2019-03-12,2019-03-12,9.4,-3.2
2956,USW00014819,"CHICAGO MIDWAY AIRPORT, IL US",41.78412,-87.75514,2019-03-13,2019-03-13,16.1,5
2957,USW00014819,"CHICAGO MIDWAY AIRPORT, IL US",41.78412,-87.75514,2019-03-14,2019-03-14,17.8,4.4
2958,USW00014819,"CHICAGO MIDWAY AIRPORT, IL US",41.78412,-87.75514,2019-03-15,2019-03-15,4.4,0
2959,USW00014819,"CHICAGO MIDWAY AIRPORT, IL US",41.78412,-87.75514,2019-03-16,2019-03-16,6.1,-1.6
2960,USW00014819,"CHICAGO MIDWAY AIRPORT, IL US",41.78412,-87.75514,2019-03-17,2019-03-17,7.2,-1.6
2961,USW00014819,"CHICAGO MIDWAY AIRPORT, IL US",41.78412,-87.75514,2019-03-18,2019-03-18,7.2,-2.1
2962,USW00014819,"CHICAGO MIDWAY AIRPORT, IL US",41.78412,-87.75514,2019-03-19,2019-03-19,10,-1
2963,USW00014819,"CHICAGO MIDWAY AIRPORT, IL US",41.78412,-87.75514,2019-03-20,2019-03-20,7.2,4.4
2964,USW00014819,"CHICAGO MIDWAY AIRPORT, IL US",41.78412,-87.75514,2019-03-21,2019-03-21,7.8,2.8
2965,USW00014819,"CHICAGO MIDWAY AIRPORT, IL US",41.78412,-87.75514,2019-03-22,2019-03-22,8.3,-0.5
2966,USW00014819,"CHICAGO MIDWAY AIRPORT, IL US",41.78412,-87.75514,2019-03-23,2019-03-23,11.7,-2.7
2967,USW00014819,"CHICAGO MIDWAY AIRPORT, IL US",41.78412,-87.75514,2019-03-24,2019-03-24,10.6,2.2
2968,USW00014819,"CHICAGO MIDWAY AIRPORT, IL US",41.78412,-87.75514,2019-03-25,2019-03-25,6.1,-1
2969,USW00014819,"CHICAGO MIDWAY AIRPORT, IL US",41.78412,-87.75514,2019-03-26,2019-03-26,7.8,-2.7
2970,USW00014819,"CHICAGO MIDWAY AIRPORT, IL US",41.78412,-87.75514,2019-03-27,2019-03-27,15,-0.5
2971,USW00014819,"CHICAGO MIDWAY AIRPORT, IL US",41.78412,-87.75514,2019-03-28,2019-03-28,18.3,1.1
2972,USW00014819,"CHICAGO MIDWAY AIRPORT, IL US",41.78412,-87.75514,2019-03-29,2019-03-29,12.8,3.9
2973,USW00014819,"CHICAGO MIDWAY AIRPORT, IL US",41.78412,-87.75514,2019-03-30,2019-03-30,6.7,-0.5
2974,USW00014819,"CHICAGO MIDWAY AIRPORT, IL US",41.78412,-87.75514,2019-03-31,2019-03-31,4.4,-4.3
2975,USW00014819,"CHICAGO MIDWAY AIRPORT, IL US",41.78412,-87.75514,2019-04-01,2019-04-01,9.4,-2.7
2976,USW00014819,"CHICAGO MIDWAY AIRPORT, IL US",41.78412,-87.75514,2019-04-02,2019-04-02,13.9,3.3
2977,USW00014819,"CHICAGO MIDWAY AIRPORT, IL US",41.78412,-87.75514,2019-04-03,2019-04-03,15,2.8
2978,USW00014819,"CHICAGO MIDWAY AIRPORT, IL US",41.78412,-87.75514,2019-04-04,2019-04-04,8.9,4.4
2979,USW00014819,"CHICAGO MIDWAY AIRPORT, IL US",41.78412,-87.75514,2019-04-05,2019-04-05,13.9,5
2980,USW00014819,"CHICAGO MIDWAY AIRPORT, IL US",41.78412,-87.75514,2019-04-06,2019-04-06,18.3,5
2981,USW00014819,"CHICAGO MIDWAY AIRPORT, IL US",41.78412,-87.75514,2019-04-07,2019-04-07,21.1,11.7
2982,USW00014819,"CHICAGO MIDWAY AIRPORT, IL US",41.78412,-87.75514,2019-04-08,2019-04-08,23.3,11.7
2983,USW00014819,"CHICAGO MIDWAY AIRPORT, IL US",41.78412,-87.75514,2019-04-09,2019-04-09,20,5
2984,USW00014819,"CHICAGO MIDWAY AIRPORT, IL US",41.78412,-87.75514,2019-04-10,2019-04-10,5.6,2.2
2985,USW00014819,"CHICAGO MIDWAY AIRPORT, IL US",41.78412,-87.75514,2019-04-11,2019-04-11,16.1,3.9
2986,USW00014819,"CHICAGO MIDWAY AIRPORT, IL US",41.78412,-87.75514,2019-04-12,2019-04-12,12.2,3.9
2987,USW00014819,"CHICAGO MIDWAY AIRPORT, IL US",41.78412,-87.75514,2019-04-13,2019-04-13,12.2,2.8
2988,USW00014819,"CHICAGO MIDWAY AIRPORT, IL US",41.78412,-87.75514,2019-04-14,2019-04-14,4.4,0.6
2989,USW00014819,"CHICAGO MIDWAY AIRPORT, IL US",41.78412,-87.75514,2019-04-15,2019-04-15,12.2,-0.5
2990,USW00014819,"CHICAGO MIDWAY AIRPORT, IL US",41.78412,-87.75514,2019-04-16,2019-04-16,23.9,8.3
2991,USW00014819,"CHICAGO MIDWAY AIRPORT, IL US",41.78412,-87.75514,2019-04-17,2019-04-17,25,8.9
2992,USW00014819,"CHICAGO MIDWAY AIRPORT, IL US",41.78412,-87.75514,2019-04-18,2019-04-18,18.3,6.7
2993,USW00014819,"CHICAGO MIDWAY AIRPORT, IL US",41.78412,-87.75514,2019-04-19,2019-04-19,9.4,5
2994,USW00014819,"CHICAGO MIDWAY AIRPORT, IL US",41.78412,-87.75514,2019-04-20,2019-04-20,18.3,5
2995,USW00014819,"CHICAGO MIDWAY AIRPORT, IL US",41.78412,-87.75514,2019-04-21,2019-04-21,25.6,7.2
2996,USW00014819,"CHICAGO MIDWAY AIRPORT, IL US",41.78412,-87.75514,2019-04-22,2019-04-22,26.7,14.4
2997,USW00014819,"CHICAGO MIDWAY AIRPORT, IL US",41.78412,-87.75514,2019-04-23,2019-04-23,18.9,10
2998,USW00014819,"CHICAGO MIDWAY AIRPORT, IL US",41.78412,-87.75514,2019-04-24,2019-04-24,18.3,7.2
2999,USW00014819,"CHICAGO MIDWAY AIRPORT, IL US",41.78412,-87.75514,2019-04-25,2019-04-25,18.9,8.3
3000,USW00014819,"CHICAGO MIDWAY AIRPORT, IL US",41.78412,-87.75514,2019-04-26,2019-04-26,18.3,10
3001,USW00014819,"CHICAGO MIDWAY AIRPORT, IL US",41.78412,-87.75514,2019-04-27,2019-04-27,10.6,0.6
3002,USW00014819,"CHICAGO MIDWAY AIRPORT, IL US",41.78412,-87.75514,2019-04-28,2019-04-28,11.1,1.1
3003,USW00014819,"CHICAGO MIDWAY AIRPORT, IL US",41.78412,-87.75514,2019-04-29,2019-04-29,11.7,6.1
3004,USW00014819,"CHICAGO MIDWAY AIRPORT, IL US",41.78412,-87.75514,2019-04-30,2019-04-30,10,4.4
3005,USW00014819,"CHICAGO MIDWAY AIRPORT, IL US",41.78412,-87.75514,2019-05-01,2019-05-01,16.1,7.2
3006,USW00014819,"CHICAGO MIDWAY AIRPORT, IL US",41.78412,-87.75514,2019-05-02,2019-05-02,9.4,6.1
3007,USW00014819,"CHICAGO MIDWAY AIRPORT, IL US",41.78412,-87.75514,2019-05-03,2019-05-03,13.9,6.7
3008,USW00014819,"CHICAGO MIDWAY AIRPORT, IL US",41.78412,-87.75514,2019-05-04,2019-05-04,16.1,5.6
3009,USW00014819,"CHICAGO MIDWAY AIRPORT, IL US",41.78412,-87.75514,2019-05-05,2019-05-05,23.3,6.7
3010,USW00014819,"CHICAGO MIDWAY AIRPORT, IL US",41.78412,-87.75514,2019-05-06,2019-05-06,22.2,8.3
3011,USW00014819,"CHICAGO MIDWAY AIRPORT, IL US",41.78412,-87.75514,2019-05-07,2019-05-07,10,7.2
3012,USW00014819,"CHICAGO MIDWAY AIRPORT, IL US",41.78412,-87.75514,2019-05-08,2019-05-08,24.4,8.3
3013,USW00014819,"CHICAGO MIDWAY AIRPORT, IL US",41.78412,-87.75514,2019-05-09,2019-05-09,20.6,9.4
3014,USW00014819,"CHICAGO MIDWAY AIRPORT, IL US",41.78412,-87.75514,2019-05-10,2019-05-10,13.3,7.2
3015,USW00014819,"CHICAGO MIDWAY AIRPORT, IL US",41.78412,-87.75514,2019-05-11,2019-05-11,12.2,7.2
3016,USW00014819,"CHICAGO MIDWAY AIRPORT, IL US",41.78412,-87.75514,2019-05-12,2019-05-12,11.7,6.1
3017,USW00014819,"CHICAGO MIDWAY AIRPORT, IL US",41.78412,-87.75514,2019-05-13,2019-05-13,16.1,6.1
3018,USW00014819,"CHICAGO MIDWAY AIRPORT, IL US",41.78412,-87.75514,2019-05-14,2019-05-14,21.1,6.1
3019,USW00014819,"CHICAGO MIDWAY AIRPORT, IL US",41.78412,-87.75514,2019-05-15,2019-05-15,25,11.1
3020,USW00014819,"CHICAGO MIDWAY AIRPORT, IL US",41.78412,-87.75514,2019-05-16,2019-05-16,24.4,15
3021,USW00014819,"CHICAGO MIDWAY AIRPORT, IL US",41.78412,-87.75514,2019-05-17,2019-05-17,20.6,7.8
3022,USW00014819,"CHICAGO MIDWAY AIRPORT, IL US",41.78412,-87.75514,2019-05-18,2019-05-18,28.3,7.2
3023,USW00014819,"CHICAGO MIDWAY AIRPORT, IL US",41.78412,-87.75514,2019-05-19,2019-05-19,23.9,11.7
3024,USW00014819,"CHICAGO MIDWAY AIRPORT, IL US",41.78412,-87.75514,2019-05-20,2019-05-20,13.9,8.3
3025,USW00014819,"CHICAGO MIDWAY AIRPORT, IL US",41.78412,-87.75514,2019-05-23,2019-05-23,24.4,17.8
3026,USW00014819,"CHICAGO MIDWAY AIRPORT, IL US",41.78412,-87.75514,2019-05-24,2019-05-24,25.6,13.3
3027,USW00014819,"CHICAGO MIDWAY AIRPORT, IL US",41.78412,-87.75514,2019-05-25,2019-05-25,28.3,22.2
3028,USW00014819,"CHICAGO MIDWAY AIRPORT, IL US",41.78412,-87.75514,2019-05-26,2019-05-26,25,13.3
3029,USW00014819,"CHICAGO MIDWAY AIRPORT, IL US",41.78412,-87.75514,2019-05-27,2019-05-27,24.4,12.8
3030,USW00014819,"CHICAGO MIDWAY AIRPORT, IL US",41.78412,-87.75514,2019-05-28,2019-05-28,21.7,11.1
3031,USW00014819,"CHICAGO MIDWAY AIRPORT, IL US",41.78412,-87.75514,2019-05-29,2019-05-29,23.3,11.1
3032,USW00014819,"CHICAGO MIDWAY AIRPORT, IL US",41.78412,-87.75514,2019-05-30,2019-05-30,26.7,16.1
3033,USW00014819,"CHICAGO MIDWAY AIRPORT, IL US",41.78412,-87.75514,2019-05-31,2019-05-31,28.3,16.1
3034,USW00014819,"CHICAGO MIDWAY AIRPORT, IL US",41.78412,-87.75514,2019-06-01,2019-06-01,27.8,12.2
3035,USW00014819,"CHICAGO MIDWAY AIRPORT, IL US",41.78412,-87.75514,2019-06-02,2019-06-02,20.6,11.7
3036,USW00014819,"CHICAGO MIDWAY AIRPORT, IL US",41.78412,-87.75514,2019-06-03,2019-06-03,20,10.6
3037,USW00014819,"CHICAGO MIDWAY AIRPORT, IL US",41.78412,-87.75514,2019-06-04,2019-06-04,28.3,15.6
3038,USW00014819,"CHICAGO MIDWAY AIRPORT, IL US",41.78412,-87.75514,2019-06-05,2019-06-05,30,15.6
3039,USW00014819,"CHICAGO MIDWAY AIRPORT, IL US",41.78412,-87.75514,2019-06-06,2019-06-06,24.4,13.9
3040,USW00014819,"CHICAGO MIDWAY AIRPORT, IL US",41.78412,-87.75514,2019-06-07,2019-06-07,26.7,13.9
3041,USW00014819,"CHICAGO MIDWAY AIRPORT, IL US",41.78412,-87.75514,2019-06-08,2019-06-08,26.1,15.6
3042,USW00014819,"CHICAGO MIDWAY AIRPORT, IL US",41.78412,-87.75514,2019-06-09,2019-06-09,22.8,18.3
3043,USW00014819,"CHICAGO MIDWAY AIRPORT, IL US",41.78412,-87.75514,2019-06-10,2019-06-10,24.4,16.1
3044,USW00014819,"CHICAGO MIDWAY AIRPORT, IL US",41.78412,-87.75514,2019-06-11,2019-06-11,27.8,14.4
3045,USW00014819,"CHICAGO MIDWAY AIRPORT, IL US",41.78412,-87.75514,2019-06-12,2019-06-12,23.3,12.8
3046,USW00014819,"CHICAGO MIDWAY AIRPORT, IL US",41.78412,-87.75514,2019-06-13,2019-06-13,20.6,11.1
3047,USW00014819,"CHICAGO MIDWAY AIRPORT, IL US",41.78412,-87.75514,2019-06-14,2019-06-14,27.2,11.1
3048,USW00014819,"CHICAGO MIDWAY AIRPORT, IL US",41.78412,-87.75514,2019-06-15,2019-06-15,21.7,13.9
3049,USW00014819,"CHICAGO MIDWAY AIRPORT, IL US",41.78412,-87.75514,2019-06-16,2019-06-16,19.4,13.3
3050,USW00014819,"CHICAGO MIDWAY AIRPORT, IL US",41.78412,-87.75514,2019-06-17,2019-06-17,20,13.3
3051,USW00014819,"CHICAGO MIDWAY AIRPORT, IL US",41.78412,-87.75514,2019-06-18,2019-06-18,26.1,14.4
3052,USW00014819,"CHICAGO MIDWAY AIRPORT, IL US",41.78412,-87.75514,2019-06-19,2019-06-19,23.9,13.3
3053,USW00014819,"CHICAGO MIDWAY AIRPORT, IL US",41.78412,-87.75514,2019-06-20,2019-06-20,21.1,12.8
3054,USW00014819,"CHICAGO MIDWAY AIRPORT, IL US",41.78412,-87.75514,2019-06-21,2019-06-21,22.2,11.7
3055,USW00014819,"CHICAGO MIDWAY AIRPORT, IL US",41.78412,-87.75514,2019-06-22,2019-06-22,27.2,16.1
3056,USW00014819,"CHICAGO MIDWAY AIRPORT, IL US",41.78412,-87.75514,2019-06-23,2019-06-23,27.8,18.9
3057,USW00014819,"CHICAGO MIDWAY AIRPORT, IL US",41.78412,-87.75514,2019-06-24,2019-06-24,26.1,19.4
3058,USW00014819,"CHICAGO MIDWAY AIRPORT, IL US",41.78412,-87.75514,2019-06-25,2019-06-25,30.6,17.2
3059,USW00014819,"CHICAGO MIDWAY AIRPORT, IL US",41.78412,-87.75514,2019-06-26,2019-06-26,32.2,21.1
3060,USW00014819,"CHICAGO MIDWAY AIRPORT, IL US",41.78412,-87.75514,2019-06-27,2019-06-27,32.2,20.6
3061,USW00014819,"CHICAGO MIDWAY AIRPORT, IL US",41.78412,-87.75514,2019-06-28,2019-06-28,32.8,22.2
3062,USW00014819,"CHICAGO MIDWAY AIRPORT, IL US",41.78412,-87.75514,2019-06-29,2019-06-29,30.6,22.2
3063,USW00014819,"CHICAGO MIDWAY AIRPORT, IL US",41.78412,-87.75514,2019-06-30,2019-06-30,31.7,22.2
3064,USW00014819,"CHICAGO MIDWAY AIRPORT, IL US",41.78412,-87.75514,2019-07-01,2019-07-01,32.8,21.1
3065,USW00014819,"CHICAGO MIDWAY AIRPORT, IL US",41.78412,-87.75514,2019-07-02,2019-07-02,33.3,21.7
3066,USW00014819,"CHICAGO MIDWAY AIRPORT, IL US",41.78412,-87.75514,2019-07-03,2019-07-03,30,21.7
3067,USW00014819,"CHICAGO MIDWAY AIRPORT, IL US",41.78412,-87.75514,2019-07-04,2019-07-04,32.8,21.1
3068,USW00014819,"CHICAGO MIDWAY AIRPORT, IL US",41.78412,-87.75514,2019-07-05,2019-07-05,33.3,24.4
3069,USW00014819,"CHICAGO MIDWAY AIRPORT, IL US",41.78412,-87.75514,2019-07-06,2019-07-06,30,21.1
3070,USW00014819,"CHICAGO MIDWAY AIRPORT, IL US",41.78412,-87.75514,2019-07-07,2019-07-07,26.1,19.4
3071,USW00014819,"CHICAGO MIDWAY AIRPORT, IL US",41.78412,-87.75514,2019-07-08,2019-07-08,28.3,18.3
3072,USW00014819,"CHICAGO MIDWAY AIRPORT, IL US",41.78412,-87.75514,2019-07-09,2019-07-09,31.7,19.4
3073,USW00014819,"CHICAGO MIDWAY AIRPORT, IL US",41.78412,-87.75514,2019-07-10,2019-07-10,35.6,24.4
3074,USW00014819,"CHICAGO MIDWAY AIRPORT, IL US",41.78412,-87.75514,2019-07-11,2019-07-11,27.8,20
3075,USW00014819,"CHICAGO MIDWAY AIRPORT, IL US",41.78412,-87.75514,2019-07-12,2019-07-12,30.6,16.7
3076,USW00014819,"CHICAGO MIDWAY AIRPORT, IL US",41.78412,-87.75514,2019-07-13,2019-07-13,34.4,22.8
3077,USW00014819,"CHICAGO MIDWAY AIRPORT, IL US",41.78412,-87.75514,2019-07-14,2019-07-14,32.2,22.8
3078,USW00014819,"CHICAGO MIDWAY AIRPORT, IL US",41.78412,-87.75514,2019-07-15,2019-07-15,33.3,23.9
3079,USW00014819,"CHICAGO MIDWAY AIRPORT, IL US",41.78412,-87.75514,2019-07-16,2019-07-16,28.9,22.2
3080,USW00014819,"CHICAGO MIDWAY AIRPORT, IL US",41.78412,-87.75514,2019-07-17,2019-07-17,32.8,23.3
3081,USW00014819,"CHICAGO MIDWAY AIRPORT, IL US",41.78412,-87.75514,2019-07-18,2019-07-18,31.1,21.7
3082,USW00014819,"CHICAGO MIDWAY AIRPORT, IL US",41.78412,-87.75514,2019-07-19,2019-07-19,35,27.2
3083,USW00014819,"CHICAGO MIDWAY AIRPORT, IL US",41.78412,-87.75514,2019-07-20,2019-07-20,36.1,24.4
3084,USW00014819,"CHICAGO MIDWAY AIRPORT, IL US",41.78412,-87.75514,2019-07-21,2019-07-21,26.7,21.7
3085,USW00014819,"CHICAGO MIDWAY AIRPORT, IL US",41.78412,-87.75514,2019-07-22,2019-07-22,24.4,17.2
3086,USW00014819,"CHICAGO MIDWAY AIRPORT, IL US",41.78412,-87.75514,2019-07-23,2019-07-23,27.2,16.7
3087,USW00014819,"CHICAGO MIDWAY AIRPORT, IL US",41.78412,-87.75514,2019-07-24,2019-07-24,26.7,16.7
3088,USW00014819,"CHICAGO MIDWAY AIRPORT, IL US",41.78412,-87.75514,2019-07-25,2019-07-25,30,17.2
3089,USW00014819,"CHICAGO MIDWAY AIRPORT, IL US",41.78412,-87.75514,2019-07-26,2019-07-26,30,20
3090,USW00014819,"CHICAGO MIDWAY AIRPORT, IL US",41.78412,-87.75514,2019-07-27,2019-07-27,31.7,22.2
3091,USW00014819,"CHICAGO MIDWAY AIRPORT, IL US",41.78412,-87.75514,2019-07-28,2019-07-28,32.2,22.8
3092,USW00014819,"CHICAGO MIDWAY AIRPORT, IL US",41.78412,-87.75514,2019-07-29,2019-07-29,27.8,21.1
3093,USW00014819,"CHICAGO MIDWAY AIRPORT, IL US",41.78412,-87.75514,2019-07-30,2019-07-30,26.1,19.4
3094,USW00014819,"CHICAGO MIDWAY AIRPORT, IL US",41.78412,-87.75514,2019-07-31,2019-07-31,24.4,17.2
3095,USW00014819,"CHICAGO MIDWAY AIRPORT, IL US",41.78412,-87.75514,2019-08-01,2019-08-01,26.7,15.6
3096,USW00014819,"CHICAGO MIDWAY AIRPORT, IL US",41.78412,-87.75514,2019-08-02,2019-08-02,27.8,17.2
3097,USW00014819,"CHICAGO MIDWAY AIRPORT, IL US",41.78412,-87.75514,2019-08-03,2019-08-03,31.7,17.8
3098,USW00014819,"CHICAGO MIDWAY AIRPORT, IL US",41.78412,-87.75514,2019-08-04,2019-08-04,30,22.8
3099,USW00014819,"CHICAGO MIDWAY AIRPORT, IL US",41.78412,-87.75514,2019-08-05,2019-08-05,32.8,21.7
3100,USW00014819,"CHICAGO MIDWAY AIRPORT, IL US",41.78412,-87.75514,2019-08-06,2019-08-06,29.4,21.1
3101,USW00014819,"CHICAGO MIDWAY AIRPORT, IL US",41.78412,-87.75514,2019-08-07,2019-08-07,31.1,20
3102,USW00014819,"CHICAGO MIDWAY AIRPORT, IL US",41.78412,-87.75514,2019-08-08,2019-08-08,31.1,21.7
3103,USW00014819,"CHICAGO MIDWAY AIRPORT, IL US",41.78412,-87.75514,2019-08-09,2019-08-09,28.3,17.2
3104,USW00014819,"CHICAGO MIDWAY AIRPORT, IL US",41.78412,-87.75514,2019-08-10,2019-08-10,30,19.4
3105,USW00014819,"CHICAGO MIDWAY AIRPORT, IL US",41.78412,-87.75514,2019-08-11,2019-08-11,28.9,20.6
3106,USW00014819,"CHICAGO MIDWAY AIRPORT, IL US",41.78412,-87.75514,2019-08-12,2019-08-12,28.3,22.2
3107,USW00014819,"CHICAGO MIDWAY AIRPORT, IL US",41.78412,-87.75514,2019-08-13,2019-08-13,29.4,21.1
3108,USW00014819,"CHICAGO MIDWAY AIRPORT, IL US",41.78412,-87.75514,2019-08-14,2019-08-14,28.9,18.9
3109,USW00014819,"CHICAGO MIDWAY AIRPORT, IL US",41.78412,-87.75514,2019-08-15,2019-08-15,25.6,18.3
3110,USW00014819,"CHICAGO MIDWAY AIRPORT, IL US",41.78412,-87.75514,2019-08-16,2019-08-16,29.4,18.3
3111,USW00014819,"CHICAGO MIDWAY AIRPORT, IL US",41.78412,-87.75514,2019-08-17,2019-08-17,25.6,20.6
3112,USW00014819,"CHICAGO MIDWAY AIRPORT, IL US",41.78412,-87.75514,2019-08-18,2019-08-18,28.9,20.6
3113,USW00014819,"CHICAGO MIDWAY AIRPORT, IL US",41.78412,-87.75514,2019-08-19,2019-08-19,29.4,21.7
3114,USW00014819,"CHICAGO MIDWAY AIRPORT, IL US",41.78412,-87.75514,2019-08-20,2019-08-20,25.6,20
3115,USW00014819,"CHICAGO MIDWAY AIRPORT, IL US",41.78412,-87.75514,2019-08-21,2019-08-21,28.9,18.3
3116,USW00014819,"CHICAGO MIDWAY AIRPORT, IL US",41.78412,-87.75514,2019-08-22,2019-08-22,25.6,20.6
3117,USW00014819,"CHICAGO MIDWAY AIRPORT, IL US",41.78412,-87.75514,2019-08-23,2019-08-23,23.9,18.9
3118,USW00014819,"CHICAGO MIDWAY AIRPORT, IL US",41.78412,-87.75514,2019-08-24,2019-08-24,23.3,17.2
3119,USW00014819,"CHICAGO MIDWAY AIRPORT, IL US",41.78412,-87.75514,2019-08-25,2019-08-25,25.6,16.7
3120,USW00014819,"CHICAGO MIDWAY AIRPORT, IL US",41.78412,-87.75514,2019-08-26,2019-08-26,25.6,18.9
3121,USW00014819,"CHICAGO MIDWAY AIRPORT, IL US",41.78412,-87.75514,2019-08-27,2019-08-27,27.2,18.9
3122,USW00014819,"CHICAGO MIDWAY AIRPORT, IL US",41.78412,-87.75514,2019-08-28,2019-08-28,24.4,15.6
3123,USW00014819,"CHICAGO MIDWAY AIRPORT, IL US",41.78412,-87.75514,2019-08-29,2019-08-29,30,15.6
3124,USW00014819,"CHICAGO MIDWAY AIRPORT, IL US",41.78412,-87.75514,2019-08-30,2019-08-30,23.3,16.7
3125,USW00014819,"CHICAGO MIDWAY AIRPORT, IL US",41.78412,-87.75514,2019-08-31,2019-08-31,24.4,17.8
3126,USW00014819,"CHICAGO MIDWAY AIRPORT, IL US",41.78412,-87.75514,2019-09-01,2019-09-01,22.8,16.7
3127,USW00014819,"CHICAGO MIDWAY AIRPORT, IL US",41.78412,-87.75514,2019-09-02,2019-09-02,28.3,16.7
3128,USW00014819,"CHICAGO MIDWAY AIRPORT, IL US",41.78412,-87.75514,2019-09-03,2019-09-03,27.2,20
3129,USW00014819,"CHICAGO MIDWAY AIRPORT, IL US",41.78412,-87.75514,2019-09-04,2019-09-04,21.1,16.7
3130,USW00014819,"CHICAGO MIDWAY AIRPORT, IL US",41.78412,-87.75514,2019-09-05,2019-09-05,23.3,13.9
3131,USW00014819,"CHICAGO MIDWAY AIRPORT, IL US",41.78412,-87.75514,2019-09-06,2019-09-06,23.9,18.3
3132,USW00014819,"CHICAGO MIDWAY AIRPORT, IL US",41.78412,-87.75514,2019-09-07,2019-09-07,26.1,13.9
3133,USW00014819,"CHICAGO MIDWAY AIRPORT, IL US",41.78412,-87.75514,2019-09-08,2019-09-08,19.4,16.7
3134,USW00014819,"CHICAGO MIDWAY AIRPORT, IL US",41.78412,-87.75514,2019-09-09,2019-09-09,25.6,16.7
3135,USW00014819,"CHICAGO MIDWAY AIRPORT, IL US",41.78412,-87.75514,2019-09-10,2019-09-10,32.8,22.8
3136,USW00014819,"CHICAGO MIDWAY AIRPORT, IL US",41.78412,-87.75514,2019-09-11,2019-09-11,32.8,21.1
3137,USW00014819,"CHICAGO MIDWAY AIRPORT, IL US",41.78412,-87.75514,2019-09-12,2019-09-12,27.8,20
3138,USW00014819,"CHICAGO MIDWAY AIRPORT, IL US",41.78412,-87.75514,2019-09-13,2019-09-13,26.1,16.7
3139,USW00014819,"CHICAGO MIDWAY AIRPORT, IL US",41.78412,-87.75514,2019-09-14,2019-09-14,27.2,14.4
3140,USW00014819,"CHICAGO MIDWAY AIRPORT, IL US",41.78412,-87.75514,2019-09-15,2019-09-15,25.6,17.8
3141,USW00014819,"CHICAGO MIDWAY AIRPORT, IL US",41.78412,-87.75514,2019-09-16,2019-09-16,24.4,19.4
3142,USW00014819,"CHICAGO MIDWAY AIRPORT, IL US",41.78412,-87.75514,2019-09-17,2019-09-17,26.1,18.9
3143,USW00014819,"CHICAGO MIDWAY AIRPORT, IL US",41.78412,-87.75514,2019-09-18,2019-09-18,28.3,17.8
3144,USW00014819,"CHICAGO MIDWAY AIRPORT, IL US",41.78412,-87.75514,2019-09-19,2019-09-19,29.4,17.8
3145,USW00014819,"CHICAGO MIDWAY AIRPORT, IL US",41.78412,-87.75514,2019-09-20,2019-09-20,30,20.6
3146,USW00014819,"CHICAGO MIDWAY AIRPORT, IL US",41.78412,-87.75514,2019-09-21,2019-09-21,27.2,21.7
3147,USW00014819,"CHICAGO MIDWAY AIRPORT, IL US",41.78412,-87.75514,2019-09-22,2019-09-22,25.6,19.4
3148,USW00014819,"CHICAGO MIDWAY AIRPORT, IL US",41.78412,-87.75514,2019-09-23,2019-09-23,23.9,16.7
3149,USW00014819,"CHICAGO MIDWAY AIRPORT, IL US",41.78412,-87.75514,2019-09-24,2019-09-24,26.7,14.4
3150,USW00014819,"CHICAGO MIDWAY AIRPORT, IL US",41.78412,-87.75514,2019-09-25,2019-09-25,26.7,18.3
3151,USW00014819,"CHICAGO MIDWAY AIRPORT, IL US",41.78412,-87.75514,2019-09-26,2019-09-26,22.8,13.9
3152,USW00014819,"CHICAGO MIDWAY AIRPORT, IL US",41.78412,-87.75514,2019-09-27,2019-09-27,21.7,15.6
3153,USW00014819,"CHICAGO MIDWAY AIRPORT, IL US",41.78412,-87.75514,2019-09-28,2019-09-28,20,15
3154,USW00014819,"CHICAGO MIDWAY AIRPORT, IL US",41.78412,-87.75514,2019-09-29,2019-09-29,20.6,16.7
3155,USW00014819,"CHICAGO MIDWAY AIRPORT, IL US",41.78412,-87.75514,2019-09-30,2019-09-30,30.6,18.9
3156,USW00014819,"CHICAGO MIDWAY AIRPORT, IL US",41.78412,-87.75514,2019-10-01,2019-10-01,31.1,22.2
3157,USW00014819,"CHICAGO MIDWAY AIRPORT, IL US",41.78412,-87.75514,2019-10-02,2019-10-02,27.2,15.6
3158,USW00014819,"CHICAGO MIDWAY AIRPORT, IL US",41.78412,-87.75514,2019-10-03,2019-10-03,21.1,10.6
3159,USW00014819,"CHICAGO MIDWAY AIRPORT, IL US",41.78412,-87.75514,2019-10-04,2019-10-04,15,8.9
3160,USW00014819,"CHICAGO MIDWAY AIRPORT, IL US",41.78412,-87.75514,2019-10-05,2019-10-05,18.3,9.4
3161,USW00014819,"CHICAGO MIDWAY AIRPORT, IL US",41.78412,-87.75514,2019-10-06,2019-10-06,20.6,10.6
3162,USW00014819,"CHICAGO MIDWAY AIRPORT, IL US",41.78412,-87.75514,2019-10-07,2019-10-07,21.7,8.9
3163,USW00014819,"CHICAGO MIDWAY AIRPORT, IL US",41.78412,-87.75514,2019-10-08,2019-10-08,21.7,8.9
3164,USW00014819,"CHICAGO MIDWAY AIRPORT, IL US",41.78412,-87.75514,2019-10-09,2019-10-09,22.2,11.7
3165,USW00014819,"CHICAGO MIDWAY AIRPORT, IL US",41.78412,-87.75514,2019-10-10,2019-10-10,21.7,12.2
3166,USW00014819,"CHICAGO MIDWAY AIRPORT, IL US",41.78412,-87.75514,2019-10-11,2019-10-11,20,3.9
3167,USW00014819,"CHICAGO MIDWAY AIRPORT, IL US",41.78412,-87.75514,2019-10-12,2019-10-12,12.8,2.8
3168,USW00014819,"CHICAGO MIDWAY AIRPORT, IL US",41.78412,-87.75514,2019-10-13,2019-10-13,13.3,3.3
3169,USW00014819,"CHICAGO MIDWAY AIRPORT, IL US",41.78412,-87.75514,2019-10-14,2019-10-14,12.8,3.9
3170,USW00014819,"CHICAGO MIDWAY AIRPORT, IL US",41.78412,-87.75514,2019-10-15,2019-10-15,18.9,5.6
3171,USW00014819,"CHICAGO MIDWAY AIRPORT, IL US",41.78412,-87.75514,2019-10-16,2019-10-16,11.7,6.1
3172,USW00014819,"CHICAGO MIDWAY AIRPORT, IL US",41.78412,-87.75514,2019-10-17,2019-10-17,13.3,5
3173,USW00014819,"CHICAGO MIDWAY AIRPORT, IL US",41.78412,-87.75514,2019-10-18,2019-10-18,15.6,3.9
3174,USW00014819,"CHICAGO MIDWAY AIRPORT, IL US",41.78412,-87.75514,2019-10-19,2019-10-19,21.1,7.8
3175,USW00014819,"CHICAGO MIDWAY AIRPORT, IL US",41.78412,-87.75514,2019-10-20,2019-10-20,15.6,10
3176,USW00014819,"CHICAGO MIDWAY AIRPORT, IL US",41.78412,-87.75514,2019-10-21,2019-10-21,20,11.1
3177,USW00014819,"CHICAGO MIDWAY AIRPORT, IL US",41.78412,-87.75514,2019-10-22,2019-10-22,11.1,7.2
3178,USW00014819,"CHICAGO MIDWAY AIRPORT, IL US",41.78412,-87.75514,2019-10-23,2019-10-23,15.6,4.4
3179,USW00014819,"CHICAGO MIDWAY AIRPORT, IL US",41.78412,-87.75514,2019-10-24,2019-10-24,10.6,5.6
3180,USW00014819,"CHICAGO MIDWAY AIRPORT, IL US",41.78412,-87.75514,2019-10-25,2019-10-25,10,5
3181,USW00014819,"CHICAGO MIDWAY AIRPORT, IL US",41.78412,-87.75514,2019-10-26,2019-10-26,10.6,3.9
3182,USW00014819,"CHICAGO MIDWAY AIRPORT, IL US",41.78412,-87.75514,2019-10-27,2019-10-27,15,6.7
3183,USW00014819,"CHICAGO MIDWAY AIRPORT, IL US",41.78412,-87.75514,2019-10-28,2019-10-28,11.1,5
3184,USW00014819,"CHICAGO MIDWAY AIRPORT, IL US",41.78412,-87.75514,2019-10-29,2019-10-29,8.9,2.8
3185,USW00014819,"CHICAGO MIDWAY AIRPORT, IL US",41.78412,-87.75514,2019-10-30,2019-10-30,5.6,0.6
3186,USW00014819,"CHICAGO MIDWAY AIRPORT, IL US",41.78412,-87.75514,2019-10-31,2019-10-31,3.3,-3.2
3187,USW00014819,"CHICAGO MIDWAY AIRPORT, IL US",41.78412,-87.75514,2019-11-01,2019-11-01,7.8,-3.8
3188,USW00014819,"CHICAGO MIDWAY AIRPORT, IL US",41.78412,-87.75514,2019-11-02,2019-11-02,7.2,0.6
3189,USW00014819,"CHICAGO MIDWAY AIRPORT, IL US",41.78412,-87.75514,2019-11-03,2019-11-03,12.2,-0.5
3190,USW00014819,"CHICAGO MIDWAY AIRPORT, IL US",41.78412,-87.75514,2019-11-04,2019-11-04,12.2,3.9
3191,USW00014819,"CHICAGO MIDWAY AIRPORT, IL US",41.78412,-87.75514,2019-11-05,2019-11-05,5.6,-0.5
3192,USW00014819,"CHICAGO MIDWAY AIRPORT, IL US",41.78412,-87.75514,2019-11-06,2019-11-06,14.4,-0.5
3193,USW00014819,"CHICAGO MIDWAY AIRPORT, IL US",41.78412,-87.75514,2019-11-07,2019-11-07,0.6,-6
3194,USW00014819,"CHICAGO MIDWAY AIRPORT, IL US",41.78412,-87.75514,2019-11-08,2019-11-08,0.6,-8.2
3195,USW00014819,"CHICAGO MIDWAY AIRPORT, IL US",41.78412,-87.75514,2019-11-09,2019-11-09,8.9,-2.1
3196,USW00014819,"CHICAGO MIDWAY AIRPORT, IL US",41.78412,-87.75514,2019-11-10,2019-11-10,6.7,2.2
3197,USW00014819,"CHICAGO MIDWAY AIRPORT, IL US",41.78412,-87.75514,2019-11-11,2019-11-11,2.8,-9.9
3198,USW00014819,"CHICAGO MIDWAY AIRPORT, IL US",41.78412,-87.75514,2019-11-12,2019-11-12,-7.1,-12.7
3199,USW00014819,"CHICAGO MIDWAY AIRPORT, IL US",41.78412,-87.75514,2019-11-13,2019-11-13,-2.1,-10.5
3200,USW00014819,"CHICAGO MIDWAY AIRPORT, IL US",41.78412,-87.75514,2019-11-14,2019-11-14,0.6,-3.8
3201,USW00014819,"CHICAGO MIDWAY AIRPORT, IL US",41.78412,-87.75514,2019-11-15,2019-11-15,3.3,-5.5
3202,USW00014819,"CHICAGO MIDWAY AIRPORT, IL US",41.78412,-87.75514,2019-11-16,2019-11-16,5.6,-1.6
3203,USW00014819,"CHICAGO MIDWAY AIRPORT, IL US",41.78412,-87.75514,2019-11-17,2019-11-17,5.6,-1.6
3204,USW00014819,"CHICAGO MIDWAY AIRPORT, IL US",41.78412,-87.75514,2019-11-18,2019-11-18,5.6,2.2
3205,USW00014819,"CHICAGO MIDWAY AIRPORT, IL US",41.78412,-87.75514,2019-11-19,2019-11-19,5,2.2
3206,USW00014819,"CHICAGO MIDWAY AIRPORT, IL US",41.78412,-87.75514,2019-11-20,2019-11-20,9.4,3.9
3207,USW00014819,"CHICAGO MIDWAY AIRPORT, IL US",41.78412,-87.75514,2019-11-21,2019-11-21,13.3,4.4
3208,USW00014819,"CHICAGO MIDWAY AIRPORT, IL US",41.78412,-87.75514,2019-11-22,2019-11-22,4.4,-1.6
3209,USW00014819,"CHICAGO MIDWAY AIRPORT, IL US",41.78412,-87.75514,2019-11-23,2019-11-23,5,-2.7
3210,USW00014819,"CHICAGO MIDWAY AIRPORT, IL US",41.78412,-87.75514,2019-11-24,2019-11-24,10,0.6
3211,USW00014819,"CHICAGO MIDWAY AIRPORT, IL US",41.78412,-87.75514,2019-11-25,2019-11-25,12.8,3.3
3212,USW00014819,"CHICAGO MIDWAY AIRPORT, IL US",41.78412,-87.75514,2019-11-26,2019-11-26,12.2,0.6
3213,USW00014819,"CHICAGO MIDWAY AIRPORT, IL US",41.78412,-87.75514,2019-11-27,2019-11-27,13.9,1.1
3214,USW00014819,"CHICAGO MIDWAY AIRPORT, IL US",41.78412,-87.75514,2019-11-28,2019-11-28,3.9,0
3215,USW00014819,"CHICAGO MIDWAY AIRPORT, IL US",41.78412,-87.75514,2019-11-29,2019-11-29,4.4,1.7
3216,USW00014819,"CHICAGO MIDWAY AIRPORT, IL US",41.78412,-87.75514,2019-11-30,2019-11-30,5,2.2
3217,USW00014819,"CHICAGO MIDWAY AIRPORT, IL US",41.78412,-87.75514,2019-12-01,2019-12-01,6.1,0.6
3218,USW00014819,"CHICAGO MIDWAY AIRPORT, IL US",41.78412,-87.75514,2019-12-02,2019-12-02,3.3,-0.5
3219,USW00014819,"CHICAGO MIDWAY AIRPORT, IL US",41.78412,-87.75514,2019-12-03,2019-12-03,4.4,-1
3220,USW00014819,"CHICAGO MIDWAY AIRPORT, IL US",41.78412,-87.75514,2019-12-04,2019-12-04,6.7,0
3221,USW00014819,"CHICAGO MIDWAY AIRPORT, IL US",41.78412,-87.75514,2019-12-05,2019-12-05,7.8,-2.1
3222,USW00014819,"CHICAGO MIDWAY AIRPORT, IL US",41.78412,-87.75514,2019-12-06,2019-12-06,6.1,-2.7
3223,USW00014819,"CHICAGO MIDWAY AIRPORT, IL US",41.78412,-87.75514,2019-12-07,2019-12-07,3.9,-3.8
3224,USW00014819,"CHICAGO MIDWAY AIRPORT, IL US",41.78412,-87.75514,2019-12-08,2019-12-08,8.9,1.7
3225,USW00014819,"CHICAGO MIDWAY AIRPORT, IL US",41.78412,-87.75514,2019-12-09,2019-12-09,9.4,-3.8
3226,USW00014819,"CHICAGO MIDWAY AIRPORT, IL US",41.78412,-87.75514,2019-12-10,2019-12-10,-3.8,-9.3
3227,USW00014819,"CHICAGO MIDWAY AIRPORT, IL US",41.78412,-87.75514,2019-12-11,2019-12-11,-3.8,-9.9
3228,USW00014819,"CHICAGO MIDWAY AIRPORT, IL US",41.78412,-87.75514,2019-12-12,2019-12-12,7.8,-6.6
3229,USW00014819,"CHICAGO MIDWAY AIRPORT, IL US",41.78412,-87.75514,2019-12-13,2019-12-13,7.2,1.1
3230,USW00014819,"CHICAGO MIDWAY AIRPORT, IL US",41.78412,-87.75514,2019-12-14,2019-12-14,2.2,-3.2
3231,USW00014819,"CHICAGO MIDWAY AIRPORT, IL US",41.78412,-87.75514,2019-12-15,2019-12-15,-2.7,-6.6
3232,USW00014819,"CHICAGO MIDWAY AIRPORT, IL US",41.78412,-87.75514,2019-12-16,2019-12-16,-0.5,-3.8
3233,USW00014819,"CHICAGO MIDWAY AIRPORT, IL US",41.78412,-87.75514,2019-12-17,2019-12-17,-0.5,-6.6
3234,USW00014819,"CHICAGO MIDWAY AIRPORT, IL US",41.78412,-87.75514,2019-12-18,2019-12-18,-1.6,-10.5
3235,USW00014819,"CHICAGO MIDWAY AIRPORT, IL US",41.78412,-87.75514,2019-12-19,2019-12-19,2.8,-8.8
3236,USW00014819,"CHICAGO MIDWAY AIRPORT, IL US",41.78412,-87.75514,2019-12-20,2019-12-20,5,-4.3
3237,USW00014819,"CHICAGO MIDWAY AIRPORT, IL US",41.78412,-87.75514,2019-12-21,2019-12-21,9.4,0
3238,USW00014819,"CHICAGO MIDWAY AIRPORT, IL US",41.78412,-87.75514,2019-12-22,2019-12-22,11.7,0
3239,USW00014819,"CHICAGO MIDWAY AIRPORT, IL US",41.78412,-87.75514,2019-12-23,2019-12-23,11.7,2.2
3240,USW00014819,"CHICAGO MIDWAY AIRPORT, IL US",41.78412,-87.75514,2019-12-24,2019-12-24,12.8,-2.1
3241,USW00014819,"CHICAGO MIDWAY AIRPORT, IL US",41.78412,-87.75514,2019-12-25,2019-12-25,16.1,4.4
3242,USW00014819,"CHICAGO MIDWAY AIRPORT, IL US",41.78412,-87.75514,2019-12-26,2019-12-26,16.7,4.4
3243,USW00014819,"CHICAGO MIDWAY AIRPORT, IL US",41.78412,-87.75514,2019-12-27,2019-12-27,4.4,-1
3244,USW00014819,"CHICAGO MIDWAY AIRPORT, IL US",41.78412,-87.75514,2019-12-28,2019-12-28,10.6,-0.5
3245,USW00014819,"CHICAGO MIDWAY AIRPORT, IL US",41.78412,-87.75514,2019-12-29,2019-12-29,14.4,8.9
3246,USW00014819,"CHICAGO MIDWAY AIRPORT, IL US",41.78412,-87.75514,2019-12-30,2019-12-30,8.9,-2.1
3247,USW00014819,"CHICAGO MIDWAY AIRPORT, IL US",41.78412,-87.75514,2019-12-31,2019-12-31,-1,-3.2
3248,USC00111550,"CHICAGO NORTHERLY ISLAND, IL US",41.8558,-87.6094,2020-01-01,2020-01-01,6.1,-4.4
3249,USC00111550,"CHICAGO NORTHERLY ISLAND, IL US",41.8558,-87.6094,2020-01-02,2020-01-02,9.4,3.3
3250,USC00111550,"CHICAGO NORTHERLY ISLAND, IL US",41.8558,-87.6094,2020-01-03,2020-01-03,6.7,1.1
3251,USC00111550,"CHICAGO NORTHERLY ISLAND, IL US",41.8558,-87.6094,2020-01-04,2020-01-04,1.7,-2.2
3252,USC00111550,"CHICAGO NORTHERLY ISLAND, IL US",41.8558,-87.6094,2020-01-05,2020-01-05,5.6,-3.9
3253,USC00111550,"CHICAGO NORTHERLY ISLAND, IL US",41.8558,-87.6094,2020-01-06,2020-01-06,6.1,-1.1
3254,USC00111550,"CHICAGO NORTHERLY ISLAND, IL US",41.8558,-87.6094,2020-01-07,2020-01-07,5,-0.6
3255,USC00111550,"CHICAGO NORTHERLY ISLAND, IL US",41.8558,-87.6094,2020-01-08,2020-01-08,-0.6,-8.3
3256,USC00111550,"CHICAGO NORTHERLY ISLAND, IL US",41.8558,-87.6094,2020-01-09,2020-01-09,10.6,-3.3
3257,USC00111550,"CHICAGO NORTHERLY ISLAND, IL US",41.8558,-87.6094,2020-01-10,2020-01-10,10,2.8
3258,USC00111550,"CHICAGO NORTHERLY ISLAND, IL US",41.8558,-87.6094,2020-01-11,2020-01-11,3.3,-2.8
3259,USC00111550,"CHICAGO NORTHERLY ISLAND, IL US",41.8558,-87.6094,2020-01-12,2020-01-12,0,-3.3
3260,USC00111550,"CHICAGO NORTHERLY ISLAND, IL US",41.8558,-87.6094,2020-01-13,2020-01-13,1.1,0
3261,USC00111550,"CHICAGO NORTHERLY ISLAND, IL US",41.8558,-87.6094,2020-01-14,2020-01-14,6.1,-0.6
3262,USC00111550,"CHICAGO NORTHERLY ISLAND, IL US",41.8558,-87.6094,2020-01-15,2020-01-15,2.8,-1.1
3263,USC00111550,"CHICAGO NORTHERLY ISLAND, IL US",41.8558,-87.6094,2020-01-16,2020-01-16,0,-7.8
3264,USC00111550,"CHICAGO NORTHERLY ISLAND, IL US",41.8558,-87.6094,2020-01-17,2020-01-17,-1.1,-6.7
3265,USC00111550,"CHICAGO NORTHERLY ISLAND, IL US",41.8558,-87.6094,2020-01-18,2020-01-18,2.8,-13.3
3266,USC00111550,"CHICAGO NORTHERLY ISLAND, IL US",41.8558,-87.6094,2020-01-19,2020-01-19,-4.4,-15.6
3267,USC00111550,"CHICAGO NORTHERLY ISLAND, IL US",41.8558,-87.6094,2020-01-20,2020-01-20,-0.6,-5.6
3268,USC00111550,"CHICAGO NORTHERLY ISLAND, IL US",41.8558,-87.6094,2020-01-21,2020-01-21,-0.6,-6.7
3269,USC00111550,"CHICAGO NORTHERLY ISLAND, IL US",41.8558,-87.6094,2020-01-22,2020-01-22,1.7,-3.9
3270,USC00111550,"CHICAGO NORTHERLY ISLAND, IL US",41.8558,-87.6094,2020-01-23,2020-01-23,1.1,-1.7
3271,USC00111550,"CHICAGO NORTHERLY ISLAND, IL US",41.8558,-87.6094,2020-01-24,2020-01-24,2.8,0.6
3272,USC00111550,"CHICAGO NORTHERLY ISLAND, IL US",41.8558,-87.6094,2020-01-25,2020-01-25,1.7,0.6
3273,USC00111550,"CHICAGO NORTHERLY ISLAND, IL US",41.8558,-87.6094,2020-01-26,2020-01-26,1.7,-2.2
3274,USC00111550,"CHICAGO NORTHERLY ISLAND, IL US",41.8558,-87.6094,2020-01-27,2020-01-27,1.7,-2.2
3275,USC00111550,"CHICAGO NORTHERLY ISLAND, IL US",41.8558,-87.6094,2020-01-28,2020-01-28,1.1,-1.1
3276,USC00111550,"CHICAGO NORTHERLY ISLAND, IL US",41.8558,-87.6094,2020-01-29,2020-01-29,0,-1.1
3277,USC00111550,"CHICAGO NORTHERLY ISLAND, IL US",41.8558,-87.6094,2020-01-30,2020-01-30,1.1,-1.1
3278,USC00111550,"CHICAGO NORTHERLY ISLAND, IL US",41.8558,-87.6094,2020-01-31,2020-01-31,2.2,-1.1
3279,USC00111550,"CHICAGO NORTHERLY ISLAND, IL US",41.8558,-87.6094,2020-02-01,2020-02-01,3.3,0
3280,USC00111550,"CHICAGO NORTHERLY ISLAND, IL US",41.8558,-87.6094,2020-02-02,2020-02-02,11.7,1.7
3281,USC00111550,"CHICAGO NORTHERLY ISLAND, IL US",41.8558,-87.6094,2020-02-03,2020-02-03,6.1,0.6
3282,USC00111550,"CHICAGO NORTHERLY ISLAND, IL US",41.8558,-87.6094,2020-02-04,2020-02-04,3.3,-1.1
3283,USC00111550,"CHICAGO NORTHERLY ISLAND, IL US",41.8558,-87.6094,2020-02-05,2020-02-05,-0.6,-2.8
3284,USC00111550,"CHICAGO NORTHERLY ISLAND, IL US",41.8558,-87.6094,2020-02-06,2020-02-06,-0.6,-2.8
3285,USC00111550,"CHICAGO NORTHERLY ISLAND, IL US",41.8558,-87.6094,2020-02-07,2020-02-07,3.3,-2.2
3286,USC00111550,"CHICAGO NORTHERLY ISLAND, IL US",41.8558,-87.6094,2020-02-08,2020-02-08,2.2,-2.2
3287,USC00111550,"CHICAGO NORTHERLY ISLAND, IL US",41.8558,-87.6094,2020-02-09,2020-02-09,2.2,-4.4
3288,USC00111550,"CHICAGO NORTHERLY ISLAND, IL US",41.8558,-87.6094,2020-02-10,2020-02-10,1.7,-2.8
3289,USC00111550,"CHICAGO NORTHERLY ISLAND, IL US",41.8558,-87.6094,2020-02-13,2020-02-13,0.6,-12.8
3290,USC00111550,"CHICAGO NORTHERLY ISLAND, IL US",41.8558,-87.6094,2020-02-14,2020-02-14,-8.9,-16.7
3291,USC00111550,"CHICAGO NORTHERLY ISLAND, IL US",41.8558,-87.6094,2020-02-15,2020-02-15,0.6,-13.3
3292,USC00111550,"CHICAGO NORTHERLY ISLAND, IL US",41.8558,-87.6094,2020-02-16,2020-02-16,2.2,-3.3
3293,USC00111550,"CHICAGO NORTHERLY ISLAND, IL US",41.8558,-87.6094,2020-02-17,2020-02-17,2.8,-1.7
3294,USC00111550,"CHICAGO NORTHERLY ISLAND, IL US",41.8558,-87.6094,2020-02-18,2020-02-18,3.9,-2.8
3295,USC00111550,"CHICAGO NORTHERLY ISLAND, IL US",41.8558,-87.6094,2020-02-19,2020-02-19,-2.8,-7.2
3296,USC00111550,"CHICAGO NORTHERLY ISLAND, IL US",41.8558,-87.6094,2020-02-20,2020-02-20,-5,-10.6
3297,USC00111550,"CHICAGO NORTHERLY ISLAND, IL US",41.8558,-87.6094,2020-02-22,2020-02-22,10,-2.8
3298,USC00111550,"CHICAGO NORTHERLY ISLAND, IL US",41.8558,-87.6094,2020-02-23,2020-02-23,12.8,1.1
3299,USC00111550,"CHICAGO NORTHERLY ISLAND, IL US",41.8558,-87.6094,2020-02-24,2020-02-24,7.2,1.7
3300,USC00111550,"CHICAGO NORTHERLY ISLAND, IL US",41.8558,-87.6094,2020-02-25,2020-02-25,2.8,-0.6
3301,USC00111550,"CHICAGO NORTHERLY ISLAND, IL US",41.8558,-87.6094,2020-02-27,2020-02-27,-0.6,-5
3302,USC00111550,"CHICAGO NORTHERLY ISLAND, IL US",41.8558,-87.6094,2020-02-28,2020-02-28,-1.1,-6.7
3303,USC00111550,"CHICAGO NORTHERLY ISLAND, IL US",41.8558,-87.6094,2020-02-29,2020-02-29,2.8,-7.2
3304,USC00111550,"CHICAGO NORTHERLY ISLAND, IL US",41.8558,-87.6094,2020-03-01,2020-03-01,13.9,-0.6
3305,USC00111550,"CHICAGO NORTHERLY ISLAND, IL US",41.8558,-87.6094,2020-03-02,2020-03-02,10.6,0.6
3306,USC00111550,"CHICAGO NORTHERLY ISLAND, IL US",41.8558,-87.6094,2020-03-03,2020-03-03,8.9,0.6
3307,USC00111550,"CHICAGO NORTHERLY ISLAND, IL US",41.8558,-87.6094,2020-03-04,2020-03-04,6.7,1.7
3308,USC00111550,"CHICAGO NORTHERLY ISLAND, IL US",41.8558,-87.6094,2020-03-05,2020-03-05,10.6,0.6
3309,USC00111550,"CHICAGO NORTHERLY ISLAND, IL US",41.8558,-87.6094,2020-03-06,2020-03-06,2.2,-1.1
3310,USC00111550,"CHICAGO NORTHERLY ISLAND, IL US",41.8558,-87.6094,2020-03-07,2020-03-07,10.6,-2.2
3311,USC00111550,"CHICAGO NORTHERLY ISLAND, IL US",41.8558,-87.6094,2020-03-08,2020-03-08,18.3,5.6
3312,USC00111550,"CHICAGO NORTHERLY ISLAND, IL US",41.8558,-87.6094,2020-03-09,2020-03-09,15,8.9
3313,USC00111550,"CHICAGO NORTHERLY ISLAND, IL US",41.8558,-87.6094,2020-03-10,2020-03-10,11.1,0
3314,USC00111550,"CHICAGO NORTHERLY ISLAND, IL US",41.8558,-87.6094,2020-03-11,2020-03-11,6.1,1.1
3315,USC00111550,"CHICAGO NORTHERLY ISLAND, IL US",41.8558,-87.6094,2020-03-12,2020-03-12,13.3,3.3
3316,USC00111550,"CHICAGO NORTHERLY ISLAND, IL US",41.8558,-87.6094,2020-03-13,2020-03-13,9.4,1.7
3317,USC00111550,"CHICAGO NORTHERLY ISLAND, IL US",41.8558,-87.6094,2020-03-14,2020-03-14,4.4,0.6
3318,USC00111550,"CHICAGO NORTHERLY ISLAND, IL US",41.8558,-87.6094,2020-03-15,2020-03-15,3.9,0.6
3319,USC00111550,"CHICAGO NORTHERLY ISLAND, IL US",41.8558,-87.6094,2020-03-16,2020-03-16,4.4,1.1
3320,USC00111550,"CHICAGO NORTHERLY ISLAND, IL US",41.8558,-87.6094,2020-03-17,2020-03-17,5.6,1.7
3321,USC00111550,"CHICAGO NORTHERLY ISLAND, IL US",41.8558,-87.6094,2020-03-18,2020-03-18,6.7,2.8
3322,USC00111550,"CHICAGO NORTHERLY ISLAND, IL US",41.8558,-87.6094,2020-03-19,2020-03-19,17.2,2.8
3323,USC00111550,"CHICAGO NORTHERLY ISLAND, IL US",41.8558,-87.6094,2020-03-20,2020-03-20,17.2,-1.7
3324,USC00111550,"CHICAGO NORTHERLY ISLAND, IL US",41.8558,-87.6094,2020-03-21,2020-03-21,-1.1,-3.3
3325,USC00111550,"CHICAGO NORTHERLY ISLAND, IL US",41.8558,-87.6094,2020-03-22,2020-03-22,1.7,-1.1
3326,USC00111550,"CHICAGO NORTHERLY ISLAND, IL US",41.8558,-87.6094,2020-03-23,2020-03-23,3.3,0
3327,USC00111550,"CHICAGO NORTHERLY ISLAND, IL US",41.8558,-87.6094,2020-03-24,2020-03-24,4.4,1.1
3328,USC00111550,"CHICAGO NORTHERLY ISLAND, IL US",41.8558,-87.6094,2020-03-25,2020-03-25,12.8,0
3329,USC00111550,"CHICAGO NORTHERLY ISLAND, IL US",41.8558,-87.6094,2020-03-26,2020-03-26,10.6,2.2
3330,USC00111550,"CHICAGO NORTHERLY ISLAND, IL US",41.8558,-87.6094,2020-03-27,2020-03-27,6.1,2.2
3331,USC00111550,"CHICAGO NORTHERLY ISLAND, IL US",41.8558,-87.6094,2020-03-28,2020-03-28,18.9,5
3332,USC00111550,"CHICAGO NORTHERLY ISLAND, IL US",41.8558,-87.6094,2020-03-29,2020-03-29,16.7,6.1
3333,USC00111550,"CHICAGO NORTHERLY ISLAND, IL US",41.8558,-87.6094,2020-03-30,2020-03-30,8.9,2.8
3334,USC00111550,"CHICAGO NORTHERLY ISLAND, IL US",41.8558,-87.6094,2020-03-31,2020-03-31,5.6,2.2
3335,USC00111550,"CHICAGO NORTHERLY ISLAND, IL US",41.8558,-87.6094,2020-04-01,2020-04-01,7.8,0
3336,USC00111550,"CHICAGO NORTHERLY ISLAND, IL US",41.8558,-87.6094,2020-04-02,2020-04-02,8.3,0
3337,USC00111550,"CHICAGO NORTHERLY ISLAND, IL US",41.8558,-87.6094,2020-04-03,2020-04-03,15,4.4
3338,USC00111550,"CHICAGO NORTHERLY ISLAND, IL US",41.8558,-87.6094,2020-04-04,2020-04-04,13.3,2.2
3339,USC00111550,"CHICAGO NORTHERLY ISLAND, IL US",41.8558,-87.6094,2020-04-05,2020-04-05,6.7,2.8
3340,USC00111550,"CHICAGO NORTHERLY ISLAND, IL US",41.8558,-87.6094,2020-04-06,2020-04-06,11.1,2.2
3341,USC00111550,"CHICAGO NORTHERLY ISLAND, IL US",41.8558,-87.6094,2020-04-07,2020-04-07,25.6,10.6
3342,USC00111550,"CHICAGO NORTHERLY ISLAND, IL US",41.8558,-87.6094,2020-04-08,2020-04-08,10.6,7.2
3343,USC00111550,"CHICAGO NORTHERLY ISLAND, IL US",41.8558,-87.6094,2020-04-09,2020-04-09,9.4,2.8
3344,USC00111550,"CHICAGO NORTHERLY ISLAND, IL US",41.8558,-87.6094,2020-04-10,2020-04-10,6.7,1.7
3345,USC00111550,"CHICAGO NORTHERLY ISLAND, IL US",41.8558,-87.6094,2020-04-11,2020-04-11,17.8,5.6
3346,USC00111550,"CHICAGO NORTHERLY ISLAND, IL US",41.8558,-87.6094,2020-04-12,2020-04-12,16.1,8.3
3347,USC00111550,"CHICAGO NORTHERLY ISLAND, IL US",41.8558,-87.6094,2020-04-13,2020-04-13,12.8,2.2
3348,USC00111550,"CHICAGO NORTHERLY ISLAND, IL US",41.8558,-87.6094,2020-04-14,2020-04-14,4.4,-0.6
3349,USC00111550,"CHICAGO NORTHERLY ISLAND, IL US",41.8558,-87.6094,2020-04-15,2020-04-15,2.8,-2.8
3350,USC00111550,"CHICAGO NORTHERLY ISLAND, IL US",41.8558,-87.6094,2020-04-16,2020-04-16,7.2,-1.1
3351,USC00111550,"CHICAGO NORTHERLY ISLAND, IL US",41.8558,-87.6094,2020-04-17,2020-04-17,5.6,0.6
3352,USC00111550,"CHICAGO NORTHERLY ISLAND, IL US",41.8558,-87.6094,2020-04-18,2020-04-18,13.9,1.7
3353,USC00111550,"CHICAGO NORTHERLY ISLAND, IL US",41.8558,-87.6094,2020-04-19,2020-04-19,14.4,4.4
3354,USC00111550,"CHICAGO NORTHERLY ISLAND, IL US",41.8558,-87.6094,2020-04-20,2020-04-20,17.2,4.4
3355,USC00111550,"CHICAGO NORTHERLY ISLAND, IL US",41.8558,-87.6094,2020-04-21,2020-04-21,10,2.8
3356,USC00111550,"CHICAGO NORTHERLY ISLAND, IL US",41.8558,-87.6094,2020-04-22,2020-04-22,15,4.4
3357,USC00111550,"CHICAGO NORTHERLY ISLAND, IL US",41.8558,-87.6094,2020-04-23,2020-04-23,10,5
3358,USC00111550,"CHICAGO NORTHERLY ISLAND, IL US",41.8558,-87.6094,2020-04-24,2020-04-24,6.1,4.4
3359,USC00111550,"CHICAGO NORTHERLY ISLAND, IL US",41.8558,-87.6094,2020-04-25,2020-04-25,6.7,4.4
3360,USC00111550,"CHICAGO NORTHERLY ISLAND, IL US",41.8558,-87.6094,2020-04-26,2020-04-26,13.9,6.1
3361,USC00111550,"CHICAGO NORTHERLY ISLAND, IL US",41.8558,-87.6094,2020-04-27,2020-04-27,18.9,6.1
3362,USC00111550,"CHICAGO NORTHERLY ISLAND, IL US",41.8558,-87.6094,2020-04-28,2020-04-28,22.8,8.9
3363,USC00111550,"CHICAGO NORTHERLY ISLAND, IL US",41.8558,-87.6094,2020-04-29,2020-04-29,15.6,5.6
3364,USC00111550,"CHICAGO NORTHERLY ISLAND, IL US",41.8558,-87.6094,2020-04-30,2020-04-30,9.4,5
3365,USC00111550,"CHICAGO NORTHERLY ISLAND, IL US",41.8558,-87.6094,2020-05-01,2020-05-01,14.4,6.1
3366,USC00111550,"CHICAGO NORTHERLY ISLAND, IL US",41.8558,-87.6094,2020-05-02,2020-05-02,24.4,14.4
3367,USC00111550,"CHICAGO NORTHERLY ISLAND, IL US",41.8558,-87.6094,2020-05-03,2020-05-03,20,7.2
3368,USC00111550,"CHICAGO NORTHERLY ISLAND, IL US",41.8558,-87.6094,2020-05-04,2020-05-04,7.2,3.9
3369,USC00111550,"CHICAGO NORTHERLY ISLAND, IL US",41.8558,-87.6094,2020-05-05,2020-05-05,7.8,5.6
3370,USC00111550,"CHICAGO NORTHERLY ISLAND, IL US",41.8558,-87.6094,2020-05-06,2020-05-06,13.3,5.6
3371,USC00111550,"CHICAGO NORTHERLY ISLAND, IL US",41.8558,-87.6094,2020-05-07,2020-05-07,16.7,5.6
3372,USC00111550,"CHICAGO NORTHERLY ISLAND, IL US",41.8558,-87.6094,2020-05-08,2020-05-08,6.7,1.1
3373,USC00111550,"CHICAGO NORTHERLY ISLAND, IL US",41.8558,-87.6094,2020-05-13,2020-05-13,18.3,7.2
3374,USC00111550,"CHICAGO NORTHERLY ISLAND, IL US",41.8558,-87.6094,2020-05-14,2020-05-14,22.2,11.1
3375,USC00111550,"CHICAGO NORTHERLY ISLAND, IL US",41.8558,-87.6094,2020-05-15,2020-05-15,20,10
3376,USC00111550,"CHICAGO NORTHERLY ISLAND, IL US",41.8558,-87.6094,2020-05-16,2020-05-16,12.2,8.9
3377,USC00111550,"CHICAGO NORTHERLY ISLAND, IL US",41.8558,-87.6094,2020-05-17,2020-05-17,18.3,10.6
3378,USC00111550,"CHICAGO NORTHERLY ISLAND, IL US",41.8558,-87.6094,2020-05-18,2020-05-18,15,9.4
3379,USC00111550,"CHICAGO NORTHERLY ISLAND, IL US",41.8558,-87.6094,2020-05-19,2020-05-19,12.2,9.4
3380,USC00111550,"CHICAGO NORTHERLY ISLAND, IL US",41.8558,-87.6094,2020-05-20,2020-05-20,13.9,10
3381,USC00111550,"CHICAGO NORTHERLY ISLAND, IL US",41.8558,-87.6094,2020-05-21,2020-05-21,15.6,10
3382,USC00111550,"CHICAGO NORTHERLY ISLAND, IL US",41.8558,-87.6094,2020-05-22,2020-05-22,15,11.1
3383,USC00111550,"CHICAGO NORTHERLY ISLAND, IL US",41.8558,-87.6094,2020-05-23,2020-05-23,20,10
3384,USC00111550,"CHICAGO NORTHERLY ISLAND, IL US",41.8558,-87.6094,2020-05-24,2020-05-24,26.1,15
3385,USC00111550,"CHICAGO NORTHERLY ISLAND, IL US",41.8558,-87.6094,2020-05-25,2020-05-25,27.8,20.6
3386,USC00111550,"CHICAGO NORTHERLY ISLAND, IL US",41.8558,-87.6094,2020-05-26,2020-05-26,26.1,16.7
3387,USC00111550,"CHICAGO NORTHERLY ISLAND, IL US",41.8558,-87.6094,2020-05-27,2020-05-27,24.4,17.8
3388,USC00111550,"CHICAGO NORTHERLY ISLAND, IL US",41.8558,-87.6094,2020-05-28,2020-05-28,27.2,15
3389,USC00111550,"CHICAGO NORTHERLY ISLAND, IL US",41.8558,-87.6094,2020-05-29,2020-05-29,23.3,13.3
3390,USC00111550,"CHICAGO NORTHERLY ISLAND, IL US",41.8558,-87.6094,2020-05-30,2020-05-30,17.2,12.2
3391,USC00111550,"CHICAGO NORTHERLY ISLAND, IL US",41.8558,-87.6094,2020-05-31,2020-05-31,14.4,11.1
3392,USC00111550,"CHICAGO NORTHERLY ISLAND, IL US",41.8558,-87.6094,2020-06-01,2020-06-01,23.9,12.8
3393,USC00111550,"CHICAGO NORTHERLY ISLAND, IL US",41.8558,-87.6094,2020-06-02,2020-06-02,33.3,19.4
3394,USC00111550,"CHICAGO NORTHERLY ISLAND, IL US",41.8558,-87.6094,2020-06-03,2020-06-03,24.4,16.1
3395,USC00111550,"CHICAGO NORTHERLY ISLAND, IL US",41.8558,-87.6094,2020-06-04,2020-06-04,25.6,17.2
3396,USC00111550,"CHICAGO NORTHERLY ISLAND, IL US",41.8558,-87.6094,2020-06-05,2020-06-05,30.6,16.7
3397,USC00111550,"CHICAGO NORTHERLY ISLAND, IL US",41.8558,-87.6094,2020-06-06,2020-06-06,21.7,13.9
3398,USC00111550,"CHICAGO NORTHERLY ISLAND, IL US",41.8558,-87.6094,2020-06-07,2020-06-07,20.6,13.3
3399,USC00111550,"CHICAGO NORTHERLY ISLAND, IL US",41.8558,-87.6094,2020-06-08,2020-06-08,24.4,15.6
3400,USC00111550,"CHICAGO NORTHERLY ISLAND, IL US",41.8558,-87.6094,2020-06-09,2020-06-09,26.1,18.3
3401,USC00111550,"CHICAGO NORTHERLY ISLAND, IL US",41.8558,-87.6094,2020-06-10,2020-06-10,28.3,16.7
3402,USC00111550,"CHICAGO NORTHERLY ISLAND, IL US",41.8558,-87.6094,2020-06-11,2020-06-11,26.7,16.1
3403,USC00111550,"CHICAGO NORTHERLY ISLAND, IL US",41.8558,-87.6094,2020-06-12,2020-06-12,22.8,11.7
3404,USC00111550,"CHICAGO NORTHERLY ISLAND, IL US",41.8558,-87.6094,2020-06-13,2020-06-13,16.7,10.6
3405,USC00111550,"CHICAGO NORTHERLY ISLAND, IL US",41.8558,-87.6094,2020-06-14,2020-06-14,17.2,12.8
3406,USC00111550,"CHICAGO NORTHERLY ISLAND, IL US",41.8558,-87.6094,2020-06-15,2020-06-15,19.4,12.8
3407,USC00111550,"CHICAGO NORTHERLY ISLAND, IL US",41.8558,-87.6094,2020-06-16,2020-06-16,21.7,13.9
3408,USC00111550,"CHICAGO NORTHERLY ISLAND, IL US",41.8558,-87.6094,2020-06-17,2020-06-17,23.9,16.1
3409,USC00111550,"CHICAGO NORTHERLY ISLAND, IL US",41.8558,-87.6094,2020-06-18,2020-06-18,23.9,17.2
3410,USC00111550,"CHICAGO NORTHERLY ISLAND, IL US",41.8558,-87.6094,2020-06-19,2020-06-19,27.2,18.3
3411,USC00111550,"CHICAGO NORTHERLY ISLAND, IL US",41.8558,-87.6094,2020-06-20,2020-06-20,32.2,20.6
3412,USC00111550,"CHICAGO NORTHERLY ISLAND, IL US",41.8558,-87.6094,2020-06-21,2020-06-21,24.4,18.9
3413,USC00111550,"CHICAGO NORTHERLY ISLAND, IL US",41.8558,-87.6094,2020-06-22,2020-06-22,28.3,17.8
3414,USC00111550,"CHICAGO NORTHERLY ISLAND, IL US",41.8558,-87.6094,2020-06-23,2020-06-23,25,15.6
3415,USC00111550,"CHICAGO NORTHERLY ISLAND, IL US",41.8558,-87.6094,2020-06-24,2020-06-24,23.9,15.6
3416,USC00111550,"CHICAGO NORTHERLY ISLAND, IL US",41.8558,-87.6094,2020-06-25,2020-06-25,23.3,17.8
3417,USC00111550,"CHICAGO NORTHERLY ISLAND, IL US",41.8558,-87.6094,2020-06-26,2020-06-26,28.9,20
3418,USC00111550,"CHICAGO NORTHERLY ISLAND, IL US",41.8558,-87.6094,2020-06-27,2020-06-27,29.4,21.7
3419,USC00111550,"CHICAGO NORTHERLY ISLAND, IL US",41.8558,-87.6094,2020-06-28,2020-06-28,24.4,18.3
3420,USC00111550,"CHICAGO NORTHERLY ISLAND, IL US",41.8558,-87.6094,2020-06-29,2020-06-29,26.7,19.4
3421,USC00111550,"CHICAGO NORTHERLY ISLAND, IL US",41.8558,-87.6094,2020-06-30,2020-06-30,26.7,20
3422,USC00111550,"CHICAGO NORTHERLY ISLAND, IL US",41.8558,-87.6094,2020-07-01,2020-07-01,26.1,20
3423,USC00111550,"CHICAGO NORTHERLY ISLAND, IL US",41.8558,-87.6094,2020-07-02,2020-07-02,27.2,20.6
3424,USC00111550,"CHICAGO NORTHERLY ISLAND, IL US",41.8558,-87.6094,2020-07-03,2020-07-03,26.7,20.6
3425,USC00111550,"CHICAGO NORTHERLY ISLAND, IL US",41.8558,-87.6094,2020-07-04,2020-07-04,27.2,22.2
3426,USC00111550,"CHICAGO NORTHERLY ISLAND, IL US",41.8558,-87.6094,2020-07-05,2020-07-05,27.2,22.2
3427,USC00111550,"CHICAGO NORTHERLY ISLAND, IL US",41.8558,-87.6094,2020-07-06,2020-07-06,29.4,23.9
3428,USC00111550,"CHICAGO NORTHERLY ISLAND, IL US",41.8558,-87.6094,2020-07-07,2020-07-07,32.2,22.8
3429,USC00111550,"CHICAGO NORTHERLY ISLAND, IL US",41.8558,-87.6094,2020-07-08,2020-07-08,28.3,23.3
3430,USC00111550,"CHICAGO NORTHERLY ISLAND, IL US",41.8558,-87.6094,2020-07-09,2020-07-09,33.3,21.7
3431,USC00111550,"CHICAGO NORTHERLY ISLAND, IL US",41.8558,-87.6094,2020-07-10,2020-07-10,29.4,21.7
3432,USC00111550,"CHICAGO NORTHERLY ISLAND, IL US",41.8558,-87.6094,2020-07-11,2020-07-11,28.9,22.8
3433,USC00111550,"CHICAGO NORTHERLY ISLAND, IL US",41.8558,-87.6094,2020-07-12,2020-07-12,26.1,20
3434,USC00111550,"CHICAGO NORTHERLY ISLAND, IL US",41.8558,-87.6094,2020-07-13,2020-07-13,24.4,19.4
3435,USC00111550,"CHICAGO NORTHERLY ISLAND, IL US",41.8558,-87.6094,2020-07-14,2020-07-14,28.9,20
3436,USC00111550,"CHICAGO NORTHERLY ISLAND, IL US",41.8558,-87.6094,2020-07-15,2020-07-15,30.6,19.4
3437,USC00111550,"CHICAGO NORTHERLY ISLAND, IL US",41.8558,-87.6094,2020-07-16,2020-07-16,25.6,20
3438,USC00111550,"CHICAGO NORTHERLY ISLAND, IL US",41.8558,-87.6094,2020-07-17,2020-07-17,30.6,20
3439,USC00111550,"CHICAGO NORTHERLY ISLAND, IL US",41.8558,-87.6094,2020-07-18,2020-07-18,32.2,24.4
3440,USC00111550,"CHICAGO NORTHERLY ISLAND, IL US",41.8558,-87.6094,2020-07-19,2020-07-19,28.3,20.6
3441,USC00111550,"CHICAGO NORTHERLY ISLAND, IL US",41.8558,-87.6094,2020-07-20,2020-07-20,26.1,20.6
3442,USC00111550,"CHICAGO NORTHERLY ISLAND, IL US",41.8558,-87.6094,2020-07-21,2020-07-21,25,21.7
3443,USC00111550,"CHICAGO NORTHERLY ISLAND, IL US",41.8558,-87.6094,2020-07-25,2020-07-25,30,21.7
3444,USC00111550,"CHICAGO NORTHERLY ISLAND, IL US",41.8558,-87.6094,2020-07-26,2020-07-26,34.4,24.4
3445,USC00111550,"CHICAGO NORTHERLY ISLAND, IL US",41.8558,-87.6094,2020-07-27,2020-07-27,29.4,23.9
3446,USC00111550,"CHICAGO NORTHERLY ISLAND, IL US",41.8558,-87.6094,2020-07-28,2020-07-28,30.6,21.7
3447,USC00111550,"CHICAGO NORTHERLY ISLAND, IL US",41.8558,-87.6094,2020-07-29,2020-07-29,30.6,22.8
3448,USC00111550,"CHICAGO NORTHERLY ISLAND, IL US",41.8558,-87.6094,2020-07-30,2020-07-30,26.1,21.7
3449,USC00111550,"CHICAGO NORTHERLY ISLAND, IL US",41.8558,-87.6094,2020-07-31,2020-07-31,26.1,21.7
3450,USC00111550,"CHICAGO NORTHERLY ISLAND, IL US",41.8558,-87.6094,2020-08-01,2020-08-01,24.4,18.3
3451,USC00111550,"CHICAGO NORTHERLY ISLAND, IL US",41.8558,-87.6094,2020-08-02,2020-08-02,27.8,17.8
3452,USC00111550,"CHICAGO NORTHERLY ISLAND, IL US",41.8558,-87.6094,2020-08-03,2020-08-03,22.2,17.8
3453,USC00111550,"CHICAGO NORTHERLY ISLAND, IL US",41.8558,-87.6094,2020-08-04,2020-08-04,21.7,16.7
3454,USC00111550,"CHICAGO NORTHERLY ISLAND, IL US",41.8558,-87.6094,2020-08-05,2020-08-05,23.9,16.1
3455,USC00111550,"CHICAGO NORTHERLY ISLAND, IL US",41.8558,-87.6094,2020-08-06,2020-08-06,24.4,19.4
3456,USC00111550,"CHICAGO NORTHERLY ISLAND, IL US",41.8558,-87.6094,2020-08-07,2020-08-07,25,18.3
3457,USC00111550,"CHICAGO NORTHERLY ISLAND, IL US",41.8558,-87.6094,2020-08-08,2020-08-08,29.4,20
3458,USC00111550,"CHICAGO NORTHERLY ISLAND, IL US",41.8558,-87.6094,2020-08-09,2020-08-09,31.7,21.7
3459,USC00111550,"CHICAGO NORTHERLY ISLAND, IL US",41.8558,-87.6094,2020-08-10,2020-08-10,31.1,20
3460,USC00111550,"CHICAGO NORTHERLY ISLAND, IL US",41.8558,-87.6094,2020-08-11,2020-08-11,25,19.4
3461,USC00111550,"CHICAGO NORTHERLY ISLAND, IL US",41.8558,-87.6094,2020-08-12,2020-08-12,25.6,18.3
3462,USC00111550,"CHICAGO NORTHERLY ISLAND, IL US",41.8558,-87.6094,2020-08-13,2020-08-13,25.6,21.7
3463,USC00111550,"CHICAGO NORTHERLY ISLAND, IL US",41.8558,-87.6094,2020-08-14,2020-08-14,27.8,21.7
3464,USC00111550,"CHICAGO NORTHERLY ISLAND, IL US",41.8558,-87.6094,2020-08-15,2020-08-15,28.3,21.7
3465,USC00111550,"CHICAGO NORTHERLY ISLAND, IL US",41.8558,-87.6094,2020-08-16,2020-08-16,25.6,19.4
3466,USC00111550,"CHICAGO NORTHERLY ISLAND, IL US",41.8558,-87.6094,2020-08-17,2020-08-17,25.6,21.1
3467,USC00111550,"CHICAGO NORTHERLY ISLAND, IL US",41.8558,-87.6094,2020-08-18,2020-08-18,23.9,20
3468,USC00111550,"CHICAGO NORTHERLY ISLAND, IL US",41.8558,-87.6094,2020-08-19,2020-08-19,23.9,19.4
3469,USC00111550,"CHICAGO NORTHERLY ISLAND, IL US",41.8558,-87.6094,2020-08-20,2020-08-20,28.3,18.9
3470,USC00111550,"CHICAGO NORTHERLY ISLAND, IL US",41.8558,-87.6094,2020-08-21,2020-08-21,28.3,21.1
3471,USC00111550,"CHICAGO NORTHERLY ISLAND, IL US",41.8558,-87.6094,2020-08-22,2020-08-22,30,21.7
3472,USC00111550,"CHICAGO NORTHERLY ISLAND, IL US",41.8558,-87.6094,2020-08-23,2020-08-23,32.2,21.7
3473,USC00111550,"CHICAGO NORTHERLY ISLAND, IL US",41.8558,-87.6094,2020-08-24,2020-08-24,34.4,23.3
3474,USC00111550,"CHICAGO NORTHERLY ISLAND, IL US",41.8558,-87.6094,2020-08-25,2020-08-25,30.6,22.8
3475,USC00111550,"CHICAGO NORTHERLY ISLAND, IL US",41.8558,-87.6094,2020-08-26,2020-08-26,32.8,22.8
3476,USC00111550,"CHICAGO NORTHERLY ISLAND, IL US",41.8558,-87.6094,2020-08-27,2020-08-27,33.9,25
3477,USC00111550,"CHICAGO NORTHERLY ISLAND, IL US",41.8558,-87.6094,2020-08-28,2020-08-28,33.9,24.4
3478,USC00111550,"CHICAGO NORTHERLY ISLAND, IL US",41.8558,-87.6094,2020-08-29,2020-08-29,27.8,21.7
3479,USC00111550,"CHICAGO NORTHERLY ISLAND, IL US",41.8558,-87.6094,2020-08-30,2020-08-30,23.9,18.9
3480,USC00111550,"CHICAGO NORTHERLY ISLAND, IL US",41.8558,-87.6094,2020-08-31,2020-08-31,28.3,18.9
3481,USC00111550,"CHICAGO NORTHERLY ISLAND, IL US",41.8558,-87.6094,2020-09-01,2020-09-01,22.2,20
3482,USC00111550,"CHICAGO NORTHERLY ISLAND, IL US",41.8558,-87.6094,2020-09-02,2020-09-02,29.4,21.1
3483,USC00111550,"CHICAGO NORTHERLY ISLAND, IL US",41.8558,-87.6094,2020-09-03,2020-09-03,30,18.9
3484,USC00111550,"CHICAGO NORTHERLY ISLAND, IL US",41.8558,-87.6094,2020-09-04,2020-09-04,25.6,15.6
3485,USC00111550,"CHICAGO NORTHERLY ISLAND, IL US",41.8558,-87.6094,2020-09-05,2020-09-05,27.8,18.3
3486,USC00111550,"CHICAGO NORTHERLY ISLAND, IL US",41.8558,-87.6094,2020-09-06,2020-09-06,27.2,15
3487,USC00111550,"CHICAGO NORTHERLY ISLAND, IL US",41.8558,-87.6094,2020-09-07,2020-09-07,25,17.8
3488,USC00111550,"CHICAGO NORTHERLY ISLAND, IL US",41.8558,-87.6094,2020-09-08,2020-09-08,18.9,15.6
3489,USC00111550,"CHICAGO NORTHERLY ISLAND, IL US",41.8558,-87.6094,2020-09-09,2020-09-09,18.3,15.6
3490,USC00111550,"CHICAGO NORTHERLY ISLAND, IL US",41.8558,-87.6094,2020-09-10,2020-09-10,18.9,15.6
3491,USC00111550,"CHICAGO NORTHERLY ISLAND, IL US",41.8558,-87.6094,2020-09-11,2020-09-11,19.4,16.1
3492,USC00111550,"CHICAGO NORTHERLY ISLAND, IL US",41.8558,-87.6094,2020-09-12,2020-09-12,21.7,17.8
3493,USC00111550,"CHICAGO NORTHERLY ISLAND, IL US",41.8558,-87.6094,2020-09-13,2020-09-13,21.1,16.7
3494,USC00111550,"CHICAGO NORTHERLY ISLAND, IL US",41.8558,-87.6094,2020-09-14,2020-09-14,21.1,15.6
3495,USC00111550,"CHICAGO NORTHERLY ISLAND, IL US",41.8558,-87.6094,2020-09-15,2020-09-15,25.6,15.6
3496,USC00111550,"CHICAGO NORTHERLY ISLAND, IL US",41.8558,-87.6094,2020-09-16,2020-09-16,28.3,17.2
3497,USC00111550,"CHICAGO NORTHERLY ISLAND, IL US",41.8558,-87.6094,2020-09-17,2020-09-17,20,15.6
3498,USC00111550,"CHICAGO NORTHERLY ISLAND, IL US",41.8558,-87.6094,2020-09-18,2020-09-18,16.7,11.7
3499,USC00111550,"CHICAGO NORTHERLY ISLAND, IL US",41.8558,-87.6094,2020-09-19,2020-09-19,16.7,8.9
3500,USC00111550,"CHICAGO NORTHERLY ISLAND, IL US",41.8558,-87.6094,2020-09-20,2020-09-20,20,11.1
3501,USC00111550,"CHICAGO NORTHERLY ISLAND, IL US",41.8558,-87.6094,2020-09-21,2020-09-21,22.2,11.7
3502,USC00111550,"CHICAGO NORTHERLY ISLAND, IL US",41.8558,-87.6094,2020-09-22,2020-09-22,26.1,13.9
3503,USC00111550,"CHICAGO NORTHERLY ISLAND, IL US",41.8558,-87.6094,2020-09-23,2020-09-23,25.6,16.7
3504,USC00111550,"CHICAGO NORTHERLY ISLAND, IL US",41.8558,-87.6094,2020-09-24,2020-09-24,25.6,14.4
3505,USC00111550,"CHICAGO NORTHERLY ISLAND, IL US",41.8558,-87.6094,2020-09-25,2020-09-25,26.7,17.2
3506,USC00111550,"CHICAGO NORTHERLY ISLAND, IL US",41.8558,-87.6094,2020-09-26,2020-09-26,25,17.2
3507,USC00111550,"CHICAGO NORTHERLY ISLAND, IL US",41.8558,-87.6094,2020-09-27,2020-09-27,24.4,12.2
3508,USC00111550,"CHICAGO NORTHERLY ISLAND, IL US",41.8558,-87.6094,2020-09-28,2020-09-28,16.1,11.7
3509,USC00111550,"CHICAGO NORTHERLY ISLAND, IL US",41.8558,-87.6094,2020-09-29,2020-09-29,15.6,8.9
3510,USC00111550,"CHICAGO NORTHERLY ISLAND, IL US",41.8558,-87.6094,2020-09-30,2020-09-30,18.3,11.1
3511,USC00111550,"CHICAGO NORTHERLY ISLAND, IL US",41.8558,-87.6094,2020-10-01,2020-10-01,14.4,10
3512,USC00111550,"CHICAGO NORTHERLY ISLAND, IL US",41.8558,-87.6094,2020-10-02,2020-10-02,12.2,7.8
3513,USC00111550,"CHICAGO NORTHERLY ISLAND, IL US",41.8558,-87.6094,2020-10-03,2020-10-03,14.4,7.8
3514,USC00111550,"CHICAGO NORTHERLY ISLAND, IL US",41.8558,-87.6094,2020-10-04,2020-10-04,13.3,6.7
3515,USC00111550,"CHICAGO NORTHERLY ISLAND, IL US",41.8558,-87.6094,2020-10-05,2020-10-05,16.7,6.7
3516,USC00111550,"CHICAGO NORTHERLY ISLAND, IL US",41.8558,-87.6094,2020-10-06,2020-10-06,23.3,11.1
3517,USC00111550,"CHICAGO NORTHERLY ISLAND, IL US",41.8558,-87.6094,2020-10-07,2020-10-07,22.2,12.2
3518,USC00111550,"CHICAGO NORTHERLY ISLAND, IL US",41.8558,-87.6094,2020-10-08,2020-10-08,18.9,12.2
3519,USC00111550,"CHICAGO NORTHERLY ISLAND, IL US",41.8558,-87.6094,2020-10-09,2020-10-09,27.2,12.2
3520,USC00111550,"CHICAGO NORTHERLY ISLAND, IL US",41.8558,-87.6094,2020-10-10,2020-10-10,23.9,13.3
3521,USC00111550,"CHICAGO NORTHERLY ISLAND, IL US",41.8558,-87.6094,2020-10-16,2020-10-16,12.2,3.9
3522,USC00111550,"CHICAGO NORTHERLY ISLAND, IL US",41.8558,-87.6094,2020-10-17,2020-10-17,17.8,5
3523,USC00111550,"CHICAGO NORTHERLY ISLAND, IL US",41.8558,-87.6094,2020-10-18,2020-10-18,15,5.6
3524,USC00111550,"CHICAGO NORTHERLY ISLAND, IL US",41.8558,-87.6094,2020-10-19,2020-10-19,11.1,5
3525,USC00111550,"CHICAGO NORTHERLY ISLAND, IL US",41.8558,-87.6094,2020-10-20,2020-10-20,12.2,6.7
3526,USC00111550,"CHICAGO NORTHERLY ISLAND, IL US",41.8558,-87.6094,2020-10-21,2020-10-21,12.2,8.3
3527,USC00111550,"CHICAGO NORTHERLY ISLAND, IL US",41.8558,-87.6094,2020-10-22,2020-10-22,25,8.9
3528,USC00111550,"CHICAGO NORTHERLY ISLAND, IL US",41.8558,-87.6094,2020-10-23,2020-10-23,21.7,5
3529,USC00111550,"CHICAGO NORTHERLY ISLAND, IL US",41.8558,-87.6094,2020-10-24,2020-10-24,7.8,3.9
3530,USC00111550,"CHICAGO NORTHERLY ISLAND, IL US",41.8558,-87.6094,2020-10-25,2020-10-25,7.8,5.6
3531,USC00111550,"CHICAGO NORTHERLY ISLAND, IL US",41.8558,-87.6094,2020-10-26,2020-10-26,6.1,1.7
3532,USC00111550,"CHICAGO NORTHERLY ISLAND, IL US",41.8558,-87.6094,2020-10-27,2020-10-27,3.9,1.1
3533,USC00111550,"CHICAGO NORTHERLY ISLAND, IL US",41.8558,-87.6094,2020-10-28,2020-10-28,10.6,1.1
3534,USC00111550,"CHICAGO NORTHERLY ISLAND, IL US",41.8558,-87.6094,2020-10-29,2020-10-29,8.9,2.8
3535,USC00111550,"CHICAGO NORTHERLY ISLAND, IL US",41.8558,-87.6094,2020-10-30,2020-10-30,5.6,1.7
3536,USC00111550,"CHICAGO NORTHERLY ISLAND, IL US",41.8558,-87.6094,2020-10-31,2020-10-31,15,1.7
3537,USC00111550,"CHICAGO NORTHERLY ISLAND, IL US",41.8558,-87.6094,2020-11-01,2020-11-01,12.8,0.6
3538,USC00111550,"CHICAGO NORTHERLY ISLAND, IL US",41.8558,-87.6094,2020-11-02,2020-11-02,10,-0.6
3539,USC00111550,"CHICAGO NORTHERLY ISLAND, IL US",41.8558,-87.6094,2020-11-03,2020-11-03,20.6,5
3540,USC00111550,"CHICAGO NORTHERLY ISLAND, IL US",41.8558,-87.6094,2020-11-04,2020-11-04,23.9,10
3541,USC00111550,"CHICAGO NORTHERLY ISLAND, IL US",41.8558,-87.6094,2020-11-05,2020-11-05,21.7,13.9
3542,USC00111550,"CHICAGO NORTHERLY ISLAND, IL US",41.8558,-87.6094,2020-11-06,2020-11-06,23.3,10.6
3543,USC00111550,"CHICAGO NORTHERLY ISLAND, IL US",41.8558,-87.6094,2020-11-07,2020-11-07,21.7,12.2
3544,USC00111550,"CHICAGO NORTHERLY ISLAND, IL US",41.8558,-87.6094,2020-11-08,2020-11-08,24.4,10
3545,USC00111550,"CHICAGO NORTHERLY ISLAND, IL US",41.8558,-87.6094,2020-11-09,2020-11-09,23.9,12.8
3546,USC00111550,"CHICAGO NORTHERLY ISLAND, IL US",41.8558,-87.6094,2020-11-10,2020-11-10,22.8,6.7
3547,USC00111550,"CHICAGO NORTHERLY ISLAND, IL US",41.8558,-87.6094,2020-11-11,2020-11-11,8.3,1.7
3548,USC00111550,"CHICAGO NORTHERLY ISLAND, IL US",41.8558,-87.6094,2020-11-12,2020-11-12,12.8,2.8
3549,USC00111550,"CHICAGO NORTHERLY ISLAND, IL US",41.8558,-87.6094,2020-11-13,2020-11-13,8.3,0.6
3550,USC00111550,"CHICAGO NORTHERLY ISLAND, IL US",41.8558,-87.6094,2020-11-14,2020-11-14,10,-0.6
3551,USC00111550,"CHICAGO NORTHERLY ISLAND, IL US",41.8558,-87.6094,2020-11-15,2020-11-15,12.8,1.7
3552,USC00111550,"CHICAGO NORTHERLY ISLAND, IL US",41.8558,-87.6094,2020-11-16,2020-11-16,8.3,0.6
3553,USC00111550,"CHICAGO NORTHERLY ISLAND, IL US",41.8558,-87.6094,2020-11-17,2020-11-17,5.6,-0.6
3554,USC00111550,"CHICAGO NORTHERLY ISLAND, IL US",41.8558,-87.6094,2020-11-18,2020-11-18,10,2.2
3555,USC00111550,"CHICAGO NORTHERLY ISLAND, IL US",41.8558,-87.6094,2020-11-19,2020-11-19,18.9,8.3
3556,USC00111550,"CHICAGO NORTHERLY ISLAND, IL US",41.8558,-87.6094,2020-11-20,2020-11-20,16.1,5.6
3557,USC00111550,"CHICAGO NORTHERLY ISLAND, IL US",41.8558,-87.6094,2020-11-21,2020-11-21,6.7,3.9
3558,USC00111550,"CHICAGO NORTHERLY ISLAND, IL US",41.8558,-87.6094,2020-11-22,2020-11-22,6.7,3.9
3559,USC00111550,"CHICAGO NORTHERLY ISLAND, IL US",41.8558,-87.6094,2020-11-23,2020-11-23,7.2,2.8
3560,USC00111550,"CHICAGO NORTHERLY ISLAND, IL US",41.8558,-87.6094,2020-11-24,2020-11-24,7.2,0.6
3561,USC00111550,"CHICAGO NORTHERLY ISLAND, IL US",41.8558,-87.6094,2020-11-25,2020-11-25,7.8,6.7
3562,USC00111550,"CHICAGO NORTHERLY ISLAND, IL US",41.8558,-87.6094,2020-11-26,2020-11-26,7.8,4.4
3563,USC00111550,"CHICAGO NORTHERLY ISLAND, IL US",41.8558,-87.6094,2020-11-27,2020-11-27,7.2,2.2
3564,USC00111550,"CHICAGO NORTHERLY ISLAND, IL US",41.8558,-87.6094,2020-11-28,2020-11-28,10,-1.1
3565,USC00111550,"CHICAGO NORTHERLY ISLAND, IL US",41.8558,-87.6094,2020-11-29,2020-11-29,10,3.3
3566,USC00111550,"CHICAGO NORTHERLY ISLAND, IL US",41.8558,-87.6094,2020-11-30,2020-11-30,3.3,-1.1
3567,USC00111550,"CHICAGO NORTHERLY ISLAND, IL US",41.8558,-87.6094,2020-12-01,2020-12-01,1.1,-2.8
3568,USC00111550,"CHICAGO NORTHERLY ISLAND, IL US",41.8558,-87.6094,2020-12-02,2020-12-02,8.9,-1.7
3569,USC00111550,"CHICAGO NORTHERLY ISLAND, IL US",41.8558,-87.6094,2020-12-03,2020-12-03,8.3,0
3570,USC00111550,"CHICAGO NORTHERLY ISLAND, IL US",41.8558,-87.6094,2020-12-04,2020-12-04,7.8,1.1
3571,USC00111550,"CHICAGO NORTHERLY ISLAND, IL US",41.8558,-87.6094,2020-12-05,2020-12-05,3.9,2.2
3572,USC00111550,"CHICAGO NORTHERLY ISLAND, IL US",41.8558,-87.6094,2020-12-06,2020-12-06,2.8,0.6
3573,USC00111550,"CHICAGO NORTHERLY ISLAND, IL US",41.8558,-87.6094,2020-12-07,2020-12-07,2.8,1.1
3574,USC00111550,"CHICAGO NORTHERLY ISLAND, IL US",41.8558,-87.6094,2020-12-08,2020-12-08,2.8,0.6
3575,USC00111550,"CHICAGO NORTHERLY ISLAND, IL US",41.8558,-87.6094,2020-12-09,2020-12-09,11.1,1.1
3576,USC00111550,"CHICAGO NORTHERLY ISLAND, IL US",41.8558,-87.6094,2020-12-12,2020-12-12,5,0
3577,USC00111550,"CHICAGO NORTHERLY ISLAND, IL US",41.8558,-87.6094,2020-12-13,2020-12-13,3.3,-2.8
3578,USC00111550,"CHICAGO NORTHERLY ISLAND, IL US",41.8558,-87.6094,2020-12-14,2020-12-14,0.6,-3.9
3579,USC00111550,"CHICAGO NORTHERLY ISLAND, IL US",41.8558,-87.6094,2020-12-15,2020-12-15,0.6,-3.9
3580,USC00111550,"CHICAGO NORTHERLY ISLAND, IL US",41.8558,-87.6094,2020-12-16,2020-12-16,1.1,-1.7
3581,USC00111550,"CHICAGO NORTHERLY ISLAND, IL US",41.8558,-87.6094,2020-12-17,2020-12-17,1.1,-0.6
3582,USC00111550,"CHICAGO NORTHERLY ISLAND, IL US",41.8558,-87.6094,2020-12-18,2020-12-18,2.8,-2.8
3583,USC00111550,"CHICAGO NORTHERLY ISLAND, IL US",41.8558,-87.6094,2020-12-19,2020-12-19,6.7,1.7
3584,USC00111550,"CHICAGO NORTHERLY ISLAND, IL US",41.8558,-87.6094,2020-12-20,2020-12-20,5,0
3585,USC00111550,"CHICAGO NORTHERLY ISLAND, IL US",41.8558,-87.6094,2020-12-21,2020-12-21,7.8,1.1
3586,USC00111550,"CHICAGO NORTHERLY ISLAND, IL US",41.8558,-87.6094,2020-12-22,2020-12-22,5,1.1
3587,USC00111550,"CHICAGO NORTHERLY ISLAND, IL US",41.8558,-87.6094,2020-12-23,2020-12-23,13.3,-2.8
3588,USC00111550,"CHICAGO NORTHERLY ISLAND, IL US",41.8558,-87.6094,2020-12-24,2020-12-24,-2.2,-11.7
3589,USC00111550,"CHICAGO NORTHERLY ISLAND, IL US",41.8558,-87.6094,2020-12-25,2020-12-25,-5.6,-12.2
3590,USC00111550,"CHICAGO NORTHERLY ISLAND, IL US",41.8558,-87.6094,2020-12-26,2020-12-26,0,-6.7
3591,USC00111550,"CHICAGO NORTHERLY ISLAND, IL US",41.8558,-87.6094,2020-12-27,2020-12-27,7.8,-2.2
3592,USC00111550,"CHICAGO NORTHERLY ISLAND, IL US",41.8558,-87.6094,2020-12-28,2020-12-28,1.1,-4.4
3593,USC00111550,"CHICAGO NORTHERLY ISLAND, IL US",41.8558,-87.6094,2020-12-29,2020-12-29,0,-6.7
3594,USC00111550,"CHICAGO NORTHERLY ISLAND, IL US",41.8558,-87.6094,2020-12-30,2020-12-30,2.2,-3.3
3595,USW00094846,"CHICAGO OHARE INTERNATIONAL AIRPORT, IL US",41.96017,-87.93164,2020-01-01,2020-01-01,5.6,-6
3596,USW00094846,"CHICAGO OHARE INTERNATIONAL AIRPORT, IL US",41.96017,-87.93164,2020-01-02,2020-01-02,8.9,2.8
3597,USW00094846,"CHICAGO OHARE INTERNATIONAL AIRPORT, IL US",41.96017,-87.93164,2020-01-03,2020-01-03,5,0.6
3598,USW00094846,"CHICAGO OHARE INTERNATIONAL AIRPORT, IL US",41.96017,-87.93164,2020-01-04,2020-01-04,0.6,-3.2
3599,USW00094846,"CHICAGO OHARE INTERNATIONAL AIRPORT, IL US",41.96017,-87.93164,2020-01-05,2020-01-05,5.6,-4.3
3600,USW00094846,"CHICAGO OHARE INTERNATIONAL AIRPORT, IL US",41.96017,-87.93164,2020-01-06,2020-01-06,5.6,-2.7
3601,USW00094846,"CHICAGO OHARE INTERNATIONAL AIRPORT, IL US",41.96017,-87.93164,2020-01-07,2020-01-07,4.4,-2.1
3602,USW00094846,"CHICAGO OHARE INTERNATIONAL AIRPORT, IL US",41.96017,-87.93164,2020-01-08,2020-01-08,-1.6,-9.9
3603,USW00094846,"CHICAGO OHARE INTERNATIONAL AIRPORT, IL US",41.96017,-87.93164,2020-01-09,2020-01-09,10,-4.9
3604,USW00094846,"CHICAGO OHARE INTERNATIONAL AIRPORT, IL US",41.96017,-87.93164,2020-01-10,2020-01-10,10,2.2
3605,USW00094846,"CHICAGO OHARE INTERNATIONAL AIRPORT, IL US",41.96017,-87.93164,2020-01-11,2020-01-11,2.8,-3.8
3606,USW00094846,"CHICAGO OHARE INTERNATIONAL AIRPORT, IL US",41.96017,-87.93164,2020-01-12,2020-01-12,-0.5,-4.9
3607,USW00094846,"CHICAGO OHARE INTERNATIONAL AIRPORT, IL US",41.96017,-87.93164,2020-01-13,2020-01-13,0.6,-0.5
3608,USW00094846,"CHICAGO OHARE INTERNATIONAL AIRPORT, IL US",41.96017,-87.93164,2020-01-14,2020-01-14,3.9,-3.8
3609,USW00094846,"CHICAGO OHARE INTERNATIONAL AIRPORT, IL US",41.96017,-87.93164,2020-01-15,2020-01-15,2.2,-3.8
3610,USW00094846,"CHICAGO OHARE INTERNATIONAL AIRPORT, IL US",41.96017,-87.93164,2020-01-16,2020-01-16,-1.6,-11.6
3611,USW00094846,"CHICAGO OHARE INTERNATIONAL AIRPORT, IL US",41.96017,-87.93164,2020-01-17,2020-01-17,-1.6,-11.6
3612,USW00094846,"CHICAGO OHARE INTERNATIONAL AIRPORT, IL US",41.96017,-87.93164,2020-01-18,2020-01-18,1.7,-14.9
3613,USW00094846,"CHICAGO OHARE INTERNATIONAL AIRPORT, IL US",41.96017,-87.93164,2020-01-19,2020-01-19,-7.1,-16.6
3614,USW00094846,"CHICAGO OHARE INTERNATIONAL AIRPORT, IL US",41.96017,-87.93164,2020-01-20,2020-01-20,-0.5,-8.2
3615,USW00094846,"CHICAGO OHARE INTERNATIONAL AIRPORT, IL US",41.96017,-87.93164,2020-01-21,2020-01-21,-1.6,-9.3
3616,USW00094846,"CHICAGO OHARE INTERNATIONAL AIRPORT, IL US",41.96017,-87.93164,2020-01-22,2020-01-22,1.1,-4.3
3617,USW00094846,"CHICAGO OHARE INTERNATIONAL AIRPORT, IL US",41.96017,-87.93164,2020-01-23,2020-01-23,1.1,-1.6
3618,USW00094846,"CHICAGO OHARE INTERNATIONAL AIRPORT, IL US",41.96017,-87.93164,2020-01-24,2020-01-24,2.8,0
3619,USW00094846,"CHICAGO OHARE INTERNATIONAL AIRPORT, IL US",41.96017,-87.93164,2020-01-25,2020-01-25,1.1,0
3620,USW00094846,"CHICAGO OHARE INTERNATIONAL AIRPORT, IL US",41.96017,-87.93164,2020-01-26,2020-01-26,0.6,-2.7
3621,USW00094846,"CHICAGO OHARE INTERNATIONAL AIRPORT, IL US",41.96017,-87.93164,2020-01-27,2020-01-27,1.7,-2.7
3622,USW00094846,"CHICAGO OHARE INTERNATIONAL AIRPORT, IL US",41.96017,-87.93164,2020-01-28,2020-01-28,0.6,-0.5
3623,USW00094846,"CHICAGO OHARE INTERNATIONAL AIRPORT, IL US",41.96017,-87.93164,2020-01-29,2020-01-29,1.1,-1
3624,USW00094846,"CHICAGO OHARE INTERNATIONAL AIRPORT, IL US",41.96017,-87.93164,2020-01-30,2020-01-30,1.7,0
3625,USW00094846,"CHICAGO OHARE INTERNATIONAL AIRPORT, IL US",41.96017,-87.93164,2020-01-31,2020-01-31,2.8,0
3626,USW00094846,"CHICAGO OHARE INTERNATIONAL AIRPORT, IL US",41.96017,-87.93164,2020-02-01,2020-02-01,3.3,1.1
3627,USW00094846,"CHICAGO OHARE INTERNATIONAL AIRPORT, IL US",41.96017,-87.93164,2020-02-02,2020-02-02,11.1,1.7
3628,USW00094846,"CHICAGO OHARE INTERNATIONAL AIRPORT, IL US",41.96017,-87.93164,2020-02-03,2020-02-03,8.9,-1
3629,USW00094846,"CHICAGO OHARE INTERNATIONAL AIRPORT, IL US",41.96017,-87.93164,2020-02-04,2020-02-04,3.9,-0.5
3630,USW00094846,"CHICAGO OHARE INTERNATIONAL AIRPORT, IL US",41.96017,-87.93164,2020-02-05,2020-02-05,0.6,-2.7
3631,USW00094846,"CHICAGO OHARE INTERNATIONAL AIRPORT, IL US",41.96017,-87.93164,2020-02-06,2020-02-06,-1,-2.7
3632,USW00094846,"CHICAGO OHARE INTERNATIONAL AIRPORT, IL US",41.96017,-87.93164,2020-02-07,2020-02-07,3.3,-4.3
3633,USW00094846,"CHICAGO OHARE INTERNATIONAL AIRPORT, IL US",41.96017,-87.93164,2020-02-08,2020-02-08,2.8,-2.1
3634,USW00094846,"CHICAGO OHARE INTERNATIONAL AIRPORT, IL US",41.96017,-87.93164,2020-02-09,2020-02-09,2.8,-3.8
3635,USW00094846,"CHICAGO OHARE INTERNATIONAL AIRPORT, IL US",41.96017,-87.93164,2020-02-10,2020-02-10,3.9,-3.2
3636,USW00094846,"CHICAGO OHARE INTERNATIONAL AIRPORT, IL US",41.96017,-87.93164,2020-02-11,2020-02-11,1.7,-3.2
3637,USW00094846,"CHICAGO OHARE INTERNATIONAL AIRPORT, IL US",41.96017,-87.93164,2020-02-12,2020-02-12,2.8,-4.3
3638,USW00094846,"CHICAGO OHARE INTERNATIONAL AIRPORT, IL US",41.96017,-87.93164,2020-02-13,2020-02-13,0,-15.5
3639,USW00094846,"CHICAGO OHARE INTERNATIONAL AIRPORT, IL US",41.96017,-87.93164,2020-02-14,2020-02-14,-9.3,-18.8
3640,USW00094846,"CHICAGO OHARE INTERNATIONAL AIRPORT, IL US",41.96017,-87.93164,2020-02-15,2020-02-15,0.6,-13.8
3641,USW00094846,"CHICAGO OHARE INTERNATIONAL AIRPORT, IL US",41.96017,-87.93164,2020-02-16,2020-02-16,6.1,-6.6
3642,USW00094846,"CHICAGO OHARE INTERNATIONAL AIRPORT, IL US",41.96017,-87.93164,2020-02-17,2020-02-17,5,-2.1
3643,USW00094846,"CHICAGO OHARE INTERNATIONAL AIRPORT, IL US",41.96017,-87.93164,2020-02-18,2020-02-18,3.9,-3.8
3644,USW00094846,"CHICAGO OHARE INTERNATIONAL AIRPORT, IL US",41.96017,-87.93164,2020-02-19,2020-02-19,-0.5,-8.8
3645,USW00094846,"CHICAGO OHARE INTERNATIONAL AIRPORT, IL US",41.96017,-87.93164,2020-02-20,2020-02-20,-3.8,-12.7
3646,USW00094846,"CHICAGO OHARE INTERNATIONAL AIRPORT, IL US",41.96017,-87.93164,2020-02-21,2020-02-21,3.3,-11
3647,USW00094846,"CHICAGO OHARE INTERNATIONAL AIRPORT, IL US",41.96017,-87.93164,2020-02-22,2020-02-22,10.6,-2.1
3648,USW00094846,"CHICAGO OHARE INTERNATIONAL AIRPORT, IL US",41.96017,-87.93164,2020-02-23,2020-02-23,12.8,1.7
3649,USW00094846,"CHICAGO OHARE INTERNATIONAL AIRPORT, IL US",41.96017,-87.93164,2020-02-24,2020-02-24,6.1,1.7
3650,USW00094846,"CHICAGO OHARE INTERNATIONAL AIRPORT, IL US",41.96017,-87.93164,2020-02-25,2020-02-25,5,0.6
3651,USW00094846,"CHICAGO OHARE INTERNATIONAL AIRPORT, IL US",41.96017,-87.93164,2020-02-26,2020-02-26,0.6,-3.2
3652,USW00094846,"CHICAGO OHARE INTERNATIONAL AIRPORT, IL US",41.96017,-87.93164,2020-02-27,2020-02-27,0,-6
3653,USW00094846,"CHICAGO OHARE INTERNATIONAL AIRPORT, IL US",41.96017,-87.93164,2020-02-28,2020-02-28,-1,-7.1
3654,USW00094846,"CHICAGO OHARE INTERNATIONAL AIRPORT, IL US",41.96017,-87.93164,2020-02-29,2020-02-29,2.8,-8.2
3655,USW00094846,"CHICAGO OHARE INTERNATIONAL AIRPORT, IL US",41.96017,-87.93164,2020-03-01,2020-03-01,15.6,-1
3656,USW00094846,"CHICAGO OHARE INTERNATIONAL AIRPORT, IL US",41.96017,-87.93164,2020-03-02,2020-03-02,10,1.1
3657,USW00094846,"CHICAGO OHARE INTERNATIONAL AIRPORT, IL US",41.96017,-87.93164,2020-03-03,2020-03-03,9.4,0
3658,USW00094846,"CHICAGO OHARE INTERNATIONAL AIRPORT, IL US",41.96017,-87.93164,2020-03-04,2020-03-04,9.4,0
3659,USW00094846,"CHICAGO OHARE INTERNATIONAL AIRPORT, IL US",41.96017,-87.93164,2020-03-05,2020-03-05,11.7,0.6
3660,USW00094846,"CHICAGO OHARE INTERNATIONAL AIRPORT, IL US",41.96017,-87.93164,2020-03-06,2020-03-06,4.4,-2.1
3661,USW00094846,"CHICAGO OHARE INTERNATIONAL AIRPORT, IL US",41.96017,-87.93164,2020-03-07,2020-03-07,11.7,-3.8
3662,USW00094846,"CHICAGO OHARE INTERNATIONAL AIRPORT, IL US",41.96017,-87.93164,2020-03-08,2020-03-08,19.4,5.6
3663,USW00094846,"CHICAGO OHARE INTERNATIONAL AIRPORT, IL US",41.96017,-87.93164,2020-03-09,2020-03-09,13.9,8.9
3664,USW00094846,"CHICAGO OHARE INTERNATIONAL AIRPORT, IL US",41.96017,-87.93164,2020-03-10,2020-03-10,10.6,1.7
3665,USW00094846,"CHICAGO OHARE INTERNATIONAL AIRPORT, IL US",41.96017,-87.93164,2020-03-11,2020-03-11,7.2,2.2
3666,USW00094846,"CHICAGO OHARE INTERNATIONAL AIRPORT, IL US",41.96017,-87.93164,2020-03-12,2020-03-12,14.4,2.8
3667,USW00094846,"CHICAGO OHARE INTERNATIONAL AIRPORT, IL US",41.96017,-87.93164,2020-03-13,2020-03-13,10,1.1
3668,USW00094846,"CHICAGO OHARE INTERNATIONAL AIRPORT, IL US",41.96017,-87.93164,2020-03-14,2020-03-14,4.4,0.6
3669,USW00094846,"CHICAGO OHARE INTERNATIONAL AIRPORT, IL US",41.96017,-87.93164,2020-03-15,2020-03-15,5.6,-0.5
3670,USW00094846,"CHICAGO OHARE INTERNATIONAL AIRPORT, IL US",41.96017,-87.93164,2020-03-16,2020-03-16,4.4,-1
3671,USW00094846,"CHICAGO OHARE INTERNATIONAL AIRPORT, IL US",41.96017,-87.93164,2020-03-17,2020-03-17,10,2.2
3672,USW00094846,"CHICAGO OHARE INTERNATIONAL AIRPORT, IL US",41.96017,-87.93164,2020-03-18,2020-03-18,7.8,3.9
3673,USW00094846,"CHICAGO OHARE INTERNATIONAL AIRPORT, IL US",41.96017,-87.93164,2020-03-19,2020-03-19,17.8,5
3674,USW00094846,"CHICAGO OHARE INTERNATIONAL AIRPORT, IL US",41.96017,-87.93164,2020-03-20,2020-03-20,17.2,-0.5
3675,USW00094846,"CHICAGO OHARE INTERNATIONAL AIRPORT, IL US",41.96017,-87.93164,2020-03-21,2020-03-21,1.7,-3.2
3676,USW00094846,"CHICAGO OHARE INTERNATIONAL AIRPORT, IL US",41.96017,-87.93164,2020-03-22,2020-03-22,2.8,-3.2
3677,USW00094846,"CHICAGO OHARE INTERNATIONAL AIRPORT, IL US",41.96017,-87.93164,2020-03-23,2020-03-23,7.2,0.6
3678,USW00094846,"CHICAGO OHARE INTERNATIONAL AIRPORT, IL US",41.96017,-87.93164,2020-03-24,2020-03-24,9.4,1.1
3679,USW00094846,"CHICAGO OHARE INTERNATIONAL AIRPORT, IL US",41.96017,-87.93164,2020-03-25,2020-03-25,14.4,0
3680,USW00094846,"CHICAGO OHARE INTERNATIONAL AIRPORT, IL US",41.96017,-87.93164,2020-03-26,2020-03-26,11.1,3.3
3681,USW00094846,"CHICAGO OHARE INTERNATIONAL AIRPORT, IL US",41.96017,-87.93164,2020-03-27,2020-03-27,10,2.8
3682,USW00094846,"CHICAGO OHARE INTERNATIONAL AIRPORT, IL US",41.96017,-87.93164,2020-03-28,2020-03-28,19.4,6.7
3683,USW00094846,"CHICAGO OHARE INTERNATIONAL AIRPORT, IL US",41.96017,-87.93164,2020-03-29,2020-03-29,17.2,6.7
3684,USW00094846,"CHICAGO OHARE INTERNATIONAL AIRPORT, IL US",41.96017,-87.93164,2020-03-30,2020-03-30,10.6,3.9
3685,USW00094846,"CHICAGO OHARE INTERNATIONAL AIRPORT, IL US",41.96017,-87.93164,2020-03-31,2020-03-31,6.1,2.8
3686,USW00094846,"CHICAGO OHARE INTERNATIONAL AIRPORT, IL US",41.96017,-87.93164,2020-04-01,2020-04-01,11.7,3.3
3687,USW00094846,"CHICAGO OHARE INTERNATIONAL AIRPORT, IL US",41.96017,-87.93164,2020-04-02,2020-04-02,16.1,1.1
3688,USW00094846,"CHICAGO OHARE INTERNATIONAL AIRPORT, IL US",41.96017,-87.93164,2020-04-03,2020-04-03,21.1,7.8
3689,USW00094846,"CHICAGO OHARE INTERNATIONAL AIRPORT, IL US",41.96017,-87.93164,2020-04-04,2020-04-04,11.1,2.8
3690,USW00094846,"CHICAGO OHARE INTERNATIONAL AIRPORT, IL US",41.96017,-87.93164,2020-04-05,2020-04-05,11.1,1.7
3691,USW00094846,"CHICAGO OHARE INTERNATIONAL AIRPORT, IL US",41.96017,-87.93164,2020-04-06,2020-04-06,17.8,1.7
3692,USW00094846,"CHICAGO OHARE INTERNATIONAL AIRPORT, IL US",41.96017,-87.93164,2020-04-07,2020-04-07,26.7,10.6
3693,USW00094846,"CHICAGO OHARE INTERNATIONAL AIRPORT, IL US",41.96017,-87.93164,2020-04-08,2020-04-08,23.3,8.9
3694,USW00094846,"CHICAGO OHARE INTERNATIONAL AIRPORT, IL US",41.96017,-87.93164,2020-04-09,2020-04-09,10,2.2
3695,USW00094846,"CHICAGO OHARE INTERNATIONAL AIRPORT, IL US",41.96017,-87.93164,2020-04-10,2020-04-10,10,0.6
3696,USW00094846,"CHICAGO OHARE INTERNATIONAL AIRPORT, IL US",41.96017,-87.93164,2020-04-11,2020-04-11,17.2,5.6
3697,USW00094846,"CHICAGO OHARE INTERNATIONAL AIRPORT, IL US",41.96017,-87.93164,2020-04-12,2020-04-12,18.9,9.4
3698,USW00094846,"CHICAGO OHARE INTERNATIONAL AIRPORT, IL US",41.96017,-87.93164,2020-04-13,2020-04-13,13.3,1.1
3699,USW00094846,"CHICAGO OHARE INTERNATIONAL AIRPORT, IL US",41.96017,-87.93164,2020-04-14,2020-04-14,5,-1
3700,USW00094846,"CHICAGO OHARE INTERNATIONAL AIRPORT, IL US",41.96017,-87.93164,2020-04-15,2020-04-15,4.4,-2.7
3701,USW00094846,"CHICAGO OHARE INTERNATIONAL AIRPORT, IL US",41.96017,-87.93164,2020-04-16,2020-04-16,8.3,-2.1
3702,USW00094846,"CHICAGO OHARE INTERNATIONAL AIRPORT, IL US",41.96017,-87.93164,2020-04-17,2020-04-17,5.6,1.1
3703,USW00094846,"CHICAGO OHARE INTERNATIONAL AIRPORT, IL US",41.96017,-87.93164,2020-04-18,2020-04-18,15,1.1
3704,USW00094846,"CHICAGO OHARE INTERNATIONAL AIRPORT, IL US",41.96017,-87.93164,2020-04-19,2020-04-19,16.7,3.9
3705,USW00094846,"CHICAGO OHARE INTERNATIONAL AIRPORT, IL US",41.96017,-87.93164,2020-04-20,2020-04-20,17.8,2.2
3706,USW00094846,"CHICAGO OHARE INTERNATIONAL AIRPORT, IL US",41.96017,-87.93164,2020-04-21,2020-04-21,11.7,2.2
3707,USW00094846,"CHICAGO OHARE INTERNATIONAL AIRPORT, IL US",41.96017,-87.93164,2020-04-22,2020-04-22,17.2,4.4
3708,USW00094846,"CHICAGO OHARE INTERNATIONAL AIRPORT, IL US",41.96017,-87.93164,2020-04-23,2020-04-23,13.9,6.1
3709,USW00094846,"CHICAGO OHARE INTERNATIONAL AIRPORT, IL US",41.96017,-87.93164,2020-04-24,2020-04-24,10,4.4
3710,USW00094846,"CHICAGO OHARE INTERNATIONAL AIRPORT, IL US",41.96017,-87.93164,2020-04-25,2020-04-25,8.3,5.6
3711,USW00094846,"CHICAGO OHARE INTERNATIONAL AIRPORT, IL US",41.96017,-87.93164,2020-04-26,2020-04-26,17.2,5
3712,USW00094846,"CHICAGO OHARE INTERNATIONAL AIRPORT, IL US",41.96017,-87.93164,2020-04-27,2020-04-27,20,4.4
3713,USW00094846,"CHICAGO OHARE INTERNATIONAL AIRPORT, IL US",41.96017,-87.93164,2020-04-28,2020-04-28,24.4,8.9
3714,USW00094846,"CHICAGO OHARE INTERNATIONAL AIRPORT, IL US",41.96017,-87.93164,2020-04-29,2020-04-29,16.1,6.1
3715,USW00094846,"CHICAGO OHARE INTERNATIONAL AIRPORT, IL US",41.96017,-87.93164,2020-04-30,2020-04-30,13.3,5.6
3716,USW00094846,"CHICAGO OHARE INTERNATIONAL AIRPORT, IL US",41.96017,-87.93164,2020-05-01,2020-05-01,20,3.3
3717,USW00094846,"CHICAGO OHARE INTERNATIONAL AIRPORT, IL US",41.96017,-87.93164,2020-05-02,2020-05-02,25,15
3718,USW00094846,"CHICAGO OHARE INTERNATIONAL AIRPORT, IL US",41.96017,-87.93164,2020-05-03,2020-05-03,23.3,8.9
3719,USW00094846,"CHICAGO OHARE INTERNATIONAL AIRPORT, IL US",41.96017,-87.93164,2020-05-04,2020-05-04,8.9,4.4
3720,USW00094846,"CHICAGO OHARE INTERNATIONAL AIRPORT, IL US",41.96017,-87.93164,2020-05-05,2020-05-05,9.4,4.4
3721,USW00094846,"CHICAGO OHARE INTERNATIONAL AIRPORT, IL US",41.96017,-87.93164,2020-05-06,2020-05-06,17.2,4.4
3722,USW00094846,"CHICAGO OHARE INTERNATIONAL AIRPORT, IL US",41.96017,-87.93164,2020-05-07,2020-05-07,18.9,7.2
3723,USW00094846,"CHICAGO OHARE INTERNATIONAL AIRPORT, IL US",41.96017,-87.93164,2020-05-08,2020-05-08,7.8,1.1
3724,USW00094846,"CHICAGO OHARE INTERNATIONAL AIRPORT, IL US",41.96017,-87.93164,2020-05-09,2020-05-09,15,-0.5
3725,USW00094846,"CHICAGO OHARE INTERNATIONAL AIRPORT, IL US",41.96017,-87.93164,2020-05-10,2020-05-10,12.8,2.8
3726,USW00094846,"CHICAGO OHARE INTERNATIONAL AIRPORT, IL US",41.96017,-87.93164,2020-05-11,2020-05-11,11.1,5
3727,USW00094846,"CHICAGO OHARE INTERNATIONAL AIRPORT, IL US",41.96017,-87.93164,2020-05-12,2020-05-12,17.2,5
3728,USW00094846,"CHICAGO OHARE INTERNATIONAL AIRPORT, IL US",41.96017,-87.93164,2020-05-13,2020-05-13,20.6,5.6
3729,USW00094846,"CHICAGO OHARE INTERNATIONAL AIRPORT, IL US",41.96017,-87.93164,2020-05-14,2020-05-14,22.8,12.2
3730,USW00094846,"CHICAGO OHARE INTERNATIONAL AIRPORT, IL US",41.96017,-87.93164,2020-05-15,2020-05-15,26.1,12.2
3731,USW00094846,"CHICAGO OHARE INTERNATIONAL AIRPORT, IL US",41.96017,-87.93164,2020-05-16,2020-05-16,19.4,10
3732,USW00094846,"CHICAGO OHARE INTERNATIONAL AIRPORT, IL US",41.96017,-87.93164,2020-05-17,2020-05-17,20,11.7
3733,USW00094846,"CHICAGO OHARE INTERNATIONAL AIRPORT, IL US",41.96017,-87.93164,2020-05-18,2020-05-18,17.8,11.7
3734,USW00094846,"CHICAGO OHARE INTERNATIONAL AIRPORT, IL US",41.96017,-87.93164,2020-05-19,2020-05-19,15,11.1
3735,USW00094846,"CHICAGO OHARE INTERNATIONAL AIRPORT, IL US",41.96017,-87.93164,2020-05-20,2020-05-20,18.9,11.7
3736,USW00094846,"CHICAGO OHARE INTERNATIONAL AIRPORT, IL US",41.96017,-87.93164,2020-05-21,2020-05-21,21.1,13.9
3737,USW00094846,"CHICAGO OHARE INTERNATIONAL AIRPORT, IL US",41.96017,-87.93164,2020-05-22,2020-05-22,22.2,13.9
3738,USW00094846,"CHICAGO OHARE INTERNATIONAL AIRPORT, IL US",41.96017,-87.93164,2020-05-23,2020-05-23,27.8,12.8
3739,USW00094846,"CHICAGO OHARE INTERNATIONAL AIRPORT, IL US",41.96017,-87.93164,2020-05-24,2020-05-24,32.2,17.8
3740,USW00094846,"CHICAGO OHARE INTERNATIONAL AIRPORT, IL US",41.96017,-87.93164,2020-05-25,2020-05-25,31.1,20.6
3741,USW00094846,"CHICAGO OHARE INTERNATIONAL AIRPORT, IL US",41.96017,-87.93164,2020-05-26,2020-05-26,31.7,20
3742,USW00094846,"CHICAGO OHARE INTERNATIONAL AIRPORT, IL US",41.96017,-87.93164,2020-05-27,2020-05-27,30.6,22.2
3743,USW00094846,"CHICAGO OHARE INTERNATIONAL AIRPORT, IL US",41.96017,-87.93164,2020-05-28,2020-05-28,27.8,16.7
3744,USW00094846,"CHICAGO OHARE INTERNATIONAL AIRPORT, IL US",41.96017,-87.93164,2020-05-29,2020-05-29,24.4,14.4
3745,USW00094846,"CHICAGO OHARE INTERNATIONAL AIRPORT, IL US",41.96017,-87.93164,2020-05-30,2020-05-30,22.8,12.2
3746,USW00094846,"CHICAGO OHARE INTERNATIONAL AIRPORT, IL US",41.96017,-87.93164,2020-05-31,2020-05-31,20.6,10
3747,USW00094846,"CHICAGO OHARE INTERNATIONAL AIRPORT, IL US",41.96017,-87.93164,2020-06-01,2020-06-01,24.4,11.7
3748,USW00094846,"CHICAGO OHARE INTERNATIONAL AIRPORT, IL US",41.96017,-87.93164,2020-06-02,2020-06-02,34.4,19.4
3749,USW00094846,"CHICAGO OHARE INTERNATIONAL AIRPORT, IL US",41.96017,-87.93164,2020-06-03,2020-06-03,30.6,19.4
3750,USW00094846,"CHICAGO OHARE INTERNATIONAL AIRPORT, IL US",41.96017,-87.93164,2020-06-04,2020-06-04,31.1,21.1
3751,USW00094846,"CHICAGO OHARE INTERNATIONAL AIRPORT, IL US",41.96017,-87.93164,2020-06-05,2020-06-05,31.7,21.1
3752,USW00094846,"CHICAGO OHARE INTERNATIONAL AIRPORT, IL US",41.96017,-87.93164,2020-06-06,2020-06-06,24.4,15
3753,USW00094846,"CHICAGO OHARE INTERNATIONAL AIRPORT, IL US",41.96017,-87.93164,2020-06-07,2020-06-07,26.1,13.3
3754,USW00094846,"CHICAGO OHARE INTERNATIONAL AIRPORT, IL US",41.96017,-87.93164,2020-06-08,2020-06-08,32.2,16.7
3755,USW00094846,"CHICAGO OHARE INTERNATIONAL AIRPORT, IL US",41.96017,-87.93164,2020-06-09,2020-06-09,32.8,22.8
3756,USW00094846,"CHICAGO OHARE INTERNATIONAL AIRPORT, IL US",41.96017,-87.93164,2020-06-10,2020-06-10,28.9,16.7
3757,USW00094846,"CHICAGO OHARE INTERNATIONAL AIRPORT, IL US",41.96017,-87.93164,2020-06-11,2020-06-11,27.8,15
3758,USW00094846,"CHICAGO OHARE INTERNATIONAL AIRPORT, IL US",41.96017,-87.93164,2020-06-12,2020-06-12,23.9,12.2
3759,USW00094846,"CHICAGO OHARE INTERNATIONAL AIRPORT, IL US",41.96017,-87.93164,2020-06-13,2020-06-13,18.9,11.1
3760,USW00094846,"CHICAGO OHARE INTERNATIONAL AIRPORT, IL US",41.96017,-87.93164,2020-06-14,2020-06-14,20,11.7
3761,USW00094846,"CHICAGO OHARE INTERNATIONAL AIRPORT, IL US",41.96017,-87.93164,2020-06-15,2020-06-15,22.8,11.1
3762,USW00094846,"CHICAGO OHARE INTERNATIONAL AIRPORT, IL US",41.96017,-87.93164,2020-06-16,2020-06-16,30,13.9
3763,USW00094846,"CHICAGO OHARE INTERNATIONAL AIRPORT, IL US",41.96017,-87.93164,2020-06-17,2020-06-17,30.6,17.8
3764,USW00094846,"CHICAGO OHARE INTERNATIONAL AIRPORT, IL US",41.96017,-87.93164,2020-06-18,2020-06-18,32.2,18.9
3765,USW00094846,"CHICAGO OHARE INTERNATIONAL AIRPORT, IL US",41.96017,-87.93164,2020-06-19,2020-06-19,33.9,20.6
3766,USW00094846,"CHICAGO OHARE INTERNATIONAL AIRPORT, IL US",41.96017,-87.93164,2020-06-20,2020-06-20,32.8,21.7
3767,USW00094846,"CHICAGO OHARE INTERNATIONAL AIRPORT, IL US",41.96017,-87.93164,2020-06-21,2020-06-21,28.9,20.6
3768,USW00094846,"CHICAGO OHARE INTERNATIONAL AIRPORT, IL US",41.96017,-87.93164,2020-06-22,2020-06-22,31.1,19.4
3769,USW00094846,"CHICAGO OHARE INTERNATIONAL AIRPORT, IL US",41.96017,-87.93164,2020-06-23,2020-06-23,25.6,17.2
3770,USW00094846,"CHICAGO OHARE INTERNATIONAL AIRPORT, IL US",41.96017,-87.93164,2020-06-24,2020-06-24,27.2,16.1
3771,USW00094846,"CHICAGO OHARE INTERNATIONAL AIRPORT, IL US",41.96017,-87.93164,2020-06-25,2020-06-25,30,16.7
3772,USW00094846,"CHICAGO OHARE INTERNATIONAL AIRPORT, IL US",41.96017,-87.93164,2020-06-26,2020-06-26,27.2,21.1
3773,USW00094846,"CHICAGO OHARE INTERNATIONAL AIRPORT, IL US",41.96017,-87.93164,2020-06-27,2020-06-27,31.1,22.2
3774,USW00094846,"CHICAGO OHARE INTERNATIONAL AIRPORT, IL US",41.96017,-87.93164,2020-06-28,2020-06-28,29.4,22.2
3775,USW00094846,"CHICAGO OHARE INTERNATIONAL AIRPORT, IL US",41.96017,-87.93164,2020-06-29,2020-06-29,33.9,22.2
3776,USW00094846,"CHICAGO OHARE INTERNATIONAL AIRPORT, IL US",41.96017,-87.93164,2020-06-30,2020-06-30,32.8,22.8
3777,USW00094846,"CHICAGO OHARE INTERNATIONAL AIRPORT, IL US",41.96017,-87.93164,2020-07-01,2020-07-01,31.7,21.7
3778,USW00094846,"CHICAGO OHARE INTERNATIONAL AIRPORT, IL US",41.96017,-87.93164,2020-07-02,2020-07-02,32.8,20.6
3779,USW00094846,"CHICAGO OHARE INTERNATIONAL AIRPORT, IL US",41.96017,-87.93164,2020-07-03,2020-07-03,32.8,20.6
3780,USW00094846,"CHICAGO OHARE INTERNATIONAL AIRPORT, IL US",41.96017,-87.93164,2020-07-04,2020-07-04,31.7,21.7
3781,USW00094846,"CHICAGO OHARE INTERNATIONAL AIRPORT, IL US",41.96017,-87.93164,2020-07-05,2020-07-05,34.4,21.7
3782,USW00094846,"CHICAGO OHARE INTERNATIONAL AIRPORT, IL US",41.96017,-87.93164,2020-07-06,2020-07-06,35,23.9
3783,USW00094846,"CHICAGO OHARE INTERNATIONAL AIRPORT, IL US",41.96017,-87.93164,2020-07-07,2020-07-07,35.6,22.8
3784,USW00094846,"CHICAGO OHARE INTERNATIONAL AIRPORT, IL US",41.96017,-87.93164,2020-07-08,2020-07-08,33.9,23.3
3785,USW00094846,"CHICAGO OHARE INTERNATIONAL AIRPORT, IL US",41.96017,-87.93164,2020-07-09,2020-07-09,33.9,22.8
3786,USW00094846,"CHICAGO OHARE INTERNATIONAL AIRPORT, IL US",41.96017,-87.93164,2020-07-10,2020-07-10,30,21.7
3787,USW00094846,"CHICAGO OHARE INTERNATIONAL AIRPORT, IL US",41.96017,-87.93164,2020-07-11,2020-07-11,29.4,21.7
3788,USW00094846,"CHICAGO OHARE INTERNATIONAL AIRPORT, IL US",41.96017,-87.93164,2020-07-12,2020-07-12,26.1,20
3789,USW00094846,"CHICAGO OHARE INTERNATIONAL AIRPORT, IL US",41.96017,-87.93164,2020-07-13,2020-07-13,28.9,18.3
3790,USW00094846,"CHICAGO OHARE INTERNATIONAL AIRPORT, IL US",41.96017,-87.93164,2020-07-14,2020-07-14,30,20
3791,USW00094846,"CHICAGO OHARE INTERNATIONAL AIRPORT, IL US",41.96017,-87.93164,2020-07-15,2020-07-15,31.1,18.9
3792,USW00094846,"CHICAGO OHARE INTERNATIONAL AIRPORT, IL US",41.96017,-87.93164,2020-07-16,2020-07-16,29.4,20
3793,USW00094846,"CHICAGO OHARE INTERNATIONAL AIRPORT, IL US",41.96017,-87.93164,2020-07-17,2020-07-17,32.2,20
3794,USW00094846,"CHICAGO OHARE INTERNATIONAL AIRPORT, IL US",41.96017,-87.93164,2020-07-18,2020-07-18,32.8,25
3795,USW00094846,"CHICAGO OHARE INTERNATIONAL AIRPORT, IL US",41.96017,-87.93164,2020-07-19,2020-07-19,28.9,22.8
3796,USW00094846,"CHICAGO OHARE INTERNATIONAL AIRPORT, IL US",41.96017,-87.93164,2020-07-20,2020-07-20,30.6,20
3797,USW00094846,"CHICAGO OHARE INTERNATIONAL AIRPORT, IL US",41.96017,-87.93164,2020-07-21,2020-07-21,28.3,22.8
3798,USW00094846,"CHICAGO OHARE INTERNATIONAL AIRPORT, IL US",41.96017,-87.93164,2020-07-22,2020-07-22,31.1,21.1
3799,USW00094846,"CHICAGO OHARE INTERNATIONAL AIRPORT, IL US",41.96017,-87.93164,2020-07-23,2020-07-23,28.3,18.3
3800,USW00094846,"CHICAGO OHARE INTERNATIONAL AIRPORT, IL US",41.96017,-87.93164,2020-07-24,2020-07-24,30.6,18.3
3801,USW00094846,"CHICAGO OHARE INTERNATIONAL AIRPORT, IL US",41.96017,-87.93164,2020-07-25,2020-07-25,33.3,20.6
3802,USW00094846,"CHICAGO OHARE INTERNATIONAL AIRPORT, IL US",41.96017,-87.93164,2020-07-26,2020-07-26,35.6,24.4
3803,USW00094846,"CHICAGO OHARE INTERNATIONAL AIRPORT, IL US",41.96017,-87.93164,2020-07-27,2020-07-27,30.6,22.2
3804,USW00094846,"CHICAGO OHARE INTERNATIONAL AIRPORT, IL US",41.96017,-87.93164,2020-07-28,2020-07-28,31.7,20.6
3805,USW00094846,"CHICAGO OHARE INTERNATIONAL AIRPORT, IL US",41.96017,-87.93164,2020-07-29,2020-07-29,32.8,22.8
3806,USW00094846,"CHICAGO OHARE INTERNATIONAL AIRPORT, IL US",41.96017,-87.93164,2020-07-30,2020-07-30,28.3,20
3807,USW00094846,"CHICAGO OHARE INTERNATIONAL AIRPORT, IL US",41.96017,-87.93164,2020-07-31,2020-07-31,27.8,18.9
3808,USW00094846,"CHICAGO OHARE INTERNATIONAL AIRPORT, IL US",41.96017,-87.93164,2020-08-01,2020-08-01,26.7,20.6
3809,USW00094846,"CHICAGO OHARE INTERNATIONAL AIRPORT, IL US",41.96017,-87.93164,2020-08-02,2020-08-02,30,19.4
3810,USW00094846,"CHICAGO OHARE INTERNATIONAL AIRPORT, IL US",41.96017,-87.93164,2020-08-03,2020-08-03,22.2,16.1
3811,USW00094846,"CHICAGO OHARE INTERNATIONAL AIRPORT, IL US",41.96017,-87.93164,2020-08-04,2020-08-04,24.4,15
3812,USW00094846,"CHICAGO OHARE INTERNATIONAL AIRPORT, IL US",41.96017,-87.93164,2020-08-05,2020-08-05,25.6,13.3
3813,USW00094846,"CHICAGO OHARE INTERNATIONAL AIRPORT, IL US",41.96017,-87.93164,2020-08-06,2020-08-06,27.8,18.9
3814,USW00094846,"CHICAGO OHARE INTERNATIONAL AIRPORT, IL US",41.96017,-87.93164,2020-08-07,2020-08-07,30,16.7
3815,USW00094846,"CHICAGO OHARE INTERNATIONAL AIRPORT, IL US",41.96017,-87.93164,2020-08-08,2020-08-08,31.7,20
3816,USW00094846,"CHICAGO OHARE INTERNATIONAL AIRPORT, IL US",41.96017,-87.93164,2020-08-09,2020-08-09,33.9,22.8
3817,USW00094846,"CHICAGO OHARE INTERNATIONAL AIRPORT, IL US",41.96017,-87.93164,2020-08-10,2020-08-10,32.8,20.6
3818,USW00094846,"CHICAGO OHARE INTERNATIONAL AIRPORT, IL US",41.96017,-87.93164,2020-08-11,2020-08-11,29.4,18.9
3819,USW00094846,"CHICAGO OHARE INTERNATIONAL AIRPORT, IL US",41.96017,-87.93164,2020-08-12,2020-08-12,30,17.8
3820,USW00094846,"CHICAGO OHARE INTERNATIONAL AIRPORT, IL US",41.96017,-87.93164,2020-08-13,2020-08-13,30.6,20.6
3821,USW00094846,"CHICAGO OHARE INTERNATIONAL AIRPORT, IL US",41.96017,-87.93164,2020-08-14,2020-08-14,32.2,20
3822,USW00094846,"CHICAGO OHARE INTERNATIONAL AIRPORT, IL US",41.96017,-87.93164,2020-08-15,2020-08-15,32.8,20.6
3823,USW00094846,"CHICAGO OHARE INTERNATIONAL AIRPORT, IL US",41.96017,-87.93164,2020-08-16,2020-08-16,30,17.8
3824,USW00094846,"CHICAGO OHARE INTERNATIONAL AIRPORT, IL US",41.96017,-87.93164,2020-08-17,2020-08-17,30,20.6
3825,USW00094846,"CHICAGO OHARE INTERNATIONAL AIRPORT, IL US",41.96017,-87.93164,2020-08-18,2020-08-18,25.6,18.9
3826,USW00094846,"CHICAGO OHARE INTERNATIONAL AIRPORT, IL US",41.96017,-87.93164,2020-08-19,2020-08-19,28.9,16.7
3827,USW00094846,"CHICAGO OHARE INTERNATIONAL AIRPORT, IL US",41.96017,-87.93164,2020-08-20,2020-08-20,30,17.8
3828,USW00094846,"CHICAGO OHARE INTERNATIONAL AIRPORT, IL US",41.96017,-87.93164,2020-08-21,2020-08-21,31.1,19.4
3829,USW00094846,"CHICAGO OHARE INTERNATIONAL AIRPORT, IL US",41.96017,-87.93164,2020-08-22,2020-08-22,31.7,19.4
3830,USW00094846,"CHICAGO OHARE INTERNATIONAL AIRPORT, IL US",41.96017,-87.93164,2020-08-23,2020-08-23,33.3,21.1
3831,USW00094846,"CHICAGO OHARE INTERNATIONAL AIRPORT, IL US",41.96017,-87.93164,2020-08-24,2020-08-24,36.1,22.2
3832,USW00094846,"CHICAGO OHARE INTERNATIONAL AIRPORT, IL US",41.96017,-87.93164,2020-08-25,2020-08-25,32.8,22.2
3833,USW00094846,"CHICAGO OHARE INTERNATIONAL AIRPORT, IL US",41.96017,-87.93164,2020-08-26,2020-08-26,34.4,24.4
3834,USW00094846,"CHICAGO OHARE INTERNATIONAL AIRPORT, IL US",41.96017,-87.93164,2020-08-27,2020-08-27,35,25.6
3835,USW00094846,"CHICAGO OHARE INTERNATIONAL AIRPORT, IL US",41.96017,-87.93164,2020-08-28,2020-08-28,35,25
3836,USW00094846,"CHICAGO OHARE INTERNATIONAL AIRPORT, IL US",41.96017,-87.93164,2020-08-29,2020-08-29,27.8,18.9
3837,USW00094846,"CHICAGO OHARE INTERNATIONAL AIRPORT, IL US",41.96017,-87.93164,2020-08-30,2020-08-30,26.1,15.6
3838,USW00094846,"CHICAGO OHARE INTERNATIONAL AIRPORT, IL US",41.96017,-87.93164,2020-08-31,2020-08-31,29.4,18.9
3839,USW00094846,"CHICAGO OHARE INTERNATIONAL AIRPORT, IL US",41.96017,-87.93164,2020-09-01,2020-09-01,23.9,20.6
3840,USW00094846,"CHICAGO OHARE INTERNATIONAL AIRPORT, IL US",41.96017,-87.93164,2020-09-02,2020-09-02,31.1,20.6
3841,USW00094846,"CHICAGO OHARE INTERNATIONAL AIRPORT, IL US",41.96017,-87.93164,2020-09-03,2020-09-03,31.1,18.3
3842,USW00094846,"CHICAGO OHARE INTERNATIONAL AIRPORT, IL US",41.96017,-87.93164,2020-09-04,2020-09-04,26.7,13.3
3843,USW00094846,"CHICAGO OHARE INTERNATIONAL AIRPORT, IL US",41.96017,-87.93164,2020-09-05,2020-09-05,27.8,17.8
3844,USW00094846,"CHICAGO OHARE INTERNATIONAL AIRPORT, IL US",41.96017,-87.93164,2020-09-06,2020-09-06,28.3,15
3845,USW00094846,"CHICAGO OHARE INTERNATIONAL AIRPORT, IL US",41.96017,-87.93164,2020-09-07,2020-09-07,26.7,16.7
3846,USW00094846,"CHICAGO OHARE INTERNATIONAL AIRPORT, IL US",41.96017,-87.93164,2020-09-08,2020-09-08,18.3,15.6
3847,USW00094846,"CHICAGO OHARE INTERNATIONAL AIRPORT, IL US",41.96017,-87.93164,2020-09-09,2020-09-09,17.8,13.9
3848,USW00094846,"CHICAGO OHARE INTERNATIONAL AIRPORT, IL US",41.96017,-87.93164,2020-09-10,2020-09-10,20,12.8
3849,USW00094846,"CHICAGO OHARE INTERNATIONAL AIRPORT, IL US",41.96017,-87.93164,2020-09-11,2020-09-11,20,16.1
3850,USW00094846,"CHICAGO OHARE INTERNATIONAL AIRPORT, IL US",41.96017,-87.93164,2020-09-12,2020-09-12,22.8,17.2
3851,USW00094846,"CHICAGO OHARE INTERNATIONAL AIRPORT, IL US",41.96017,-87.93164,2020-09-13,2020-09-13,25,16.1
3852,USW00094846,"CHICAGO OHARE INTERNATIONAL AIRPORT, IL US",41.96017,-87.93164,2020-09-14,2020-09-14,25,14.4
3853,USW00094846,"CHICAGO OHARE INTERNATIONAL AIRPORT, IL US",41.96017,-87.93164,2020-09-15,2020-09-15,26.1,15.6
3854,USW00094846,"CHICAGO OHARE INTERNATIONAL AIRPORT, IL US",41.96017,-87.93164,2020-09-16,2020-09-16,28.9,17.2
3855,USW00094846,"CHICAGO OHARE INTERNATIONAL AIRPORT, IL US",41.96017,-87.93164,2020-09-17,2020-09-17,20.6,14.4
3856,USW00094846,"CHICAGO OHARE INTERNATIONAL AIRPORT, IL US",41.96017,-87.93164,2020-09-18,2020-09-18,16.1,9.4
3857,USW00094846,"CHICAGO OHARE INTERNATIONAL AIRPORT, IL US",41.96017,-87.93164,2020-09-19,2020-09-19,19.4,7.8
3858,USW00094846,"CHICAGO OHARE INTERNATIONAL AIRPORT, IL US",41.96017,-87.93164,2020-09-20,2020-09-20,22.8,8.9
3859,USW00094846,"CHICAGO OHARE INTERNATIONAL AIRPORT, IL US",41.96017,-87.93164,2020-09-21,2020-09-21,23.9,11.7
3860,USW00094846,"CHICAGO OHARE INTERNATIONAL AIRPORT, IL US",41.96017,-87.93164,2020-09-22,2020-09-22,26.1,12.2
3861,USW00094846,"CHICAGO OHARE INTERNATIONAL AIRPORT, IL US",41.96017,-87.93164,2020-09-23,2020-09-23,26.1,15
3862,USW00094846,"CHICAGO OHARE INTERNATIONAL AIRPORT, IL US",41.96017,-87.93164,2020-09-24,2020-09-24,26.1,14.4
3863,USW00094846,"CHICAGO OHARE INTERNATIONAL AIRPORT, IL US",41.96017,-87.93164,2020-09-25,2020-09-25,26.7,16.1
3864,USW00094846,"CHICAGO OHARE INTERNATIONAL AIRPORT, IL US",41.96017,-87.93164,2020-09-26,2020-09-26,26.1,17.8
3865,USW00094846,"CHICAGO OHARE INTERNATIONAL AIRPORT, IL US",41.96017,-87.93164,2020-09-27,2020-09-27,25,12.8
3866,USW00094846,"CHICAGO OHARE INTERNATIONAL AIRPORT, IL US",41.96017,-87.93164,2020-09-28,2020-09-28,17.2,10.6
3867,USW00094846,"CHICAGO OHARE INTERNATIONAL AIRPORT, IL US",41.96017,-87.93164,2020-09-29,2020-09-29,15.6,7.8
3868,USW00094846,"CHICAGO OHARE INTERNATIONAL AIRPORT, IL US",41.96017,-87.93164,2020-09-30,2020-09-30,19.4,11.1
3869,USW00094846,"CHICAGO OHARE INTERNATIONAL AIRPORT, IL US",41.96017,-87.93164,2020-10-01,2020-10-01,15,8.3
3870,USW00094846,"CHICAGO OHARE INTERNATIONAL AIRPORT, IL US",41.96017,-87.93164,2020-10-02,2020-10-02,12.8,5.6
3871,USW00094846,"CHICAGO OHARE INTERNATIONAL AIRPORT, IL US",41.96017,-87.93164,2020-10-03,2020-10-03,13.3,7.8
3872,USW00094846,"CHICAGO OHARE INTERNATIONAL AIRPORT, IL US",41.96017,-87.93164,2020-10-04,2020-10-04,13.9,4.4
3873,USW00094846,"CHICAGO OHARE INTERNATIONAL AIRPORT, IL US",41.96017,-87.93164,2020-10-05,2020-10-05,17.2,3.3
3874,USW00094846,"CHICAGO OHARE INTERNATIONAL AIRPORT, IL US",41.96017,-87.93164,2020-10-06,2020-10-06,23.9,11.1
3875,USW00094846,"CHICAGO OHARE INTERNATIONAL AIRPORT, IL US",41.96017,-87.93164,2020-10-07,2020-10-07,24.4,11.7
3876,USW00094846,"CHICAGO OHARE INTERNATIONAL AIRPORT, IL US",41.96017,-87.93164,2020-10-08,2020-10-08,21.1,10
3877,USW00094846,"CHICAGO OHARE INTERNATIONAL AIRPORT, IL US",41.96017,-87.93164,2020-10-09,2020-10-09,27.8,11.1
3878,USW00094846,"CHICAGO OHARE INTERNATIONAL AIRPORT, IL US",41.96017,-87.93164,2020-10-10,2020-10-10,25,13.9
3879,USW00094846,"CHICAGO OHARE INTERNATIONAL AIRPORT, IL US",41.96017,-87.93164,2020-10-11,2020-10-11,20.6,13.3
3880,USW00094846,"CHICAGO OHARE INTERNATIONAL AIRPORT, IL US",41.96017,-87.93164,2020-10-12,2020-10-12,19.4,10
3881,USW00094846,"CHICAGO OHARE INTERNATIONAL AIRPORT, IL US",41.96017,-87.93164,2020-10-13,2020-10-13,22.8,7.8
3882,USW00094846,"CHICAGO OHARE INTERNATIONAL AIRPORT, IL US",41.96017,-87.93164,2020-10-14,2020-10-14,26.1,8.3
3883,USW00094846,"CHICAGO OHARE INTERNATIONAL AIRPORT, IL US",41.96017,-87.93164,2020-10-15,2020-10-15,17.8,5
3884,USW00094846,"CHICAGO OHARE INTERNATIONAL AIRPORT, IL US",41.96017,-87.93164,2020-10-16,2020-10-16,11.7,2.8
3885,USW00094846,"CHICAGO OHARE INTERNATIONAL AIRPORT, IL US",41.96017,-87.93164,2020-10-17,2020-10-17,18.3,2.8
3886,USW00094846,"CHICAGO OHARE INTERNATIONAL AIRPORT, IL US",41.96017,-87.93164,2020-10-18,2020-10-18,15.6,4.4
3887,USW00094846,"CHICAGO OHARE INTERNATIONAL AIRPORT, IL US",41.96017,-87.93164,2020-10-19,2020-10-19,10,3.3
3888,USW00094846,"CHICAGO OHARE INTERNATIONAL AIRPORT, IL US",41.96017,-87.93164,2020-10-20,2020-10-20,11.7,3.3
3889,USW00094846,"CHICAGO OHARE INTERNATIONAL AIRPORT, IL US",41.96017,-87.93164,2020-10-21,2020-10-21,15,8.3
3890,USW00094846,"CHICAGO OHARE INTERNATIONAL AIRPORT, IL US",41.96017,-87.93164,2020-10-22,2020-10-22,25.6,8.3
3891,USW00094846,"CHICAGO OHARE INTERNATIONAL AIRPORT, IL US",41.96017,-87.93164,2020-10-23,2020-10-23,22.2,3.3
3892,USW00094846,"CHICAGO OHARE INTERNATIONAL AIRPORT, IL US",41.96017,-87.93164,2020-10-24,2020-10-24,9.4,1.1
3893,USW00094846,"CHICAGO OHARE INTERNATIONAL AIRPORT, IL US",41.96017,-87.93164,2020-10-25,2020-10-25,8.3,3.9
3894,USW00094846,"CHICAGO OHARE INTERNATIONAL AIRPORT, IL US",41.96017,-87.93164,2020-10-26,2020-10-26,3.9,1.1
3895,USW00094846,"CHICAGO OHARE INTERNATIONAL AIRPORT, IL US",41.96017,-87.93164,2020-10-27,2020-10-27,3.3,0.6
3896,USW00094846,"CHICAGO OHARE INTERNATIONAL AIRPORT, IL US",41.96017,-87.93164,2020-10-28,2020-10-28,10.6,-0.5
3897,USW00094846,"CHICAGO OHARE INTERNATIONAL AIRPORT, IL US",41.96017,-87.93164,2020-10-29,2020-10-29,9.4,1.7
3898,USW00094846,"CHICAGO OHARE INTERNATIONAL AIRPORT, IL US",41.96017,-87.93164,2020-10-30,2020-10-30,6.7,-0.5
3899,USW00094846,"CHICAGO OHARE INTERNATIONAL AIRPORT, IL US",41.96017,-87.93164,2020-10-31,2020-10-31,15,-1
3900,USW00094846,"CHICAGO OHARE INTERNATIONAL AIRPORT, IL US",41.96017,-87.93164,2020-11-01,2020-11-01,12.8,-1
3901,USW00094846,"CHICAGO OHARE INTERNATIONAL AIRPORT, IL US",41.96017,-87.93164,2020-11-02,2020-11-02,10.6,-2.1
3902,USW00094846,"CHICAGO OHARE INTERNATIONAL AIRPORT, IL US",41.96017,-87.93164,2020-11-03,2020-11-03,20.6,3.9
3903,USW00094846,"CHICAGO OHARE INTERNATIONAL AIRPORT, IL US",41.96017,-87.93164,2020-11-04,2020-11-04,23.3,11.1
3904,USW00094846,"CHICAGO OHARE INTERNATIONAL AIRPORT, IL US",41.96017,-87.93164,2020-11-05,2020-11-05,21.7,12.8
3905,USW00094846,"CHICAGO OHARE INTERNATIONAL AIRPORT, IL US",41.96017,-87.93164,2020-11-06,2020-11-06,23.3,10.6
3906,USW00094846,"CHICAGO OHARE INTERNATIONAL AIRPORT, IL US",41.96017,-87.93164,2020-11-07,2020-11-07,22.2,12.2
3907,USW00094846,"CHICAGO OHARE INTERNATIONAL AIRPORT, IL US",41.96017,-87.93164,2020-11-08,2020-11-08,24.4,11.1
3908,USW00094846,"CHICAGO OHARE INTERNATIONAL AIRPORT, IL US",41.96017,-87.93164,2020-11-09,2020-11-09,24.4,17.2
3909,USW00094846,"CHICAGO OHARE INTERNATIONAL AIRPORT, IL US",41.96017,-87.93164,2020-11-10,2020-11-10,23.9,5.6
3910,USW00094846,"CHICAGO OHARE INTERNATIONAL AIRPORT, IL US",41.96017,-87.93164,2020-11-11,2020-11-11,7.2,1.7
3911,USW00094846,"CHICAGO OHARE INTERNATIONAL AIRPORT, IL US",41.96017,-87.93164,2020-11-12,2020-11-12,12.2,1.7
3912,USW00094846,"CHICAGO OHARE INTERNATIONAL AIRPORT, IL US",41.96017,-87.93164,2020-11-13,2020-11-13,7.8,-1
3913,USW00094846,"CHICAGO OHARE INTERNATIONAL AIRPORT, IL US",41.96017,-87.93164,2020-11-14,2020-11-14,10.6,-1.6
3914,USW00094846,"CHICAGO OHARE INTERNATIONAL AIRPORT, IL US",41.96017,-87.93164,2020-11-15,2020-11-15,12.8,1.1
3915,USW00094846,"CHICAGO OHARE INTERNATIONAL AIRPORT, IL US",41.96017,-87.93164,2020-11-16,2020-11-16,8.3,0
3916,USW00094846,"CHICAGO OHARE INTERNATIONAL AIRPORT, IL US",41.96017,-87.93164,2020-11-17,2020-11-17,5.6,-1.6
3917,USW00094846,"CHICAGO OHARE INTERNATIONAL AIRPORT, IL US",41.96017,-87.93164,2020-11-18,2020-11-18,10.6,1.1
3918,USW00094846,"CHICAGO OHARE INTERNATIONAL AIRPORT, IL US",41.96017,-87.93164,2020-11-19,2020-11-19,18.9,8.9
3919,USW00094846,"CHICAGO OHARE INTERNATIONAL AIRPORT, IL US",41.96017,-87.93164,2020-11-20,2020-11-20,16.1,6.1
3920,USW00094846,"CHICAGO OHARE INTERNATIONAL AIRPORT, IL US",41.96017,-87.93164,2020-11-21,2020-11-21,8.9,2.2
3921,USW00094846,"CHICAGO OHARE INTERNATIONAL AIRPORT, IL US",41.96017,-87.93164,2020-11-22,2020-11-22,8.3,5
3922,USW00094846,"CHICAGO OHARE INTERNATIONAL AIRPORT, IL US",41.96017,-87.93164,2020-11-23,2020-11-23,7.8,0.6
3923,USW00094846,"CHICAGO OHARE INTERNATIONAL AIRPORT, IL US",41.96017,-87.93164,2020-11-24,2020-11-24,7.2,0.6
3924,USW00094846,"CHICAGO OHARE INTERNATIONAL AIRPORT, IL US",41.96017,-87.93164,2020-11-25,2020-11-25,8.3,6.7
3925,USW00094846,"CHICAGO OHARE INTERNATIONAL AIRPORT, IL US",41.96017,-87.93164,2020-11-26,2020-11-26,7.8,5
3926,USW00094846,"CHICAGO OHARE INTERNATIONAL AIRPORT, IL US",41.96017,-87.93164,2020-11-27,2020-11-27,7.2,0.6
3927,USW00094846,"CHICAGO OHARE INTERNATIONAL AIRPORT, IL US",41.96017,-87.93164,2020-11-28,2020-11-28,10,-1.6
3928,USW00094846,"CHICAGO OHARE INTERNATIONAL AIRPORT, IL US",41.96017,-87.93164,2020-11-29,2020-11-29,9.4,2.8
3929,USW00094846,"CHICAGO OHARE INTERNATIONAL AIRPORT, IL US",41.96017,-87.93164,2020-11-30,2020-11-30,2.8,-1.6
3930,USW00094846,"CHICAGO OHARE INTERNATIONAL AIRPORT, IL US",41.96017,-87.93164,2020-12-01,2020-12-01,1.7,-3.8
3931,USW00094846,"CHICAGO OHARE INTERNATIONAL AIRPORT, IL US",41.96017,-87.93164,2020-12-02,2020-12-02,8.9,-3.8
3932,USW00094846,"CHICAGO OHARE INTERNATIONAL AIRPORT, IL US",41.96017,-87.93164,2020-12-03,2020-12-03,6.7,-1
3933,USW00094846,"CHICAGO OHARE INTERNATIONAL AIRPORT, IL US",41.96017,-87.93164,2020-12-04,2020-12-04,7.8,-1
3934,USW00094846,"CHICAGO OHARE INTERNATIONAL AIRPORT, IL US",41.96017,-87.93164,2020-12-05,2020-12-05,5,-1.6
3935,USW00094846,"CHICAGO OHARE INTERNATIONAL AIRPORT, IL US",41.96017,-87.93164,2020-12-06,2020-12-06,2.8,1.1
3936,USW00094846,"CHICAGO OHARE INTERNATIONAL AIRPORT, IL US",41.96017,-87.93164,2020-12-07,2020-12-07,3.3,0.6
3937,USW00094846,"CHICAGO OHARE INTERNATIONAL AIRPORT, IL US",41.96017,-87.93164,2020-12-08,2020-12-08,2.2,0.6
3938,USW00094846,"CHICAGO OHARE INTERNATIONAL AIRPORT, IL US",41.96017,-87.93164,2020-12-09,2020-12-09,11.7,0
3939,USW00094846,"CHICAGO OHARE INTERNATIONAL AIRPORT, IL US",41.96017,-87.93164,2020-12-10,2020-12-10,13.9,-0.5
3940,USW00094846,"CHICAGO OHARE INTERNATIONAL AIRPORT, IL US",41.96017,-87.93164,2020-12-11,2020-12-11,6.7,2.2
3941,USW00094846,"CHICAGO OHARE INTERNATIONAL AIRPORT, IL US",41.96017,-87.93164,2020-12-12,2020-12-12,5.6,-1
3942,USW00094846,"CHICAGO OHARE INTERNATIONAL AIRPORT, IL US",41.96017,-87.93164,2020-12-13,2020-12-13,2.2,-2.7
3943,USW00094846,"CHICAGO OHARE INTERNATIONAL AIRPORT, IL US",41.96017,-87.93164,2020-12-14,2020-12-14,0,-6
3944,USW00094846,"CHICAGO OHARE INTERNATIONAL AIRPORT, IL US",41.96017,-87.93164,2020-12-15,2020-12-15,1.1,-7.7
3945,USW00094846,"CHICAGO OHARE INTERNATIONAL AIRPORT, IL US",41.96017,-87.93164,2020-12-16,2020-12-16,1.1,-1.6
3946,USW00094846,"CHICAGO OHARE INTERNATIONAL AIRPORT, IL US",41.96017,-87.93164,2020-12-17,2020-12-17,1.7,-2.7
3947,USW00094846,"CHICAGO OHARE INTERNATIONAL AIRPORT, IL US",41.96017,-87.93164,2020-12-18,2020-12-18,2.8,-4.3
3948,USW00094846,"CHICAGO OHARE INTERNATIONAL AIRPORT, IL US",41.96017,-87.93164,2020-12-19,2020-12-19,6.1,2.2
3949,USW00094846,"CHICAGO OHARE INTERNATIONAL AIRPORT, IL US",41.96017,-87.93164,2020-12-20,2020-12-20,5,0
3950,USW00094846,"CHICAGO OHARE INTERNATIONAL AIRPORT, IL US",41.96017,-87.93164,2020-12-21,2020-12-21,7.8,0.6
3951,USW00094846,"CHICAGO OHARE INTERNATIONAL AIRPORT, IL US",41.96017,-87.93164,2020-12-22,2020-12-22,5.6,0
3952,USW00094846,"CHICAGO OHARE INTERNATIONAL AIRPORT, IL US",41.96017,-87.93164,2020-12-23,2020-12-23,14.4,-3.2
3953,USW00094846,"CHICAGO OHARE INTERNATIONAL AIRPORT, IL US",41.96017,-87.93164,2020-12-24,2020-12-24,-3.2,-12.7
3954,USW00094846,"CHICAGO OHARE INTERNATIONAL AIRPORT, IL US",41.96017,-87.93164,2020-12-25,2020-12-25,-5.5,-13.2
3955,USW00094846,"CHICAGO OHARE INTERNATIONAL AIRPORT, IL US",41.96017,-87.93164,2020-12-26,2020-12-26,0.6,-7.1
3956,USW00094846,"CHICAGO OHARE INTERNATIONAL AIRPORT, IL US",41.96017,-87.93164,2020-12-27,2020-12-27,8.3,-3.8
3957,USW00094846,"CHICAGO OHARE INTERNATIONAL AIRPORT, IL US",41.96017,-87.93164,2020-12-28,2020-12-28,1.1,-6
3958,USW00094846,"CHICAGO OHARE INTERNATIONAL AIRPORT, IL US",41.96017,-87.93164,2020-12-29,2020-12-29,0,-7.7
3959,USW00094846,"CHICAGO OHARE INTERNATIONAL AIRPORT, IL US",41.96017,-87.93164,2020-12-30,2020-12-30,1.7,-3.2
3960,USW00094846,"CHICAGO OHARE INTERNATIONAL AIRPORT, IL US",41.96017,-87.93164,2020-12-31,2020-12-31,-1.6,-7.7
3961,USW00014819,"CHICAGO MIDWAY AIRPORT, IL US",41.78412,-87.75514,2020-01-01,2020-01-01,6.1,-5.5
3962,USW00014819,"CHICAGO MIDWAY AIRPORT, IL US",41.78412,-87.75514,2020-01-02,2020-01-02,9.4,2.8
3963,USW00014819,"CHICAGO MIDWAY AIRPORT, IL US",41.78412,-87.75514,2020-01-03,2020-01-03,5.6,1.7
3964,USW00014819,"CHICAGO MIDWAY AIRPORT, IL US",41.78412,-87.75514,2020-01-04,2020-01-04,1.7,-2.7
3965,USW00014819,"CHICAGO MIDWAY AIRPORT, IL US",41.78412,-87.75514,2020-01-05,2020-01-05,6.1,-3.8
3966,USW00014819,"CHICAGO MIDWAY AIRPORT, IL US",41.78412,-87.75514,2020-01-06,2020-01-06,5.6,-3.2
3967,USW00014819,"CHICAGO MIDWAY AIRPORT, IL US",41.78412,-87.75514,2020-01-07,2020-01-07,5.6,-2.1
3968,USW00014819,"CHICAGO MIDWAY AIRPORT, IL US",41.78412,-87.75514,2020-01-08,2020-01-08,-1,-8.2
3969,USW00014819,"CHICAGO MIDWAY AIRPORT, IL US",41.78412,-87.75514,2020-01-09,2020-01-09,10,-4.9
3970,USW00014819,"CHICAGO MIDWAY AIRPORT, IL US",41.78412,-87.75514,2020-01-10,2020-01-10,10,3.9
3971,USW00014819,"CHICAGO MIDWAY AIRPORT, IL US",41.78412,-87.75514,2020-01-11,2020-01-11,3.9,-3.2
3972,USW00014819,"CHICAGO MIDWAY AIRPORT, IL US",41.78412,-87.75514,2020-01-12,2020-01-12,0.6,-3.8
3973,USW00014819,"CHICAGO MIDWAY AIRPORT, IL US",41.78412,-87.75514,2020-01-13,2020-01-13,1.7,0
3974,USW00014819,"CHICAGO MIDWAY AIRPORT, IL US",41.78412,-87.75514,2020-01-14,2020-01-14,6.1,-1.6
3975,USW00014819,"CHICAGO MIDWAY AIRPORT, IL US",41.78412,-87.75514,2020-01-15,2020-01-15,2.8,-1.6
3976,USW00014819,"CHICAGO MIDWAY AIRPORT, IL US",41.78412,-87.75514,2020-01-16,2020-01-16,-1,-8.2
3977,USW00014819,"CHICAGO MIDWAY AIRPORT, IL US",41.78412,-87.75514,2020-01-17,2020-01-17,-1,-8.2
3978,USW00014819,"CHICAGO MIDWAY AIRPORT, IL US",41.78412,-87.75514,2020-01-18,2020-01-18,2.8,-14.3
3979,USW00014819,"CHICAGO MIDWAY AIRPORT, IL US",41.78412,-87.75514,2020-01-19,2020-01-19,-6.6,-16
3980,USW00014819,"CHICAGO MIDWAY AIRPORT, IL US",41.78412,-87.75514,2020-01-20,2020-01-20,0,-7.7
3981,USW00014819,"CHICAGO MIDWAY AIRPORT, IL US",41.78412,-87.75514,2020-01-21,2020-01-21,-0.5,-8.2
3982,USW00014819,"CHICAGO MIDWAY AIRPORT, IL US",41.78412,-87.75514,2020-01-22,2020-01-22,1.7,-4.3
3983,USW00014819,"CHICAGO MIDWAY AIRPORT, IL US",41.78412,-87.75514,2020-01-23,2020-01-23,2.2,-1
3984,USW00014819,"CHICAGO MIDWAY AIRPORT, IL US",41.78412,-87.75514,2020-01-24,2020-01-24,3.9,1.1
3985,USW00014819,"CHICAGO MIDWAY AIRPORT, IL US",41.78412,-87.75514,2020-01-25,2020-01-25,1.7,0.6
3986,USW00014819,"CHICAGO MIDWAY AIRPORT, IL US",41.78412,-87.75514,2020-01-26,2020-01-26,1.1,-2.1
3987,USW00014819,"CHICAGO MIDWAY AIRPORT, IL US",41.78412,-87.75514,2020-01-27,2020-01-27,2.2,-2.1
3988,USW00014819,"CHICAGO MIDWAY AIRPORT, IL US",41.78412,-87.75514,2020-01-28,2020-01-28,0.6,-0.5
3989,USW00014819,"CHICAGO MIDWAY AIRPORT, IL US",41.78412,-87.75514,2020-01-29,2020-01-29,1.1,-1
3990,USW00014819,"CHICAGO MIDWAY AIRPORT, IL US",41.78412,-87.75514,2020-01-30,2020-01-30,1.1,-0.5
3991,USW00014819,"CHICAGO MIDWAY AIRPORT, IL US",41.78412,-87.75514,2020-01-31,2020-01-31,2.8,-0.5
3992,USW00014819,"CHICAGO MIDWAY AIRPORT, IL US",41.78412,-87.75514,2020-02-01,2020-02-01,3.3,0.6
3993,USW00014819,"CHICAGO MIDWAY AIRPORT, IL US",41.78412,-87.75514,2020-02-02,2020-02-02,12.2,1.7
3994,USW00014819,"CHICAGO MIDWAY AIRPORT, IL US",41.78412,-87.75514,2020-02-03,2020-02-03,8.3,-1
3995,USW00014819,"CHICAGO MIDWAY AIRPORT, IL US",41.78412,-87.75514,2020-02-04,2020-02-04,3.3,-0.5
3996,USW00014819,"CHICAGO MIDWAY AIRPORT, IL US",41.78412,-87.75514,2020-02-05,2020-02-05,-0.5,-2.7
3997,USW00014819,"CHICAGO MIDWAY AIRPORT, IL US",41.78412,-87.75514,2020-02-06,2020-02-06,-0.5,-2.7
3998,USW00014819,"CHICAGO MIDWAY AIRPORT, IL US",41.78412,-87.75514,2020-02-07,2020-02-07,2.8,-5.5
3999,USW00014819,"CHICAGO MIDWAY AIRPORT, IL US",41.78412,-87.75514,2020-02-08,2020-02-08,1.7,-3.2
4000,USW00014819,"CHICAGO MIDWAY AIRPORT, IL US",41.78412,-87.75514,2020-02-09,2020-02-09,2.8,-4.9
4001,USW00014819,"CHICAGO MIDWAY AIRPORT, IL US",41.78412,-87.75514,2020-02-10,2020-02-10,2.2,-2.7
4002,USW00014819,"CHICAGO MIDWAY AIRPORT, IL US",41.78412,-87.75514,2020-02-11,2020-02-11,1.7,-3.8
4003,USW00014819,"CHICAGO MIDWAY AIRPORT, IL US",41.78412,-87.75514,2020-02-12,2020-02-12,2.2,-4.3
4004,USW00014819,"CHICAGO MIDWAY AIRPORT, IL US",41.78412,-87.75514,2020-02-13,2020-02-13,0,-14.9
4005,USW00014819,"CHICAGO MIDWAY AIRPORT, IL US",41.78412,-87.75514,2020-02-14,2020-02-14,-9.9,-18.2
4006,USW00014819,"CHICAGO MIDWAY AIRPORT, IL US",41.78412,-87.75514,2020-02-15,2020-02-15,0.6,-13.8
4007,USW00014819,"CHICAGO MIDWAY AIRPORT, IL US",41.78412,-87.75514,2020-02-16,2020-02-16,6.7,-7.7
4008,USW00014819,"CHICAGO MIDWAY AIRPORT, IL US",41.78412,-87.75514,2020-02-17,2020-02-17,4.4,-1.6
4009,USW00014819,"CHICAGO MIDWAY AIRPORT, IL US",41.78412,-87.75514,2020-02-18,2020-02-18,3.9,-3.2
4010,USW00014819,"CHICAGO MIDWAY AIRPORT, IL US",41.78412,-87.75514,2020-02-19,2020-02-19,-0.5,-8.2
4011,USW00014819,"CHICAGO MIDWAY AIRPORT, IL US",41.78412,-87.75514,2020-02-20,2020-02-20,-3.8,-11.6
4012,USW00014819,"CHICAGO MIDWAY AIRPORT, IL US",41.78412,-87.75514,2020-02-21,2020-02-21,2.8,-11
4013,USW00014819,"CHICAGO MIDWAY AIRPORT, IL US",41.78412,-87.75514,2020-02-22,2020-02-22,10,-3.2
4014,USW00014819,"CHICAGO MIDWAY AIRPORT, IL US",41.78412,-87.75514,2020-02-23,2020-02-23,13.3,0.6
4015,USW00014819,"CHICAGO MIDWAY AIRPORT, IL US",41.78412,-87.75514,2020-02-24,2020-02-24,6.1,3.3
4016,USW00014819,"CHICAGO MIDWAY AIRPORT, IL US",41.78412,-87.75514,2020-02-25,2020-02-25,3.9,0
4017,USW00014819,"CHICAGO MIDWAY AIRPORT, IL US",41.78412,-87.75514,2020-02-26,2020-02-26,0,-3.2
4018,USW00014819,"CHICAGO MIDWAY AIRPORT, IL US",41.78412,-87.75514,2020-02-27,2020-02-27,-0.5,-5.5
4019,USW00014819,"CHICAGO MIDWAY AIRPORT, IL US",41.78412,-87.75514,2020-02-28,2020-02-28,-1,-7.7
4020,USW00014819,"CHICAGO MIDWAY AIRPORT, IL US",41.78412,-87.75514,2020-02-29,2020-02-29,1.7,-8.8
4021,USW00014819,"CHICAGO MIDWAY AIRPORT, IL US",41.78412,-87.75514,2020-03-01,2020-03-01,14.4,-1
4022,USW00014819,"CHICAGO MIDWAY AIRPORT, IL US",41.78412,-87.75514,2020-03-02,2020-03-02,10,1.7
4023,USW00014819,"CHICAGO MIDWAY AIRPORT, IL US",41.78412,-87.75514,2020-03-03,2020-03-03,10,0
4024,USW00014819,"CHICAGO MIDWAY AIRPORT, IL US",41.78412,-87.75514,2020-03-04,2020-03-04,9.4,1.7
4025,USW00014819,"CHICAGO MIDWAY AIRPORT, IL US",41.78412,-87.75514,2020-03-05,2020-03-05,11.1,0.6
4026,USW00014819,"CHICAGO MIDWAY AIRPORT, IL US",41.78412,-87.75514,2020-03-06,2020-03-06,3.9,-2.1
4027,USW00014819,"CHICAGO MIDWAY AIRPORT, IL US",41.78412,-87.75514,2020-03-07,2020-03-07,11.1,-4.9
4028,USW00014819,"CHICAGO MIDWAY AIRPORT, IL US",41.78412,-87.75514,2020-03-08,2020-03-08,18.9,4.4
4029,USW00014819,"CHICAGO MIDWAY AIRPORT, IL US",41.78412,-87.75514,2020-03-09,2020-03-09,15,8.3
4030,USW00014819,"CHICAGO MIDWAY AIRPORT, IL US",41.78412,-87.75514,2020-03-10,2020-03-10,11.1,1.1
4031,USW00014819,"CHICAGO MIDWAY AIRPORT, IL US",41.78412,-87.75514,2020-03-11,2020-03-11,6.7,2.2
4032,USW00014819,"CHICAGO MIDWAY AIRPORT, IL US",41.78412,-87.75514,2020-03-12,2020-03-12,13.3,2.2
4033,USW00014819,"CHICAGO MIDWAY AIRPORT, IL US",41.78412,-87.75514,2020-03-13,2020-03-13,9.4,1.1
4034,USW00014819,"CHICAGO MIDWAY AIRPORT, IL US",41.78412,-87.75514,2020-03-14,2020-03-14,5,0
4035,USW00014819,"CHICAGO MIDWAY AIRPORT, IL US",41.78412,-87.75514,2020-03-15,2020-03-15,3.9,1.1
4036,USW00014819,"CHICAGO MIDWAY AIRPORT, IL US",41.78412,-87.75514,2020-03-16,2020-03-16,5,0
4037,USW00014819,"CHICAGO MIDWAY AIRPORT, IL US",41.78412,-87.75514,2020-03-17,2020-03-17,8.9,2.8
4038,USW00014819,"CHICAGO MIDWAY AIRPORT, IL US",41.78412,-87.75514,2020-03-18,2020-03-18,7.2,3.9
4039,USW00014819,"CHICAGO MIDWAY AIRPORT, IL US",41.78412,-87.75514,2020-03-19,2020-03-19,17.2,4.4
4040,USW00014819,"CHICAGO MIDWAY AIRPORT, IL US",41.78412,-87.75514,2020-03-20,2020-03-20,17.2,-0.5
4041,USW00014819,"CHICAGO MIDWAY AIRPORT, IL US",41.78412,-87.75514,2020-03-21,2020-03-21,0.6,-2.7
4042,USW00014819,"CHICAGO MIDWAY AIRPORT, IL US",41.78412,-87.75514,2020-03-22,2020-03-22,2.2,-2.1
4043,USW00014819,"CHICAGO MIDWAY AIRPORT, IL US",41.78412,-87.75514,2020-03-23,2020-03-23,6.7,0.6
4044,USW00014819,"CHICAGO MIDWAY AIRPORT, IL US",41.78412,-87.75514,2020-03-24,2020-03-24,7.8,0.6
4045,USW00014819,"CHICAGO MIDWAY AIRPORT, IL US",41.78412,-87.75514,2020-03-25,2020-03-25,13.3,0
4046,USW00014819,"CHICAGO MIDWAY AIRPORT, IL US",41.78412,-87.75514,2020-03-26,2020-03-26,11.1,3.3
4047,USW00014819,"CHICAGO MIDWAY AIRPORT, IL US",41.78412,-87.75514,2020-03-27,2020-03-27,10.6,2.8
4048,USW00014819,"CHICAGO MIDWAY AIRPORT, IL US",41.78412,-87.75514,2020-03-28,2020-03-28,19.4,7.2
4049,USW00014819,"CHICAGO MIDWAY AIRPORT, IL US",41.78412,-87.75514,2020-03-29,2020-03-29,17.2,6.7
4050,USW00014819,"CHICAGO MIDWAY AIRPORT, IL US",41.78412,-87.75514,2020-03-30,2020-03-30,10,3.9
4051,USW00014819,"CHICAGO MIDWAY AIRPORT, IL US",41.78412,-87.75514,2020-03-31,2020-03-31,6.1,2.8
4052,USW00014819,"CHICAGO MIDWAY AIRPORT, IL US",41.78412,-87.75514,2020-04-01,2020-04-01,11.7,2.2
4053,USW00014819,"CHICAGO MIDWAY AIRPORT, IL US",41.78412,-87.75514,2020-04-02,2020-04-02,15,-0.5
4054,USW00014819,"CHICAGO MIDWAY AIRPORT, IL US",41.78412,-87.75514,2020-04-03,2020-04-03,21.1,7.8
4055,USW00014819,"CHICAGO MIDWAY AIRPORT, IL US",41.78412,-87.75514,2020-04-04,2020-04-04,13.3,2.2
4056,USW00014819,"CHICAGO MIDWAY AIRPORT, IL US",41.78412,-87.75514,2020-04-05,2020-04-05,10,2.8
4057,USW00014819,"CHICAGO MIDWAY AIRPORT, IL US",41.78412,-87.75514,2020-04-06,2020-04-06,18.3,2.2
4058,USW00014819,"CHICAGO MIDWAY AIRPORT, IL US",41.78412,-87.75514,2020-04-07,2020-04-07,26.7,12.8
4059,USW00014819,"CHICAGO MIDWAY AIRPORT, IL US",41.78412,-87.75514,2020-04-08,2020-04-08,20.6,9.4
4060,USW00014819,"CHICAGO MIDWAY AIRPORT, IL US",41.78412,-87.75514,2020-04-09,2020-04-09,10,2.2
4061,USW00014819,"CHICAGO MIDWAY AIRPORT, IL US",41.78412,-87.75514,2020-04-10,2020-04-10,10.6,1.1
4062,USW00014819,"CHICAGO MIDWAY AIRPORT, IL US",41.78412,-87.75514,2020-04-11,2020-04-11,18.3,5.6
4063,USW00014819,"CHICAGO MIDWAY AIRPORT, IL US",41.78412,-87.75514,2020-04-12,2020-04-12,18.9,9.4
4064,USW00014819,"CHICAGO MIDWAY AIRPORT, IL US",41.78412,-87.75514,2020-04-13,2020-04-13,12.8,1.7
4065,USW00014819,"CHICAGO MIDWAY AIRPORT, IL US",41.78412,-87.75514,2020-04-14,2020-04-14,5,-1
4066,USW00014819,"CHICAGO MIDWAY AIRPORT, IL US",41.78412,-87.75514,2020-04-15,2020-04-15,4.4,-2.1
4067,USW00014819,"CHICAGO MIDWAY AIRPORT, IL US",41.78412,-87.75514,2020-04-16,2020-04-16,7.8,-2.1
4068,USW00014819,"CHICAGO MIDWAY AIRPORT, IL US",41.78412,-87.75514,2020-04-17,2020-04-17,5.6,0.6
4069,USW00014819,"CHICAGO MIDWAY AIRPORT, IL US",41.78412,-87.75514,2020-04-18,2020-04-18,15,0.6
4070,USW00014819,"CHICAGO MIDWAY AIRPORT, IL US",41.78412,-87.75514,2020-04-19,2020-04-19,16.7,4.4
4071,USW00014819,"CHICAGO MIDWAY AIRPORT, IL US",41.78412,-87.75514,2020-04-20,2020-04-20,18.3,2.2
4072,USW00014819,"CHICAGO MIDWAY AIRPORT, IL US",41.78412,-87.75514,2020-04-21,2020-04-21,11.1,2.8
4073,USW00014819,"CHICAGO MIDWAY AIRPORT, IL US",41.78412,-87.75514,2020-04-22,2020-04-22,16.7,4.4
4074,USW00014819,"CHICAGO MIDWAY AIRPORT, IL US",41.78412,-87.75514,2020-04-23,2020-04-23,15,6.7
4075,USW00014819,"CHICAGO MIDWAY AIRPORT, IL US",41.78412,-87.75514,2020-04-24,2020-04-24,9.4,5.6
4076,USW00014819,"CHICAGO MIDWAY AIRPORT, IL US",41.78412,-87.75514,2020-04-25,2020-04-25,8.3,5.6
4077,USW00014819,"CHICAGO MIDWAY AIRPORT, IL US",41.78412,-87.75514,2020-04-26,2020-04-26,16.7,6.1
4078,USW00014819,"CHICAGO MIDWAY AIRPORT, IL US",41.78412,-87.75514,2020-04-27,2020-04-27,20,3.9
4079,USW00014819,"CHICAGO MIDWAY AIRPORT, IL US",41.78412,-87.75514,2020-04-28,2020-04-28,24.4,11.7
4080,USW00014819,"CHICAGO MIDWAY AIRPORT, IL US",41.78412,-87.75514,2020-04-29,2020-04-29,16.7,5.6
4081,USW00014819,"CHICAGO MIDWAY AIRPORT, IL US",41.78412,-87.75514,2020-04-30,2020-04-30,12.2,5.6
4082,USW00014819,"CHICAGO MIDWAY AIRPORT, IL US",41.78412,-87.75514,2020-05-01,2020-05-01,19.4,2.8
4083,USW00014819,"CHICAGO MIDWAY AIRPORT, IL US",41.78412,-87.75514,2020-05-02,2020-05-02,26.1,14.4
4084,USW00014819,"CHICAGO MIDWAY AIRPORT, IL US",41.78412,-87.75514,2020-05-03,2020-05-03,22.8,8.9
4085,USW00014819,"CHICAGO MIDWAY AIRPORT, IL US",41.78412,-87.75514,2020-05-04,2020-05-04,8.9,5
4086,USW00014819,"CHICAGO MIDWAY AIRPORT, IL US",41.78412,-87.75514,2020-05-05,2020-05-05,8.9,5.6
4087,USW00014819,"CHICAGO MIDWAY AIRPORT, IL US",41.78412,-87.75514,2020-05-06,2020-05-06,16.1,3.3
4088,USW00014819,"CHICAGO MIDWAY AIRPORT, IL US",41.78412,-87.75514,2020-05-07,2020-05-07,18.9,7.8
4089,USW00014819,"CHICAGO MIDWAY AIRPORT, IL US",41.78412,-87.75514,2020-05-08,2020-05-08,7.8,1.1
4090,USW00014819,"CHICAGO MIDWAY AIRPORT, IL US",41.78412,-87.75514,2020-05-09,2020-05-09,15,-0.5
4091,USW00014819,"CHICAGO MIDWAY AIRPORT, IL US",41.78412,-87.75514,2020-05-10,2020-05-10,11.7,2.8
4092,USW00014819,"CHICAGO MIDWAY AIRPORT, IL US",41.78412,-87.75514,2020-05-11,2020-05-11,10,4.4
4093,USW00014819,"CHICAGO MIDWAY AIRPORT, IL US",41.78412,-87.75514,2020-05-12,2020-05-12,16.7,3.9
4094,USW00014819,"CHICAGO MIDWAY AIRPORT, IL US",41.78412,-87.75514,2020-05-13,2020-05-13,20.6,7.2
4095,USW00014819,"CHICAGO MIDWAY AIRPORT, IL US",41.78412,-87.75514,2020-05-14,2020-05-14,22.8,12.8
4096,USW00014819,"CHICAGO MIDWAY AIRPORT, IL US",41.78412,-87.75514,2020-05-15,2020-05-15,25,13.9
4097,USW00014819,"CHICAGO MIDWAY AIRPORT, IL US",41.78412,-87.75514,2020-05-16,2020-05-16,20.6,11.1
4098,USW00014819,"CHICAGO MIDWAY AIRPORT, IL US",41.78412,-87.75514,2020-05-17,2020-05-17,20,12.2
4099,USW00014819,"CHICAGO MIDWAY AIRPORT, IL US",41.78412,-87.75514,2020-05-18,2020-05-18,18.9,11.1
4100,USW00014819,"CHICAGO MIDWAY AIRPORT, IL US",41.78412,-87.75514,2020-05-19,2020-05-19,16.1,11.1
4101,USW00014819,"CHICAGO MIDWAY AIRPORT, IL US",41.78412,-87.75514,2020-05-20,2020-05-20,18.3,12.8
4102,USW00014819,"CHICAGO MIDWAY AIRPORT, IL US",41.78412,-87.75514,2020-05-21,2020-05-21,20,13.3
4103,USW00014819,"CHICAGO MIDWAY AIRPORT, IL US",41.78412,-87.75514,2020-05-22,2020-05-22,21.1,13.9
4104,USW00014819,"CHICAGO MIDWAY AIRPORT, IL US",41.78412,-87.75514,2020-05-23,2020-05-23,27.2,12.8
4105,USW00014819,"CHICAGO MIDWAY AIRPORT, IL US",41.78412,-87.75514,2020-05-24,2020-05-24,31.7,17.8
4106,USW00014819,"CHICAGO MIDWAY AIRPORT, IL US",41.78412,-87.75514,2020-05-25,2020-05-25,31.1,21.1
4107,USW00014819,"CHICAGO MIDWAY AIRPORT, IL US",41.78412,-87.75514,2020-05-26,2020-05-26,31.7,21.1
4108,USW00014819,"CHICAGO MIDWAY AIRPORT, IL US",41.78412,-87.75514,2020-05-27,2020-05-27,30.6,22.2
4109,USW00014819,"CHICAGO MIDWAY AIRPORT, IL US",41.78412,-87.75514,2020-05-28,2020-05-28,28.3,18.3
4110,USW00014819,"CHICAGO MIDWAY AIRPORT, IL US",41.78412,-87.75514,2020-05-29,2020-05-29,24.4,14.4
4111,USW00014819,"CHICAGO MIDWAY AIRPORT, IL US",41.78412,-87.75514,2020-05-30,2020-05-30,22.2,12.8
4112,USW00014819,"CHICAGO MIDWAY AIRPORT, IL US",41.78412,-87.75514,2020-05-31,2020-05-31,18.9,11.1
4113,USW00014819,"CHICAGO MIDWAY AIRPORT, IL US",41.78412,-87.75514,2020-06-01,2020-06-01,25,12.8
4114,USW00014819,"CHICAGO MIDWAY AIRPORT, IL US",41.78412,-87.75514,2020-06-02,2020-06-02,34.4,19.4
4115,USW00014819,"CHICAGO MIDWAY AIRPORT, IL US",41.78412,-87.75514,2020-06-03,2020-06-03,29.4,21.1
4116,USW00014819,"CHICAGO MIDWAY AIRPORT, IL US",41.78412,-87.75514,2020-06-04,2020-06-04,30,20
4117,USW00014819,"CHICAGO MIDWAY AIRPORT, IL US",41.78412,-87.75514,2020-06-05,2020-06-05,31.7,22.2
4118,USW00014819,"CHICAGO MIDWAY AIRPORT, IL US",41.78412,-87.75514,2020-06-06,2020-06-06,24.4,16.1
4119,USW00014819,"CHICAGO MIDWAY AIRPORT, IL US",41.78412,-87.75514,2020-06-07,2020-06-07,26.1,15
4120,USW00014819,"CHICAGO MIDWAY AIRPORT, IL US",41.78412,-87.75514,2020-06-08,2020-06-08,32.8,18.3
4121,USW00014819,"CHICAGO MIDWAY AIRPORT, IL US",41.78412,-87.75514,2020-06-09,2020-06-09,32.8,23.3
4122,USW00014819,"CHICAGO MIDWAY AIRPORT, IL US",41.78412,-87.75514,2020-06-10,2020-06-10,28.9,16.7
4123,USW00014819,"CHICAGO MIDWAY AIRPORT, IL US",41.78412,-87.75514,2020-06-11,2020-06-11,28.3,15
4124,USW00014819,"CHICAGO MIDWAY AIRPORT, IL US",41.78412,-87.75514,2020-06-12,2020-06-12,25.6,13.9
4125,USW00014819,"CHICAGO MIDWAY AIRPORT, IL US",41.78412,-87.75514,2020-06-13,2020-06-13,19.4,12.2
4126,USW00014819,"CHICAGO MIDWAY AIRPORT, IL US",41.78412,-87.75514,2020-06-14,2020-06-14,21.1,13.9
4127,USW00014819,"CHICAGO MIDWAY AIRPORT, IL US",41.78412,-87.75514,2020-06-15,2020-06-15,22.8,12.8
4128,USW00014819,"CHICAGO MIDWAY AIRPORT, IL US",41.78412,-87.75514,2020-06-16,2020-06-16,28.9,15
4129,USW00014819,"CHICAGO MIDWAY AIRPORT, IL US",41.78412,-87.75514,2020-06-17,2020-06-17,30,18.3
4130,USW00014819,"CHICAGO MIDWAY AIRPORT, IL US",41.78412,-87.75514,2020-06-18,2020-06-18,30.6,17.8
4131,USW00014819,"CHICAGO MIDWAY AIRPORT, IL US",41.78412,-87.75514,2020-06-19,2020-06-19,33.9,20.6
4132,USW00014819,"CHICAGO MIDWAY AIRPORT, IL US",41.78412,-87.75514,2020-06-20,2020-06-20,32.8,21.7
4133,USW00014819,"CHICAGO MIDWAY AIRPORT, IL US",41.78412,-87.75514,2020-06-21,2020-06-21,28.3,21.1
4134,USW00014819,"CHICAGO MIDWAY AIRPORT, IL US",41.78412,-87.75514,2020-06-22,2020-06-22,30,18.9
4135,USW00014819,"CHICAGO MIDWAY AIRPORT, IL US",41.78412,-87.75514,2020-06-23,2020-06-23,26.1,17.2
4136,USW00014819,"CHICAGO MIDWAY AIRPORT, IL US",41.78412,-87.75514,2020-06-24,2020-06-24,26.1,16.1
4137,USW00014819,"CHICAGO MIDWAY AIRPORT, IL US",41.78412,-87.75514,2020-06-25,2020-06-25,28.9,17.2
4138,USW00014819,"CHICAGO MIDWAY AIRPORT, IL US",41.78412,-87.75514,2020-06-26,2020-06-26,29.4,21.1
4139,USW00014819,"CHICAGO MIDWAY AIRPORT, IL US",41.78412,-87.75514,2020-06-27,2020-06-27,31.7,22.2
4140,USW00014819,"CHICAGO MIDWAY AIRPORT, IL US",41.78412,-87.75514,2020-06-28,2020-06-28,28.9,22.2
4141,USW00014819,"CHICAGO MIDWAY AIRPORT, IL US",41.78412,-87.75514,2020-06-29,2020-06-29,33.9,22.2
4142,USW00014819,"CHICAGO MIDWAY AIRPORT, IL US",41.78412,-87.75514,2020-06-30,2020-06-30,31.7,22.8
4143,USW00014819,"CHICAGO MIDWAY AIRPORT, IL US",41.78412,-87.75514,2020-07-01,2020-07-01,31.1,23.3
4144,USW00014819,"CHICAGO MIDWAY AIRPORT, IL US",41.78412,-87.75514,2020-07-02,2020-07-02,32.2,22.2
4145,USW00014819,"CHICAGO MIDWAY AIRPORT, IL US",41.78412,-87.75514,2020-07-03,2020-07-03,31.7,20.6
4146,USW00014819,"CHICAGO MIDWAY AIRPORT, IL US",41.78412,-87.75514,2020-07-04,2020-07-04,32.2,22.2
4147,USW00014819,"CHICAGO MIDWAY AIRPORT, IL US",41.78412,-87.75514,2020-07-05,2020-07-05,32.2,22.8
4148,USW00014819,"CHICAGO MIDWAY AIRPORT, IL US",41.78412,-87.75514,2020-07-06,2020-07-06,34.4,24.4
4149,USW00014819,"CHICAGO MIDWAY AIRPORT, IL US",41.78412,-87.75514,2020-07-07,2020-07-07,34.4,23.9
4150,USW00014819,"CHICAGO MIDWAY AIRPORT, IL US",41.78412,-87.75514,2020-07-08,2020-07-08,33.3,23.9
4151,USW00014819,"CHICAGO MIDWAY AIRPORT, IL US",41.78412,-87.75514,2020-07-09,2020-07-09,33.9,22.2
4152,USW00014819,"CHICAGO MIDWAY AIRPORT, IL US",41.78412,-87.75514,2020-07-10,2020-07-10,30.6,21.1
4153,USW00014819,"CHICAGO MIDWAY AIRPORT, IL US",41.78412,-87.75514,2020-07-11,2020-07-11,29.4,21.1
4154,USW00014819,"CHICAGO MIDWAY AIRPORT, IL US",41.78412,-87.75514,2020-07-12,2020-07-12,26.1,19.4
4155,USW00014819,"CHICAGO MIDWAY AIRPORT, IL US",41.78412,-87.75514,2020-07-13,2020-07-13,27.2,17.8
4156,USW00014819,"CHICAGO MIDWAY AIRPORT, IL US",41.78412,-87.75514,2020-07-14,2020-07-14,29.4,19.4
4157,USW00014819,"CHICAGO MIDWAY AIRPORT, IL US",41.78412,-87.75514,2020-07-15,2020-07-15,30.6,20
4158,USW00014819,"CHICAGO MIDWAY AIRPORT, IL US",41.78412,-87.75514,2020-07-16,2020-07-16,28.9,20.6
4159,USW00014819,"CHICAGO MIDWAY AIRPORT, IL US",41.78412,-87.75514,2020-07-17,2020-07-17,31.1,20
4160,USW00014819,"CHICAGO MIDWAY AIRPORT, IL US",41.78412,-87.75514,2020-07-18,2020-07-18,32.8,24.4
4161,USW00014819,"CHICAGO MIDWAY AIRPORT, IL US",41.78412,-87.75514,2020-07-19,2020-07-19,28.3,21.7
4162,USW00014819,"CHICAGO MIDWAY AIRPORT, IL US",41.78412,-87.75514,2020-07-20,2020-07-20,30.6,19.4
4163,USW00014819,"CHICAGO MIDWAY AIRPORT, IL US",41.78412,-87.75514,2020-07-21,2020-07-21,27.2,22.8
4164,USW00014819,"CHICAGO MIDWAY AIRPORT, IL US",41.78412,-87.75514,2020-07-22,2020-07-22,30,22.2
4165,USW00014819,"CHICAGO MIDWAY AIRPORT, IL US",41.78412,-87.75514,2020-07-23,2020-07-23,27.2,18.3
4166,USW00014819,"CHICAGO MIDWAY AIRPORT, IL US",41.78412,-87.75514,2020-07-24,2020-07-24,29.4,18.9
4167,USW00014819,"CHICAGO MIDWAY AIRPORT, IL US",41.78412,-87.75514,2020-07-25,2020-07-25,32.2,20.6
4168,USW00014819,"CHICAGO MIDWAY AIRPORT, IL US",41.78412,-87.75514,2020-07-26,2020-07-26,35,23.9
4169,USW00014819,"CHICAGO MIDWAY AIRPORT, IL US",41.78412,-87.75514,2020-07-27,2020-07-27,30,22.2
4170,USW00014819,"CHICAGO MIDWAY AIRPORT, IL US",41.78412,-87.75514,2020-07-28,2020-07-28,31.1,20.6
4171,USW00014819,"CHICAGO MIDWAY AIRPORT, IL US",41.78412,-87.75514,2020-07-29,2020-07-29,32.8,22.2
4172,USW00014819,"CHICAGO MIDWAY AIRPORT, IL US",41.78412,-87.75514,2020-07-30,2020-07-30,28.3,22.2
4173,USW00014819,"CHICAGO MIDWAY AIRPORT, IL US",41.78412,-87.75514,2020-07-31,2020-07-31,27.2,21.1
4174,USW00014819,"CHICAGO MIDWAY AIRPORT, IL US",41.78412,-87.75514,2020-08-01,2020-08-01,26.1,18.3
4175,USW00014819,"CHICAGO MIDWAY AIRPORT, IL US",41.78412,-87.75514,2020-08-02,2020-08-02,29.4,18.3
4176,USW00014819,"CHICAGO MIDWAY AIRPORT, IL US",41.78412,-87.75514,2020-08-03,2020-08-03,22.8,18.3
4177,USW00014819,"CHICAGO MIDWAY AIRPORT, IL US",41.78412,-87.75514,2020-08-04,2020-08-04,23.3,15
4178,USW00014819,"CHICAGO MIDWAY AIRPORT, IL US",41.78412,-87.75514,2020-08-05,2020-08-05,24.4,13.9
4179,USW00014819,"CHICAGO MIDWAY AIRPORT, IL US",41.78412,-87.75514,2020-08-06,2020-08-06,26.7,18.3
4180,USW00014819,"CHICAGO MIDWAY AIRPORT, IL US",41.78412,-87.75514,2020-08-07,2020-08-07,28.9,16.7
4181,USW00014819,"CHICAGO MIDWAY AIRPORT, IL US",41.78412,-87.75514,2020-08-08,2020-08-08,30.6,19.4
4182,USW00014819,"CHICAGO MIDWAY AIRPORT, IL US",41.78412,-87.75514,2020-08-09,2020-08-09,32.2,22.2
4183,USW00014819,"CHICAGO MIDWAY AIRPORT, IL US",41.78412,-87.75514,2020-08-10,2020-08-10,32.2,20.6
4184,USW00014819,"CHICAGO MIDWAY AIRPORT, IL US",41.78412,-87.75514,2020-08-11,2020-08-11,27.8,18.9
4185,USW00014819,"CHICAGO MIDWAY AIRPORT, IL US",41.78412,-87.75514,2020-08-12,2020-08-12,28.3,17.2
4186,USW00014819,"CHICAGO MIDWAY AIRPORT, IL US",41.78412,-87.75514,2020-08-13,2020-08-13,28.9,21.1
4187,USW00014819,"CHICAGO MIDWAY AIRPORT, IL US",41.78412,-87.75514,2020-08-14,2020-08-14,31.1,21.7
4188,USW00014819,"CHICAGO MIDWAY AIRPORT, IL US",41.78412,-87.75514,2020-08-15,2020-08-15,31.7,21.1
4189,USW00014819,"CHICAGO MIDWAY AIRPORT, IL US",41.78412,-87.75514,2020-08-16,2020-08-16,28.3,18.3
4190,USW00014819,"CHICAGO MIDWAY AIRPORT, IL US",41.78412,-87.75514,2020-08-17,2020-08-17,28.9,20.6
4191,USW00014819,"CHICAGO MIDWAY AIRPORT, IL US",41.78412,-87.75514,2020-08-18,2020-08-18,25,19.4
4192,USW00014819,"CHICAGO MIDWAY AIRPORT, IL US",41.78412,-87.75514,2020-08-19,2020-08-19,26.1,16.1
4193,USW00014819,"CHICAGO MIDWAY AIRPORT, IL US",41.78412,-87.75514,2020-08-20,2020-08-20,29.4,16.7
4194,USW00014819,"CHICAGO MIDWAY AIRPORT, IL US",41.78412,-87.75514,2020-08-21,2020-08-21,30.6,18.3
4195,USW00014819,"CHICAGO MIDWAY AIRPORT, IL US",41.78412,-87.75514,2020-08-22,2020-08-22,31.1,19.4
4196,USW00014819,"CHICAGO MIDWAY AIRPORT, IL US",41.78412,-87.75514,2020-08-23,2020-08-23,32.2,21.1
4197,USW00014819,"CHICAGO MIDWAY AIRPORT, IL US",41.78412,-87.75514,2020-08-24,2020-08-24,35.6,22.2
4198,USW00014819,"CHICAGO MIDWAY AIRPORT, IL US",41.78412,-87.75514,2020-08-25,2020-08-25,32.2,25
4199,USW00014819,"CHICAGO MIDWAY AIRPORT, IL US",41.78412,-87.75514,2020-08-26,2020-08-26,34.4,23.9
4200,USW00014819,"CHICAGO MIDWAY AIRPORT, IL US",41.78412,-87.75514,2020-08-27,2020-08-27,35,24.4
4201,USW00014819,"CHICAGO MIDWAY AIRPORT, IL US",41.78412,-87.75514,2020-08-28,2020-08-28,35,24.4
4202,USW00014819,"CHICAGO MIDWAY AIRPORT, IL US",41.78412,-87.75514,2020-08-29,2020-08-29,28.9,20
4203,USW00014819,"CHICAGO MIDWAY AIRPORT, IL US",41.78412,-87.75514,2020-08-30,2020-08-30,25.6,17.8
4204,USW00014819,"CHICAGO MIDWAY AIRPORT, IL US",41.78412,-87.75514,2020-08-31,2020-08-31,29.4,18.3
4205,USW00014819,"CHICAGO MIDWAY AIRPORT, IL US",41.78412,-87.75514,2020-09-01,2020-09-01,23.3,20.6
4206,USW00014819,"CHICAGO MIDWAY AIRPORT, IL US",41.78412,-87.75514,2020-09-02,2020-09-02,31.1,21.1
4207,USW00014819,"CHICAGO MIDWAY AIRPORT, IL US",41.78412,-87.75514,2020-09-03,2020-09-03,31.1,18.3
4208,USW00014819,"CHICAGO MIDWAY AIRPORT, IL US",41.78412,-87.75514,2020-09-04,2020-09-04,26.7,13.3
4209,USW00014819,"CHICAGO MIDWAY AIRPORT, IL US",41.78412,-87.75514,2020-09-05,2020-09-05,28.3,17.8
4210,USW00014819,"CHICAGO MIDWAY AIRPORT, IL US",41.78412,-87.75514,2020-09-06,2020-09-06,27.8,15
4211,USW00014819,"CHICAGO MIDWAY AIRPORT, IL US",41.78412,-87.75514,2020-09-07,2020-09-07,25.6,18.9
4212,USW00014819,"CHICAGO MIDWAY AIRPORT, IL US",41.78412,-87.75514,2020-09-08,2020-09-08,19.4,16.1
4213,USW00014819,"CHICAGO MIDWAY AIRPORT, IL US",41.78412,-87.75514,2020-09-09,2020-09-09,18.9,16.1
4214,USW00014819,"CHICAGO MIDWAY AIRPORT, IL US",41.78412,-87.75514,2020-09-10,2020-09-10,20,14.4
4215,USW00014819,"CHICAGO MIDWAY AIRPORT, IL US",41.78412,-87.75514,2020-09-11,2020-09-11,20.6,16.7
4216,USW00014819,"CHICAGO MIDWAY AIRPORT, IL US",41.78412,-87.75514,2020-09-12,2020-09-12,22.8,17.2
4217,USW00014819,"CHICAGO MIDWAY AIRPORT, IL US",41.78412,-87.75514,2020-09-13,2020-09-13,24.4,16.1
4218,USW00014819,"CHICAGO MIDWAY AIRPORT, IL US",41.78412,-87.75514,2020-09-14,2020-09-14,23.9,13.9
4219,USW00014819,"CHICAGO MIDWAY AIRPORT, IL US",41.78412,-87.75514,2020-09-15,2020-09-15,25.6,15
4220,USW00014819,"CHICAGO MIDWAY AIRPORT, IL US",41.78412,-87.75514,2020-09-16,2020-09-16,28.3,15
4221,USW00014819,"CHICAGO MIDWAY AIRPORT, IL US",41.78412,-87.75514,2020-09-17,2020-09-17,21.1,15.6
4222,USW00014819,"CHICAGO MIDWAY AIRPORT, IL US",41.78412,-87.75514,2020-09-18,2020-09-18,16.7,9.4
4223,USW00014819,"CHICAGO MIDWAY AIRPORT, IL US",41.78412,-87.75514,2020-09-19,2020-09-19,18.3,8.3
4224,USW00014819,"CHICAGO MIDWAY AIRPORT, IL US",41.78412,-87.75514,2020-09-20,2020-09-20,22.8,10
4225,USW00014819,"CHICAGO MIDWAY AIRPORT, IL US",41.78412,-87.75514,2020-09-21,2020-09-21,23.9,11.1
4226,USW00014819,"CHICAGO MIDWAY AIRPORT, IL US",41.78412,-87.75514,2020-09-22,2020-09-22,26.1,12.8
4227,USW00014819,"CHICAGO MIDWAY AIRPORT, IL US",41.78412,-87.75514,2020-09-23,2020-09-23,26.1,14.4
4228,USW00014819,"CHICAGO MIDWAY AIRPORT, IL US",41.78412,-87.75514,2020-09-24,2020-09-24,26.1,13.3
4229,USW00014819,"CHICAGO MIDWAY AIRPORT, IL US",41.78412,-87.75514,2020-09-25,2020-09-25,27.2,15
4230,USW00014819,"CHICAGO MIDWAY AIRPORT, IL US",41.78412,-87.75514,2020-09-26,2020-09-26,25.6,17.2
4231,USW00014819,"CHICAGO MIDWAY AIRPORT, IL US",41.78412,-87.75514,2020-09-27,2020-09-27,25.6,12.2
4232,USW00014819,"CHICAGO MIDWAY AIRPORT, IL US",41.78412,-87.75514,2020-09-28,2020-09-28,17.2,10.6
4233,USW00014819,"CHICAGO MIDWAY AIRPORT, IL US",41.78412,-87.75514,2020-09-29,2020-09-29,16.1,7.2
4234,USW00014819,"CHICAGO MIDWAY AIRPORT, IL US",41.78412,-87.75514,2020-09-30,2020-09-30,20,10.6
4235,USW00014819,"CHICAGO MIDWAY AIRPORT, IL US",41.78412,-87.75514,2020-10-01,2020-10-01,14.4,7.8
4236,USW00014819,"CHICAGO MIDWAY AIRPORT, IL US",41.78412,-87.75514,2020-10-02,2020-10-02,13.3,6.1
4237,USW00014819,"CHICAGO MIDWAY AIRPORT, IL US",41.78412,-87.75514,2020-10-03,2020-10-03,13.9,7.8
4238,USW00014819,"CHICAGO MIDWAY AIRPORT, IL US",41.78412,-87.75514,2020-10-04,2020-10-04,13.9,4.4
4239,USW00014819,"CHICAGO MIDWAY AIRPORT, IL US",41.78412,-87.75514,2020-10-05,2020-10-05,17.2,2.2
4240,USW00014819,"CHICAGO MIDWAY AIRPORT, IL US",41.78412,-87.75514,2020-10-06,2020-10-06,23.9,10.6
4241,USW00014819,"CHICAGO MIDWAY AIRPORT, IL US",41.78412,-87.75514,2020-10-07,2020-10-07,24.4,12.8
4242,USW00014819,"CHICAGO MIDWAY AIRPORT, IL US",41.78412,-87.75514,2020-10-08,2020-10-08,21.1,10
4243,USW00014819,"CHICAGO MIDWAY AIRPORT, IL US",41.78412,-87.75514,2020-10-09,2020-10-09,27.8,10.6
4244,USW00014819,"CHICAGO MIDWAY AIRPORT, IL US",41.78412,-87.75514,2020-10-10,2020-10-10,25,14.4
4245,USW00014819,"CHICAGO MIDWAY AIRPORT, IL US",41.78412,-87.75514,2020-10-11,2020-10-11,20,13.9
4246,USW00014819,"CHICAGO MIDWAY AIRPORT, IL US",41.78412,-87.75514,2020-10-12,2020-10-12,19.4,8.3
4247,USW00014819,"CHICAGO MIDWAY AIRPORT, IL US",41.78412,-87.75514,2020-10-13,2020-10-13,22.8,6.7
4248,USW00014819,"CHICAGO MIDWAY AIRPORT, IL US",41.78412,-87.75514,2020-10-14,2020-10-14,25.6,8.3
4249,USW00014819,"CHICAGO MIDWAY AIRPORT, IL US",41.78412,-87.75514,2020-10-15,2020-10-15,17.8,5.6
4250,USW00014819,"CHICAGO MIDWAY AIRPORT, IL US",41.78412,-87.75514,2020-10-16,2020-10-16,12.8,2.2
4251,USW00014819,"CHICAGO MIDWAY AIRPORT, IL US",41.78412,-87.75514,2020-10-17,2020-10-17,18.3,3.3
4252,USW00014819,"CHICAGO MIDWAY AIRPORT, IL US",41.78412,-87.75514,2020-10-18,2020-10-18,15,4.4
4253,USW00014819,"CHICAGO MIDWAY AIRPORT, IL US",41.78412,-87.75514,2020-10-19,2020-10-19,11.1,4.4
4254,USW00014819,"CHICAGO MIDWAY AIRPORT, IL US",41.78412,-87.75514,2020-10-20,2020-10-20,12.8,6.1
4255,USW00014819,"CHICAGO MIDWAY AIRPORT, IL US",41.78412,-87.75514,2020-10-21,2020-10-21,14.4,7.8
4256,USW00014819,"CHICAGO MIDWAY AIRPORT, IL US",41.78412,-87.75514,2020-10-22,2020-10-22,26.1,8.9
4257,USW00014819,"CHICAGO MIDWAY AIRPORT, IL US",41.78412,-87.75514,2020-10-23,2020-10-23,21.1,5
4258,USW00014819,"CHICAGO MIDWAY AIRPORT, IL US",41.78412,-87.75514,2020-10-24,2020-10-24,8.3,1.7
4259,USW00014819,"CHICAGO MIDWAY AIRPORT, IL US",41.78412,-87.75514,2020-10-25,2020-10-25,8.3,5.6
4260,USW00014819,"CHICAGO MIDWAY AIRPORT, IL US",41.78412,-87.75514,2020-10-26,2020-10-26,5.6,1.1
4261,USW00014819,"CHICAGO MIDWAY AIRPORT, IL US",41.78412,-87.75514,2020-10-27,2020-10-27,2.8,0.6
4262,USW00014819,"CHICAGO MIDWAY AIRPORT, IL US",41.78412,-87.75514,2020-10-28,2020-10-28,10.6,0
4263,USW00014819,"CHICAGO MIDWAY AIRPORT, IL US",41.78412,-87.75514,2020-10-29,2020-10-29,10,2.2
4264,USW00014819,"CHICAGO MIDWAY AIRPORT, IL US",41.78412,-87.75514,2020-10-30,2020-10-30,6.7,-1
4265,USW00014819,"CHICAGO MIDWAY AIRPORT, IL US",41.78412,-87.75514,2020-10-31,2020-10-31,15,0
4266,USW00014819,"CHICAGO MIDWAY AIRPORT, IL US",41.78412,-87.75514,2020-11-01,2020-11-01,12.8,-0.5
4267,USW00014819,"CHICAGO MIDWAY AIRPORT, IL US",41.78412,-87.75514,2020-11-02,2020-11-02,10.6,-2.1
4268,USW00014819,"CHICAGO MIDWAY AIRPORT, IL US",41.78412,-87.75514,2020-11-03,2020-11-03,21.1,3.3
4269,USW00014819,"CHICAGO MIDWAY AIRPORT, IL US",41.78412,-87.75514,2020-11-04,2020-11-04,23.9,9.4
4270,USW00014819,"CHICAGO MIDWAY AIRPORT, IL US",41.78412,-87.75514,2020-11-05,2020-11-05,21.7,13.3
4271,USW00014819,"CHICAGO MIDWAY AIRPORT, IL US",41.78412,-87.75514,2020-11-06,2020-11-06,23.3,9.4
4272,USW00014819,"CHICAGO MIDWAY AIRPORT, IL US",41.78412,-87.75514,2020-11-07,2020-11-07,22.2,11.1
4273,USW00014819,"CHICAGO MIDWAY AIRPORT, IL US",41.78412,-87.75514,2020-11-08,2020-11-08,25,12.2
4274,USW00014819,"CHICAGO MIDWAY AIRPORT, IL US",41.78412,-87.75514,2020-11-09,2020-11-09,24.4,17.2
4275,USW00014819,"CHICAGO MIDWAY AIRPORT, IL US",41.78412,-87.75514,2020-11-10,2020-11-10,23.3,6.7
4276,USW00014819,"CHICAGO MIDWAY AIRPORT, IL US",41.78412,-87.75514,2020-11-11,2020-11-11,7.8,1.7
4277,USW00014819,"CHICAGO MIDWAY AIRPORT, IL US",41.78412,-87.75514,2020-11-12,2020-11-12,11.7,1.7
4278,USW00014819,"CHICAGO MIDWAY AIRPORT, IL US",41.78412,-87.75514,2020-11-13,2020-11-13,7.8,-1
4279,USW00014819,"CHICAGO MIDWAY AIRPORT, IL US",41.78412,-87.75514,2020-11-14,2020-11-14,10,-1.6
4280,USW00014819,"CHICAGO MIDWAY AIRPORT, IL US",41.78412,-87.75514,2020-11-15,2020-11-15,12.8,1.1
4281,USW00014819,"CHICAGO MIDWAY AIRPORT, IL US",41.78412,-87.75514,2020-11-16,2020-11-16,8.9,0
4282,USW00014819,"CHICAGO MIDWAY AIRPORT, IL US",41.78412,-87.75514,2020-11-17,2020-11-17,5.6,-1
4283,USW00014819,"CHICAGO MIDWAY AIRPORT, IL US",41.78412,-87.75514,2020-11-18,2020-11-18,10.6,1.7
4284,USW00014819,"CHICAGO MIDWAY AIRPORT, IL US",41.78412,-87.75514,2020-11-19,2020-11-19,18.9,7.2
4285,USW00014819,"CHICAGO MIDWAY AIRPORT, IL US",41.78412,-87.75514,2020-11-20,2020-11-20,17.8,6.1
4286,USW00014819,"CHICAGO MIDWAY AIRPORT, IL US",41.78412,-87.75514,2020-11-21,2020-11-21,8.3,3.9
4287,USW00014819,"CHICAGO MIDWAY AIRPORT, IL US",41.78412,-87.75514,2020-11-22,2020-11-22,7.8,4.4
4288,USW00014819,"CHICAGO MIDWAY AIRPORT, IL US",41.78412,-87.75514,2020-11-23,2020-11-23,7.8,0.6
4289,USW00014819,"CHICAGO MIDWAY AIRPORT, IL US",41.78412,-87.75514,2020-11-24,2020-11-24,7.2,0.6
4290,USW00014819,"CHICAGO MIDWAY AIRPORT, IL US",41.78412,-87.75514,2020-11-25,2020-11-25,8.3,6.7
4291,USW00014819,"CHICAGO MIDWAY AIRPORT, IL US",41.78412,-87.75514,2020-11-26,2020-11-26,7.8,3.9
4292,USW00014819,"CHICAGO MIDWAY AIRPORT, IL US",41.78412,-87.75514,2020-11-27,2020-11-27,7.2,0.6
4293,USW00014819,"CHICAGO MIDWAY AIRPORT, IL US",41.78412,-87.75514,2020-11-28,2020-11-28,10,-2.1
4294,USW00014819,"CHICAGO MIDWAY AIRPORT, IL US",41.78412,-87.75514,2020-11-29,2020-11-29,10.6,2.2
4295,USW00014819,"CHICAGO MIDWAY AIRPORT, IL US",41.78412,-87.75514,2020-11-30,2020-11-30,3.3,-1.6
4296,USW00014819,"CHICAGO MIDWAY AIRPORT, IL US",41.78412,-87.75514,2020-12-01,2020-12-01,1.1,-3.2
4297,USW00014819,"CHICAGO MIDWAY AIRPORT, IL US",41.78412,-87.75514,2020-12-02,2020-12-02,8.3,-4.3
4298,USW00014819,"CHICAGO MIDWAY AIRPORT, IL US",41.78412,-87.75514,2020-12-03,2020-12-03,8.3,-1.6
4299,USW00014819,"CHICAGO MIDWAY AIRPORT, IL US",41.78412,-87.75514,2020-12-04,2020-12-04,7.8,-0.5
4300,USW00014819,"CHICAGO MIDWAY AIRPORT, IL US",41.78412,-87.75514,2020-12-05,2020-12-05,5,-1
4301,USW00014819,"CHICAGO MIDWAY AIRPORT, IL US",41.78412,-87.75514,2020-12-06,2020-12-06,2.8,1.1
4302,USW00014819,"CHICAGO MIDWAY AIRPORT, IL US",41.78412,-87.75514,2020-12-07,2020-12-07,3.3,1.1
4303,USW00014819,"CHICAGO MIDWAY AIRPORT, IL US",41.78412,-87.75514,2020-12-08,2020-12-08,2.8,0.6
4304,USW00014819,"CHICAGO MIDWAY AIRPORT, IL US",41.78412,-87.75514,2020-12-09,2020-12-09,11.7,0
4305,USW00014819,"CHICAGO MIDWAY AIRPORT, IL US",41.78412,-87.75514,2020-12-10,2020-12-10,13.9,-0.5
4306,USW00014819,"CHICAGO MIDWAY AIRPORT, IL US",41.78412,-87.75514,2020-12-11,2020-12-11,7.2,1.7
4307,USW00014819,"CHICAGO MIDWAY AIRPORT, IL US",41.78412,-87.75514,2020-12-12,2020-12-12,5.6,0
4308,USW00014819,"CHICAGO MIDWAY AIRPORT, IL US",41.78412,-87.75514,2020-12-13,2020-12-13,2.8,-2.7
4309,USW00014819,"CHICAGO MIDWAY AIRPORT, IL US",41.78412,-87.75514,2020-12-14,2020-12-14,0.6,-4.3
4310,USW00014819,"CHICAGO MIDWAY AIRPORT, IL US",41.78412,-87.75514,2020-12-15,2020-12-15,1.1,-5.5
4311,USW00014819,"CHICAGO MIDWAY AIRPORT, IL US",41.78412,-87.75514,2020-12-16,2020-12-16,1.1,-1.6
4312,USW00014819,"CHICAGO MIDWAY AIRPORT, IL US",41.78412,-87.75514,2020-12-17,2020-12-17,1.7,-1.6
4313,USW00014819,"CHICAGO MIDWAY AIRPORT, IL US",41.78412,-87.75514,2020-12-18,2020-12-18,2.8,-4.3
4314,USW00014819,"CHICAGO MIDWAY AIRPORT, IL US",41.78412,-87.75514,2020-12-19,2020-12-19,7.2,1.7
4315,USW00014819,"CHICAGO MIDWAY AIRPORT, IL US",41.78412,-87.75514,2020-12-20,2020-12-20,5.6,0
4316,USW00014819,"CHICAGO MIDWAY AIRPORT, IL US",41.78412,-87.75514,2020-12-21,2020-12-21,8.3,0.6
4317,USW00014819,"CHICAGO MIDWAY AIRPORT, IL US",41.78412,-87.75514,2020-12-22,2020-12-22,5.6,-0.5
4318,USW00014819,"CHICAGO MIDWAY AIRPORT, IL US",41.78412,-87.75514,2020-12-23,2020-12-23,14.4,-2.7
4319,USW00014819,"CHICAGO MIDWAY AIRPORT, IL US",41.78412,-87.75514,2020-12-24,2020-12-24,-2.7,-12.1
4320,USW00014819,"CHICAGO MIDWAY AIRPORT, IL US",41.78412,-87.75514,2020-12-25,2020-12-25,-5.5,-12.7
4321,USW00014819,"CHICAGO MIDWAY AIRPORT, IL US",41.78412,-87.75514,2020-12-26,2020-12-26,1.7,-7.1
4322,USW00014819,"CHICAGO MIDWAY AIRPORT, IL US",41.78412,-87.75514,2020-12-27,2020-12-27,8.3,-3.8
4323,USW00014819,"CHICAGO MIDWAY AIRPORT, IL US",41.78412,-87.75514,2020-12-28,2020-12-28,1.1,-5.5
4324,USW00014819,"CHICAGO MIDWAY AIRPORT, IL US",41.78412,-87.75514,2020-12-29,2020-12-29,0.6,-7.7
4325,USW00014819,"CHICAGO MIDWAY AIRPORT, IL US",41.78412,-87.75514,2020-12-30,2020-12-30,2.2,-3.2
4326,USW00014819,"CHICAGO MIDWAY AIRPORT, IL US",41.78412,-87.75514,2020-12-31,2020-12-31,-1,-4.9
4327,USC00111550,"CHICAGO NORTHERLY ISLAND, IL US",41.8558,-87.6094,2021-01-02,2021-01-02,1.7,-0.6
4328,USC00111550,"CHICAGO NORTHERLY ISLAND, IL US",41.8558,-87.6094,2021-01-03,2021-01-03,1.1,-2.8
4329,USC00111550,"CHICAGO NORTHERLY ISLAND, IL US",41.8558,-87.6094,2021-01-05,2021-01-05,1.7,-1.7
4330,USC00111550,"CHICAGO NORTHERLY ISLAND, IL US",41.8558,-87.6094,2021-01-06,2021-01-06,2.2,-0.6
4331,USC00111550,"CHICAGO NORTHERLY ISLAND, IL US",41.8558,-87.6094,2021-01-07,2021-01-07,2.2,1.1
4332,USC00111550,"CHICAGO NORTHERLY ISLAND, IL US",41.8558,-87.6094,2021-01-08,2021-01-08,1.7,-0.6
4333,USC00111550,"CHICAGO NORTHERLY ISLAND, IL US",41.8558,-87.6094,2021-01-09,2021-01-09,2.2,-1.7
4334,USC00111550,"CHICAGO NORTHERLY ISLAND, IL US",41.8558,-87.6094,2021-01-10,2021-01-10,-0.6,-3.9
4335,USC00111550,"CHICAGO NORTHERLY ISLAND, IL US",41.8558,-87.6094,2021-01-11,2021-01-11,-1.1,-6.1
4336,USC00111550,"CHICAGO NORTHERLY ISLAND, IL US",41.8558,-87.6094,2021-01-12,2021-01-12,3.9,-3.3
4337,USC00111550,"CHICAGO NORTHERLY ISLAND, IL US",41.8558,-87.6094,2021-01-13,2021-01-13,5,0
4338,USC00111550,"CHICAGO NORTHERLY ISLAND, IL US",41.8558,-87.6094,2021-01-14,2021-01-14,4.4,0.6
4339,USC00111550,"CHICAGO NORTHERLY ISLAND, IL US",41.8558,-87.6094,2021-01-15,2021-01-15,3.9,-1.1
4340,USC00111550,"CHICAGO NORTHERLY ISLAND, IL US",41.8558,-87.6094,2021-01-16,2021-01-16,2.8,-1.1
4341,USC00111550,"CHICAGO NORTHERLY ISLAND, IL US",41.8558,-87.6094,2021-01-17,2021-01-17,1.7,-1.7
4342,USC00111550,"CHICAGO NORTHERLY ISLAND, IL US",41.8558,-87.6094,2021-01-18,2021-01-18,-0.6,-3.9
4343,USC00111550,"CHICAGO NORTHERLY ISLAND, IL US",41.8558,-87.6094,2021-01-19,2021-01-19,0,-5.6
4344,USC00111550,"CHICAGO NORTHERLY ISLAND, IL US",41.8558,-87.6094,2021-01-20,2021-01-20,1.7,-8.9
4345,USC00111550,"CHICAGO NORTHERLY ISLAND, IL US",41.8558,-87.6094,2021-01-21,2021-01-21,5.6,0
4346,USC00111550,"CHICAGO NORTHERLY ISLAND, IL US",41.8558,-87.6094,2021-01-22,2021-01-22,0,-9.4
4347,USC00111550,"CHICAGO NORTHERLY ISLAND, IL US",41.8558,-87.6094,2021-01-23,2021-01-23,-1.1,-9.4
4348,USC00111550,"CHICAGO NORTHERLY ISLAND, IL US",41.8558,-87.6094,2021-01-24,2021-01-24,1.1,-2.8
4349,USC00111550,"CHICAGO NORTHERLY ISLAND, IL US",41.8558,-87.6094,2021-01-25,2021-01-25,0.6,-1.7
4350,USC00111550,"CHICAGO NORTHERLY ISLAND, IL US",41.8558,-87.6094,2021-01-26,2021-01-26,-0.6,-3.3
4351,USC00111550,"CHICAGO NORTHERLY ISLAND, IL US",41.8558,-87.6094,2021-01-27,2021-01-27,-2.2,-7.2
4352,USC00111550,"CHICAGO NORTHERLY ISLAND, IL US",41.8558,-87.6094,2021-01-28,2021-01-28,-2.8,-7.8
4353,USC00111550,"CHICAGO NORTHERLY ISLAND, IL US",41.8558,-87.6094,2021-01-30,2021-01-30,0.6,-1.7
4354,USC00111550,"CHICAGO NORTHERLY ISLAND, IL US",41.8558,-87.6094,2021-01-31,2021-01-31,1.1,-1.7
4355,USC00111550,"CHICAGO NORTHERLY ISLAND, IL US",41.8558,-87.6094,2021-02-01,2021-02-01,0.6,-1.7
4356,USC00111550,"CHICAGO NORTHERLY ISLAND, IL US",41.8558,-87.6094,2021-02-02,2021-02-02,0.6,-2.2
4357,USC00111550,"CHICAGO NORTHERLY ISLAND, IL US",41.8558,-87.6094,2021-02-04,2021-02-04,2.8,-6.7
4358,USC00111550,"CHICAGO NORTHERLY ISLAND, IL US",41.8558,-87.6094,2021-02-05,2021-02-05,-6.1,-15
4359,USC00111550,"CHICAGO NORTHERLY ISLAND, IL US",41.8558,-87.6094,2021-02-06,2021-02-06,-9.4,-15
4360,USC00111550,"CHICAGO NORTHERLY ISLAND, IL US",41.8558,-87.6094,2021-02-07,2021-02-07,-13.3,-20.6
4361,USC00111550,"CHICAGO NORTHERLY ISLAND, IL US",41.8558,-87.6094,2021-02-08,2021-02-08,-10.6,-16.1
4362,USC00111550,"CHICAGO NORTHERLY ISLAND, IL US",41.8558,-87.6094,2021-02-09,2021-02-09,-7.2,-15.6
4363,USC00111550,"CHICAGO NORTHERLY ISLAND, IL US",41.8558,-87.6094,2021-02-10,2021-02-10,-7.2,-13.3
4364,USC00111550,"CHICAGO NORTHERLY ISLAND, IL US",41.8558,-87.6094,2021-02-11,2021-02-11,-5,-12.8
4365,USC00111550,"CHICAGO NORTHERLY ISLAND, IL US",41.8558,-87.6094,2021-02-12,2021-02-12,-5,-12.2
4366,USC00111550,"CHICAGO NORTHERLY ISLAND, IL US",41.8558,-87.6094,2021-02-13,2021-02-13,-9.4,-18.3
4367,USC00111550,"CHICAGO NORTHERLY ISLAND, IL US",41.8558,-87.6094,2021-02-14,2021-02-14,-13.9,-19.4
4368,USC00111550,"CHICAGO NORTHERLY ISLAND, IL US",41.8558,-87.6094,2021-02-15,2021-02-15,-8.3,-16.7
4369,USC00111550,"CHICAGO NORTHERLY ISLAND, IL US",41.8558,-87.6094,2021-02-16,2021-02-16,-5,-12.2
4370,USC00111550,"CHICAGO NORTHERLY ISLAND, IL US",41.8558,-87.6094,2021-02-17,2021-02-17,-6.7,-12.8
4371,USC00111550,"CHICAGO NORTHERLY ISLAND, IL US",41.8558,-87.6094,2021-02-18,2021-02-18,-2.8,-9.4
4372,USC00111550,"CHICAGO NORTHERLY ISLAND, IL US",41.8558,-87.6094,2021-02-19,2021-02-19,-5,-12.2
4373,USC00111550,"CHICAGO NORTHERLY ISLAND, IL US",41.8558,-87.6094,2021-02-20,2021-02-20,-1.7,-12.2
4374,USC00111550,"CHICAGO NORTHERLY ISLAND, IL US",41.8558,-87.6094,2021-02-21,2021-02-21,2.8,-11.7
4375,USC00111550,"CHICAGO NORTHERLY ISLAND, IL US",41.8558,-87.6094,2021-02-22,2021-02-22,5,-3.3
4376,USC00111550,"CHICAGO NORTHERLY ISLAND, IL US",41.8558,-87.6094,2021-02-23,2021-02-23,8.3,2.8
4377,USC00111550,"CHICAGO NORTHERLY ISLAND, IL US",41.8558,-87.6094,2021-02-24,2021-02-24,7.8,1.7
4378,USC00111550,"CHICAGO NORTHERLY ISLAND, IL US",41.8558,-87.6094,2021-02-25,2021-02-25,5.6,-1.1
4379,USC00111550,"CHICAGO NORTHERLY ISLAND, IL US",41.8558,-87.6094,2021-02-26,2021-02-26,3.9,-1.7
4380,USC00111550,"CHICAGO NORTHERLY ISLAND, IL US",41.8558,-87.6094,2021-02-27,2021-02-27,10.6,1.1
4381,USC00111550,"CHICAGO NORTHERLY ISLAND, IL US",41.8558,-87.6094,2021-02-28,2021-02-28,10.6,1.7
4382,USC00111550,"CHICAGO NORTHERLY ISLAND, IL US",41.8558,-87.6094,2021-03-01,2021-03-01,1.7,-3.3
4383,USC00111550,"CHICAGO NORTHERLY ISLAND, IL US",41.8558,-87.6094,2021-03-03,2021-03-03,9.4,1.1
4384,USC00111550,"CHICAGO NORTHERLY ISLAND, IL US",41.8558,-87.6094,2021-03-04,2021-03-04,1.7,-1.1
4385,USC00111550,"CHICAGO NORTHERLY ISLAND, IL US",41.8558,-87.6094,2021-03-05,2021-03-05,5.6,-1.7
4386,USC00111550,"CHICAGO NORTHERLY ISLAND, IL US",41.8558,-87.6094,2021-03-06,2021-03-06,4.4,-1.1
4387,USC00111550,"CHICAGO NORTHERLY ISLAND, IL US",41.8558,-87.6094,2021-03-07,2021-03-07,8.9,-2.2
4388,USC00111550,"CHICAGO NORTHERLY ISLAND, IL US",41.8558,-87.6094,2021-03-08,2021-03-08,17.2,6.1
4389,USC00111550,"CHICAGO NORTHERLY ISLAND, IL US",41.8558,-87.6094,2021-03-09,2021-03-09,19.4,3.9
4390,USC00111550,"CHICAGO NORTHERLY ISLAND, IL US",41.8558,-87.6094,2021-03-10,2021-03-10,19.4,13.3
4391,USC00111550,"CHICAGO NORTHERLY ISLAND, IL US",41.8558,-87.6094,2021-03-11,2021-03-11,17.8,7.2
4392,USC00111550,"CHICAGO NORTHERLY ISLAND, IL US",41.8558,-87.6094,2021-03-12,2021-03-12,8.3,1.7
4393,USC00111550,"CHICAGO NORTHERLY ISLAND, IL US",41.8558,-87.6094,2021-03-13,2021-03-13,12.2,1.1
4394,USC00111550,"CHICAGO NORTHERLY ISLAND, IL US",41.8558,-87.6094,2021-03-14,2021-03-14,10,2.2
4395,USC00111550,"CHICAGO NORTHERLY ISLAND, IL US",41.8558,-87.6094,2021-03-15,2021-03-15,3.9,-1.7
4396,USC00111550,"CHICAGO NORTHERLY ISLAND, IL US",41.8558,-87.6094,2021-03-16,2021-03-16,3.9,0.6
4397,USC00111550,"CHICAGO NORTHERLY ISLAND, IL US",41.8558,-87.6094,2021-03-17,2021-03-17,3.3,0.6
4398,USC00111550,"CHICAGO NORTHERLY ISLAND, IL US",41.8558,-87.6094,2021-03-18,2021-03-18,4.4,2.2
4399,USC00111550,"CHICAGO NORTHERLY ISLAND, IL US",41.8558,-87.6094,2021-03-19,2021-03-19,5,1.1
4400,USC00111550,"CHICAGO NORTHERLY ISLAND, IL US",41.8558,-87.6094,2021-03-20,2021-03-20,8.3,0
4401,USC00111550,"CHICAGO NORTHERLY ISLAND, IL US",41.8558,-87.6094,2021-03-21,2021-03-21,18.3,4.4
4402,USC00111550,"CHICAGO NORTHERLY ISLAND, IL US",41.8558,-87.6094,2021-03-22,2021-03-22,20,7.2
4403,USC00111550,"CHICAGO NORTHERLY ISLAND, IL US",41.8558,-87.6094,2021-03-23,2021-03-23,11.7,6.7
4404,USC00111550,"CHICAGO NORTHERLY ISLAND, IL US",41.8558,-87.6094,2021-03-24,2021-03-24,14.4,8.3
4405,USC00111550,"CHICAGO NORTHERLY ISLAND, IL US",41.8558,-87.6094,2021-03-25,2021-03-25,8.3,2.8
4406,USC00111550,"CHICAGO NORTHERLY ISLAND, IL US",41.8558,-87.6094,2021-03-26,2021-03-26,3.9,1.7
4407,USC00111550,"CHICAGO NORTHERLY ISLAND, IL US",41.8558,-87.6094,2021-03-27,2021-03-27,17.2,3.3
4408,USC00111550,"CHICAGO NORTHERLY ISLAND, IL US",41.8558,-87.6094,2021-03-28,2021-03-28,11.1,2.2
4409,USC00111550,"CHICAGO NORTHERLY ISLAND, IL US",41.8558,-87.6094,2021-03-29,2021-03-29,15.6,1.1
4410,USC00111550,"CHICAGO NORTHERLY ISLAND, IL US",41.8558,-87.6094,2021-04-15,2021-04-15,8.9,4.4
4411,USC00111550,"CHICAGO NORTHERLY ISLAND, IL US",41.8558,-87.6094,2021-04-16,2021-04-16,7.8,3.9
4412,USC00111550,"CHICAGO NORTHERLY ISLAND, IL US",41.8558,-87.6094,2021-04-17,2021-04-17,8.3,3.9
4413,USC00111550,"CHICAGO NORTHERLY ISLAND, IL US",41.8558,-87.6094,2021-04-18,2021-04-18,15.6,6.1
4414,USC00111550,"CHICAGO NORTHERLY ISLAND, IL US",41.8558,-87.6094,2021-04-19,2021-04-19,12.2,5.6
4415,USC00111550,"CHICAGO NORTHERLY ISLAND, IL US",41.8558,-87.6094,2021-04-20,2021-04-20,5.6,1.1
4416,USC00111550,"CHICAGO NORTHERLY ISLAND, IL US",41.8558,-87.6094,2021-04-21,2021-04-21,6.1,1.1
4417,USC00111550,"CHICAGO NORTHERLY ISLAND, IL US",41.8558,-87.6094,2021-04-24,2021-04-24,13.9,5.6
4418,USC00111550,"CHICAGO NORTHERLY ISLAND, IL US",41.8558,-87.6094,2021-04-25,2021-04-25,6.1,3.9
4419,USC00111550,"CHICAGO NORTHERLY ISLAND, IL US",41.8558,-87.6094,2021-04-26,2021-04-26,25,4.4
4420,USC00111550,"CHICAGO NORTHERLY ISLAND, IL US",41.8558,-87.6094,2021-04-27,2021-04-27,30,7.8
4421,USC00111550,"CHICAGO NORTHERLY ISLAND, IL US",41.8558,-87.6094,2021-04-28,2021-04-28,7.8,5.6
4422,USC00111550,"CHICAGO NORTHERLY ISLAND, IL US",41.8558,-87.6094,2021-04-29,2021-04-29,15,6.7
4423,USC00111550,"CHICAGO NORTHERLY ISLAND, IL US",41.8558,-87.6094,2021-04-30,2021-04-30,12.8,5.6
4424,USC00111550,"CHICAGO NORTHERLY ISLAND, IL US",41.8558,-87.6094,2021-05-04,2021-05-04,11.7,7.8
4425,USC00111550,"CHICAGO NORTHERLY ISLAND, IL US",41.8558,-87.6094,2021-05-05,2021-05-05,11.1,6.1
4426,USC00111550,"CHICAGO NORTHERLY ISLAND, IL US",41.8558,-87.6094,2021-05-06,2021-05-06,10,6.7
4427,USC00111550,"CHICAGO NORTHERLY ISLAND, IL US",41.8558,-87.6094,2021-05-07,2021-05-07,13.3,5.6
4428,USC00111550,"CHICAGO NORTHERLY ISLAND, IL US",41.8558,-87.6094,2021-05-08,2021-05-08,8.9,4.4
4429,USC00111550,"CHICAGO NORTHERLY ISLAND, IL US",41.8558,-87.6094,2021-05-09,2021-05-09,11.1,4.4
4430,USC00111550,"CHICAGO NORTHERLY ISLAND, IL US",41.8558,-87.6094,2021-05-10,2021-05-10,8.9,6.1
4431,USC00111550,"CHICAGO NORTHERLY ISLAND, IL US",41.8558,-87.6094,2021-05-11,2021-05-11,9.4,5.6
4432,USC00111550,"CHICAGO NORTHERLY ISLAND, IL US",41.8558,-87.6094,2021-05-12,2021-05-12,11.1,6.7
4433,USC00111550,"CHICAGO NORTHERLY ISLAND, IL US",41.8558,-87.6094,2021-05-13,2021-05-13,15.6,8.3
4434,USC00111550,"CHICAGO NORTHERLY ISLAND, IL US",41.8558,-87.6094,2021-05-18,2021-05-18,21.7,12.8
4435,USC00111550,"CHICAGO NORTHERLY ISLAND, IL US",41.8558,-87.6094,2021-05-19,2021-05-19,22.8,15
4436,USC00111550,"CHICAGO NORTHERLY ISLAND, IL US",41.8558,-87.6094,2021-05-20,2021-05-20,28.9,12.2
4437,USC00111550,"CHICAGO NORTHERLY ISLAND, IL US",41.8558,-87.6094,2021-05-21,2021-05-21,28.9,17.8
4438,USC00111550,"CHICAGO NORTHERLY ISLAND, IL US",41.8558,-87.6094,2021-05-22,2021-05-22,30,16.7
4439,USC00111550,"CHICAGO NORTHERLY ISLAND, IL US",41.8558,-87.6094,2021-05-23,2021-05-23,26.1,12.2
4440,USC00111550,"CHICAGO NORTHERLY ISLAND, IL US",41.8558,-87.6094,2021-05-24,2021-05-24,28.3,12.2
4441,USC00111550,"CHICAGO NORTHERLY ISLAND, IL US",41.8558,-87.6094,2021-05-25,2021-05-25,29.4,21.7
4442,USC00111550,"CHICAGO NORTHERLY ISLAND, IL US",41.8558,-87.6094,2021-05-26,2021-05-26,26.7,13.3
4443,USC00111550,"CHICAGO NORTHERLY ISLAND, IL US",41.8558,-87.6094,2021-06-05,2021-06-05,31.7,21.1
4444,USC00111550,"CHICAGO NORTHERLY ISLAND, IL US",41.8558,-87.6094,2021-06-06,2021-06-06,30,22.8
4445,USC00111550,"CHICAGO NORTHERLY ISLAND, IL US",41.8558,-87.6094,2021-06-07,2021-06-07,26.1,18.3
4446,USC00111550,"CHICAGO NORTHERLY ISLAND, IL US",41.8558,-87.6094,2021-06-08,2021-06-08,25,18.3
4447,USC00111550,"CHICAGO NORTHERLY ISLAND, IL US",41.8558,-87.6094,2021-06-09,2021-06-09,25,20
4448,USC00111550,"CHICAGO NORTHERLY ISLAND, IL US",41.8558,-87.6094,2021-06-11,2021-06-11,25.6,20
4449,USC00111550,"CHICAGO NORTHERLY ISLAND, IL US",41.8558,-87.6094,2021-06-12,2021-06-12,25,20.6
4450,USC00111550,"CHICAGO NORTHERLY ISLAND, IL US",41.8558,-87.6094,2021-06-13,2021-06-13,25.6,20.6
4451,USC00111550,"CHICAGO NORTHERLY ISLAND, IL US",41.8558,-87.6094,2021-06-14,2021-06-14,23.9,19.4
4452,USC00111550,"CHICAGO NORTHERLY ISLAND, IL US",41.8558,-87.6094,2021-06-15,2021-06-15,22.8,17.8
4453,USC00111550,"CHICAGO NORTHERLY ISLAND, IL US",41.8558,-87.6094,2021-06-16,2021-06-16,21.1,16.1
4454,USC00111550,"CHICAGO NORTHERLY ISLAND, IL US",41.8558,-87.6094,2021-06-17,2021-06-17,30.6,16.1
4455,USC00111550,"CHICAGO NORTHERLY ISLAND, IL US",41.8558,-87.6094,2021-06-18,2021-06-18,27.8,18.3
4456,USC00111550,"CHICAGO NORTHERLY ISLAND, IL US",41.8558,-87.6094,2021-06-19,2021-06-19,30,18.3
4457,USC00111550,"CHICAGO NORTHERLY ISLAND, IL US",41.8558,-87.6094,2021-06-20,2021-06-20,27.8,18.3
4458,USC00111550,"CHICAGO NORTHERLY ISLAND, IL US",41.8558,-87.6094,2021-06-21,2021-06-21,22.2,13.9
4459,USC00111550,"CHICAGO NORTHERLY ISLAND, IL US",41.8558,-87.6094,2021-06-22,2021-06-22,22.2,13.9
4460,USC00111550,"CHICAGO NORTHERLY ISLAND, IL US",41.8558,-87.6094,2021-06-23,2021-06-23,26.1,18.3
4461,USC00111550,"CHICAGO NORTHERLY ISLAND, IL US",41.8558,-87.6094,2021-06-24,2021-06-24,23.9,19.4
4462,USC00111550,"CHICAGO NORTHERLY ISLAND, IL US",41.8558,-87.6094,2021-06-25,2021-06-25,24.4,18.9
4463,USC00111550,"CHICAGO NORTHERLY ISLAND, IL US",41.8558,-87.6094,2021-06-26,2021-06-26,26.7,21.1
4464,USC00111550,"CHICAGO NORTHERLY ISLAND, IL US",41.8558,-87.6094,2021-06-27,2021-06-27,28.3,17.2
4465,USC00111550,"CHICAGO NORTHERLY ISLAND, IL US",41.8558,-87.6094,2021-06-28,2021-06-28,23.9,17.2
4466,USC00111550,"CHICAGO NORTHERLY ISLAND, IL US",41.8558,-87.6094,2021-06-29,2021-06-29,29.4,19.4
4467,USC00111550,"CHICAGO NORTHERLY ISLAND, IL US",41.8558,-87.6094,2021-06-30,2021-06-30,25,20
4468,USC00111550,"CHICAGO NORTHERLY ISLAND, IL US",41.8558,-87.6094,2021-07-01,2021-07-01,21.1,16.1
4469,USC00111550,"CHICAGO NORTHERLY ISLAND, IL US",41.8558,-87.6094,2021-07-02,2021-07-02,20.6,16.1
4470,USC00111550,"CHICAGO NORTHERLY ISLAND, IL US",41.8558,-87.6094,2021-07-03,2021-07-03,29.4,16.1
4471,USC00111550,"CHICAGO NORTHERLY ISLAND, IL US",41.8558,-87.6094,2021-07-05,2021-07-05,32.2,23.3
4472,USC00111550,"CHICAGO NORTHERLY ISLAND, IL US",41.8558,-87.6094,2021-07-06,2021-07-06,32.2,25
4473,USC00111550,"CHICAGO NORTHERLY ISLAND, IL US",41.8558,-87.6094,2021-07-07,2021-07-07,31.1,18.9
4474,USC00111550,"CHICAGO NORTHERLY ISLAND, IL US",41.8558,-87.6094,2021-07-08,2021-07-08,18.9,17.2
4475,USC00111550,"CHICAGO NORTHERLY ISLAND, IL US",41.8558,-87.6094,2021-07-09,2021-07-09,21.1,16.7
4476,USC00111550,"CHICAGO NORTHERLY ISLAND, IL US",41.8558,-87.6094,2021-07-11,2021-07-11,20,18.3
4477,USC00111550,"CHICAGO NORTHERLY ISLAND, IL US",41.8558,-87.6094,2021-07-12,2021-07-12,22.2,18.3
4478,USC00111550,"CHICAGO NORTHERLY ISLAND, IL US",41.8558,-87.6094,2021-07-13,2021-07-13,26.1,20
4479,USC00111550,"CHICAGO NORTHERLY ISLAND, IL US",41.8558,-87.6094,2021-07-14,2021-07-14,28.3,21.1
4480,USC00111550,"CHICAGO NORTHERLY ISLAND, IL US",41.8558,-87.6094,2021-07-15,2021-07-15,26.1,18.9
4481,USC00111550,"CHICAGO NORTHERLY ISLAND, IL US",41.8558,-87.6094,2021-07-17,2021-07-17,22.2,19.4
4482,USC00111550,"CHICAGO NORTHERLY ISLAND, IL US",41.8558,-87.6094,2021-07-18,2021-07-18,24.4,19.4
4483,USC00111550,"CHICAGO NORTHERLY ISLAND, IL US",41.8558,-87.6094,2021-07-19,2021-07-19,23.9,19.4
4484,USC00111550,"CHICAGO NORTHERLY ISLAND, IL US",41.8558,-87.6094,2021-07-20,2021-07-20,28.3,19.4
4485,USC00111550,"CHICAGO NORTHERLY ISLAND, IL US",41.8558,-87.6094,2021-07-21,2021-07-21,22.8,18.3
4486,USC00111550,"CHICAGO NORTHERLY ISLAND, IL US",41.8558,-87.6094,2021-07-22,2021-07-22,25.6,18.9
4487,USC00111550,"CHICAGO NORTHERLY ISLAND, IL US",41.8558,-87.6094,2021-07-23,2021-07-23,31.7,23.3
4488,USC00111550,"CHICAGO NORTHERLY ISLAND, IL US",41.8558,-87.6094,2021-07-24,2021-07-24,33.3,23.9
4489,USC00111550,"CHICAGO NORTHERLY ISLAND, IL US",41.8558,-87.6094,2021-07-25,2021-07-25,28.3,22.8
4490,USC00111550,"CHICAGO NORTHERLY ISLAND, IL US",41.8558,-87.6094,2021-07-26,2021-07-26,28.9,22.2
4491,USC00111550,"CHICAGO NORTHERLY ISLAND, IL US",41.8558,-87.6094,2021-07-27,2021-07-27,30.6,23.9
4492,USC00111550,"CHICAGO NORTHERLY ISLAND, IL US",41.8558,-87.6094,2021-07-28,2021-07-28,31.7,22.8
4493,USC00111550,"CHICAGO NORTHERLY ISLAND, IL US",41.8558,-87.6094,2021-07-29,2021-07-29,30,21.1
4494,USC00111550,"CHICAGO NORTHERLY ISLAND, IL US",41.8558,-87.6094,2021-07-30,2021-07-30,22.8,18.3
4495,USC00111550,"CHICAGO NORTHERLY ISLAND, IL US",41.8558,-87.6094,2021-07-31,2021-07-31,24.4,17.8
4496,USC00111550,"CHICAGO NORTHERLY ISLAND, IL US",41.8558,-87.6094,2021-08-01,2021-08-01,23.3,18.9
4497,USC00111550,"CHICAGO NORTHERLY ISLAND, IL US",41.8558,-87.6094,2021-08-02,2021-08-02,25,18.3
4498,USC00111550,"CHICAGO NORTHERLY ISLAND, IL US",41.8558,-87.6094,2021-08-03,2021-08-03,25.6,19.4
4499,USC00111550,"CHICAGO NORTHERLY ISLAND, IL US",41.8558,-87.6094,2021-08-04,2021-08-04,25.6,18.9
4500,USC00111550,"CHICAGO NORTHERLY ISLAND, IL US",41.8558,-87.6094,2021-08-05,2021-08-05,30.6,21.1
4501,USC00111550,"CHICAGO NORTHERLY ISLAND, IL US",41.8558,-87.6094,2021-08-06,2021-08-06,28.3,19.4
4502,USC00111550,"CHICAGO NORTHERLY ISLAND, IL US",41.8558,-87.6094,2021-08-07,2021-08-07,31.7,20
4503,USC00111550,"CHICAGO NORTHERLY ISLAND, IL US",41.8558,-87.6094,2021-08-08,2021-08-08,32.8,22.2
4504,USC00111550,"CHICAGO NORTHERLY ISLAND, IL US",41.8558,-87.6094,2021-08-09,2021-08-09,27.8,22.2
4505,USC00111550,"CHICAGO NORTHERLY ISLAND, IL US",41.8558,-87.6094,2021-08-10,2021-08-10,33.9,21.1
4506,USC00111550,"CHICAGO NORTHERLY ISLAND, IL US",41.8558,-87.6094,2021-08-11,2021-08-11,31.1,22.8
4507,USC00111550,"CHICAGO NORTHERLY ISLAND, IL US",41.8558,-87.6094,2021-08-12,2021-08-12,29.4,23.3
4508,USC00111550,"CHICAGO NORTHERLY ISLAND, IL US",41.8558,-87.6094,2021-08-13,2021-08-13,24.4,21.1
4509,USC00111550,"CHICAGO NORTHERLY ISLAND, IL US",41.8558,-87.6094,2021-08-14,2021-08-14,25,20.6
4510,USC00111550,"CHICAGO NORTHERLY ISLAND, IL US",41.8558,-87.6094,2021-08-15,2021-08-15,25,20
4511,USC00111550,"CHICAGO NORTHERLY ISLAND, IL US",41.8558,-87.6094,2021-08-16,2021-08-16,24.4,16.7
4512,USC00111550,"CHICAGO NORTHERLY ISLAND, IL US",41.8558,-87.6094,2021-08-17,2021-08-17,26.1,20
4513,USC00111550,"CHICAGO NORTHERLY ISLAND, IL US",41.8558,-87.6094,2021-08-18,2021-08-18,27.8,22.2
4514,USC00111550,"CHICAGO NORTHERLY ISLAND, IL US",41.8558,-87.6094,2021-08-19,2021-08-19,27.8,22.8
4515,USC00111550,"CHICAGO NORTHERLY ISLAND, IL US",41.8558,-87.6094,2021-08-20,2021-08-20,27.8,22.8
4516,USC00111550,"CHICAGO NORTHERLY ISLAND, IL US",41.8558,-87.6094,2021-08-21,2021-08-21,31.7,23.3
4517,USC00111550,"CHICAGO NORTHERLY ISLAND, IL US",41.8558,-87.6094,2021-08-22,2021-08-22,25.6,21.7
4518,USC00111550,"CHICAGO NORTHERLY ISLAND, IL US",41.8558,-87.6094,2021-08-23,2021-08-23,31.1,20.6
4519,USC00111550,"CHICAGO NORTHERLY ISLAND, IL US",41.8558,-87.6094,2021-08-24,2021-08-24,34.4,21.1
4520,USC00111550,"CHICAGO NORTHERLY ISLAND, IL US",41.8558,-87.6094,2021-08-25,2021-08-25,32.8,22.2
4521,USC00111550,"CHICAGO NORTHERLY ISLAND, IL US",41.8558,-87.6094,2021-08-26,2021-08-26,27.8,22.2
4522,USC00111550,"CHICAGO NORTHERLY ISLAND, IL US",41.8558,-87.6094,2021-08-27,2021-08-27,29.4,22.8
4523,USC00111550,"CHICAGO NORTHERLY ISLAND, IL US",41.8558,-87.6094,2021-08-28,2021-08-28,33.3,24.4
4524,USC00111550,"CHICAGO NORTHERLY ISLAND, IL US",41.8558,-87.6094,2021-08-29,2021-08-29,31.7,25
4525,USC00111550,"CHICAGO NORTHERLY ISLAND, IL US",41.8558,-87.6094,2021-08-30,2021-08-30,26.1,21.7
4526,USC00111550,"CHICAGO NORTHERLY ISLAND, IL US",41.8558,-87.6094,2021-08-31,2021-08-31,26.1,20.6
4527,USC00111550,"CHICAGO NORTHERLY ISLAND, IL US",41.8558,-87.6094,2021-09-01,2021-09-01,24.4,20.6
4528,USC00111550,"CHICAGO NORTHERLY ISLAND, IL US",41.8558,-87.6094,2021-09-02,2021-09-02,23.3,13.3
4529,USC00111550,"CHICAGO NORTHERLY ISLAND, IL US",41.8558,-87.6094,2021-09-03,2021-09-03,25,18.9
4530,USC00111550,"CHICAGO NORTHERLY ISLAND, IL US",41.8558,-87.6094,2021-09-04,2021-09-04,23.3,17.8
4531,USC00111550,"CHICAGO NORTHERLY ISLAND, IL US",41.8558,-87.6094,2021-09-05,2021-09-05,27.8,17.2
4532,USC00111550,"CHICAGO NORTHERLY ISLAND, IL US",41.8558,-87.6094,2021-09-06,2021-09-06,23.3,18.3
4533,USC00111550,"CHICAGO NORTHERLY ISLAND, IL US",41.8558,-87.6094,2021-09-07,2021-09-07,30.6,20
4534,USC00111550,"CHICAGO NORTHERLY ISLAND, IL US",41.8558,-87.6094,2021-09-08,2021-09-08,26.1,17.8
4535,USC00111550,"CHICAGO NORTHERLY ISLAND, IL US",41.8558,-87.6094,2021-09-09,2021-09-09,22.2,16.1
4536,USC00111550,"CHICAGO NORTHERLY ISLAND, IL US",41.8558,-87.6094,2021-09-10,2021-09-10,26.7,17.2
4537,USC00111550,"CHICAGO NORTHERLY ISLAND, IL US",41.8558,-87.6094,2021-09-11,2021-09-11,30,18.9
4538,USC00111550,"CHICAGO NORTHERLY ISLAND, IL US",41.8558,-87.6094,2021-09-12,2021-09-12,30.6,20.6
4539,USC00111550,"CHICAGO NORTHERLY ISLAND, IL US",41.8558,-87.6094,2021-09-13,2021-09-13,27.8,20
4540,USC00111550,"CHICAGO NORTHERLY ISLAND, IL US",41.8558,-87.6094,2021-09-14,2021-09-14,29.4,20
4541,USC00111550,"CHICAGO NORTHERLY ISLAND, IL US",41.8558,-87.6094,2021-09-15,2021-09-15,23.3,18.3
4542,USC00111550,"CHICAGO NORTHERLY ISLAND, IL US",41.8558,-87.6094,2021-09-16,2021-09-16,24.4,17.8
4543,USC00111550,"CHICAGO NORTHERLY ISLAND, IL US",41.8558,-87.6094,2021-09-17,2021-09-17,31.1,19.4
4544,USC00111550,"CHICAGO NORTHERLY ISLAND, IL US",41.8558,-87.6094,2021-09-18,2021-09-18,23.9,20
4545,USC00111550,"CHICAGO NORTHERLY ISLAND, IL US",41.8558,-87.6094,2021-09-19,2021-09-19,26.1,20
4546,USC00111550,"CHICAGO NORTHERLY ISLAND, IL US",41.8558,-87.6094,2021-09-20,2021-09-20,27.8,21.1
4547,USC00111550,"CHICAGO NORTHERLY ISLAND, IL US",41.8558,-87.6094,2021-09-21,2021-09-21,23.3,16.7
4548,USC00111550,"CHICAGO NORTHERLY ISLAND, IL US",41.8558,-87.6094,2021-09-22,2021-09-22,17.8,13.9
4549,USC00111550,"CHICAGO NORTHERLY ISLAND, IL US",41.8558,-87.6094,2021-09-23,2021-09-23,19.4,12.2
4550,USC00111550,"CHICAGO NORTHERLY ISLAND, IL US",41.8558,-87.6094,2021-09-24,2021-09-24,26.1,13.3
4551,USC00111550,"CHICAGO NORTHERLY ISLAND, IL US",41.8558,-87.6094,2021-09-25,2021-09-25,21.1,11.7
4552,USC00111550,"CHICAGO NORTHERLY ISLAND, IL US",41.8558,-87.6094,2021-09-26,2021-09-26,27.8,14.4
4553,USC00111550,"CHICAGO NORTHERLY ISLAND, IL US",41.8558,-87.6094,2021-09-27,2021-09-27,29.4,17.2
4554,USC00111550,"CHICAGO NORTHERLY ISLAND, IL US",41.8558,-87.6094,2021-09-28,2021-09-28,20.6,16.7
4555,USC00111550,"CHICAGO NORTHERLY ISLAND, IL US",41.8558,-87.6094,2021-09-29,2021-09-29,22.2,15.6
4556,USC00111550,"CHICAGO NORTHERLY ISLAND, IL US",41.8558,-87.6094,2021-09-30,2021-09-30,22.2,15.6
4557,USC00111550,"CHICAGO NORTHERLY ISLAND, IL US",41.8558,-87.6094,2021-10-01,2021-10-01,25,16.1
4558,USC00111550,"CHICAGO NORTHERLY ISLAND, IL US",41.8558,-87.6094,2021-10-02,2021-10-02,26.7,20
4559,USC00111550,"CHICAGO NORTHERLY ISLAND, IL US",41.8558,-87.6094,2021-10-03,2021-10-03,22.8,18.3
4560,USC00111550,"CHICAGO NORTHERLY ISLAND, IL US",41.8558,-87.6094,2021-10-04,2021-10-04,20.6,17.8
4561,USC00111550,"CHICAGO NORTHERLY ISLAND, IL US",41.8558,-87.6094,2021-10-05,2021-10-05,19.4,17.8
4562,USC00111550,"CHICAGO NORTHERLY ISLAND, IL US",41.8558,-87.6094,2021-10-06,2021-10-06,18.9,17.8
4563,USC00111550,"CHICAGO NORTHERLY ISLAND, IL US",41.8558,-87.6094,2021-10-07,2021-10-07,21.7,18.3
4564,USC00111550,"CHICAGO NORTHERLY ISLAND, IL US",41.8558,-87.6094,2021-10-08,2021-10-08,22.2,17.2
4565,USC00111550,"CHICAGO NORTHERLY ISLAND, IL US",41.8558,-87.6094,2021-10-09,2021-10-09,23.3,17.8
4566,USC00111550,"CHICAGO NORTHERLY ISLAND, IL US",41.8558,-87.6094,2021-10-10,2021-10-10,27.8,20
4567,USC00111550,"CHICAGO NORTHERLY ISLAND, IL US",41.8558,-87.6094,2021-10-11,2021-10-11,26.1,16.1
4568,USC00111550,"CHICAGO NORTHERLY ISLAND, IL US",41.8558,-87.6094,2021-10-12,2021-10-12,18.3,15
4569,USC00111550,"CHICAGO NORTHERLY ISLAND, IL US",41.8558,-87.6094,2021-10-13,2021-10-13,21.1,13.9
4570,USC00111550,"CHICAGO NORTHERLY ISLAND, IL US",41.8558,-87.6094,2021-10-14,2021-10-14,21.1,15.6
4571,USC00111550,"CHICAGO NORTHERLY ISLAND, IL US",41.8558,-87.6094,2021-10-15,2021-10-15,17.8,12.2
4572,USC00111550,"CHICAGO NORTHERLY ISLAND, IL US",41.8558,-87.6094,2021-10-16,2021-10-16,15,7.8
4573,USC00111550,"CHICAGO NORTHERLY ISLAND, IL US",41.8558,-87.6094,2021-10-17,2021-10-17,19.4,7.8
4574,USC00111550,"CHICAGO NORTHERLY ISLAND, IL US",41.8558,-87.6094,2021-10-18,2021-10-18,22.2,10.6
4575,USC00111550,"CHICAGO NORTHERLY ISLAND, IL US",41.8558,-87.6094,2021-10-19,2021-10-19,22.2,12.2
4576,USC00111550,"CHICAGO NORTHERLY ISLAND, IL US",41.8558,-87.6094,2021-10-20,2021-10-20,22.2,12.8
4577,USC00111550,"CHICAGO NORTHERLY ISLAND, IL US",41.8558,-87.6094,2021-10-21,2021-10-21,18.9,9.4
4578,USC00111550,"CHICAGO NORTHERLY ISLAND, IL US",41.8558,-87.6094,2021-10-22,2021-10-22,12.8,8.3
4579,USC00111550,"CHICAGO NORTHERLY ISLAND, IL US",41.8558,-87.6094,2021-10-23,2021-10-23,11.7,7.8
4580,USC00111550,"CHICAGO NORTHERLY ISLAND, IL US",41.8558,-87.6094,2021-10-24,2021-10-24,11.1,9.4
4581,USC00111550,"CHICAGO NORTHERLY ISLAND, IL US",41.8558,-87.6094,2021-10-25,2021-10-25,11.7,9.4
4582,USC00111550,"CHICAGO NORTHERLY ISLAND, IL US",41.8558,-87.6094,2021-10-26,2021-10-26,13.3,9.4
4583,USC00111550,"CHICAGO NORTHERLY ISLAND, IL US",41.8558,-87.6094,2021-10-27,2021-10-27,12.2,6.7
4584,USC00111550,"CHICAGO NORTHERLY ISLAND, IL US",41.8558,-87.6094,2021-10-28,2021-10-28,13.3,9.4
4585,USC00111550,"CHICAGO NORTHERLY ISLAND, IL US",41.8558,-87.6094,2021-10-29,2021-10-29,13.3,11.7
4586,USC00111550,"CHICAGO NORTHERLY ISLAND, IL US",41.8558,-87.6094,2021-10-30,2021-10-30,14.4,10
4587,USC00111550,"CHICAGO NORTHERLY ISLAND, IL US",41.8558,-87.6094,2021-10-31,2021-10-31,12.2,5.6
4588,USC00111550,"CHICAGO NORTHERLY ISLAND, IL US",41.8558,-87.6094,2021-11-01,2021-11-01,8.9,3.3
4589,USC00111550,"CHICAGO NORTHERLY ISLAND, IL US",41.8558,-87.6094,2021-11-02,2021-11-02,7.8,1.7
4590,USC00111550,"CHICAGO NORTHERLY ISLAND, IL US",41.8558,-87.6094,2021-11-03,2021-11-03,6.7,2.2
4591,USC00111550,"CHICAGO NORTHERLY ISLAND, IL US",41.8558,-87.6094,2021-11-04,2021-11-04,8.9,2.2
4592,USC00111550,"CHICAGO NORTHERLY ISLAND, IL US",41.8558,-87.6094,2021-11-05,2021-11-05,11.1,2.8
4593,USC00111550,"CHICAGO NORTHERLY ISLAND, IL US",41.8558,-87.6094,2021-11-06,2021-11-06,15,3.9
4594,USC00111550,"CHICAGO NORTHERLY ISLAND, IL US",41.8558,-87.6094,2021-11-07,2021-11-07,18.3,6.7
4595,USC00111550,"CHICAGO NORTHERLY ISLAND, IL US",41.8558,-87.6094,2021-11-08,2021-11-08,18.3,9.4
4596,USC00111550,"CHICAGO NORTHERLY ISLAND, IL US",41.8558,-87.6094,2021-11-09,2021-11-09,14.4,9.4
4597,USC00111550,"CHICAGO NORTHERLY ISLAND, IL US",41.8558,-87.6094,2021-11-10,2021-11-10,12.2,8.9
4598,USC00111550,"CHICAGO NORTHERLY ISLAND, IL US",41.8558,-87.6094,2021-11-11,2021-11-11,13.9,6.1
4599,USC00111550,"CHICAGO NORTHERLY ISLAND, IL US",41.8558,-87.6094,2021-11-12,2021-11-12,6.7,1.7
4600,USC00111550,"CHICAGO NORTHERLY ISLAND, IL US",41.8558,-87.6094,2021-11-13,2021-11-13,5,0.6
4601,USC00111550,"CHICAGO NORTHERLY ISLAND, IL US",41.8558,-87.6094,2021-11-14,2021-11-14,3.3,0.6
4602,USC00111550,"CHICAGO NORTHERLY ISLAND, IL US",41.8558,-87.6094,2021-11-15,2021-11-15,2.8,0
4603,USC00111550,"CHICAGO NORTHERLY ISLAND, IL US",41.8558,-87.6094,2021-11-16,2021-11-16,13.9,1.7
4604,USC00111550,"CHICAGO NORTHERLY ISLAND, IL US",41.8558,-87.6094,2021-11-17,2021-11-17,16.1,5
4605,USC00111550,"CHICAGO NORTHERLY ISLAND, IL US",41.8558,-87.6094,2021-11-18,2021-11-18,5.6,0.6
4606,USC00111550,"CHICAGO NORTHERLY ISLAND, IL US",41.8558,-87.6094,2021-11-19,2021-11-19,4.4,-1.7
4607,USC00111550,"CHICAGO NORTHERLY ISLAND, IL US",41.8558,-87.6094,2021-11-20,2021-11-20,9.4,2.2
4608,USC00111550,"CHICAGO NORTHERLY ISLAND, IL US",41.8558,-87.6094,2021-11-21,2021-11-21,12.2,0
4609,USC00111550,"CHICAGO NORTHERLY ISLAND, IL US",41.8558,-87.6094,2021-11-22,2021-11-22,2.8,-3.3
4610,USC00111550,"CHICAGO NORTHERLY ISLAND, IL US",41.8558,-87.6094,2021-11-23,2021-11-23,6.1,-2.2
4611,USC00111550,"CHICAGO NORTHERLY ISLAND, IL US",41.8558,-87.6094,2021-11-24,2021-11-24,11.1,2.8
4612,USC00111550,"CHICAGO NORTHERLY ISLAND, IL US",41.8558,-87.6094,2021-11-25,2021-11-25,8.9,-3.9
4613,USC00111550,"CHICAGO NORTHERLY ISLAND, IL US",41.8558,-87.6094,2021-11-26,2021-11-26,-0.6,-6.7
4614,USC00111550,"CHICAGO NORTHERLY ISLAND, IL US",41.8558,-87.6094,2021-11-27,2021-11-27,5,-1.7
4615,USC00111550,"CHICAGO NORTHERLY ISLAND, IL US",41.8558,-87.6094,2021-11-28,2021-11-28,4.4,-0.6
4616,USC00111550,"CHICAGO NORTHERLY ISLAND, IL US",41.8558,-87.6094,2021-11-29,2021-11-29,4.4,-1.7
4617,USC00111550,"CHICAGO NORTHERLY ISLAND, IL US",41.8558,-87.6094,2021-11-30,2021-11-30,11.1,2.2
4618,USC00111550,"CHICAGO NORTHERLY ISLAND, IL US",41.8558,-87.6094,2021-12-01,2021-12-01,8.9,3.3
4619,USC00111550,"CHICAGO NORTHERLY ISLAND, IL US",41.8558,-87.6094,2021-12-02,2021-12-02,13.9,5.6
4620,USC00111550,"CHICAGO NORTHERLY ISLAND, IL US",41.8558,-87.6094,2021-12-03,2021-12-03,8.3,3.9
4621,USC00111550,"CHICAGO NORTHERLY ISLAND, IL US",41.8558,-87.6094,2021-12-04,2021-12-04,6.1,0.6
4622,USC00111550,"CHICAGO NORTHERLY ISLAND, IL US",41.8558,-87.6094,2021-12-05,2021-12-05,5.6,1.1
4623,USC00111550,"CHICAGO NORTHERLY ISLAND, IL US",41.8558,-87.6094,2021-12-06,2021-12-06,3.9,-8.9
4624,USC00111550,"CHICAGO NORTHERLY ISLAND, IL US",41.8558,-87.6094,2021-12-07,2021-12-07,-3.9,-10.6
4625,USC00111550,"CHICAGO NORTHERLY ISLAND, IL US",41.8558,-87.6094,2021-12-08,2021-12-08,1.7,-5
4626,USC00111550,"CHICAGO NORTHERLY ISLAND, IL US",41.8558,-87.6094,2021-12-09,2021-12-09,7.8,-1.7
4627,USC00111550,"CHICAGO NORTHERLY ISLAND, IL US",41.8558,-87.6094,2021-12-10,2021-12-10,15.6,2.8
4628,USC00111550,"CHICAGO NORTHERLY ISLAND, IL US",41.8558,-87.6094,2021-12-11,2021-12-11,15,0.6
4629,USC00111550,"CHICAGO NORTHERLY ISLAND, IL US",41.8558,-87.6094,2021-12-12,2021-12-12,9.4,0.6
4630,USC00111550,"CHICAGO NORTHERLY ISLAND, IL US",41.8558,-87.6094,2021-12-13,2021-12-13,9.4,1.1
4631,USC00111550,"CHICAGO NORTHERLY ISLAND, IL US",41.8558,-87.6094,2021-12-14,2021-12-14,11.1,1.1
4632,USC00111550,"CHICAGO NORTHERLY ISLAND, IL US",41.8558,-87.6094,2021-12-15,2021-12-15,17.2,8.9
4633,USC00111550,"CHICAGO NORTHERLY ISLAND, IL US",41.8558,-87.6094,2021-12-16,2021-12-16,17.8,0.6
4634,USC00111550,"CHICAGO NORTHERLY ISLAND, IL US",41.8558,-87.6094,2021-12-17,2021-12-17,4.4,-1.7
4635,USC00111550,"CHICAGO NORTHERLY ISLAND, IL US",41.8558,-87.6094,2021-12-18,2021-12-18,4.4,-0.6
4636,USC00111550,"CHICAGO NORTHERLY ISLAND, IL US",41.8558,-87.6094,2021-12-19,2021-12-19,3.3,-1.1
4637,USC00111550,"CHICAGO NORTHERLY ISLAND, IL US",41.8558,-87.6094,2021-12-20,2021-12-20,6.1,-1.1
4638,USC00111550,"CHICAGO NORTHERLY ISLAND, IL US",41.8558,-87.6094,2021-12-21,2021-12-21,5,-2.2
4639,USC00111550,"CHICAGO NORTHERLY ISLAND, IL US",41.8558,-87.6094,2021-12-22,2021-12-22,-0.6,-6.7
4640,USC00111550,"CHICAGO NORTHERLY ISLAND, IL US",41.8558,-87.6094,2021-12-23,2021-12-23,6.7,-2.2
4641,USC00111550,"CHICAGO NORTHERLY ISLAND, IL US",41.8558,-87.6094,2021-12-24,2021-12-24,13.3,2.2
4642,USC00111550,"CHICAGO NORTHERLY ISLAND, IL US",41.8558,-87.6094,2021-12-25,2021-12-25,12.8,2.2
4643,USC00111550,"CHICAGO NORTHERLY ISLAND, IL US",41.8558,-87.6094,2021-12-26,2021-12-26,5,0.6
4644,USC00111550,"CHICAGO NORTHERLY ISLAND, IL US",41.8558,-87.6094,2021-12-27,2021-12-27,7.2,0.6
4645,USC00111550,"CHICAGO NORTHERLY ISLAND, IL US",41.8558,-87.6094,2021-12-28,2021-12-28,2.8,-1.1
4646,USC00111550,"CHICAGO NORTHERLY ISLAND, IL US",41.8558,-87.6094,2021-12-29,2021-12-29,3.3,-1.1
4647,USC00111550,"CHICAGO NORTHERLY ISLAND, IL US",41.8558,-87.6094,2021-12-30,2021-12-30,2.8,-1.1
4648,USC00111550,"CHICAGO NORTHERLY ISLAND, IL US",41.8558,-87.6094,2021-12-31,2021-12-31,5,0
4649,USW00094846,"CHICAGO OHARE INTERNATIONAL AIRPORT, IL US",41.96017,-87.93164,2021-01-01,2021-01-01,1.7,-7.1
4650,USW00094846,"CHICAGO OHARE INTERNATIONAL AIRPORT, IL US",41.96017,-87.93164,2021-01-02,2021-01-02,1.7,-2.1
4651,USW00094846,"CHICAGO OHARE INTERNATIONAL AIRPORT, IL US",41.96017,-87.93164,2021-01-03,2021-01-03,0.6,-3.2
4652,USW00094846,"CHICAGO OHARE INTERNATIONAL AIRPORT, IL US",41.96017,-87.93164,2021-01-04,2021-01-04,-1,-4.3
4653,USW00094846,"CHICAGO OHARE INTERNATIONAL AIRPORT, IL US",41.96017,-87.93164,2021-01-05,2021-01-05,2.8,-1.6
4654,USW00094846,"CHICAGO OHARE INTERNATIONAL AIRPORT, IL US",41.96017,-87.93164,2021-01-06,2021-01-06,3.9,-0.5
4655,USW00094846,"CHICAGO OHARE INTERNATIONAL AIRPORT, IL US",41.96017,-87.93164,2021-01-07,2021-01-07,3.3,0.6
4656,USW00094846,"CHICAGO OHARE INTERNATIONAL AIRPORT, IL US",41.96017,-87.93164,2021-01-08,2021-01-08,2.2,-1
4657,USW00094846,"CHICAGO OHARE INTERNATIONAL AIRPORT, IL US",41.96017,-87.93164,2021-01-09,2021-01-09,2.8,-2.1
4658,USW00094846,"CHICAGO OHARE INTERNATIONAL AIRPORT, IL US",41.96017,-87.93164,2021-01-10,2021-01-10,-1.6,-4.3
4659,USW00094846,"CHICAGO OHARE INTERNATIONAL AIRPORT, IL US",41.96017,-87.93164,2021-01-11,2021-01-11,-1,-5.5
4660,USW00094846,"CHICAGO OHARE INTERNATIONAL AIRPORT, IL US",41.96017,-87.93164,2021-01-12,2021-01-12,2.8,-2.7
4661,USW00094846,"CHICAGO OHARE INTERNATIONAL AIRPORT, IL US",41.96017,-87.93164,2021-01-13,2021-01-13,5,-0.5
4662,USW00094846,"CHICAGO OHARE INTERNATIONAL AIRPORT, IL US",41.96017,-87.93164,2021-01-14,2021-01-14,4.4,0
4663,USW00094846,"CHICAGO OHARE INTERNATIONAL AIRPORT, IL US",41.96017,-87.93164,2021-01-15,2021-01-15,3.9,-1
4664,USW00094846,"CHICAGO OHARE INTERNATIONAL AIRPORT, IL US",41.96017,-87.93164,2021-01-16,2021-01-16,2.2,-1
4665,USW00094846,"CHICAGO OHARE INTERNATIONAL AIRPORT, IL US",41.96017,-87.93164,2021-01-17,2021-01-17,1.1,-2.7
4666,USW00094846,"CHICAGO OHARE INTERNATIONAL AIRPORT, IL US",41.96017,-87.93164,2021-01-18,2021-01-18,-1,-4.9
4667,USW00094846,"CHICAGO OHARE INTERNATIONAL AIRPORT, IL US",41.96017,-87.93164,2021-01-19,2021-01-19,0,-6.6
4668,USW00094846,"CHICAGO OHARE INTERNATIONAL AIRPORT, IL US",41.96017,-87.93164,2021-01-20,2021-01-20,1.1,-10.5
4669,USW00094846,"CHICAGO OHARE INTERNATIONAL AIRPORT, IL US",41.96017,-87.93164,2021-01-21,2021-01-21,3.9,-1
4670,USW00094846,"CHICAGO OHARE INTERNATIONAL AIRPORT, IL US",41.96017,-87.93164,2021-01-22,2021-01-22,-1,-11
4671,USW00094846,"CHICAGO OHARE INTERNATIONAL AIRPORT, IL US",41.96017,-87.93164,2021-01-23,2021-01-23,-1,-12.1
4672,USW00094846,"CHICAGO OHARE INTERNATIONAL AIRPORT, IL US",41.96017,-87.93164,2021-01-24,2021-01-24,1.1,-2.7
4673,USW00094846,"CHICAGO OHARE INTERNATIONAL AIRPORT, IL US",41.96017,-87.93164,2021-01-25,2021-01-25,1.1,-2.1
4674,USW00094846,"CHICAGO OHARE INTERNATIONAL AIRPORT, IL US",41.96017,-87.93164,2021-01-26,2021-01-26,0,-3.8
4675,USW00094846,"CHICAGO OHARE INTERNATIONAL AIRPORT, IL US",41.96017,-87.93164,2021-01-27,2021-01-27,-2.7,-9.9
4676,USW00094846,"CHICAGO OHARE INTERNATIONAL AIRPORT, IL US",41.96017,-87.93164,2021-01-28,2021-01-28,-3.2,-13.2
4677,USW00094846,"CHICAGO OHARE INTERNATIONAL AIRPORT, IL US",41.96017,-87.93164,2021-01-29,2021-01-29,0,-8.8
4678,USW00094846,"CHICAGO OHARE INTERNATIONAL AIRPORT, IL US",41.96017,-87.93164,2021-01-30,2021-01-30,1.1,-1.6
4679,USW00094846,"CHICAGO OHARE INTERNATIONAL AIRPORT, IL US",41.96017,-87.93164,2021-01-31,2021-01-31,0,-1
4680,USW00094846,"CHICAGO OHARE INTERNATIONAL AIRPORT, IL US",41.96017,-87.93164,2021-02-01,2021-02-01,0.6,-5.5
4681,USW00094846,"CHICAGO OHARE INTERNATIONAL AIRPORT, IL US",41.96017,-87.93164,2021-02-02,2021-02-02,0.6,-6
4682,USW00094846,"CHICAGO OHARE INTERNATIONAL AIRPORT, IL US",41.96017,-87.93164,2021-02-03,2021-02-03,2.2,-8.2
4683,USW00094846,"CHICAGO OHARE INTERNATIONAL AIRPORT, IL US",41.96017,-87.93164,2021-02-04,2021-02-04,3.9,-7.1
4684,USW00094846,"CHICAGO OHARE INTERNATIONAL AIRPORT, IL US",41.96017,-87.93164,2021-02-05,2021-02-05,-7.1,-13.2
4685,USW00094846,"CHICAGO OHARE INTERNATIONAL AIRPORT, IL US",41.96017,-87.93164,2021-02-06,2021-02-06,-11,-16.6
4686,USW00094846,"CHICAGO OHARE INTERNATIONAL AIRPORT, IL US",41.96017,-87.93164,2021-02-07,2021-02-07,-14.9,-21.6
4687,USW00094846,"CHICAGO OHARE INTERNATIONAL AIRPORT, IL US",41.96017,-87.93164,2021-02-08,2021-02-08,-9.3,-17.1
4688,USW00094846,"CHICAGO OHARE INTERNATIONAL AIRPORT, IL US",41.96017,-87.93164,2021-02-09,2021-02-09,-7.7,-17.7
4689,USW00094846,"CHICAGO OHARE INTERNATIONAL AIRPORT, IL US",41.96017,-87.93164,2021-02-10,2021-02-10,-8.8,-14.3
4690,USW00094846,"CHICAGO OHARE INTERNATIONAL AIRPORT, IL US",41.96017,-87.93164,2021-02-11,2021-02-11,-6,-16.6
4691,USW00094846,"CHICAGO OHARE INTERNATIONAL AIRPORT, IL US",41.96017,-87.93164,2021-02-12,2021-02-12,-8.2,-13.8
4692,USW00094846,"CHICAGO OHARE INTERNATIONAL AIRPORT, IL US",41.96017,-87.93164,2021-02-13,2021-02-13,-11,-18.2
4693,USW00094846,"CHICAGO OHARE INTERNATIONAL AIRPORT, IL US",41.96017,-87.93164,2021-02-14,2021-02-14,-15.5,-20.5
4694,USW00094846,"CHICAGO OHARE INTERNATIONAL AIRPORT, IL US",41.96017,-87.93164,2021-02-15,2021-02-15,-11,-17.7
4695,USW00094846,"CHICAGO OHARE INTERNATIONAL AIRPORT, IL US",41.96017,-87.93164,2021-02-16,2021-02-16,-6.6,-13.8
4696,USW00094846,"CHICAGO OHARE INTERNATIONAL AIRPORT, IL US",41.96017,-87.93164,2021-02-17,2021-02-17,-2.7,-14.3
4697,USW00094846,"CHICAGO OHARE INTERNATIONAL AIRPORT, IL US",41.96017,-87.93164,2021-02-18,2021-02-18,-3.2,-8.2
4698,USW00094846,"CHICAGO OHARE INTERNATIONAL AIRPORT, IL US",41.96017,-87.93164,2021-02-19,2021-02-19,-6.6,-13.8
4699,USW00094846,"CHICAGO OHARE INTERNATIONAL AIRPORT, IL US",41.96017,-87.93164,2021-02-20,2021-02-20,-1.6,-14.9
4700,USW00094846,"CHICAGO OHARE INTERNATIONAL AIRPORT, IL US",41.96017,-87.93164,2021-02-21,2021-02-21,2.8,-8.2
4701,USW00094846,"CHICAGO OHARE INTERNATIONAL AIRPORT, IL US",41.96017,-87.93164,2021-02-22,2021-02-22,4.4,-3.2
4702,USW00094846,"CHICAGO OHARE INTERNATIONAL AIRPORT, IL US",41.96017,-87.93164,2021-02-23,2021-02-23,8.3,2.8
4703,USW00094846,"CHICAGO OHARE INTERNATIONAL AIRPORT, IL US",41.96017,-87.93164,2021-02-24,2021-02-24,7.2,0
4704,USW00094846,"CHICAGO OHARE INTERNATIONAL AIRPORT, IL US",41.96017,-87.93164,2021-02-25,2021-02-25,4.4,-2.7
4705,USW00094846,"CHICAGO OHARE INTERNATIONAL AIRPORT, IL US",41.96017,-87.93164,2021-02-26,2021-02-26,6.1,-4.3
4706,USW00094846,"CHICAGO OHARE INTERNATIONAL AIRPORT, IL US",41.96017,-87.93164,2021-02-27,2021-02-27,11.1,0.6
4707,USW00094846,"CHICAGO OHARE INTERNATIONAL AIRPORT, IL US",41.96017,-87.93164,2021-02-28,2021-02-28,9.4,1.1
4708,USW00094846,"CHICAGO OHARE INTERNATIONAL AIRPORT, IL US",41.96017,-87.93164,2021-03-01,2021-03-01,1.7,-4.3
4709,USW00094846,"CHICAGO OHARE INTERNATIONAL AIRPORT, IL US",41.96017,-87.93164,2021-03-02,2021-03-02,6.1,-5.5
4710,USW00094846,"CHICAGO OHARE INTERNATIONAL AIRPORT, IL US",41.96017,-87.93164,2021-03-03,2021-03-03,15,0.6
4711,USW00094846,"CHICAGO OHARE INTERNATIONAL AIRPORT, IL US",41.96017,-87.93164,2021-03-04,2021-03-04,2.8,-2.7
4712,USW00094846,"CHICAGO OHARE INTERNATIONAL AIRPORT, IL US",41.96017,-87.93164,2021-03-05,2021-03-05,9.4,-4.3
4713,USW00094846,"CHICAGO OHARE INTERNATIONAL AIRPORT, IL US",41.96017,-87.93164,2021-03-06,2021-03-06,8.9,-3.2
4714,USW00094846,"CHICAGO OHARE INTERNATIONAL AIRPORT, IL US",41.96017,-87.93164,2021-03-07,2021-03-07,11.1,-3.2
4715,USW00094846,"CHICAGO OHARE INTERNATIONAL AIRPORT, IL US",41.96017,-87.93164,2021-03-08,2021-03-08,16.7,6.7
4716,USW00094846,"CHICAGO OHARE INTERNATIONAL AIRPORT, IL US",41.96017,-87.93164,2021-03-09,2021-03-09,20.6,4.4
4717,USW00094846,"CHICAGO OHARE INTERNATIONAL AIRPORT, IL US",41.96017,-87.93164,2021-03-10,2021-03-10,20.6,13.9
4718,USW00094846,"CHICAGO OHARE INTERNATIONAL AIRPORT, IL US",41.96017,-87.93164,2021-03-11,2021-03-11,17.8,5.6
4719,USW00094846,"CHICAGO OHARE INTERNATIONAL AIRPORT, IL US",41.96017,-87.93164,2021-03-12,2021-03-12,12.2,2.8
4720,USW00094846,"CHICAGO OHARE INTERNATIONAL AIRPORT, IL US",41.96017,-87.93164,2021-03-13,2021-03-13,15,-0.5
4721,USW00094846,"CHICAGO OHARE INTERNATIONAL AIRPORT, IL US",41.96017,-87.93164,2021-03-14,2021-03-14,8.9,2.2
4722,USW00094846,"CHICAGO OHARE INTERNATIONAL AIRPORT, IL US",41.96017,-87.93164,2021-03-15,2021-03-15,4.4,-1.6
4723,USW00094846,"CHICAGO OHARE INTERNATIONAL AIRPORT, IL US",41.96017,-87.93164,2021-03-16,2021-03-16,3.3,0.6
4724,USW00094846,"CHICAGO OHARE INTERNATIONAL AIRPORT, IL US",41.96017,-87.93164,2021-03-17,2021-03-17,3.9,1.1
4725,USW00094846,"CHICAGO OHARE INTERNATIONAL AIRPORT, IL US",41.96017,-87.93164,2021-03-18,2021-03-18,6.1,2.2
4726,USW00094846,"CHICAGO OHARE INTERNATIONAL AIRPORT, IL US",41.96017,-87.93164,2021-03-19,2021-03-19,7.2,0
4727,USW00094846,"CHICAGO OHARE INTERNATIONAL AIRPORT, IL US",41.96017,-87.93164,2021-03-20,2021-03-20,14.4,-2.1
4728,USW00094846,"CHICAGO OHARE INTERNATIONAL AIRPORT, IL US",41.96017,-87.93164,2021-03-21,2021-03-21,18.3,2.8
4729,USW00094846,"CHICAGO OHARE INTERNATIONAL AIRPORT, IL US",41.96017,-87.93164,2021-03-22,2021-03-22,20,7.8
4730,USW00094846,"CHICAGO OHARE INTERNATIONAL AIRPORT, IL US",41.96017,-87.93164,2021-03-23,2021-03-23,17.8,10
4731,USW00094846,"CHICAGO OHARE INTERNATIONAL AIRPORT, IL US",41.96017,-87.93164,2021-03-24,2021-03-24,14.4,7.8
4732,USW00094846,"CHICAGO OHARE INTERNATIONAL AIRPORT, IL US",41.96017,-87.93164,2021-03-25,2021-03-25,10,3.3
4733,USW00094846,"CHICAGO OHARE INTERNATIONAL AIRPORT, IL US",41.96017,-87.93164,2021-03-26,2021-03-26,7.2,1.7
4734,USW00094846,"CHICAGO OHARE INTERNATIONAL AIRPORT, IL US",41.96017,-87.93164,2021-03-27,2021-03-27,18.9,2.2
4735,USW00094846,"CHICAGO OHARE INTERNATIONAL AIRPORT, IL US",41.96017,-87.93164,2021-03-28,2021-03-28,10.6,1.7
4736,USW00094846,"CHICAGO OHARE INTERNATIONAL AIRPORT, IL US",41.96017,-87.93164,2021-03-29,2021-03-29,16.7,-0.5
4737,USW00094846,"CHICAGO OHARE INTERNATIONAL AIRPORT, IL US",41.96017,-87.93164,2021-03-30,2021-03-30,20,6.7
4738,USW00094846,"CHICAGO OHARE INTERNATIONAL AIRPORT, IL US",41.96017,-87.93164,2021-03-31,2021-03-31,6.7,0
4739,USW00094846,"CHICAGO OHARE INTERNATIONAL AIRPORT, IL US",41.96017,-87.93164,2021-04-01,2021-04-01,4.4,-4.3
4740,USW00094846,"CHICAGO OHARE INTERNATIONAL AIRPORT, IL US",41.96017,-87.93164,2021-04-02,2021-04-02,10.6,-3.2
4741,USW00094846,"CHICAGO OHARE INTERNATIONAL AIRPORT, IL US",41.96017,-87.93164,2021-04-03,2021-04-03,21.7,4.4
4742,USW00094846,"CHICAGO OHARE INTERNATIONAL AIRPORT, IL US",41.96017,-87.93164,2021-04-04,2021-04-04,24.4,6.1
4743,USW00094846,"CHICAGO OHARE INTERNATIONAL AIRPORT, IL US",41.96017,-87.93164,2021-04-05,2021-04-05,24.4,15.6
4744,USW00094846,"CHICAGO OHARE INTERNATIONAL AIRPORT, IL US",41.96017,-87.93164,2021-04-06,2021-04-06,27.2,15
4745,USW00094846,"CHICAGO OHARE INTERNATIONAL AIRPORT, IL US",41.96017,-87.93164,2021-04-07,2021-04-07,27.8,15.6
4746,USW00094846,"CHICAGO OHARE INTERNATIONAL AIRPORT, IL US",41.96017,-87.93164,2021-04-08,2021-04-08,20.6,11.1
4747,USW00094846,"CHICAGO OHARE INTERNATIONAL AIRPORT, IL US",41.96017,-87.93164,2021-04-09,2021-04-09,16.7,10.6
4748,USW00094846,"CHICAGO OHARE INTERNATIONAL AIRPORT, IL US",41.96017,-87.93164,2021-04-10,2021-04-10,12.8,8.3
4749,USW00094846,"CHICAGO OHARE INTERNATIONAL AIRPORT, IL US",41.96017,-87.93164,2021-04-11,2021-04-11,13.3,7.2
4750,USW00094846,"CHICAGO OHARE INTERNATIONAL AIRPORT, IL US",41.96017,-87.93164,2021-04-12,2021-04-12,16.7,8.9
4751,USW00094846,"CHICAGO OHARE INTERNATIONAL AIRPORT, IL US",41.96017,-87.93164,2021-04-13,2021-04-13,12.2,5.6
4752,USW00094846,"CHICAGO OHARE INTERNATIONAL AIRPORT, IL US",41.96017,-87.93164,2021-04-14,2021-04-14,10.6,2.2
4753,USW00094846,"CHICAGO OHARE INTERNATIONAL AIRPORT, IL US",41.96017,-87.93164,2021-04-15,2021-04-15,13.3,3.9
4754,USW00094846,"CHICAGO OHARE INTERNATIONAL AIRPORT, IL US",41.96017,-87.93164,2021-04-16,2021-04-16,13.9,3.3
4755,USW00094846,"CHICAGO OHARE INTERNATIONAL AIRPORT, IL US",41.96017,-87.93164,2021-04-17,2021-04-17,13.3,1.7
4756,USW00094846,"CHICAGO OHARE INTERNATIONAL AIRPORT, IL US",41.96017,-87.93164,2021-04-18,2021-04-18,16.7,3.9
4757,USW00094846,"CHICAGO OHARE INTERNATIONAL AIRPORT, IL US",41.96017,-87.93164,2021-04-19,2021-04-19,11.1,4.4
4758,USW00094846,"CHICAGO OHARE INTERNATIONAL AIRPORT, IL US",41.96017,-87.93164,2021-04-20,2021-04-20,6.1,1.1
4759,USW00094846,"CHICAGO OHARE INTERNATIONAL AIRPORT, IL US",41.96017,-87.93164,2021-04-21,2021-04-21,10,0.6
4760,USW00094846,"CHICAGO OHARE INTERNATIONAL AIRPORT, IL US",41.96017,-87.93164,2021-04-22,2021-04-22,15.6,0
4761,USW00094846,"CHICAGO OHARE INTERNATIONAL AIRPORT, IL US",41.96017,-87.93164,2021-04-23,2021-04-23,16.7,6.1
4762,USW00094846,"CHICAGO OHARE INTERNATIONAL AIRPORT, IL US",41.96017,-87.93164,2021-04-24,2021-04-24,17.8,6.7
4763,USW00094846,"CHICAGO OHARE INTERNATIONAL AIRPORT, IL US",41.96017,-87.93164,2021-04-25,2021-04-25,8.3,3.9
4764,USW00094846,"CHICAGO OHARE INTERNATIONAL AIRPORT, IL US",41.96017,-87.93164,2021-04-26,2021-04-26,26.1,4.4
4765,USW00094846,"CHICAGO OHARE INTERNATIONAL AIRPORT, IL US",41.96017,-87.93164,2021-04-27,2021-04-27,30.6,10
4766,USW00094846,"CHICAGO OHARE INTERNATIONAL AIRPORT, IL US",41.96017,-87.93164,2021-04-28,2021-04-28,10.6,7.8
4767,USW00094846,"CHICAGO OHARE INTERNATIONAL AIRPORT, IL US",41.96017,-87.93164,2021-04-29,2021-04-29,21.7,8.9
4768,USW00094846,"CHICAGO OHARE INTERNATIONAL AIRPORT, IL US",41.96017,-87.93164,2021-04-30,2021-04-30,13.3,5.6
4769,USW00094846,"CHICAGO OHARE INTERNATIONAL AIRPORT, IL US",41.96017,-87.93164,2021-05-01,2021-05-01,29.4,5.6
4770,USW00094846,"CHICAGO OHARE INTERNATIONAL AIRPORT, IL US",41.96017,-87.93164,2021-05-02,2021-05-02,29.4,17.2
4771,USW00094846,"CHICAGO OHARE INTERNATIONAL AIRPORT, IL US",41.96017,-87.93164,2021-05-03,2021-05-03,22.8,14.4
4772,USW00094846,"CHICAGO OHARE INTERNATIONAL AIRPORT, IL US",41.96017,-87.93164,2021-05-04,2021-05-04,14.4,7.2
4773,USW00094846,"CHICAGO OHARE INTERNATIONAL AIRPORT, IL US",41.96017,-87.93164,2021-05-05,2021-05-05,16.1,5
4774,USW00094846,"CHICAGO OHARE INTERNATIONAL AIRPORT, IL US",41.96017,-87.93164,2021-05-06,2021-05-06,13.3,6.7
4775,USW00094846,"CHICAGO OHARE INTERNATIONAL AIRPORT, IL US",41.96017,-87.93164,2021-05-07,2021-05-07,15.6,3.9
4776,USW00094846,"CHICAGO OHARE INTERNATIONAL AIRPORT, IL US",41.96017,-87.93164,2021-05-08,2021-05-08,12.2,2.8
4777,USW00094846,"CHICAGO OHARE INTERNATIONAL AIRPORT, IL US",41.96017,-87.93164,2021-05-09,2021-05-09,13.9,4.4
4778,USW00094846,"CHICAGO OHARE INTERNATIONAL AIRPORT, IL US",41.96017,-87.93164,2021-05-10,2021-05-10,11.1,3.9
4779,USW00094846,"CHICAGO OHARE INTERNATIONAL AIRPORT, IL US",41.96017,-87.93164,2021-05-11,2021-05-11,13.3,2.2
4780,USW00094846,"CHICAGO OHARE INTERNATIONAL AIRPORT, IL US",41.96017,-87.93164,2021-05-12,2021-05-12,16.7,2.8
4781,USW00094846,"CHICAGO OHARE INTERNATIONAL AIRPORT, IL US",41.96017,-87.93164,2021-05-13,2021-05-13,21.1,5
4782,USW00094846,"CHICAGO OHARE INTERNATIONAL AIRPORT, IL US",41.96017,-87.93164,2021-05-14,2021-05-14,21.7,8.9
4783,USW00094846,"CHICAGO OHARE INTERNATIONAL AIRPORT, IL US",41.96017,-87.93164,2021-05-15,2021-05-15,16.7,12.8
4784,USW00094846,"CHICAGO OHARE INTERNATIONAL AIRPORT, IL US",41.96017,-87.93164,2021-05-16,2021-05-16,22.2,12.8
4785,USW00094846,"CHICAGO OHARE INTERNATIONAL AIRPORT, IL US",41.96017,-87.93164,2021-05-17,2021-05-17,21.1,13.3
4786,USW00094846,"CHICAGO OHARE INTERNATIONAL AIRPORT, IL US",41.96017,-87.93164,2021-05-18,2021-05-18,24.4,14.4
4787,USW00094846,"CHICAGO OHARE INTERNATIONAL AIRPORT, IL US",41.96017,-87.93164,2021-05-19,2021-05-19,23.9,18.3
4788,USW00094846,"CHICAGO OHARE INTERNATIONAL AIRPORT, IL US",41.96017,-87.93164,2021-05-20,2021-05-20,30,18.9
4789,USW00094846,"CHICAGO OHARE INTERNATIONAL AIRPORT, IL US",41.96017,-87.93164,2021-05-21,2021-05-21,30,20.6
4790,USW00094846,"CHICAGO OHARE INTERNATIONAL AIRPORT, IL US",41.96017,-87.93164,2021-05-22,2021-05-22,31.1,21.1
4791,USW00094846,"CHICAGO OHARE INTERNATIONAL AIRPORT, IL US",41.96017,-87.93164,2021-05-23,2021-05-23,27.8,13.3
4792,USW00094846,"CHICAGO OHARE INTERNATIONAL AIRPORT, IL US",41.96017,-87.93164,2021-05-24,2021-05-24,32.2,13.3
4793,USW00094846,"CHICAGO OHARE INTERNATIONAL AIRPORT, IL US",41.96017,-87.93164,2021-05-25,2021-05-25,29.4,20
4794,USW00094846,"CHICAGO OHARE INTERNATIONAL AIRPORT, IL US",41.96017,-87.93164,2021-05-26,2021-05-26,27.8,13.3
4795,USW00094846,"CHICAGO OHARE INTERNATIONAL AIRPORT, IL US",41.96017,-87.93164,2021-05-27,2021-05-27,15,9.4
4796,USW00094846,"CHICAGO OHARE INTERNATIONAL AIRPORT, IL US",41.96017,-87.93164,2021-05-28,2021-05-28,9.4,6.7
4797,USW00094846,"CHICAGO OHARE INTERNATIONAL AIRPORT, IL US",41.96017,-87.93164,2021-05-29,2021-05-29,15.6,7.2
4798,USW00094846,"CHICAGO OHARE INTERNATIONAL AIRPORT, IL US",41.96017,-87.93164,2021-05-30,2021-05-30,20.6,5.6
4799,USW00094846,"CHICAGO OHARE INTERNATIONAL AIRPORT, IL US",41.96017,-87.93164,2021-05-31,2021-05-31,21.1,12.2
4800,USW00094846,"CHICAGO OHARE INTERNATIONAL AIRPORT, IL US",41.96017,-87.93164,2021-06-01,2021-06-01,25,10
4801,USW00094846,"CHICAGO OHARE INTERNATIONAL AIRPORT, IL US",41.96017,-87.93164,2021-06-02,2021-06-02,25.6,12.8
4802,USW00094846,"CHICAGO OHARE INTERNATIONAL AIRPORT, IL US",41.96017,-87.93164,2021-06-03,2021-06-03,30.6,13.3
4803,USW00094846,"CHICAGO OHARE INTERNATIONAL AIRPORT, IL US",41.96017,-87.93164,2021-06-04,2021-06-04,32.8,21.7
4804,USW00094846,"CHICAGO OHARE INTERNATIONAL AIRPORT, IL US",41.96017,-87.93164,2021-06-05,2021-06-05,33.3,20.6
4805,USW00094846,"CHICAGO OHARE INTERNATIONAL AIRPORT, IL US",41.96017,-87.93164,2021-06-06,2021-06-06,31.7,22.2
4806,USW00094846,"CHICAGO OHARE INTERNATIONAL AIRPORT, IL US",41.96017,-87.93164,2021-06-07,2021-06-07,26.7,21.7
4807,USW00094846,"CHICAGO OHARE INTERNATIONAL AIRPORT, IL US",41.96017,-87.93164,2021-06-08,2021-06-08,32.8,21.7
4808,USW00094846,"CHICAGO OHARE INTERNATIONAL AIRPORT, IL US",41.96017,-87.93164,2021-06-09,2021-06-09,31.7,21.1
4809,USW00094846,"CHICAGO OHARE INTERNATIONAL AIRPORT, IL US",41.96017,-87.93164,2021-06-10,2021-06-10,32.2,18.9
4810,USW00094846,"CHICAGO OHARE INTERNATIONAL AIRPORT, IL US",41.96017,-87.93164,2021-06-11,2021-06-11,33.3,21.7
4811,USW00094846,"CHICAGO OHARE INTERNATIONAL AIRPORT, IL US",41.96017,-87.93164,2021-06-12,2021-06-12,33.9,20
4812,USW00094846,"CHICAGO OHARE INTERNATIONAL AIRPORT, IL US",41.96017,-87.93164,2021-06-13,2021-06-13,30.6,18.9
4813,USW00094846,"CHICAGO OHARE INTERNATIONAL AIRPORT, IL US",41.96017,-87.93164,2021-06-14,2021-06-14,28.3,18.3
4814,USW00094846,"CHICAGO OHARE INTERNATIONAL AIRPORT, IL US",41.96017,-87.93164,2021-06-15,2021-06-15,25,15
4815,USW00094846,"CHICAGO OHARE INTERNATIONAL AIRPORT, IL US",41.96017,-87.93164,2021-06-16,2021-06-16,25,13.3
4816,USW00094846,"CHICAGO OHARE INTERNATIONAL AIRPORT, IL US",41.96017,-87.93164,2021-06-17,2021-06-17,31.1,14.4
4817,USW00094846,"CHICAGO OHARE INTERNATIONAL AIRPORT, IL US",41.96017,-87.93164,2021-06-18,2021-06-18,32.2,19.4
4818,USW00094846,"CHICAGO OHARE INTERNATIONAL AIRPORT, IL US",41.96017,-87.93164,2021-06-19,2021-06-19,32.2,17.8
4819,USW00094846,"CHICAGO OHARE INTERNATIONAL AIRPORT, IL US",41.96017,-87.93164,2021-06-20,2021-06-20,27.8,16.7
4820,USW00094846,"CHICAGO OHARE INTERNATIONAL AIRPORT, IL US",41.96017,-87.93164,2021-06-21,2021-06-21,22.2,13.3
4821,USW00094846,"CHICAGO OHARE INTERNATIONAL AIRPORT, IL US",41.96017,-87.93164,2021-06-22,2021-06-22,22.8,12.2
4822,USW00094846,"CHICAGO OHARE INTERNATIONAL AIRPORT, IL US",41.96017,-87.93164,2021-06-23,2021-06-23,26.1,17.2
4823,USW00094846,"CHICAGO OHARE INTERNATIONAL AIRPORT, IL US",41.96017,-87.93164,2021-06-24,2021-06-24,24.4,20
4824,USW00094846,"CHICAGO OHARE INTERNATIONAL AIRPORT, IL US",41.96017,-87.93164,2021-06-25,2021-06-25,25,21.1
4825,USW00094846,"CHICAGO OHARE INTERNATIONAL AIRPORT, IL US",41.96017,-87.93164,2021-06-26,2021-06-26,27.8,21.1
4826,USW00094846,"CHICAGO OHARE INTERNATIONAL AIRPORT, IL US",41.96017,-87.93164,2021-06-27,2021-06-27,28.3,20
4827,USW00094846,"CHICAGO OHARE INTERNATIONAL AIRPORT, IL US",41.96017,-87.93164,2021-06-28,2021-06-28,27.8,18.9
4828,USW00094846,"CHICAGO OHARE INTERNATIONAL AIRPORT, IL US",41.96017,-87.93164,2021-06-29,2021-06-29,28.9,22.2
4829,USW00094846,"CHICAGO OHARE INTERNATIONAL AIRPORT, IL US",41.96017,-87.93164,2021-06-30,2021-06-30,28.3,21.1
4830,USW00094846,"CHICAGO OHARE INTERNATIONAL AIRPORT, IL US",41.96017,-87.93164,2021-07-01,2021-07-01,24.4,15
4831,USW00094846,"CHICAGO OHARE INTERNATIONAL AIRPORT, IL US",41.96017,-87.93164,2021-07-02,2021-07-02,22.8,13.9
4832,USW00094846,"CHICAGO OHARE INTERNATIONAL AIRPORT, IL US",41.96017,-87.93164,2021-07-03,2021-07-03,30,15
4833,USW00094846,"CHICAGO OHARE INTERNATIONAL AIRPORT, IL US",41.96017,-87.93164,2021-07-04,2021-07-04,31.7,21.1
4834,USW00094846,"CHICAGO OHARE INTERNATIONAL AIRPORT, IL US",41.96017,-87.93164,2021-07-05,2021-07-05,32.8,22.8
4835,USW00094846,"CHICAGO OHARE INTERNATIONAL AIRPORT, IL US",41.96017,-87.93164,2021-07-06,2021-07-06,32.8,25
4836,USW00094846,"CHICAGO OHARE INTERNATIONAL AIRPORT, IL US",41.96017,-87.93164,2021-07-07,2021-07-07,31.7,19.4
4837,USW00094846,"CHICAGO OHARE INTERNATIONAL AIRPORT, IL US",41.96017,-87.93164,2021-07-08,2021-07-08,20,16.1
4838,USW00094846,"CHICAGO OHARE INTERNATIONAL AIRPORT, IL US",41.96017,-87.93164,2021-07-09,2021-07-09,24.4,15
4839,USW00094846,"CHICAGO OHARE INTERNATIONAL AIRPORT, IL US",41.96017,-87.93164,2021-07-10,2021-07-10,24.4,17.2
4840,USW00094846,"CHICAGO OHARE INTERNATIONAL AIRPORT, IL US",41.96017,-87.93164,2021-07-11,2021-07-11,21.7,18.9
4841,USW00094846,"CHICAGO OHARE INTERNATIONAL AIRPORT, IL US",41.96017,-87.93164,2021-07-12,2021-07-12,23.3,19.4
4842,USW00094846,"CHICAGO OHARE INTERNATIONAL AIRPORT, IL US",41.96017,-87.93164,2021-07-13,2021-07-13,26.7,20
4843,USW00094846,"CHICAGO OHARE INTERNATIONAL AIRPORT, IL US",41.96017,-87.93164,2021-07-14,2021-07-14,28.9,20.6
4844,USW00094846,"CHICAGO OHARE INTERNATIONAL AIRPORT, IL US",41.96017,-87.93164,2021-07-15,2021-07-15,26.1,18.9
4845,USW00094846,"CHICAGO OHARE INTERNATIONAL AIRPORT, IL US",41.96017,-87.93164,2021-07-16,2021-07-16,22.8,18.3
4846,USW00094846,"CHICAGO OHARE INTERNATIONAL AIRPORT, IL US",41.96017,-87.93164,2021-07-17,2021-07-17,25,17.8
4847,USW00094846,"CHICAGO OHARE INTERNATIONAL AIRPORT, IL US",41.96017,-87.93164,2021-07-18,2021-07-18,27.8,17.2
4848,USW00094846,"CHICAGO OHARE INTERNATIONAL AIRPORT, IL US",41.96017,-87.93164,2021-07-19,2021-07-19,29.4,17.8
4849,USW00094846,"CHICAGO OHARE INTERNATIONAL AIRPORT, IL US",41.96017,-87.93164,2021-07-20,2021-07-20,31.1,19.4
4850,USW00094846,"CHICAGO OHARE INTERNATIONAL AIRPORT, IL US",41.96017,-87.93164,2021-07-21,2021-07-21,23.9,18.3
4851,USW00094846,"CHICAGO OHARE INTERNATIONAL AIRPORT, IL US",41.96017,-87.93164,2021-07-22,2021-07-22,30,17.8
4852,USW00094846,"CHICAGO OHARE INTERNATIONAL AIRPORT, IL US",41.96017,-87.93164,2021-07-23,2021-07-23,31.7,23.3
4853,USW00094846,"CHICAGO OHARE INTERNATIONAL AIRPORT, IL US",41.96017,-87.93164,2021-07-24,2021-07-24,33.3,23.9
4854,USW00094846,"CHICAGO OHARE INTERNATIONAL AIRPORT, IL US",41.96017,-87.93164,2021-07-25,2021-07-25,32.2,22.2
4855,USW00094846,"CHICAGO OHARE INTERNATIONAL AIRPORT, IL US",41.96017,-87.93164,2021-07-26,2021-07-26,34.4,21.1
4856,USW00094846,"CHICAGO OHARE INTERNATIONAL AIRPORT, IL US",41.96017,-87.93164,2021-07-27,2021-07-27,30.6,21.7
4857,USW00094846,"CHICAGO OHARE INTERNATIONAL AIRPORT, IL US",41.96017,-87.93164,2021-07-28,2021-07-28,31.1,21.1
4858,USW00094846,"CHICAGO OHARE INTERNATIONAL AIRPORT, IL US",41.96017,-87.93164,2021-07-29,2021-07-29,31.7,20.6
4859,USW00094846,"CHICAGO OHARE INTERNATIONAL AIRPORT, IL US",41.96017,-87.93164,2021-07-30,2021-07-30,22.8,18.3
4860,USW00094846,"CHICAGO OHARE INTERNATIONAL AIRPORT, IL US",41.96017,-87.93164,2021-07-31,2021-07-31,26.7,16.1
4861,USW00094846,"CHICAGO OHARE INTERNATIONAL AIRPORT, IL US",41.96017,-87.93164,2021-08-01,2021-08-01,24.4,16.7
4862,USW00094846,"CHICAGO OHARE INTERNATIONAL AIRPORT, IL US",41.96017,-87.93164,2021-08-02,2021-08-02,25.6,15.6
4863,USW00094846,"CHICAGO OHARE INTERNATIONAL AIRPORT, IL US",41.96017,-87.93164,2021-08-03,2021-08-03,28.3,16.7
4864,USW00094846,"CHICAGO OHARE INTERNATIONAL AIRPORT, IL US",41.96017,-87.93164,2021-08-04,2021-08-04,29.4,17.8
4865,USW00094846,"CHICAGO OHARE INTERNATIONAL AIRPORT, IL US",41.96017,-87.93164,2021-08-05,2021-08-05,30.6,18.9
4866,USW00094846,"CHICAGO OHARE INTERNATIONAL AIRPORT, IL US",41.96017,-87.93164,2021-08-06,2021-08-06,28.3,18.9
4867,USW00094846,"CHICAGO OHARE INTERNATIONAL AIRPORT, IL US",41.96017,-87.93164,2021-08-07,2021-08-07,31.7,19.4
4868,USW00094846,"CHICAGO OHARE INTERNATIONAL AIRPORT, IL US",41.96017,-87.93164,2021-08-08,2021-08-08,33.3,21.7
4869,USW00094846,"CHICAGO OHARE INTERNATIONAL AIRPORT, IL US",41.96017,-87.93164,2021-08-09,2021-08-09,28.3,21.1
4870,USW00094846,"CHICAGO OHARE INTERNATIONAL AIRPORT, IL US",41.96017,-87.93164,2021-08-10,2021-08-10,33.9,21.1
4871,USW00094846,"CHICAGO OHARE INTERNATIONAL AIRPORT, IL US",41.96017,-87.93164,2021-08-11,2021-08-11,31.1,22.2
4872,USW00094846,"CHICAGO OHARE INTERNATIONAL AIRPORT, IL US",41.96017,-87.93164,2021-08-12,2021-08-12,29.4,22.2
4873,USW00094846,"CHICAGO OHARE INTERNATIONAL AIRPORT, IL US",41.96017,-87.93164,2021-08-13,2021-08-13,28.9,21.1
4874,USW00094846,"CHICAGO OHARE INTERNATIONAL AIRPORT, IL US",41.96017,-87.93164,2021-08-14,2021-08-14,26.7,16.7
4875,USW00094846,"CHICAGO OHARE INTERNATIONAL AIRPORT, IL US",41.96017,-87.93164,2021-08-15,2021-08-15,26.7,15.6
4876,USW00094846,"CHICAGO OHARE INTERNATIONAL AIRPORT, IL US",41.96017,-87.93164,2021-08-16,2021-08-16,26.7,17.2
4877,USW00094846,"CHICAGO OHARE INTERNATIONAL AIRPORT, IL US",41.96017,-87.93164,2021-08-17,2021-08-17,28.9,18.9
4878,USW00094846,"CHICAGO OHARE INTERNATIONAL AIRPORT, IL US",41.96017,-87.93164,2021-08-18,2021-08-18,30,21.1
4879,USW00094846,"CHICAGO OHARE INTERNATIONAL AIRPORT, IL US",41.96017,-87.93164,2021-08-19,2021-08-19,31.1,22.2
4880,USW00094846,"CHICAGO OHARE INTERNATIONAL AIRPORT, IL US",41.96017,-87.93164,2021-08-20,2021-08-20,32.8,21.1
4881,USW00094846,"CHICAGO OHARE INTERNATIONAL AIRPORT, IL US",41.96017,-87.93164,2021-08-21,2021-08-21,31.1,22.8
4882,USW00094846,"CHICAGO OHARE INTERNATIONAL AIRPORT, IL US",41.96017,-87.93164,2021-08-22,2021-08-22,28.3,21.1
4883,USW00094846,"CHICAGO OHARE INTERNATIONAL AIRPORT, IL US",41.96017,-87.93164,2021-08-23,2021-08-23,30.6,19.4
4884,USW00094846,"CHICAGO OHARE INTERNATIONAL AIRPORT, IL US",41.96017,-87.93164,2021-08-24,2021-08-24,35,22.2
4885,USW00094846,"CHICAGO OHARE INTERNATIONAL AIRPORT, IL US",41.96017,-87.93164,2021-08-25,2021-08-25,34.4,21.7
4886,USW00094846,"CHICAGO OHARE INTERNATIONAL AIRPORT, IL US",41.96017,-87.93164,2021-08-26,2021-08-26,32.2,21.1
4887,USW00094846,"CHICAGO OHARE INTERNATIONAL AIRPORT, IL US",41.96017,-87.93164,2021-08-27,2021-08-27,32.8,22.8
4888,USW00094846,"CHICAGO OHARE INTERNATIONAL AIRPORT, IL US",41.96017,-87.93164,2021-08-28,2021-08-28,33.3,24.4
4889,USW00094846,"CHICAGO OHARE INTERNATIONAL AIRPORT, IL US",41.96017,-87.93164,2021-08-29,2021-08-29,31.7,22.2
4890,USW00094846,"CHICAGO OHARE INTERNATIONAL AIRPORT, IL US",41.96017,-87.93164,2021-08-30,2021-08-30,29.4,19.4
4891,USW00094846,"CHICAGO OHARE INTERNATIONAL AIRPORT, IL US",41.96017,-87.93164,2021-08-31,2021-08-31,27.8,18.9
4892,USW00094846,"CHICAGO OHARE INTERNATIONAL AIRPORT, IL US",41.96017,-87.93164,2021-09-01,2021-09-01,24.4,17.2
4893,USW00094846,"CHICAGO OHARE INTERNATIONAL AIRPORT, IL US",41.96017,-87.93164,2021-09-02,2021-09-02,25.6,16.7
4894,USW00094846,"CHICAGO OHARE INTERNATIONAL AIRPORT, IL US",41.96017,-87.93164,2021-09-03,2021-09-03,23.9,17.8
4895,USW00094846,"CHICAGO OHARE INTERNATIONAL AIRPORT, IL US",41.96017,-87.93164,2021-09-04,2021-09-04,22.8,17.2
4896,USW00094846,"CHICAGO OHARE INTERNATIONAL AIRPORT, IL US",41.96017,-87.93164,2021-09-05,2021-09-05,27.8,15.6
4897,USW00094846,"CHICAGO OHARE INTERNATIONAL AIRPORT, IL US",41.96017,-87.93164,2021-09-06,2021-09-06,27.8,16.1
4898,USW00094846,"CHICAGO OHARE INTERNATIONAL AIRPORT, IL US",41.96017,-87.93164,2021-09-07,2021-09-07,31.1,18.3
4899,USW00094846,"CHICAGO OHARE INTERNATIONAL AIRPORT, IL US",41.96017,-87.93164,2021-09-08,2021-09-08,26.1,15
4900,USW00094846,"CHICAGO OHARE INTERNATIONAL AIRPORT, IL US",41.96017,-87.93164,2021-09-09,2021-09-09,25,14.4
4901,USW00094846,"CHICAGO OHARE INTERNATIONAL AIRPORT, IL US",41.96017,-87.93164,2021-09-10,2021-09-10,26.7,15
4902,USW00094846,"CHICAGO OHARE INTERNATIONAL AIRPORT, IL US",41.96017,-87.93164,2021-09-11,2021-09-11,30.6,18.3
4903,USW00094846,"CHICAGO OHARE INTERNATIONAL AIRPORT, IL US",41.96017,-87.93164,2021-09-12,2021-09-12,30.6,20
4904,USW00094846,"CHICAGO OHARE INTERNATIONAL AIRPORT, IL US",41.96017,-87.93164,2021-09-13,2021-09-13,31.1,20
4905,USW00094846,"CHICAGO OHARE INTERNATIONAL AIRPORT, IL US",41.96017,-87.93164,2021-09-14,2021-09-14,30,18.9
4906,USW00094846,"CHICAGO OHARE INTERNATIONAL AIRPORT, IL US",41.96017,-87.93164,2021-09-15,2021-09-15,26.1,15
4907,USW00094846,"CHICAGO OHARE INTERNATIONAL AIRPORT, IL US",41.96017,-87.93164,2021-09-16,2021-09-16,27.8,13.9
4908,USW00094846,"CHICAGO OHARE INTERNATIONAL AIRPORT, IL US",41.96017,-87.93164,2021-09-17,2021-09-17,31.7,17.8
4909,USW00094846,"CHICAGO OHARE INTERNATIONAL AIRPORT, IL US",41.96017,-87.93164,2021-09-18,2021-09-18,25,18.9
4910,USW00094846,"CHICAGO OHARE INTERNATIONAL AIRPORT, IL US",41.96017,-87.93164,2021-09-19,2021-09-19,31.7,17.8
4911,USW00094846,"CHICAGO OHARE INTERNATIONAL AIRPORT, IL US",41.96017,-87.93164,2021-09-20,2021-09-20,27.8,21.1
4912,USW00094846,"CHICAGO OHARE INTERNATIONAL AIRPORT, IL US",41.96017,-87.93164,2021-09-21,2021-09-21,23.9,15.6
4913,USW00094846,"CHICAGO OHARE INTERNATIONAL AIRPORT, IL US",41.96017,-87.93164,2021-09-22,2021-09-22,17.2,13.3
4914,USW00094846,"CHICAGO OHARE INTERNATIONAL AIRPORT, IL US",41.96017,-87.93164,2021-09-23,2021-09-23,19.4,10.6
4915,USW00094846,"CHICAGO OHARE INTERNATIONAL AIRPORT, IL US",41.96017,-87.93164,2021-09-24,2021-09-24,26.1,11.1
4916,USW00094846,"CHICAGO OHARE INTERNATIONAL AIRPORT, IL US",41.96017,-87.93164,2021-09-25,2021-09-25,20.6,10
4917,USW00094846,"CHICAGO OHARE INTERNATIONAL AIRPORT, IL US",41.96017,-87.93164,2021-09-26,2021-09-26,28.3,12.2
4918,USW00094846,"CHICAGO OHARE INTERNATIONAL AIRPORT, IL US",41.96017,-87.93164,2021-09-27,2021-09-27,30.6,17.2
4919,USW00094846,"CHICAGO OHARE INTERNATIONAL AIRPORT, IL US",41.96017,-87.93164,2021-09-28,2021-09-28,22.8,15.6
4920,USW00094846,"CHICAGO OHARE INTERNATIONAL AIRPORT, IL US",41.96017,-87.93164,2021-09-29,2021-09-29,27.8,12.8
4921,USW00094846,"CHICAGO OHARE INTERNATIONAL AIRPORT, IL US",41.96017,-87.93164,2021-09-30,2021-09-30,26.7,15
4922,USW00094846,"CHICAGO OHARE INTERNATIONAL AIRPORT, IL US",41.96017,-87.93164,2021-10-01,2021-10-01,29.4,16.1
4923,USW00094846,"CHICAGO OHARE INTERNATIONAL AIRPORT, IL US",41.96017,-87.93164,2021-10-02,2021-10-02,26.7,18.9
4924,USW00094846,"CHICAGO OHARE INTERNATIONAL AIRPORT, IL US",41.96017,-87.93164,2021-10-03,2021-10-03,24.4,18.3
4925,USW00094846,"CHICAGO OHARE INTERNATIONAL AIRPORT, IL US",41.96017,-87.93164,2021-10-04,2021-10-04,22.8,17.8
4926,USW00094846,"CHICAGO OHARE INTERNATIONAL AIRPORT, IL US",41.96017,-87.93164,2021-10-05,2021-10-05,19.4,18.3
4927,USW00094846,"CHICAGO OHARE INTERNATIONAL AIRPORT, IL US",41.96017,-87.93164,2021-10-06,2021-10-06,20,17.8
4928,USW00094846,"CHICAGO OHARE INTERNATIONAL AIRPORT, IL US",41.96017,-87.93164,2021-10-07,2021-10-07,23.9,18.3
4929,USW00094846,"CHICAGO OHARE INTERNATIONAL AIRPORT, IL US",41.96017,-87.93164,2021-10-08,2021-10-08,23.9,16.7
4930,USW00094846,"CHICAGO OHARE INTERNATIONAL AIRPORT, IL US",41.96017,-87.93164,2021-10-09,2021-10-09,26.7,17.8
4931,USW00094846,"CHICAGO OHARE INTERNATIONAL AIRPORT, IL US",41.96017,-87.93164,2021-10-10,2021-10-10,26.1,21.1
4932,USW00094846,"CHICAGO OHARE INTERNATIONAL AIRPORT, IL US",41.96017,-87.93164,2021-10-11,2021-10-11,25,16.7
4933,USW00094846,"CHICAGO OHARE INTERNATIONAL AIRPORT, IL US",41.96017,-87.93164,2021-10-12,2021-10-12,18.3,13.3
4934,USW00094846,"CHICAGO OHARE INTERNATIONAL AIRPORT, IL US",41.96017,-87.93164,2021-10-13,2021-10-13,21.7,11.7
4935,USW00094846,"CHICAGO OHARE INTERNATIONAL AIRPORT, IL US",41.96017,-87.93164,2021-10-14,2021-10-14,21.7,13.3
4936,USW00094846,"CHICAGO OHARE INTERNATIONAL AIRPORT, IL US",41.96017,-87.93164,2021-10-15,2021-10-15,16.7,10.6
4937,USW00094846,"CHICAGO OHARE INTERNATIONAL AIRPORT, IL US",41.96017,-87.93164,2021-10-16,2021-10-16,15,6.7
4938,USW00094846,"CHICAGO OHARE INTERNATIONAL AIRPORT, IL US",41.96017,-87.93164,2021-10-17,2021-10-17,18.9,5.6
4939,USW00094846,"CHICAGO OHARE INTERNATIONAL AIRPORT, IL US",41.96017,-87.93164,2021-10-18,2021-10-18,22.2,7.2
4940,USW00094846,"CHICAGO OHARE INTERNATIONAL AIRPORT, IL US",41.96017,-87.93164,2021-10-19,2021-10-19,21.7,11.1
4941,USW00094846,"CHICAGO OHARE INTERNATIONAL AIRPORT, IL US",41.96017,-87.93164,2021-10-20,2021-10-20,22.2,11.7
4942,USW00094846,"CHICAGO OHARE INTERNATIONAL AIRPORT, IL US",41.96017,-87.93164,2021-10-21,2021-10-21,18.3,6.7
4943,USW00094846,"CHICAGO OHARE INTERNATIONAL AIRPORT, IL US",41.96017,-87.93164,2021-10-22,2021-10-22,13.3,5
4944,USW00094846,"CHICAGO OHARE INTERNATIONAL AIRPORT, IL US",41.96017,-87.93164,2021-10-23,2021-10-23,13.3,3.9
4945,USW00094846,"CHICAGO OHARE INTERNATIONAL AIRPORT, IL US",41.96017,-87.93164,2021-10-24,2021-10-24,10.6,3.9
4946,USW00094846,"CHICAGO OHARE INTERNATIONAL AIRPORT, IL US",41.96017,-87.93164,2021-10-25,2021-10-25,12.8,8.3
4947,USW00094846,"CHICAGO OHARE INTERNATIONAL AIRPORT, IL US",41.96017,-87.93164,2021-10-26,2021-10-26,13.9,5
4948,USW00094846,"CHICAGO OHARE INTERNATIONAL AIRPORT, IL US",41.96017,-87.93164,2021-10-27,2021-10-27,13.3,3.3
4949,USW00094846,"CHICAGO OHARE INTERNATIONAL AIRPORT, IL US",41.96017,-87.93164,2021-10-28,2021-10-28,13.9,8.9
4950,USW00094846,"CHICAGO OHARE INTERNATIONAL AIRPORT, IL US",41.96017,-87.93164,2021-10-29,2021-10-29,13.3,11.7
4951,USW00094846,"CHICAGO OHARE INTERNATIONAL AIRPORT, IL US",41.96017,-87.93164,2021-10-30,2021-10-30,15,7.2
4952,USW00094846,"CHICAGO OHARE INTERNATIONAL AIRPORT, IL US",41.96017,-87.93164,2021-10-31,2021-10-31,11.7,3.9
4953,USW00094846,"CHICAGO OHARE INTERNATIONAL AIRPORT, IL US",41.96017,-87.93164,2021-11-01,2021-11-01,9.4,1.7
4954,USW00094846,"CHICAGO OHARE INTERNATIONAL AIRPORT, IL US",41.96017,-87.93164,2021-11-02,2021-11-02,8.3,0
4955,USW00094846,"CHICAGO OHARE INTERNATIONAL AIRPORT, IL US",41.96017,-87.93164,2021-11-03,2021-11-03,7.2,-1.6
4956,USW00094846,"CHICAGO OHARE INTERNATIONAL AIRPORT, IL US",41.96017,-87.93164,2021-11-04,2021-11-04,8.3,-1.6
4957,USW00094846,"CHICAGO OHARE INTERNATIONAL AIRPORT, IL US",41.96017,-87.93164,2021-11-05,2021-11-05,11.1,1.1
4958,USW00094846,"CHICAGO OHARE INTERNATIONAL AIRPORT, IL US",41.96017,-87.93164,2021-11-06,2021-11-06,15,2.2
4959,USW00094846,"CHICAGO OHARE INTERNATIONAL AIRPORT, IL US",41.96017,-87.93164,2021-11-07,2021-11-07,18.3,5
4960,USW00094846,"CHICAGO OHARE INTERNATIONAL AIRPORT, IL US",41.96017,-87.93164,2021-11-08,2021-11-08,18.3,9.4
4961,USW00094846,"CHICAGO OHARE INTERNATIONAL AIRPORT, IL US",41.96017,-87.93164,2021-11-09,2021-11-09,14.4,5.6
4962,USW00094846,"CHICAGO OHARE INTERNATIONAL AIRPORT, IL US",41.96017,-87.93164,2021-11-10,2021-11-10,13.3,3.3
4963,USW00094846,"CHICAGO OHARE INTERNATIONAL AIRPORT, IL US",41.96017,-87.93164,2021-11-11,2021-11-11,13.9,5
4964,USW00094846,"CHICAGO OHARE INTERNATIONAL AIRPORT, IL US",41.96017,-87.93164,2021-11-12,2021-11-12,6.1,1.7
4965,USW00094846,"CHICAGO OHARE INTERNATIONAL AIRPORT, IL US",41.96017,-87.93164,2021-11-13,2021-11-13,3.9,0.6
4966,USW00094846,"CHICAGO OHARE INTERNATIONAL AIRPORT, IL US",41.96017,-87.93164,2021-11-14,2021-11-14,2.8,0.6
4967,USW00094846,"CHICAGO OHARE INTERNATIONAL AIRPORT, IL US",41.96017,-87.93164,2021-11-15,2021-11-15,2.2,-1
4968,USW00094846,"CHICAGO OHARE INTERNATIONAL AIRPORT, IL US",41.96017,-87.93164,2021-11-16,2021-11-16,13.3,-1
4969,USW00094846,"CHICAGO OHARE INTERNATIONAL AIRPORT, IL US",41.96017,-87.93164,2021-11-17,2021-11-17,16.1,4.4
4970,USW00094846,"CHICAGO OHARE INTERNATIONAL AIRPORT, IL US",41.96017,-87.93164,2021-11-18,2021-11-18,4.4,0
4971,USW00094846,"CHICAGO OHARE INTERNATIONAL AIRPORT, IL US",41.96017,-87.93164,2021-11-19,2021-11-19,4.4,-3.2
4972,USW00094846,"CHICAGO OHARE INTERNATIONAL AIRPORT, IL US",41.96017,-87.93164,2021-11-20,2021-11-20,10,2.2
4973,USW00094846,"CHICAGO OHARE INTERNATIONAL AIRPORT, IL US",41.96017,-87.93164,2021-11-21,2021-11-21,12.8,-1
4974,USW00094846,"CHICAGO OHARE INTERNATIONAL AIRPORT, IL US",41.96017,-87.93164,2021-11-22,2021-11-22,2.2,-4.9
4975,USW00094846,"CHICAGO OHARE INTERNATIONAL AIRPORT, IL US",41.96017,-87.93164,2021-11-23,2021-11-23,6.1,-4.3
4976,USW00094846,"CHICAGO OHARE INTERNATIONAL AIRPORT, IL US",41.96017,-87.93164,2021-11-24,2021-11-24,11.7,2.8
4977,USW00094846,"CHICAGO OHARE INTERNATIONAL AIRPORT, IL US",41.96017,-87.93164,2021-11-25,2021-11-25,8.9,-4.9
4978,USW00094846,"CHICAGO OHARE INTERNATIONAL AIRPORT, IL US",41.96017,-87.93164,2021-11-26,2021-11-26,-0.5,-7.7
4979,USW00094846,"CHICAGO OHARE INTERNATIONAL AIRPORT, IL US",41.96017,-87.93164,2021-11-27,2021-11-27,5.6,-1
4980,USW00094846,"CHICAGO OHARE INTERNATIONAL AIRPORT, IL US",41.96017,-87.93164,2021-11-28,2021-11-28,5,-2.7
4981,USW00094846,"CHICAGO OHARE INTERNATIONAL AIRPORT, IL US",41.96017,-87.93164,2021-11-29,2021-11-29,5,-2.7
4982,USW00094846,"CHICAGO OHARE INTERNATIONAL AIRPORT, IL US",41.96017,-87.93164,2021-11-30,2021-11-30,11.7,1.1
4983,USW00094846,"CHICAGO OHARE INTERNATIONAL AIRPORT, IL US",41.96017,-87.93164,2021-12-01,2021-12-01,9.4,1.1
4984,USW00094846,"CHICAGO OHARE INTERNATIONAL AIRPORT, IL US",41.96017,-87.93164,2021-12-02,2021-12-02,15,6.7
4985,USW00094846,"CHICAGO OHARE INTERNATIONAL AIRPORT, IL US",41.96017,-87.93164,2021-12-03,2021-12-03,10.6,2.8
4986,USW00094846,"CHICAGO OHARE INTERNATIONAL AIRPORT, IL US",41.96017,-87.93164,2021-12-04,2021-12-04,6.7,-0.5
4987,USW00094846,"CHICAGO OHARE INTERNATIONAL AIRPORT, IL US",41.96017,-87.93164,2021-12-05,2021-12-05,5,1.1
4988,USW00094846,"CHICAGO OHARE INTERNATIONAL AIRPORT, IL US",41.96017,-87.93164,2021-12-06,2021-12-06,3.3,-9.3
4989,USW00094846,"CHICAGO OHARE INTERNATIONAL AIRPORT, IL US",41.96017,-87.93164,2021-12-07,2021-12-07,-3.2,-10.5
4990,USW00094846,"CHICAGO OHARE INTERNATIONAL AIRPORT, IL US",41.96017,-87.93164,2021-12-08,2021-12-08,1.7,-3.8
4991,USW00094846,"CHICAGO OHARE INTERNATIONAL AIRPORT, IL US",41.96017,-87.93164,2021-12-09,2021-12-09,7.8,-2.1
4992,USW00094846,"CHICAGO OHARE INTERNATIONAL AIRPORT, IL US",41.96017,-87.93164,2021-12-10,2021-12-10,15.6,2.2
4993,USW00094846,"CHICAGO OHARE INTERNATIONAL AIRPORT, IL US",41.96017,-87.93164,2021-12-11,2021-12-11,14.4,0
4994,USW00094846,"CHICAGO OHARE INTERNATIONAL AIRPORT, IL US",41.96017,-87.93164,2021-12-12,2021-12-12,8.9,0
4995,USW00094846,"CHICAGO OHARE INTERNATIONAL AIRPORT, IL US",41.96017,-87.93164,2021-12-13,2021-12-13,9.4,0.6
4996,USW00094846,"CHICAGO OHARE INTERNATIONAL AIRPORT, IL US",41.96017,-87.93164,2021-12-14,2021-12-14,12.2,0
4997,USW00094846,"CHICAGO OHARE INTERNATIONAL AIRPORT, IL US",41.96017,-87.93164,2021-12-15,2021-12-15,18.9,10
4998,USW00094846,"CHICAGO OHARE INTERNATIONAL AIRPORT, IL US",41.96017,-87.93164,2021-12-16,2021-12-16,18.9,0
4999,USW00094846,"CHICAGO OHARE INTERNATIONAL AIRPORT, IL US",41.96017,-87.93164,2021-12-17,2021-12-17,4.4,-3.2
5000,USW00094846,"CHICAGO OHARE INTERNATIONAL AIRPORT, IL US",41.96017,-87.93164,2021-12-18,2021-12-18,4.4,-0.5
5001,USW00094846,"CHICAGO OHARE INTERNATIONAL AIRPORT, IL US",41.96017,-87.93164,2021-12-19,2021-12-19,2.8,-2.1
5002,USW00094846,"CHICAGO OHARE INTERNATIONAL AIRPORT, IL US",41.96017,-87.93164,2021-12-20,2021-12-20,5.6,-1
5003,USW00094846,"CHICAGO OHARE INTERNATIONAL AIRPORT, IL US",41.96017,-87.93164,2021-12-21,2021-12-21,4.4,-4.9
5004,USW00094846,"CHICAGO OHARE INTERNATIONAL AIRPORT, IL US",41.96017,-87.93164,2021-12-22,2021-12-22,-0.5,-7.1
5005,USW00094846,"CHICAGO OHARE INTERNATIONAL AIRPORT, IL US",41.96017,-87.93164,2021-12-23,2021-12-23,7.8,-2.7
5006,USW00094846,"CHICAGO OHARE INTERNATIONAL AIRPORT, IL US",41.96017,-87.93164,2021-12-24,2021-12-24,13.9,1.1
5007,USW00094846,"CHICAGO OHARE INTERNATIONAL AIRPORT, IL US",41.96017,-87.93164,2021-12-25,2021-12-25,12.8,-0.5
5008,USW00094846,"CHICAGO OHARE INTERNATIONAL AIRPORT, IL US",41.96017,-87.93164,2021-12-26,2021-12-26,6.1,-3.2
5009,USW00094846,"CHICAGO OHARE INTERNATIONAL AIRPORT, IL US",41.96017,-87.93164,2021-12-27,2021-12-27,7.8,0
5010,USW00094846,"CHICAGO OHARE INTERNATIONAL AIRPORT, IL US",41.96017,-87.93164,2021-12-28,2021-12-28,2.8,-1
5011,USW00094846,"CHICAGO OHARE INTERNATIONAL AIRPORT, IL US",41.96017,-87.93164,2021-12-29,2021-12-29,2.2,-2.1
5012,USW00094846,"CHICAGO OHARE INTERNATIONAL AIRPORT, IL US",41.96017,-87.93164,2021-12-30,2021-12-30,2.8,-1.6
5013,USW00094846,"CHICAGO OHARE INTERNATIONAL AIRPORT, IL US",41.96017,-87.93164,2021-12-31,2021-12-31,6.1,0.6
5014,USW00014819,"CHICAGO MIDWAY AIRPORT, IL US",41.78412,-87.75514,2021-01-01,2021-01-01,1.7,-4.3
5015,USW00014819,"CHICAGO MIDWAY AIRPORT, IL US",41.78412,-87.75514,2021-01-02,2021-01-02,2.2,-1
5016,USW00014819,"CHICAGO MIDWAY AIRPORT, IL US",41.78412,-87.75514,2021-01-03,2021-01-03,1.1,-2.7
5017,USW00014819,"CHICAGO MIDWAY AIRPORT, IL US",41.78412,-87.75514,2021-01-04,2021-01-04,-0.5,-3.8
5018,USW00014819,"CHICAGO MIDWAY AIRPORT, IL US",41.78412,-87.75514,2021-01-05,2021-01-05,2.8,-1.6
5019,USW00014819,"CHICAGO MIDWAY AIRPORT, IL US",41.78412,-87.75514,2021-01-06,2021-01-06,4.4,-1.6
5020,USW00014819,"CHICAGO MIDWAY AIRPORT, IL US",41.78412,-87.75514,2021-01-07,2021-01-07,3.9,1.7
5021,USW00014819,"CHICAGO MIDWAY AIRPORT, IL US",41.78412,-87.75514,2021-01-08,2021-01-08,2.2,-0.5
5022,USW00014819,"CHICAGO MIDWAY AIRPORT, IL US",41.78412,-87.75514,2021-01-09,2021-01-09,3.9,-3.2
5023,USW00014819,"CHICAGO MIDWAY AIRPORT, IL US",41.78412,-87.75514,2021-01-10,2021-01-10,-0.5,-3.8
5024,USW00014819,"CHICAGO MIDWAY AIRPORT, IL US",41.78412,-87.75514,2021-01-11,2021-01-11,-1,-5.5
5025,USW00014819,"CHICAGO MIDWAY AIRPORT, IL US",41.78412,-87.75514,2021-01-12,2021-01-12,3.9,-3.2
5026,USW00014819,"CHICAGO MIDWAY AIRPORT, IL US",41.78412,-87.75514,2021-01-13,2021-01-13,5.6,-0.5
5027,USW00014819,"CHICAGO MIDWAY AIRPORT, IL US",41.78412,-87.75514,2021-01-14,2021-01-14,5,0.6
5028,USW00014819,"CHICAGO MIDWAY AIRPORT, IL US",41.78412,-87.75514,2021-01-15,2021-01-15,3.3,-2.1
5029,USW00014819,"CHICAGO MIDWAY AIRPORT, IL US",41.78412,-87.75514,2021-01-16,2021-01-16,2.8,-2.1
5030,USW00014819,"CHICAGO MIDWAY AIRPORT, IL US",41.78412,-87.75514,2021-01-17,2021-01-17,1.1,-2.1
5031,USW00014819,"CHICAGO MIDWAY AIRPORT, IL US",41.78412,-87.75514,2021-01-18,2021-01-18,-1,-4.3
5032,USW00014819,"CHICAGO MIDWAY AIRPORT, IL US",41.78412,-87.75514,2021-01-19,2021-01-19,0.6,-6.6
5033,USW00014819,"CHICAGO MIDWAY AIRPORT, IL US",41.78412,-87.75514,2021-01-20,2021-01-20,1.7,-9.9
5034,USW00014819,"CHICAGO MIDWAY AIRPORT, IL US",41.78412,-87.75514,2021-01-21,2021-01-21,5.6,-0.5
5035,USW00014819,"CHICAGO MIDWAY AIRPORT, IL US",41.78412,-87.75514,2021-01-22,2021-01-22,-0.5,-10.5
5036,USW00014819,"CHICAGO MIDWAY AIRPORT, IL US",41.78412,-87.75514,2021-01-23,2021-01-23,-0.5,-11.6
5037,USW00014819,"CHICAGO MIDWAY AIRPORT, IL US",41.78412,-87.75514,2021-01-24,2021-01-24,1.7,-2.7
5038,USW00014819,"CHICAGO MIDWAY AIRPORT, IL US",41.78412,-87.75514,2021-01-25,2021-01-25,1.1,-1
5039,USW00014819,"CHICAGO MIDWAY AIRPORT, IL US",41.78412,-87.75514,2021-01-26,2021-01-26,0.6,-3.2
5040,USW00014819,"CHICAGO MIDWAY AIRPORT, IL US",41.78412,-87.75514,2021-01-27,2021-01-27,-2.1,-9.3
5041,USW00014819,"CHICAGO MIDWAY AIRPORT, IL US",41.78412,-87.75514,2021-01-28,2021-01-28,-3.2,-11.6
5042,USW00014819,"CHICAGO MIDWAY AIRPORT, IL US",41.78412,-87.75514,2021-01-29,2021-01-29,0,-7.1
5043,USW00014819,"CHICAGO MIDWAY AIRPORT, IL US",41.78412,-87.75514,2021-01-30,2021-01-30,1.1,-1.6
5044,USW00014819,"CHICAGO MIDWAY AIRPORT, IL US",41.78412,-87.75514,2021-01-31,2021-01-31,1.1,-1.6
5045,USW00014819,"CHICAGO MIDWAY AIRPORT, IL US",41.78412,-87.75514,2021-02-01,2021-02-01,1.1,-4.9
5046,USW00014819,"CHICAGO MIDWAY AIRPORT, IL US",41.78412,-87.75514,2021-02-02,2021-02-02,0.6,-6
5047,USW00014819,"CHICAGO MIDWAY AIRPORT, IL US",41.78412,-87.75514,2021-02-03,2021-02-03,2.2,-8.2
5048,USW00014819,"CHICAGO MIDWAY AIRPORT, IL US",41.78412,-87.75514,2021-02-04,2021-02-04,3.9,-7.1
5049,USW00014819,"CHICAGO MIDWAY AIRPORT, IL US",41.78412,-87.75514,2021-02-05,2021-02-05,-7.1,-12.7
5050,USW00014819,"CHICAGO MIDWAY AIRPORT, IL US",41.78412,-87.75514,2021-02-06,2021-02-06,-9.9,-15.5
5051,USW00014819,"CHICAGO MIDWAY AIRPORT, IL US",41.78412,-87.75514,2021-02-07,2021-02-07,-14.3,-21
5052,USW00014819,"CHICAGO MIDWAY AIRPORT, IL US",41.78412,-87.75514,2021-02-08,2021-02-08,-9.3,-16.6
5053,USW00014819,"CHICAGO MIDWAY AIRPORT, IL US",41.78412,-87.75514,2021-02-09,2021-02-09,-7.1,-16
5054,USW00014819,"CHICAGO MIDWAY AIRPORT, IL US",41.78412,-87.75514,2021-02-10,2021-02-10,-8.2,-13.8
5055,USW00014819,"CHICAGO MIDWAY AIRPORT, IL US",41.78412,-87.75514,2021-02-11,2021-02-11,-4.3,-14.9
5056,USW00014819,"CHICAGO MIDWAY AIRPORT, IL US",41.78412,-87.75514,2021-02-12,2021-02-12,-6,-12.7
5057,USW00014819,"CHICAGO MIDWAY AIRPORT, IL US",41.78412,-87.75514,2021-02-13,2021-02-13,-9.9,-17.7
5058,USW00014819,"CHICAGO MIDWAY AIRPORT, IL US",41.78412,-87.75514,2021-02-14,2021-02-14,-14.3,-19.3
5059,USW00014819,"CHICAGO MIDWAY AIRPORT, IL US",41.78412,-87.75514,2021-02-15,2021-02-15,-7.7,-17.1
5060,USW00014819,"CHICAGO MIDWAY AIRPORT, IL US",41.78412,-87.75514,2021-02-16,2021-02-16,-5.5,-13.2
5061,USW00014819,"CHICAGO MIDWAY AIRPORT, IL US",41.78412,-87.75514,2021-02-17,2021-02-17,-4.3,-14.3
5062,USW00014819,"CHICAGO MIDWAY AIRPORT, IL US",41.78412,-87.75514,2021-02-18,2021-02-18,-3.2,-9.3
5063,USW00014819,"CHICAGO MIDWAY AIRPORT, IL US",41.78412,-87.75514,2021-02-19,2021-02-19,-6,-13.8
5064,USW00014819,"CHICAGO MIDWAY AIRPORT, IL US",41.78412,-87.75514,2021-02-20,2021-02-20,-1.6,-15.5
5065,USW00014819,"CHICAGO MIDWAY AIRPORT, IL US",41.78412,-87.75514,2021-02-21,2021-02-21,3.3,-7.1
5066,USW00014819,"CHICAGO MIDWAY AIRPORT, IL US",41.78412,-87.75514,2021-02-22,2021-02-22,4.4,-3.2
5067,USW00014819,"CHICAGO MIDWAY AIRPORT, IL US",41.78412,-87.75514,2021-02-23,2021-02-23,7.8,2.2
5068,USW00014819,"CHICAGO MIDWAY AIRPORT, IL US",41.78412,-87.75514,2021-02-24,2021-02-24,7.2,0
5069,USW00014819,"CHICAGO MIDWAY AIRPORT, IL US",41.78412,-87.75514,2021-02-25,2021-02-25,4.4,-4.3
5070,USW00014819,"CHICAGO MIDWAY AIRPORT, IL US",41.78412,-87.75514,2021-02-26,2021-02-26,5.6,-4.3
5071,USW00014819,"CHICAGO MIDWAY AIRPORT, IL US",41.78412,-87.75514,2021-02-27,2021-02-27,10,1.1
5072,USW00014819,"CHICAGO MIDWAY AIRPORT, IL US",41.78412,-87.75514,2021-02-28,2021-02-28,9.4,1.1
5073,USW00014819,"CHICAGO MIDWAY AIRPORT, IL US",41.78412,-87.75514,2021-03-01,2021-03-01,1.7,-4.3
5074,USW00014819,"CHICAGO MIDWAY AIRPORT, IL US",41.78412,-87.75514,2021-03-02,2021-03-02,6.7,-5.5
5075,USW00014819,"CHICAGO MIDWAY AIRPORT, IL US",41.78412,-87.75514,2021-03-03,2021-03-03,15.6,1.7
5076,USW00014819,"CHICAGO MIDWAY AIRPORT, IL US",41.78412,-87.75514,2021-03-04,2021-03-04,3.9,-1
5077,USW00014819,"CHICAGO MIDWAY AIRPORT, IL US",41.78412,-87.75514,2021-03-05,2021-03-05,10,-3.8
5078,USW00014819,"CHICAGO MIDWAY AIRPORT, IL US",41.78412,-87.75514,2021-03-06,2021-03-06,8.9,-2.7
5079,USW00014819,"CHICAGO MIDWAY AIRPORT, IL US",41.78412,-87.75514,2021-03-07,2021-03-07,11.1,-3.8
5080,USW00014819,"CHICAGO MIDWAY AIRPORT, IL US",41.78412,-87.75514,2021-03-08,2021-03-08,18.3,5.6
5081,USW00014819,"CHICAGO MIDWAY AIRPORT, IL US",41.78412,-87.75514,2021-03-09,2021-03-09,20.6,6.1
5082,USW00014819,"CHICAGO MIDWAY AIRPORT, IL US",41.78412,-87.75514,2021-03-10,2021-03-10,20.6,12.8
5083,USW00014819,"CHICAGO MIDWAY AIRPORT, IL US",41.78412,-87.75514,2021-03-11,2021-03-11,17.8,6.1
5084,USW00014819,"CHICAGO MIDWAY AIRPORT, IL US",41.78412,-87.75514,2021-03-12,2021-03-12,12.8,2.2
5085,USW00014819,"CHICAGO MIDWAY AIRPORT, IL US",41.78412,-87.75514,2021-03-13,2021-03-13,15.6,0.6
5086,USW00014819,"CHICAGO MIDWAY AIRPORT, IL US",41.78412,-87.75514,2021-03-14,2021-03-14,8.3,3.3
5087,USW00014819,"CHICAGO MIDWAY AIRPORT, IL US",41.78412,-87.75514,2021-03-15,2021-03-15,4.4,-1
5088,USW00014819,"CHICAGO MIDWAY AIRPORT, IL US",41.78412,-87.75514,2021-03-16,2021-03-16,3.3,0.6
5089,USW00014819,"CHICAGO MIDWAY AIRPORT, IL US",41.78412,-87.75514,2021-03-17,2021-03-17,5,0.6
5090,USW00014819,"CHICAGO MIDWAY AIRPORT, IL US",41.78412,-87.75514,2021-03-18,2021-03-18,6.1,2.8
5091,USW00014819,"CHICAGO MIDWAY AIRPORT, IL US",41.78412,-87.75514,2021-03-19,2021-03-19,7.8,0.6
5092,USW00014819,"CHICAGO MIDWAY AIRPORT, IL US",41.78412,-87.75514,2021-03-20,2021-03-20,14.4,0
5093,USW00014819,"CHICAGO MIDWAY AIRPORT, IL US",41.78412,-87.75514,2021-03-21,2021-03-21,18.9,3.9
5094,USW00014819,"CHICAGO MIDWAY AIRPORT, IL US",41.78412,-87.75514,2021-03-22,2021-03-22,20,8.3
5095,USW00014819,"CHICAGO MIDWAY AIRPORT, IL US",41.78412,-87.75514,2021-03-23,2021-03-23,18.9,11.1
5096,USW00014819,"CHICAGO MIDWAY AIRPORT, IL US",41.78412,-87.75514,2021-03-24,2021-03-24,15.6,8.9
5097,USW00014819,"CHICAGO MIDWAY AIRPORT, IL US",41.78412,-87.75514,2021-03-25,2021-03-25,10,3.3
5098,USW00014819,"CHICAGO MIDWAY AIRPORT, IL US",41.78412,-87.75514,2021-03-26,2021-03-26,5.6,2.2
5099,USW00014819,"CHICAGO MIDWAY AIRPORT, IL US",41.78412,-87.75514,2021-03-27,2021-03-27,18.9,2.8
5100,USW00014819,"CHICAGO MIDWAY AIRPORT, IL US",41.78412,-87.75514,2021-03-28,2021-03-28,11.1,1.1
5101,USW00014819,"CHICAGO MIDWAY AIRPORT, IL US",41.78412,-87.75514,2021-03-29,2021-03-29,16.7,0
5102,USW00014819,"CHICAGO MIDWAY AIRPORT, IL US",41.78412,-87.75514,2021-03-30,2021-03-30,20.6,7.2
5103,USW00014819,"CHICAGO MIDWAY AIRPORT, IL US",41.78412,-87.75514,2021-03-31,2021-03-31,7.2,1.1
5104,USW00014819,"CHICAGO MIDWAY AIRPORT, IL US",41.78412,-87.75514,2021-04-01,2021-04-01,3.9,-3.2
5105,USW00014819,"CHICAGO MIDWAY AIRPORT, IL US",41.78412,-87.75514,2021-04-02,2021-04-02,10.6,-3.2
5106,USW00014819,"CHICAGO MIDWAY AIRPORT, IL US",41.78412,-87.75514,2021-04-03,2021-04-03,21.7,4.4
5107,USW00014819,"CHICAGO MIDWAY AIRPORT, IL US",41.78412,-87.75514,2021-04-04,2021-04-04,24.4,6.7
5108,USW00014819,"CHICAGO MIDWAY AIRPORT, IL US",41.78412,-87.75514,2021-04-05,2021-04-05,25.6,15
5109,USW00014819,"CHICAGO MIDWAY AIRPORT, IL US",41.78412,-87.75514,2021-04-06,2021-04-06,27.8,14.4
5110,USW00014819,"CHICAGO MIDWAY AIRPORT, IL US",41.78412,-87.75514,2021-04-07,2021-04-07,27.8,16.1
5111,USW00014819,"CHICAGO MIDWAY AIRPORT, IL US",41.78412,-87.75514,2021-04-08,2021-04-08,20.6,10
5112,USW00014819,"CHICAGO MIDWAY AIRPORT, IL US",41.78412,-87.75514,2021-04-09,2021-04-09,17.2,10
5113,USW00014819,"CHICAGO MIDWAY AIRPORT, IL US",41.78412,-87.75514,2021-04-10,2021-04-10,13.3,8.3
5114,USW00014819,"CHICAGO MIDWAY AIRPORT, IL US",41.78412,-87.75514,2021-04-11,2021-04-11,13.3,7.2
5115,USW00014819,"CHICAGO MIDWAY AIRPORT, IL US",41.78412,-87.75514,2021-04-12,2021-04-12,17.8,8.9
5116,USW00014819,"CHICAGO MIDWAY AIRPORT, IL US",41.78412,-87.75514,2021-04-13,2021-04-13,12.8,6.1
5117,USW00014819,"CHICAGO MIDWAY AIRPORT, IL US",41.78412,-87.75514,2021-04-14,2021-04-14,11.1,2.2
5118,USW00014819,"CHICAGO MIDWAY AIRPORT, IL US",41.78412,-87.75514,2021-04-15,2021-04-15,13.3,3.9
5119,USW00014819,"CHICAGO MIDWAY AIRPORT, IL US",41.78412,-87.75514,2021-04-16,2021-04-16,11.1,4.4
5120,USW00014819,"CHICAGO MIDWAY AIRPORT, IL US",41.78412,-87.75514,2021-04-17,2021-04-17,13.9,2.8
5121,USW00014819,"CHICAGO MIDWAY AIRPORT, IL US",41.78412,-87.75514,2021-04-18,2021-04-18,17.8,3.9
5122,USW00014819,"CHICAGO MIDWAY AIRPORT, IL US",41.78412,-87.75514,2021-04-19,2021-04-19,12.2,5
5123,USW00014819,"CHICAGO MIDWAY AIRPORT, IL US",41.78412,-87.75514,2021-04-20,2021-04-20,5.6,0.6
5124,USW00014819,"CHICAGO MIDWAY AIRPORT, IL US",41.78412,-87.75514,2021-04-21,2021-04-21,10.6,1.1
5125,USW00014819,"CHICAGO MIDWAY AIRPORT, IL US",41.78412,-87.75514,2021-04-22,2021-04-22,15.6,-0.5
5126,USW00014819,"CHICAGO MIDWAY AIRPORT, IL US",41.78412,-87.75514,2021-04-23,2021-04-23,17.2,6.7
5127,USW00014819,"CHICAGO MIDWAY AIRPORT, IL US",41.78412,-87.75514,2021-04-24,2021-04-24,16.7,7.8
5128,USW00014819,"CHICAGO MIDWAY AIRPORT, IL US",41.78412,-87.75514,2021-04-25,2021-04-25,8.9,4.4
5129,USW00014819,"CHICAGO MIDWAY AIRPORT, IL US",41.78412,-87.75514,2021-04-26,2021-04-26,26.1,4.4
5130,USW00014819,"CHICAGO MIDWAY AIRPORT, IL US",41.78412,-87.75514,2021-04-27,2021-04-27,30.6,14.4
5131,USW00014819,"CHICAGO MIDWAY AIRPORT, IL US",41.78412,-87.75514,2021-04-28,2021-04-28,14.4,7.2
5132,USW00014819,"CHICAGO MIDWAY AIRPORT, IL US",41.78412,-87.75514,2021-04-29,2021-04-29,17.8,8.3
5133,USW00014819,"CHICAGO MIDWAY AIRPORT, IL US",41.78412,-87.75514,2021-04-30,2021-04-30,13.3,6.1
5134,USW00014819,"CHICAGO MIDWAY AIRPORT, IL US",41.78412,-87.75514,2021-05-01,2021-05-01,28.3,6.1
5135,USW00014819,"CHICAGO MIDWAY AIRPORT, IL US",41.78412,-87.75514,2021-05-02,2021-05-02,28.9,16.7
5136,USW00014819,"CHICAGO MIDWAY AIRPORT, IL US",41.78412,-87.75514,2021-05-03,2021-05-03,21.7,13.3
5137,USW00014819,"CHICAGO MIDWAY AIRPORT, IL US",41.78412,-87.75514,2021-05-04,2021-05-04,14.4,8.3
5138,USW00014819,"CHICAGO MIDWAY AIRPORT, IL US",41.78412,-87.75514,2021-05-05,2021-05-05,15,5.6
5139,USW00014819,"CHICAGO MIDWAY AIRPORT, IL US",41.78412,-87.75514,2021-05-06,2021-05-06,13.3,6.7
5140,USW00014819,"CHICAGO MIDWAY AIRPORT, IL US",41.78412,-87.75514,2021-05-07,2021-05-07,15.6,5.6
5141,USW00014819,"CHICAGO MIDWAY AIRPORT, IL US",41.78412,-87.75514,2021-05-08,2021-05-08,11.1,2.8
5142,USW00014819,"CHICAGO MIDWAY AIRPORT, IL US",41.78412,-87.75514,2021-05-09,2021-05-09,13.3,4.4
5143,USW00014819,"CHICAGO MIDWAY AIRPORT, IL US",41.78412,-87.75514,2021-05-10,2021-05-10,10.6,3.9
5144,USW00014819,"CHICAGO MIDWAY AIRPORT, IL US",41.78412,-87.75514,2021-05-11,2021-05-11,11.7,2.8
5145,USW00014819,"CHICAGO MIDWAY AIRPORT, IL US",41.78412,-87.75514,2021-05-12,2021-05-12,15.6,3.3
5146,USW00014819,"CHICAGO MIDWAY AIRPORT, IL US",41.78412,-87.75514,2021-05-13,2021-05-13,21.1,5
5147,USW00014819,"CHICAGO MIDWAY AIRPORT, IL US",41.78412,-87.75514,2021-05-14,2021-05-14,21.7,8.3
5148,USW00014819,"CHICAGO MIDWAY AIRPORT, IL US",41.78412,-87.75514,2021-05-15,2021-05-15,16.1,12.2
5149,USW00014819,"CHICAGO MIDWAY AIRPORT, IL US",41.78412,-87.75514,2021-05-16,2021-05-16,22.2,12.2
5150,USW00014819,"CHICAGO MIDWAY AIRPORT, IL US",41.78412,-87.75514,2021-05-17,2021-05-17,21.1,13.9
5151,USW00014819,"CHICAGO MIDWAY AIRPORT, IL US",41.78412,-87.75514,2021-05-18,2021-05-18,23.9,15
5152,USW00014819,"CHICAGO MIDWAY AIRPORT, IL US",41.78412,-87.75514,2021-05-19,2021-05-19,23.3,17.8
5153,USW00014819,"CHICAGO MIDWAY AIRPORT, IL US",41.78412,-87.75514,2021-05-20,2021-05-20,29.4,18.9
5154,USW00014819,"CHICAGO MIDWAY AIRPORT, IL US",41.78412,-87.75514,2021-05-21,2021-05-21,30,19.4
5155,USW00014819,"CHICAGO MIDWAY AIRPORT, IL US",41.78412,-87.75514,2021-05-22,2021-05-22,30.6,18.9
5156,USW00014819,"CHICAGO MIDWAY AIRPORT, IL US",41.78412,-87.75514,2021-05-23,2021-05-23,27.8,15
5157,USW00014819,"CHICAGO MIDWAY AIRPORT, IL US",41.78412,-87.75514,2021-05-24,2021-05-24,32.2,14.4
5158,USW00014819,"CHICAGO MIDWAY AIRPORT, IL US",41.78412,-87.75514,2021-05-25,2021-05-25,30.6,22.8
5159,USW00014819,"CHICAGO MIDWAY AIRPORT, IL US",41.78412,-87.75514,2021-05-26,2021-05-26,27.8,15
5160,USW00014819,"CHICAGO MIDWAY AIRPORT, IL US",41.78412,-87.75514,2021-05-27,2021-05-27,17.2,10.6
5161,USW00014819,"CHICAGO MIDWAY AIRPORT, IL US",41.78412,-87.75514,2021-05-28,2021-05-28,10.6,7.2
5162,USW00014819,"CHICAGO MIDWAY AIRPORT, IL US",41.78412,-87.75514,2021-05-29,2021-05-29,16.1,7.8
5163,USW00014819,"CHICAGO MIDWAY AIRPORT, IL US",41.78412,-87.75514,2021-05-30,2021-05-30,20.6,5
5164,USW00014819,"CHICAGO MIDWAY AIRPORT, IL US",41.78412,-87.75514,2021-05-31,2021-05-31,21.7,12.8
5165,USW00014819,"CHICAGO MIDWAY AIRPORT, IL US",41.78412,-87.75514,2021-06-01,2021-06-01,24.4,10.6
5166,USW00014819,"CHICAGO MIDWAY AIRPORT, IL US",41.78412,-87.75514,2021-06-02,2021-06-02,25.6,13.3
5167,USW00014819,"CHICAGO MIDWAY AIRPORT, IL US",41.78412,-87.75514,2021-06-03,2021-06-03,30.6,13.3
5168,USW00014819,"CHICAGO MIDWAY AIRPORT, IL US",41.78412,-87.75514,2021-06-04,2021-06-04,32.8,21.1
5169,USW00014819,"CHICAGO MIDWAY AIRPORT, IL US",41.78412,-87.75514,2021-06-05,2021-06-05,33.3,20.6
5170,USW00014819,"CHICAGO MIDWAY AIRPORT, IL US",41.78412,-87.75514,2021-06-06,2021-06-06,31.1,21.7
5171,USW00014819,"CHICAGO MIDWAY AIRPORT, IL US",41.78412,-87.75514,2021-06-07,2021-06-07,26.1,22.8
5172,USW00014819,"CHICAGO MIDWAY AIRPORT, IL US",41.78412,-87.75514,2021-06-08,2021-06-08,32.2,21.7
5173,USW00014819,"CHICAGO MIDWAY AIRPORT, IL US",41.78412,-87.75514,2021-06-09,2021-06-09,30.6,22.2
5174,USW00014819,"CHICAGO MIDWAY AIRPORT, IL US",41.78412,-87.75514,2021-06-10,2021-06-10,31.7,20.6
5175,USW00014819,"CHICAGO MIDWAY AIRPORT, IL US",41.78412,-87.75514,2021-06-11,2021-06-11,32.8,21.7
5176,USW00014819,"CHICAGO MIDWAY AIRPORT, IL US",41.78412,-87.75514,2021-06-12,2021-06-12,33.3,21.1
5177,USW00014819,"CHICAGO MIDWAY AIRPORT, IL US",41.78412,-87.75514,2021-06-13,2021-06-13,29.4,21.1
5178,USW00014819,"CHICAGO MIDWAY AIRPORT, IL US",41.78412,-87.75514,2021-06-14,2021-06-14,27.8,19.4
5179,USW00014819,"CHICAGO MIDWAY AIRPORT, IL US",41.78412,-87.75514,2021-06-15,2021-06-15,26.1,16.7
5180,USW00014819,"CHICAGO MIDWAY AIRPORT, IL US",41.78412,-87.75514,2021-06-16,2021-06-16,25.6,16.1
5181,USW00014819,"CHICAGO MIDWAY AIRPORT, IL US",41.78412,-87.75514,2021-06-17,2021-06-17,31.7,14.4
5182,USW00014819,"CHICAGO MIDWAY AIRPORT, IL US",41.78412,-87.75514,2021-06-18,2021-06-18,32.8,20
5183,USW00014819,"CHICAGO MIDWAY AIRPORT, IL US",41.78412,-87.75514,2021-06-19,2021-06-19,32.8,20
5184,USW00014819,"CHICAGO MIDWAY AIRPORT, IL US",41.78412,-87.75514,2021-06-20,2021-06-20,28.9,19.4
5185,USW00014819,"CHICAGO MIDWAY AIRPORT, IL US",41.78412,-87.75514,2021-06-21,2021-06-21,23.9,15
5186,USW00014819,"CHICAGO MIDWAY AIRPORT, IL US",41.78412,-87.75514,2021-06-22,2021-06-22,23.9,12.8
5187,USW00014819,"CHICAGO MIDWAY AIRPORT, IL US",41.78412,-87.75514,2021-06-23,2021-06-23,26.7,18.3
5188,USW00014819,"CHICAGO MIDWAY AIRPORT, IL US",41.78412,-87.75514,2021-06-24,2021-06-24,24.4,20.6
5189,USW00014819,"CHICAGO MIDWAY AIRPORT, IL US",41.78412,-87.75514,2021-06-25,2021-06-25,25,21.1
5190,USW00014819,"CHICAGO MIDWAY AIRPORT, IL US",41.78412,-87.75514,2021-06-26,2021-06-26,27.8,21.7
5191,USW00014819,"CHICAGO MIDWAY AIRPORT, IL US",41.78412,-87.75514,2021-06-27,2021-06-27,28.9,20
5192,USW00014819,"CHICAGO MIDWAY AIRPORT, IL US",41.78412,-87.75514,2021-06-28,2021-06-28,29.4,18.9
5193,USW00014819,"CHICAGO MIDWAY AIRPORT, IL US",41.78412,-87.75514,2021-06-29,2021-06-29,30.6,22.2
5194,USW00014819,"CHICAGO MIDWAY AIRPORT, IL US",41.78412,-87.75514,2021-06-30,2021-06-30,27.8,21.7
5195,USW00014819,"CHICAGO MIDWAY AIRPORT, IL US",41.78412,-87.75514,2021-07-01,2021-07-01,25.6,16.7
5196,USW00014819,"CHICAGO MIDWAY AIRPORT, IL US",41.78412,-87.75514,2021-07-02,2021-07-02,23.3,16.1
5197,USW00014819,"CHICAGO MIDWAY AIRPORT, IL US",41.78412,-87.75514,2021-07-03,2021-07-03,30,14.4
5198,USW00014819,"CHICAGO MIDWAY AIRPORT, IL US",41.78412,-87.75514,2021-07-04,2021-07-04,32.2,20.6
5199,USW00014819,"CHICAGO MIDWAY AIRPORT, IL US",41.78412,-87.75514,2021-07-05,2021-07-05,32.8,22.8
5200,USW00014819,"CHICAGO MIDWAY AIRPORT, IL US",41.78412,-87.75514,2021-07-06,2021-07-06,33.3,25
5201,USW00014819,"CHICAGO MIDWAY AIRPORT, IL US",41.78412,-87.75514,2021-07-07,2021-07-07,32.8,20.6
5202,USW00014819,"CHICAGO MIDWAY AIRPORT, IL US",41.78412,-87.75514,2021-07-08,2021-07-08,20.6,16.1
5203,USW00014819,"CHICAGO MIDWAY AIRPORT, IL US",41.78412,-87.75514,2021-07-09,2021-07-09,24.4,14.4
5204,USW00014819,"CHICAGO MIDWAY AIRPORT, IL US",41.78412,-87.75514,2021-07-10,2021-07-10,24.4,18.3
5205,USW00014819,"CHICAGO MIDWAY AIRPORT, IL US",41.78412,-87.75514,2021-07-11,2021-07-11,21.1,19.4
5206,USW00014819,"CHICAGO MIDWAY AIRPORT, IL US",41.78412,-87.75514,2021-07-12,2021-07-12,23.9,19.4
5207,USW00014819,"CHICAGO MIDWAY AIRPORT, IL US",41.78412,-87.75514,2021-07-13,2021-07-13,27.2,21.1
5208,USW00014819,"CHICAGO MIDWAY AIRPORT, IL US",41.78412,-87.75514,2021-07-14,2021-07-14,29.4,21.1
5209,USW00014819,"CHICAGO MIDWAY AIRPORT, IL US",41.78412,-87.75514,2021-07-15,2021-07-15,27.2,20
5210,USW00014819,"CHICAGO MIDWAY AIRPORT, IL US",41.78412,-87.75514,2021-07-16,2021-07-16,23.9,19.4
5211,USW00014819,"CHICAGO MIDWAY AIRPORT, IL US",41.78412,-87.75514,2021-07-17,2021-07-17,26.1,20.6
5212,USW00014819,"CHICAGO MIDWAY AIRPORT, IL US",41.78412,-87.75514,2021-07-18,2021-07-18,28.3,20
5213,USW00014819,"CHICAGO MIDWAY AIRPORT, IL US",41.78412,-87.75514,2021-07-19,2021-07-19,28.9,19.4
5214,USW00014819,"CHICAGO MIDWAY AIRPORT, IL US",41.78412,-87.75514,2021-07-20,2021-07-20,31.7,19.4
5215,USW00014819,"CHICAGO MIDWAY AIRPORT, IL US",41.78412,-87.75514,2021-07-21,2021-07-21,24.4,19.4
5216,USW00014819,"CHICAGO MIDWAY AIRPORT, IL US",41.78412,-87.75514,2021-07-22,2021-07-22,30,18.9
5217,USW00014819,"CHICAGO MIDWAY AIRPORT, IL US",41.78412,-87.75514,2021-07-23,2021-07-23,32.8,23.3
5218,USW00014819,"CHICAGO MIDWAY AIRPORT, IL US",41.78412,-87.75514,2021-07-24,2021-07-24,33.9,23.9
5219,USW00014819,"CHICAGO MIDWAY AIRPORT, IL US",41.78412,-87.75514,2021-07-25,2021-07-25,32.8,22.8
5220,USW00014819,"CHICAGO MIDWAY AIRPORT, IL US",41.78412,-87.75514,2021-07-26,2021-07-26,33.9,20.6
5221,USW00014819,"CHICAGO MIDWAY AIRPORT, IL US",41.78412,-87.75514,2021-07-27,2021-07-27,31.1,22.2
5222,USW00014819,"CHICAGO MIDWAY AIRPORT, IL US",41.78412,-87.75514,2021-07-28,2021-07-28,32.2,23.3
5223,USW00014819,"CHICAGO MIDWAY AIRPORT, IL US",41.78412,-87.75514,2021-07-29,2021-07-29,31.7,22.2
5224,USW00014819,"CHICAGO MIDWAY AIRPORT, IL US",41.78412,-87.75514,2021-07-30,2021-07-30,24.4,19.4
5225,USW00014819,"CHICAGO MIDWAY AIRPORT, IL US",41.78412,-87.75514,2021-07-31,2021-07-31,27.2,17.2
5226,USW00014819,"CHICAGO MIDWAY AIRPORT, IL US",41.78412,-87.75514,2021-08-01,2021-08-01,25,17.8
5227,USW00014819,"CHICAGO MIDWAY AIRPORT, IL US",41.78412,-87.75514,2021-08-02,2021-08-02,25,16.7
5228,USW00014819,"CHICAGO MIDWAY AIRPORT, IL US",41.78412,-87.75514,2021-08-03,2021-08-03,27.8,17.2
5229,USW00014819,"CHICAGO MIDWAY AIRPORT, IL US",41.78412,-87.75514,2021-08-04,2021-08-04,28.9,17.8
5230,USW00014819,"CHICAGO MIDWAY AIRPORT, IL US",41.78412,-87.75514,2021-08-05,2021-08-05,30,18.9
5231,USW00014819,"CHICAGO MIDWAY AIRPORT, IL US",41.78412,-87.75514,2021-08-06,2021-08-06,28.9,19.4
5232,USW00014819,"CHICAGO MIDWAY AIRPORT, IL US",41.78412,-87.75514,2021-08-07,2021-08-07,31.7,20
5233,USW00014819,"CHICAGO MIDWAY AIRPORT, IL US",41.78412,-87.75514,2021-08-08,2021-08-08,33.3,22.2
5234,USW00014819,"CHICAGO MIDWAY AIRPORT, IL US",41.78412,-87.75514,2021-08-09,2021-08-09,27.8,22.2
5235,USW00014819,"CHICAGO MIDWAY AIRPORT, IL US",41.78412,-87.75514,2021-08-10,2021-08-10,34.4,21.7
5236,USW00014819,"CHICAGO MIDWAY AIRPORT, IL US",41.78412,-87.75514,2021-08-11,2021-08-11,31.1,22.8
5237,USW00014819,"CHICAGO MIDWAY AIRPORT, IL US",41.78412,-87.75514,2021-08-12,2021-08-12,29.4,22.8
5238,USW00014819,"CHICAGO MIDWAY AIRPORT, IL US",41.78412,-87.75514,2021-08-13,2021-08-13,27.8,21.1
5239,USW00014819,"CHICAGO MIDWAY AIRPORT, IL US",41.78412,-87.75514,2021-08-14,2021-08-14,26.7,18.9
5240,USW00014819,"CHICAGO MIDWAY AIRPORT, IL US",41.78412,-87.75514,2021-08-15,2021-08-15,27.2,16.1
5241,USW00014819,"CHICAGO MIDWAY AIRPORT, IL US",41.78412,-87.75514,2021-08-16,2021-08-16,26.7,18.3
5242,USW00014819,"CHICAGO MIDWAY AIRPORT, IL US",41.78412,-87.75514,2021-08-17,2021-08-17,28.3,20
5243,USW00014819,"CHICAGO MIDWAY AIRPORT, IL US",41.78412,-87.75514,2021-08-18,2021-08-18,30,23.3
5244,USW00014819,"CHICAGO MIDWAY AIRPORT, IL US",41.78412,-87.75514,2021-08-19,2021-08-19,30.6,23.3
5245,USW00014819,"CHICAGO MIDWAY AIRPORT, IL US",41.78412,-87.75514,2021-08-20,2021-08-20,32.2,22.2
5246,USW00014819,"CHICAGO MIDWAY AIRPORT, IL US",41.78412,-87.75514,2021-08-21,2021-08-21,31.7,23.9
5247,USW00014819,"CHICAGO MIDWAY AIRPORT, IL US",41.78412,-87.75514,2021-08-22,2021-08-22,28.9,22.2
5248,USW00014819,"CHICAGO MIDWAY AIRPORT, IL US",41.78412,-87.75514,2021-08-23,2021-08-23,31.1,20
5249,USW00014819,"CHICAGO MIDWAY AIRPORT, IL US",41.78412,-87.75514,2021-08-24,2021-08-24,35.6,22.8
5250,USW00014819,"CHICAGO MIDWAY AIRPORT, IL US",41.78412,-87.75514,2021-08-25,2021-08-25,34.4,22.2
5251,USW00014819,"CHICAGO MIDWAY AIRPORT, IL US",41.78412,-87.75514,2021-08-26,2021-08-26,32.2,21.7
5252,USW00014819,"CHICAGO MIDWAY AIRPORT, IL US",41.78412,-87.75514,2021-08-27,2021-08-27,33.3,22.8
5253,USW00014819,"CHICAGO MIDWAY AIRPORT, IL US",41.78412,-87.75514,2021-08-28,2021-08-28,33.9,24.4
5254,USW00014819,"CHICAGO MIDWAY AIRPORT, IL US",41.78412,-87.75514,2021-08-29,2021-08-29,32.8,23.9
5255,USW00014819,"CHICAGO MIDWAY AIRPORT, IL US",41.78412,-87.75514,2021-08-30,2021-08-30,29.4,20.6
5256,USW00014819,"CHICAGO MIDWAY AIRPORT, IL US",41.78412,-87.75514,2021-08-31,2021-08-31,27.8,20
5257,USW00014819,"CHICAGO MIDWAY AIRPORT, IL US",41.78412,-87.75514,2021-09-01,2021-09-01,25.6,18.9
5258,USW00014819,"CHICAGO MIDWAY AIRPORT, IL US",41.78412,-87.75514,2021-09-02,2021-09-02,26.1,17.2
5259,USW00014819,"CHICAGO MIDWAY AIRPORT, IL US",41.78412,-87.75514,2021-09-03,2021-09-03,24.4,18.3
5260,USW00014819,"CHICAGO MIDWAY AIRPORT, IL US",41.78412,-87.75514,2021-09-04,2021-09-04,23.9,17.8
5261,USW00014819,"CHICAGO MIDWAY AIRPORT, IL US",41.78412,-87.75514,2021-09-05,2021-09-05,28.9,15.6
5262,USW00014819,"CHICAGO MIDWAY AIRPORT, IL US",41.78412,-87.75514,2021-09-06,2021-09-06,27.8,16.7
5263,USW00014819,"CHICAGO MIDWAY AIRPORT, IL US",41.78412,-87.75514,2021-09-07,2021-09-07,32.2,18.3
5264,USW00014819,"CHICAGO MIDWAY AIRPORT, IL US",41.78412,-87.75514,2021-09-08,2021-09-08,27.8,14.4
5265,USW00014819,"CHICAGO MIDWAY AIRPORT, IL US",41.78412,-87.75514,2021-09-09,2021-09-09,24.4,13.9
5266,USW00014819,"CHICAGO MIDWAY AIRPORT, IL US",41.78412,-87.75514,2021-09-10,2021-09-10,27.2,15.6
5267,USW00014819,"CHICAGO MIDWAY AIRPORT, IL US",41.78412,-87.75514,2021-09-11,2021-09-11,31.1,18.9
5268,USW00014819,"CHICAGO MIDWAY AIRPORT, IL US",41.78412,-87.75514,2021-09-12,2021-09-12,32.2,21.7
5269,USW00014819,"CHICAGO MIDWAY AIRPORT, IL US",41.78412,-87.75514,2021-09-13,2021-09-13,32.2,21.7
5270,USW00014819,"CHICAGO MIDWAY AIRPORT, IL US",41.78412,-87.75514,2021-09-14,2021-09-14,31.1,19.4
5271,USW00014819,"CHICAGO MIDWAY AIRPORT, IL US",41.78412,-87.75514,2021-09-15,2021-09-15,26.1,16.1
5272,USW00014819,"CHICAGO MIDWAY AIRPORT, IL US",41.78412,-87.75514,2021-09-16,2021-09-16,28.3,15
5273,USW00014819,"CHICAGO MIDWAY AIRPORT, IL US",41.78412,-87.75514,2021-09-17,2021-09-17,31.7,18.3
5274,USW00014819,"CHICAGO MIDWAY AIRPORT, IL US",41.78412,-87.75514,2021-09-18,2021-09-18,26.1,20.6
5275,USW00014819,"CHICAGO MIDWAY AIRPORT, IL US",41.78412,-87.75514,2021-09-19,2021-09-19,32.2,19.4
5276,USW00014819,"CHICAGO MIDWAY AIRPORT, IL US",41.78412,-87.75514,2021-09-20,2021-09-20,28.9,21.7
5277,USW00014819,"CHICAGO MIDWAY AIRPORT, IL US",41.78412,-87.75514,2021-09-21,2021-09-21,24.4,16.1
5278,USW00014819,"CHICAGO MIDWAY AIRPORT, IL US",41.78412,-87.75514,2021-09-22,2021-09-22,17.2,13.3
5279,USW00014819,"CHICAGO MIDWAY AIRPORT, IL US",41.78412,-87.75514,2021-09-23,2021-09-23,20.6,11.7
5280,USW00014819,"CHICAGO MIDWAY AIRPORT, IL US",41.78412,-87.75514,2021-09-24,2021-09-24,26.7,11.1
5281,USW00014819,"CHICAGO MIDWAY AIRPORT, IL US",41.78412,-87.75514,2021-09-25,2021-09-25,21.7,10
5282,USW00014819,"CHICAGO MIDWAY AIRPORT, IL US",41.78412,-87.75514,2021-09-26,2021-09-26,28.9,13.3
5283,USW00014819,"CHICAGO MIDWAY AIRPORT, IL US",41.78412,-87.75514,2021-09-27,2021-09-27,31.1,18.3
5284,USW00014819,"CHICAGO MIDWAY AIRPORT, IL US",41.78412,-87.75514,2021-09-28,2021-09-28,22.8,17.2
5285,USW00014819,"CHICAGO MIDWAY AIRPORT, IL US",41.78412,-87.75514,2021-09-29,2021-09-29,27.2,15.6
5286,USW00014819,"CHICAGO MIDWAY AIRPORT, IL US",41.78412,-87.75514,2021-09-30,2021-09-30,27.2,15.6
5287,USW00014819,"CHICAGO MIDWAY AIRPORT, IL US",41.78412,-87.75514,2021-10-01,2021-10-01,30,16.7
5288,USW00014819,"CHICAGO MIDWAY AIRPORT, IL US",41.78412,-87.75514,2021-10-02,2021-10-02,27.8,20.6
5289,USW00014819,"CHICAGO MIDWAY AIRPORT, IL US",41.78412,-87.75514,2021-10-03,2021-10-03,26.1,19.4
5290,USW00014819,"CHICAGO MIDWAY AIRPORT, IL US",41.78412,-87.75514,2021-10-04,2021-10-04,22.8,18.3
5291,USW00014819,"CHICAGO MIDWAY AIRPORT, IL US",41.78412,-87.75514,2021-10-05,2021-10-05,20.6,18.9
5292,USW00014819,"CHICAGO MIDWAY AIRPORT, IL US",41.78412,-87.75514,2021-10-06,2021-10-06,20.6,18.3
5293,USW00014819,"CHICAGO MIDWAY AIRPORT, IL US",41.78412,-87.75514,2021-10-07,2021-10-07,23.9,19.4
5294,USW00014819,"CHICAGO MIDWAY AIRPORT, IL US",41.78412,-87.75514,2021-10-08,2021-10-08,24.4,17.2
5295,USW00014819,"CHICAGO MIDWAY AIRPORT, IL US",41.78412,-87.75514,2021-10-09,2021-10-09,27.8,17.8
5296,USW00014819,"CHICAGO MIDWAY AIRPORT, IL US",41.78412,-87.75514,2021-10-10,2021-10-10,28.9,22.2
5297,USW00014819,"CHICAGO MIDWAY AIRPORT, IL US",41.78412,-87.75514,2021-10-11,2021-10-11,26.7,17.2
5298,USW00014819,"CHICAGO MIDWAY AIRPORT, IL US",41.78412,-87.75514,2021-10-12,2021-10-12,18.9,13.3
5299,USW00014819,"CHICAGO MIDWAY AIRPORT, IL US",41.78412,-87.75514,2021-10-13,2021-10-13,23.3,11.7
5300,USW00014819,"CHICAGO MIDWAY AIRPORT, IL US",41.78412,-87.75514,2021-10-14,2021-10-14,21.7,15.6
5301,USW00014819,"CHICAGO MIDWAY AIRPORT, IL US",41.78412,-87.75514,2021-10-15,2021-10-15,17.8,11.1
5302,USW00014819,"CHICAGO MIDWAY AIRPORT, IL US",41.78412,-87.75514,2021-10-16,2021-10-16,15.6,6.7
5303,USW00014819,"CHICAGO MIDWAY AIRPORT, IL US",41.78412,-87.75514,2021-10-17,2021-10-17,19.4,5.6
5304,USW00014819,"CHICAGO MIDWAY AIRPORT, IL US",41.78412,-87.75514,2021-10-18,2021-10-18,22.2,7.2
5305,USW00014819,"CHICAGO MIDWAY AIRPORT, IL US",41.78412,-87.75514,2021-10-19,2021-10-19,22.8,11.1
5306,USW00014819,"CHICAGO MIDWAY AIRPORT, IL US",41.78412,-87.75514,2021-10-20,2021-10-20,22.8,11.7
5307,USW00014819,"CHICAGO MIDWAY AIRPORT, IL US",41.78412,-87.75514,2021-10-21,2021-10-21,18.9,8.3
5308,USW00014819,"CHICAGO MIDWAY AIRPORT, IL US",41.78412,-87.75514,2021-10-22,2021-10-22,13.3,7.2
5309,USW00014819,"CHICAGO MIDWAY AIRPORT, IL US",41.78412,-87.75514,2021-10-23,2021-10-23,13.3,4.4
5310,USW00014819,"CHICAGO MIDWAY AIRPORT, IL US",41.78412,-87.75514,2021-10-24,2021-10-24,11.1,5
5311,USW00014819,"CHICAGO MIDWAY AIRPORT, IL US",41.78412,-87.75514,2021-10-25,2021-10-25,12.2,9.4
5312,USW00014819,"CHICAGO MIDWAY AIRPORT, IL US",41.78412,-87.75514,2021-10-26,2021-10-26,13.3,5
5313,USW00014819,"CHICAGO MIDWAY AIRPORT, IL US",41.78412,-87.75514,2021-10-27,2021-10-27,13.9,3.9
5314,USW00014819,"CHICAGO MIDWAY AIRPORT, IL US",41.78412,-87.75514,2021-10-28,2021-10-28,13.3,8.9
5315,USW00014819,"CHICAGO MIDWAY AIRPORT, IL US",41.78412,-87.75514,2021-10-29,2021-10-29,13.3,11.7
5316,USW00014819,"CHICAGO MIDWAY AIRPORT, IL US",41.78412,-87.75514,2021-10-30,2021-10-30,14.4,7.2
5317,USW00014819,"CHICAGO MIDWAY AIRPORT, IL US",41.78412,-87.75514,2021-10-31,2021-10-31,12.2,3.3
5318,USW00014819,"CHICAGO MIDWAY AIRPORT, IL US",41.78412,-87.75514,2021-11-01,2021-11-01,9.4,1.1
5319,USW00014819,"CHICAGO MIDWAY AIRPORT, IL US",41.78412,-87.75514,2021-11-02,2021-11-02,8.9,0
5320,USW00014819,"CHICAGO MIDWAY AIRPORT, IL US",41.78412,-87.75514,2021-11-03,2021-11-03,7.8,-1
5321,USW00014819,"CHICAGO MIDWAY AIRPORT, IL US",41.78412,-87.75514,2021-11-04,2021-11-04,8.9,-1
5322,USW00014819,"CHICAGO MIDWAY AIRPORT, IL US",41.78412,-87.75514,2021-11-05,2021-11-05,11.1,1.1
5323,USW00014819,"CHICAGO MIDWAY AIRPORT, IL US",41.78412,-87.75514,2021-11-06,2021-11-06,15.6,1.7
5324,USW00014819,"CHICAGO MIDWAY AIRPORT, IL US",41.78412,-87.75514,2021-11-07,2021-11-07,18.9,5
5325,USW00014819,"CHICAGO MIDWAY AIRPORT, IL US",41.78412,-87.75514,2021-11-08,2021-11-08,18.9,8.9
5326,USW00014819,"CHICAGO MIDWAY AIRPORT, IL US",41.78412,-87.75514,2021-11-09,2021-11-09,13.9,6.1
5327,USW00014819,"CHICAGO MIDWAY AIRPORT, IL US",41.78412,-87.75514,2021-11-10,2021-11-10,14.4,4.4
5328,USW00014819,"CHICAGO MIDWAY AIRPORT, IL US",41.78412,-87.75514,2021-11-11,2021-11-11,14.4,3.3
5329,USW00014819,"CHICAGO MIDWAY AIRPORT, IL US",41.78412,-87.75514,2021-11-12,2021-11-12,6.1,1.1
5330,USW00014819,"CHICAGO MIDWAY AIRPORT, IL US",41.78412,-87.75514,2021-11-13,2021-11-13,5,1.1
5331,USW00014819,"CHICAGO MIDWAY AIRPORT, IL US",41.78412,-87.75514,2021-11-14,2021-11-14,3.3,1.1
5332,USW00014819,"CHICAGO MIDWAY AIRPORT, IL US",41.78412,-87.75514,2021-11-15,2021-11-15,2.2,-1
5333,USW00014819,"CHICAGO MIDWAY AIRPORT, IL US",41.78412,-87.75514,2021-11-16,2021-11-16,13.9,0
5334,USW00014819,"CHICAGO MIDWAY AIRPORT, IL US",41.78412,-87.75514,2021-11-17,2021-11-17,16.7,5
5335,USW00014819,"CHICAGO MIDWAY AIRPORT, IL US",41.78412,-87.75514,2021-11-18,2021-11-18,5,0.6
5336,USW00014819,"CHICAGO MIDWAY AIRPORT, IL US",41.78412,-87.75514,2021-11-19,2021-11-19,4.4,-3.2
5337,USW00014819,"CHICAGO MIDWAY AIRPORT, IL US",41.78412,-87.75514,2021-11-20,2021-11-20,10,2.2
5338,USW00014819,"CHICAGO MIDWAY AIRPORT, IL US",41.78412,-87.75514,2021-11-21,2021-11-21,12.8,-1
5339,USW00014819,"CHICAGO MIDWAY AIRPORT, IL US",41.78412,-87.75514,2021-11-22,2021-11-22,2.8,-4.3
5340,USW00014819,"CHICAGO MIDWAY AIRPORT, IL US",41.78412,-87.75514,2021-11-23,2021-11-23,6.1,-3.8
5341,USW00014819,"CHICAGO MIDWAY AIRPORT, IL US",41.78412,-87.75514,2021-11-24,2021-11-24,11.7,2.8
5342,USW00014819,"CHICAGO MIDWAY AIRPORT, IL US",41.78412,-87.75514,2021-11-25,2021-11-25,9.4,-4.3
5343,USW00014819,"CHICAGO MIDWAY AIRPORT, IL US",41.78412,-87.75514,2021-11-26,2021-11-26,-0.5,-7.1
5344,USW00014819,"CHICAGO MIDWAY AIRPORT, IL US",41.78412,-87.75514,2021-11-27,2021-11-27,5,-1
5345,USW00014819,"CHICAGO MIDWAY AIRPORT, IL US",41.78412,-87.75514,2021-11-28,2021-11-28,5,-3.2
5346,USW00014819,"CHICAGO MIDWAY AIRPORT, IL US",41.78412,-87.75514,2021-11-29,2021-11-29,5,-3.2
5347,USW00014819,"CHICAGO MIDWAY AIRPORT, IL US",41.78412,-87.75514,2021-11-30,2021-11-30,11.7,0.6
5348,USW00014819,"CHICAGO MIDWAY AIRPORT, IL US",41.78412,-87.75514,2021-12-01,2021-12-01,8.9,1.7
5349,USW00014819,"CHICAGO MIDWAY AIRPORT, IL US",41.78412,-87.75514,2021-12-02,2021-12-02,15,6.7
5350,USW00014819,"CHICAGO MIDWAY AIRPORT, IL US",41.78412,-87.75514,2021-12-03,2021-12-03,10.6,3.9
5351,USW00014819,"CHICAGO MIDWAY AIRPORT, IL US",41.78412,-87.75514,2021-12-04,2021-12-04,7.8,-0.5
5352,USW00014819,"CHICAGO MIDWAY AIRPORT, IL US",41.78412,-87.75514,2021-12-05,2021-12-05,6.1,1.7
5353,USW00014819,"CHICAGO MIDWAY AIRPORT, IL US",41.78412,-87.75514,2021-12-06,2021-12-06,3.3,-9.3
5354,USW00014819,"CHICAGO MIDWAY AIRPORT, IL US",41.78412,-87.75514,2021-12-07,2021-12-07,-3.8,-10.5
5355,USW00014819,"CHICAGO MIDWAY AIRPORT, IL US",41.78412,-87.75514,2021-12-08,2021-12-08,2.2,-4.3
5356,USW00014819,"CHICAGO MIDWAY AIRPORT, IL US",41.78412,-87.75514,2021-12-09,2021-12-09,8.3,-2.1
5357,USW00014819,"CHICAGO MIDWAY AIRPORT, IL US",41.78412,-87.75514,2021-12-10,2021-12-10,16.1,0.6
5358,USW00014819,"CHICAGO MIDWAY AIRPORT, IL US",41.78412,-87.75514,2021-12-11,2021-12-11,15,-1
5359,USW00014819,"CHICAGO MIDWAY AIRPORT, IL US",41.78412,-87.75514,2021-12-12,2021-12-12,10,-1
5360,USW00014819,"CHICAGO MIDWAY AIRPORT, IL US",41.78412,-87.75514,2021-12-13,2021-12-13,10,2.2
5361,USW00014819,"CHICAGO MIDWAY AIRPORT, IL US",41.78412,-87.75514,2021-12-14,2021-12-14,12.8,0.6
5362,USW00014819,"CHICAGO MIDWAY AIRPORT, IL US",41.78412,-87.75514,2021-12-15,2021-12-15,18.9,11.1
5363,USW00014819,"CHICAGO MIDWAY AIRPORT, IL US",41.78412,-87.75514,2021-12-16,2021-12-16,19.4,1.7
5364,USW00014819,"CHICAGO MIDWAY AIRPORT, IL US",41.78412,-87.75514,2021-12-17,2021-12-17,5.6,-2.1
5365,USW00014819,"CHICAGO MIDWAY AIRPORT, IL US",41.78412,-87.75514,2021-12-18,2021-12-18,5.6,0.6
5366,USW00014819,"CHICAGO MIDWAY AIRPORT, IL US",41.78412,-87.75514,2021-12-19,2021-12-19,4.4,0
5367,USW00014819,"CHICAGO MIDWAY AIRPORT, IL US",41.78412,-87.75514,2021-12-20,2021-12-20,7.2,-0.5
5368,USW00014819,"CHICAGO MIDWAY AIRPORT, IL US",41.78412,-87.75514,2021-12-21,2021-12-21,6.7,-2.7
5369,USW00014819,"CHICAGO MIDWAY AIRPORT, IL US",41.78412,-87.75514,2021-12-22,2021-12-22,0,-6.6
5370,USW00014819,"CHICAGO MIDWAY AIRPORT, IL US",41.78412,-87.75514,2021-12-23,2021-12-23,8.3,-2.1
5371,USW00014819,"CHICAGO MIDWAY AIRPORT, IL US",41.78412,-87.75514,2021-12-24,2021-12-24,14.4,2.8
5372,USW00014819,"CHICAGO MIDWAY AIRPORT, IL US",41.78412,-87.75514,2021-12-25,2021-12-25,15,1.7
5373,USW00014819,"CHICAGO MIDWAY AIRPORT, IL US",41.78412,-87.75514,2021-12-26,2021-12-26,6.7,-1
5374,USW00014819,"CHICAGO MIDWAY AIRPORT, IL US",41.78412,-87.75514,2021-12-27,2021-12-27,8.9,1.1
5375,USW00014819,"CHICAGO MIDWAY AIRPORT, IL US",41.78412,-87.75514,2021-12-28,2021-12-28,3.9,0.6
5376,USW00014819,"CHICAGO MIDWAY AIRPORT, IL US",41.78412,-87.75514,2021-12-29,2021-12-29,3.9,0
5377,USW00014819,"CHICAGO MIDWAY AIRPORT, IL US",41.78412,-87.75514,2021-12-30,2021-12-30,3.9,0.6
5378,USW00014819,"CHICAGO MIDWAY AIRPORT, IL US",41.78412,-87.75514,2021-12-31,2021-12-31,7.8,1.1
5379,USC00111550,"CHICAGO NORTHERLY ISLAND, IL US",41.8558,-87.6094,2022-01-01,2022-01-01,3.3,-1.7
5380,USC00111550,"CHICAGO NORTHERLY ISLAND, IL US",41.8558,-87.6094,2022-01-02,2022-01-02,-1.7,-8.3
5381,USC00111550,"CHICAGO NORTHERLY ISLAND, IL US",41.8558,-87.6094,2022-01-03,2022-01-03,-5,-10.6
5382,USC00111550,"CHICAGO NORTHERLY ISLAND, IL US",41.8558,-87.6094,2022-01-04,2022-01-04,1.1,-5.6
5383,USC00111550,"CHICAGO NORTHERLY ISLAND, IL US",41.8558,-87.6094,2022-01-05,2022-01-05,0.6,-11.1
5384,USC00111550,"CHICAGO NORTHERLY ISLAND, IL US",41.8558,-87.6094,2022-01-06,2022-01-06,-8.3,-14.4
5385,USC00111550,"CHICAGO NORTHERLY ISLAND, IL US",41.8558,-87.6094,2022-01-07,2022-01-07,-8.3,-17.2
5386,USC00111550,"CHICAGO NORTHERLY ISLAND, IL US",41.8558,-87.6094,2022-01-08,2022-01-08,1.1,-10.6
5387,USC00111550,"CHICAGO NORTHERLY ISLAND, IL US",41.8558,-87.6094,2022-01-09,2022-01-09,1.1,-11.7
5388,USC00111550,"CHICAGO NORTHERLY ISLAND, IL US",41.8558,-87.6094,2022-01-10,2022-01-10,-7.8,-13.3
5389,USC00111550,"CHICAGO NORTHERLY ISLAND, IL US",41.8558,-87.6094,2022-01-11,2022-01-11,2.2,-13.9
5390,USC00111550,"CHICAGO NORTHERLY ISLAND, IL US",41.8558,-87.6094,2022-01-12,2022-01-12,5,-0.6
5391,USC00111550,"CHICAGO NORTHERLY ISLAND, IL US",41.8558,-87.6094,2022-01-13,2022-01-13,2.8,-1.1
5392,USC00111550,"CHICAGO NORTHERLY ISLAND, IL US",41.8558,-87.6094,2022-01-14,2022-01-14,1.7,-3.9
5393,USC00111550,"CHICAGO NORTHERLY ISLAND, IL US",41.8558,-87.6094,2022-01-15,2022-01-15,-3.9,-6.1
5394,USC00111550,"CHICAGO NORTHERLY ISLAND, IL US",41.8558,-87.6094,2022-01-16,2022-01-16,-2.2,-8.9
5395,USC00111550,"CHICAGO NORTHERLY ISLAND, IL US",41.8558,-87.6094,2022-01-17,2022-01-17,-2.2,-5
5396,USC00111550,"CHICAGO NORTHERLY ISLAND, IL US",41.8558,-87.6094,2022-01-18,2022-01-18,6.1,-5.6
5397,USC00111550,"CHICAGO NORTHERLY ISLAND, IL US",41.8558,-87.6094,2022-01-19,2022-01-19,5,-10.6
5398,USC00111550,"CHICAGO NORTHERLY ISLAND, IL US",41.8558,-87.6094,2022-01-20,2022-01-20,-7.8,-12.8
5399,USC00111550,"CHICAGO NORTHERLY ISLAND, IL US",41.8558,-87.6094,2022-01-21,2022-01-21,-3.9,-10.6
5400,USC00111550,"CHICAGO NORTHERLY ISLAND, IL US",41.8558,-87.6094,2022-01-22,2022-01-22,0.6,-7.2
5401,USC00111550,"CHICAGO NORTHERLY ISLAND, IL US",41.8558,-87.6094,2022-01-23,2022-01-23,-4.4,-10.6
5402,USC00111550,"CHICAGO NORTHERLY ISLAND, IL US",41.8558,-87.6094,2022-01-24,2022-01-24,-3.3,-11.1
5403,USC00111550,"CHICAGO NORTHERLY ISLAND, IL US",41.8558,-87.6094,2022-01-25,2022-01-25,-9.4,-16.7
5404,USC00111550,"CHICAGO NORTHERLY ISLAND, IL US",41.8558,-87.6094,2022-01-26,2022-01-26,-10,-19.4
5405,USC00111550,"CHICAGO NORTHERLY ISLAND, IL US",41.8558,-87.6094,2022-01-27,2022-01-27,0,-10
5406,USC00111550,"CHICAGO NORTHERLY ISLAND, IL US",41.8558,-87.6094,2022-01-28,2022-01-28,-2.8,-10
5407,USC00111550,"CHICAGO NORTHERLY ISLAND, IL US",41.8558,-87.6094,2022-01-29,2022-01-29,-6.1,-11.1
5408,USC00111550,"CHICAGO NORTHERLY ISLAND, IL US",41.8558,-87.6094,2022-01-30,2022-01-30,-1.1,-8.3
5409,USC00111550,"CHICAGO NORTHERLY ISLAND, IL US",41.8558,-87.6094,2022-01-31,2022-01-31,0.6,-2.2
5410,USC00111550,"CHICAGO NORTHERLY ISLAND, IL US",41.8558,-87.6094,2022-02-01,2022-02-01,7.8,-0.6
5411,USC00111550,"CHICAGO NORTHERLY ISLAND, IL US",41.8558,-87.6094,2022-02-02,2022-02-02,0,-6.7
5412,USC00111550,"CHICAGO NORTHERLY ISLAND, IL US",41.8558,-87.6094,2022-02-03,2022-02-03,-3.3,-6.1
5413,USC00111550,"CHICAGO NORTHERLY ISLAND, IL US",41.8558,-87.6094,2022-02-04,2022-02-04,-3.3,-11.1
5414,USC00111550,"CHICAGO NORTHERLY ISLAND, IL US",41.8558,-87.6094,2022-02-05,2022-02-05,-7.2,-13.3
5415,USC00111550,"CHICAGO NORTHERLY ISLAND, IL US",41.8558,-87.6094,2022-02-06,2022-02-06,-0.6,-8.3
5416,USC00111550,"CHICAGO NORTHERLY ISLAND, IL US",41.8558,-87.6094,2022-02-07,2022-02-07,-0.6,-7.8
5417,USC00111550,"CHICAGO NORTHERLY ISLAND, IL US",41.8558,-87.6094,2022-02-08,2022-02-08,3.9,-7.8
5418,USC00111550,"CHICAGO NORTHERLY ISLAND, IL US",41.8558,-87.6094,2022-02-09,2022-02-09,5,0.6
5419,USC00111550,"CHICAGO NORTHERLY ISLAND, IL US",41.8558,-87.6094,2022-02-10,2022-02-10,1.7,-2.8
5420,USC00111550,"CHICAGO NORTHERLY ISLAND, IL US",41.8558,-87.6094,2022-02-11,2022-02-11,6.7,-5.6
5421,USC00111550,"CHICAGO NORTHERLY ISLAND, IL US",41.8558,-87.6094,2022-02-12,2022-02-12,-1.1,-10.6
5422,USC00111550,"CHICAGO NORTHERLY ISLAND, IL US",41.8558,-87.6094,2022-02-13,2022-02-13,-7.2,-10.6
5423,USC00111550,"CHICAGO NORTHERLY ISLAND, IL US",41.8558,-87.6094,2022-02-14,2022-02-14,-3.3,-10
5424,USC00111550,"CHICAGO NORTHERLY ISLAND, IL US",41.8558,-87.6094,2022-02-15,2022-02-15,7.2,-5.6
5425,USC00111550,"CHICAGO NORTHERLY ISLAND, IL US",41.8558,-87.6094,2022-02-16,2022-02-16,11.7,2.8
5426,USC00111550,"CHICAGO NORTHERLY ISLAND, IL US",41.8558,-87.6094,2022-02-17,2022-02-17,2.8,-7.8
5427,USC00111550,"CHICAGO NORTHERLY ISLAND, IL US",41.8558,-87.6094,2022-02-18,2022-02-18,-0.6,-11.7
5428,USC00111550,"CHICAGO NORTHERLY ISLAND, IL US",41.8558,-87.6094,2022-02-19,2022-02-19,-2.2,-11.7
5429,USC00111550,"CHICAGO NORTHERLY ISLAND, IL US",41.8558,-87.6094,2022-02-20,2022-02-20,8.3,-8.3
5430,USC00111550,"CHICAGO NORTHERLY ISLAND, IL US",41.8558,-87.6094,2022-02-21,2022-02-21,5.6,0.6
5431,USC00111550,"CHICAGO NORTHERLY ISLAND, IL US",41.8558,-87.6094,2022-02-22,2022-02-22,5,-5
5432,USC00111550,"CHICAGO NORTHERLY ISLAND, IL US",41.8558,-87.6094,2022-02-23,2022-02-23,-3.9,-8.9
5433,USC00111550,"CHICAGO NORTHERLY ISLAND, IL US",41.8558,-87.6094,2022-02-24,2022-02-24,-2.8,-4.4
5434,USC00111550,"CHICAGO NORTHERLY ISLAND, IL US",41.8558,-87.6094,2022-02-25,2022-02-25,-1.7,-6.1
5435,USC00111550,"CHICAGO NORTHERLY ISLAND, IL US",41.8558,-87.6094,2022-02-26,2022-02-26,0,-8.9
5436,USC00111550,"CHICAGO NORTHERLY ISLAND, IL US",41.8558,-87.6094,2022-02-27,2022-02-27,5,-2.2
5437,USC00111550,"CHICAGO NORTHERLY ISLAND, IL US",41.8558,-87.6094,2022-02-28,2022-02-28,11.7,-2.2
5438,USC00111550,"CHICAGO NORTHERLY ISLAND, IL US",41.8558,-87.6094,2022-03-01,2022-03-01,7.2,0
5439,USC00111550,"CHICAGO NORTHERLY ISLAND, IL US",41.8558,-87.6094,2022-03-02,2022-03-02,13.9,-0.6
5440,USC00111550,"CHICAGO NORTHERLY ISLAND, IL US",41.8558,-87.6094,2022-03-03,2022-03-03,1.1,-2.2
5441,USC00111550,"CHICAGO NORTHERLY ISLAND, IL US",41.8558,-87.6094,2022-03-04,2022-03-04,1.7,-2.2
5442,USC00111550,"CHICAGO NORTHERLY ISLAND, IL US",41.8558,-87.6094,2022-03-05,2022-03-05,20,1.1
5443,USC00111550,"CHICAGO NORTHERLY ISLAND, IL US",41.8558,-87.6094,2022-03-06,2022-03-06,15.6,1.1
5444,USC00111550,"CHICAGO NORTHERLY ISLAND, IL US",41.8558,-87.6094,2022-03-07,2022-03-07,2.2,-0.6
5445,USC00111550,"CHICAGO NORTHERLY ISLAND, IL US",41.8558,-87.6094,2022-03-08,2022-03-08,4.4,-2.8
5446,USC00111550,"CHICAGO NORTHERLY ISLAND, IL US",41.8558,-87.6094,2022-03-09,2022-03-09,5.6,-1.1
5447,USC00111550,"CHICAGO NORTHERLY ISLAND, IL US",41.8558,-87.6094,2022-03-10,2022-03-10,-1.1,-5
5448,USC00111550,"CHICAGO NORTHERLY ISLAND, IL US",41.8558,-87.6094,2022-03-11,2022-03-11,-0.6,-7.8
5449,USC00111550,"CHICAGO NORTHERLY ISLAND, IL US",41.8558,-87.6094,2022-03-12,2022-03-12,-5,-11.1
5450,USC00111550,"CHICAGO NORTHERLY ISLAND, IL US",41.8558,-87.6094,2022-03-13,2022-03-13,10.6,-6.7
5451,USC00111550,"CHICAGO NORTHERLY ISLAND, IL US",41.8558,-87.6094,2022-03-14,2022-03-14,16.7,2.8
5452,USC00111550,"CHICAGO NORTHERLY ISLAND, IL US",41.8558,-87.6094,2022-03-15,2022-03-15,5.6,1.1
5453,USC00111550,"CHICAGO NORTHERLY ISLAND, IL US",41.8558,-87.6094,2022-03-16,2022-03-16,20,1.1
5454,USC00111550,"CHICAGO NORTHERLY ISLAND, IL US",41.8558,-87.6094,2022-03-17,2022-03-17,16.7,5
5455,USC00111550,"CHICAGO NORTHERLY ISLAND, IL US",41.8558,-87.6094,2022-03-18,2022-03-18,7.2,3.3
5456,USC00111550,"CHICAGO NORTHERLY ISLAND, IL US",41.8558,-87.6094,2022-03-19,2022-03-19,6.1,2.2
5457,USC00111550,"CHICAGO NORTHERLY ISLAND, IL US",41.8558,-87.6094,2022-03-20,2022-03-20,11.1,3.3
5458,USC00111550,"CHICAGO NORTHERLY ISLAND, IL US",41.8558,-87.6094,2022-03-21,2022-03-21,22.8,4.4
5459,USC00111550,"CHICAGO NORTHERLY ISLAND, IL US",41.8558,-87.6094,2022-03-22,2022-03-22,11.7,3.9
5460,USC00111550,"CHICAGO NORTHERLY ISLAND, IL US",41.8558,-87.6094,2022-03-23,2022-03-23,12.2,5.6
5461,USC00111550,"CHICAGO NORTHERLY ISLAND, IL US",41.8558,-87.6094,2022-03-24,2022-03-24,7.2,2.2
5462,USC00111550,"CHICAGO NORTHERLY ISLAND, IL US",41.8558,-87.6094,2022-03-25,2022-03-25,8.3,1.7
5463,USC00111550,"CHICAGO NORTHERLY ISLAND, IL US",41.8558,-87.6094,2022-03-26,2022-03-26,1.7,-2.2
5464,USC00111550,"CHICAGO NORTHERLY ISLAND, IL US",41.8558,-87.6094,2022-03-27,2022-03-27,-0.6,-4.4
5465,USC00111550,"CHICAGO NORTHERLY ISLAND, IL US",41.8558,-87.6094,2022-03-28,2022-03-28,-0.6,-3.3
5466,USC00111550,"CHICAGO NORTHERLY ISLAND, IL US",41.8558,-87.6094,2022-03-29,2022-03-29,5,-2.2
5467,USC00111550,"CHICAGO NORTHERLY ISLAND, IL US",41.8558,-87.6094,2022-03-30,2022-03-30,16.1,5
5468,USC00111550,"CHICAGO NORTHERLY ISLAND, IL US",41.8558,-87.6094,2022-03-31,2022-03-31,9.4,0.6
5469,USC00111550,"CHICAGO NORTHERLY ISLAND, IL US",41.8558,-87.6094,2022-04-01,2022-04-01,3.9,0
5470,USC00111550,"CHICAGO NORTHERLY ISLAND, IL US",41.8558,-87.6094,2022-04-02,2022-04-02,6.1,1.1
5471,USC00111550,"CHICAGO NORTHERLY ISLAND, IL US",41.8558,-87.6094,2022-04-03,2022-04-03,5.6,2.2
5472,USC00111550,"CHICAGO NORTHERLY ISLAND, IL US",41.8558,-87.6094,2022-04-04,2022-04-04,11.7,3.3
5473,USC00111550,"CHICAGO NORTHERLY ISLAND, IL US",41.8558,-87.6094,2022-04-05,2022-04-05,7.8,1.7
5474,USC00111550,"CHICAGO NORTHERLY ISLAND, IL US",41.8558,-87.6094,2022-04-06,2022-04-06,13.3,6.7
5475,USC00111550,"CHICAGO NORTHERLY ISLAND, IL US",41.8558,-87.6094,2022-04-07,2022-04-07,6.7,3.9
5476,USC00111550,"CHICAGO NORTHERLY ISLAND, IL US",41.8558,-87.6094,2022-04-08,2022-04-08,5,0.6
5477,USC00111550,"CHICAGO NORTHERLY ISLAND, IL US",41.8558,-87.6094,2022-04-09,2022-04-09,5.6,0
5478,USC00111550,"CHICAGO NORTHERLY ISLAND, IL US",41.8558,-87.6094,2022-04-10,2022-04-10,15,3.3
5479,USC00111550,"CHICAGO NORTHERLY ISLAND, IL US",41.8558,-87.6094,2022-04-11,2022-04-11,16.7,6.7
5480,USC00111550,"CHICAGO NORTHERLY ISLAND, IL US",41.8558,-87.6094,2022-04-12,2022-04-12,18.9,5.6
5481,USC00111550,"CHICAGO NORTHERLY ISLAND, IL US",41.8558,-87.6094,2022-04-13,2022-04-13,21.1,5
5482,USC00111550,"CHICAGO NORTHERLY ISLAND, IL US",41.8558,-87.6094,2022-04-14,2022-04-14,10.6,2.2
5483,USC00111550,"CHICAGO NORTHERLY ISLAND, IL US",41.8558,-87.6094,2022-04-15,2022-04-15,12.8,5
5484,USC00111550,"CHICAGO NORTHERLY ISLAND, IL US",41.8558,-87.6094,2022-04-16,2022-04-16,5.6,1.7
5485,USC00111550,"CHICAGO NORTHERLY ISLAND, IL US",41.8558,-87.6094,2022-04-17,2022-04-17,3.9,1.7
5486,USC00111550,"CHICAGO NORTHERLY ISLAND, IL US",41.8558,-87.6094,2022-04-18,2022-04-18,5,0.6
5487,USC00111550,"CHICAGO NORTHERLY ISLAND, IL US",41.8558,-87.6094,2022-04-19,2022-04-19,6.1,2.8
5488,USC00111550,"CHICAGO NORTHERLY ISLAND, IL US",41.8558,-87.6094,2022-04-20,2022-04-20,11.7,5
5489,USC00111550,"CHICAGO NORTHERLY ISLAND, IL US",41.8558,-87.6094,2022-04-21,2022-04-21,19.4,9.4
5490,USC00111550,"CHICAGO NORTHERLY ISLAND, IL US",41.8558,-87.6094,2022-04-22,2022-04-22,11.7,6.7
5491,USC00111550,"CHICAGO NORTHERLY ISLAND, IL US",41.8558,-87.6094,2022-04-23,2022-04-23,27.8,7.8
5492,USC00111550,"CHICAGO NORTHERLY ISLAND, IL US",41.8558,-87.6094,2022-04-24,2022-04-24,22.8,13.9
5493,USC00111550,"CHICAGO NORTHERLY ISLAND, IL US",41.8558,-87.6094,2022-04-25,2022-04-25,13.9,5
5494,USC00111550,"CHICAGO NORTHERLY ISLAND, IL US",41.8558,-87.6094,2022-04-26,2022-04-26,9.4,3.3
5495,USC00111550,"CHICAGO NORTHERLY ISLAND, IL US",41.8558,-87.6094,2022-04-27,2022-04-27,3.9,1.1
5496,USC00111550,"CHICAGO NORTHERLY ISLAND, IL US",41.8558,-87.6094,2022-04-28,2022-04-28,8.3,3.3
5497,USC00111550,"CHICAGO NORTHERLY ISLAND, IL US",41.8558,-87.6094,2022-04-29,2022-04-29,11.1,7.2
5498,USC00111550,"CHICAGO NORTHERLY ISLAND, IL US",41.8558,-87.6094,2022-04-30,2022-04-30,16.7,8.3
5499,USC00111550,"CHICAGO NORTHERLY ISLAND, IL US",41.8558,-87.6094,2022-05-01,2022-05-01,14.4,10
5500,USC00111550,"CHICAGO NORTHERLY ISLAND, IL US",41.8558,-87.6094,2022-05-02,2022-05-02,11.7,7.2
5501,USC00111550,"CHICAGO NORTHERLY ISLAND, IL US",41.8558,-87.6094,2022-05-03,2022-05-03,8.3,5.6
5502,USC00111550,"CHICAGO NORTHERLY ISLAND, IL US",41.8558,-87.6094,2022-05-04,2022-05-04,7.8,4.4
5503,USC00111550,"CHICAGO NORTHERLY ISLAND, IL US",41.8558,-87.6094,2022-05-05,2022-05-05,8.9,5.6
5504,USC00111550,"CHICAGO NORTHERLY ISLAND, IL US",41.8558,-87.6094,2022-05-06,2022-05-06,10,7.2
5505,USC00111550,"CHICAGO NORTHERLY ISLAND, IL US",41.8558,-87.6094,2022-05-07,2022-05-07,11.7,7.8
5506,USC00111550,"CHICAGO NORTHERLY ISLAND, IL US",41.8558,-87.6094,2022-05-08,2022-05-08,13.3,6.7
5507,USC00111550,"CHICAGO NORTHERLY ISLAND, IL US",41.8558,-87.6094,2022-05-09,2022-05-09,25,8.9
5508,USC00111550,"CHICAGO NORTHERLY ISLAND, IL US",41.8558,-87.6094,2022-05-10,2022-05-10,30.6,16.1
5509,USC00111550,"CHICAGO NORTHERLY ISLAND, IL US",41.8558,-87.6094,2022-05-11,2022-05-11,25.6,14.4
5510,USC00111550,"CHICAGO NORTHERLY ISLAND, IL US",41.8558,-87.6094,2022-05-12,2022-05-12,24.4,16.1
5511,USC00111550,"CHICAGO NORTHERLY ISLAND, IL US",41.8558,-87.6094,2022-05-13,2022-05-13,26.7,15.6
5512,USC00111550,"CHICAGO NORTHERLY ISLAND, IL US",41.8558,-87.6094,2022-05-14,2022-05-14,24.4,16.1
5513,USC00111550,"CHICAGO NORTHERLY ISLAND, IL US",41.8558,-87.6094,2022-05-15,2022-05-15,22.2,14.4
5514,USC00111550,"CHICAGO NORTHERLY ISLAND, IL US",41.8558,-87.6094,2022-05-16,2022-05-16,24.4,13.9
5515,USC00111550,"CHICAGO NORTHERLY ISLAND, IL US",41.8558,-87.6094,2022-05-17,2022-05-17,16.7,10
5516,USC00111550,"CHICAGO NORTHERLY ISLAND, IL US",41.8558,-87.6094,2022-05-18,2022-05-18,14.4,10.6
5517,USC00111550,"CHICAGO NORTHERLY ISLAND, IL US",41.8558,-87.6094,2022-05-19,2022-05-19,28.9,11.7
5518,USC00111550,"CHICAGO NORTHERLY ISLAND, IL US",41.8558,-87.6094,2022-05-20,2022-05-20,30,13.3
5519,USC00111550,"CHICAGO NORTHERLY ISLAND, IL US",41.8558,-87.6094,2022-05-21,2022-05-21,16.7,11.1
5520,USC00111550,"CHICAGO NORTHERLY ISLAND, IL US",41.8558,-87.6094,2022-05-22,2022-05-22,14.4,10.6
5521,USC00111550,"CHICAGO NORTHERLY ISLAND, IL US",41.8558,-87.6094,2022-05-23,2022-05-23,13.3,9.4
5522,USC00111550,"CHICAGO NORTHERLY ISLAND, IL US",41.8558,-87.6094,2022-05-24,2022-05-24,14.4,9.4
5523,USC00111550,"CHICAGO NORTHERLY ISLAND, IL US",41.8558,-87.6094,2022-05-25,2022-05-25,26.1,11.7
5524,USC00111550,"CHICAGO NORTHERLY ISLAND, IL US",41.8558,-87.6094,2022-05-26,2022-05-26,25,14.4
5525,USC00111550,"CHICAGO NORTHERLY ISLAND, IL US",41.8558,-87.6094,2022-05-27,2022-05-27,16.7,9.4
5526,USC00111550,"CHICAGO NORTHERLY ISLAND, IL US",41.8558,-87.6094,2022-05-28,2022-05-28,19.4,11.1
5527,USC00111550,"CHICAGO NORTHERLY ISLAND, IL US",41.8558,-87.6094,2022-05-29,2022-05-29,27.8,17.2
5528,USC00111550,"CHICAGO NORTHERLY ISLAND, IL US",41.8558,-87.6094,2022-05-30,2022-05-30,30.6,21.7
5529,USC00111550,"CHICAGO NORTHERLY ISLAND, IL US",41.8558,-87.6094,2022-05-31,2022-05-31,30.6,23.3
5530,USC00111550,"CHICAGO NORTHERLY ISLAND, IL US",41.8558,-87.6094,2022-06-01,2022-06-01,25.6,13.3
5531,USC00111550,"CHICAGO NORTHERLY ISLAND, IL US",41.8558,-87.6094,2022-06-02,2022-06-02,19.4,13.9
5532,USC00111550,"CHICAGO NORTHERLY ISLAND, IL US",41.8558,-87.6094,2022-06-03,2022-06-03,26.1,14.4
5533,USC00111550,"CHICAGO NORTHERLY ISLAND, IL US",41.8558,-87.6094,2022-06-04,2022-06-04,17.2,13.3
5534,USC00111550,"CHICAGO NORTHERLY ISLAND, IL US",41.8558,-87.6094,2022-06-05,2022-06-05,21.1,13.9
5535,USC00111550,"CHICAGO NORTHERLY ISLAND, IL US",41.8558,-87.6094,2022-06-06,2022-06-06,23.3,13.3
5536,USC00111550,"CHICAGO NORTHERLY ISLAND, IL US",41.8558,-87.6094,2022-06-07,2022-06-07,16.1,11.7
5537,USC00111550,"CHICAGO NORTHERLY ISLAND, IL US",41.8558,-87.6094,2022-06-08,2022-06-08,18.9,12.8
5538,USC00111550,"CHICAGO NORTHERLY ISLAND, IL US",41.8558,-87.6094,2022-06-09,2022-06-09,24.4,12.2
5539,USC00111550,"CHICAGO NORTHERLY ISLAND, IL US",41.8558,-87.6094,2022-06-10,2022-06-10,25.6,16.1
5540,USC00111550,"CHICAGO NORTHERLY ISLAND, IL US",41.8558,-87.6094,2022-06-11,2022-06-11,22.8,15
5541,USC00111550,"CHICAGO NORTHERLY ISLAND, IL US",41.8558,-87.6094,2022-06-12,2022-06-12,20.6,13.3
5542,USC00111550,"CHICAGO NORTHERLY ISLAND, IL US",41.8558,-87.6094,2022-06-13,2022-06-13,24.4,13.9
5543,USC00111550,"CHICAGO NORTHERLY ISLAND, IL US",41.8558,-87.6094,2022-06-14,2022-06-14,35.6,17.8
5544,USC00111550,"CHICAGO NORTHERLY ISLAND, IL US",41.8558,-87.6094,2022-06-15,2022-06-15,35,27.8
5545,USC00111550,"CHICAGO NORTHERLY ISLAND, IL US",41.8558,-87.6094,2022-06-16,2022-06-16,34.4,19.4
5546,USC00111550,"CHICAGO NORTHERLY ISLAND, IL US",41.8558,-87.6094,2022-06-17,2022-06-17,26.1,17.2
5547,USC00111550,"CHICAGO NORTHERLY ISLAND, IL US",41.8558,-87.6094,2022-06-18,2022-06-18,18.9,13.9
5548,USC00111550,"CHICAGO NORTHERLY ISLAND, IL US",41.8558,-87.6094,2022-06-19,2022-06-19,26.1,13.9
5549,USC00111550,"CHICAGO NORTHERLY ISLAND, IL US",41.8558,-87.6094,2022-06-20,2022-06-20,33.9,19.4
5550,USC00111550,"CHICAGO NORTHERLY ISLAND, IL US",41.8558,-87.6094,2022-06-21,2022-06-21,36.1,23.3
5551,USC00111550,"CHICAGO NORTHERLY ISLAND, IL US",41.8558,-87.6094,2022-06-22,2022-06-22,30,21.1
5552,USC00111550,"CHICAGO NORTHERLY ISLAND, IL US",41.8558,-87.6094,2022-06-23,2022-06-23,23.3,18.3
5553,USC00111550,"CHICAGO NORTHERLY ISLAND, IL US",41.8558,-87.6094,2022-06-24,2022-06-24,26.1,18.3
5554,USC00111550,"CHICAGO NORTHERLY ISLAND, IL US",41.8558,-87.6094,2022-06-25,2022-06-25,25.6,18.9
5555,USC00111550,"CHICAGO NORTHERLY ISLAND, IL US",41.8558,-87.6094,2022-06-26,2022-06-26,26.1,20
5556,USC00111550,"CHICAGO NORTHERLY ISLAND, IL US",41.8558,-87.6094,2022-06-27,2022-06-27,22.8,17.8
5557,USC00111550,"CHICAGO NORTHERLY ISLAND, IL US",41.8558,-87.6094,2022-06-28,2022-06-28,29.4,16.7
5558,USC00111550,"CHICAGO NORTHERLY ISLAND, IL US",41.8558,-87.6094,2022-06-29,2022-06-29,27.2,20
5559,USC00111550,"CHICAGO NORTHERLY ISLAND, IL US",41.8558,-87.6094,2022-06-30,2022-06-30,32.2,22.8
5560,USC00111550,"CHICAGO NORTHERLY ISLAND, IL US",41.8558,-87.6094,2022-07-01,2022-07-01,26.7,18.3
5561,USC00111550,"CHICAGO NORTHERLY ISLAND, IL US",41.8558,-87.6094,2022-07-02,2022-07-02,24.4,18.9
5562,USC00111550,"CHICAGO NORTHERLY ISLAND, IL US",41.8558,-87.6094,2022-07-03,2022-07-03,25.6,20
5563,USC00111550,"CHICAGO NORTHERLY ISLAND, IL US",41.8558,-87.6094,2022-07-04,2022-07-04,30.6,20
5564,USC00111550,"CHICAGO NORTHERLY ISLAND, IL US",41.8558,-87.6094,2022-07-05,2022-07-05,31.1,19.4
5565,USC00111550,"CHICAGO NORTHERLY ISLAND, IL US",41.8558,-87.6094,2022-07-06,2022-07-06,23.3,19.4
5566,USC00111550,"CHICAGO NORTHERLY ISLAND, IL US",41.8558,-87.6094,2022-07-07,2022-07-07,25,19.4
5567,USC00111550,"CHICAGO NORTHERLY ISLAND, IL US",41.8558,-87.6094,2022-07-08,2022-07-08,23.9,20.6
5568,USC00111550,"CHICAGO NORTHERLY ISLAND, IL US",41.8558,-87.6094,2022-07-09,2022-07-09,22.8,19.4
5569,USC00111550,"CHICAGO NORTHERLY ISLAND, IL US",41.8558,-87.6094,2022-07-10,2022-07-10,25,18.3
5570,USC00111550,"CHICAGO NORTHERLY ISLAND, IL US",41.8558,-87.6094,2022-07-11,2022-07-11,28.9,21.1
5571,USC00111550,"CHICAGO NORTHERLY ISLAND, IL US",41.8558,-87.6094,2022-07-12,2022-07-12,27.8,21.1
5572,USC00111550,"CHICAGO NORTHERLY ISLAND, IL US",41.8558,-87.6094,2022-07-13,2022-07-13,26.1,18.9
5573,USC00111550,"CHICAGO NORTHERLY ISLAND, IL US",41.8558,-87.6094,2022-07-14,2022-07-14,23.3,18.3
5574,USC00111550,"CHICAGO NORTHERLY ISLAND, IL US",41.8558,-87.6094,2022-07-15,2022-07-15,22.2,18.9
5575,USC00111550,"CHICAGO NORTHERLY ISLAND, IL US",41.8558,-87.6094,2022-07-16,2022-07-16,22.8,19.4
5576,USC00111550,"CHICAGO NORTHERLY ISLAND, IL US",41.8558,-87.6094,2022-07-17,2022-07-17,22.2,20.6
5577,USC00111550,"CHICAGO NORTHERLY ISLAND, IL US",41.8558,-87.6094,2022-07-18,2022-07-18,26.7,21.1
5578,USC00111550,"CHICAGO NORTHERLY ISLAND, IL US",41.8558,-87.6094,2022-07-19,2022-07-19,30.6,18.3
5579,USC00111550,"CHICAGO NORTHERLY ISLAND, IL US",41.8558,-87.6094,2022-07-20,2022-07-20,29.4,24.4
5580,USC00111550,"CHICAGO NORTHERLY ISLAND, IL US",41.8558,-87.6094,2022-07-21,2022-07-21,32.8,22.8
5581,USC00111550,"CHICAGO NORTHERLY ISLAND, IL US",41.8558,-87.6094,2022-07-22,2022-07-22,31.1,22.8
5582,USC00111550,"CHICAGO NORTHERLY ISLAND, IL US",41.8558,-87.6094,2022-07-23,2022-07-23,29.4,18.9
5583,USC00111550,"CHICAGO NORTHERLY ISLAND, IL US",41.8558,-87.6094,2022-07-24,2022-07-24,30,22.2
5584,USC00111550,"CHICAGO NORTHERLY ISLAND, IL US",41.8558,-87.6094,2022-07-25,2022-07-25,23.9,19.4
5585,USC00111550,"CHICAGO NORTHERLY ISLAND, IL US",41.8558,-87.6094,2022-07-26,2022-07-26,23.3,18.9
5586,USC00111550,"CHICAGO NORTHERLY ISLAND, IL US",41.8558,-87.6094,2022-07-27,2022-07-27,27.2,21.1
5587,USC00111550,"CHICAGO NORTHERLY ISLAND, IL US",41.8558,-87.6094,2022-07-28,2022-07-28,26.7,21.1
5588,USC00111550,"CHICAGO NORTHERLY ISLAND, IL US",41.8558,-87.6094,2022-07-29,2022-07-29,23.9,18.9
5589,USC00111550,"CHICAGO NORTHERLY ISLAND, IL US",41.8558,-87.6094,2022-07-30,2022-07-30,25.6,18.9
5590,USC00111550,"CHICAGO NORTHERLY ISLAND, IL US",41.8558,-87.6094,2022-07-31,2022-07-31,28.3,20.6
5591,USC00111550,"CHICAGO NORTHERLY ISLAND, IL US",41.8558,-87.6094,2022-08-01,2022-08-01,29.4,22.2
5592,USC00111550,"CHICAGO NORTHERLY ISLAND, IL US",41.8558,-87.6094,2022-08-02,2022-08-02,30.6,20
5593,USC00111550,"CHICAGO NORTHERLY ISLAND, IL US",41.8558,-87.6094,2022-08-03,2022-08-03,32.2,23.3
5594,USC00111550,"CHICAGO NORTHERLY ISLAND, IL US",41.8558,-87.6094,2022-08-04,2022-08-04,26.7,20.6
5595,USC00111550,"CHICAGO NORTHERLY ISLAND, IL US",41.8558,-87.6094,2022-08-05,2022-08-05,25.6,20
5596,USC00111550,"CHICAGO NORTHERLY ISLAND, IL US",41.8558,-87.6094,2022-08-06,2022-08-06,32.8,22.2
5597,USC00111550,"CHICAGO NORTHERLY ISLAND, IL US",41.8558,-87.6094,2022-08-07,2022-08-07,28.3,21.7
5598,USC00111550,"CHICAGO NORTHERLY ISLAND, IL US",41.8558,-87.6094,2022-08-08,2022-08-08,26.7,17.8
5599,USC00111550,"CHICAGO NORTHERLY ISLAND, IL US",41.8558,-87.6094,2022-08-09,2022-08-09,21.7,16.1
5600,USC00111550,"CHICAGO NORTHERLY ISLAND, IL US",41.8558,-87.6094,2022-08-10,2022-08-10,24.4,16.1
5601,USC00111550,"CHICAGO NORTHERLY ISLAND, IL US",41.8558,-87.6094,2022-08-11,2022-08-11,24.4,18.9
5602,USC00111550,"CHICAGO NORTHERLY ISLAND, IL US",41.8558,-87.6094,2022-08-12,2022-08-12,23.3,18.9
5603,USC00111550,"CHICAGO NORTHERLY ISLAND, IL US",41.8558,-87.6094,2022-08-13,2022-08-13,24.4,18.3
5604,USC00111550,"CHICAGO NORTHERLY ISLAND, IL US",41.8558,-87.6094,2022-08-14,2022-08-14,22.8,19.4
5605,USC00111550,"CHICAGO NORTHERLY ISLAND, IL US",41.8558,-87.6094,2022-08-15,2022-08-15,24.4,19.4
5606,USC00111550,"CHICAGO NORTHERLY ISLAND, IL US",41.8558,-87.6094,2022-08-16,2022-08-16,25,19.4
5607,USC00111550,"CHICAGO NORTHERLY ISLAND, IL US",41.8558,-87.6094,2022-08-17,2022-08-17,25,18.9
5608,USC00111550,"CHICAGO NORTHERLY ISLAND, IL US",41.8558,-87.6094,2022-08-18,2022-08-18,26.1,18.3
5609,USC00111550,"CHICAGO NORTHERLY ISLAND, IL US",41.8558,-87.6094,2022-08-19,2022-08-19,29.4,20
5610,USC00111550,"CHICAGO NORTHERLY ISLAND, IL US",41.8558,-87.6094,2022-08-20,2022-08-20,25,18.3
5611,USC00111550,"CHICAGO NORTHERLY ISLAND, IL US",41.8558,-87.6094,2022-08-21,2022-08-21,23.3,20
5612,USC00111550,"CHICAGO NORTHERLY ISLAND, IL US",41.8558,-87.6094,2022-08-22,2022-08-22,23.9,18.9
5613,USC00111550,"CHICAGO NORTHERLY ISLAND, IL US",41.8558,-87.6094,2022-08-23,2022-08-23,26.7,19.4
5614,USC00111550,"CHICAGO NORTHERLY ISLAND, IL US",41.8558,-87.6094,2022-08-24,2022-08-24,25.6,20
5615,USC00111550,"CHICAGO NORTHERLY ISLAND, IL US",41.8558,-87.6094,2022-08-25,2022-08-25,26.7,18.9
5616,USC00111550,"CHICAGO NORTHERLY ISLAND, IL US",41.8558,-87.6094,2022-08-26,2022-08-26,23.3,18.9
5617,USC00111550,"CHICAGO NORTHERLY ISLAND, IL US",41.8558,-87.6094,2022-08-27,2022-08-27,24.4,17.8
5618,USC00111550,"CHICAGO NORTHERLY ISLAND, IL US",41.8558,-87.6094,2022-08-28,2022-08-28,31.1,20.6
5619,USC00111550,"CHICAGO NORTHERLY ISLAND, IL US",41.8558,-87.6094,2022-08-29,2022-08-29,30,20.6
5620,USC00111550,"CHICAGO NORTHERLY ISLAND, IL US",41.8558,-87.6094,2022-08-30,2022-08-30,26.7,20
5621,USC00111550,"CHICAGO NORTHERLY ISLAND, IL US",41.8558,-87.6094,2022-08-31,2022-08-31,29.4,18.3
5622,USC00111550,"CHICAGO NORTHERLY ISLAND, IL US",41.8558,-87.6094,2022-09-01,2022-09-01,30.6,21.1
5623,USC00111550,"CHICAGO NORTHERLY ISLAND, IL US",41.8558,-87.6094,2022-09-02,2022-09-02,29.4,22.2
5624,USC00111550,"CHICAGO NORTHERLY ISLAND, IL US",41.8558,-87.6094,2022-09-03,2022-09-03,29.4,20.6
5625,USC00111550,"CHICAGO NORTHERLY ISLAND, IL US",41.8558,-87.6094,2022-09-04,2022-09-04,21.7,19.4
5626,USC00111550,"CHICAGO NORTHERLY ISLAND, IL US",41.8558,-87.6094,2022-09-05,2022-09-05,21.7,18.9
5627,USC00111550,"CHICAGO NORTHERLY ISLAND, IL US",41.8558,-87.6094,2022-09-06,2022-09-06,23.9,20
5628,USC00111550,"CHICAGO NORTHERLY ISLAND, IL US",41.8558,-87.6094,2022-09-07,2022-09-07,24.4,18.9
5629,USC00111550,"CHICAGO NORTHERLY ISLAND, IL US",41.8558,-87.6094,2022-09-08,2022-09-08,25,17.8
5630,USC00111550,"CHICAGO NORTHERLY ISLAND, IL US",41.8558,-87.6094,2022-09-09,2022-09-09,27.8,17.8
5631,USC00111550,"CHICAGO NORTHERLY ISLAND, IL US",41.8558,-87.6094,2022-09-10,2022-09-10,26.7,19.4
5632,USC00111550,"CHICAGO NORTHERLY ISLAND, IL US",41.8558,-87.6094,2022-09-11,2022-09-11,22.2,15
5633,USC00111550,"CHICAGO NORTHERLY ISLAND, IL US",41.8558,-87.6094,2022-09-12,2022-09-12,17.8,12.2
5634,USC00111550,"CHICAGO NORTHERLY ISLAND, IL US",41.8558,-87.6094,2022-09-13,2022-09-13,22.8,15.6
5635,USC00111550,"CHICAGO NORTHERLY ISLAND, IL US",41.8558,-87.6094,2022-09-14,2022-09-14,22.2,17.2
5636,USC00111550,"CHICAGO NORTHERLY ISLAND, IL US",41.8558,-87.6094,2022-09-15,2022-09-15,27.2,17.2
5637,USC00111550,"CHICAGO NORTHERLY ISLAND, IL US",41.8558,-87.6094,2022-09-16,2022-09-16,27.8,18.9
5638,USC00111550,"CHICAGO NORTHERLY ISLAND, IL US",41.8558,-87.6094,2022-09-17,2022-09-17,28.9,20.6
5639,USC00111550,"CHICAGO NORTHERLY ISLAND, IL US",41.8558,-87.6094,2022-09-18,2022-09-18,29.4,21.1
5640,USC00111550,"CHICAGO NORTHERLY ISLAND, IL US",41.8558,-87.6094,2022-09-19,2022-09-19,22.2,17.8
5641,USC00111550,"CHICAGO NORTHERLY ISLAND, IL US",41.8558,-87.6094,2022-09-20,2022-09-20,29.4,17.2
5642,USC00111550,"CHICAGO NORTHERLY ISLAND, IL US",41.8558,-87.6094,2022-09-21,2022-09-21,29.4,17.2
5643,USC00111550,"CHICAGO NORTHERLY ISLAND, IL US",41.8558,-87.6094,2022-09-22,2022-09-22,17.2,12.8
5644,USC00111550,"CHICAGO NORTHERLY ISLAND, IL US",41.8558,-87.6094,2022-09-23,2022-09-23,17.2,12.2
5645,USC00111550,"CHICAGO NORTHERLY ISLAND, IL US",41.8558,-87.6094,2022-09-24,2022-09-24,22.8,11.1
5646,USC00111550,"CHICAGO NORTHERLY ISLAND, IL US",41.8558,-87.6094,2022-09-25,2022-09-25,19.4,13.9
5647,USC00111550,"CHICAGO NORTHERLY ISLAND, IL US",41.8558,-87.6094,2022-09-26,2022-09-26,16.7,11.7
5648,USC00111550,"CHICAGO NORTHERLY ISLAND, IL US",41.8558,-87.6094,2022-09-27,2022-09-27,15,9.4
5649,USC00111550,"CHICAGO NORTHERLY ISLAND, IL US",41.8558,-87.6094,2022-09-28,2022-09-28,15.6,9.4
5650,USC00111550,"CHICAGO NORTHERLY ISLAND, IL US",41.8558,-87.6094,2022-09-29,2022-09-29,15.6,10.6
5651,USC00111550,"CHICAGO NORTHERLY ISLAND, IL US",41.8558,-87.6094,2022-09-30,2022-09-30,16.7,10
5652,USC00111550,"CHICAGO NORTHERLY ISLAND, IL US",41.8558,-87.6094,2022-10-01,2022-10-01,18.3,15
5653,USC00111550,"CHICAGO NORTHERLY ISLAND, IL US",41.8558,-87.6094,2022-10-02,2022-10-02,17.2,13.9
5654,USC00111550,"CHICAGO NORTHERLY ISLAND, IL US",41.8558,-87.6094,2022-10-03,2022-10-03,16.1,11.1
5655,USC00111550,"CHICAGO NORTHERLY ISLAND, IL US",41.8558,-87.6094,2022-10-04,2022-10-04,21.7,11.7
5656,USC00111550,"CHICAGO NORTHERLY ISLAND, IL US",41.8558,-87.6094,2022-10-05,2022-10-05,23.9,13.3
5657,USC00111550,"CHICAGO NORTHERLY ISLAND, IL US",41.8558,-87.6094,2022-10-06,2022-10-06,22.8,11.1
5658,USC00111550,"CHICAGO NORTHERLY ISLAND, IL US",41.8558,-87.6094,2022-10-07,2022-10-07,11.7,7.8
5659,USC00111550,"CHICAGO NORTHERLY ISLAND, IL US",41.8558,-87.6094,2022-10-08,2022-10-08,14.4,5
5660,USC00111550,"CHICAGO NORTHERLY ISLAND, IL US",41.8558,-87.6094,2022-10-09,2022-10-09,20,7.8
5661,USC00111550,"CHICAGO NORTHERLY ISLAND, IL US",41.8558,-87.6094,2022-10-10,2022-10-10,18.9,11.1
5662,USC00111550,"CHICAGO NORTHERLY ISLAND, IL US",41.8558,-87.6094,2022-10-11,2022-10-11,19.4,12.2
5663,USC00111550,"CHICAGO NORTHERLY ISLAND, IL US",41.8558,-87.6094,2022-10-12,2022-10-12,17.2,10
5664,USC00111550,"CHICAGO NORTHERLY ISLAND, IL US",41.8558,-87.6094,2022-10-13,2022-10-13,17.2,4.4
5665,USC00111550,"CHICAGO NORTHERLY ISLAND, IL US",41.8558,-87.6094,2022-10-14,2022-10-14,15.6,3.9
5666,USC00111550,"CHICAGO NORTHERLY ISLAND, IL US",41.8558,-87.6094,2022-10-15,2022-10-15,11.7,3.3
5667,USC00111550,"CHICAGO NORTHERLY ISLAND, IL US",41.8558,-87.6094,2022-10-16,2022-10-16,12.8,6.1
5668,USC00111550,"CHICAGO NORTHERLY ISLAND, IL US",41.8558,-87.6094,2022-10-17,2022-10-17,6.1,3.3
5669,USC00111550,"CHICAGO NORTHERLY ISLAND, IL US",41.8558,-87.6094,2022-10-18,2022-10-18,7.8,2.2
5670,USC00111550,"CHICAGO NORTHERLY ISLAND, IL US",41.8558,-87.6094,2022-10-19,2022-10-19,8.9,2.2
5671,USC00111550,"CHICAGO NORTHERLY ISLAND, IL US",41.8558,-87.6094,2022-10-20,2022-10-20,16.1,1.7
5672,USC00111550,"CHICAGO NORTHERLY ISLAND, IL US",41.8558,-87.6094,2022-10-21,2022-10-21,23.9,7.8
5673,USC00111550,"CHICAGO NORTHERLY ISLAND, IL US",41.8558,-87.6094,2022-10-22,2022-10-22,26.1,13.9
5674,USC00111550,"CHICAGO NORTHERLY ISLAND, IL US",41.8558,-87.6094,2022-10-23,2022-10-23,25.6,16.1
5675,USC00111550,"CHICAGO NORTHERLY ISLAND, IL US",41.8558,-87.6094,2022-10-24,2022-10-24,23.9,15
5676,USC00111550,"CHICAGO NORTHERLY ISLAND, IL US",41.8558,-87.6094,2022-10-25,2022-10-25,19.4,7.8
5677,USC00111550,"CHICAGO NORTHERLY ISLAND, IL US",41.8558,-87.6094,2022-10-26,2022-10-26,12.2,6.7
5678,USC00111550,"CHICAGO NORTHERLY ISLAND, IL US",41.8558,-87.6094,2022-10-27,2022-10-27,11.1,6.1
5679,USC00111550,"CHICAGO NORTHERLY ISLAND, IL US",41.8558,-87.6094,2022-10-28,2022-10-28,12.2,7.8
5680,USC00111550,"CHICAGO NORTHERLY ISLAND, IL US",41.8558,-87.6094,2022-10-29,2022-10-29,14.4,7.2
5681,USC00111550,"CHICAGO NORTHERLY ISLAND, IL US",41.8558,-87.6094,2022-10-30,2022-10-30,14.4,9.4
5682,USC00111550,"CHICAGO NORTHERLY ISLAND, IL US",41.8558,-87.6094,2022-10-31,2022-10-31,13.3,11.7
5683,USC00111550,"CHICAGO NORTHERLY ISLAND, IL US",41.8558,-87.6094,2022-11-01,2022-11-01,20,9.4
5684,USC00111550,"CHICAGO NORTHERLY ISLAND, IL US",41.8558,-87.6094,2022-11-02,2022-11-02,21.7,10
5685,USC00111550,"CHICAGO NORTHERLY ISLAND, IL US",41.8558,-87.6094,2022-11-03,2022-11-03,22.2,12.2
5686,USC00111550,"CHICAGO NORTHERLY ISLAND, IL US",41.8558,-87.6094,2022-11-04,2022-11-04,22.8,15.6
5687,USC00111550,"CHICAGO NORTHERLY ISLAND, IL US",41.8558,-87.6094,2022-11-05,2022-11-05,20,7.8
5688,USC00111550,"CHICAGO NORTHERLY ISLAND, IL US",41.8558,-87.6094,2022-11-06,2022-11-06,16.7,7.8
5689,USC00111550,"CHICAGO NORTHERLY ISLAND, IL US",41.8558,-87.6094,2022-11-07,2022-11-07,11.1,6.1
5690,USC00111550,"CHICAGO NORTHERLY ISLAND, IL US",41.8558,-87.6094,2022-11-08,2022-11-08,11.7,7.2
5691,USC00111550,"CHICAGO NORTHERLY ISLAND, IL US",41.8558,-87.6094,2022-11-09,2022-11-09,20.6,8.9
5692,USC00111550,"CHICAGO NORTHERLY ISLAND, IL US",41.8558,-87.6094,2022-11-10,2022-11-10,23.3,16.1
5693,USC00111550,"CHICAGO NORTHERLY ISLAND, IL US",41.8558,-87.6094,2022-11-11,2022-11-11,16.1,0.6
5694,USC00111550,"CHICAGO NORTHERLY ISLAND, IL US",41.8558,-87.6094,2022-11-12,2022-11-12,2.8,0.6
5695,USC00111550,"CHICAGO NORTHERLY ISLAND, IL US",41.8558,-87.6094,2022-11-13,2022-11-13,3.3,0
5696,USC00111550,"CHICAGO NORTHERLY ISLAND, IL US",41.8558,-87.6094,2022-11-14,2022-11-14,6.1,0
5697,USC00111550,"CHICAGO NORTHERLY ISLAND, IL US",41.8558,-87.6094,2022-11-15,2022-11-15,3.3,0.6
5698,USC00111550,"CHICAGO NORTHERLY ISLAND, IL US",41.8558,-87.6094,2022-11-16,2022-11-16,2.2,0
5699,USC00111550,"CHICAGO NORTHERLY ISLAND, IL US",41.8558,-87.6094,2022-11-17,2022-11-17,1.1,-1.7
5700,USC00111550,"CHICAGO NORTHERLY ISLAND, IL US",41.8558,-87.6094,2022-11-18,2022-11-18,-0.6,-6.1
5701,USC00111550,"CHICAGO NORTHERLY ISLAND, IL US",41.8558,-87.6094,2022-11-19,2022-11-19,-2.2,-7.8
5702,USC00111550,"CHICAGO NORTHERLY ISLAND, IL US",41.8558,-87.6094,2022-11-20,2022-11-20,0.6,-10
5703,USC00111550,"CHICAGO NORTHERLY ISLAND, IL US",41.8558,-87.6094,2022-11-21,2022-11-21,8.3,-1.1
5704,USC00111550,"CHICAGO NORTHERLY ISLAND, IL US",41.8558,-87.6094,2022-11-22,2022-11-22,11.1,-3.3
5705,USC00111550,"CHICAGO NORTHERLY ISLAND, IL US",41.8558,-87.6094,2022-11-23,2022-11-23,14.4,2.8
5706,USC00111550,"CHICAGO NORTHERLY ISLAND, IL US",41.8558,-87.6094,2022-11-24,2022-11-24,11.7,4.4
5707,USC00111550,"CHICAGO NORTHERLY ISLAND, IL US",41.8558,-87.6094,2022-11-25,2022-11-25,11.1,2.8
5708,USC00111550,"CHICAGO NORTHERLY ISLAND, IL US",41.8558,-87.6094,2022-11-26,2022-11-26,12.8,2.8
5709,USC00111550,"CHICAGO NORTHERLY ISLAND, IL US",41.8558,-87.6094,2022-11-27,2022-11-27,7.2,4.4
5710,USC00111550,"CHICAGO NORTHERLY ISLAND, IL US",41.8558,-87.6094,2022-11-28,2022-11-28,7.2,1.7
5711,USC00111550,"CHICAGO NORTHERLY ISLAND, IL US",41.8558,-87.6094,2022-11-29,2022-11-29,15,2.2
5712,USC00111550,"CHICAGO NORTHERLY ISLAND, IL US",41.8558,-87.6094,2022-11-30,2022-11-30,2.2,-5.6
5713,USC00111550,"CHICAGO NORTHERLY ISLAND, IL US",41.8558,-87.6094,2022-12-01,2022-12-01,2.2,-7.2
5714,USC00111550,"CHICAGO NORTHERLY ISLAND, IL US",41.8558,-87.6094,2022-12-02,2022-12-02,11.1,2.2
5715,USC00111550,"CHICAGO NORTHERLY ISLAND, IL US",41.8558,-87.6094,2022-12-03,2022-12-03,10.6,-4.4
5716,USC00111550,"CHICAGO NORTHERLY ISLAND, IL US",41.8558,-87.6094,2022-12-04,2022-12-04,5,-6.1
5717,USC00111550,"CHICAGO NORTHERLY ISLAND, IL US",41.8558,-87.6094,2022-12-05,2022-12-05,6.1,-1.7
5718,USC00111550,"CHICAGO NORTHERLY ISLAND, IL US",41.8558,-87.6094,2022-12-06,2022-12-06,5.6,3.9
5719,USC00111550,"CHICAGO NORTHERLY ISLAND, IL US",41.8558,-87.6094,2022-12-07,2022-12-07,6.7,2.8
5720,USC00111550,"CHICAGO NORTHERLY ISLAND, IL US",41.8558,-87.6094,2022-12-08,2022-12-08,4.4,1.7
5721,USC00111550,"CHICAGO NORTHERLY ISLAND, IL US",41.8558,-87.6094,2022-12-09,2022-12-09,3.3,1.7
5722,USC00111550,"CHICAGO NORTHERLY ISLAND, IL US",41.8558,-87.6094,2022-12-10,2022-12-10,3.9,2.2
5723,USC00111550,"CHICAGO NORTHERLY ISLAND, IL US",41.8558,-87.6094,2022-12-11,2022-12-11,3.9,2.8
5724,USC00111550,"CHICAGO NORTHERLY ISLAND, IL US",41.8558,-87.6094,2022-12-12,2022-12-12,5,2.2
5725,USC00111550,"CHICAGO NORTHERLY ISLAND, IL US",41.8558,-87.6094,2022-12-13,2022-12-13,3.3,1.1
5726,USC00111550,"CHICAGO NORTHERLY ISLAND, IL US",41.8558,-87.6094,2022-12-14,2022-12-14,5,2.8
5727,USC00111550,"CHICAGO NORTHERLY ISLAND, IL US",41.8558,-87.6094,2022-12-15,2022-12-15,3.9,-0.6
5728,USC00111550,"CHICAGO NORTHERLY ISLAND, IL US",41.8558,-87.6094,2022-12-16,2022-12-16,0,-3.3
5729,USC00111550,"CHICAGO NORTHERLY ISLAND, IL US",41.8558,-87.6094,2022-12-17,2022-12-17,-2.8,-6.1
5730,USC00111550,"CHICAGO NORTHERLY ISLAND, IL US",41.8558,-87.6094,2022-12-18,2022-12-18,-5.6,-8.9
5731,USC00111550,"CHICAGO NORTHERLY ISLAND, IL US",41.8558,-87.6094,2022-12-19,2022-12-19,-2.2,-10.6
5732,USC00111550,"CHICAGO NORTHERLY ISLAND, IL US",41.8558,-87.6094,2022-12-20,2022-12-20,1.1,-4.4
5733,USC00111550,"CHICAGO NORTHERLY ISLAND, IL US",41.8558,-87.6094,2022-12-21,2022-12-21,0.6,-7.8
5734,USC00111550,"CHICAGO NORTHERLY ISLAND, IL US",41.8558,-87.6094,2022-12-22,2022-12-22,1.1,-20
5735,USC00111550,"CHICAGO NORTHERLY ISLAND, IL US",41.8558,-87.6094,2022-12-23,2022-12-23,-17.8,-22.2
5736,USC00111550,"CHICAGO NORTHERLY ISLAND, IL US",41.8558,-87.6094,2022-12-24,2022-12-24,-10,-18.3
5737,USC00111550,"CHICAGO NORTHERLY ISLAND, IL US",41.8558,-87.6094,2022-12-25,2022-12-25,-8.9,-15.6
5738,USC00111550,"CHICAGO NORTHERLY ISLAND, IL US",41.8558,-87.6094,2022-12-26,2022-12-26,-5.6,-10
5739,USC00111550,"CHICAGO NORTHERLY ISLAND, IL US",41.8558,-87.6094,2022-12-27,2022-12-27,-3.3,-11.7
5740,USC00111550,"CHICAGO NORTHERLY ISLAND, IL US",41.8558,-87.6094,2022-12-28,2022-12-28,7.8,-3.3
5741,USC00111550,"CHICAGO NORTHERLY ISLAND, IL US",41.8558,-87.6094,2022-12-29,2022-12-29,13.9,6.7
5742,USC00111550,"CHICAGO NORTHERLY ISLAND, IL US",41.8558,-87.6094,2022-12-30,2022-12-30,13.9,0.6
5743,USC00111550,"CHICAGO NORTHERLY ISLAND, IL US",41.8558,-87.6094,2022-12-31,2022-12-31,1.7,-1.1
5744,USW00094846,"CHICAGO OHARE INTERNATIONAL AIRPORT, IL US",41.96017,-87.93164,2022-01-01,2022-01-01,3.3,-4.3
5745,USW00094846,"CHICAGO OHARE INTERNATIONAL AIRPORT, IL US",41.96017,-87.93164,2022-01-02,2022-01-02,-2.1,-10.5
5746,USW00094846,"CHICAGO OHARE INTERNATIONAL AIRPORT, IL US",41.96017,-87.93164,2022-01-03,2022-01-03,-5.5,-12.7
5747,USW00094846,"CHICAGO OHARE INTERNATIONAL AIRPORT, IL US",41.96017,-87.93164,2022-01-04,2022-01-04,1.7,-5.5
5748,USW00094846,"CHICAGO OHARE INTERNATIONAL AIRPORT, IL US",41.96017,-87.93164,2022-01-05,2022-01-05,1.1,-11
5749,USW00094846,"CHICAGO OHARE INTERNATIONAL AIRPORT, IL US",41.96017,-87.93164,2022-01-06,2022-01-06,-9.3,-15.5
5750,USW00094846,"CHICAGO OHARE INTERNATIONAL AIRPORT, IL US",41.96017,-87.93164,2022-01-07,2022-01-07,-9.3,-18.2
5751,USW00094846,"CHICAGO OHARE INTERNATIONAL AIRPORT, IL US",41.96017,-87.93164,2022-01-08,2022-01-08,1.1,-10.5
5752,USW00094846,"CHICAGO OHARE INTERNATIONAL AIRPORT, IL US",41.96017,-87.93164,2022-01-09,2022-01-09,1.1,-12.7
5753,USW00094846,"CHICAGO OHARE INTERNATIONAL AIRPORT, IL US",41.96017,-87.93164,2022-01-10,2022-01-10,-8.8,-14.9
5754,USW00094846,"CHICAGO OHARE INTERNATIONAL AIRPORT, IL US",41.96017,-87.93164,2022-01-11,2022-01-11,2.2,-15.5
5755,USW00094846,"CHICAGO OHARE INTERNATIONAL AIRPORT, IL US",41.96017,-87.93164,2022-01-12,2022-01-12,5,-0.5
5756,USW00094846,"CHICAGO OHARE INTERNATIONAL AIRPORT, IL US",41.96017,-87.93164,2022-01-13,2022-01-13,4.4,-1.6
5757,USW00094846,"CHICAGO OHARE INTERNATIONAL AIRPORT, IL US",41.96017,-87.93164,2022-01-14,2022-01-14,2.2,-3.2
5758,USW00094846,"CHICAGO OHARE INTERNATIONAL AIRPORT, IL US",41.96017,-87.93164,2022-01-15,2022-01-15,-3.2,-8.8
5759,USW00094846,"CHICAGO OHARE INTERNATIONAL AIRPORT, IL US",41.96017,-87.93164,2022-01-16,2022-01-16,-1.6,-11
5760,USW00094846,"CHICAGO OHARE INTERNATIONAL AIRPORT, IL US",41.96017,-87.93164,2022-01-17,2022-01-17,-2.1,-5.5
5761,USW00094846,"CHICAGO OHARE INTERNATIONAL AIRPORT, IL US",41.96017,-87.93164,2022-01-18,2022-01-18,6.7,-6.6
5762,USW00094846,"CHICAGO OHARE INTERNATIONAL AIRPORT, IL US",41.96017,-87.93164,2022-01-19,2022-01-19,4.4,-12.1
5763,USW00094846,"CHICAGO OHARE INTERNATIONAL AIRPORT, IL US",41.96017,-87.93164,2022-01-20,2022-01-20,-7.1,-14.3
5764,USW00094846,"CHICAGO OHARE INTERNATIONAL AIRPORT, IL US",41.96017,-87.93164,2022-01-21,2022-01-21,-3.8,-14.3
5765,USW00094846,"CHICAGO OHARE INTERNATIONAL AIRPORT, IL US",41.96017,-87.93164,2022-01-22,2022-01-22,0.6,-7.1
5766,USW00094846,"CHICAGO OHARE INTERNATIONAL AIRPORT, IL US",41.96017,-87.93164,2022-01-23,2022-01-23,-6,-13.8
5767,USW00094846,"CHICAGO OHARE INTERNATIONAL AIRPORT, IL US",41.96017,-87.93164,2022-01-24,2022-01-24,-3.2,-12.1
5768,USW00094846,"CHICAGO OHARE INTERNATIONAL AIRPORT, IL US",41.96017,-87.93164,2022-01-25,2022-01-25,-11,-17.7
5769,USW00094846,"CHICAGO OHARE INTERNATIONAL AIRPORT, IL US",41.96017,-87.93164,2022-01-26,2022-01-26,-9.3,-21
5770,USW00094846,"CHICAGO OHARE INTERNATIONAL AIRPORT, IL US",41.96017,-87.93164,2022-01-27,2022-01-27,0,-9.9
5771,USW00094846,"CHICAGO OHARE INTERNATIONAL AIRPORT, IL US",41.96017,-87.93164,2022-01-28,2022-01-28,-3.2,-11.6
5772,USW00094846,"CHICAGO OHARE INTERNATIONAL AIRPORT, IL US",41.96017,-87.93164,2022-01-29,2022-01-29,-5.5,-13.8
5773,USW00094846,"CHICAGO OHARE INTERNATIONAL AIRPORT, IL US",41.96017,-87.93164,2022-01-30,2022-01-30,-0.5,-11.6
5774,USW00094846,"CHICAGO OHARE INTERNATIONAL AIRPORT, IL US",41.96017,-87.93164,2022-01-31,2022-01-31,0.6,-3.8
5775,USW00094846,"CHICAGO OHARE INTERNATIONAL AIRPORT, IL US",41.96017,-87.93164,2022-02-01,2022-02-01,7.8,0
5776,USW00094846,"CHICAGO OHARE INTERNATIONAL AIRPORT, IL US",41.96017,-87.93164,2022-02-02,2022-02-02,0.6,-8.8
5777,USW00094846,"CHICAGO OHARE INTERNATIONAL AIRPORT, IL US",41.96017,-87.93164,2022-02-03,2022-02-03,-4.3,-8.8
5778,USW00094846,"CHICAGO OHARE INTERNATIONAL AIRPORT, IL US",41.96017,-87.93164,2022-02-04,2022-02-04,-4.3,-12.1
5779,USW00094846,"CHICAGO OHARE INTERNATIONAL AIRPORT, IL US",41.96017,-87.93164,2022-02-05,2022-02-05,-6.6,-15.5
5780,USW00094846,"CHICAGO OHARE INTERNATIONAL AIRPORT, IL US",41.96017,-87.93164,2022-02-06,2022-02-06,0.6,-7.7
5781,USW00094846,"CHICAGO OHARE INTERNATIONAL AIRPORT, IL US",41.96017,-87.93164,2022-02-07,2022-02-07,-0.5,-7.7
5782,USW00094846,"CHICAGO OHARE INTERNATIONAL AIRPORT, IL US",41.96017,-87.93164,2022-02-08,2022-02-08,3.3,-7.1
5783,USW00094846,"CHICAGO OHARE INTERNATIONAL AIRPORT, IL US",41.96017,-87.93164,2022-02-09,2022-02-09,5,0
5784,USW00094846,"CHICAGO OHARE INTERNATIONAL AIRPORT, IL US",41.96017,-87.93164,2022-02-10,2022-02-10,1.7,-2.7
5785,USW00094846,"CHICAGO OHARE INTERNATIONAL AIRPORT, IL US",41.96017,-87.93164,2022-02-11,2022-02-11,6.7,-2.1
5786,USW00094846,"CHICAGO OHARE INTERNATIONAL AIRPORT, IL US",41.96017,-87.93164,2022-02-12,2022-02-12,-2.1,-10.5
5787,USW00094846,"CHICAGO OHARE INTERNATIONAL AIRPORT, IL US",41.96017,-87.93164,2022-02-13,2022-02-13,-6.6,-11
5788,USW00094846,"CHICAGO OHARE INTERNATIONAL AIRPORT, IL US",41.96017,-87.93164,2022-02-14,2022-02-14,-3.2,-9.9
5789,USW00094846,"CHICAGO OHARE INTERNATIONAL AIRPORT, IL US",41.96017,-87.93164,2022-02-15,2022-02-15,7.2,-5.5
5790,USW00094846,"CHICAGO OHARE INTERNATIONAL AIRPORT, IL US",41.96017,-87.93164,2022-02-16,2022-02-16,12.8,5
5791,USW00094846,"CHICAGO OHARE INTERNATIONAL AIRPORT, IL US",41.96017,-87.93164,2022-02-17,2022-02-17,5,-8.8
5792,USW00094846,"CHICAGO OHARE INTERNATIONAL AIRPORT, IL US",41.96017,-87.93164,2022-02-18,2022-02-18,-0.5,-13.8
5793,USW00094846,"CHICAGO OHARE INTERNATIONAL AIRPORT, IL US",41.96017,-87.93164,2022-02-19,2022-02-19,-3.8,-12.7
5794,USW00094846,"CHICAGO OHARE INTERNATIONAL AIRPORT, IL US",41.96017,-87.93164,2022-02-20,2022-02-20,8.3,-8.2
5795,USW00094846,"CHICAGO OHARE INTERNATIONAL AIRPORT, IL US",41.96017,-87.93164,2022-02-21,2022-02-21,8.9,0
5796,USW00094846,"CHICAGO OHARE INTERNATIONAL AIRPORT, IL US",41.96017,-87.93164,2022-02-22,2022-02-22,6.7,-4.9
5797,USW00094846,"CHICAGO OHARE INTERNATIONAL AIRPORT, IL US",41.96017,-87.93164,2022-02-23,2022-02-23,-4.9,-9.3
5798,USW00094846,"CHICAGO OHARE INTERNATIONAL AIRPORT, IL US",41.96017,-87.93164,2022-02-24,2022-02-24,-2.7,-6
5799,USW00094846,"CHICAGO OHARE INTERNATIONAL AIRPORT, IL US",41.96017,-87.93164,2022-02-25,2022-02-25,-0.5,-7.7
5800,USW00094846,"CHICAGO OHARE INTERNATIONAL AIRPORT, IL US",41.96017,-87.93164,2022-02-26,2022-02-26,-0.5,-10.5
5801,USW00094846,"CHICAGO OHARE INTERNATIONAL AIRPORT, IL US",41.96017,-87.93164,2022-02-27,2022-02-27,6.1,-3.2
5802,USW00094846,"CHICAGO OHARE INTERNATIONAL AIRPORT, IL US",41.96017,-87.93164,2022-02-28,2022-02-28,11.7,-2.7
5803,USW00094846,"CHICAGO OHARE INTERNATIONAL AIRPORT, IL US",41.96017,-87.93164,2022-03-01,2022-03-01,12.2,2.2
5804,USW00094846,"CHICAGO OHARE INTERNATIONAL AIRPORT, IL US",41.96017,-87.93164,2022-03-02,2022-03-02,14.4,0.6
5805,USW00094846,"CHICAGO OHARE INTERNATIONAL AIRPORT, IL US",41.96017,-87.93164,2022-03-03,2022-03-03,2.2,-2.1
5806,USW00094846,"CHICAGO OHARE INTERNATIONAL AIRPORT, IL US",41.96017,-87.93164,2022-03-04,2022-03-04,5,-2.1
5807,USW00094846,"CHICAGO OHARE INTERNATIONAL AIRPORT, IL US",41.96017,-87.93164,2022-03-05,2022-03-05,20.6,3.9
5808,USW00094846,"CHICAGO OHARE INTERNATIONAL AIRPORT, IL US",41.96017,-87.93164,2022-03-06,2022-03-06,15,1.7
5809,USW00094846,"CHICAGO OHARE INTERNATIONAL AIRPORT, IL US",41.96017,-87.93164,2022-03-07,2022-03-07,2.2,-1
5810,USW00094846,"CHICAGO OHARE INTERNATIONAL AIRPORT, IL US",41.96017,-87.93164,2022-03-08,2022-03-08,3.9,-2.7
5811,USW00094846,"CHICAGO OHARE INTERNATIONAL AIRPORT, IL US",41.96017,-87.93164,2022-03-09,2022-03-09,5,-2.7
5812,USW00094846,"CHICAGO OHARE INTERNATIONAL AIRPORT, IL US",41.96017,-87.93164,2022-03-10,2022-03-10,-0.5,-5.5
5813,USW00094846,"CHICAGO OHARE INTERNATIONAL AIRPORT, IL US",41.96017,-87.93164,2022-03-11,2022-03-11,-0.5,-8.8
5814,USW00094846,"CHICAGO OHARE INTERNATIONAL AIRPORT, IL US",41.96017,-87.93164,2022-03-12,2022-03-12,-4.9,-11.6
5815,USW00094846,"CHICAGO OHARE INTERNATIONAL AIRPORT, IL US",41.96017,-87.93164,2022-03-13,2022-03-13,10.6,-6
5816,USW00094846,"CHICAGO OHARE INTERNATIONAL AIRPORT, IL US",41.96017,-87.93164,2022-03-14,2022-03-14,17.2,2.8
5817,USW00094846,"CHICAGO OHARE INTERNATIONAL AIRPORT, IL US",41.96017,-87.93164,2022-03-15,2022-03-15,12.2,2.2
5818,USW00094846,"CHICAGO OHARE INTERNATIONAL AIRPORT, IL US",41.96017,-87.93164,2022-03-16,2022-03-16,21.1,2.2
5819,USW00094846,"CHICAGO OHARE INTERNATIONAL AIRPORT, IL US",41.96017,-87.93164,2022-03-17,2022-03-17,22.8,8.3
5820,USW00094846,"CHICAGO OHARE INTERNATIONAL AIRPORT, IL US",41.96017,-87.93164,2022-03-18,2022-03-18,8.3,4.4
5821,USW00094846,"CHICAGO OHARE INTERNATIONAL AIRPORT, IL US",41.96017,-87.93164,2022-03-19,2022-03-19,6.1,2.8
5822,USW00094846,"CHICAGO OHARE INTERNATIONAL AIRPORT, IL US",41.96017,-87.93164,2022-03-20,2022-03-20,17.2,1.1
5823,USW00094846,"CHICAGO OHARE INTERNATIONAL AIRPORT, IL US",41.96017,-87.93164,2022-03-21,2022-03-21,23.3,5.6
5824,USW00094846,"CHICAGO OHARE INTERNATIONAL AIRPORT, IL US",41.96017,-87.93164,2022-03-22,2022-03-22,13.3,7.2
5825,USW00094846,"CHICAGO OHARE INTERNATIONAL AIRPORT, IL US",41.96017,-87.93164,2022-03-23,2022-03-23,14.4,7.8
5826,USW00094846,"CHICAGO OHARE INTERNATIONAL AIRPORT, IL US",41.96017,-87.93164,2022-03-24,2022-03-24,7.8,3.9
5827,USW00094846,"CHICAGO OHARE INTERNATIONAL AIRPORT, IL US",41.96017,-87.93164,2022-03-25,2022-03-25,8.3,1.7
5828,USW00094846,"CHICAGO OHARE INTERNATIONAL AIRPORT, IL US",41.96017,-87.93164,2022-03-26,2022-03-26,1.7,-3.2
5829,USW00094846,"CHICAGO OHARE INTERNATIONAL AIRPORT, IL US",41.96017,-87.93164,2022-03-27,2022-03-27,2.2,-5.5
5830,USW00094846,"CHICAGO OHARE INTERNATIONAL AIRPORT, IL US",41.96017,-87.93164,2022-03-28,2022-03-28,1.7,-5.5
5831,USW00094846,"CHICAGO OHARE INTERNATIONAL AIRPORT, IL US",41.96017,-87.93164,2022-03-29,2022-03-29,6.7,-1.6
5832,USW00094846,"CHICAGO OHARE INTERNATIONAL AIRPORT, IL US",41.96017,-87.93164,2022-03-30,2022-03-30,15.6,6.7
5833,USW00094846,"CHICAGO OHARE INTERNATIONAL AIRPORT, IL US",41.96017,-87.93164,2022-03-31,2022-03-31,8.9,0.6
5834,USW00094846,"CHICAGO OHARE INTERNATIONAL AIRPORT, IL US",41.96017,-87.93164,2022-04-01,2022-04-01,7.8,-0.5
5835,USW00094846,"CHICAGO OHARE INTERNATIONAL AIRPORT, IL US",41.96017,-87.93164,2022-04-02,2022-04-02,5.6,0.6
5836,USW00094846,"CHICAGO OHARE INTERNATIONAL AIRPORT, IL US",41.96017,-87.93164,2022-04-03,2022-04-03,10,0.6
5837,USW00094846,"CHICAGO OHARE INTERNATIONAL AIRPORT, IL US",41.96017,-87.93164,2022-04-04,2022-04-04,11.1,4.4
5838,USW00094846,"CHICAGO OHARE INTERNATIONAL AIRPORT, IL US",41.96017,-87.93164,2022-04-05,2022-04-05,11.7,3.3
5839,USW00094846,"CHICAGO OHARE INTERNATIONAL AIRPORT, IL US",41.96017,-87.93164,2022-04-06,2022-04-06,13.3,6.1
5840,USW00094846,"CHICAGO OHARE INTERNATIONAL AIRPORT, IL US",41.96017,-87.93164,2022-04-07,2022-04-07,6.7,3.3
5841,USW00094846,"CHICAGO OHARE INTERNATIONAL AIRPORT, IL US",41.96017,-87.93164,2022-04-08,2022-04-08,5,0.6
5842,USW00094846,"CHICAGO OHARE INTERNATIONAL AIRPORT, IL US",41.96017,-87.93164,2022-04-09,2022-04-09,12.2,0
5843,USW00094846,"CHICAGO OHARE INTERNATIONAL AIRPORT, IL US",41.96017,-87.93164,2022-04-10,2022-04-10,17.8,0
5844,USW00094846,"CHICAGO OHARE INTERNATIONAL AIRPORT, IL US",41.96017,-87.93164,2022-04-11,2022-04-11,16.7,7.2
5845,USW00094846,"CHICAGO OHARE INTERNATIONAL AIRPORT, IL US",41.96017,-87.93164,2022-04-12,2022-04-12,20.6,4.4
5846,USW00094846,"CHICAGO OHARE INTERNATIONAL AIRPORT, IL US",41.96017,-87.93164,2022-04-13,2022-04-13,22.2,3.9
5847,USW00094846,"CHICAGO OHARE INTERNATIONAL AIRPORT, IL US",41.96017,-87.93164,2022-04-14,2022-04-14,10.6,1.7
5848,USW00094846,"CHICAGO OHARE INTERNATIONAL AIRPORT, IL US",41.96017,-87.93164,2022-04-15,2022-04-15,11.7,4.4
5849,USW00094846,"CHICAGO OHARE INTERNATIONAL AIRPORT, IL US",41.96017,-87.93164,2022-04-16,2022-04-16,9.4,0
5850,USW00094846,"CHICAGO OHARE INTERNATIONAL AIRPORT, IL US",41.96017,-87.93164,2022-04-17,2022-04-17,6.1,-1.6
5851,USW00094846,"CHICAGO OHARE INTERNATIONAL AIRPORT, IL US",41.96017,-87.93164,2022-04-18,2022-04-18,5,0.6
5852,USW00094846,"CHICAGO OHARE INTERNATIONAL AIRPORT, IL US",41.96017,-87.93164,2022-04-19,2022-04-19,10.6,2.2
5853,USW00094846,"CHICAGO OHARE INTERNATIONAL AIRPORT, IL US",41.96017,-87.93164,2022-04-20,2022-04-20,11.1,5
5854,USW00094846,"CHICAGO OHARE INTERNATIONAL AIRPORT, IL US",41.96017,-87.93164,2022-04-21,2022-04-21,20,10
5855,USW00094846,"CHICAGO OHARE INTERNATIONAL AIRPORT, IL US",41.96017,-87.93164,2022-04-22,2022-04-22,11.7,7.8
5856,USW00094846,"CHICAGO OHARE INTERNATIONAL AIRPORT, IL US",41.96017,-87.93164,2022-04-23,2022-04-23,28.9,10.6
5857,USW00094846,"CHICAGO OHARE INTERNATIONAL AIRPORT, IL US",41.96017,-87.93164,2022-04-24,2022-04-24,22.8,12.2
5858,USW00094846,"CHICAGO OHARE INTERNATIONAL AIRPORT, IL US",41.96017,-87.93164,2022-04-25,2022-04-25,12.2,5
5859,USW00094846,"CHICAGO OHARE INTERNATIONAL AIRPORT, IL US",41.96017,-87.93164,2022-04-26,2022-04-26,10.6,1.1
5860,USW00094846,"CHICAGO OHARE INTERNATIONAL AIRPORT, IL US",41.96017,-87.93164,2022-04-27,2022-04-27,5,0.6
5861,USW00094846,"CHICAGO OHARE INTERNATIONAL AIRPORT, IL US",41.96017,-87.93164,2022-04-28,2022-04-28,10,3.3
5862,USW00094846,"CHICAGO OHARE INTERNATIONAL AIRPORT, IL US",41.96017,-87.93164,2022-04-29,2022-04-29,18.9,8.3
5863,USW00094846,"CHICAGO OHARE INTERNATIONAL AIRPORT, IL US",41.96017,-87.93164,2022-04-30,2022-04-30,20.6,10.6
5864,USW00094846,"CHICAGO OHARE INTERNATIONAL AIRPORT, IL US",41.96017,-87.93164,2022-05-01,2022-05-01,13.3,9.4
5865,USW00094846,"CHICAGO OHARE INTERNATIONAL AIRPORT, IL US",41.96017,-87.93164,2022-05-02,2022-05-02,12.2,8.9
5866,USW00094846,"CHICAGO OHARE INTERNATIONAL AIRPORT, IL US",41.96017,-87.93164,2022-05-03,2022-05-03,10,6.7
5867,USW00094846,"CHICAGO OHARE INTERNATIONAL AIRPORT, IL US",41.96017,-87.93164,2022-05-04,2022-05-04,13.3,3.9
5868,USW00094846,"CHICAGO OHARE INTERNATIONAL AIRPORT, IL US",41.96017,-87.93164,2022-05-05,2022-05-05,11.7,5.6
5869,USW00094846,"CHICAGO OHARE INTERNATIONAL AIRPORT, IL US",41.96017,-87.93164,2022-05-06,2022-05-06,11.7,8.3
5870,USW00094846,"CHICAGO OHARE INTERNATIONAL AIRPORT, IL US",41.96017,-87.93164,2022-05-07,2022-05-07,17.8,6.1
5871,USW00094846,"CHICAGO OHARE INTERNATIONAL AIRPORT, IL US",41.96017,-87.93164,2022-05-08,2022-05-08,18.3,6.1
5872,USW00094846,"CHICAGO OHARE INTERNATIONAL AIRPORT, IL US",41.96017,-87.93164,2022-05-09,2022-05-09,28.3,13.3
5873,USW00094846,"CHICAGO OHARE INTERNATIONAL AIRPORT, IL US",41.96017,-87.93164,2022-05-10,2022-05-10,31.7,20.6
5874,USW00094846,"CHICAGO OHARE INTERNATIONAL AIRPORT, IL US",41.96017,-87.93164,2022-05-11,2022-05-11,32.2,23.3
5875,USW00094846,"CHICAGO OHARE INTERNATIONAL AIRPORT, IL US",41.96017,-87.93164,2022-05-12,2022-05-12,32.8,23.3
5876,USW00094846,"CHICAGO OHARE INTERNATIONAL AIRPORT, IL US",41.96017,-87.93164,2022-05-13,2022-05-13,31.7,20
5877,USW00094846,"CHICAGO OHARE INTERNATIONAL AIRPORT, IL US",41.96017,-87.93164,2022-05-14,2022-05-14,30,19.4
5878,USW00094846,"CHICAGO OHARE INTERNATIONAL AIRPORT, IL US",41.96017,-87.93164,2022-05-15,2022-05-15,24.4,14.4
5879,USW00094846,"CHICAGO OHARE INTERNATIONAL AIRPORT, IL US",41.96017,-87.93164,2022-05-16,2022-05-16,25.6,12.2
5880,USW00094846,"CHICAGO OHARE INTERNATIONAL AIRPORT, IL US",41.96017,-87.93164,2022-05-17,2022-05-17,20,10.6
5881,USW00094846,"CHICAGO OHARE INTERNATIONAL AIRPORT, IL US",41.96017,-87.93164,2022-05-18,2022-05-18,15.6,11.1
5882,USW00094846,"CHICAGO OHARE INTERNATIONAL AIRPORT, IL US",41.96017,-87.93164,2022-05-19,2022-05-19,30,11.7
5883,USW00094846,"CHICAGO OHARE INTERNATIONAL AIRPORT, IL US",41.96017,-87.93164,2022-05-20,2022-05-20,30,14.4
5884,USW00094846,"CHICAGO OHARE INTERNATIONAL AIRPORT, IL US",41.96017,-87.93164,2022-05-21,2022-05-21,16.7,12.2
5885,USW00094846,"CHICAGO OHARE INTERNATIONAL AIRPORT, IL US",41.96017,-87.93164,2022-05-22,2022-05-22,17.2,10
5886,USW00094846,"CHICAGO OHARE INTERNATIONAL AIRPORT, IL US",41.96017,-87.93164,2022-05-23,2022-05-23,16.1,7.2
5887,USW00094846,"CHICAGO OHARE INTERNATIONAL AIRPORT, IL US",41.96017,-87.93164,2022-05-24,2022-05-24,18.9,9.4
5888,USW00094846,"CHICAGO OHARE INTERNATIONAL AIRPORT, IL US",41.96017,-87.93164,2022-05-25,2022-05-25,26.1,12.2
5889,USW00094846,"CHICAGO OHARE INTERNATIONAL AIRPORT, IL US",41.96017,-87.93164,2022-05-26,2022-05-26,25,17.8
5890,USW00094846,"CHICAGO OHARE INTERNATIONAL AIRPORT, IL US",41.96017,-87.93164,2022-05-27,2022-05-27,17.8,10.6
5891,USW00094846,"CHICAGO OHARE INTERNATIONAL AIRPORT, IL US",41.96017,-87.93164,2022-05-28,2022-05-28,23.3,9.4
5892,USW00094846,"CHICAGO OHARE INTERNATIONAL AIRPORT, IL US",41.96017,-87.93164,2022-05-29,2022-05-29,29.4,17.2
5893,USW00094846,"CHICAGO OHARE INTERNATIONAL AIRPORT, IL US",41.96017,-87.93164,2022-05-30,2022-05-30,31.7,21.1
5894,USW00094846,"CHICAGO OHARE INTERNATIONAL AIRPORT, IL US",41.96017,-87.93164,2022-05-31,2022-05-31,30,23.3
5895,USW00094846,"CHICAGO OHARE INTERNATIONAL AIRPORT, IL US",41.96017,-87.93164,2022-06-01,2022-06-01,23.3,15
5896,USW00094846,"CHICAGO OHARE INTERNATIONAL AIRPORT, IL US",41.96017,-87.93164,2022-06-02,2022-06-02,25,14.4
5897,USW00094846,"CHICAGO OHARE INTERNATIONAL AIRPORT, IL US",41.96017,-87.93164,2022-06-03,2022-06-03,27.2,14.4
5898,USW00094846,"CHICAGO OHARE INTERNATIONAL AIRPORT, IL US",41.96017,-87.93164,2022-06-04,2022-06-04,21.7,12.2
5899,USW00094846,"CHICAGO OHARE INTERNATIONAL AIRPORT, IL US",41.96017,-87.93164,2022-06-05,2022-06-05,25,14.4
5900,USW00094846,"CHICAGO OHARE INTERNATIONAL AIRPORT, IL US",41.96017,-87.93164,2022-06-06,2022-06-06,24.4,13.9
5901,USW00094846,"CHICAGO OHARE INTERNATIONAL AIRPORT, IL US",41.96017,-87.93164,2022-06-07,2022-06-07,22.2,13.3
5902,USW00094846,"CHICAGO OHARE INTERNATIONAL AIRPORT, IL US",41.96017,-87.93164,2022-06-08,2022-06-08,20.6,13.3
5903,USW00094846,"CHICAGO OHARE INTERNATIONAL AIRPORT, IL US",41.96017,-87.93164,2022-06-09,2022-06-09,25.6,11.7
5904,USW00094846,"CHICAGO OHARE INTERNATIONAL AIRPORT, IL US",41.96017,-87.93164,2022-06-10,2022-06-10,25.6,14.4
5905,USW00094846,"CHICAGO OHARE INTERNATIONAL AIRPORT, IL US",41.96017,-87.93164,2022-06-11,2022-06-11,22.8,15
5906,USW00094846,"CHICAGO OHARE INTERNATIONAL AIRPORT, IL US",41.96017,-87.93164,2022-06-12,2022-06-12,21.1,14.4
5907,USW00094846,"CHICAGO OHARE INTERNATIONAL AIRPORT, IL US",41.96017,-87.93164,2022-06-13,2022-06-13,31.7,13.9
5908,USW00094846,"CHICAGO OHARE INTERNATIONAL AIRPORT, IL US",41.96017,-87.93164,2022-06-14,2022-06-14,36.7,18.3
5909,USW00094846,"CHICAGO OHARE INTERNATIONAL AIRPORT, IL US",41.96017,-87.93164,2022-06-15,2022-06-15,35.6,24.4
5910,USW00094846,"CHICAGO OHARE INTERNATIONAL AIRPORT, IL US",41.96017,-87.93164,2022-06-16,2022-06-16,34.4,22.2
5911,USW00094846,"CHICAGO OHARE INTERNATIONAL AIRPORT, IL US",41.96017,-87.93164,2022-06-17,2022-06-17,28.9,17.8
5912,USW00094846,"CHICAGO OHARE INTERNATIONAL AIRPORT, IL US",41.96017,-87.93164,2022-06-18,2022-06-18,22.2,12.8
5913,USW00094846,"CHICAGO OHARE INTERNATIONAL AIRPORT, IL US",41.96017,-87.93164,2022-06-19,2022-06-19,29.4,11.1
5914,USW00094846,"CHICAGO OHARE INTERNATIONAL AIRPORT, IL US",41.96017,-87.93164,2022-06-20,2022-06-20,35,17.8
5915,USW00094846,"CHICAGO OHARE INTERNATIONAL AIRPORT, IL US",41.96017,-87.93164,2022-06-21,2022-06-21,37.2,22.8
5916,USW00094846,"CHICAGO OHARE INTERNATIONAL AIRPORT, IL US",41.96017,-87.93164,2022-06-22,2022-06-22,31.7,22.2
5917,USW00094846,"CHICAGO OHARE INTERNATIONAL AIRPORT, IL US",41.96017,-87.93164,2022-06-23,2022-06-23,29.4,18.3
5918,USW00094846,"CHICAGO OHARE INTERNATIONAL AIRPORT, IL US",41.96017,-87.93164,2022-06-24,2022-06-24,33.3,18.3
5919,USW00094846,"CHICAGO OHARE INTERNATIONAL AIRPORT, IL US",41.96017,-87.93164,2022-06-25,2022-06-25,25,19.4
5920,USW00094846,"CHICAGO OHARE INTERNATIONAL AIRPORT, IL US",41.96017,-87.93164,2022-06-26,2022-06-26,26.7,18.3
5921,USW00094846,"CHICAGO OHARE INTERNATIONAL AIRPORT, IL US",41.96017,-87.93164,2022-06-27,2022-06-27,26.7,15.6
5922,USW00094846,"CHICAGO OHARE INTERNATIONAL AIRPORT, IL US",41.96017,-87.93164,2022-06-28,2022-06-28,30,16.1
5923,USW00094846,"CHICAGO OHARE INTERNATIONAL AIRPORT, IL US",41.96017,-87.93164,2022-06-29,2022-06-29,31.1,18.9
5924,USW00094846,"CHICAGO OHARE INTERNATIONAL AIRPORT, IL US",41.96017,-87.93164,2022-06-30,2022-06-30,33.3,22.8
5925,USW00094846,"CHICAGO OHARE INTERNATIONAL AIRPORT, IL US",41.96017,-87.93164,2022-07-01,2022-07-01,27.8,19.4
5926,USW00094846,"CHICAGO OHARE INTERNATIONAL AIRPORT, IL US",41.96017,-87.93164,2022-07-02,2022-07-02,30.6,18.3
5927,USW00094846,"CHICAGO OHARE INTERNATIONAL AIRPORT, IL US",41.96017,-87.93164,2022-07-03,2022-07-03,31.1,20
5928,USW00094846,"CHICAGO OHARE INTERNATIONAL AIRPORT, IL US",41.96017,-87.93164,2022-07-04,2022-07-04,30.6,20.6
5929,USW00094846,"CHICAGO OHARE INTERNATIONAL AIRPORT, IL US",41.96017,-87.93164,2022-07-05,2022-07-05,34.4,20.6
5930,USW00094846,"CHICAGO OHARE INTERNATIONAL AIRPORT, IL US",41.96017,-87.93164,2022-07-06,2022-07-06,26.7,20
5931,USW00094846,"CHICAGO OHARE INTERNATIONAL AIRPORT, IL US",41.96017,-87.93164,2022-07-07,2022-07-07,30,20
5932,USW00094846,"CHICAGO OHARE INTERNATIONAL AIRPORT, IL US",41.96017,-87.93164,2022-07-08,2022-07-08,25,19.4
5933,USW00094846,"CHICAGO OHARE INTERNATIONAL AIRPORT, IL US",41.96017,-87.93164,2022-07-09,2022-07-09,24.4,17.2
5934,USW00094846,"CHICAGO OHARE INTERNATIONAL AIRPORT, IL US",41.96017,-87.93164,2022-07-10,2022-07-10,30,15
5935,USW00094846,"CHICAGO OHARE INTERNATIONAL AIRPORT, IL US",41.96017,-87.93164,2022-07-11,2022-07-11,29.4,21.7
5936,USW00094846,"CHICAGO OHARE INTERNATIONAL AIRPORT, IL US",41.96017,-87.93164,2022-07-12,2022-07-12,30,20
5937,USW00094846,"CHICAGO OHARE INTERNATIONAL AIRPORT, IL US",41.96017,-87.93164,2022-07-13,2022-07-13,26.7,17.8
5938,USW00094846,"CHICAGO OHARE INTERNATIONAL AIRPORT, IL US",41.96017,-87.93164,2022-07-14,2022-07-14,26.7,16.1
5939,USW00094846,"CHICAGO OHARE INTERNATIONAL AIRPORT, IL US",41.96017,-87.93164,2022-07-15,2022-07-15,22.2,18.9
5940,USW00094846,"CHICAGO OHARE INTERNATIONAL AIRPORT, IL US",41.96017,-87.93164,2022-07-16,2022-07-16,23.9,19.4
5941,USW00094846,"CHICAGO OHARE INTERNATIONAL AIRPORT, IL US",41.96017,-87.93164,2022-07-17,2022-07-17,25,20.6
5942,USW00094846,"CHICAGO OHARE INTERNATIONAL AIRPORT, IL US",41.96017,-87.93164,2022-07-18,2022-07-18,31.7,20
5943,USW00094846,"CHICAGO OHARE INTERNATIONAL AIRPORT, IL US",41.96017,-87.93164,2022-07-19,2022-07-19,32.2,21.7
5944,USW00094846,"CHICAGO OHARE INTERNATIONAL AIRPORT, IL US",41.96017,-87.93164,2022-07-20,2022-07-20,30.6,24.4
5945,USW00094846,"CHICAGO OHARE INTERNATIONAL AIRPORT, IL US",41.96017,-87.93164,2022-07-21,2022-07-21,33.3,20.6
5946,USW00094846,"CHICAGO OHARE INTERNATIONAL AIRPORT, IL US",41.96017,-87.93164,2022-07-22,2022-07-22,32.8,20.6
5947,USW00094846,"CHICAGO OHARE INTERNATIONAL AIRPORT, IL US",41.96017,-87.93164,2022-07-23,2022-07-23,30,20
5948,USW00094846,"CHICAGO OHARE INTERNATIONAL AIRPORT, IL US",41.96017,-87.93164,2022-07-24,2022-07-24,30,21.7
5949,USW00094846,"CHICAGO OHARE INTERNATIONAL AIRPORT, IL US",41.96017,-87.93164,2022-07-25,2022-07-25,24.4,17.8
5950,USW00094846,"CHICAGO OHARE INTERNATIONAL AIRPORT, IL US",41.96017,-87.93164,2022-07-26,2022-07-26,27.8,17.8
5951,USW00094846,"CHICAGO OHARE INTERNATIONAL AIRPORT, IL US",41.96017,-87.93164,2022-07-27,2022-07-27,28.3,21.1
5952,USW00094846,"CHICAGO OHARE INTERNATIONAL AIRPORT, IL US",41.96017,-87.93164,2022-07-28,2022-07-28,26.7,19.4
5953,USW00094846,"CHICAGO OHARE INTERNATIONAL AIRPORT, IL US",41.96017,-87.93164,2022-07-29,2022-07-29,27.2,16.7
5954,USW00094846,"CHICAGO OHARE INTERNATIONAL AIRPORT, IL US",41.96017,-87.93164,2022-07-30,2022-07-30,28.3,17.2
5955,USW00094846,"CHICAGO OHARE INTERNATIONAL AIRPORT, IL US",41.96017,-87.93164,2022-07-31,2022-07-31,29.4,18.9
5956,USW00094846,"CHICAGO OHARE INTERNATIONAL AIRPORT, IL US",41.96017,-87.93164,2022-08-01,2022-08-01,29.4,22.2
5957,USW00094846,"CHICAGO OHARE INTERNATIONAL AIRPORT, IL US",41.96017,-87.93164,2022-08-02,2022-08-02,32.2,20
5958,USW00094846,"CHICAGO OHARE INTERNATIONAL AIRPORT, IL US",41.96017,-87.93164,2022-08-03,2022-08-03,32.8,23.9
5959,USW00094846,"CHICAGO OHARE INTERNATIONAL AIRPORT, IL US",41.96017,-87.93164,2022-08-04,2022-08-04,28.3,20.6
5960,USW00094846,"CHICAGO OHARE INTERNATIONAL AIRPORT, IL US",41.96017,-87.93164,2022-08-05,2022-08-05,31.1,19.4
5961,USW00094846,"CHICAGO OHARE INTERNATIONAL AIRPORT, IL US",41.96017,-87.93164,2022-08-06,2022-08-06,35,23.3
5962,USW00094846,"CHICAGO OHARE INTERNATIONAL AIRPORT, IL US",41.96017,-87.93164,2022-08-07,2022-08-07,28.3,23.9
5963,USW00094846,"CHICAGO OHARE INTERNATIONAL AIRPORT, IL US",41.96017,-87.93164,2022-08-08,2022-08-08,27.2,18.3
5964,USW00094846,"CHICAGO OHARE INTERNATIONAL AIRPORT, IL US",41.96017,-87.93164,2022-08-09,2022-08-09,25,16.1
5965,USW00094846,"CHICAGO OHARE INTERNATIONAL AIRPORT, IL US",41.96017,-87.93164,2022-08-10,2022-08-10,29.4,15.6
5966,USW00094846,"CHICAGO OHARE INTERNATIONAL AIRPORT, IL US",41.96017,-87.93164,2022-08-11,2022-08-11,26.1,16.1
5967,USW00094846,"CHICAGO OHARE INTERNATIONAL AIRPORT, IL US",41.96017,-87.93164,2022-08-12,2022-08-12,25,14.4
5968,USW00094846,"CHICAGO OHARE INTERNATIONAL AIRPORT, IL US",41.96017,-87.93164,2022-08-13,2022-08-13,26.1,19.4
5969,USW00094846,"CHICAGO OHARE INTERNATIONAL AIRPORT, IL US",41.96017,-87.93164,2022-08-14,2022-08-14,25,18.9
5970,USW00094846,"CHICAGO OHARE INTERNATIONAL AIRPORT, IL US",41.96017,-87.93164,2022-08-15,2022-08-15,26.1,18.9
5971,USW00094846,"CHICAGO OHARE INTERNATIONAL AIRPORT, IL US",41.96017,-87.93164,2022-08-16,2022-08-16,27.2,16.7
5972,USW00094846,"CHICAGO OHARE INTERNATIONAL AIRPORT, IL US",41.96017,-87.93164,2022-08-17,2022-08-17,27.8,16.7
5973,USW00094846,"CHICAGO OHARE INTERNATIONAL AIRPORT, IL US",41.96017,-87.93164,2022-08-18,2022-08-18,28.9,16.1
5974,USW00094846,"CHICAGO OHARE INTERNATIONAL AIRPORT, IL US",41.96017,-87.93164,2022-08-19,2022-08-19,30,20
5975,USW00094846,"CHICAGO OHARE INTERNATIONAL AIRPORT, IL US",41.96017,-87.93164,2022-08-20,2022-08-20,25,18.3
5976,USW00094846,"CHICAGO OHARE INTERNATIONAL AIRPORT, IL US",41.96017,-87.93164,2022-08-21,2022-08-21,26.1,18.9
5977,USW00094846,"CHICAGO OHARE INTERNATIONAL AIRPORT, IL US",41.96017,-87.93164,2022-08-22,2022-08-22,29.4,17.8
5978,USW00094846,"CHICAGO OHARE INTERNATIONAL AIRPORT, IL US",41.96017,-87.93164,2022-08-23,2022-08-23,29.4,17.8
5979,USW00094846,"CHICAGO OHARE INTERNATIONAL AIRPORT, IL US",41.96017,-87.93164,2022-08-24,2022-08-24,29.4,19.4
5980,USW00094846,"CHICAGO OHARE INTERNATIONAL AIRPORT, IL US",41.96017,-87.93164,2022-08-25,2022-08-25,27.2,18.9
5981,USW00094846,"CHICAGO OHARE INTERNATIONAL AIRPORT, IL US",41.96017,-87.93164,2022-08-26,2022-08-26,25.6,17.2
5982,USW00094846,"CHICAGO OHARE INTERNATIONAL AIRPORT, IL US",41.96017,-87.93164,2022-08-27,2022-08-27,28.3,15
5983,USW00094846,"CHICAGO OHARE INTERNATIONAL AIRPORT, IL US",41.96017,-87.93164,2022-08-28,2022-08-28,31.7,20
5984,USW00094846,"CHICAGO OHARE INTERNATIONAL AIRPORT, IL US",41.96017,-87.93164,2022-08-29,2022-08-29,29.4,21.1
5985,USW00094846,"CHICAGO OHARE INTERNATIONAL AIRPORT, IL US",41.96017,-87.93164,2022-08-30,2022-08-30,26.7,18.3
5986,USW00094846,"CHICAGO OHARE INTERNATIONAL AIRPORT, IL US",41.96017,-87.93164,2022-08-31,2022-08-31,29.4,16.7
5987,USW00094846,"CHICAGO OHARE INTERNATIONAL AIRPORT, IL US",41.96017,-87.93164,2022-09-01,2022-09-01,31.1,19.4
5988,USW00094846,"CHICAGO OHARE INTERNATIONAL AIRPORT, IL US",41.96017,-87.93164,2022-09-02,2022-09-02,30,21.1
5989,USW00094846,"CHICAGO OHARE INTERNATIONAL AIRPORT, IL US",41.96017,-87.93164,2022-09-03,2022-09-03,31.1,20
5990,USW00094846,"CHICAGO OHARE INTERNATIONAL AIRPORT, IL US",41.96017,-87.93164,2022-09-04,2022-09-04,22.8,19.4
5991,USW00094846,"CHICAGO OHARE INTERNATIONAL AIRPORT, IL US",41.96017,-87.93164,2022-09-05,2022-09-05,21.1,17.8
5992,USW00094846,"CHICAGO OHARE INTERNATIONAL AIRPORT, IL US",41.96017,-87.93164,2022-09-06,2022-09-06,26.7,17.8
5993,USW00094846,"CHICAGO OHARE INTERNATIONAL AIRPORT, IL US",41.96017,-87.93164,2022-09-07,2022-09-07,27.2,17.2
5994,USW00094846,"CHICAGO OHARE INTERNATIONAL AIRPORT, IL US",41.96017,-87.93164,2022-09-08,2022-09-08,28.9,16.7
5995,USW00094846,"CHICAGO OHARE INTERNATIONAL AIRPORT, IL US",41.96017,-87.93164,2022-09-09,2022-09-09,28.9,16.7
5996,USW00094846,"CHICAGO OHARE INTERNATIONAL AIRPORT, IL US",41.96017,-87.93164,2022-09-10,2022-09-10,28.9,17.2
5997,USW00094846,"CHICAGO OHARE INTERNATIONAL AIRPORT, IL US",41.96017,-87.93164,2022-09-11,2022-09-11,21.7,14.4
5998,USW00094846,"CHICAGO OHARE INTERNATIONAL AIRPORT, IL US",41.96017,-87.93164,2022-09-12,2022-09-12,19.4,12.2
5999,USW00094846,"CHICAGO OHARE INTERNATIONAL AIRPORT, IL US",41.96017,-87.93164,2022-09-13,2022-09-13,25.6,15.6
6000,USW00094846,"CHICAGO OHARE INTERNATIONAL AIRPORT, IL US",41.96017,-87.93164,2022-09-14,2022-09-14,26.1,14.4
6001,USW00094846,"CHICAGO OHARE INTERNATIONAL AIRPORT, IL US",41.96017,-87.93164,2022-09-15,2022-09-15,27.2,15.6
6002,USW00094846,"CHICAGO OHARE INTERNATIONAL AIRPORT, IL US",41.96017,-87.93164,2022-09-16,2022-09-16,27.8,17.2
6003,USW00094846,"CHICAGO OHARE INTERNATIONAL AIRPORT, IL US",41.96017,-87.93164,2022-09-17,2022-09-17,29.4,20
6004,USW00094846,"CHICAGO OHARE INTERNATIONAL AIRPORT, IL US",41.96017,-87.93164,2022-09-18,2022-09-18,29.4,19.4
6005,USW00094846,"CHICAGO OHARE INTERNATIONAL AIRPORT, IL US",41.96017,-87.93164,2022-09-19,2022-09-19,25.6,17.2
6006,USW00094846,"CHICAGO OHARE INTERNATIONAL AIRPORT, IL US",41.96017,-87.93164,2022-09-20,2022-09-20,30,17.2
6007,USW00094846,"CHICAGO OHARE INTERNATIONAL AIRPORT, IL US",41.96017,-87.93164,2022-09-21,2022-09-21,29.4,15.6
6008,USW00094846,"CHICAGO OHARE INTERNATIONAL AIRPORT, IL US",41.96017,-87.93164,2022-09-22,2022-09-22,17.8,10
6009,USW00094846,"CHICAGO OHARE INTERNATIONAL AIRPORT, IL US",41.96017,-87.93164,2022-09-23,2022-09-23,17.8,10
6010,USW00094846,"CHICAGO OHARE INTERNATIONAL AIRPORT, IL US",41.96017,-87.93164,2022-09-24,2022-09-24,21.7,11.1
6011,USW00094846,"CHICAGO OHARE INTERNATIONAL AIRPORT, IL US",41.96017,-87.93164,2022-09-25,2022-09-25,20,12.8
6012,USW00094846,"CHICAGO OHARE INTERNATIONAL AIRPORT, IL US",41.96017,-87.93164,2022-09-26,2022-09-26,17.8,10.6
6013,USW00094846,"CHICAGO OHARE INTERNATIONAL AIRPORT, IL US",41.96017,-87.93164,2022-09-27,2022-09-27,16.1,7.8
6014,USW00094846,"CHICAGO OHARE INTERNATIONAL AIRPORT, IL US",41.96017,-87.93164,2022-09-28,2022-09-28,16.1,7.2
6015,USW00094846,"CHICAGO OHARE INTERNATIONAL AIRPORT, IL US",41.96017,-87.93164,2022-09-29,2022-09-29,17.8,6.7
6016,USW00094846,"CHICAGO OHARE INTERNATIONAL AIRPORT, IL US",41.96017,-87.93164,2022-09-30,2022-09-30,19.4,8.3
6017,USW00094846,"CHICAGO OHARE INTERNATIONAL AIRPORT, IL US",41.96017,-87.93164,2022-10-01,2022-10-01,20,10
6018,USW00094846,"CHICAGO OHARE INTERNATIONAL AIRPORT, IL US",41.96017,-87.93164,2022-10-02,2022-10-02,18.3,10.6
6019,USW00094846,"CHICAGO OHARE INTERNATIONAL AIRPORT, IL US",41.96017,-87.93164,2022-10-03,2022-10-03,21.1,7.2
6020,USW00094846,"CHICAGO OHARE INTERNATIONAL AIRPORT, IL US",41.96017,-87.93164,2022-10-04,2022-10-04,23.3,7.2
6021,USW00094846,"CHICAGO OHARE INTERNATIONAL AIRPORT, IL US",41.96017,-87.93164,2022-10-05,2022-10-05,24.4,8.9
6022,USW00094846,"CHICAGO OHARE INTERNATIONAL AIRPORT, IL US",41.96017,-87.93164,2022-10-06,2022-10-06,24.4,10.6
6023,USW00094846,"CHICAGO OHARE INTERNATIONAL AIRPORT, IL US",41.96017,-87.93164,2022-10-07,2022-10-07,13.9,4.4
6024,USW00094846,"CHICAGO OHARE INTERNATIONAL AIRPORT, IL US",41.96017,-87.93164,2022-10-08,2022-10-08,14.4,3.3
6025,USW00094846,"CHICAGO OHARE INTERNATIONAL AIRPORT, IL US",41.96017,-87.93164,2022-10-09,2022-10-09,20.6,5.6
6026,USW00094846,"CHICAGO OHARE INTERNATIONAL AIRPORT, IL US",41.96017,-87.93164,2022-10-10,2022-10-10,22.8,7.8
6027,USW00094846,"CHICAGO OHARE INTERNATIONAL AIRPORT, IL US",41.96017,-87.93164,2022-10-11,2022-10-11,20.6,10
6028,USW00094846,"CHICAGO OHARE INTERNATIONAL AIRPORT, IL US",41.96017,-87.93164,2022-10-12,2022-10-12,18.3,9.4
6029,USW00094846,"CHICAGO OHARE INTERNATIONAL AIRPORT, IL US",41.96017,-87.93164,2022-10-13,2022-10-13,12.8,3.3
6030,USW00094846,"CHICAGO OHARE INTERNATIONAL AIRPORT, IL US",41.96017,-87.93164,2022-10-14,2022-10-14,15,3.9
6031,USW00094846,"CHICAGO OHARE INTERNATIONAL AIRPORT, IL US",41.96017,-87.93164,2022-10-15,2022-10-15,11.7,1.7
6032,USW00094846,"CHICAGO OHARE INTERNATIONAL AIRPORT, IL US",41.96017,-87.93164,2022-10-16,2022-10-16,12.2,4.4
6033,USW00094846,"CHICAGO OHARE INTERNATIONAL AIRPORT, IL US",41.96017,-87.93164,2022-10-17,2022-10-17,6.1,2.2
6034,USW00094846,"CHICAGO OHARE INTERNATIONAL AIRPORT, IL US",41.96017,-87.93164,2022-10-18,2022-10-18,9.4,1.7
6035,USW00094846,"CHICAGO OHARE INTERNATIONAL AIRPORT, IL US",41.96017,-87.93164,2022-10-19,2022-10-19,8.9,0.6
6036,USW00094846,"CHICAGO OHARE INTERNATIONAL AIRPORT, IL US",41.96017,-87.93164,2022-10-20,2022-10-20,16.7,0.6
6037,USW00094846,"CHICAGO OHARE INTERNATIONAL AIRPORT, IL US",41.96017,-87.93164,2022-10-21,2022-10-21,24.4,6.1
6038,USW00094846,"CHICAGO OHARE INTERNATIONAL AIRPORT, IL US",41.96017,-87.93164,2022-10-22,2022-10-22,26.1,13.3
6039,USW00094846,"CHICAGO OHARE INTERNATIONAL AIRPORT, IL US",41.96017,-87.93164,2022-10-23,2022-10-23,26.1,16.7
6040,USW00094846,"CHICAGO OHARE INTERNATIONAL AIRPORT, IL US",41.96017,-87.93164,2022-10-24,2022-10-24,24.4,17.2
6041,USW00094846,"CHICAGO OHARE INTERNATIONAL AIRPORT, IL US",41.96017,-87.93164,2022-10-25,2022-10-25,21.1,7.8
6042,USW00094846,"CHICAGO OHARE INTERNATIONAL AIRPORT, IL US",41.96017,-87.93164,2022-10-26,2022-10-26,12.2,4.4
6043,USW00094846,"CHICAGO OHARE INTERNATIONAL AIRPORT, IL US",41.96017,-87.93164,2022-10-27,2022-10-27,12.2,2.8
6044,USW00094846,"CHICAGO OHARE INTERNATIONAL AIRPORT, IL US",41.96017,-87.93164,2022-10-28,2022-10-28,16.1,6.7
6045,USW00094846,"CHICAGO OHARE INTERNATIONAL AIRPORT, IL US",41.96017,-87.93164,2022-10-29,2022-10-29,19.4,3.9
6046,USW00094846,"CHICAGO OHARE INTERNATIONAL AIRPORT, IL US",41.96017,-87.93164,2022-10-30,2022-10-30,18.3,7.2
6047,USW00094846,"CHICAGO OHARE INTERNATIONAL AIRPORT, IL US",41.96017,-87.93164,2022-10-31,2022-10-31,13.9,10
6048,USW00094846,"CHICAGO OHARE INTERNATIONAL AIRPORT, IL US",41.96017,-87.93164,2022-11-01,2022-11-01,20,7.2
6049,USW00094846,"CHICAGO OHARE INTERNATIONAL AIRPORT, IL US",41.96017,-87.93164,2022-11-02,2022-11-02,22.2,6.1
6050,USW00094846,"CHICAGO OHARE INTERNATIONAL AIRPORT, IL US",41.96017,-87.93164,2022-11-03,2022-11-03,22.8,11.1
6051,USW00094846,"CHICAGO OHARE INTERNATIONAL AIRPORT, IL US",41.96017,-87.93164,2022-11-04,2022-11-04,22.2,16.1
6052,USW00094846,"CHICAGO OHARE INTERNATIONAL AIRPORT, IL US",41.96017,-87.93164,2022-11-05,2022-11-05,20.6,7.2
6053,USW00094846,"CHICAGO OHARE INTERNATIONAL AIRPORT, IL US",41.96017,-87.93164,2022-11-06,2022-11-06,16.1,7.2
6054,USW00094846,"CHICAGO OHARE INTERNATIONAL AIRPORT, IL US",41.96017,-87.93164,2022-11-07,2022-11-07,12.2,3.9
6055,USW00094846,"CHICAGO OHARE INTERNATIONAL AIRPORT, IL US",41.96017,-87.93164,2022-11-08,2022-11-08,12.2,6.7
6056,USW00094846,"CHICAGO OHARE INTERNATIONAL AIRPORT, IL US",41.96017,-87.93164,2022-11-09,2022-11-09,21.1,8.3
6057,USW00094846,"CHICAGO OHARE INTERNATIONAL AIRPORT, IL US",41.96017,-87.93164,2022-11-10,2022-11-10,24.4,15.6
6058,USW00094846,"CHICAGO OHARE INTERNATIONAL AIRPORT, IL US",41.96017,-87.93164,2022-11-11,2022-11-11,16.1,0
6059,USW00094846,"CHICAGO OHARE INTERNATIONAL AIRPORT, IL US",41.96017,-87.93164,2022-11-12,2022-11-12,2.2,0
6060,USW00094846,"CHICAGO OHARE INTERNATIONAL AIRPORT, IL US",41.96017,-87.93164,2022-11-13,2022-11-13,3.3,-2.1
6061,USW00094846,"CHICAGO OHARE INTERNATIONAL AIRPORT, IL US",41.96017,-87.93164,2022-11-14,2022-11-14,5.6,-2.7
6062,USW00094846,"CHICAGO OHARE INTERNATIONAL AIRPORT, IL US",41.96017,-87.93164,2022-11-15,2022-11-15,3.3,0.6
6063,USW00094846,"CHICAGO OHARE INTERNATIONAL AIRPORT, IL US",41.96017,-87.93164,2022-11-16,2022-11-16,2.8,-0.5
6064,USW00094846,"CHICAGO OHARE INTERNATIONAL AIRPORT, IL US",41.96017,-87.93164,2022-11-17,2022-11-17,0.6,-1.6
6065,USW00094846,"CHICAGO OHARE INTERNATIONAL AIRPORT, IL US",41.96017,-87.93164,2022-11-18,2022-11-18,-1,-6
6066,USW00094846,"CHICAGO OHARE INTERNATIONAL AIRPORT, IL US",41.96017,-87.93164,2022-11-19,2022-11-19,-2.7,-8.8
6067,USW00094846,"CHICAGO OHARE INTERNATIONAL AIRPORT, IL US",41.96017,-87.93164,2022-11-20,2022-11-20,1.1,-10.5
6068,USW00094846,"CHICAGO OHARE INTERNATIONAL AIRPORT, IL US",41.96017,-87.93164,2022-11-21,2022-11-21,8.3,-1
6069,USW00094846,"CHICAGO OHARE INTERNATIONAL AIRPORT, IL US",41.96017,-87.93164,2022-11-22,2022-11-22,11.1,-3.2
6070,USW00094846,"CHICAGO OHARE INTERNATIONAL AIRPORT, IL US",41.96017,-87.93164,2022-11-23,2022-11-23,14.4,1.1
6071,USW00094846,"CHICAGO OHARE INTERNATIONAL AIRPORT, IL US",41.96017,-87.93164,2022-11-24,2022-11-24,12.2,1.7
6072,USW00094846,"CHICAGO OHARE INTERNATIONAL AIRPORT, IL US",41.96017,-87.93164,2022-11-25,2022-11-25,11.1,0.6
6073,USW00094846,"CHICAGO OHARE INTERNATIONAL AIRPORT, IL US",41.96017,-87.93164,2022-11-26,2022-11-26,13.3,1.1
6074,USW00094846,"CHICAGO OHARE INTERNATIONAL AIRPORT, IL US",41.96017,-87.93164,2022-11-27,2022-11-27,8.3,1.7
6075,USW00094846,"CHICAGO OHARE INTERNATIONAL AIRPORT, IL US",41.96017,-87.93164,2022-11-28,2022-11-28,7.8,-1.6
6076,USW00094846,"CHICAGO OHARE INTERNATIONAL AIRPORT, IL US",41.96017,-87.93164,2022-11-29,2022-11-29,14.4,1.1
6077,USW00094846,"CHICAGO OHARE INTERNATIONAL AIRPORT, IL US",41.96017,-87.93164,2022-11-30,2022-11-30,1.7,-6.6
6078,USW00094846,"CHICAGO OHARE INTERNATIONAL AIRPORT, IL US",41.96017,-87.93164,2022-12-01,2022-12-01,2.2,-7.7
6079,USW00094846,"CHICAGO OHARE INTERNATIONAL AIRPORT, IL US",41.96017,-87.93164,2022-12-02,2022-12-02,11.7,2.2
6080,USW00094846,"CHICAGO OHARE INTERNATIONAL AIRPORT, IL US",41.96017,-87.93164,2022-12-03,2022-12-03,10.6,-6
6081,USW00094846,"CHICAGO OHARE INTERNATIONAL AIRPORT, IL US",41.96017,-87.93164,2022-12-04,2022-12-04,4.4,-7.1
6082,USW00094846,"CHICAGO OHARE INTERNATIONAL AIRPORT, IL US",41.96017,-87.93164,2022-12-05,2022-12-05,6.7,-1.6
6083,USW00094846,"CHICAGO OHARE INTERNATIONAL AIRPORT, IL US",41.96017,-87.93164,2022-12-06,2022-12-06,6.1,2.2
6084,USW00094846,"CHICAGO OHARE INTERNATIONAL AIRPORT, IL US",41.96017,-87.93164,2022-12-07,2022-12-07,6.1,1.1
6085,USW00094846,"CHICAGO OHARE INTERNATIONAL AIRPORT, IL US",41.96017,-87.93164,2022-12-08,2022-12-08,5,-1
6086,USW00094846,"CHICAGO OHARE INTERNATIONAL AIRPORT, IL US",41.96017,-87.93164,2022-12-09,2022-12-09,3.3,1.1
6087,USW00094846,"CHICAGO OHARE INTERNATIONAL AIRPORT, IL US",41.96017,-87.93164,2022-12-10,2022-12-10,4.4,2.8
6088,USW00094846,"CHICAGO OHARE INTERNATIONAL AIRPORT, IL US",41.96017,-87.93164,2022-12-11,2022-12-11,4.4,2.2
6089,USW00094846,"CHICAGO OHARE INTERNATIONAL AIRPORT, IL US",41.96017,-87.93164,2022-12-12,2022-12-12,5.6,1.7
6090,USW00094846,"CHICAGO OHARE INTERNATIONAL AIRPORT, IL US",41.96017,-87.93164,2022-12-13,2022-12-13,3.3,1.7
6091,USW00094846,"CHICAGO OHARE INTERNATIONAL AIRPORT, IL US",41.96017,-87.93164,2022-12-14,2022-12-14,6.7,2.8
6092,USW00094846,"CHICAGO OHARE INTERNATIONAL AIRPORT, IL US",41.96017,-87.93164,2022-12-15,2022-12-15,3.3,-0.5
6093,USW00094846,"CHICAGO OHARE INTERNATIONAL AIRPORT, IL US",41.96017,-87.93164,2022-12-16,2022-12-16,-0.5,-3.2
6094,USW00094846,"CHICAGO OHARE INTERNATIONAL AIRPORT, IL US",41.96017,-87.93164,2022-12-17,2022-12-17,-3.2,-6
6095,USW00094846,"CHICAGO OHARE INTERNATIONAL AIRPORT, IL US",41.96017,-87.93164,2022-12-18,2022-12-18,-6,-9.9
6096,USW00094846,"CHICAGO OHARE INTERNATIONAL AIRPORT, IL US",41.96017,-87.93164,2022-12-19,2022-12-19,-3.2,-12.1
6097,USW00094846,"CHICAGO OHARE INTERNATIONAL AIRPORT, IL US",41.96017,-87.93164,2022-12-20,2022-12-20,0.6,-7.7
6098,USW00094846,"CHICAGO OHARE INTERNATIONAL AIRPORT, IL US",41.96017,-87.93164,2022-12-21,2022-12-21,0,-11.6
6099,USW00094846,"CHICAGO OHARE INTERNATIONAL AIRPORT, IL US",41.96017,-87.93164,2022-12-22,2022-12-22,0.6,-21
6100,USW00094846,"CHICAGO OHARE INTERNATIONAL AIRPORT, IL US",41.96017,-87.93164,2022-12-23,2022-12-23,-18.2,-22.1
6101,USW00094846,"CHICAGO OHARE INTERNATIONAL AIRPORT, IL US",41.96017,-87.93164,2022-12-24,2022-12-24,-9.9,-18.2
6102,USW00094846,"CHICAGO OHARE INTERNATIONAL AIRPORT, IL US",41.96017,-87.93164,2022-12-25,2022-12-25,-9.9,-16.6
6103,USW00094846,"CHICAGO OHARE INTERNATIONAL AIRPORT, IL US",41.96017,-87.93164,2022-12-26,2022-12-26,-5.5,-11.6
6104,USW00094846,"CHICAGO OHARE INTERNATIONAL AIRPORT, IL US",41.96017,-87.93164,2022-12-27,2022-12-27,-3.8,-13.2
6105,USW00094846,"CHICAGO OHARE INTERNATIONAL AIRPORT, IL US",41.96017,-87.93164,2022-12-28,2022-12-28,7.2,-3.8
6106,USW00094846,"CHICAGO OHARE INTERNATIONAL AIRPORT, IL US",41.96017,-87.93164,2022-12-29,2022-12-29,15,6.1
6107,USW00094846,"CHICAGO OHARE INTERNATIONAL AIRPORT, IL US",41.96017,-87.93164,2022-12-30,2022-12-30,13.9,-1
6108,USW00094846,"CHICAGO OHARE INTERNATIONAL AIRPORT, IL US",41.96017,-87.93164,2022-12-31,2022-12-31,3.9,-3.2
6109,USW00014819,"CHICAGO MIDWAY AIRPORT, IL US",41.78412,-87.75514,2022-01-01,2022-01-01,5,-0.5
6110,USW00014819,"CHICAGO MIDWAY AIRPORT, IL US",41.78412,-87.75514,2022-01-02,2022-01-02,0,-8.8
6111,USW00014819,"CHICAGO MIDWAY AIRPORT, IL US",41.78412,-87.75514,2022-01-03,2022-01-03,-4.3,-12.1
6112,USW00014819,"CHICAGO MIDWAY AIRPORT, IL US",41.78412,-87.75514,2022-01-04,2022-01-04,2.2,-4.3
6113,USW00014819,"CHICAGO MIDWAY AIRPORT, IL US",41.78412,-87.75514,2022-01-05,2022-01-05,1.7,-10.5
6114,USW00014819,"CHICAGO MIDWAY AIRPORT, IL US",41.78412,-87.75514,2022-01-06,2022-01-06,-8.8,-14.3
6115,USW00014819,"CHICAGO MIDWAY AIRPORT, IL US",41.78412,-87.75514,2022-01-07,2022-01-07,-9.3,-17.1
6116,USW00014819,"CHICAGO MIDWAY AIRPORT, IL US",41.78412,-87.75514,2022-01-08,2022-01-08,2.2,-9.3
6117,USW00014819,"CHICAGO MIDWAY AIRPORT, IL US",41.78412,-87.75514,2022-01-09,2022-01-09,2.8,-11
6118,USW00014819,"CHICAGO MIDWAY AIRPORT, IL US",41.78412,-87.75514,2022-01-10,2022-01-10,-6.6,-13.2
6119,USW00014819,"CHICAGO MIDWAY AIRPORT, IL US",41.78412,-87.75514,2022-01-11,2022-01-11,3.3,-14.3
6120,USW00014819,"CHICAGO MIDWAY AIRPORT, IL US",41.78412,-87.75514,2022-01-12,2022-01-12,5.6,-1
6121,USW00014819,"CHICAGO MIDWAY AIRPORT, IL US",41.78412,-87.75514,2022-01-13,2022-01-13,5,-1.6
6122,USW00014819,"CHICAGO MIDWAY AIRPORT, IL US",41.78412,-87.75514,2022-01-14,2022-01-14,3.3,-2.1
6123,USW00014819,"CHICAGO MIDWAY AIRPORT, IL US",41.78412,-87.75514,2022-01-15,2022-01-15,-2.1,-6
6124,USW00014819,"CHICAGO MIDWAY AIRPORT, IL US",41.78412,-87.75514,2022-01-16,2022-01-16,-1,-9.9
6125,USW00014819,"CHICAGO MIDWAY AIRPORT, IL US",41.78412,-87.75514,2022-01-17,2022-01-17,-1,-3.8
6126,USW00014819,"CHICAGO MIDWAY AIRPORT, IL US",41.78412,-87.75514,2022-01-18,2022-01-18,7.2,-5.5
6127,USW00014819,"CHICAGO MIDWAY AIRPORT, IL US",41.78412,-87.75514,2022-01-19,2022-01-19,6.1,-10.5
6128,USW00014819,"CHICAGO MIDWAY AIRPORT, IL US",41.78412,-87.75514,2022-01-20,2022-01-20,-5.5,-12.7
6129,USW00014819,"CHICAGO MIDWAY AIRPORT, IL US",41.78412,-87.75514,2022-01-21,2022-01-21,-2.7,-12.1
6130,USW00014819,"CHICAGO MIDWAY AIRPORT, IL US",41.78412,-87.75514,2022-01-22,2022-01-22,2.2,-6.6
6131,USW00014819,"CHICAGO MIDWAY AIRPORT, IL US",41.78412,-87.75514,2022-01-23,2022-01-23,-3.8,-12.1
6132,USW00014819,"CHICAGO MIDWAY AIRPORT, IL US",41.78412,-87.75514,2022-01-24,2022-01-24,-1.6,-10.5
6133,USW00014819,"CHICAGO MIDWAY AIRPORT, IL US",41.78412,-87.75514,2022-01-25,2022-01-25,-9.3,-16.6
6134,USW00014819,"CHICAGO MIDWAY AIRPORT, IL US",41.78412,-87.75514,2022-01-26,2022-01-26,-9.3,-20.5
6135,USW00014819,"CHICAGO MIDWAY AIRPORT, IL US",41.78412,-87.75514,2022-01-27,2022-01-27,0.6,-9.9
6136,USW00014819,"CHICAGO MIDWAY AIRPORT, IL US",41.78412,-87.75514,2022-01-28,2022-01-28,-1.6,-11
6137,USW00014819,"CHICAGO MIDWAY AIRPORT, IL US",41.78412,-87.75514,2022-01-29,2022-01-29,-4.9,-12.7
6138,USW00014819,"CHICAGO MIDWAY AIRPORT, IL US",41.78412,-87.75514,2022-01-30,2022-01-30,0.6,-9.9
6139,USW00014819,"CHICAGO MIDWAY AIRPORT, IL US",41.78412,-87.75514,2022-01-31,2022-01-31,1.7,-2.1
6140,USW00014819,"CHICAGO MIDWAY AIRPORT, IL US",41.78412,-87.75514,2022-02-01,2022-02-01,9.4,0.6
6141,USW00014819,"CHICAGO MIDWAY AIRPORT, IL US",41.78412,-87.75514,2022-02-02,2022-02-02,0.6,-7.1
6142,USW00014819,"CHICAGO MIDWAY AIRPORT, IL US",41.78412,-87.75514,2022-02-03,2022-02-03,-2.7,-7.1
6143,USW00014819,"CHICAGO MIDWAY AIRPORT, IL US",41.78412,-87.75514,2022-02-04,2022-02-04,-3.2,-11
6144,USW00014819,"CHICAGO MIDWAY AIRPORT, IL US",41.78412,-87.75514,2022-02-05,2022-02-05,-7.1,-14.3
6145,USW00014819,"CHICAGO MIDWAY AIRPORT, IL US",41.78412,-87.75514,2022-02-06,2022-02-06,0.6,-7.7
6146,USW00014819,"CHICAGO MIDWAY AIRPORT, IL US",41.78412,-87.75514,2022-02-07,2022-02-07,0,-7.7
6147,USW00014819,"CHICAGO MIDWAY AIRPORT, IL US",41.78412,-87.75514,2022-02-08,2022-02-08,5,-7.7
6148,USW00014819,"CHICAGO MIDWAY AIRPORT, IL US",41.78412,-87.75514,2022-02-09,2022-02-09,5.6,1.1
6149,USW00014819,"CHICAGO MIDWAY AIRPORT, IL US",41.78412,-87.75514,2022-02-10,2022-02-10,2.2,-2.1
6150,USW00014819,"CHICAGO MIDWAY AIRPORT, IL US",41.78412,-87.75514,2022-02-11,2022-02-11,7.2,-1
6151,USW00014819,"CHICAGO MIDWAY AIRPORT, IL US",41.78412,-87.75514,2022-02-12,2022-02-12,-0.5,-9.3
6152,USW00014819,"CHICAGO MIDWAY AIRPORT, IL US",41.78412,-87.75514,2022-02-13,2022-02-13,-6,-9.9
6153,USW00014819,"CHICAGO MIDWAY AIRPORT, IL US",41.78412,-87.75514,2022-02-14,2022-02-14,-2.7,-9.3
6154,USW00014819,"CHICAGO MIDWAY AIRPORT, IL US",41.78412,-87.75514,2022-02-15,2022-02-15,7.8,-4.9
6155,USW00014819,"CHICAGO MIDWAY AIRPORT, IL US",41.78412,-87.75514,2022-02-16,2022-02-16,12.2,6.1
6156,USW00014819,"CHICAGO MIDWAY AIRPORT, IL US",41.78412,-87.75514,2022-02-17,2022-02-17,6.1,-8.2
6157,USW00014819,"CHICAGO MIDWAY AIRPORT, IL US",41.78412,-87.75514,2022-02-18,2022-02-18,0,-13.2
6158,USW00014819,"CHICAGO MIDWAY AIRPORT, IL US",41.78412,-87.75514,2022-02-19,2022-02-19,-1.6,-11.6
6159,USW00014819,"CHICAGO MIDWAY AIRPORT, IL US",41.78412,-87.75514,2022-02-20,2022-02-20,9.4,-7.7
6160,USW00014819,"CHICAGO MIDWAY AIRPORT, IL US",41.78412,-87.75514,2022-02-21,2022-02-21,12.2,0.6
6161,USW00014819,"CHICAGO MIDWAY AIRPORT, IL US",41.78412,-87.75514,2022-02-22,2022-02-22,12.2,-3.8
6162,USW00014819,"CHICAGO MIDWAY AIRPORT, IL US",41.78412,-87.75514,2022-02-23,2022-02-23,-3.2,-7.7
6163,USW00014819,"CHICAGO MIDWAY AIRPORT, IL US",41.78412,-87.75514,2022-02-24,2022-02-24,-1.6,-4.3
6164,USW00014819,"CHICAGO MIDWAY AIRPORT, IL US",41.78412,-87.75514,2022-02-25,2022-02-25,-0.5,-6.6
6165,USW00014819,"CHICAGO MIDWAY AIRPORT, IL US",41.78412,-87.75514,2022-02-26,2022-02-26,0.6,-9.3
6166,USW00014819,"CHICAGO MIDWAY AIRPORT, IL US",41.78412,-87.75514,2022-02-27,2022-02-27,7.8,-1.6
6167,USW00014819,"CHICAGO MIDWAY AIRPORT, IL US",41.78412,-87.75514,2022-02-28,2022-02-28,12.8,-1.6
6168,USW00014819,"CHICAGO MIDWAY AIRPORT, IL US",41.78412,-87.75514,2022-03-01,2022-03-01,11.1,2.2
6169,USW00014819,"CHICAGO MIDWAY AIRPORT, IL US",41.78412,-87.75514,2022-03-02,2022-03-02,15.6,1.1
6170,USW00014819,"CHICAGO MIDWAY AIRPORT, IL US",41.78412,-87.75514,2022-03-03,2022-03-03,3.3,-1
6171,USW00014819,"CHICAGO MIDWAY AIRPORT, IL US",41.78412,-87.75514,2022-03-04,2022-03-04,6.1,-1
6172,USW00014819,"CHICAGO MIDWAY AIRPORT, IL US",41.78412,-87.75514,2022-03-05,2022-03-05,21.7,5.6
6173,USW00014819,"CHICAGO MIDWAY AIRPORT, IL US",41.78412,-87.75514,2022-03-06,2022-03-06,16.1,2.8
6174,USW00014819,"CHICAGO MIDWAY AIRPORT, IL US",41.78412,-87.75514,2022-03-07,2022-03-07,3.3,0
6175,USW00014819,"CHICAGO MIDWAY AIRPORT, IL US",41.78412,-87.75514,2022-03-08,2022-03-08,5.6,-2.1
6176,USW00014819,"CHICAGO MIDWAY AIRPORT, IL US",41.78412,-87.75514,2022-03-09,2022-03-09,6.7,-1
6177,USW00014819,"CHICAGO MIDWAY AIRPORT, IL US",41.78412,-87.75514,2022-03-10,2022-03-10,0.6,-3.2
6178,USW00014819,"CHICAGO MIDWAY AIRPORT, IL US",41.78412,-87.75514,2022-03-11,2022-03-11,0.6,-7.7
6179,USW00014819,"CHICAGO MIDWAY AIRPORT, IL US",41.78412,-87.75514,2022-03-12,2022-03-12,-4.3,-10.5
6180,USW00014819,"CHICAGO MIDWAY AIRPORT, IL US",41.78412,-87.75514,2022-03-13,2022-03-13,11.7,-5.5
6181,USW00014819,"CHICAGO MIDWAY AIRPORT, IL US",41.78412,-87.75514,2022-03-14,2022-03-14,18.3,4.4
6182,USW00014819,"CHICAGO MIDWAY AIRPORT, IL US",41.78412,-87.75514,2022-03-15,2022-03-15,12.8,1.7
6183,USW00014819,"CHICAGO MIDWAY AIRPORT, IL US",41.78412,-87.75514,2022-03-16,2022-03-16,22.2,3.3
6184,USW00014819,"CHICAGO MIDWAY AIRPORT, IL US",41.78412,-87.75514,2022-03-17,2022-03-17,23.3,9.4
6185,USW00014819,"CHICAGO MIDWAY AIRPORT, IL US",41.78412,-87.75514,2022-03-18,2022-03-18,10,5.6
6186,USW00014819,"CHICAGO MIDWAY AIRPORT, IL US",41.78412,-87.75514,2022-03-19,2022-03-19,6.7,3.9
6187,USW00014819,"CHICAGO MIDWAY AIRPORT, IL US",41.78412,-87.75514,2022-03-20,2022-03-20,18.3,1.1
6188,USW00014819,"CHICAGO MIDWAY AIRPORT, IL US",41.78412,-87.75514,2022-03-21,2022-03-21,25,6.7
6189,USW00014819,"CHICAGO MIDWAY AIRPORT, IL US",41.78412,-87.75514,2022-03-22,2022-03-22,16.7,10
6190,USW00014819,"CHICAGO MIDWAY AIRPORT, IL US",41.78412,-87.75514,2022-03-23,2022-03-23,15.6,7.8
6191,USW00014819,"CHICAGO MIDWAY AIRPORT, IL US",41.78412,-87.75514,2022-03-24,2022-03-24,7.8,5
6192,USW00014819,"CHICAGO MIDWAY AIRPORT, IL US",41.78412,-87.75514,2022-03-25,2022-03-25,10,2.2
6193,USW00014819,"CHICAGO MIDWAY AIRPORT, IL US",41.78412,-87.75514,2022-03-26,2022-03-26,2.2,-1.6
6194,USW00014819,"CHICAGO MIDWAY AIRPORT, IL US",41.78412,-87.75514,2022-03-27,2022-03-27,3.3,-3.8
6195,USW00014819,"CHICAGO MIDWAY AIRPORT, IL US",41.78412,-87.75514,2022-03-28,2022-03-28,1.7,-3.8
6196,USW00014819,"CHICAGO MIDWAY AIRPORT, IL US",41.78412,-87.75514,2022-03-29,2022-03-29,7.2,-0.5
6197,USW00014819,"CHICAGO MIDWAY AIRPORT, IL US",41.78412,-87.75514,2022-03-30,2022-03-30,17.8,7.8
6198,USW00014819,"CHICAGO MIDWAY AIRPORT, IL US",41.78412,-87.75514,2022-03-31,2022-03-31,10,1.1
6199,USW00014819,"CHICAGO MIDWAY AIRPORT, IL US",41.78412,-87.75514,2022-04-01,2022-04-01,8.3,0.6
6200,USW00014819,"CHICAGO MIDWAY AIRPORT, IL US",41.78412,-87.75514,2022-04-02,2022-04-02,7.2,1.7
6201,USW00014819,"CHICAGO MIDWAY AIRPORT, IL US",41.78412,-87.75514,2022-04-03,2022-04-03,9.4,0.6
6202,USW00014819,"CHICAGO MIDWAY AIRPORT, IL US",41.78412,-87.75514,2022-04-04,2022-04-04,12.8,6.1
6203,USW00014819,"CHICAGO MIDWAY AIRPORT, IL US",41.78412,-87.75514,2022-04-05,2022-04-05,12.8,3.9
6204,USW00014819,"CHICAGO MIDWAY AIRPORT, IL US",41.78412,-87.75514,2022-04-06,2022-04-06,15,7.2
6205,USW00014819,"CHICAGO MIDWAY AIRPORT, IL US",41.78412,-87.75514,2022-04-07,2022-04-07,7.8,5
6206,USW00014819,"CHICAGO MIDWAY AIRPORT, IL US",41.78412,-87.75514,2022-04-08,2022-04-08,6.1,1.1
6207,USW00014819,"CHICAGO MIDWAY AIRPORT, IL US",41.78412,-87.75514,2022-04-09,2022-04-09,10,1.1
6208,USW00014819,"CHICAGO MIDWAY AIRPORT, IL US",41.78412,-87.75514,2022-04-10,2022-04-10,17.8,2.2
6209,USW00014819,"CHICAGO MIDWAY AIRPORT, IL US",41.78412,-87.75514,2022-04-11,2022-04-11,17.2,8.9
6210,USW00014819,"CHICAGO MIDWAY AIRPORT, IL US",41.78412,-87.75514,2022-04-12,2022-04-12,22.2,6.1
6211,USW00014819,"CHICAGO MIDWAY AIRPORT, IL US",41.78412,-87.75514,2022-04-13,2022-04-13,22.2,5.6
6212,USW00014819,"CHICAGO MIDWAY AIRPORT, IL US",41.78412,-87.75514,2022-04-14,2022-04-14,12.8,2.8
6213,USW00014819,"CHICAGO MIDWAY AIRPORT, IL US",41.78412,-87.75514,2022-04-15,2022-04-15,13.3,5.6
6214,USW00014819,"CHICAGO MIDWAY AIRPORT, IL US",41.78412,-87.75514,2022-04-16,2022-04-16,10.6,1.7
6215,USW00014819,"CHICAGO MIDWAY AIRPORT, IL US",41.78412,-87.75514,2022-04-17,2022-04-17,6.1,1.1
6216,USW00014819,"CHICAGO MIDWAY AIRPORT, IL US",41.78412,-87.75514,2022-04-18,2022-04-18,5.6,1.7
6217,USW00014819,"CHICAGO MIDWAY AIRPORT, IL US",41.78412,-87.75514,2022-04-19,2022-04-19,10.6,3.3
6218,USW00014819,"CHICAGO MIDWAY AIRPORT, IL US",41.78412,-87.75514,2022-04-20,2022-04-20,13.3,6.1
6219,USW00014819,"CHICAGO MIDWAY AIRPORT, IL US",41.78412,-87.75514,2022-04-21,2022-04-21,21.7,10.6
6220,USW00014819,"CHICAGO MIDWAY AIRPORT, IL US",41.78412,-87.75514,2022-04-22,2022-04-22,16.1,10
6221,USW00014819,"CHICAGO MIDWAY AIRPORT, IL US",41.78412,-87.75514,2022-04-23,2022-04-23,30,13.9
6222,USW00014819,"CHICAGO MIDWAY AIRPORT, IL US",41.78412,-87.75514,2022-04-24,2022-04-24,23.9,14.4
6223,USW00014819,"CHICAGO MIDWAY AIRPORT, IL US",41.78412,-87.75514,2022-04-25,2022-04-25,14.4,5.6
6224,USW00014819,"CHICAGO MIDWAY AIRPORT, IL US",41.78412,-87.75514,2022-04-26,2022-04-26,12.2,3.9
6225,USW00014819,"CHICAGO MIDWAY AIRPORT, IL US",41.78412,-87.75514,2022-04-27,2022-04-27,6.7,2.2
6226,USW00014819,"CHICAGO MIDWAY AIRPORT, IL US",41.78412,-87.75514,2022-04-28,2022-04-28,11.1,4.4
6227,USW00014819,"CHICAGO MIDWAY AIRPORT, IL US",41.78412,-87.75514,2022-04-29,2022-04-29,21.1,10.6
6228,USW00014819,"CHICAGO MIDWAY AIRPORT, IL US",41.78412,-87.75514,2022-04-30,2022-04-30,22.8,11.1
6229,USW00014819,"CHICAGO MIDWAY AIRPORT, IL US",41.78412,-87.75514,2022-05-01,2022-05-01,15,10.6
6230,USW00014819,"CHICAGO MIDWAY AIRPORT, IL US",41.78412,-87.75514,2022-05-02,2022-05-02,13.3,8.3
6231,USW00014819,"CHICAGO MIDWAY AIRPORT, IL US",41.78412,-87.75514,2022-05-03,2022-05-03,11.1,7.2
6232,USW00014819,"CHICAGO MIDWAY AIRPORT, IL US",41.78412,-87.75514,2022-05-04,2022-05-04,13.9,5.6
6233,USW00014819,"CHICAGO MIDWAY AIRPORT, IL US",41.78412,-87.75514,2022-05-05,2022-05-05,12.2,7.2
6234,USW00014819,"CHICAGO MIDWAY AIRPORT, IL US",41.78412,-87.75514,2022-05-06,2022-05-06,12.2,10
6235,USW00014819,"CHICAGO MIDWAY AIRPORT, IL US",41.78412,-87.75514,2022-05-07,2022-05-07,18.3,8.9
6236,USW00014819,"CHICAGO MIDWAY AIRPORT, IL US",41.78412,-87.75514,2022-05-08,2022-05-08,20.6,7.8
6237,USW00014819,"CHICAGO MIDWAY AIRPORT, IL US",41.78412,-87.75514,2022-05-09,2022-05-09,29.4,13.9
6238,USW00014819,"CHICAGO MIDWAY AIRPORT, IL US",41.78412,-87.75514,2022-05-10,2022-05-10,33.3,21.1
6239,USW00014819,"CHICAGO MIDWAY AIRPORT, IL US",41.78412,-87.75514,2022-05-11,2022-05-11,32.8,25
6240,USW00014819,"CHICAGO MIDWAY AIRPORT, IL US",41.78412,-87.75514,2022-05-12,2022-05-12,35,24.4
6241,USW00014819,"CHICAGO MIDWAY AIRPORT, IL US",41.78412,-87.75514,2022-05-13,2022-05-13,33.9,21.7
6242,USW00014819,"CHICAGO MIDWAY AIRPORT, IL US",41.78412,-87.75514,2022-05-14,2022-05-14,29.4,20
6243,USW00014819,"CHICAGO MIDWAY AIRPORT, IL US",41.78412,-87.75514,2022-05-15,2022-05-15,26.1,15
6244,USW00014819,"CHICAGO MIDWAY AIRPORT, IL US",41.78412,-87.75514,2022-05-16,2022-05-16,26.7,13.3
6245,USW00014819,"CHICAGO MIDWAY AIRPORT, IL US",41.78412,-87.75514,2022-05-17,2022-05-17,19.4,12.2
6246,USW00014819,"CHICAGO MIDWAY AIRPORT, IL US",41.78412,-87.75514,2022-05-18,2022-05-18,17.8,12.8
6247,USW00014819,"CHICAGO MIDWAY AIRPORT, IL US",41.78412,-87.75514,2022-05-19,2022-05-19,31.1,13.3
6248,USW00014819,"CHICAGO MIDWAY AIRPORT, IL US",41.78412,-87.75514,2022-05-20,2022-05-20,31.7,16.7
6249,USW00014819,"CHICAGO MIDWAY AIRPORT, IL US",41.78412,-87.75514,2022-05-21,2022-05-21,17.8,13.9
6250,USW00014819,"CHICAGO MIDWAY AIRPORT, IL US",41.78412,-87.75514,2022-05-22,2022-05-22,18.3,11.7
6251,USW00014819,"CHICAGO MIDWAY AIRPORT, IL US",41.78412,-87.75514,2022-05-23,2022-05-23,17.2,8.9
6252,USW00014819,"CHICAGO MIDWAY AIRPORT, IL US",41.78412,-87.75514,2022-05-24,2022-05-24,20,11.1
6253,USW00014819,"CHICAGO MIDWAY AIRPORT, IL US",41.78412,-87.75514,2022-05-25,2022-05-25,28.3,14.4
6254,USW00014819,"CHICAGO MIDWAY AIRPORT, IL US",41.78412,-87.75514,2022-05-26,2022-05-26,26.1,18.3
6255,USW00014819,"CHICAGO MIDWAY AIRPORT, IL US",41.78412,-87.75514,2022-05-27,2022-05-27,18.3,11.1
6256,USW00014819,"CHICAGO MIDWAY AIRPORT, IL US",41.78412,-87.75514,2022-05-28,2022-05-28,24.4,10.6
6257,USW00014819,"CHICAGO MIDWAY AIRPORT, IL US",41.78412,-87.75514,2022-05-29,2022-05-29,30.6,18.3
6258,USW00014819,"CHICAGO MIDWAY AIRPORT, IL US",41.78412,-87.75514,2022-05-30,2022-05-30,33.3,22.8
6259,USW00014819,"CHICAGO MIDWAY AIRPORT, IL US",41.78412,-87.75514,2022-05-31,2022-05-31,32.2,23.9
6260,USW00014819,"CHICAGO MIDWAY AIRPORT, IL US",41.78412,-87.75514,2022-06-01,2022-06-01,26.1,16.1
6261,USW00014819,"CHICAGO MIDWAY AIRPORT, IL US",41.78412,-87.75514,2022-06-02,2022-06-02,26.1,15.6
6262,USW00014819,"CHICAGO MIDWAY AIRPORT, IL US",41.78412,-87.75514,2022-06-03,2022-06-03,28.3,16.7
6263,USW00014819,"CHICAGO MIDWAY AIRPORT, IL US",41.78412,-87.75514,2022-06-04,2022-06-04,22.2,15
6264,USW00014819,"CHICAGO MIDWAY AIRPORT, IL US",41.78412,-87.75514,2022-06-05,2022-06-05,27.2,17.2
6265,USW00014819,"CHICAGO MIDWAY AIRPORT, IL US",41.78412,-87.75514,2022-06-06,2022-06-06,24.4,15.6
6266,USW00014819,"CHICAGO MIDWAY AIRPORT, IL US",41.78412,-87.75514,2022-06-07,2022-06-07,21.7,13.9
6267,USW00014819,"CHICAGO MIDWAY AIRPORT, IL US",41.78412,-87.75514,2022-06-08,2022-06-08,22.2,14.4
6268,USW00014819,"CHICAGO MIDWAY AIRPORT, IL US",41.78412,-87.75514,2022-06-09,2022-06-09,26.7,11.7
6269,USW00014819,"CHICAGO MIDWAY AIRPORT, IL US",41.78412,-87.75514,2022-06-10,2022-06-10,27.8,15
6270,USW00014819,"CHICAGO MIDWAY AIRPORT, IL US",41.78412,-87.75514,2022-06-11,2022-06-11,24.4,15.6
6271,USW00014819,"CHICAGO MIDWAY AIRPORT, IL US",41.78412,-87.75514,2022-06-12,2022-06-12,23.3,15.6
6272,USW00014819,"CHICAGO MIDWAY AIRPORT, IL US",41.78412,-87.75514,2022-06-13,2022-06-13,33.9,16.7
6273,USW00014819,"CHICAGO MIDWAY AIRPORT, IL US",41.78412,-87.75514,2022-06-14,2022-06-14,37.8,23.9
6274,USW00014819,"CHICAGO MIDWAY AIRPORT, IL US",41.78412,-87.75514,2022-06-15,2022-06-15,37.8,28.3
6275,USW00014819,"CHICAGO MIDWAY AIRPORT, IL US",41.78412,-87.75514,2022-06-16,2022-06-16,36.1,23.9
6276,USW00014819,"CHICAGO MIDWAY AIRPORT, IL US",41.78412,-87.75514,2022-06-17,2022-06-17,31.1,20.6
6277,USW00014819,"CHICAGO MIDWAY AIRPORT, IL US",41.78412,-87.75514,2022-06-18,2022-06-18,24.4,15
6278,USW00014819,"CHICAGO MIDWAY AIRPORT, IL US",41.78412,-87.75514,2022-06-19,2022-06-19,31.1,13.9
6279,USW00014819,"CHICAGO MIDWAY AIRPORT, IL US",41.78412,-87.75514,2022-06-20,2022-06-20,36.1,19.4
6280,USW00014819,"CHICAGO MIDWAY AIRPORT, IL US",41.78412,-87.75514,2022-06-21,2022-06-21,38.3,22.8
6281,USW00014819,"CHICAGO MIDWAY AIRPORT, IL US",41.78412,-87.75514,2022-06-22,2022-06-22,33.3,23.3
6282,USW00014819,"CHICAGO MIDWAY AIRPORT, IL US",41.78412,-87.75514,2022-06-23,2022-06-23,29.4,22.2
6283,USW00014819,"CHICAGO MIDWAY AIRPORT, IL US",41.78412,-87.75514,2022-06-24,2022-06-24,33.9,19.4
6284,USW00014819,"CHICAGO MIDWAY AIRPORT, IL US",41.78412,-87.75514,2022-06-25,2022-06-25,27.2,20
6285,USW00014819,"CHICAGO MIDWAY AIRPORT, IL US",41.78412,-87.75514,2022-06-26,2022-06-26,28.3,20
6286,USW00014819,"CHICAGO MIDWAY AIRPORT, IL US",41.78412,-87.75514,2022-06-27,2022-06-27,27.2,17.2
6287,USW00014819,"CHICAGO MIDWAY AIRPORT, IL US",41.78412,-87.75514,2022-06-28,2022-06-28,31.1,16.7
6288,USW00014819,"CHICAGO MIDWAY AIRPORT, IL US",41.78412,-87.75514,2022-06-29,2022-06-29,31.7,21.1
6289,USW00014819,"CHICAGO MIDWAY AIRPORT, IL US",41.78412,-87.75514,2022-06-30,2022-06-30,34.4,23.3
6290,USW00014819,"CHICAGO MIDWAY AIRPORT, IL US",41.78412,-87.75514,2022-07-01,2022-07-01,29.4,20.6
6291,USW00014819,"CHICAGO MIDWAY AIRPORT, IL US",41.78412,-87.75514,2022-07-02,2022-07-02,30,18.3
6292,USW00014819,"CHICAGO MIDWAY AIRPORT, IL US",41.78412,-87.75514,2022-07-03,2022-07-03,31.1,20.6
6293,USW00014819,"CHICAGO MIDWAY AIRPORT, IL US",41.78412,-87.75514,2022-07-04,2022-07-04,32.2,22.2
6294,USW00014819,"CHICAGO MIDWAY AIRPORT, IL US",41.78412,-87.75514,2022-07-05,2022-07-05,35,21.1
6295,USW00014819,"CHICAGO MIDWAY AIRPORT, IL US",41.78412,-87.75514,2022-07-06,2022-07-06,27.8,22.2
6296,USW00014819,"CHICAGO MIDWAY AIRPORT, IL US",41.78412,-87.75514,2022-07-07,2022-07-07,30,22.2
6297,USW00014819,"CHICAGO MIDWAY AIRPORT, IL US",41.78412,-87.75514,2022-07-08,2022-07-08,27.2,22.2
6298,USW00014819,"CHICAGO MIDWAY AIRPORT, IL US",41.78412,-87.75514,2022-07-09,2022-07-09,26.1,20.6
6299,USW00014819,"CHICAGO MIDWAY AIRPORT, IL US",41.78412,-87.75514,2022-07-10,2022-07-10,31.1,16.7
6300,USW00014819,"CHICAGO MIDWAY AIRPORT, IL US",41.78412,-87.75514,2022-07-11,2022-07-11,30.6,22.2
6301,USW00014819,"CHICAGO MIDWAY AIRPORT, IL US",41.78412,-87.75514,2022-07-12,2022-07-12,31.1,21.7
6302,USW00014819,"CHICAGO MIDWAY AIRPORT, IL US",41.78412,-87.75514,2022-07-13,2022-07-13,29.4,21.1
6303,USW00014819,"CHICAGO MIDWAY AIRPORT, IL US",41.78412,-87.75514,2022-07-14,2022-07-14,27.8,17.8
6304,USW00014819,"CHICAGO MIDWAY AIRPORT, IL US",41.78412,-87.75514,2022-07-15,2022-07-15,24.4,20.6
6305,USW00014819,"CHICAGO MIDWAY AIRPORT, IL US",41.78412,-87.75514,2022-07-16,2022-07-16,25.6,21.7
6306,USW00014819,"CHICAGO MIDWAY AIRPORT, IL US",41.78412,-87.75514,2022-07-17,2022-07-17,25,21.7
6307,USW00014819,"CHICAGO MIDWAY AIRPORT, IL US",41.78412,-87.75514,2022-07-18,2022-07-18,32.8,21.7
6308,USW00014819,"CHICAGO MIDWAY AIRPORT, IL US",41.78412,-87.75514,2022-07-19,2022-07-19,32.8,22.8
6309,USW00014819,"CHICAGO MIDWAY AIRPORT, IL US",41.78412,-87.75514,2022-07-20,2022-07-20,31.7,25.6
6310,USW00014819,"CHICAGO MIDWAY AIRPORT, IL US",41.78412,-87.75514,2022-07-21,2022-07-21,34.4,22.2
6311,USW00014819,"CHICAGO MIDWAY AIRPORT, IL US",41.78412,-87.75514,2022-07-22,2022-07-22,33.3,21.7
6312,USW00014819,"CHICAGO MIDWAY AIRPORT, IL US",41.78412,-87.75514,2022-07-23,2022-07-23,31.1,21.7
6313,USW00014819,"CHICAGO MIDWAY AIRPORT, IL US",41.78412,-87.75514,2022-07-24,2022-07-24,31.1,23.3
6314,USW00014819,"CHICAGO MIDWAY AIRPORT, IL US",41.78412,-87.75514,2022-07-25,2022-07-25,26.1,20.6
6315,USW00014819,"CHICAGO MIDWAY AIRPORT, IL US",41.78412,-87.75514,2022-07-26,2022-07-26,28.3,20
6316,USW00014819,"CHICAGO MIDWAY AIRPORT, IL US",41.78412,-87.75514,2022-07-27,2022-07-27,30.6,21.7
6317,USW00014819,"CHICAGO MIDWAY AIRPORT, IL US",41.78412,-87.75514,2022-07-28,2022-07-28,28.3,21.1
6318,USW00014819,"CHICAGO MIDWAY AIRPORT, IL US",41.78412,-87.75514,2022-07-29,2022-07-29,28.3,17.8
6319,USW00014819,"CHICAGO MIDWAY AIRPORT, IL US",41.78412,-87.75514,2022-07-30,2022-07-30,29.4,18.9
6320,USW00014819,"CHICAGO MIDWAY AIRPORT, IL US",41.78412,-87.75514,2022-07-31,2022-07-31,30,20
6321,USW00014819,"CHICAGO MIDWAY AIRPORT, IL US",41.78412,-87.75514,2022-08-01,2022-08-01,31.7,23.9
6322,USW00014819,"CHICAGO MIDWAY AIRPORT, IL US",41.78412,-87.75514,2022-08-02,2022-08-02,32.8,21.7
6323,USW00014819,"CHICAGO MIDWAY AIRPORT, IL US",41.78412,-87.75514,2022-08-03,2022-08-03,35,24.4
6324,USW00014819,"CHICAGO MIDWAY AIRPORT, IL US",41.78412,-87.75514,2022-08-04,2022-08-04,29.4,23.9
6325,USW00014819,"CHICAGO MIDWAY AIRPORT, IL US",41.78412,-87.75514,2022-08-05,2022-08-05,31.1,22.8
6326,USW00014819,"CHICAGO MIDWAY AIRPORT, IL US",41.78412,-87.75514,2022-08-06,2022-08-06,35,25
6327,USW00014819,"CHICAGO MIDWAY AIRPORT, IL US",41.78412,-87.75514,2022-08-07,2022-08-07,28.9,25.6
6328,USW00014819,"CHICAGO MIDWAY AIRPORT, IL US",41.78412,-87.75514,2022-08-08,2022-08-08,28.9,20.6
6329,USW00014819,"CHICAGO MIDWAY AIRPORT, IL US",41.78412,-87.75514,2022-08-09,2022-08-09,25.6,18.3
6330,USW00014819,"CHICAGO MIDWAY AIRPORT, IL US",41.78412,-87.75514,2022-08-10,2022-08-10,30.6,16.7
6331,USW00014819,"CHICAGO MIDWAY AIRPORT, IL US",41.78412,-87.75514,2022-08-11,2022-08-11,26.7,20
6332,USW00014819,"CHICAGO MIDWAY AIRPORT, IL US",41.78412,-87.75514,2022-08-12,2022-08-12,27.2,17.2
6333,USW00014819,"CHICAGO MIDWAY AIRPORT, IL US",41.78412,-87.75514,2022-08-13,2022-08-13,26.7,20.6
6334,USW00014819,"CHICAGO MIDWAY AIRPORT, IL US",41.78412,-87.75514,2022-08-14,2022-08-14,26.7,21.7
6335,USW00014819,"CHICAGO MIDWAY AIRPORT, IL US",41.78412,-87.75514,2022-08-15,2022-08-15,27.2,20.6
6336,USW00014819,"CHICAGO MIDWAY AIRPORT, IL US",41.78412,-87.75514,2022-08-16,2022-08-16,28.9,19.4
6337,USW00014819,"CHICAGO MIDWAY AIRPORT, IL US",41.78412,-87.75514,2022-08-17,2022-08-17,28.9,18.3
6338,USW00014819,"CHICAGO MIDWAY AIRPORT, IL US",41.78412,-87.75514,2022-08-18,2022-08-18,30,17.2
6339,USW00014819,"CHICAGO MIDWAY AIRPORT, IL US",41.78412,-87.75514,2022-08-19,2022-08-19,31.1,20.6
6340,USW00014819,"CHICAGO MIDWAY AIRPORT, IL US",41.78412,-87.75514,2022-08-20,2022-08-20,26.1,20
6341,USW00014819,"CHICAGO MIDWAY AIRPORT, IL US",41.78412,-87.75514,2022-08-21,2022-08-21,27.2,20
6342,USW00014819,"CHICAGO MIDWAY AIRPORT, IL US",41.78412,-87.75514,2022-08-22,2022-08-22,28.9,18.3
6343,USW00014819,"CHICAGO MIDWAY AIRPORT, IL US",41.78412,-87.75514,2022-08-23,2022-08-23,30,18.3
6344,USW00014819,"CHICAGO MIDWAY AIRPORT, IL US",41.78412,-87.75514,2022-08-24,2022-08-24,30.6,19.4
6345,USW00014819,"CHICAGO MIDWAY AIRPORT, IL US",41.78412,-87.75514,2022-08-25,2022-08-25,28.3,20
6346,USW00014819,"CHICAGO MIDWAY AIRPORT, IL US",41.78412,-87.75514,2022-08-26,2022-08-26,26.7,19.4
6347,USW00014819,"CHICAGO MIDWAY AIRPORT, IL US",41.78412,-87.75514,2022-08-27,2022-08-27,28.9,16.7
6348,USW00014819,"CHICAGO MIDWAY AIRPORT, IL US",41.78412,-87.75514,2022-08-28,2022-08-28,33.3,22.2
6349,USW00014819,"CHICAGO MIDWAY AIRPORT, IL US",41.78412,-87.75514,2022-08-29,2022-08-29,30.6,22.2
6350,USW00014819,"CHICAGO MIDWAY AIRPORT, IL US",41.78412,-87.75514,2022-08-30,2022-08-30,27.8,19.4
6351,USW00014819,"CHICAGO MIDWAY AIRPORT, IL US",41.78412,-87.75514,2022-08-31,2022-08-31,30.6,17.8
6352,USW00014819,"CHICAGO MIDWAY AIRPORT, IL US",41.78412,-87.75514,2022-09-01,2022-09-01,32.2,20.6
6353,USW00014819,"CHICAGO MIDWAY AIRPORT, IL US",41.78412,-87.75514,2022-09-02,2022-09-02,31.1,21.7
6354,USW00014819,"CHICAGO MIDWAY AIRPORT, IL US",41.78412,-87.75514,2022-09-03,2022-09-03,32.8,21.7
6355,USW00014819,"CHICAGO MIDWAY AIRPORT, IL US",41.78412,-87.75514,2022-09-04,2022-09-04,23.9,21.1
6356,USW00014819,"CHICAGO MIDWAY AIRPORT, IL US",41.78412,-87.75514,2022-09-05,2022-09-05,22.8,20.6
6357,USW00014819,"CHICAGO MIDWAY AIRPORT, IL US",41.78412,-87.75514,2022-09-06,2022-09-06,27.2,21.1
6358,USW00014819,"CHICAGO MIDWAY AIRPORT, IL US",41.78412,-87.75514,2022-09-07,2022-09-07,28.3,20
6359,USW00014819,"CHICAGO MIDWAY AIRPORT, IL US",41.78412,-87.75514,2022-09-08,2022-09-08,30,17.2
6360,USW00014819,"CHICAGO MIDWAY AIRPORT, IL US",41.78412,-87.75514,2022-09-09,2022-09-09,30.6,18.3
6361,USW00014819,"CHICAGO MIDWAY AIRPORT, IL US",41.78412,-87.75514,2022-09-10,2022-09-10,30.6,18.9
6362,USW00014819,"CHICAGO MIDWAY AIRPORT, IL US",41.78412,-87.75514,2022-09-11,2022-09-11,23.3,16.1
6363,USW00014819,"CHICAGO MIDWAY AIRPORT, IL US",41.78412,-87.75514,2022-09-12,2022-09-12,20,13.3
6364,USW00014819,"CHICAGO MIDWAY AIRPORT, IL US",41.78412,-87.75514,2022-09-13,2022-09-13,26.7,16.7
6365,USW00014819,"CHICAGO MIDWAY AIRPORT, IL US",41.78412,-87.75514,2022-09-14,2022-09-14,27.2,15
6366,USW00014819,"CHICAGO MIDWAY AIRPORT, IL US",41.78412,-87.75514,2022-09-15,2022-09-15,28.9,17.2
6367,USW00014819,"CHICAGO MIDWAY AIRPORT, IL US",41.78412,-87.75514,2022-09-16,2022-09-16,29.4,18.9
6368,USW00014819,"CHICAGO MIDWAY AIRPORT, IL US",41.78412,-87.75514,2022-09-17,2022-09-17,31.1,21.7
6369,USW00014819,"CHICAGO MIDWAY AIRPORT, IL US",41.78412,-87.75514,2022-09-18,2022-09-18,30.6,22.2
6370,USW00014819,"CHICAGO MIDWAY AIRPORT, IL US",41.78412,-87.75514,2022-09-19,2022-09-19,26.1,19.4
6371,USW00014819,"CHICAGO MIDWAY AIRPORT, IL US",41.78412,-87.75514,2022-09-20,2022-09-20,34.4,18.9
6372,USW00014819,"CHICAGO MIDWAY AIRPORT, IL US",41.78412,-87.75514,2022-09-21,2022-09-21,31.7,17.8
6373,USW00014819,"CHICAGO MIDWAY AIRPORT, IL US",41.78412,-87.75514,2022-09-22,2022-09-22,19.4,13.3
6374,USW00014819,"CHICAGO MIDWAY AIRPORT, IL US",41.78412,-87.75514,2022-09-23,2022-09-23,18.3,11.1
6375,USW00014819,"CHICAGO MIDWAY AIRPORT, IL US",41.78412,-87.75514,2022-09-24,2022-09-24,23.9,12.8
6376,USW00014819,"CHICAGO MIDWAY AIRPORT, IL US",41.78412,-87.75514,2022-09-25,2022-09-25,20.6,14.4
6377,USW00014819,"CHICAGO MIDWAY AIRPORT, IL US",41.78412,-87.75514,2022-09-26,2022-09-26,18.3,11.7
6378,USW00014819,"CHICAGO MIDWAY AIRPORT, IL US",41.78412,-87.75514,2022-09-27,2022-09-27,17.2,8.9
6379,USW00014819,"CHICAGO MIDWAY AIRPORT, IL US",41.78412,-87.75514,2022-09-28,2022-09-28,17.2,9.4
6380,USW00014819,"CHICAGO MIDWAY AIRPORT, IL US",41.78412,-87.75514,2022-09-29,2022-09-29,17.8,7.8
6381,USW00014819,"CHICAGO MIDWAY AIRPORT, IL US",41.78412,-87.75514,2022-09-30,2022-09-30,19.4,9.4
6382,USW00014819,"CHICAGO MIDWAY AIRPORT, IL US",41.78412,-87.75514,2022-10-01,2022-10-01,21.1,11.1
6383,USW00014819,"CHICAGO MIDWAY AIRPORT, IL US",41.78412,-87.75514,2022-10-02,2022-10-02,20.6,14.4
6384,USW00014819,"CHICAGO MIDWAY AIRPORT, IL US",41.78412,-87.75514,2022-10-03,2022-10-03,20.6,10
6385,USW00014819,"CHICAGO MIDWAY AIRPORT, IL US",41.78412,-87.75514,2022-10-04,2022-10-04,24.4,8.3
6386,USW00014819,"CHICAGO MIDWAY AIRPORT, IL US",41.78412,-87.75514,2022-10-05,2022-10-05,25.6,10.6
6387,USW00014819,"CHICAGO MIDWAY AIRPORT, IL US",41.78412,-87.75514,2022-10-06,2022-10-06,25,12.2
6388,USW00014819,"CHICAGO MIDWAY AIRPORT, IL US",41.78412,-87.75514,2022-10-07,2022-10-07,14.4,5.6
6389,USW00014819,"CHICAGO MIDWAY AIRPORT, IL US",41.78412,-87.75514,2022-10-08,2022-10-08,15.6,3.3
6390,USW00014819,"CHICAGO MIDWAY AIRPORT, IL US",41.78412,-87.75514,2022-10-09,2022-10-09,21.7,7.8
6391,USW00014819,"CHICAGO MIDWAY AIRPORT, IL US",41.78412,-87.75514,2022-10-10,2022-10-10,24.4,10
6392,USW00014819,"CHICAGO MIDWAY AIRPORT, IL US",41.78412,-87.75514,2022-10-11,2022-10-11,21.7,12.2
6393,USW00014819,"CHICAGO MIDWAY AIRPORT, IL US",41.78412,-87.75514,2022-10-12,2022-10-12,18.3,10.6
6394,USW00014819,"CHICAGO MIDWAY AIRPORT, IL US",41.78412,-87.75514,2022-10-13,2022-10-13,15,5
6395,USW00014819,"CHICAGO MIDWAY AIRPORT, IL US",41.78412,-87.75514,2022-10-14,2022-10-14,17.2,4.4
6396,USW00014819,"CHICAGO MIDWAY AIRPORT, IL US",41.78412,-87.75514,2022-10-15,2022-10-15,12.8,2.8
6397,USW00014819,"CHICAGO MIDWAY AIRPORT, IL US",41.78412,-87.75514,2022-10-16,2022-10-16,13.9,5.6
6398,USW00014819,"CHICAGO MIDWAY AIRPORT, IL US",41.78412,-87.75514,2022-10-17,2022-10-17,7.2,3.9
6399,USW00014819,"CHICAGO MIDWAY AIRPORT, IL US",41.78412,-87.75514,2022-10-18,2022-10-18,10,2.8
6400,USW00014819,"CHICAGO MIDWAY AIRPORT, IL US",41.78412,-87.75514,2022-10-19,2022-10-19,10,1.7
6401,USW00014819,"CHICAGO MIDWAY AIRPORT, IL US",41.78412,-87.75514,2022-10-20,2022-10-20,17.2,1.1
6402,USW00014819,"CHICAGO MIDWAY AIRPORT, IL US",41.78412,-87.75514,2022-10-21,2022-10-21,25.6,7.2
6403,USW00014819,"CHICAGO MIDWAY AIRPORT, IL US",41.78412,-87.75514,2022-10-22,2022-10-22,27.8,14.4
6404,USW00014819,"CHICAGO MIDWAY AIRPORT, IL US",41.78412,-87.75514,2022-10-23,2022-10-23,27.2,17.8
6405,USW00014819,"CHICAGO MIDWAY AIRPORT, IL US",41.78412,-87.75514,2022-10-24,2022-10-24,26.1,17.8
6406,USW00014819,"CHICAGO MIDWAY AIRPORT, IL US",41.78412,-87.75514,2022-10-25,2022-10-25,21.7,9.4
6407,USW00014819,"CHICAGO MIDWAY AIRPORT, IL US",41.78412,-87.75514,2022-10-26,2022-10-26,13.9,6.1
6408,USW00014819,"CHICAGO MIDWAY AIRPORT, IL US",41.78412,-87.75514,2022-10-27,2022-10-27,12.2,5
6409,USW00014819,"CHICAGO MIDWAY AIRPORT, IL US",41.78412,-87.75514,2022-10-28,2022-10-28,16.1,7.8
6410,USW00014819,"CHICAGO MIDWAY AIRPORT, IL US",41.78412,-87.75514,2022-10-29,2022-10-29,19.4,6.1
6411,USW00014819,"CHICAGO MIDWAY AIRPORT, IL US",41.78412,-87.75514,2022-10-30,2022-10-30,19.4,9.4
6412,USW00014819,"CHICAGO MIDWAY AIRPORT, IL US",41.78412,-87.75514,2022-10-31,2022-10-31,16.1,11.1
6413,USW00014819,"CHICAGO MIDWAY AIRPORT, IL US",41.78412,-87.75514,2022-11-01,2022-11-01,21.1,7.8
6414,USW00014819,"CHICAGO MIDWAY AIRPORT, IL US",41.78412,-87.75514,2022-11-02,2022-11-02,23.3,9.4
6415,USW00014819,"CHICAGO MIDWAY AIRPORT, IL US",41.78412,-87.75514,2022-11-03,2022-11-03,23.9,12.8
6416,USW00014819,"CHICAGO MIDWAY AIRPORT, IL US",41.78412,-87.75514,2022-11-04,2022-11-04,24.4,16.7
6417,USW00014819,"CHICAGO MIDWAY AIRPORT, IL US",41.78412,-87.75514,2022-11-05,2022-11-05,21.7,8.3
6418,USW00014819,"CHICAGO MIDWAY AIRPORT, IL US",41.78412,-87.75514,2022-11-06,2022-11-06,17.8,8.3
6419,USW00014819,"CHICAGO MIDWAY AIRPORT, IL US",41.78412,-87.75514,2022-11-07,2022-11-07,14.4,5.6
6420,USW00014819,"CHICAGO MIDWAY AIRPORT, IL US",41.78412,-87.75514,2022-11-08,2022-11-08,12.2,6.7
6421,USW00014819,"CHICAGO MIDWAY AIRPORT, IL US",41.78412,-87.75514,2022-11-09,2022-11-09,21.1,8.9
6422,USW00014819,"CHICAGO MIDWAY AIRPORT, IL US",41.78412,-87.75514,2022-11-10,2022-11-10,24.4,15
6423,USW00014819,"CHICAGO MIDWAY AIRPORT, IL US",41.78412,-87.75514,2022-11-11,2022-11-11,15.6,0.6
6424,USW00014819,"CHICAGO MIDWAY AIRPORT, IL US",41.78412,-87.75514,2022-11-12,2022-11-12,2.8,0.6
6425,USW00014819,"CHICAGO MIDWAY AIRPORT, IL US",41.78412,-87.75514,2022-11-13,2022-11-13,2.2,-1
6426,USW00014819,"CHICAGO MIDWAY AIRPORT, IL US",41.78412,-87.75514,2022-11-14,2022-11-14,5,-2.1
6427,USW00014819,"CHICAGO MIDWAY AIRPORT, IL US",41.78412,-87.75514,2022-11-15,2022-11-15,2.8,0
6428,USW00014819,"CHICAGO MIDWAY AIRPORT, IL US",41.78412,-87.75514,2022-11-16,2022-11-16,1.7,-0.5
6429,USW00014819,"CHICAGO MIDWAY AIRPORT, IL US",41.78412,-87.75514,2022-11-17,2022-11-17,1.1,-1.6
6430,USW00014819,"CHICAGO MIDWAY AIRPORT, IL US",41.78412,-87.75514,2022-11-18,2022-11-18,-1,-6
6431,USW00014819,"CHICAGO MIDWAY AIRPORT, IL US",41.78412,-87.75514,2022-11-19,2022-11-19,-2.7,-8.8
6432,USW00014819,"CHICAGO MIDWAY AIRPORT, IL US",41.78412,-87.75514,2022-11-20,2022-11-20,0.6,-10.5
6433,USW00014819,"CHICAGO MIDWAY AIRPORT, IL US",41.78412,-87.75514,2022-11-21,2022-11-21,8.3,-1.6
6434,USW00014819,"CHICAGO MIDWAY AIRPORT, IL US",41.78412,-87.75514,2022-11-22,2022-11-22,11.1,-2.1
6435,USW00014819,"CHICAGO MIDWAY AIRPORT, IL US",41.78412,-87.75514,2022-11-23,2022-11-23,15,0.6
6436,USW00014819,"CHICAGO MIDWAY AIRPORT, IL US",41.78412,-87.75514,2022-11-24,2022-11-24,11.7,3.3
6437,USW00014819,"CHICAGO MIDWAY AIRPORT, IL US",41.78412,-87.75514,2022-11-25,2022-11-25,11.1,0.6
6438,USW00014819,"CHICAGO MIDWAY AIRPORT, IL US",41.78412,-87.75514,2022-11-26,2022-11-26,13.3,0.6
6439,USW00014819,"CHICAGO MIDWAY AIRPORT, IL US",41.78412,-87.75514,2022-11-27,2022-11-27,7.8,1.7
6440,USW00014819,"CHICAGO MIDWAY AIRPORT, IL US",41.78412,-87.75514,2022-11-28,2022-11-28,7.8,-0.5
6441,USW00014819,"CHICAGO MIDWAY AIRPORT, IL US",41.78412,-87.75514,2022-11-29,2022-11-29,15,1.7
6442,USW00014819,"CHICAGO MIDWAY AIRPORT, IL US",41.78412,-87.75514,2022-11-30,2022-11-30,1.7,-6.6
6443,USW00014819,"CHICAGO MIDWAY AIRPORT, IL US",41.78412,-87.75514,2022-12-01,2022-12-01,2.8,-7.7
6444,USW00014819,"CHICAGO MIDWAY AIRPORT, IL US",41.78412,-87.75514,2022-12-02,2022-12-02,11.1,2.2
6445,USW00014819,"CHICAGO MIDWAY AIRPORT, IL US",41.78412,-87.75514,2022-12-03,2022-12-03,11.1,-6
6446,USW00014819,"CHICAGO MIDWAY AIRPORT, IL US",41.78412,-87.75514,2022-12-04,2022-12-04,4.4,-7.7
6447,USW00014819,"CHICAGO MIDWAY AIRPORT, IL US",41.78412,-87.75514,2022-12-05,2022-12-05,6.7,-2.1
6448,USW00014819,"CHICAGO MIDWAY AIRPORT, IL US",41.78412,-87.75514,2022-12-06,2022-12-06,6.7,2.2
6449,USW00014819,"CHICAGO MIDWAY AIRPORT, IL US",41.78412,-87.75514,2022-12-07,2022-12-07,6.1,3.3
6450,USW00014819,"CHICAGO MIDWAY AIRPORT, IL US",41.78412,-87.75514,2022-12-08,2022-12-08,5.6,1.7
6451,USW00014819,"CHICAGO MIDWAY AIRPORT, IL US",41.78412,-87.75514,2022-12-09,2022-12-09,3.3,1.7
6452,USW00014819,"CHICAGO MIDWAY AIRPORT, IL US",41.78412,-87.75514,2022-12-10,2022-12-10,3.9,2.8
6453,USW00014819,"CHICAGO MIDWAY AIRPORT, IL US",41.78412,-87.75514,2022-12-11,2022-12-11,4.4,2.8
6454,USW00014819,"CHICAGO MIDWAY AIRPORT, IL US",41.78412,-87.75514,2022-12-12,2022-12-12,5.6,2.8
6455,USW00014819,"CHICAGO MIDWAY AIRPORT, IL US",41.78412,-87.75514,2022-12-13,2022-12-13,3.3,1.1
6456,USW00014819,"CHICAGO MIDWAY AIRPORT, IL US",41.78412,-87.75514,2022-12-14,2022-12-14,6.7,2.8
6457,USW00014819,"CHICAGO MIDWAY AIRPORT, IL US",41.78412,-87.75514,2022-12-15,2022-12-15,3.3,-0.5
6458,USW00014819,"CHICAGO MIDWAY AIRPORT, IL US",41.78412,-87.75514,2022-12-16,2022-12-16,-0.5,-3.2
6459,USW00014819,"CHICAGO MIDWAY AIRPORT, IL US",41.78412,-87.75514,2022-12-17,2022-12-17,-3.2,-6.6
6460,USW00014819,"CHICAGO MIDWAY AIRPORT, IL US",41.78412,-87.75514,2022-12-18,2022-12-18,-6,-9.9
6461,USW00014819,"CHICAGO MIDWAY AIRPORT, IL US",41.78412,-87.75514,2022-12-19,2022-12-19,-3.2,-12.1
6462,USW00014819,"CHICAGO MIDWAY AIRPORT, IL US",41.78412,-87.75514,2022-12-20,2022-12-20,0.6,-5.5
6463,USW00014819,"CHICAGO MIDWAY AIRPORT, IL US",41.78412,-87.75514,2022-12-21,2022-12-21,0,-8.2
6464,USW00014819,"CHICAGO MIDWAY AIRPORT, IL US",41.78412,-87.75514,2022-12-22,2022-12-22,1.1,-21
6465,USW00014819,"CHICAGO MIDWAY AIRPORT, IL US",41.78412,-87.75514,2022-12-23,2022-12-23,-18.2,-22.7
6466,USW00014819,"CHICAGO MIDWAY AIRPORT, IL US",41.78412,-87.75514,2022-12-24,2022-12-24,-10.5,-18.2
6467,USW00014819,"CHICAGO MIDWAY AIRPORT, IL US",41.78412,-87.75514,2022-12-25,2022-12-25,-9.9,-16.6
6468,USW00014819,"CHICAGO MIDWAY AIRPORT, IL US",41.78412,-87.75514,2022-12-26,2022-12-26,-5.5,-11
6469,USW00014819,"CHICAGO MIDWAY AIRPORT, IL US",41.78412,-87.75514,2022-12-27,2022-12-27,-3.2,-13.2
6470,USW00014819,"CHICAGO MIDWAY AIRPORT, IL US",41.78412,-87.75514,2022-12-28,2022-12-28,7.2,-3.8
6471,USW00014819,"CHICAGO MIDWAY AIRPORT, IL US",41.78412,-87.75514,2022-12-29,2022-12-29,13.9,6.7
6472,USW00014819,"CHICAGO MIDWAY AIRPORT, IL US",41.78412,-87.75514,2022-12-30,2022-12-30,13.9,-0.5
6473,USW00014819,"CHICAGO MIDWAY AIRPORT, IL US",41.78412,-87.75514,2022-12-31,2022-12-31,3.9,-2.7
6474,USC00111550,"CHICAGO NORTHERLY ISLAND, IL US",41.8558,-87.6094,2023-01-01,2023-01-01,7.2,1.1
6475,USC00111550,"CHICAGO NORTHERLY ISLAND, IL US",41.8558,-87.6094,2023-01-02,2023-01-02,5.6,0
6476,USC00111550,"CHICAGO NORTHERLY ISLAND, IL US",41.8558,-87.6094,2023-01-03,2023-01-03,8.3,2.2
6477,USC00111550,"CHICAGO NORTHERLY ISLAND, IL US",41.8558,-87.6094,2023-01-04,2023-01-04,7.2,0.6
6478,USC00111550,"CHICAGO NORTHERLY ISLAND, IL US",41.8558,-87.6094,2023-01-05,2023-01-05,1.1,-0.6
6479,USC00111550,"CHICAGO NORTHERLY ISLAND, IL US",41.8558,-87.6094,2023-01-06,2023-01-06,0.6,-3.3
6480,USC00111550,"CHICAGO NORTHERLY ISLAND, IL US",41.8558,-87.6094,2023-01-07,2023-01-07,0.6,-1.7
6481,USC00111550,"CHICAGO NORTHERLY ISLAND, IL US",41.8558,-87.6094,2023-01-08,2023-01-08,1.7,-3.3
6482,USC00111550,"CHICAGO NORTHERLY ISLAND, IL US",41.8558,-87.6094,2023-01-09,2023-01-09,6.7,-3.3
6483,USC00111550,"CHICAGO NORTHERLY ISLAND, IL US",41.8558,-87.6094,2023-01-10,2023-01-10,7.2,1.1
6484,USC00111550,"CHICAGO NORTHERLY ISLAND, IL US",41.8558,-87.6094,2023-01-11,2023-01-11,8.9,1.7
6485,USC00111550,"CHICAGO NORTHERLY ISLAND, IL US",41.8558,-87.6094,2023-01-12,2023-01-12,4.4,1.1
6486,USC00111550,"CHICAGO NORTHERLY ISLAND, IL US",41.8558,-87.6094,2023-01-13,2023-01-13,1.7,-2.2
6487,USC00111550,"CHICAGO NORTHERLY ISLAND, IL US",41.8558,-87.6094,2023-01-14,2023-01-14,0,-4.4
6488,USC00111550,"CHICAGO NORTHERLY ISLAND, IL US",41.8558,-87.6094,2023-01-15,2023-01-15,5.6,-3.3
6489,USC00111550,"CHICAGO NORTHERLY ISLAND, IL US",41.8558,-87.6094,2023-01-16,2023-01-16,11.1,2.2
6490,USC00111550,"CHICAGO NORTHERLY ISLAND, IL US",41.8558,-87.6094,2023-01-17,2023-01-17,10.6,2.8
6491,USC00111550,"CHICAGO NORTHERLY ISLAND, IL US",41.8558,-87.6094,2023-01-18,2023-01-18,3.3,1.7
6492,USC00111550,"CHICAGO NORTHERLY ISLAND, IL US",41.8558,-87.6094,2023-01-19,2023-01-19,5,1.7
6493,USC00111550,"CHICAGO NORTHERLY ISLAND, IL US",41.8558,-87.6094,2023-01-20,2023-01-20,1.7,-0.6
6494,USC00111550,"CHICAGO NORTHERLY ISLAND, IL US",41.8558,-87.6094,2023-01-21,2023-01-21,0,-2.2
6495,USC00111550,"CHICAGO NORTHERLY ISLAND, IL US",41.8558,-87.6094,2023-01-22,2023-01-22,0.6,-2.2
6496,USC00111550,"CHICAGO NORTHERLY ISLAND, IL US",41.8558,-87.6094,2023-01-23,2023-01-23,0,-5.6
6497,USC00111550,"CHICAGO NORTHERLY ISLAND, IL US",41.8558,-87.6094,2023-01-24,2023-01-24,3.9,-2.2
6498,USC00111550,"CHICAGO NORTHERLY ISLAND, IL US",41.8558,-87.6094,2023-01-25,2023-01-25,1.1,-0.6
6499,USC00111550,"CHICAGO NORTHERLY ISLAND, IL US",41.8558,-87.6094,2023-01-26,2023-01-26,0,-7.8
6500,USC00111550,"CHICAGO NORTHERLY ISLAND, IL US",41.8558,-87.6094,2023-01-27,2023-01-27,2.2,-9.4
6501,USC00111550,"CHICAGO NORTHERLY ISLAND, IL US",41.8558,-87.6094,2023-01-28,2023-01-28,-0.6,-5.6
6502,USC00111550,"CHICAGO NORTHERLY ISLAND, IL US",41.8558,-87.6094,2023-01-29,2023-01-29,-0.6,-6.7
6503,USC00111550,"CHICAGO NORTHERLY ISLAND, IL US",41.8558,-87.6094,2023-01-30,2023-01-30,-6.1,-13.3
6504,USC00111550,"CHICAGO NORTHERLY ISLAND, IL US",41.8558,-87.6094,2023-01-31,2023-01-31,-8.9,-14.4
6505,USC00111550,"CHICAGO NORTHERLY ISLAND, IL US",41.8558,-87.6094,2023-02-01,2023-02-01,-1.7,-12.8
6506,USC00111550,"CHICAGO NORTHERLY ISLAND, IL US",41.8558,-87.6094,2023-02-02,2023-02-02,1.7,-10.6
6507,USC00111550,"CHICAGO NORTHERLY ISLAND, IL US",41.8558,-87.6094,2023-02-03,2023-02-03,-10.6,-15.6
6508,USC00111550,"CHICAGO NORTHERLY ISLAND, IL US",41.8558,-87.6094,2023-02-04,2023-02-04,6.1,-10.6
6509,USC00111550,"CHICAGO NORTHERLY ISLAND, IL US",41.8558,-87.6094,2023-02-05,2023-02-05,6.1,-1.1
6510,USC00111550,"CHICAGO NORTHERLY ISLAND, IL US",41.8558,-87.6094,2023-02-06,2023-02-06,8.3,-2.8
6511,USC00111550,"CHICAGO NORTHERLY ISLAND, IL US",41.8558,-87.6094,2023-02-07,2023-02-07,10.6,0.6
6512,USC00111550,"CHICAGO NORTHERLY ISLAND, IL US",41.8558,-87.6094,2023-02-08,2023-02-08,2.8,-1.1
6513,USC00111550,"CHICAGO NORTHERLY ISLAND, IL US",41.8558,-87.6094,2023-02-09,2023-02-09,7.2,1.1
6514,USC00111550,"CHICAGO NORTHERLY ISLAND, IL US",41.8558,-87.6094,2023-02-10,2023-02-10,3.9,-1.7
6515,USC00111550,"CHICAGO NORTHERLY ISLAND, IL US",41.8558,-87.6094,2023-02-11,2023-02-11,8.3,-3.3
6516,USC00111550,"CHICAGO NORTHERLY ISLAND, IL US",41.8558,-87.6094,2023-02-12,2023-02-12,11.1,0.6
6517,USC00111550,"CHICAGO NORTHERLY ISLAND, IL US",41.8558,-87.6094,2023-02-13,2023-02-13,11.1,2.2
6518,USC00111550,"CHICAGO NORTHERLY ISLAND, IL US",41.8558,-87.6094,2023-02-14,2023-02-14,12.2,2.2
6519,USC00111550,"CHICAGO NORTHERLY ISLAND, IL US",41.8558,-87.6094,2023-02-15,2023-02-15,11.7,1.1
6520,USC00111550,"CHICAGO NORTHERLY ISLAND, IL US",41.8558,-87.6094,2023-02-16,2023-02-16,1.7,-3.3
6521,USC00111550,"CHICAGO NORTHERLY ISLAND, IL US",41.8558,-87.6094,2023-02-17,2023-02-17,-2.2,-6.1
6522,USC00111550,"CHICAGO NORTHERLY ISLAND, IL US",41.8558,-87.6094,2023-02-18,2023-02-18,7.8,-3.9
6523,USC00111550,"CHICAGO NORTHERLY ISLAND, IL US",41.8558,-87.6094,2023-02-19,2023-02-19,11.1,3.9
6524,USC00111550,"CHICAGO NORTHERLY ISLAND, IL US",41.8558,-87.6094,2023-02-20,2023-02-20,6.7,-0.6
6525,USC00111550,"CHICAGO NORTHERLY ISLAND, IL US",41.8558,-87.6094,2023-02-21,2023-02-21,5.6,-3.3
6526,USC00111550,"CHICAGO NORTHERLY ISLAND, IL US",41.8558,-87.6094,2023-02-22,2023-02-22,1.7,0.6
6527,USC00111550,"CHICAGO NORTHERLY ISLAND, IL US",41.8558,-87.6094,2023-02-23,2023-02-23,3.3,-3.9
6528,USC00111550,"CHICAGO NORTHERLY ISLAND, IL US",41.8558,-87.6094,2023-02-24,2023-02-24,-2.2,-6.1
6529,USC00111550,"CHICAGO NORTHERLY ISLAND, IL US",41.8558,-87.6094,2023-02-25,2023-02-25,3.3,-2.8
6530,USC00111550,"CHICAGO NORTHERLY ISLAND, IL US",41.8558,-87.6094,2023-02-26,2023-02-26,6.7,-0.6
6531,USC00111550,"CHICAGO NORTHERLY ISLAND, IL US",41.8558,-87.6094,2023-02-27,2023-02-27,14.4,2.2
6532,USC00111550,"CHICAGO NORTHERLY ISLAND, IL US",41.8558,-87.6094,2023-02-28,2023-02-28,5.6,2.2
6533,USC00111550,"CHICAGO NORTHERLY ISLAND, IL US",41.8558,-87.6094,2023-03-01,2023-03-01,12.2,1.7
6534,USC00111550,"CHICAGO NORTHERLY ISLAND, IL US",41.8558,-87.6094,2023-03-02,2023-03-02,4.4,0.6
6535,USC00111550,"CHICAGO NORTHERLY ISLAND, IL US",41.8558,-87.6094,2023-03-03,2023-03-03,2.8,1.1
6536,USC00111550,"CHICAGO NORTHERLY ISLAND, IL US",41.8558,-87.6094,2023-03-04,2023-03-04,9.4,0
6537,USC00111550,"CHICAGO NORTHERLY ISLAND, IL US",41.8558,-87.6094,2023-03-05,2023-03-05,5.6,2.2
6538,USC00111550,"CHICAGO NORTHERLY ISLAND, IL US",41.8558,-87.6094,2023-03-06,2023-03-06,7.8,2.2
6539,USC00111550,"CHICAGO NORTHERLY ISLAND, IL US",41.8558,-87.6094,2023-03-07,2023-03-07,5.6,1.7
6540,USC00111550,"CHICAGO NORTHERLY ISLAND, IL US",41.8558,-87.6094,2023-03-08,2023-03-08,4.4,1.7
6541,USC00111550,"CHICAGO NORTHERLY ISLAND, IL US",41.8558,-87.6094,2023-03-09,2023-03-09,3.9,0.6
6542,USC00111550,"CHICAGO NORTHERLY ISLAND, IL US",41.8558,-87.6094,2023-03-10,2023-03-10,2.2,0
6543,USC00111550,"CHICAGO NORTHERLY ISLAND, IL US",41.8558,-87.6094,2023-03-11,2023-03-11,2.8,0
6544,USC00111550,"CHICAGO NORTHERLY ISLAND, IL US",41.8558,-87.6094,2023-03-12,2023-03-12,2.8,-1.1
6545,USC00111550,"CHICAGO NORTHERLY ISLAND, IL US",41.8558,-87.6094,2023-03-13,2023-03-13,0,-2.2
6546,USC00111550,"CHICAGO NORTHERLY ISLAND, IL US",41.8558,-87.6094,2023-03-14,2023-03-14,0,-5
6547,USC00111550,"CHICAGO NORTHERLY ISLAND, IL US",41.8558,-87.6094,2023-03-15,2023-03-15,8.9,-3.9
6548,USC00111550,"CHICAGO NORTHERLY ISLAND, IL US",41.8558,-87.6094,2023-03-16,2023-03-16,10,5
6549,USC00111550,"CHICAGO NORTHERLY ISLAND, IL US",41.8558,-87.6094,2023-03-17,2023-03-17,10.6,-5
6550,USC00111550,"CHICAGO NORTHERLY ISLAND, IL US",41.8558,-87.6094,2023-03-18,2023-03-18,-4.4,-10.6
6551,USC00111550,"CHICAGO NORTHERLY ISLAND, IL US",41.8558,-87.6094,2023-03-19,2023-03-19,4.4,-6.7
6552,USC00111550,"CHICAGO NORTHERLY ISLAND, IL US",41.8558,-87.6094,2023-03-20,2023-03-20,10,-1.7
6553,USC00111550,"CHICAGO NORTHERLY ISLAND, IL US",41.8558,-87.6094,2023-03-21,2023-03-21,12.2,2.8
6554,USC00111550,"CHICAGO NORTHERLY ISLAND, IL US",41.8558,-87.6094,2023-03-22,2023-03-22,10.6,3.9
6555,USC00111550,"CHICAGO NORTHERLY ISLAND, IL US",41.8558,-87.6094,2023-03-23,2023-03-23,7.8,1.7
6556,USC00111550,"CHICAGO NORTHERLY ISLAND, IL US",41.8558,-87.6094,2023-03-24,2023-03-24,5,2.2
6557,USC00111550,"CHICAGO NORTHERLY ISLAND, IL US",41.8558,-87.6094,2023-03-25,2023-03-25,6.7,1.1
6558,USC00111550,"CHICAGO NORTHERLY ISLAND, IL US",41.8558,-87.6094,2023-03-26,2023-03-26,6.1,1.7
6559,USC00111550,"CHICAGO NORTHERLY ISLAND, IL US",41.8558,-87.6094,2023-03-27,2023-03-27,5.6,1.1
6560,USC00111550,"CHICAGO NORTHERLY ISLAND, IL US",41.8558,-87.6094,2023-03-28,2023-03-28,9.4,0.6
6561,USC00111550,"CHICAGO NORTHERLY ISLAND, IL US",41.8558,-87.6094,2023-03-29,2023-03-29,5.6,-1.1
6562,USC00111550,"CHICAGO NORTHERLY ISLAND, IL US",41.8558,-87.6094,2023-03-30,2023-03-30,12.8,-2.2
6563,USC00111550,"CHICAGO NORTHERLY ISLAND, IL US",41.8558,-87.6094,2023-03-31,2023-03-31,20.6,10
6564,USC00111550,"CHICAGO NORTHERLY ISLAND, IL US",41.8558,-87.6094,2023-04-01,2023-04-01,10,1.1
6565,USC00111550,"CHICAGO NORTHERLY ISLAND, IL US",41.8558,-87.6094,2023-04-02,2023-04-02,12.8,-0.6
6566,USC00111550,"CHICAGO NORTHERLY ISLAND, IL US",41.8558,-87.6094,2023-04-03,2023-04-03,14.4,5
6567,USC00111550,"CHICAGO NORTHERLY ISLAND, IL US",41.8558,-87.6094,2023-04-04,2023-04-04,20,5
6568,USC00111550,"CHICAGO NORTHERLY ISLAND, IL US",41.8558,-87.6094,2023-04-05,2023-04-05,22.2,4.4
6569,USC00111550,"CHICAGO NORTHERLY ISLAND, IL US",41.8558,-87.6094,2023-04-06,2023-04-06,11.1,1.1
6570,USC00111550,"CHICAGO NORTHERLY ISLAND, IL US",41.8558,-87.6094,2023-04-07,2023-04-07,7.2,2.8
6571,USC00111550,"CHICAGO NORTHERLY ISLAND, IL US",41.8558,-87.6094,2023-04-08,2023-04-08,10.6,2.8
6572,USC00111550,"CHICAGO NORTHERLY ISLAND, IL US",41.8558,-87.6094,2023-04-09,2023-04-09,18.9,5
6573,USC00111550,"CHICAGO NORTHERLY ISLAND, IL US",41.8558,-87.6094,2023-04-10,2023-04-10,20.6,7.2
6574,USC00111550,"CHICAGO NORTHERLY ISLAND, IL US",41.8558,-87.6094,2023-04-11,2023-04-11,25,12.8
6575,USC00111550,"CHICAGO NORTHERLY ISLAND, IL US",41.8558,-87.6094,2023-04-12,2023-04-12,27.2,15
6576,USC00111550,"CHICAGO NORTHERLY ISLAND, IL US",41.8558,-87.6094,2023-04-13,2023-04-13,28.3,14.4
6577,USC00111550,"CHICAGO NORTHERLY ISLAND, IL US",41.8558,-87.6094,2023-04-14,2023-04-14,21.1,11.7
6578,USC00111550,"CHICAGO NORTHERLY ISLAND, IL US",41.8558,-87.6094,2023-04-15,2023-04-15,27.2,15
6579,USC00111550,"CHICAGO NORTHERLY ISLAND, IL US",41.8558,-87.6094,2023-04-16,2023-04-16,18.3,1.1
6580,USC00111550,"CHICAGO NORTHERLY ISLAND, IL US",41.8558,-87.6094,2023-04-17,2023-04-17,4.4,0
6581,USC00111550,"CHICAGO NORTHERLY ISLAND, IL US",41.8558,-87.6094,2023-04-18,2023-04-18,11.1,1.7
6582,USC00111550,"CHICAGO NORTHERLY ISLAND, IL US",41.8558,-87.6094,2023-04-19,2023-04-19,12.8,5.6
6583,USC00111550,"CHICAGO NORTHERLY ISLAND, IL US",41.8558,-87.6094,2023-04-20,2023-04-20,26.1,9.4
6584,USC00111550,"CHICAGO NORTHERLY ISLAND, IL US",41.8558,-87.6094,2023-04-21,2023-04-21,16.1,7.8
6585,USC00111550,"CHICAGO NORTHERLY ISLAND, IL US",41.8558,-87.6094,2023-04-22,2023-04-22,8.3,3.3
6586,USC00111550,"CHICAGO NORTHERLY ISLAND, IL US",41.8558,-87.6094,2023-04-23,2023-04-23,5.6,2.2
6587,USC00111550,"CHICAGO NORTHERLY ISLAND, IL US",41.8558,-87.6094,2023-04-24,2023-04-24,10,2.8
6588,USC00111550,"CHICAGO NORTHERLY ISLAND, IL US",41.8558,-87.6094,2023-09-14,2023-09-14,20,13.9
6589,USC00111550,"CHICAGO NORTHERLY ISLAND, IL US",41.8558,-87.6094,2023-09-15,2023-09-15,23.3,13.9
6590,USC00111550,"CHICAGO NORTHERLY ISLAND, IL US",41.8558,-87.6094,2023-09-16,2023-09-16,21.7,16.7
6591,USC00111550,"CHICAGO NORTHERLY ISLAND, IL US",41.8558,-87.6094,2023-09-17,2023-09-17,20,15
6592,USC00111550,"CHICAGO NORTHERLY ISLAND, IL US",41.8558,-87.6094,2023-09-18,2023-09-18,20.6,15
6593,USC00111550,"CHICAGO NORTHERLY ISLAND, IL US",41.8558,-87.6094,2023-09-19,2023-09-19,20,13.9
6594,USC00111550,"CHICAGO NORTHERLY ISLAND, IL US",41.8558,-87.6094,2023-09-20,2023-09-20,26.7,17.2
6595,USC00111550,"CHICAGO NORTHERLY ISLAND, IL US",41.8558,-87.6094,2023-09-21,2023-09-21,21.1,15.6
6596,USC00111550,"CHICAGO NORTHERLY ISLAND, IL US",41.8558,-87.6094,2023-09-22,2023-09-22,22.8,18.3
6597,USC00111550,"CHICAGO NORTHERLY ISLAND, IL US",41.8558,-87.6094,2023-09-23,2023-09-23,22.2,17.8
6598,USC00111550,"CHICAGO NORTHERLY ISLAND, IL US",41.8558,-87.6094,2023-09-24,2023-09-24,22.2,15.6
6599,USC00111550,"CHICAGO NORTHERLY ISLAND, IL US",41.8558,-87.6094,2023-09-25,2023-09-25,21.7,17.8
6600,USC00111550,"CHICAGO NORTHERLY ISLAND, IL US",41.8558,-87.6094,2023-09-26,2023-09-26,21.1,17.2
6601,USC00111550,"CHICAGO NORTHERLY ISLAND, IL US",41.8558,-87.6094,2023-09-27,2023-09-27,20.6,17.2
6602,USC00111550,"CHICAGO NORTHERLY ISLAND, IL US",41.8558,-87.6094,2023-09-28,2023-09-28,20.6,17.2
6603,USC00111550,"CHICAGO NORTHERLY ISLAND, IL US",41.8558,-87.6094,2023-09-29,2023-09-29,20.6,16.1
6604,USC00111550,"CHICAGO NORTHERLY ISLAND, IL US",41.8558,-87.6094,2023-09-30,2023-09-30,22.8,15.6
6605,USC00111550,"CHICAGO NORTHERLY ISLAND, IL US",41.8558,-87.6094,2023-10-01,2023-10-01,23.3,17.2
6606,USC00111550,"CHICAGO NORTHERLY ISLAND, IL US",41.8558,-87.6094,2023-10-02,2023-10-02,25,17.2
6607,USC00111550,"CHICAGO NORTHERLY ISLAND, IL US",41.8558,-87.6094,2023-10-03,2023-10-03,28.9,17.8
6608,USC00111550,"CHICAGO NORTHERLY ISLAND, IL US",41.8558,-87.6094,2023-10-04,2023-10-04,28.9,19.4
6609,USC00111550,"CHICAGO NORTHERLY ISLAND, IL US",41.8558,-87.6094,2023-10-05,2023-10-05,21.1,16.7
6610,USC00111550,"CHICAGO NORTHERLY ISLAND, IL US",41.8558,-87.6094,2023-10-06,2023-10-06,16.7,8.3
6611,USC00111550,"CHICAGO NORTHERLY ISLAND, IL US",41.8558,-87.6094,2023-10-07,2023-10-07,14.4,7.8
6612,USC00111550,"CHICAGO NORTHERLY ISLAND, IL US",41.8558,-87.6094,2023-10-08,2023-10-08,12.2,7.8
6613,USC00111550,"CHICAGO NORTHERLY ISLAND, IL US",41.8558,-87.6094,2023-10-09,2023-10-09,13.9,7.8
6614,USC00111550,"CHICAGO NORTHERLY ISLAND, IL US",41.8558,-87.6094,2023-10-10,2023-10-10,16.7,6.1
6615,USC00111550,"CHICAGO NORTHERLY ISLAND, IL US",41.8558,-87.6094,2023-10-11,2023-10-11,17.8,7.8
6616,USC00111550,"CHICAGO NORTHERLY ISLAND, IL US",41.8558,-87.6094,2023-10-12,2023-10-12,15.6,11.7
6617,USC00111550,"CHICAGO NORTHERLY ISLAND, IL US",41.8558,-87.6094,2023-10-13,2023-10-13,14.4,12.2
6618,USC00111550,"CHICAGO NORTHERLY ISLAND, IL US",41.8558,-87.6094,2023-10-14,2023-10-14,12.8,10.6
6619,USC00111550,"CHICAGO NORTHERLY ISLAND, IL US",41.8558,-87.6094,2023-10-15,2023-10-15,13.9,7.8
6620,USC00111550,"CHICAGO NORTHERLY ISLAND, IL US",41.8558,-87.6094,2023-10-16,2023-10-16,12.2,8.3
6621,USC00111550,"CHICAGO NORTHERLY ISLAND, IL US",41.8558,-87.6094,2023-10-17,2023-10-17,16.7,7.2
6622,USC00111550,"CHICAGO NORTHERLY ISLAND, IL US",41.8558,-87.6094,2023-10-18,2023-10-18,18.9,8.3
6623,USC00111550,"CHICAGO NORTHERLY ISLAND, IL US",41.8558,-87.6094,2023-10-19,2023-10-19,14.4,11.7
6624,USC00111550,"CHICAGO NORTHERLY ISLAND, IL US",41.8558,-87.6094,2023-10-20,2023-10-20,14.4,11.1
6625,USC00111550,"CHICAGO NORTHERLY ISLAND, IL US",41.8558,-87.6094,2023-10-21,2023-10-21,17.2,8.3
6626,USC00111550,"CHICAGO NORTHERLY ISLAND, IL US",41.8558,-87.6094,2023-10-22,2023-10-22,12.2,6.7
6627,USC00111550,"CHICAGO NORTHERLY ISLAND, IL US",41.8558,-87.6094,2023-10-23,2023-10-23,18.9,6.7
6628,USC00111550,"CHICAGO NORTHERLY ISLAND, IL US",41.8558,-87.6094,2023-10-24,2023-10-24,27.2,15.6
6629,USC00111550,"CHICAGO NORTHERLY ISLAND, IL US",41.8558,-87.6094,2023-10-25,2023-10-25,19.4,14.4
6630,USC00111550,"CHICAGO NORTHERLY ISLAND, IL US",41.8558,-87.6094,2023-10-26,2023-10-26,21.7,17.2
6631,USC00111550,"CHICAGO NORTHERLY ISLAND, IL US",41.8558,-87.6094,2023-10-27,2023-10-27,21.1,7.2
6632,USC00111550,"CHICAGO NORTHERLY ISLAND, IL US",41.8558,-87.6094,2023-10-28,2023-10-28,10,5
6633,USC00111550,"CHICAGO NORTHERLY ISLAND, IL US",41.8558,-87.6094,2023-10-29,2023-10-29,10,3.9
6634,USC00111550,"CHICAGO NORTHERLY ISLAND, IL US",41.8558,-87.6094,2023-10-30,2023-10-30,5.6,0.6
6635,USC00111550,"CHICAGO NORTHERLY ISLAND, IL US",41.8558,-87.6094,2023-10-31,2023-10-31,2.2,-1.1
6636,USC00111550,"CHICAGO NORTHERLY ISLAND, IL US",41.8558,-87.6094,2023-11-01,2023-11-01,5,-0.6
6637,USC00111550,"CHICAGO NORTHERLY ISLAND, IL US",41.8558,-87.6094,2023-11-02,2023-11-02,12.2,1.1
6638,USC00111550,"CHICAGO NORTHERLY ISLAND, IL US",41.8558,-87.6094,2023-11-03,2023-11-03,14.4,6.7
6639,USC00111550,"CHICAGO NORTHERLY ISLAND, IL US",41.8558,-87.6094,2023-11-04,2023-11-04,13.3,6.7
6640,USC00111550,"CHICAGO NORTHERLY ISLAND, IL US",41.8558,-87.6094,2023-11-05,2023-11-05,15,6.1
6641,USC00111550,"CHICAGO NORTHERLY ISLAND, IL US",41.8558,-87.6094,2023-11-06,2023-11-06,20.6,11.7
6642,USC00111550,"CHICAGO NORTHERLY ISLAND, IL US",41.8558,-87.6094,2023-11-07,2023-11-07,13.9,7.8
6643,USC00111550,"CHICAGO NORTHERLY ISLAND, IL US",41.8558,-87.6094,2023-11-08,2023-11-08,14.4,8.3
6644,USC00111550,"CHICAGO NORTHERLY ISLAND, IL US",41.8558,-87.6094,2023-11-09,2023-11-09,13.3,6.1
6645,USC00111550,"CHICAGO NORTHERLY ISLAND, IL US",41.8558,-87.6094,2023-11-10,2023-11-10,9.4,3.9
6646,USC00111550,"CHICAGO NORTHERLY ISLAND, IL US",41.8558,-87.6094,2023-11-11,2023-11-11,10,2.8
6647,USC00111550,"CHICAGO NORTHERLY ISLAND, IL US",41.8558,-87.6094,2023-11-12,2023-11-12,14.4,5.6
6648,USC00111550,"CHICAGO NORTHERLY ISLAND, IL US",41.8558,-87.6094,2023-11-13,2023-11-13,16.7,7.2
6649,USC00111550,"CHICAGO NORTHERLY ISLAND, IL US",41.8558,-87.6094,2023-11-14,2023-11-14,16.1,5.6
6650,USC00111550,"CHICAGO NORTHERLY ISLAND, IL US",41.8558,-87.6094,2023-11-15,2023-11-15,18.3,7.2
6651,USC00111550,"CHICAGO NORTHERLY ISLAND, IL US",41.8558,-87.6094,2023-11-16,2023-11-16,18.9,8.9
6652,USC00111550,"CHICAGO NORTHERLY ISLAND, IL US",41.8558,-87.6094,2023-11-17,2023-11-17,16.7,5
6653,USC00111550,"CHICAGO NORTHERLY ISLAND, IL US",41.8558,-87.6094,2023-11-18,2023-11-18,11.7,2.2
6654,USC00111550,"CHICAGO NORTHERLY ISLAND, IL US",41.8558,-87.6094,2023-11-19,2023-11-19,11.7,5
6655,USC00111550,"CHICAGO NORTHERLY ISLAND, IL US",41.8558,-87.6094,2023-11-20,2023-11-20,9.4,5.6
6656,USC00111550,"CHICAGO NORTHERLY ISLAND, IL US",41.8558,-87.6094,2023-11-21,2023-11-21,7.2,4.4
6657,USC00111550,"CHICAGO NORTHERLY ISLAND, IL US",41.8558,-87.6094,2023-11-22,2023-11-22,7.2,2.8
6658,USC00111550,"CHICAGO NORTHERLY ISLAND, IL US",41.8558,-87.6094,2023-11-23,2023-11-23,7.8,1.7
6659,USC00111550,"CHICAGO NORTHERLY ISLAND, IL US",41.8558,-87.6094,2023-11-24,2023-11-24,4.4,-0.6
6660,USC00111550,"CHICAGO NORTHERLY ISLAND, IL US",41.8558,-87.6094,2023-11-25,2023-11-25,3.9,-1.1
6661,USC00111550,"CHICAGO NORTHERLY ISLAND, IL US",41.8558,-87.6094,2023-11-26,2023-11-26,1.1,-1.7
6662,USC00111550,"CHICAGO NORTHERLY ISLAND, IL US",41.8558,-87.6094,2023-11-27,2023-11-27,-1.1,-7.2
6663,USC00111550,"CHICAGO NORTHERLY ISLAND, IL US",41.8558,-87.6094,2023-11-28,2023-11-28,-3.3,-8.9
6664,USC00111550,"CHICAGO NORTHERLY ISLAND, IL US",41.8558,-87.6094,2023-11-29,2023-11-29,5.6,-5.6
6665,USC00111550,"CHICAGO NORTHERLY ISLAND, IL US",41.8558,-87.6094,2023-11-30,2023-11-30,11.7,1.1
6666,USC00111550,"CHICAGO NORTHERLY ISLAND, IL US",41.8558,-87.6094,2023-12-01,2023-12-01,6.7,5
6667,USC00111550,"CHICAGO NORTHERLY ISLAND, IL US",41.8558,-87.6094,2023-12-02,2023-12-02,5.6,4.4
6668,USC00111550,"CHICAGO NORTHERLY ISLAND, IL US",41.8558,-87.6094,2023-12-03,2023-12-03,5,2.8
6669,USC00111550,"CHICAGO NORTHERLY ISLAND, IL US",41.8558,-87.6094,2023-12-04,2023-12-04,4.4,2.2
6670,USC00111550,"CHICAGO NORTHERLY ISLAND, IL US",41.8558,-87.6094,2023-12-05,2023-12-05,4.4,0.6
6671,USC00111550,"CHICAGO NORTHERLY ISLAND, IL US",41.8558,-87.6094,2023-12-06,2023-12-06,4.4,1.1
6672,USC00111550,"CHICAGO NORTHERLY ISLAND, IL US",41.8558,-87.6094,2023-12-07,2023-12-07,11.1,2.2
6673,USC00111550,"CHICAGO NORTHERLY ISLAND, IL US",41.8558,-87.6094,2023-12-08,2023-12-08,12.8,7.2
6674,USC00111550,"CHICAGO NORTHERLY ISLAND, IL US",41.8558,-87.6094,2023-12-09,2023-12-09,13.3,1.7
6675,USC00111550,"CHICAGO NORTHERLY ISLAND, IL US",41.8558,-87.6094,2023-12-10,2023-12-10,2.2,-1.1
6676,USC00111550,"CHICAGO NORTHERLY ISLAND, IL US",41.8558,-87.6094,2023-12-11,2023-12-11,2.2,-2.2
6677,USC00111550,"CHICAGO NORTHERLY ISLAND, IL US",41.8558,-87.6094,2023-12-12,2023-12-12,3.9,-0.6
6678,USC00111550,"CHICAGO NORTHERLY ISLAND, IL US",41.8558,-87.6094,2023-12-13,2023-12-13,5.6,-2.2
6679,USC00111550,"CHICAGO NORTHERLY ISLAND, IL US",41.8558,-87.6094,2023-12-14,2023-12-14,10.6,1.1
6680,USC00111550,"CHICAGO NORTHERLY ISLAND, IL US",41.8558,-87.6094,2023-12-15,2023-12-15,12.2,3.9
6681,USC00111550,"CHICAGO NORTHERLY ISLAND, IL US",41.8558,-87.6094,2023-12-16,2023-12-16,6.7,4.4
6682,USC00111550,"CHICAGO NORTHERLY ISLAND, IL US",41.8558,-87.6094,2023-12-17,2023-12-17,6.7,2.2
6683,USC00111550,"CHICAGO NORTHERLY ISLAND, IL US",41.8558,-87.6094,2023-12-18,2023-12-18,2.8,-5
6684,USC00111550,"CHICAGO NORTHERLY ISLAND, IL US",41.8558,-87.6094,2023-12-19,2023-12-19,0.6,-6.7
6685,USC00111550,"CHICAGO NORTHERLY ISLAND, IL US",41.8558,-87.6094,2023-12-20,2023-12-20,6.7,0
6686,USC00111550,"CHICAGO NORTHERLY ISLAND, IL US",41.8558,-87.6094,2023-12-21,2023-12-21,5.6,1.7
6687,USC00111550,"CHICAGO NORTHERLY ISLAND, IL US",41.8558,-87.6094,2023-12-22,2023-12-22,7.2,3.9
6688,USC00111550,"CHICAGO NORTHERLY ISLAND, IL US",41.8558,-87.6094,2023-12-23,2023-12-23,7.8,5
6689,USC00111550,"CHICAGO NORTHERLY ISLAND, IL US",41.8558,-87.6094,2023-12-24,2023-12-24,10,6.1
6690,USC00111550,"CHICAGO NORTHERLY ISLAND, IL US",41.8558,-87.6094,2023-12-25,2023-12-25,11.1,6.1
6691,USC00111550,"CHICAGO NORTHERLY ISLAND, IL US",41.8558,-87.6094,2023-12-26,2023-12-26,10.6,0.6
6692,USC00111550,"CHICAGO NORTHERLY ISLAND, IL US",41.8558,-87.6094,2023-12-27,2023-12-27,5,0.6
6693,USC00111550,"CHICAGO NORTHERLY ISLAND, IL US",41.8558,-87.6094,2023-12-28,2023-12-28,5.6,2.8
6694,USC00111550,"CHICAGO NORTHERLY ISLAND, IL US",41.8558,-87.6094,2023-12-29,2023-12-29,5,1.1
6695,USC00111550,"CHICAGO NORTHERLY ISLAND, IL US",41.8558,-87.6094,2023-12-30,2023-12-30,3.3,-1.7
6696,USC00111550,"CHICAGO NORTHERLY ISLAND, IL US",41.8558,-87.6094,2023-12-31,2023-12-31,2.8,-0.6
6697,USW00094846,"CHICAGO OHARE INTERNATIONAL AIRPORT, IL US",41.96017,-87.93164,2023-01-01,2023-01-01,7.2,2.8
6698,USW00094846,"CHICAGO OHARE INTERNATIONAL AIRPORT, IL US",41.96017,-87.93164,2023-01-02,2023-01-02,6.1,0
6699,USW00094846,"CHICAGO OHARE INTERNATIONAL AIRPORT, IL US",41.96017,-87.93164,2023-01-03,2023-01-03,8.9,3.9
6700,USW00094846,"CHICAGO OHARE INTERNATIONAL AIRPORT, IL US",41.96017,-87.93164,2023-01-04,2023-01-04,6.7,0.6
6701,USW00094846,"CHICAGO OHARE INTERNATIONAL AIRPORT, IL US",41.96017,-87.93164,2023-01-05,2023-01-05,1.1,0
6702,USW00094846,"CHICAGO OHARE INTERNATIONAL AIRPORT, IL US",41.96017,-87.93164,2023-01-06,2023-01-06,1.1,-3.8
6703,USW00094846,"CHICAGO OHARE INTERNATIONAL AIRPORT, IL US",41.96017,-87.93164,2023-01-07,2023-01-07,0,-2.7
6704,USW00094846,"CHICAGO OHARE INTERNATIONAL AIRPORT, IL US",41.96017,-87.93164,2023-01-08,2023-01-08,0.6,-3.2
6705,USW00094846,"CHICAGO OHARE INTERNATIONAL AIRPORT, IL US",41.96017,-87.93164,2023-01-09,2023-01-09,6.7,-3.8
6706,USW00094846,"CHICAGO OHARE INTERNATIONAL AIRPORT, IL US",41.96017,-87.93164,2023-01-10,2023-01-10,10,1.1
6707,USW00094846,"CHICAGO OHARE INTERNATIONAL AIRPORT, IL US",41.96017,-87.93164,2023-01-11,2023-01-11,13.9,3.3
6708,USW00094846,"CHICAGO OHARE INTERNATIONAL AIRPORT, IL US",41.96017,-87.93164,2023-01-12,2023-01-12,6.1,2.2
6709,USW00094846,"CHICAGO OHARE INTERNATIONAL AIRPORT, IL US",41.96017,-87.93164,2023-01-13,2023-01-13,2.2,-3.2
6710,USW00094846,"CHICAGO OHARE INTERNATIONAL AIRPORT, IL US",41.96017,-87.93164,2023-01-14,2023-01-14,-0.5,-4.3
6711,USW00094846,"CHICAGO OHARE INTERNATIONAL AIRPORT, IL US",41.96017,-87.93164,2023-01-15,2023-01-15,6.7,-3.2
6712,USW00094846,"CHICAGO OHARE INTERNATIONAL AIRPORT, IL US",41.96017,-87.93164,2023-01-16,2023-01-16,11.1,4.4
6713,USW00094846,"CHICAGO OHARE INTERNATIONAL AIRPORT, IL US",41.96017,-87.93164,2023-01-17,2023-01-17,9.4,2.8
6714,USW00094846,"CHICAGO OHARE INTERNATIONAL AIRPORT, IL US",41.96017,-87.93164,2023-01-18,2023-01-18,5,2.2
6715,USW00094846,"CHICAGO OHARE INTERNATIONAL AIRPORT, IL US",41.96017,-87.93164,2023-01-19,2023-01-19,5.6,1.1
6716,USW00094846,"CHICAGO OHARE INTERNATIONAL AIRPORT, IL US",41.96017,-87.93164,2023-01-20,2023-01-20,1.7,-1.6
6717,USW00094846,"CHICAGO OHARE INTERNATIONAL AIRPORT, IL US",41.96017,-87.93164,2023-01-21,2023-01-21,0,-2.1
6718,USW00094846,"CHICAGO OHARE INTERNATIONAL AIRPORT, IL US",41.96017,-87.93164,2023-01-22,2023-01-22,1.1,-3.2
6719,USW00094846,"CHICAGO OHARE INTERNATIONAL AIRPORT, IL US",41.96017,-87.93164,2023-01-23,2023-01-23,-1,-6
6720,USW00094846,"CHICAGO OHARE INTERNATIONAL AIRPORT, IL US",41.96017,-87.93164,2023-01-24,2023-01-24,2.2,-2.1
6721,USW00094846,"CHICAGO OHARE INTERNATIONAL AIRPORT, IL US",41.96017,-87.93164,2023-01-25,2023-01-25,1.1,-0.5
6722,USW00094846,"CHICAGO OHARE INTERNATIONAL AIRPORT, IL US",41.96017,-87.93164,2023-01-26,2023-01-26,0,-9.3
6723,USW00094846,"CHICAGO OHARE INTERNATIONAL AIRPORT, IL US",41.96017,-87.93164,2023-01-27,2023-01-27,2.2,-10.5
6724,USW00094846,"CHICAGO OHARE INTERNATIONAL AIRPORT, IL US",41.96017,-87.93164,2023-01-28,2023-01-28,-0.5,-7.1
6725,USW00094846,"CHICAGO OHARE INTERNATIONAL AIRPORT, IL US",41.96017,-87.93164,2023-01-29,2023-01-29,-0.5,-7.7
6726,USW00094846,"CHICAGO OHARE INTERNATIONAL AIRPORT, IL US",41.96017,-87.93164,2023-01-30,2023-01-30,-7.7,-14.9
6727,USW00094846,"CHICAGO OHARE INTERNATIONAL AIRPORT, IL US",41.96017,-87.93164,2023-01-31,2023-01-31,-11,-18.2
6728,USW00094846,"CHICAGO OHARE INTERNATIONAL AIRPORT, IL US",41.96017,-87.93164,2023-02-01,2023-02-01,-2.7,-14.3
6729,USW00094846,"CHICAGO OHARE INTERNATIONAL AIRPORT, IL US",41.96017,-87.93164,2023-02-02,2023-02-02,0.6,-12.1
6730,USW00094846,"CHICAGO OHARE INTERNATIONAL AIRPORT, IL US",41.96017,-87.93164,2023-02-03,2023-02-03,-11.6,-18.2
6731,USW00094846,"CHICAGO OHARE INTERNATIONAL AIRPORT, IL US",41.96017,-87.93164,2023-02-04,2023-02-04,5.6,-11.6
6732,USW00094846,"CHICAGO OHARE INTERNATIONAL AIRPORT, IL US",41.96017,-87.93164,2023-02-05,2023-02-05,5,-2.1
6733,USW00094846,"CHICAGO OHARE INTERNATIONAL AIRPORT, IL US",41.96017,-87.93164,2023-02-06,2023-02-06,8.3,-4.9
6734,USW00094846,"CHICAGO OHARE INTERNATIONAL AIRPORT, IL US",41.96017,-87.93164,2023-02-07,2023-02-07,10.6,0
6735,USW00094846,"CHICAGO OHARE INTERNATIONAL AIRPORT, IL US",41.96017,-87.93164,2023-02-08,2023-02-08,6.7,-2.7
6736,USW00094846,"CHICAGO OHARE INTERNATIONAL AIRPORT, IL US",41.96017,-87.93164,2023-02-09,2023-02-09,5.6,2.2
6737,USW00094846,"CHICAGO OHARE INTERNATIONAL AIRPORT, IL US",41.96017,-87.93164,2023-02-10,2023-02-10,3.3,-2.7
6738,USW00094846,"CHICAGO OHARE INTERNATIONAL AIRPORT, IL US",41.96017,-87.93164,2023-02-11,2023-02-11,8.3,-4.9
6739,USW00094846,"CHICAGO OHARE INTERNATIONAL AIRPORT, IL US",41.96017,-87.93164,2023-02-12,2023-02-12,11.1,-1
6740,USW00094846,"CHICAGO OHARE INTERNATIONAL AIRPORT, IL US",41.96017,-87.93164,2023-02-13,2023-02-13,11.1,1.1
6741,USW00094846,"CHICAGO OHARE INTERNATIONAL AIRPORT, IL US",41.96017,-87.93164,2023-02-14,2023-02-14,12.8,0.6
6742,USW00094846,"CHICAGO OHARE INTERNATIONAL AIRPORT, IL US",41.96017,-87.93164,2023-02-15,2023-02-15,10.6,1.1
6743,USW00094846,"CHICAGO OHARE INTERNATIONAL AIRPORT, IL US",41.96017,-87.93164,2023-02-16,2023-02-16,1.7,-4.3
6744,USW00094846,"CHICAGO OHARE INTERNATIONAL AIRPORT, IL US",41.96017,-87.93164,2023-02-17,2023-02-17,-3.2,-8.2
6745,USW00094846,"CHICAGO OHARE INTERNATIONAL AIRPORT, IL US",41.96017,-87.93164,2023-02-18,2023-02-18,6.7,-3.8
6746,USW00094846,"CHICAGO OHARE INTERNATIONAL AIRPORT, IL US",41.96017,-87.93164,2023-02-19,2023-02-19,10.6,3.3
6747,USW00094846,"CHICAGO OHARE INTERNATIONAL AIRPORT, IL US",41.96017,-87.93164,2023-02-20,2023-02-20,8.9,-1.6
6748,USW00094846,"CHICAGO OHARE INTERNATIONAL AIRPORT, IL US",41.96017,-87.93164,2023-02-21,2023-02-21,4.4,-4.3
6749,USW00094846,"CHICAGO OHARE INTERNATIONAL AIRPORT, IL US",41.96017,-87.93164,2023-02-22,2023-02-22,2.2,0.6
6750,USW00094846,"CHICAGO OHARE INTERNATIONAL AIRPORT, IL US",41.96017,-87.93164,2023-02-23,2023-02-23,4.4,-4.9
6751,USW00094846,"CHICAGO OHARE INTERNATIONAL AIRPORT, IL US",41.96017,-87.93164,2023-02-24,2023-02-24,-1.6,-7.7
6752,USW00094846,"CHICAGO OHARE INTERNATIONAL AIRPORT, IL US",41.96017,-87.93164,2023-02-25,2023-02-25,3.3,-3.2
6753,USW00094846,"CHICAGO OHARE INTERNATIONAL AIRPORT, IL US",41.96017,-87.93164,2023-02-26,2023-02-26,11.1,-2.1
6754,USW00094846,"CHICAGO OHARE INTERNATIONAL AIRPORT, IL US",41.96017,-87.93164,2023-02-27,2023-02-27,14.4,3.3
6755,USW00094846,"CHICAGO OHARE INTERNATIONAL AIRPORT, IL US",41.96017,-87.93164,2023-02-28,2023-02-28,11.1,3.3
6756,USW00094846,"CHICAGO OHARE INTERNATIONAL AIRPORT, IL US",41.96017,-87.93164,2023-03-01,2023-03-01,13.3,3.3
6757,USW00094846,"CHICAGO OHARE INTERNATIONAL AIRPORT, IL US",41.96017,-87.93164,2023-03-02,2023-03-02,4.4,0.6
6758,USW00094846,"CHICAGO OHARE INTERNATIONAL AIRPORT, IL US",41.96017,-87.93164,2023-03-03,2023-03-03,3.3,0.6
6759,USW00094846,"CHICAGO OHARE INTERNATIONAL AIRPORT, IL US",41.96017,-87.93164,2023-03-04,2023-03-04,10,-1.6
6760,USW00094846,"CHICAGO OHARE INTERNATIONAL AIRPORT, IL US",41.96017,-87.93164,2023-03-05,2023-03-05,10,-0.5
6761,USW00094846,"CHICAGO OHARE INTERNATIONAL AIRPORT, IL US",41.96017,-87.93164,2023-03-06,2023-03-06,12.8,4.4
6762,USW00094846,"CHICAGO OHARE INTERNATIONAL AIRPORT, IL US",41.96017,-87.93164,2023-03-07,2023-03-07,7.2,2.2
6763,USW00094846,"CHICAGO OHARE INTERNATIONAL AIRPORT, IL US",41.96017,-87.93164,2023-03-08,2023-03-08,8.3,2.2
6764,USW00094846,"CHICAGO OHARE INTERNATIONAL AIRPORT, IL US",41.96017,-87.93164,2023-03-09,2023-03-09,4.4,0.6
6765,USW00094846,"CHICAGO OHARE INTERNATIONAL AIRPORT, IL US",41.96017,-87.93164,2023-03-10,2023-03-10,2.8,0.6
6766,USW00094846,"CHICAGO OHARE INTERNATIONAL AIRPORT, IL US",41.96017,-87.93164,2023-03-11,2023-03-11,3.9,0
6767,USW00094846,"CHICAGO OHARE INTERNATIONAL AIRPORT, IL US",41.96017,-87.93164,2023-03-12,2023-03-12,2.8,-1
6768,USW00094846,"CHICAGO OHARE INTERNATIONAL AIRPORT, IL US",41.96017,-87.93164,2023-03-13,2023-03-13,0.6,-3.2
6769,USW00094846,"CHICAGO OHARE INTERNATIONAL AIRPORT, IL US",41.96017,-87.93164,2023-03-14,2023-03-14,3.3,-6.6
6770,USW00094846,"CHICAGO OHARE INTERNATIONAL AIRPORT, IL US",41.96017,-87.93164,2023-03-15,2023-03-15,10,-4.9
6771,USW00094846,"CHICAGO OHARE INTERNATIONAL AIRPORT, IL US",41.96017,-87.93164,2023-03-16,2023-03-16,10,5
6772,USW00094846,"CHICAGO OHARE INTERNATIONAL AIRPORT, IL US",41.96017,-87.93164,2023-03-17,2023-03-17,8.3,-6
6773,USW00094846,"CHICAGO OHARE INTERNATIONAL AIRPORT, IL US",41.96017,-87.93164,2023-03-18,2023-03-18,-3.8,-11
6774,USW00094846,"CHICAGO OHARE INTERNATIONAL AIRPORT, IL US",41.96017,-87.93164,2023-03-19,2023-03-19,4.4,-7.1
6775,USW00094846,"CHICAGO OHARE INTERNATIONAL AIRPORT, IL US",41.96017,-87.93164,2023-03-20,2023-03-20,11.1,-1
6776,USW00094846,"CHICAGO OHARE INTERNATIONAL AIRPORT, IL US",41.96017,-87.93164,2023-03-21,2023-03-21,12.2,2.8
6777,USW00094846,"CHICAGO OHARE INTERNATIONAL AIRPORT, IL US",41.96017,-87.93164,2023-03-22,2023-03-22,11.7,4.4
6778,USW00094846,"CHICAGO OHARE INTERNATIONAL AIRPORT, IL US",41.96017,-87.93164,2023-03-23,2023-03-23,8.9,2.2
6779,USW00094846,"CHICAGO OHARE INTERNATIONAL AIRPORT, IL US",41.96017,-87.93164,2023-03-24,2023-03-24,7.2,1.7
6780,USW00094846,"CHICAGO OHARE INTERNATIONAL AIRPORT, IL US",41.96017,-87.93164,2023-03-25,2023-03-25,6.7,1.1
6781,USW00094846,"CHICAGO OHARE INTERNATIONAL AIRPORT, IL US",41.96017,-87.93164,2023-03-26,2023-03-26,8.9,1.1
6782,USW00094846,"CHICAGO OHARE INTERNATIONAL AIRPORT, IL US",41.96017,-87.93164,2023-03-27,2023-03-27,7.8,0
6783,USW00094846,"CHICAGO OHARE INTERNATIONAL AIRPORT, IL US",41.96017,-87.93164,2023-03-28,2023-03-28,10.6,-1
6784,USW00094846,"CHICAGO OHARE INTERNATIONAL AIRPORT, IL US",41.96017,-87.93164,2023-03-29,2023-03-29,5.6,-1.6
6785,USW00094846,"CHICAGO OHARE INTERNATIONAL AIRPORT, IL US",41.96017,-87.93164,2023-03-30,2023-03-30,13.9,-2.7
6786,USW00094846,"CHICAGO OHARE INTERNATIONAL AIRPORT, IL US",41.96017,-87.93164,2023-03-31,2023-03-31,21.1,9.4
6787,USW00094846,"CHICAGO OHARE INTERNATIONAL AIRPORT, IL US",41.96017,-87.93164,2023-04-01,2023-04-01,8.9,0
6788,USW00094846,"CHICAGO OHARE INTERNATIONAL AIRPORT, IL US",41.96017,-87.93164,2023-04-02,2023-04-02,13.3,-1
6789,USW00094846,"CHICAGO OHARE INTERNATIONAL AIRPORT, IL US",41.96017,-87.93164,2023-04-03,2023-04-03,17.8,6.7
6790,USW00094846,"CHICAGO OHARE INTERNATIONAL AIRPORT, IL US",41.96017,-87.93164,2023-04-04,2023-04-04,20.6,6.7
6791,USW00094846,"CHICAGO OHARE INTERNATIONAL AIRPORT, IL US",41.96017,-87.93164,2023-04-05,2023-04-05,22.2,3.3
6792,USW00094846,"CHICAGO OHARE INTERNATIONAL AIRPORT, IL US",41.96017,-87.93164,2023-04-06,2023-04-06,11.1,0
6793,USW00094846,"CHICAGO OHARE INTERNATIONAL AIRPORT, IL US",41.96017,-87.93164,2023-04-07,2023-04-07,9.4,1.7
6794,USW00094846,"CHICAGO OHARE INTERNATIONAL AIRPORT, IL US",41.96017,-87.93164,2023-04-08,2023-04-08,17.2,2.2
6795,USW00094846,"CHICAGO OHARE INTERNATIONAL AIRPORT, IL US",41.96017,-87.93164,2023-04-09,2023-04-09,20,5
6796,USW00094846,"CHICAGO OHARE INTERNATIONAL AIRPORT, IL US",41.96017,-87.93164,2023-04-10,2023-04-10,21.7,9.4
6797,USW00094846,"CHICAGO OHARE INTERNATIONAL AIRPORT, IL US",41.96017,-87.93164,2023-04-11,2023-04-11,26.1,11.1
6798,USW00094846,"CHICAGO OHARE INTERNATIONAL AIRPORT, IL US",41.96017,-87.93164,2023-04-12,2023-04-12,27.8,13.9
6799,USW00094846,"CHICAGO OHARE INTERNATIONAL AIRPORT, IL US",41.96017,-87.93164,2023-04-13,2023-04-13,28.3,13.9
6800,USW00094846,"CHICAGO OHARE INTERNATIONAL AIRPORT, IL US",41.96017,-87.93164,2023-04-14,2023-04-14,28.3,13.3
6801,USW00094846,"CHICAGO OHARE INTERNATIONAL AIRPORT, IL US",41.96017,-87.93164,2023-04-15,2023-04-15,28.3,17.8
6802,USW00094846,"CHICAGO OHARE INTERNATIONAL AIRPORT, IL US",41.96017,-87.93164,2023-04-16,2023-04-16,17.8,1.1
6803,USW00094846,"CHICAGO OHARE INTERNATIONAL AIRPORT, IL US",41.96017,-87.93164,2023-04-17,2023-04-17,3.9,0
6804,USW00094846,"CHICAGO OHARE INTERNATIONAL AIRPORT, IL US",41.96017,-87.93164,2023-04-18,2023-04-18,14.4,0.6
6805,USW00094846,"CHICAGO OHARE INTERNATIONAL AIRPORT, IL US",41.96017,-87.93164,2023-04-19,2023-04-19,17.8,5.6
6806,USW00094846,"CHICAGO OHARE INTERNATIONAL AIRPORT, IL US",41.96017,-87.93164,2023-04-20,2023-04-20,26.1,8.9
6807,USW00094846,"CHICAGO OHARE INTERNATIONAL AIRPORT, IL US",41.96017,-87.93164,2023-04-21,2023-04-21,17.2,6.7
6808,USW00094846,"CHICAGO OHARE INTERNATIONAL AIRPORT, IL US",41.96017,-87.93164,2023-04-22,2023-04-22,8.3,1.7
6809,USW00094846,"CHICAGO OHARE INTERNATIONAL AIRPORT, IL US",41.96017,-87.93164,2023-04-23,2023-04-23,5.6,2.2
6810,USW00094846,"CHICAGO OHARE INTERNATIONAL AIRPORT, IL US",41.96017,-87.93164,2023-04-24,2023-04-24,12.2,2.2
6811,USW00094846,"CHICAGO OHARE INTERNATIONAL AIRPORT, IL US",41.96017,-87.93164,2023-04-25,2023-04-25,7.8,1.7
6812,USW00094846,"CHICAGO OHARE INTERNATIONAL AIRPORT, IL US",41.96017,-87.93164,2023-04-26,2023-04-26,11.1,-0.5
6813,USW00094846,"CHICAGO OHARE INTERNATIONAL AIRPORT, IL US",41.96017,-87.93164,2023-04-27,2023-04-27,19.4,2.8
6814,USW00094846,"CHICAGO OHARE INTERNATIONAL AIRPORT, IL US",41.96017,-87.93164,2023-04-28,2023-04-28,17.2,7.2
6815,USW00094846,"CHICAGO OHARE INTERNATIONAL AIRPORT, IL US",41.96017,-87.93164,2023-04-29,2023-04-29,15,6.1
6816,USW00094846,"CHICAGO OHARE INTERNATIONAL AIRPORT, IL US",41.96017,-87.93164,2023-04-30,2023-04-30,8.9,4.4
6817,USW00094846,"CHICAGO OHARE INTERNATIONAL AIRPORT, IL US",41.96017,-87.93164,2023-05-01,2023-05-01,10,4.4
6818,USW00094846,"CHICAGO OHARE INTERNATIONAL AIRPORT, IL US",41.96017,-87.93164,2023-05-02,2023-05-02,12.2,5.6
6819,USW00094846,"CHICAGO OHARE INTERNATIONAL AIRPORT, IL US",41.96017,-87.93164,2023-05-03,2023-05-03,15,3.3
6820,USW00094846,"CHICAGO OHARE INTERNATIONAL AIRPORT, IL US",41.96017,-87.93164,2023-05-04,2023-05-04,22.2,5.6
6821,USW00094846,"CHICAGO OHARE INTERNATIONAL AIRPORT, IL US",41.96017,-87.93164,2023-05-05,2023-05-05,25.6,12.8
6822,USW00094846,"CHICAGO OHARE INTERNATIONAL AIRPORT, IL US",41.96017,-87.93164,2023-05-06,2023-05-06,25.6,15
6823,USW00094846,"CHICAGO OHARE INTERNATIONAL AIRPORT, IL US",41.96017,-87.93164,2023-05-07,2023-05-07,30.6,14.4
6824,USW00094846,"CHICAGO OHARE INTERNATIONAL AIRPORT, IL US",41.96017,-87.93164,2023-05-08,2023-05-08,15.6,10.6
6825,USW00094846,"CHICAGO OHARE INTERNATIONAL AIRPORT, IL US",41.96017,-87.93164,2023-05-09,2023-05-09,21.1,7.8
6826,USW00094846,"CHICAGO OHARE INTERNATIONAL AIRPORT, IL US",41.96017,-87.93164,2023-05-10,2023-05-10,27.2,9.4
6827,USW00094846,"CHICAGO OHARE INTERNATIONAL AIRPORT, IL US",41.96017,-87.93164,2023-05-11,2023-05-11,28.9,12.8
6828,USW00094846,"CHICAGO OHARE INTERNATIONAL AIRPORT, IL US",41.96017,-87.93164,2023-05-12,2023-05-12,25,13.9
6829,USW00094846,"CHICAGO OHARE INTERNATIONAL AIRPORT, IL US",41.96017,-87.93164,2023-05-13,2023-05-13,21.1,13.3
6830,USW00094846,"CHICAGO OHARE INTERNATIONAL AIRPORT, IL US",41.96017,-87.93164,2023-05-14,2023-05-14,17.2,11.1
6831,USW00094846,"CHICAGO OHARE INTERNATIONAL AIRPORT, IL US",41.96017,-87.93164,2023-05-15,2023-05-15,20,10.6
6832,USW00094846,"CHICAGO OHARE INTERNATIONAL AIRPORT, IL US",41.96017,-87.93164,2023-05-16,2023-05-16,27.2,10.6
6833,USW00094846,"CHICAGO OHARE INTERNATIONAL AIRPORT, IL US",41.96017,-87.93164,2023-05-17,2023-05-17,16.1,7.2
6834,USW00094846,"CHICAGO OHARE INTERNATIONAL AIRPORT, IL US",41.96017,-87.93164,2023-05-18,2023-05-18,23.9,6.7
6835,USW00094846,"CHICAGO OHARE INTERNATIONAL AIRPORT, IL US",41.96017,-87.93164,2023-05-19,2023-05-19,24.4,12.2
6836,USW00094846,"CHICAGO OHARE INTERNATIONAL AIRPORT, IL US",41.96017,-87.93164,2023-05-20,2023-05-20,22.8,8.3
6837,USW00094846,"CHICAGO OHARE INTERNATIONAL AIRPORT, IL US",41.96017,-87.93164,2023-05-21,2023-05-21,27.2,12.2
6838,USW00094846,"CHICAGO OHARE INTERNATIONAL AIRPORT, IL US",41.96017,-87.93164,2023-05-22,2023-05-22,28.3,12.8
6839,USW00094846,"CHICAGO OHARE INTERNATIONAL AIRPORT, IL US",41.96017,-87.93164,2023-05-23,2023-05-23,30,13.9
6840,USW00094846,"CHICAGO OHARE INTERNATIONAL AIRPORT, IL US",41.96017,-87.93164,2023-05-24,2023-05-24,19.4,11.1
6841,USW00094846,"CHICAGO OHARE INTERNATIONAL AIRPORT, IL US",41.96017,-87.93164,2023-05-25,2023-05-25,16.7,7.8
6842,USW00094846,"CHICAGO OHARE INTERNATIONAL AIRPORT, IL US",41.96017,-87.93164,2023-05-26,2023-05-26,21.1,7.2
6843,USW00094846,"CHICAGO OHARE INTERNATIONAL AIRPORT, IL US",41.96017,-87.93164,2023-05-27,2023-05-27,23.3,8.3
6844,USW00094846,"CHICAGO OHARE INTERNATIONAL AIRPORT, IL US",41.96017,-87.93164,2023-05-28,2023-05-28,26.7,11.7
6845,USW00094846,"CHICAGO OHARE INTERNATIONAL AIRPORT, IL US",41.96017,-87.93164,2023-05-29,2023-05-29,30,11.7
6846,USW00094846,"CHICAGO OHARE INTERNATIONAL AIRPORT, IL US",41.96017,-87.93164,2023-05-30,2023-05-30,32.8,15
6847,USW00094846,"CHICAGO OHARE INTERNATIONAL AIRPORT, IL US",41.96017,-87.93164,2023-05-31,2023-05-31,32.8,20.6
6848,USW00094846,"CHICAGO OHARE INTERNATIONAL AIRPORT, IL US",41.96017,-87.93164,2023-06-01,2023-06-01,32.8,20
6849,USW00094846,"CHICAGO OHARE INTERNATIONAL AIRPORT, IL US",41.96017,-87.93164,2023-06-02,2023-06-02,32.8,18.3
6850,USW00094846,"CHICAGO OHARE INTERNATIONAL AIRPORT, IL US",41.96017,-87.93164,2023-06-03,2023-06-03,30.6,17.2
6851,USW00094846,"CHICAGO OHARE INTERNATIONAL AIRPORT, IL US",41.96017,-87.93164,2023-06-04,2023-06-04,25,15
6852,USW00094846,"CHICAGO OHARE INTERNATIONAL AIRPORT, IL US",41.96017,-87.93164,2023-06-05,2023-06-05,28.9,13.3
6853,USW00094846,"CHICAGO OHARE INTERNATIONAL AIRPORT, IL US",41.96017,-87.93164,2023-06-06,2023-06-06,25,16.1
6854,USW00094846,"CHICAGO OHARE INTERNATIONAL AIRPORT, IL US",41.96017,-87.93164,2023-06-07,2023-06-07,23.9,12.8
6855,USW00094846,"CHICAGO OHARE INTERNATIONAL AIRPORT, IL US",41.96017,-87.93164,2023-06-08,2023-06-08,23.9,10.6
6856,USW00094846,"CHICAGO OHARE INTERNATIONAL AIRPORT, IL US",41.96017,-87.93164,2023-06-09,2023-06-09,28.3,12.8
6857,USW00094846,"CHICAGO OHARE INTERNATIONAL AIRPORT, IL US",41.96017,-87.93164,2023-06-10,2023-06-10,30,16.7
6858,USW00094846,"CHICAGO OHARE INTERNATIONAL AIRPORT, IL US",41.96017,-87.93164,2023-06-11,2023-06-11,17.8,10
6859,USW00094846,"CHICAGO OHARE INTERNATIONAL AIRPORT, IL US",41.96017,-87.93164,2023-06-12,2023-06-12,21.1,9.4
6860,USW00094846,"CHICAGO OHARE INTERNATIONAL AIRPORT, IL US",41.96017,-87.93164,2023-06-13,2023-06-13,18.3,12.8
6861,USW00094846,"CHICAGO OHARE INTERNATIONAL AIRPORT, IL US",41.96017,-87.93164,2023-06-14,2023-06-14,25,15
6862,USW00094846,"CHICAGO OHARE INTERNATIONAL AIRPORT, IL US",41.96017,-87.93164,2023-06-15,2023-06-15,26.7,11.7
6863,USW00094846,"CHICAGO OHARE INTERNATIONAL AIRPORT, IL US",41.96017,-87.93164,2023-06-16,2023-06-16,20,11.1
6864,USW00094846,"CHICAGO OHARE INTERNATIONAL AIRPORT, IL US",41.96017,-87.93164,2023-06-17,2023-06-17,27.2,11.7
6865,USW00094846,"CHICAGO OHARE INTERNATIONAL AIRPORT, IL US",41.96017,-87.93164,2023-06-18,2023-06-18,30,15.6
6866,USW00094846,"CHICAGO OHARE INTERNATIONAL AIRPORT, IL US",41.96017,-87.93164,2023-06-19,2023-06-19,30.6,16.1
6867,USW00094846,"CHICAGO OHARE INTERNATIONAL AIRPORT, IL US",41.96017,-87.93164,2023-06-20,2023-06-20,28.3,15.6
6868,USW00094846,"CHICAGO OHARE INTERNATIONAL AIRPORT, IL US",41.96017,-87.93164,2023-06-21,2023-06-21,31.1,16.1
6869,USW00094846,"CHICAGO OHARE INTERNATIONAL AIRPORT, IL US",41.96017,-87.93164,2023-06-22,2023-06-22,30,18.9
6870,USW00094846,"CHICAGO OHARE INTERNATIONAL AIRPORT, IL US",41.96017,-87.93164,2023-06-23,2023-06-23,30,18.3
6871,USW00094846,"CHICAGO OHARE INTERNATIONAL AIRPORT, IL US",41.96017,-87.93164,2023-06-24,2023-06-24,33.9,18.9
6872,USW00094846,"CHICAGO OHARE INTERNATIONAL AIRPORT, IL US",41.96017,-87.93164,2023-06-25,2023-06-25,30,20
6873,USW00094846,"CHICAGO OHARE INTERNATIONAL AIRPORT, IL US",41.96017,-87.93164,2023-06-26,2023-06-26,23.9,20
6874,USW00094846,"CHICAGO OHARE INTERNATIONAL AIRPORT, IL US",41.96017,-87.93164,2023-06-27,2023-06-27,25.6,17.2
6875,USW00094846,"CHICAGO OHARE INTERNATIONAL AIRPORT, IL US",41.96017,-87.93164,2023-06-28,2023-06-28,29.4,14.4
6876,USW00094846,"CHICAGO OHARE INTERNATIONAL AIRPORT, IL US",41.96017,-87.93164,2023-06-29,2023-06-29,31.1,22.2
6877,USW00094846,"CHICAGO OHARE INTERNATIONAL AIRPORT, IL US",41.96017,-87.93164,2023-06-30,2023-06-30,32.8,22.2
6878,USW00094846,"CHICAGO OHARE INTERNATIONAL AIRPORT, IL US",41.96017,-87.93164,2023-07-01,2023-07-01,30,22.2
6879,USW00094846,"CHICAGO OHARE INTERNATIONAL AIRPORT, IL US",41.96017,-87.93164,2023-07-02,2023-07-02,22.8,18.9
6880,USW00094846,"CHICAGO OHARE INTERNATIONAL AIRPORT, IL US",41.96017,-87.93164,2023-07-03,2023-07-03,31.1,17.8
6881,USW00094846,"CHICAGO OHARE INTERNATIONAL AIRPORT, IL US",41.96017,-87.93164,2023-07-04,2023-07-04,33.3,21.1
6882,USW00094846,"CHICAGO OHARE INTERNATIONAL AIRPORT, IL US",41.96017,-87.93164,2023-07-05,2023-07-05,32.8,21.7
6883,USW00094846,"CHICAGO OHARE INTERNATIONAL AIRPORT, IL US",41.96017,-87.93164,2023-07-06,2023-07-06,27.8,18.9
6884,USW00094846,"CHICAGO OHARE INTERNATIONAL AIRPORT, IL US",41.96017,-87.93164,2023-07-07,2023-07-07,27.2,17.8
6885,USW00094846,"CHICAGO OHARE INTERNATIONAL AIRPORT, IL US",41.96017,-87.93164,2023-07-08,2023-07-08,24.4,17.8
6886,USW00094846,"CHICAGO OHARE INTERNATIONAL AIRPORT, IL US",41.96017,-87.93164,2023-07-09,2023-07-09,29.4,16.1
6887,USW00094846,"CHICAGO OHARE INTERNATIONAL AIRPORT, IL US",41.96017,-87.93164,2023-07-10,2023-07-10,30.6,18.3
6888,USW00094846,"CHICAGO OHARE INTERNATIONAL AIRPORT, IL US",41.96017,-87.93164,2023-07-11,2023-07-11,30,20.6
6889,USW00094846,"CHICAGO OHARE INTERNATIONAL AIRPORT, IL US",41.96017,-87.93164,2023-07-12,2023-07-12,24.4,17.8
6890,USW00094846,"CHICAGO OHARE INTERNATIONAL AIRPORT, IL US",41.96017,-87.93164,2023-07-13,2023-07-13,25.6,17.2
6891,USW00094846,"CHICAGO OHARE INTERNATIONAL AIRPORT, IL US",41.96017,-87.93164,2023-07-14,2023-07-14,32.2,20
6892,USW00094846,"CHICAGO OHARE INTERNATIONAL AIRPORT, IL US",41.96017,-87.93164,2023-07-15,2023-07-15,29.4,21.1
6893,USW00094846,"CHICAGO OHARE INTERNATIONAL AIRPORT, IL US",41.96017,-87.93164,2023-07-16,2023-07-16,27.2,19.4
6894,USW00094846,"CHICAGO OHARE INTERNATIONAL AIRPORT, IL US",41.96017,-87.93164,2023-07-17,2023-07-17,26.7,18.9
6895,USW00094846,"CHICAGO OHARE INTERNATIONAL AIRPORT, IL US",41.96017,-87.93164,2023-07-18,2023-07-18,27.2,17.2
6896,USW00094846,"CHICAGO OHARE INTERNATIONAL AIRPORT, IL US",41.96017,-87.93164,2023-07-19,2023-07-19,30,17.2
6897,USW00094846,"CHICAGO OHARE INTERNATIONAL AIRPORT, IL US",41.96017,-87.93164,2023-07-20,2023-07-20,30.6,20
6898,USW00094846,"CHICAGO OHARE INTERNATIONAL AIRPORT, IL US",41.96017,-87.93164,2023-07-21,2023-07-21,27.8,17.8
6899,USW00094846,"CHICAGO OHARE INTERNATIONAL AIRPORT, IL US",41.96017,-87.93164,2023-07-22,2023-07-22,29.4,18.3
6900,USW00094846,"CHICAGO OHARE INTERNATIONAL AIRPORT, IL US",41.96017,-87.93164,2023-07-23,2023-07-23,28.9,17.8
6901,USW00094846,"CHICAGO OHARE INTERNATIONAL AIRPORT, IL US",41.96017,-87.93164,2023-07-24,2023-07-24,31.7,20
6902,USW00094846,"CHICAGO OHARE INTERNATIONAL AIRPORT, IL US",41.96017,-87.93164,2023-07-25,2023-07-25,32.8,21.1
6903,USW00094846,"CHICAGO OHARE INTERNATIONAL AIRPORT, IL US",41.96017,-87.93164,2023-07-26,2023-07-26,32.2,21.7
6904,USW00094846,"CHICAGO OHARE INTERNATIONAL AIRPORT, IL US",41.96017,-87.93164,2023-07-27,2023-07-27,33.3,22.2
6905,USW00094846,"CHICAGO OHARE INTERNATIONAL AIRPORT, IL US",41.96017,-87.93164,2023-07-28,2023-07-28,33.9,21.1
6906,USW00094846,"CHICAGO OHARE INTERNATIONAL AIRPORT, IL US",41.96017,-87.93164,2023-07-29,2023-07-29,28.3,20.6
6907,USW00094846,"CHICAGO OHARE INTERNATIONAL AIRPORT, IL US",41.96017,-87.93164,2023-07-30,2023-07-30,26.7,19.4
6908,USW00094846,"CHICAGO OHARE INTERNATIONAL AIRPORT, IL US",41.96017,-87.93164,2023-07-31,2023-07-31,28.3,17.8
6909,USW00094846,"CHICAGO OHARE INTERNATIONAL AIRPORT, IL US",41.96017,-87.93164,2023-08-01,2023-08-01,29.4,20.6
6910,USW00094846,"CHICAGO OHARE INTERNATIONAL AIRPORT, IL US",41.96017,-87.93164,2023-08-02,2023-08-02,29.4,20
6911,USW00094846,"CHICAGO OHARE INTERNATIONAL AIRPORT, IL US",41.96017,-87.93164,2023-08-03,2023-08-03,32.2,19.4
6912,USW00094846,"CHICAGO OHARE INTERNATIONAL AIRPORT, IL US",41.96017,-87.93164,2023-08-04,2023-08-04,30,21.1
6913,USW00094846,"CHICAGO OHARE INTERNATIONAL AIRPORT, IL US",41.96017,-87.93164,2023-08-05,2023-08-05,25,20.6
6914,USW00094846,"CHICAGO OHARE INTERNATIONAL AIRPORT, IL US",41.96017,-87.93164,2023-08-06,2023-08-06,22.8,18.9
6915,USW00094846,"CHICAGO OHARE INTERNATIONAL AIRPORT, IL US",41.96017,-87.93164,2023-08-07,2023-08-07,27.8,18.9
6916,USW00094846,"CHICAGO OHARE INTERNATIONAL AIRPORT, IL US",41.96017,-87.93164,2023-08-08,2023-08-08,29.4,17.8
6917,USW00094846,"CHICAGO OHARE INTERNATIONAL AIRPORT, IL US",41.96017,-87.93164,2023-08-09,2023-08-09,26.1,18.9
6918,USW00094846,"CHICAGO OHARE INTERNATIONAL AIRPORT, IL US",41.96017,-87.93164,2023-08-10,2023-08-10,30,18.3
6919,USW00094846,"CHICAGO OHARE INTERNATIONAL AIRPORT, IL US",41.96017,-87.93164,2023-08-11,2023-08-11,29.4,21.1
6920,USW00094846,"CHICAGO OHARE INTERNATIONAL AIRPORT, IL US",41.96017,-87.93164,2023-08-12,2023-08-12,30.6,20
6921,USW00094846,"CHICAGO OHARE INTERNATIONAL AIRPORT, IL US",41.96017,-87.93164,2023-08-13,2023-08-13,27.2,18.9
6922,USW00094846,"CHICAGO OHARE INTERNATIONAL AIRPORT, IL US",41.96017,-87.93164,2023-08-14,2023-08-14,24.4,17.8
6923,USW00094846,"CHICAGO OHARE INTERNATIONAL AIRPORT, IL US",41.96017,-87.93164,2023-08-15,2023-08-15,25.6,16.7
6924,USW00094846,"CHICAGO OHARE INTERNATIONAL AIRPORT, IL US",41.96017,-87.93164,2023-08-16,2023-08-16,27.8,15.6
6925,USW00094846,"CHICAGO OHARE INTERNATIONAL AIRPORT, IL US",41.96017,-87.93164,2023-08-17,2023-08-17,26.7,17.2
6926,USW00094846,"CHICAGO OHARE INTERNATIONAL AIRPORT, IL US",41.96017,-87.93164,2023-08-18,2023-08-18,26.1,15
6927,USW00094846,"CHICAGO OHARE INTERNATIONAL AIRPORT, IL US",41.96017,-87.93164,2023-08-19,2023-08-19,28.9,17.2
6928,USW00094846,"CHICAGO OHARE INTERNATIONAL AIRPORT, IL US",41.96017,-87.93164,2023-08-20,2023-08-20,32.8,21.1
6929,USW00094846,"CHICAGO OHARE INTERNATIONAL AIRPORT, IL US",41.96017,-87.93164,2023-08-21,2023-08-21,27.8,20.6
6930,USW00094846,"CHICAGO OHARE INTERNATIONAL AIRPORT, IL US",41.96017,-87.93164,2023-08-22,2023-08-22,32.2,20.6
6931,USW00094846,"CHICAGO OHARE INTERNATIONAL AIRPORT, IL US",41.96017,-87.93164,2023-08-23,2023-08-23,36.7,25
6932,USW00094846,"CHICAGO OHARE INTERNATIONAL AIRPORT, IL US",41.96017,-87.93164,2023-08-24,2023-08-24,37.8,23.9
6933,USW00094846,"CHICAGO OHARE INTERNATIONAL AIRPORT, IL US",41.96017,-87.93164,2023-08-25,2023-08-25,27.8,21.7
6934,USW00094846,"CHICAGO OHARE INTERNATIONAL AIRPORT, IL US",41.96017,-87.93164,2023-08-26,2023-08-26,25,17.2
6935,USW00094846,"CHICAGO OHARE INTERNATIONAL AIRPORT, IL US",41.96017,-87.93164,2023-08-27,2023-08-27,23.9,16.1
6936,USW00094846,"CHICAGO OHARE INTERNATIONAL AIRPORT, IL US",41.96017,-87.93164,2023-08-28,2023-08-28,27.8,15
6937,USW00094846,"CHICAGO OHARE INTERNATIONAL AIRPORT, IL US",41.96017,-87.93164,2023-08-29,2023-08-29,30.6,17.2
6938,USW00094846,"CHICAGO OHARE INTERNATIONAL AIRPORT, IL US",41.96017,-87.93164,2023-08-30,2023-08-30,21.7,12.8
6939,USW00094846,"CHICAGO OHARE INTERNATIONAL AIRPORT, IL US",41.96017,-87.93164,2023-08-31,2023-08-31,26.1,12.2
6940,USW00094846,"CHICAGO OHARE INTERNATIONAL AIRPORT, IL US",41.96017,-87.93164,2023-09-01,2023-09-01,29.4,14.4
6941,USW00094846,"CHICAGO OHARE INTERNATIONAL AIRPORT, IL US",41.96017,-87.93164,2023-09-02,2023-09-02,31.7,17.8
6942,USW00094846,"CHICAGO OHARE INTERNATIONAL AIRPORT, IL US",41.96017,-87.93164,2023-09-03,2023-09-03,34.4,21.1
6943,USW00094846,"CHICAGO OHARE INTERNATIONAL AIRPORT, IL US",41.96017,-87.93164,2023-09-04,2023-09-04,34.4,21.7
6944,USW00094846,"CHICAGO OHARE INTERNATIONAL AIRPORT, IL US",41.96017,-87.93164,2023-09-05,2023-09-05,34.4,23.3
6945,USW00094846,"CHICAGO OHARE INTERNATIONAL AIRPORT, IL US",41.96017,-87.93164,2023-09-06,2023-09-06,28.3,21.7
6946,USW00094846,"CHICAGO OHARE INTERNATIONAL AIRPORT, IL US",41.96017,-87.93164,2023-09-07,2023-09-07,21.7,17.8
6947,USW00094846,"CHICAGO OHARE INTERNATIONAL AIRPORT, IL US",41.96017,-87.93164,2023-09-08,2023-09-08,20,14.4
6948,USW00094846,"CHICAGO OHARE INTERNATIONAL AIRPORT, IL US",41.96017,-87.93164,2023-09-09,2023-09-09,24.4,13.3
6949,USW00094846,"CHICAGO OHARE INTERNATIONAL AIRPORT, IL US",41.96017,-87.93164,2023-09-10,2023-09-10,28.3,12.2
6950,USW00094846,"CHICAGO OHARE INTERNATIONAL AIRPORT, IL US",41.96017,-87.93164,2023-09-11,2023-09-11,21.1,16.1
6951,USW00094846,"CHICAGO OHARE INTERNATIONAL AIRPORT, IL US",41.96017,-87.93164,2023-09-12,2023-09-12,22.2,13.9
6952,USW00094846,"CHICAGO OHARE INTERNATIONAL AIRPORT, IL US",41.96017,-87.93164,2023-09-13,2023-09-13,22.2,12.2
6953,USW00094846,"CHICAGO OHARE INTERNATIONAL AIRPORT, IL US",41.96017,-87.93164,2023-09-14,2023-09-14,23.3,11.7
6954,USW00094846,"CHICAGO OHARE INTERNATIONAL AIRPORT, IL US",41.96017,-87.93164,2023-09-15,2023-09-15,26.1,12.2
6955,USW00094846,"CHICAGO OHARE INTERNATIONAL AIRPORT, IL US",41.96017,-87.93164,2023-09-16,2023-09-16,21.1,15.6
6956,USW00094846,"CHICAGO OHARE INTERNATIONAL AIRPORT, IL US",41.96017,-87.93164,2023-09-17,2023-09-17,17.8,13.9
6957,USW00094846,"CHICAGO OHARE INTERNATIONAL AIRPORT, IL US",41.96017,-87.93164,2023-09-18,2023-09-18,22.8,11.7
6958,USW00094846,"CHICAGO OHARE INTERNATIONAL AIRPORT, IL US",41.96017,-87.93164,2023-09-19,2023-09-19,20,14.4
6959,USW00094846,"CHICAGO OHARE INTERNATIONAL AIRPORT, IL US",41.96017,-87.93164,2023-09-20,2023-09-20,26.7,17.2
6960,USW00094846,"CHICAGO OHARE INTERNATIONAL AIRPORT, IL US",41.96017,-87.93164,2023-09-21,2023-09-21,27.2,18.9
6961,USW00094846,"CHICAGO OHARE INTERNATIONAL AIRPORT, IL US",41.96017,-87.93164,2023-09-22,2023-09-22,26.7,18.9
6962,USW00094846,"CHICAGO OHARE INTERNATIONAL AIRPORT, IL US",41.96017,-87.93164,2023-09-23,2023-09-23,27.2,18.3
6963,USW00094846,"CHICAGO OHARE INTERNATIONAL AIRPORT, IL US",41.96017,-87.93164,2023-09-24,2023-09-24,26.1,15
6964,USW00094846,"CHICAGO OHARE INTERNATIONAL AIRPORT, IL US",41.96017,-87.93164,2023-09-25,2023-09-25,23.9,17.8
6965,USW00094846,"CHICAGO OHARE INTERNATIONAL AIRPORT, IL US",41.96017,-87.93164,2023-09-26,2023-09-26,22.8,17.2
6966,USW00094846,"CHICAGO OHARE INTERNATIONAL AIRPORT, IL US",41.96017,-87.93164,2023-09-27,2023-09-27,22.2,17.2
6967,USW00094846,"CHICAGO OHARE INTERNATIONAL AIRPORT, IL US",41.96017,-87.93164,2023-09-28,2023-09-28,21.7,16.1
6968,USW00094846,"CHICAGO OHARE INTERNATIONAL AIRPORT, IL US",41.96017,-87.93164,2023-09-29,2023-09-29,25,15
6969,USW00094846,"CHICAGO OHARE INTERNATIONAL AIRPORT, IL US",41.96017,-87.93164,2023-09-30,2023-09-30,28.9,16.1
6970,USW00094846,"CHICAGO OHARE INTERNATIONAL AIRPORT, IL US",41.96017,-87.93164,2023-10-01,2023-10-01,30.6,17.2
6971,USW00094846,"CHICAGO OHARE INTERNATIONAL AIRPORT, IL US",41.96017,-87.93164,2023-10-02,2023-10-02,30,17.8
6972,USW00094846,"CHICAGO OHARE INTERNATIONAL AIRPORT, IL US",41.96017,-87.93164,2023-10-03,2023-10-03,30.6,17.8
6973,USW00094846,"CHICAGO OHARE INTERNATIONAL AIRPORT, IL US",41.96017,-87.93164,2023-10-04,2023-10-04,28.9,20
6974,USW00094846,"CHICAGO OHARE INTERNATIONAL AIRPORT, IL US",41.96017,-87.93164,2023-10-05,2023-10-05,22.8,15.6
6975,USW00094846,"CHICAGO OHARE INTERNATIONAL AIRPORT, IL US",41.96017,-87.93164,2023-10-06,2023-10-06,16.7,9.4
6976,USW00094846,"CHICAGO OHARE INTERNATIONAL AIRPORT, IL US",41.96017,-87.93164,2023-10-07,2023-10-07,16.1,7.8
6977,USW00094846,"CHICAGO OHARE INTERNATIONAL AIRPORT, IL US",41.96017,-87.93164,2023-10-08,2023-10-08,13.9,7.2
6978,USW00094846,"CHICAGO OHARE INTERNATIONAL AIRPORT, IL US",41.96017,-87.93164,2023-10-09,2023-10-09,15,6.7
6979,USW00094846,"CHICAGO OHARE INTERNATIONAL AIRPORT, IL US",41.96017,-87.93164,2023-10-10,2023-10-10,17.8,5.6
6980,USW00094846,"CHICAGO OHARE INTERNATIONAL AIRPORT, IL US",41.96017,-87.93164,2023-10-11,2023-10-11,19.4,5.6
6981,USW00094846,"CHICAGO OHARE INTERNATIONAL AIRPORT, IL US",41.96017,-87.93164,2023-10-12,2023-10-12,16.7,12.8
6982,USW00094846,"CHICAGO OHARE INTERNATIONAL AIRPORT, IL US",41.96017,-87.93164,2023-10-13,2023-10-13,15.6,13.3
6983,USW00094846,"CHICAGO OHARE INTERNATIONAL AIRPORT, IL US",41.96017,-87.93164,2023-10-14,2023-10-14,13.9,9.4
6984,USW00094846,"CHICAGO OHARE INTERNATIONAL AIRPORT, IL US",41.96017,-87.93164,2023-10-15,2023-10-15,15.6,8.3
6985,USW00094846,"CHICAGO OHARE INTERNATIONAL AIRPORT, IL US",41.96017,-87.93164,2023-10-16,2023-10-16,13.3,6.1
6986,USW00094846,"CHICAGO OHARE INTERNATIONAL AIRPORT, IL US",41.96017,-87.93164,2023-10-17,2023-10-17,17.8,5
6987,USW00094846,"CHICAGO OHARE INTERNATIONAL AIRPORT, IL US",41.96017,-87.93164,2023-10-18,2023-10-18,20,7.8
6988,USW00094846,"CHICAGO OHARE INTERNATIONAL AIRPORT, IL US",41.96017,-87.93164,2023-10-19,2023-10-19,16.1,12.2
6989,USW00094846,"CHICAGO OHARE INTERNATIONAL AIRPORT, IL US",41.96017,-87.93164,2023-10-20,2023-10-20,16.1,8.9
6990,USW00094846,"CHICAGO OHARE INTERNATIONAL AIRPORT, IL US",41.96017,-87.93164,2023-10-21,2023-10-21,18.3,8.3
6991,USW00094846,"CHICAGO OHARE INTERNATIONAL AIRPORT, IL US",41.96017,-87.93164,2023-10-22,2023-10-22,16.1,5.6
6992,USW00094846,"CHICAGO OHARE INTERNATIONAL AIRPORT, IL US",41.96017,-87.93164,2023-10-23,2023-10-23,19.4,7.2
6993,USW00094846,"CHICAGO OHARE INTERNATIONAL AIRPORT, IL US",41.96017,-87.93164,2023-10-24,2023-10-24,28.3,16.7
6994,USW00094846,"CHICAGO OHARE INTERNATIONAL AIRPORT, IL US",41.96017,-87.93164,2023-10-25,2023-10-25,20.6,16.1
6995,USW00094846,"CHICAGO OHARE INTERNATIONAL AIRPORT, IL US",41.96017,-87.93164,2023-10-26,2023-10-26,22.2,18.3
6996,USW00094846,"CHICAGO OHARE INTERNATIONAL AIRPORT, IL US",41.96017,-87.93164,2023-10-27,2023-10-27,22.2,7.2
6997,USW00094846,"CHICAGO OHARE INTERNATIONAL AIRPORT, IL US",41.96017,-87.93164,2023-10-28,2023-10-28,11.1,3.9
6998,USW00094846,"CHICAGO OHARE INTERNATIONAL AIRPORT, IL US",41.96017,-87.93164,2023-10-29,2023-10-29,8.3,3.9
6999,USW00094846,"CHICAGO OHARE INTERNATIONAL AIRPORT, IL US",41.96017,-87.93164,2023-10-30,2023-10-30,6.7,-0.5
7000,USW00094846,"CHICAGO OHARE INTERNATIONAL AIRPORT, IL US",41.96017,-87.93164,2023-10-31,2023-10-31,3.3,-1
7001,USW00094846,"CHICAGO OHARE INTERNATIONAL AIRPORT, IL US",41.96017,-87.93164,2023-11-01,2023-11-01,5.6,-1.6
7002,USW00094846,"CHICAGO OHARE INTERNATIONAL AIRPORT, IL US",41.96017,-87.93164,2023-11-02,2023-11-02,13.9,1.7
7003,USW00094846,"CHICAGO OHARE INTERNATIONAL AIRPORT, IL US",41.96017,-87.93164,2023-11-03,2023-11-03,15,8.3
7004,USW00094846,"CHICAGO OHARE INTERNATIONAL AIRPORT, IL US",41.96017,-87.93164,2023-11-04,2023-11-04,15.6,5
7005,USW00094846,"CHICAGO OHARE INTERNATIONAL AIRPORT, IL US",41.96017,-87.93164,2023-11-05,2023-11-05,16.7,3.3
7006,USW00094846,"CHICAGO OHARE INTERNATIONAL AIRPORT, IL US",41.96017,-87.93164,2023-11-06,2023-11-06,20.6,12.8
7007,USW00094846,"CHICAGO OHARE INTERNATIONAL AIRPORT, IL US",41.96017,-87.93164,2023-11-07,2023-11-07,13.3,5
7008,USW00094846,"CHICAGO OHARE INTERNATIONAL AIRPORT, IL US",41.96017,-87.93164,2023-11-08,2023-11-08,13.3,8.3
7009,USW00094846,"CHICAGO OHARE INTERNATIONAL AIRPORT, IL US",41.96017,-87.93164,2023-11-09,2023-11-09,13.3,4.4
7010,USW00094846,"CHICAGO OHARE INTERNATIONAL AIRPORT, IL US",41.96017,-87.93164,2023-11-10,2023-11-10,8.3,1.7
7011,USW00094846,"CHICAGO OHARE INTERNATIONAL AIRPORT, IL US",41.96017,-87.93164,2023-11-11,2023-11-11,10.6,-1
7012,USW00094846,"CHICAGO OHARE INTERNATIONAL AIRPORT, IL US",41.96017,-87.93164,2023-11-12,2023-11-12,13.9,5.6
7013,USW00094846,"CHICAGO OHARE INTERNATIONAL AIRPORT, IL US",41.96017,-87.93164,2023-11-13,2023-11-13,17.2,3.3
7014,USW00094846,"CHICAGO OHARE INTERNATIONAL AIRPORT, IL US",41.96017,-87.93164,2023-11-14,2023-11-14,16.1,0
7015,USW00094846,"CHICAGO OHARE INTERNATIONAL AIRPORT, IL US",41.96017,-87.93164,2023-11-15,2023-11-15,17.8,6.1
7016,USW00094846,"CHICAGO OHARE INTERNATIONAL AIRPORT, IL US",41.96017,-87.93164,2023-11-16,2023-11-16,18.9,6.7
7017,USW00094846,"CHICAGO OHARE INTERNATIONAL AIRPORT, IL US",41.96017,-87.93164,2023-11-17,2023-11-17,15.6,1.1
7018,USW00094846,"CHICAGO OHARE INTERNATIONAL AIRPORT, IL US",41.96017,-87.93164,2023-11-18,2023-11-18,11.7,-0.5
7019,USW00094846,"CHICAGO OHARE INTERNATIONAL AIRPORT, IL US",41.96017,-87.93164,2023-11-19,2023-11-19,12.2,1.7
7020,USW00094846,"CHICAGO OHARE INTERNATIONAL AIRPORT, IL US",41.96017,-87.93164,2023-11-20,2023-11-20,10,5.6
7021,USW00094846,"CHICAGO OHARE INTERNATIONAL AIRPORT, IL US",41.96017,-87.93164,2023-11-21,2023-11-21,6.7,2.2
7022,USW00094846,"CHICAGO OHARE INTERNATIONAL AIRPORT, IL US",41.96017,-87.93164,2023-11-22,2023-11-22,7.8,1.1
7023,USW00094846,"CHICAGO OHARE INTERNATIONAL AIRPORT, IL US",41.96017,-87.93164,2023-11-23,2023-11-23,8.9,0
7024,USW00094846,"CHICAGO OHARE INTERNATIONAL AIRPORT, IL US",41.96017,-87.93164,2023-11-24,2023-11-24,1.1,-3.8
7025,USW00094846,"CHICAGO OHARE INTERNATIONAL AIRPORT, IL US",41.96017,-87.93164,2023-11-25,2023-11-25,3.9,-4.3
7026,USW00094846,"CHICAGO OHARE INTERNATIONAL AIRPORT, IL US",41.96017,-87.93164,2023-11-26,2023-11-26,0.6,-2.1
7027,USW00094846,"CHICAGO OHARE INTERNATIONAL AIRPORT, IL US",41.96017,-87.93164,2023-11-27,2023-11-27,-1.6,-7.7
7028,USW00094846,"CHICAGO OHARE INTERNATIONAL AIRPORT, IL US",41.96017,-87.93164,2023-11-28,2023-11-28,-4.3,-9.9
7029,USW00094846,"CHICAGO OHARE INTERNATIONAL AIRPORT, IL US",41.96017,-87.93164,2023-11-29,2023-11-29,4.4,-6.6
7030,USW00094846,"CHICAGO OHARE INTERNATIONAL AIRPORT, IL US",41.96017,-87.93164,2023-11-30,2023-11-30,10.6,0
7031,USW00094846,"CHICAGO OHARE INTERNATIONAL AIRPORT, IL US",41.96017,-87.93164,2023-12-01,2023-12-01,6.7,3.9
7032,USW00094846,"CHICAGO OHARE INTERNATIONAL AIRPORT, IL US",41.96017,-87.93164,2023-12-02,2023-12-02,6.1,3.9
7033,USW00094846,"CHICAGO OHARE INTERNATIONAL AIRPORT, IL US",41.96017,-87.93164,2023-12-03,2023-12-03,4.4,2.2
7034,USW00094846,"CHICAGO OHARE INTERNATIONAL AIRPORT, IL US",41.96017,-87.93164,2023-12-04,2023-12-04,5,0
7035,USW00094846,"CHICAGO OHARE INTERNATIONAL AIRPORT, IL US",41.96017,-87.93164,2023-12-05,2023-12-05,5,0
7036,USW00094846,"CHICAGO OHARE INTERNATIONAL AIRPORT, IL US",41.96017,-87.93164,2023-12-06,2023-12-06,3.9,0
7037,USW00094846,"CHICAGO OHARE INTERNATIONAL AIRPORT, IL US",41.96017,-87.93164,2023-12-07,2023-12-07,10.6,2.2
7038,USW00094846,"CHICAGO OHARE INTERNATIONAL AIRPORT, IL US",41.96017,-87.93164,2023-12-08,2023-12-08,13.3,7.8
7039,USW00094846,"CHICAGO OHARE INTERNATIONAL AIRPORT, IL US",41.96017,-87.93164,2023-12-09,2023-12-09,12.2,1.7
7040,USW00094846,"CHICAGO OHARE INTERNATIONAL AIRPORT, IL US",41.96017,-87.93164,2023-12-10,2023-12-10,1.7,-1
7041,USW00094846,"CHICAGO OHARE INTERNATIONAL AIRPORT, IL US",41.96017,-87.93164,2023-12-11,2023-12-11,2.2,-2.1
7042,USW00094846,"CHICAGO OHARE INTERNATIONAL AIRPORT, IL US",41.96017,-87.93164,2023-12-12,2023-12-12,3.3,-2.7
7043,USW00094846,"CHICAGO OHARE INTERNATIONAL AIRPORT, IL US",41.96017,-87.93164,2023-12-13,2023-12-13,5,-4.9
7044,USW00094846,"CHICAGO OHARE INTERNATIONAL AIRPORT, IL US",41.96017,-87.93164,2023-12-14,2023-12-14,10.6,0
7045,USW00094846,"CHICAGO OHARE INTERNATIONAL AIRPORT, IL US",41.96017,-87.93164,2023-12-15,2023-12-15,11.7,1.7
7046,USW00094846,"CHICAGO OHARE INTERNATIONAL AIRPORT, IL US",41.96017,-87.93164,2023-12-16,2023-12-16,7.8,5
7047,USW00094846,"CHICAGO OHARE INTERNATIONAL AIRPORT, IL US",41.96017,-87.93164,2023-12-17,2023-12-17,6.7,2.2
7048,USW00094846,"CHICAGO OHARE INTERNATIONAL AIRPORT, IL US",41.96017,-87.93164,2023-12-18,2023-12-18,2.2,-6.6
7049,USW00094846,"CHICAGO OHARE INTERNATIONAL AIRPORT, IL US",41.96017,-87.93164,2023-12-19,2023-12-19,0.6,-8.2
7050,USW00094846,"CHICAGO OHARE INTERNATIONAL AIRPORT, IL US",41.96017,-87.93164,2023-12-20,2023-12-20,7.2,-1
7051,USW00094846,"CHICAGO OHARE INTERNATIONAL AIRPORT, IL US",41.96017,-87.93164,2023-12-21,2023-12-21,8.9,0.6
7052,USW00094846,"CHICAGO OHARE INTERNATIONAL AIRPORT, IL US",41.96017,-87.93164,2023-12-22,2023-12-22,7.2,6.1
7053,USW00094846,"CHICAGO OHARE INTERNATIONAL AIRPORT, IL US",41.96017,-87.93164,2023-12-23,2023-12-23,9.4,6.1
7054,USW00094846,"CHICAGO OHARE INTERNATIONAL AIRPORT, IL US",41.96017,-87.93164,2023-12-24,2023-12-24,12.8,8.9
7055,USW00094846,"CHICAGO OHARE INTERNATIONAL AIRPORT, IL US",41.96017,-87.93164,2023-12-25,2023-12-25,15,10
7056,USW00094846,"CHICAGO OHARE INTERNATIONAL AIRPORT, IL US",41.96017,-87.93164,2023-12-26,2023-12-26,10,-0.5
7057,USW00094846,"CHICAGO OHARE INTERNATIONAL AIRPORT, IL US",41.96017,-87.93164,2023-12-27,2023-12-27,5.6,-1
7058,USW00094846,"CHICAGO OHARE INTERNATIONAL AIRPORT, IL US",41.96017,-87.93164,2023-12-28,2023-12-28,5.6,1.1
7059,USW00094846,"CHICAGO OHARE INTERNATIONAL AIRPORT, IL US",41.96017,-87.93164,2023-12-29,2023-12-29,4.4,-0.5
7060,USW00094846,"CHICAGO OHARE INTERNATIONAL AIRPORT, IL US",41.96017,-87.93164,2023-12-30,2023-12-30,2.8,-2.7
7061,USW00094846,"CHICAGO OHARE INTERNATIONAL AIRPORT, IL US",41.96017,-87.93164,2023-12-31,2023-12-31,2.2,-0.5
7062,USW00014819,"CHICAGO MIDWAY AIRPORT, IL US",41.78412,-87.75514,2023-01-01,2023-01-01,7.2,2.8
7063,USW00014819,"CHICAGO MIDWAY AIRPORT, IL US",41.78412,-87.75514,2023-01-02,2023-01-02,6.7,0
7064,USW00014819,"CHICAGO MIDWAY AIRPORT, IL US",41.78412,-87.75514,2023-01-03,2023-01-03,9.4,4.4
7065,USW00014819,"CHICAGO MIDWAY AIRPORT, IL US",41.78412,-87.75514,2023-01-04,2023-01-04,7.2,0.6
7066,USW00014819,"CHICAGO MIDWAY AIRPORT, IL US",41.78412,-87.75514,2023-01-05,2023-01-05,1.1,-0.5
7067,USW00014819,"CHICAGO MIDWAY AIRPORT, IL US",41.78412,-87.75514,2023-01-06,2023-01-06,0.6,-3.8
7068,USW00014819,"CHICAGO MIDWAY AIRPORT, IL US",41.78412,-87.75514,2023-01-07,2023-01-07,0.6,-2.1
7069,USW00014819,"CHICAGO MIDWAY AIRPORT, IL US",41.78412,-87.75514,2023-01-08,2023-01-08,1.7,-3.2
7070,USW00014819,"CHICAGO MIDWAY AIRPORT, IL US",41.78412,-87.75514,2023-01-09,2023-01-09,6.7,-3.8
7071,USW00014819,"CHICAGO MIDWAY AIRPORT, IL US",41.78412,-87.75514,2023-01-10,2023-01-10,9.4,2.2
7072,USW00014819,"CHICAGO MIDWAY AIRPORT, IL US",41.78412,-87.75514,2023-01-11,2023-01-11,11.7,3.3
7073,USW00014819,"CHICAGO MIDWAY AIRPORT, IL US",41.78412,-87.75514,2023-01-12,2023-01-12,7.2,1.7
7074,USW00014819,"CHICAGO MIDWAY AIRPORT, IL US",41.78412,-87.75514,2023-01-13,2023-01-13,1.7,-2.7
7075,USW00014819,"CHICAGO MIDWAY AIRPORT, IL US",41.78412,-87.75514,2023-01-14,2023-01-14,-0.5,-4.3
7076,USW00014819,"CHICAGO MIDWAY AIRPORT, IL US",41.78412,-87.75514,2023-01-15,2023-01-15,6.1,-3.2
7077,USW00014819,"CHICAGO MIDWAY AIRPORT, IL US",41.78412,-87.75514,2023-01-16,2023-01-16,11.1,4.4
7078,USW00014819,"CHICAGO MIDWAY AIRPORT, IL US",41.78412,-87.75514,2023-01-17,2023-01-17,10,2.8
7079,USW00014819,"CHICAGO MIDWAY AIRPORT, IL US",41.78412,-87.75514,2023-01-18,2023-01-18,3.9,2.2
7080,USW00014819,"CHICAGO MIDWAY AIRPORT, IL US",41.78412,-87.75514,2023-01-19,2023-01-19,5.6,1.1
7081,USW00014819,"CHICAGO MIDWAY AIRPORT, IL US",41.78412,-87.75514,2023-01-20,2023-01-20,1.7,-1
7082,USW00014819,"CHICAGO MIDWAY AIRPORT, IL US",41.78412,-87.75514,2023-01-21,2023-01-21,0,-2.1
7083,USW00014819,"CHICAGO MIDWAY AIRPORT, IL US",41.78412,-87.75514,2023-01-22,2023-01-22,1.1,-1.6
7084,USW00014819,"CHICAGO MIDWAY AIRPORT, IL US",41.78412,-87.75514,2023-01-23,2023-01-23,0,-5.5
7085,USW00014819,"CHICAGO MIDWAY AIRPORT, IL US",41.78412,-87.75514,2023-01-24,2023-01-24,2.8,-2.1
7086,USW00014819,"CHICAGO MIDWAY AIRPORT, IL US",41.78412,-87.75514,2023-01-25,2023-01-25,1.7,-0.5
7087,USW00014819,"CHICAGO MIDWAY AIRPORT, IL US",41.78412,-87.75514,2023-01-26,2023-01-26,0,-9.3
7088,USW00014819,"CHICAGO MIDWAY AIRPORT, IL US",41.78412,-87.75514,2023-01-27,2023-01-27,2.8,-9.9
7089,USW00014819,"CHICAGO MIDWAY AIRPORT, IL US",41.78412,-87.75514,2023-01-28,2023-01-28,-0.5,-6.6
7090,USW00014819,"CHICAGO MIDWAY AIRPORT, IL US",41.78412,-87.75514,2023-01-29,2023-01-29,-0.5,-7.7
7091,USW00014819,"CHICAGO MIDWAY AIRPORT, IL US",41.78412,-87.75514,2023-01-30,2023-01-30,-7.1,-14.3
7092,USW00014819,"CHICAGO MIDWAY AIRPORT, IL US",41.78412,-87.75514,2023-01-31,2023-01-31,-9.9,-16
7093,USW00014819,"CHICAGO MIDWAY AIRPORT, IL US",41.78412,-87.75514,2023-02-01,2023-02-01,-2.1,-14.3
7094,USW00014819,"CHICAGO MIDWAY AIRPORT, IL US",41.78412,-87.75514,2023-02-02,2023-02-02,1.1,-11
7095,USW00014819,"CHICAGO MIDWAY AIRPORT, IL US",41.78412,-87.75514,2023-02-03,2023-02-03,-11,-17.1
7096,USW00014819,"CHICAGO MIDWAY AIRPORT, IL US",41.78412,-87.75514,2023-02-04,2023-02-04,6.1,-11
7097,USW00014819,"CHICAGO MIDWAY AIRPORT, IL US",41.78412,-87.75514,2023-02-05,2023-02-05,6.1,-1.6
7098,USW00014819,"CHICAGO MIDWAY AIRPORT, IL US",41.78412,-87.75514,2023-02-06,2023-02-06,8.3,-4.9
7099,USW00014819,"CHICAGO MIDWAY AIRPORT, IL US",41.78412,-87.75514,2023-02-07,2023-02-07,10,-1
7100,USW00014819,"CHICAGO MIDWAY AIRPORT, IL US",41.78412,-87.75514,2023-02-08,2023-02-08,6.1,-3.8
7101,USW00014819,"CHICAGO MIDWAY AIRPORT, IL US",41.78412,-87.75514,2023-02-09,2023-02-09,8.3,2.2
7102,USW00014819,"CHICAGO MIDWAY AIRPORT, IL US",41.78412,-87.75514,2023-02-10,2023-02-10,4.4,-3.2
7103,USW00014819,"CHICAGO MIDWAY AIRPORT, IL US",41.78412,-87.75514,2023-02-11,2023-02-11,8.3,-4.9
7104,USW00014819,"CHICAGO MIDWAY AIRPORT, IL US",41.78412,-87.75514,2023-02-12,2023-02-12,11.1,-2.1
7105,USW00014819,"CHICAGO MIDWAY AIRPORT, IL US",41.78412,-87.75514,2023-02-13,2023-02-13,11.7,1.1
7106,USW00014819,"CHICAGO MIDWAY AIRPORT, IL US",41.78412,-87.75514,2023-02-14,2023-02-14,12.2,2.2
7107,USW00014819,"CHICAGO MIDWAY AIRPORT, IL US",41.78412,-87.75514,2023-02-15,2023-02-15,11.7,2.2
7108,USW00014819,"CHICAGO MIDWAY AIRPORT, IL US",41.78412,-87.75514,2023-02-16,2023-02-16,2.2,-3.8
7109,USW00014819,"CHICAGO MIDWAY AIRPORT, IL US",41.78412,-87.75514,2023-02-17,2023-02-17,-2.7,-7.1
7110,USW00014819,"CHICAGO MIDWAY AIRPORT, IL US",41.78412,-87.75514,2023-02-18,2023-02-18,7.8,-4.3
7111,USW00014819,"CHICAGO MIDWAY AIRPORT, IL US",41.78412,-87.75514,2023-02-19,2023-02-19,11.7,3.9
7112,USW00014819,"CHICAGO MIDWAY AIRPORT, IL US",41.78412,-87.75514,2023-02-20,2023-02-20,7.8,-1
7113,USW00014819,"CHICAGO MIDWAY AIRPORT, IL US",41.78412,-87.75514,2023-02-21,2023-02-21,5,-3.8
7114,USW00014819,"CHICAGO MIDWAY AIRPORT, IL US",41.78412,-87.75514,2023-02-22,2023-02-22,2.2,1.1
7115,USW00014819,"CHICAGO MIDWAY AIRPORT, IL US",41.78412,-87.75514,2023-02-23,2023-02-23,6.1,-4.9
7116,USW00014819,"CHICAGO MIDWAY AIRPORT, IL US",41.78412,-87.75514,2023-02-24,2023-02-24,-2.1,-7.7
7117,USW00014819,"CHICAGO MIDWAY AIRPORT, IL US",41.78412,-87.75514,2023-02-25,2023-02-25,3.3,-2.7
7118,USW00014819,"CHICAGO MIDWAY AIRPORT, IL US",41.78412,-87.75514,2023-02-26,2023-02-26,10,-2.1
7119,USW00014819,"CHICAGO MIDWAY AIRPORT, IL US",41.78412,-87.75514,2023-02-27,2023-02-27,15,3.9
7120,USW00014819,"CHICAGO MIDWAY AIRPORT, IL US",41.78412,-87.75514,2023-02-28,2023-02-28,10.6,2.8
7121,USW00014819,"CHICAGO MIDWAY AIRPORT, IL US",41.78412,-87.75514,2023-03-01,2023-03-01,13.9,2.8
7122,USW00014819,"CHICAGO MIDWAY AIRPORT, IL US",41.78412,-87.75514,2023-03-02,2023-03-02,3.3,1.1
7123,USW00014819,"CHICAGO MIDWAY AIRPORT, IL US",41.78412,-87.75514,2023-03-03,2023-03-03,3.9,0
7124,USW00014819,"CHICAGO MIDWAY AIRPORT, IL US",41.78412,-87.75514,2023-03-04,2023-03-04,10,-2.1
7125,USW00014819,"CHICAGO MIDWAY AIRPORT, IL US",41.78412,-87.75514,2023-03-05,2023-03-05,9.4,-1
7126,USW00014819,"CHICAGO MIDWAY AIRPORT, IL US",41.78412,-87.75514,2023-03-06,2023-03-06,13.3,3.3
7127,USW00014819,"CHICAGO MIDWAY AIRPORT, IL US",41.78412,-87.75514,2023-03-07,2023-03-07,6.7,2.2
7128,USW00014819,"CHICAGO MIDWAY AIRPORT, IL US",41.78412,-87.75514,2023-03-08,2023-03-08,7.8,2.2
7129,USW00014819,"CHICAGO MIDWAY AIRPORT, IL US",41.78412,-87.75514,2023-03-09,2023-03-09,5,0.6
7130,USW00014819,"CHICAGO MIDWAY AIRPORT, IL US",41.78412,-87.75514,2023-03-10,2023-03-10,2.8,0.6
7131,USW00014819,"CHICAGO MIDWAY AIRPORT, IL US",41.78412,-87.75514,2023-03-11,2023-03-11,3.9,0.6
7132,USW00014819,"CHICAGO MIDWAY AIRPORT, IL US",41.78412,-87.75514,2023-03-12,2023-03-12,2.8,-1
7133,USW00014819,"CHICAGO MIDWAY AIRPORT, IL US",41.78412,-87.75514,2023-03-13,2023-03-13,0.6,-3.2
7134,USW00014819,"CHICAGO MIDWAY AIRPORT, IL US",41.78412,-87.75514,2023-03-14,2023-03-14,2.8,-5.5
7135,USW00014819,"CHICAGO MIDWAY AIRPORT, IL US",41.78412,-87.75514,2023-03-15,2023-03-15,10,-3.8
7136,USW00014819,"CHICAGO MIDWAY AIRPORT, IL US",41.78412,-87.75514,2023-03-16,2023-03-16,11.1,5.6
7137,USW00014819,"CHICAGO MIDWAY AIRPORT, IL US",41.78412,-87.75514,2023-03-17,2023-03-17,11.1,-4.9
7138,USW00014819,"CHICAGO MIDWAY AIRPORT, IL US",41.78412,-87.75514,2023-03-18,2023-03-18,-3.2,-10.5
7139,USW00014819,"CHICAGO MIDWAY AIRPORT, IL US",41.78412,-87.75514,2023-03-19,2023-03-19,5,-7.1
7140,USW00014819,"CHICAGO MIDWAY AIRPORT, IL US",41.78412,-87.75514,2023-03-20,2023-03-20,11.1,-2.1
7141,USW00014819,"CHICAGO MIDWAY AIRPORT, IL US",41.78412,-87.75514,2023-03-21,2023-03-21,13.3,2.8
7142,USW00014819,"CHICAGO MIDWAY AIRPORT, IL US",41.78412,-87.75514,2023-03-22,2023-03-22,11.7,5
7143,USW00014819,"CHICAGO MIDWAY AIRPORT, IL US",41.78412,-87.75514,2023-03-23,2023-03-23,9.4,2.8
7144,USW00014819,"CHICAGO MIDWAY AIRPORT, IL US",41.78412,-87.75514,2023-03-24,2023-03-24,7.2,2.8
7145,USW00014819,"CHICAGO MIDWAY AIRPORT, IL US",41.78412,-87.75514,2023-03-25,2023-03-25,7.2,1.7
7146,USW00014819,"CHICAGO MIDWAY AIRPORT, IL US",41.78412,-87.75514,2023-03-26,2023-03-26,8.9,1.1
7147,USW00014819,"CHICAGO MIDWAY AIRPORT, IL US",41.78412,-87.75514,2023-03-27,2023-03-27,8.3,0
7148,USW00014819,"CHICAGO MIDWAY AIRPORT, IL US",41.78412,-87.75514,2023-03-28,2023-03-28,11.1,-1
7149,USW00014819,"CHICAGO MIDWAY AIRPORT, IL US",41.78412,-87.75514,2023-03-29,2023-03-29,6.1,-1
7150,USW00014819,"CHICAGO MIDWAY AIRPORT, IL US",41.78412,-87.75514,2023-03-30,2023-03-30,14.4,-2.7
7151,USW00014819,"CHICAGO MIDWAY AIRPORT, IL US",41.78412,-87.75514,2023-03-31,2023-03-31,21.1,10
7152,USW00014819,"CHICAGO MIDWAY AIRPORT, IL US",41.78412,-87.75514,2023-04-01,2023-04-01,10,1.7
7153,USW00014819,"CHICAGO MIDWAY AIRPORT, IL US",41.78412,-87.75514,2023-04-02,2023-04-02,13.3,0
7154,USW00014819,"CHICAGO MIDWAY AIRPORT, IL US",41.78412,-87.75514,2023-04-03,2023-04-03,16.1,7.2
7155,USW00014819,"CHICAGO MIDWAY AIRPORT, IL US",41.78412,-87.75514,2023-04-04,2023-04-04,22.2,7.2
7156,USW00014819,"CHICAGO MIDWAY AIRPORT, IL US",41.78412,-87.75514,2023-04-05,2023-04-05,22.8,3.9
7157,USW00014819,"CHICAGO MIDWAY AIRPORT, IL US",41.78412,-87.75514,2023-04-06,2023-04-06,12.2,0.6
7158,USW00014819,"CHICAGO MIDWAY AIRPORT, IL US",41.78412,-87.75514,2023-04-07,2023-04-07,9.4,3.3
7159,USW00014819,"CHICAGO MIDWAY AIRPORT, IL US",41.78412,-87.75514,2023-04-08,2023-04-08,17.8,3.3
7160,USW00014819,"CHICAGO MIDWAY AIRPORT, IL US",41.78412,-87.75514,2023-04-09,2023-04-09,20,6.7
7161,USW00014819,"CHICAGO MIDWAY AIRPORT, IL US",41.78412,-87.75514,2023-04-10,2023-04-10,21.7,8.9
7162,USW00014819,"CHICAGO MIDWAY AIRPORT, IL US",41.78412,-87.75514,2023-04-11,2023-04-11,26.7,11.1
7163,USW00014819,"CHICAGO MIDWAY AIRPORT, IL US",41.78412,-87.75514,2023-04-12,2023-04-12,28.3,15
7164,USW00014819,"CHICAGO MIDWAY AIRPORT, IL US",41.78412,-87.75514,2023-04-13,2023-04-13,28.9,13.3
7165,USW00014819,"CHICAGO MIDWAY AIRPORT, IL US",41.78412,-87.75514,2023-04-14,2023-04-14,28.9,13.3
7166,USW00014819,"CHICAGO MIDWAY AIRPORT, IL US",41.78412,-87.75514,2023-04-15,2023-04-15,28.3,17.8
7167,USW00014819,"CHICAGO MIDWAY AIRPORT, IL US",41.78412,-87.75514,2023-04-16,2023-04-16,17.8,1.7
7168,USW00014819,"CHICAGO MIDWAY AIRPORT, IL US",41.78412,-87.75514,2023-04-17,2023-04-17,4.4,0
7169,USW00014819,"CHICAGO MIDWAY AIRPORT, IL US",41.78412,-87.75514,2023-04-18,2023-04-18,15,0.6
7170,USW00014819,"CHICAGO MIDWAY AIRPORT, IL US",41.78412,-87.75514,2023-04-19,2023-04-19,22.2,6.7
7171,USW00014819,"CHICAGO MIDWAY AIRPORT, IL US",41.78412,-87.75514,2023-04-20,2023-04-20,27.2,9.4
7172,USW00014819,"CHICAGO MIDWAY AIRPORT, IL US",41.78412,-87.75514,2023-04-21,2023-04-21,17.2,7.2
7173,USW00014819,"CHICAGO MIDWAY AIRPORT, IL US",41.78412,-87.75514,2023-04-22,2023-04-22,8.3,3.3
7174,USW00014819,"CHICAGO MIDWAY AIRPORT, IL US",41.78412,-87.75514,2023-04-23,2023-04-23,5.6,2.2
7175,USW00014819,"CHICAGO MIDWAY AIRPORT, IL US",41.78412,-87.75514,2023-04-24,2023-04-24,12.2,1.7
7176,USW00014819,"CHICAGO MIDWAY AIRPORT, IL US",41.78412,-87.75514,2023-04-25,2023-04-25,8.9,1.1
7177,USW00014819,"CHICAGO MIDWAY AIRPORT, IL US",41.78412,-87.75514,2023-04-26,2023-04-26,10,1.1
7178,USW00014819,"CHICAGO MIDWAY AIRPORT, IL US",41.78412,-87.75514,2023-04-27,2023-04-27,19.4,3.3
7179,USW00014819,"CHICAGO MIDWAY AIRPORT, IL US",41.78412,-87.75514,2023-04-28,2023-04-28,16.1,8.3
7180,USW00014819,"CHICAGO MIDWAY AIRPORT, IL US",41.78412,-87.75514,2023-04-29,2023-04-29,15,5.6
7181,USW00014819,"CHICAGO MIDWAY AIRPORT, IL US",41.78412,-87.75514,2023-04-30,2023-04-30,10,4.4
7182,USW00014819,"CHICAGO MIDWAY AIRPORT, IL US",41.78412,-87.75514,2023-05-01,2023-05-01,10,5
7183,USW00014819,"CHICAGO MIDWAY AIRPORT, IL US",41.78412,-87.75514,2023-05-02,2023-05-02,12.8,6.1
7184,USW00014819,"CHICAGO MIDWAY AIRPORT, IL US",41.78412,-87.75514,2023-05-03,2023-05-03,13.9,5
7185,USW00014819,"CHICAGO MIDWAY AIRPORT, IL US",41.78412,-87.75514,2023-05-04,2023-05-04,22.8,5
7186,USW00014819,"CHICAGO MIDWAY AIRPORT, IL US",41.78412,-87.75514,2023-05-05,2023-05-05,26.1,13.3
7187,USW00014819,"CHICAGO MIDWAY AIRPORT, IL US",41.78412,-87.75514,2023-05-06,2023-05-06,26.1,15.6
7188,USW00014819,"CHICAGO MIDWAY AIRPORT, IL US",41.78412,-87.75514,2023-05-07,2023-05-07,29.4,15.6
7189,USW00014819,"CHICAGO MIDWAY AIRPORT, IL US",41.78412,-87.75514,2023-05-08,2023-05-08,20,10.6
7190,USW00014819,"CHICAGO MIDWAY AIRPORT, IL US",41.78412,-87.75514,2023-05-09,2023-05-09,21.1,9.4
7191,USW00014819,"CHICAGO MIDWAY AIRPORT, IL US",41.78412,-87.75514,2023-05-10,2023-05-10,26.7,10.6
7192,USW00014819,"CHICAGO MIDWAY AIRPORT, IL US",41.78412,-87.75514,2023-05-11,2023-05-11,28.3,13.9
7193,USW00014819,"CHICAGO MIDWAY AIRPORT, IL US",41.78412,-87.75514,2023-05-12,2023-05-12,24.4,15.6
7194,USW00014819,"CHICAGO MIDWAY AIRPORT, IL US",41.78412,-87.75514,2023-05-13,2023-05-13,20,13.9
7195,USW00014819,"CHICAGO MIDWAY AIRPORT, IL US",41.78412,-87.75514,2023-05-14,2023-05-14,18.3,12.8
7196,USW00014819,"CHICAGO MIDWAY AIRPORT, IL US",41.78412,-87.75514,2023-05-15,2023-05-15,20,11.7
7197,USW00014819,"CHICAGO MIDWAY AIRPORT, IL US",41.78412,-87.75514,2023-05-16,2023-05-16,27.2,10.6
7198,USW00014819,"CHICAGO MIDWAY AIRPORT, IL US",41.78412,-87.75514,2023-05-17,2023-05-17,17.2,8.3
7199,USW00014819,"CHICAGO MIDWAY AIRPORT, IL US",41.78412,-87.75514,2023-05-18,2023-05-18,23.9,8.3
7200,USW00014819,"CHICAGO MIDWAY AIRPORT, IL US",41.78412,-87.75514,2023-05-19,2023-05-19,23.9,12.2
7201,USW00014819,"CHICAGO MIDWAY AIRPORT, IL US",41.78412,-87.75514,2023-05-20,2023-05-20,21.1,10
7202,USW00014819,"CHICAGO MIDWAY AIRPORT, IL US",41.78412,-87.75514,2023-05-21,2023-05-21,26.7,12.2
7203,USW00014819,"CHICAGO MIDWAY AIRPORT, IL US",41.78412,-87.75514,2023-05-22,2023-05-22,27.8,12.8
7204,USW00014819,"CHICAGO MIDWAY AIRPORT, IL US",41.78412,-87.75514,2023-05-23,2023-05-23,29.4,15
7205,USW00014819,"CHICAGO MIDWAY AIRPORT, IL US",41.78412,-87.75514,2023-05-24,2023-05-24,21.1,12.2
7206,USW00014819,"CHICAGO MIDWAY AIRPORT, IL US",41.78412,-87.75514,2023-05-25,2023-05-25,16.7,10
7207,USW00014819,"CHICAGO MIDWAY AIRPORT, IL US",41.78412,-87.75514,2023-05-26,2023-05-26,21.1,10
7208,USW00014819,"CHICAGO MIDWAY AIRPORT, IL US",41.78412,-87.75514,2023-05-27,2023-05-27,23.3,8.9
7209,USW00014819,"CHICAGO MIDWAY AIRPORT, IL US",41.78412,-87.75514,2023-05-28,2023-05-28,26.1,13.3
7210,USW00014819,"CHICAGO MIDWAY AIRPORT, IL US",41.78412,-87.75514,2023-05-29,2023-05-29,28.3,12.8
7211,USW00014819,"CHICAGO MIDWAY AIRPORT, IL US",41.78412,-87.75514,2023-05-30,2023-05-30,31.7,16.7
7212,USW00014819,"CHICAGO MIDWAY AIRPORT, IL US",41.78412,-87.75514,2023-05-31,2023-05-31,32.8,21.1
7213,USW00014819,"CHICAGO MIDWAY AIRPORT, IL US",41.78412,-87.75514,2023-06-01,2023-06-01,32.8,20.6
7214,USW00014819,"CHICAGO MIDWAY AIRPORT, IL US",41.78412,-87.75514,2023-06-02,2023-06-02,32.8,20.6
7215,USW00014819,"CHICAGO MIDWAY AIRPORT, IL US",41.78412,-87.75514,2023-06-03,2023-06-03,31.7,20
7216,USW00014819,"CHICAGO MIDWAY AIRPORT, IL US",41.78412,-87.75514,2023-06-04,2023-06-04,25.6,16.7
7217,USW00014819,"CHICAGO MIDWAY AIRPORT, IL US",41.78412,-87.75514,2023-06-05,2023-06-05,29.4,14.4
7218,USW00014819,"CHICAGO MIDWAY AIRPORT, IL US",41.78412,-87.75514,2023-06-06,2023-06-06,26.7,16.7
7219,USW00014819,"CHICAGO MIDWAY AIRPORT, IL US",41.78412,-87.75514,2023-06-07,2023-06-07,23.9,15
7220,USW00014819,"CHICAGO MIDWAY AIRPORT, IL US",41.78412,-87.75514,2023-06-08,2023-06-08,23.3,13.3
7221,USW00014819,"CHICAGO MIDWAY AIRPORT, IL US",41.78412,-87.75514,2023-06-09,2023-06-09,26.1,12.2
7222,USW00014819,"CHICAGO MIDWAY AIRPORT, IL US",41.78412,-87.75514,2023-06-10,2023-06-10,30.6,16.1
7223,USW00014819,"CHICAGO MIDWAY AIRPORT, IL US",41.78412,-87.75514,2023-06-11,2023-06-11,19.4,11.7
7224,USW00014819,"CHICAGO MIDWAY AIRPORT, IL US",41.78412,-87.75514,2023-06-12,2023-06-12,21.1,11.1
7225,USW00014819,"CHICAGO MIDWAY AIRPORT, IL US",41.78412,-87.75514,2023-06-13,2023-06-13,19.4,13.3
7226,USW00014819,"CHICAGO MIDWAY AIRPORT, IL US",41.78412,-87.75514,2023-06-14,2023-06-14,22.8,15
7227,USW00014819,"CHICAGO MIDWAY AIRPORT, IL US",41.78412,-87.75514,2023-06-15,2023-06-15,28.3,12.2
7228,USW00014819,"CHICAGO MIDWAY AIRPORT, IL US",41.78412,-87.75514,2023-06-16,2023-06-16,20,12.2
7229,USW00014819,"CHICAGO MIDWAY AIRPORT, IL US",41.78412,-87.75514,2023-06-17,2023-06-17,26.1,11.1
7230,USW00014819,"CHICAGO MIDWAY AIRPORT, IL US",41.78412,-87.75514,2023-06-18,2023-06-18,30,16.7
7231,USW00014819,"CHICAGO MIDWAY AIRPORT, IL US",41.78412,-87.75514,2023-06-19,2023-06-19,30,18.3
7232,USW00014819,"CHICAGO MIDWAY AIRPORT, IL US",41.78412,-87.75514,2023-06-20,2023-06-20,28.9,16.7
7233,USW00014819,"CHICAGO MIDWAY AIRPORT, IL US",41.78412,-87.75514,2023-06-21,2023-06-21,31.1,19.4
7234,USW00014819,"CHICAGO MIDWAY AIRPORT, IL US",41.78412,-87.75514,2023-06-22,2023-06-22,29.4,20.6
7235,USW00014819,"CHICAGO MIDWAY AIRPORT, IL US",41.78412,-87.75514,2023-06-23,2023-06-23,29.4,20.6
7236,USW00014819,"CHICAGO MIDWAY AIRPORT, IL US",41.78412,-87.75514,2023-06-24,2023-06-24,33.3,18.9
7237,USW00014819,"CHICAGO MIDWAY AIRPORT, IL US",41.78412,-87.75514,2023-06-25,2023-06-25,30.6,19.4
7238,USW00014819,"CHICAGO MIDWAY AIRPORT, IL US",41.78412,-87.75514,2023-06-26,2023-06-26,24.4,20.6
7239,USW00014819,"CHICAGO MIDWAY AIRPORT, IL US",41.78412,-87.75514,2023-06-27,2023-06-27,24.4,17.8
7240,USW00014819,"CHICAGO MIDWAY AIRPORT, IL US",41.78412,-87.75514,2023-06-28,2023-06-28,28.9,15
7241,USW00014819,"CHICAGO MIDWAY AIRPORT, IL US",41.78412,-87.75514,2023-06-29,2023-06-29,30.6,22.8
7242,USW00014819,"CHICAGO MIDWAY AIRPORT, IL US",41.78412,-87.75514,2023-06-30,2023-06-30,32.2,21.1
7243,USW00014819,"CHICAGO MIDWAY AIRPORT, IL US",41.78412,-87.75514,2023-07-01,2023-07-01,30,22.8
7244,USW00014819,"CHICAGO MIDWAY AIRPORT, IL US",41.78412,-87.75514,2023-07-02,2023-07-02,23.9,18.9
7245,USW00014819,"CHICAGO MIDWAY AIRPORT, IL US",41.78412,-87.75514,2023-07-03,2023-07-03,30,17.2
7246,USW00014819,"CHICAGO MIDWAY AIRPORT, IL US",41.78412,-87.75514,2023-07-04,2023-07-04,33.3,20.6
7247,USW00014819,"CHICAGO MIDWAY AIRPORT, IL US",41.78412,-87.75514,2023-07-05,2023-07-05,33.3,21.7
7248,USW00014819,"CHICAGO MIDWAY AIRPORT, IL US",41.78412,-87.75514,2023-07-06,2023-07-06,26.7,20
7249,USW00014819,"CHICAGO MIDWAY AIRPORT, IL US",41.78412,-87.75514,2023-07-07,2023-07-07,27.2,18.3
7250,USW00014819,"CHICAGO MIDWAY AIRPORT, IL US",41.78412,-87.75514,2023-07-08,2023-07-08,23.9,17.2
7251,USW00014819,"CHICAGO MIDWAY AIRPORT, IL US",41.78412,-87.75514,2023-07-09,2023-07-09,29.4,15.6
7252,USW00014819,"CHICAGO MIDWAY AIRPORT, IL US",41.78412,-87.75514,2023-07-10,2023-07-10,29.4,18.3
7253,USW00014819,"CHICAGO MIDWAY AIRPORT, IL US",41.78412,-87.75514,2023-07-11,2023-07-11,31.1,20.6
7254,USW00014819,"CHICAGO MIDWAY AIRPORT, IL US",41.78412,-87.75514,2023-07-12,2023-07-12,26.7,17.2
7255,USW00014819,"CHICAGO MIDWAY AIRPORT, IL US",41.78412,-87.75514,2023-07-13,2023-07-13,25.6,17.8
7256,USW00014819,"CHICAGO MIDWAY AIRPORT, IL US",41.78412,-87.75514,2023-07-14,2023-07-14,32.2,20.6
7257,USW00014819,"CHICAGO MIDWAY AIRPORT, IL US",41.78412,-87.75514,2023-07-15,2023-07-15,28.9,21.1
7258,USW00014819,"CHICAGO MIDWAY AIRPORT, IL US",41.78412,-87.75514,2023-07-16,2023-07-16,27.8,19.4
7259,USW00014819,"CHICAGO MIDWAY AIRPORT, IL US",41.78412,-87.75514,2023-07-17,2023-07-17,26.7,18.9
7260,USW00014819,"CHICAGO MIDWAY AIRPORT, IL US",41.78412,-87.75514,2023-07-18,2023-07-18,25.6,16.7
7261,USW00014819,"CHICAGO MIDWAY AIRPORT, IL US",41.78412,-87.75514,2023-07-19,2023-07-19,29.4,16.7
7262,USW00014819,"CHICAGO MIDWAY AIRPORT, IL US",41.78412,-87.75514,2023-07-20,2023-07-20,31.1,21.7
7263,USW00014819,"CHICAGO MIDWAY AIRPORT, IL US",41.78412,-87.75514,2023-07-21,2023-07-21,27.2,20
7264,USW00014819,"CHICAGO MIDWAY AIRPORT, IL US",41.78412,-87.75514,2023-07-22,2023-07-22,30,17.8
7265,USW00014819,"CHICAGO MIDWAY AIRPORT, IL US",41.78412,-87.75514,2023-07-23,2023-07-23,29.4,18.3
7266,USW00014819,"CHICAGO MIDWAY AIRPORT, IL US",41.78412,-87.75514,2023-07-24,2023-07-24,30.6,20.6
7267,USW00014819,"CHICAGO MIDWAY AIRPORT, IL US",41.78412,-87.75514,2023-07-25,2023-07-25,32.2,20.6
7268,USW00014819,"CHICAGO MIDWAY AIRPORT, IL US",41.78412,-87.75514,2023-07-26,2023-07-26,32.8,24.4
7269,USW00014819,"CHICAGO MIDWAY AIRPORT, IL US",41.78412,-87.75514,2023-07-27,2023-07-27,32.8,23.9
7270,USW00014819,"CHICAGO MIDWAY AIRPORT, IL US",41.78412,-87.75514,2023-07-28,2023-07-28,33.9,21.7
7271,USW00014819,"CHICAGO MIDWAY AIRPORT, IL US",41.78412,-87.75514,2023-07-29,2023-07-29,28.3,21.1
7272,USW00014819,"CHICAGO MIDWAY AIRPORT, IL US",41.78412,-87.75514,2023-07-30,2023-07-30,26.7,19.4
7273,USW00014819,"CHICAGO MIDWAY AIRPORT, IL US",41.78412,-87.75514,2023-07-31,2023-07-31,27.8,17.8
7274,USW00014819,"CHICAGO MIDWAY AIRPORT, IL US",41.78412,-87.75514,2023-08-01,2023-08-01,29.4,20.6
7275,USW00014819,"CHICAGO MIDWAY AIRPORT, IL US",41.78412,-87.75514,2023-08-02,2023-08-02,29.4,20.6
7276,USW00014819,"CHICAGO MIDWAY AIRPORT, IL US",41.78412,-87.75514,2023-08-03,2023-08-03,32.2,18.9
7277,USW00014819,"CHICAGO MIDWAY AIRPORT, IL US",41.78412,-87.75514,2023-08-04,2023-08-04,29.4,22.2
7278,USW00014819,"CHICAGO MIDWAY AIRPORT, IL US",41.78412,-87.75514,2023-08-05,2023-08-05,24.4,19.4
7279,USW00014819,"CHICAGO MIDWAY AIRPORT, IL US",41.78412,-87.75514,2023-08-06,2023-08-06,22.2,18.9
7280,USW00014819,"CHICAGO MIDWAY AIRPORT, IL US",41.78412,-87.75514,2023-08-07,2023-08-07,26.7,19.4
7281,USW00014819,"CHICAGO MIDWAY AIRPORT, IL US",41.78412,-87.75514,2023-08-08,2023-08-08,29.4,17.8
7282,USW00014819,"CHICAGO MIDWAY AIRPORT, IL US",41.78412,-87.75514,2023-08-09,2023-08-09,26.1,18.9
7283,USW00014819,"CHICAGO MIDWAY AIRPORT, IL US",41.78412,-87.75514,2023-08-10,2023-08-10,29.4,18.3
7284,USW00014819,"CHICAGO MIDWAY AIRPORT, IL US",41.78412,-87.75514,2023-08-11,2023-08-11,29.4,21.7
7285,USW00014819,"CHICAGO MIDWAY AIRPORT, IL US",41.78412,-87.75514,2023-08-12,2023-08-12,30.6,22.2
7286,USW00014819,"CHICAGO MIDWAY AIRPORT, IL US",41.78412,-87.75514,2023-08-13,2023-08-13,27.2,19.4
7287,USW00014819,"CHICAGO MIDWAY AIRPORT, IL US",41.78412,-87.75514,2023-08-14,2023-08-14,24.4,17.8
7288,USW00014819,"CHICAGO MIDWAY AIRPORT, IL US",41.78412,-87.75514,2023-08-15,2023-08-15,25.6,17.2
7289,USW00014819,"CHICAGO MIDWAY AIRPORT, IL US",41.78412,-87.75514,2023-08-16,2023-08-16,27.2,14.4
7290,USW00014819,"CHICAGO MIDWAY AIRPORT, IL US",41.78412,-87.75514,2023-08-17,2023-08-17,27.2,16.7
7291,USW00014819,"CHICAGO MIDWAY AIRPORT, IL US",41.78412,-87.75514,2023-08-18,2023-08-18,26.1,14.4
7292,USW00014819,"CHICAGO MIDWAY AIRPORT, IL US",41.78412,-87.75514,2023-08-19,2023-08-19,28.3,17.2
7293,USW00014819,"CHICAGO MIDWAY AIRPORT, IL US",41.78412,-87.75514,2023-08-20,2023-08-20,32.8,22.2
7294,USW00014819,"CHICAGO MIDWAY AIRPORT, IL US",41.78412,-87.75514,2023-08-21,2023-08-21,28.3,21.7
7295,USW00014819,"CHICAGO MIDWAY AIRPORT, IL US",41.78412,-87.75514,2023-08-22,2023-08-22,31.1,21.1
7296,USW00014819,"CHICAGO MIDWAY AIRPORT, IL US",41.78412,-87.75514,2023-08-23,2023-08-23,36.7,23.9
7297,USW00014819,"CHICAGO MIDWAY AIRPORT, IL US",41.78412,-87.75514,2023-08-24,2023-08-24,37.8,23.3
7298,USW00014819,"CHICAGO MIDWAY AIRPORT, IL US",41.78412,-87.75514,2023-08-25,2023-08-25,27.8,21.7
7299,USW00014819,"CHICAGO MIDWAY AIRPORT, IL US",41.78412,-87.75514,2023-08-26,2023-08-26,24.4,18.3
7300,USW00014819,"CHICAGO MIDWAY AIRPORT, IL US",41.78412,-87.75514,2023-08-27,2023-08-27,23.9,18.9
7301,USW00014819,"CHICAGO MIDWAY AIRPORT, IL US",41.78412,-87.75514,2023-08-28,2023-08-28,25.6,15.6
7302,USW00014819,"CHICAGO MIDWAY AIRPORT, IL US",41.78412,-87.75514,2023-08-29,2023-08-29,30,17.2
7303,USW00014819,"CHICAGO MIDWAY AIRPORT, IL US",41.78412,-87.75514,2023-08-30,2023-08-30,21.7,13.9
7304,USW00014819,"CHICAGO MIDWAY AIRPORT, IL US",41.78412,-87.75514,2023-08-31,2023-08-31,24.4,12.2
7305,USW00014819,"CHICAGO MIDWAY AIRPORT, IL US",41.78412,-87.75514,2023-09-01,2023-09-01,28.3,15.6
7306,USW00014819,"CHICAGO MIDWAY AIRPORT, IL US",41.78412,-87.75514,2023-09-02,2023-09-02,31.1,17.8
7307,USW00014819,"CHICAGO MIDWAY AIRPORT, IL US",41.78412,-87.75514,2023-09-03,2023-09-03,33.9,20
7308,USW00014819,"CHICAGO MIDWAY AIRPORT, IL US",41.78412,-87.75514,2023-09-04,2023-09-04,33.9,21.7
7309,USW00014819,"CHICAGO MIDWAY AIRPORT, IL US",41.78412,-87.75514,2023-09-05,2023-09-05,33.3,24.4
7310,USW00014819,"CHICAGO MIDWAY AIRPORT, IL US",41.78412,-87.75514,2023-09-06,2023-09-06,27.2,19.4
7311,USW00014819,"CHICAGO MIDWAY AIRPORT, IL US",41.78412,-87.75514,2023-09-07,2023-09-07,21.7,17.8
7312,USW00014819,"CHICAGO MIDWAY AIRPORT, IL US",41.78412,-87.75514,2023-09-08,2023-09-08,20.6,15.6
7313,USW00014819,"CHICAGO MIDWAY AIRPORT, IL US",41.78412,-87.75514,2023-09-09,2023-09-09,23.9,13.3
7314,USW00014819,"CHICAGO MIDWAY AIRPORT, IL US",41.78412,-87.75514,2023-09-10,2023-09-10,26.7,12.8
7315,USW00014819,"CHICAGO MIDWAY AIRPORT, IL US",41.78412,-87.75514,2023-09-11,2023-09-11,21.7,15.6
7316,USW00014819,"CHICAGO MIDWAY AIRPORT, IL US",41.78412,-87.75514,2023-09-12,2023-09-12,21.7,13.3
7317,USW00014819,"CHICAGO MIDWAY AIRPORT, IL US",41.78412,-87.75514,2023-09-13,2023-09-13,21.7,12.2
7318,USW00014819,"CHICAGO MIDWAY AIRPORT, IL US",41.78412,-87.75514,2023-09-14,2023-09-14,21.7,10.6
7319,USW00014819,"CHICAGO MIDWAY AIRPORT, IL US",41.78412,-87.75514,2023-09-15,2023-09-15,25,12.2
7320,USW00014819,"CHICAGO MIDWAY AIRPORT, IL US",41.78412,-87.75514,2023-09-16,2023-09-16,22.2,15.6
7321,USW00014819,"CHICAGO MIDWAY AIRPORT, IL US",41.78412,-87.75514,2023-09-17,2023-09-17,20.6,12.8
7322,USW00014819,"CHICAGO MIDWAY AIRPORT, IL US",41.78412,-87.75514,2023-09-18,2023-09-18,21.7,11.7
7323,USW00014819,"CHICAGO MIDWAY AIRPORT, IL US",41.78412,-87.75514,2023-09-19,2023-09-19,19.4,14.4
7324,USW00014819,"CHICAGO MIDWAY AIRPORT, IL US",41.78412,-87.75514,2023-09-20,2023-09-20,26.7,16.1
7325,USW00014819,"CHICAGO MIDWAY AIRPORT, IL US",41.78412,-87.75514,2023-09-21,2023-09-21,24.4,18.9
7326,USW00014819,"CHICAGO MIDWAY AIRPORT, IL US",41.78412,-87.75514,2023-09-22,2023-09-22,25.6,18.3
7327,USW00014819,"CHICAGO MIDWAY AIRPORT, IL US",41.78412,-87.75514,2023-09-23,2023-09-23,25.6,17.8
7328,USW00014819,"CHICAGO MIDWAY AIRPORT, IL US",41.78412,-87.75514,2023-09-24,2023-09-24,25,15
7329,USW00014819,"CHICAGO MIDWAY AIRPORT, IL US",41.78412,-87.75514,2023-09-25,2023-09-25,24.4,17.2
7330,USW00014819,"CHICAGO MIDWAY AIRPORT, IL US",41.78412,-87.75514,2023-09-26,2023-09-26,23.3,17.8
7331,USW00014819,"CHICAGO MIDWAY AIRPORT, IL US",41.78412,-87.75514,2023-09-27,2023-09-27,21.1,17.2
7332,USW00014819,"CHICAGO MIDWAY AIRPORT, IL US",41.78412,-87.75514,2023-09-28,2023-09-28,21.1,16.1
7333,USW00014819,"CHICAGO MIDWAY AIRPORT, IL US",41.78412,-87.75514,2023-09-29,2023-09-29,24.4,13.9
7334,USW00014819,"CHICAGO MIDWAY AIRPORT, IL US",41.78412,-87.75514,2023-09-30,2023-09-30,28.3,15
7335,USW00014819,"CHICAGO MIDWAY AIRPORT, IL US",41.78412,-87.75514,2023-10-01,2023-10-01,29.4,17.2
7336,USW00014819,"CHICAGO MIDWAY AIRPORT, IL US",41.78412,-87.75514,2023-10-02,2023-10-02,29.4,17.2
7337,USW00014819,"CHICAGO MIDWAY AIRPORT, IL US",41.78412,-87.75514,2023-10-03,2023-10-03,30.6,18.3
7338,USW00014819,"CHICAGO MIDWAY AIRPORT, IL US",41.78412,-87.75514,2023-10-04,2023-10-04,29.4,20.6
7339,USW00014819,"CHICAGO MIDWAY AIRPORT, IL US",41.78412,-87.75514,2023-10-05,2023-10-05,21.7,15.6
7340,USW00014819,"CHICAGO MIDWAY AIRPORT, IL US",41.78412,-87.75514,2023-10-06,2023-10-06,16.1,7.2
7341,USW00014819,"CHICAGO MIDWAY AIRPORT, IL US",41.78412,-87.75514,2023-10-07,2023-10-07,15,7.2
7342,USW00014819,"CHICAGO MIDWAY AIRPORT, IL US",41.78412,-87.75514,2023-10-08,2023-10-08,13.3,7.2
7343,USW00014819,"CHICAGO MIDWAY AIRPORT, IL US",41.78412,-87.75514,2023-10-09,2023-10-09,15,6.1
7344,USW00014819,"CHICAGO MIDWAY AIRPORT, IL US",41.78412,-87.75514,2023-10-10,2023-10-10,17.2,4.4
7345,USW00014819,"CHICAGO MIDWAY AIRPORT, IL US",41.78412,-87.75514,2023-10-11,2023-10-11,19.4,5
7346,USW00014819,"CHICAGO MIDWAY AIRPORT, IL US",41.78412,-87.75514,2023-10-12,2023-10-12,17.2,11.7
7347,USW00014819,"CHICAGO MIDWAY AIRPORT, IL US",41.78412,-87.75514,2023-10-13,2023-10-13,15,12.2
7348,USW00014819,"CHICAGO MIDWAY AIRPORT, IL US",41.78412,-87.75514,2023-10-14,2023-10-14,13.3,10
7349,USW00014819,"CHICAGO MIDWAY AIRPORT, IL US",41.78412,-87.75514,2023-10-15,2023-10-15,15,7.8
7350,USW00014819,"CHICAGO MIDWAY AIRPORT, IL US",41.78412,-87.75514,2023-10-16,2023-10-16,12.2,6.1
7351,USW00014819,"CHICAGO MIDWAY AIRPORT, IL US",41.78412,-87.75514,2023-10-17,2023-10-17,17.2,4.4
7352,USW00014819,"CHICAGO MIDWAY AIRPORT, IL US",41.78412,-87.75514,2023-10-18,2023-10-18,19.4,7.8
7353,USW00014819,"CHICAGO MIDWAY AIRPORT, IL US",41.78412,-87.75514,2023-10-19,2023-10-19,14.4,12.2
7354,USW00014819,"CHICAGO MIDWAY AIRPORT, IL US",41.78412,-87.75514,2023-10-20,2023-10-20,15.6,8.3
7355,USW00014819,"CHICAGO MIDWAY AIRPORT, IL US",41.78412,-87.75514,2023-10-21,2023-10-21,18.3,7.2
7356,USW00014819,"CHICAGO MIDWAY AIRPORT, IL US",41.78412,-87.75514,2023-10-22,2023-10-22,15,5.6
7357,USW00014819,"CHICAGO MIDWAY AIRPORT, IL US",41.78412,-87.75514,2023-10-23,2023-10-23,19.4,7.2
7358,USW00014819,"CHICAGO MIDWAY AIRPORT, IL US",41.78412,-87.75514,2023-10-24,2023-10-24,27.8,14.4
7359,USW00014819,"CHICAGO MIDWAY AIRPORT, IL US",41.78412,-87.75514,2023-10-25,2023-10-25,19.4,15.6
7360,USW00014819,"CHICAGO MIDWAY AIRPORT, IL US",41.78412,-87.75514,2023-10-26,2023-10-26,22.2,17.8
7361,USW00014819,"CHICAGO MIDWAY AIRPORT, IL US",41.78412,-87.75514,2023-10-27,2023-10-27,21.7,7.8
7362,USW00014819,"CHICAGO MIDWAY AIRPORT, IL US",41.78412,-87.75514,2023-10-28,2023-10-28,10,4.4
7363,USW00014819,"CHICAGO MIDWAY AIRPORT, IL US",41.78412,-87.75514,2023-10-29,2023-10-29,9.4,3.9
7364,USW00014819,"CHICAGO MIDWAY AIRPORT, IL US",41.78412,-87.75514,2023-10-30,2023-10-30,6.7,-0.5
7365,USW00014819,"CHICAGO MIDWAY AIRPORT, IL US",41.78412,-87.75514,2023-10-31,2023-10-31,2.8,-1.6
7366,USW00014819,"CHICAGO MIDWAY AIRPORT, IL US",41.78412,-87.75514,2023-11-01,2023-11-01,5,-2.7
7367,USW00014819,"CHICAGO MIDWAY AIRPORT, IL US",41.78412,-87.75514,2023-11-02,2023-11-02,12.8,1.1
7368,USW00014819,"CHICAGO MIDWAY AIRPORT, IL US",41.78412,-87.75514,2023-11-03,2023-11-03,14.4,6.7
7369,USW00014819,"CHICAGO MIDWAY AIRPORT, IL US",41.78412,-87.75514,2023-11-04,2023-11-04,15,5.6
7370,USW00014819,"CHICAGO MIDWAY AIRPORT, IL US",41.78412,-87.75514,2023-11-05,2023-11-05,16.1,2.2
7371,USW00014819,"CHICAGO MIDWAY AIRPORT, IL US",41.78412,-87.75514,2023-11-06,2023-11-06,21.7,12.2
7372,USW00014819,"CHICAGO MIDWAY AIRPORT, IL US",41.78412,-87.75514,2023-11-07,2023-11-07,13.9,7.8
7373,USW00014819,"CHICAGO MIDWAY AIRPORT, IL US",41.78412,-87.75514,2023-11-08,2023-11-08,16.1,8.9
7374,USW00014819,"CHICAGO MIDWAY AIRPORT, IL US",41.78412,-87.75514,2023-11-09,2023-11-09,13.9,5.6
7375,USW00014819,"CHICAGO MIDWAY AIRPORT, IL US",41.78412,-87.75514,2023-11-10,2023-11-10,8.9,1.7
7376,USW00014819,"CHICAGO MIDWAY AIRPORT, IL US",41.78412,-87.75514,2023-11-11,2023-11-11,11.1,-0.5
7377,USW00014819,"CHICAGO MIDWAY AIRPORT, IL US",41.78412,-87.75514,2023-11-12,2023-11-12,14.4,5.6
7378,USW00014819,"CHICAGO MIDWAY AIRPORT, IL US",41.78412,-87.75514,2023-11-13,2023-11-13,17.8,3.9
7379,USW00014819,"CHICAGO MIDWAY AIRPORT, IL US",41.78412,-87.75514,2023-11-14,2023-11-14,17.2,2.2
7380,USW00014819,"CHICAGO MIDWAY AIRPORT, IL US",41.78412,-87.75514,2023-11-15,2023-11-15,19.4,6.1
7381,USW00014819,"CHICAGO MIDWAY AIRPORT, IL US",41.78412,-87.75514,2023-11-16,2023-11-16,19.4,8.3
7382,USW00014819,"CHICAGO MIDWAY AIRPORT, IL US",41.78412,-87.75514,2023-11-17,2023-11-17,17.2,2.2
7383,USW00014819,"CHICAGO MIDWAY AIRPORT, IL US",41.78412,-87.75514,2023-11-18,2023-11-18,11.7,0
7384,USW00014819,"CHICAGO MIDWAY AIRPORT, IL US",41.78412,-87.75514,2023-11-19,2023-11-19,12.2,2.2
7385,USW00014819,"CHICAGO MIDWAY AIRPORT, IL US",41.78412,-87.75514,2023-11-20,2023-11-20,10,6.1
7386,USW00014819,"CHICAGO MIDWAY AIRPORT, IL US",41.78412,-87.75514,2023-11-21,2023-11-21,7.8,2.8
7387,USW00014819,"CHICAGO MIDWAY AIRPORT, IL US",41.78412,-87.75514,2023-11-22,2023-11-22,8.3,0.6
7388,USW00014819,"CHICAGO MIDWAY AIRPORT, IL US",41.78412,-87.75514,2023-11-23,2023-11-23,8.9,1.1
7389,USW00014819,"CHICAGO MIDWAY AIRPORT, IL US",41.78412,-87.75514,2023-11-24,2023-11-24,2.8,-1.6
7390,USW00014819,"CHICAGO MIDWAY AIRPORT, IL US",41.78412,-87.75514,2023-11-25,2023-11-25,3.9,-1.6
7391,USW00014819,"CHICAGO MIDWAY AIRPORT, IL US",41.78412,-87.75514,2023-11-26,2023-11-26,1.7,-1.6
7392,USW00014819,"CHICAGO MIDWAY AIRPORT, IL US",41.78412,-87.75514,2023-11-27,2023-11-27,-1,-7.1
7393,USW00014819,"CHICAGO MIDWAY AIRPORT, IL US",41.78412,-87.75514,2023-11-28,2023-11-28,-3.2,-8.8
7394,USW00014819,"CHICAGO MIDWAY AIRPORT, IL US",41.78412,-87.75514,2023-11-29,2023-11-29,5.6,-6
7395,USW00014819,"CHICAGO MIDWAY AIRPORT, IL US",41.78412,-87.75514,2023-11-30,2023-11-30,12.8,0
7396,USW00014819,"CHICAGO MIDWAY AIRPORT, IL US",41.78412,-87.75514,2023-12-01,2023-12-01,7.8,6.1
7397,USW00014819,"CHICAGO MIDWAY AIRPORT, IL US",41.78412,-87.75514,2023-12-02,2023-12-02,7.8,5
7398,USW00014819,"CHICAGO MIDWAY AIRPORT, IL US",41.78412,-87.75514,2023-12-03,2023-12-03,5.6,3.3
7399,USW00014819,"CHICAGO MIDWAY AIRPORT, IL US",41.78412,-87.75514,2023-12-04,2023-12-04,5.6,1.1
7400,USW00014819,"CHICAGO MIDWAY AIRPORT, IL US",41.78412,-87.75514,2023-12-05,2023-12-05,5.6,0.6
7401,USW00014819,"CHICAGO MIDWAY AIRPORT, IL US",41.78412,-87.75514,2023-12-06,2023-12-06,5,0
7402,USW00014819,"CHICAGO MIDWAY AIRPORT, IL US",41.78412,-87.75514,2023-12-07,2023-12-07,11.7,2.8
7403,USW00014819,"CHICAGO MIDWAY AIRPORT, IL US",41.78412,-87.75514,2023-12-08,2023-12-08,13.3,7.2
7404,USW00014819,"CHICAGO MIDWAY AIRPORT, IL US",41.78412,-87.75514,2023-12-09,2023-12-09,13.9,2.2
7405,USW00014819,"CHICAGO MIDWAY AIRPORT, IL US",41.78412,-87.75514,2023-12-10,2023-12-10,2.2,0
7406,USW00014819,"CHICAGO MIDWAY AIRPORT, IL US",41.78412,-87.75514,2023-12-11,2023-12-11,2.8,-1.6
7407,USW00014819,"CHICAGO MIDWAY AIRPORT, IL US",41.78412,-87.75514,2023-12-12,2023-12-12,4.4,-2.1
7408,USW00014819,"CHICAGO MIDWAY AIRPORT, IL US",41.78412,-87.75514,2023-12-13,2023-12-13,5.6,-4.9
7409,USW00014819,"CHICAGO MIDWAY AIRPORT, IL US",41.78412,-87.75514,2023-12-14,2023-12-14,11.1,-0.5
7410,USW00014819,"CHICAGO MIDWAY AIRPORT, IL US",41.78412,-87.75514,2023-12-15,2023-12-15,12.2,2.2
7411,USW00014819,"CHICAGO MIDWAY AIRPORT, IL US",41.78412,-87.75514,2023-12-16,2023-12-16,9.4,5.6
7412,USW00014819,"CHICAGO MIDWAY AIRPORT, IL US",41.78412,-87.75514,2023-12-17,2023-12-17,7.2,2.8
7413,USW00014819,"CHICAGO MIDWAY AIRPORT, IL US",41.78412,-87.75514,2023-12-18,2023-12-18,2.8,-5.5
7414,USW00014819,"CHICAGO MIDWAY AIRPORT, IL US",41.78412,-87.75514,2023-12-19,2023-12-19,1.1,-7.7
7415,USW00014819,"CHICAGO MIDWAY AIRPORT, IL US",41.78412,-87.75514,2023-12-20,2023-12-20,6.1,-0.5
7416,USW00014819,"CHICAGO MIDWAY AIRPORT, IL US",41.78412,-87.75514,2023-12-21,2023-12-21,10,1.7
7417,USW00014819,"CHICAGO MIDWAY AIRPORT, IL US",41.78412,-87.75514,2023-12-22,2023-12-22,8.3,6.7
7418,USW00014819,"CHICAGO MIDWAY AIRPORT, IL US",41.78412,-87.75514,2023-12-23,2023-12-23,10.6,7.2
7419,USW00014819,"CHICAGO MIDWAY AIRPORT, IL US",41.78412,-87.75514,2023-12-24,2023-12-24,13.3,10
7420,USW00014819,"CHICAGO MIDWAY AIRPORT, IL US",41.78412,-87.75514,2023-12-25,2023-12-25,15.6,10.6
7421,USW00014819,"CHICAGO MIDWAY AIRPORT, IL US",41.78412,-87.75514,2023-12-26,2023-12-26,10.6,0.6
7422,USW00014819,"CHICAGO MIDWAY AIRPORT, IL US",41.78412,-87.75514,2023-12-27,2023-12-27,6.7,-0.5
7423,USW00014819,"CHICAGO MIDWAY AIRPORT, IL US",41.78412,-87.75514,2023-12-28,2023-12-28,6.7,3.3
7424,USW00014819,"CHICAGO MIDWAY AIRPORT, IL US",41.78412,-87.75514,2023-12-29,2023-12-29,6.7,0
7425,USW00014819,"CHICAGO MIDWAY AIRPORT, IL US",41.78412,-87.75514,2023-12-30,2023-12-30,3.9,-1.6
7426,USW00014819,"CHICAGO MIDWAY AIRPORT, IL US",41.78412,-87.75514,2023-12-31,2023-12-31,3.3,0
7427,USC00111550,"CHICAGO NORTHERLY ISLAND, IL US",41.8558,-87.6094,2024-01-01,2024-01-01,1.7,-2.2
7428,USC00111550,"CHICAGO NORTHERLY ISLAND, IL US",41.8558,-87.6094,2024-01-02,2024-01-02,3.9,-2.8
7429,USC00111550,"CHICAGO NORTHERLY ISLAND, IL US",41.8558,-87.6094,2024-01-03,2024-01-03,2.2,-0.6
7430,USC00111550,"CHICAGO NORTHERLY ISLAND, IL US",41.8558,-87.6094,2024-01-04,2024-01-04,2.2,-1.1
7431,USC00111550,"CHICAGO NORTHERLY ISLAND, IL US",41.8558,-87.6094,2024-01-05,2024-01-05,2.8,-1.7
7432,USC00111550,"CHICAGO NORTHERLY ISLAND, IL US",41.8558,-87.6094,2024-01-06,2024-01-06,1.7,-0.6
7433,USC00111550,"CHICAGO NORTHERLY ISLAND, IL US",41.8558,-87.6094,2024-01-07,2024-01-07,1.1,0
7434,USC00111550,"CHICAGO NORTHERLY ISLAND, IL US",41.8558,-87.6094,2024-01-08,2024-01-08,2.2,-0.6
7435,USC00111550,"CHICAGO NORTHERLY ISLAND, IL US",41.8558,-87.6094,2024-01-09,2024-01-09,2.8,0.6
7436,USC00111550,"CHICAGO NORTHERLY ISLAND, IL US",41.8558,-87.6094,2024-01-10,2024-01-10,1.7,-1.1
7437,USC00111550,"CHICAGO NORTHERLY ISLAND, IL US",41.8558,-87.6094,2024-01-11,2024-01-11,1.7,-1.7
7438,USC00111550,"CHICAGO NORTHERLY ISLAND, IL US",41.8558,-87.6094,2024-01-12,2024-01-12,3.3,-0.6
7439,USC00111550,"CHICAGO NORTHERLY ISLAND, IL US",41.8558,-87.6094,2024-01-13,2024-01-13,0.6,-16.7
7440,USC00111550,"CHICAGO NORTHERLY ISLAND, IL US",41.8558,-87.6094,2024-01-14,2024-01-14,-16.1,-22.8
7441,USC00111550,"CHICAGO NORTHERLY ISLAND, IL US",41.8558,-87.6094,2024-01-15,2024-01-15,-15,-22.8
7442,USC00111550,"CHICAGO NORTHERLY ISLAND, IL US",41.8558,-87.6094,2024-01-16,2024-01-16,-15.6,-20.6
7443,USC00111550,"CHICAGO NORTHERLY ISLAND, IL US",41.8558,-87.6094,2024-01-17,2024-01-17,-5.6,-15.6
7444,USC00111550,"CHICAGO NORTHERLY ISLAND, IL US",41.8558,-87.6094,2024-01-18,2024-01-18,-3.9,-10.6
7445,USC00111550,"CHICAGO NORTHERLY ISLAND, IL US",41.8558,-87.6094,2024-01-19,2024-01-19,-8.9,-13.3
7446,USC00111550,"CHICAGO NORTHERLY ISLAND, IL US",41.8558,-87.6094,2024-01-20,2024-01-20,-6.1,-13.9
7447,USC00111550,"CHICAGO NORTHERLY ISLAND, IL US",41.8558,-87.6094,2024-01-21,2024-01-21,-5.6,-14.4
7448,USC00111550,"CHICAGO NORTHERLY ISLAND, IL US",41.8558,-87.6094,2024-01-22,2024-01-22,0.6,-5.6
7449,USC00111550,"CHICAGO NORTHERLY ISLAND, IL US",41.8558,-87.6094,2024-01-23,2024-01-23,2.8,0
7450,USC00111550,"CHICAGO NORTHERLY ISLAND, IL US",41.8558,-87.6094,2024-01-24,2024-01-24,3.3,0
7451,USC00111550,"CHICAGO NORTHERLY ISLAND, IL US",41.8558,-87.6094,2024-01-25,2024-01-25,3.9,1.7
7452,USC00111550,"CHICAGO NORTHERLY ISLAND, IL US",41.8558,-87.6094,2024-01-26,2024-01-26,4.4,1.7
7453,USC00111550,"CHICAGO NORTHERLY ISLAND, IL US",41.8558,-87.6094,2024-01-27,2024-01-27,3.9,1.1
7454,USC00111550,"CHICAGO NORTHERLY ISLAND, IL US",41.8558,-87.6094,2024-01-28,2024-01-28,3.3,1.1
7455,USC00111550,"CHICAGO NORTHERLY ISLAND, IL US",41.8558,-87.6094,2024-01-29,2024-01-29,4.4,-1.1
7456,USC00111550,"CHICAGO NORTHERLY ISLAND, IL US",41.8558,-87.6094,2024-01-30,2024-01-30,3.9,2.2
7457,USC00111550,"CHICAGO NORTHERLY ISLAND, IL US",41.8558,-87.6094,2024-01-31,2024-01-31,3.9,2.8
7458,USC00111550,"CHICAGO NORTHERLY ISLAND, IL US",41.8558,-87.6094,2024-02-01,2024-02-01,10.6,2.2
7459,USC00111550,"CHICAGO NORTHERLY ISLAND, IL US",41.8558,-87.6094,2024-02-02,2024-02-02,3.9,-0.6
7460,USC00111550,"CHICAGO NORTHERLY ISLAND, IL US",41.8558,-87.6094,2024-02-03,2024-02-03,1.7,-1.1
7461,USC00111550,"CHICAGO NORTHERLY ISLAND, IL US",41.8558,-87.6094,2024-02-04,2024-02-04,4.4,0
7462,USC00111550,"CHICAGO NORTHERLY ISLAND, IL US",41.8558,-87.6094,2024-02-05,2024-02-05,4.4,0
7463,USC00111550,"CHICAGO NORTHERLY ISLAND, IL US",41.8558,-87.6094,2024-02-06,2024-02-06,3.3,-0.6
7464,USC00111550,"CHICAGO NORTHERLY ISLAND, IL US",41.8558,-87.6094,2024-02-07,2024-02-07,7.8,0
7465,USC00111550,"CHICAGO NORTHERLY ISLAND, IL US",41.8558,-87.6094,2024-02-08,2024-02-08,14.4,6.7
7466,USC00111550,"CHICAGO NORTHERLY ISLAND, IL US",41.8558,-87.6094,2024-02-09,2024-02-09,13.3,3.9
7467,USC00111550,"CHICAGO NORTHERLY ISLAND, IL US",41.8558,-87.6094,2024-02-10,2024-02-10,5.6,0.6
7468,USC00111550,"CHICAGO NORTHERLY ISLAND, IL US",41.8558,-87.6094,2024-02-11,2024-02-11,2.8,-1.1
7469,USC00111550,"CHICAGO NORTHERLY ISLAND, IL US",41.8558,-87.6094,2024-02-12,2024-02-12,7.2,-1.7
7470,USC00111550,"CHICAGO NORTHERLY ISLAND, IL US",41.8558,-87.6094,2024-02-13,2024-02-13,4.4,0.6
7471,USC00111550,"CHICAGO NORTHERLY ISLAND, IL US",41.8558,-87.6094,2024-02-14,2024-02-14,5.6,-1.1
7472,USC00111550,"CHICAGO NORTHERLY ISLAND, IL US",41.8558,-87.6094,2024-02-15,2024-02-15,6.7,0
7473,USC00111550,"CHICAGO NORTHERLY ISLAND, IL US",41.8558,-87.6094,2024-02-16,2024-02-16,0,-6.1
7474,USC00111550,"CHICAGO NORTHERLY ISLAND, IL US",41.8558,-87.6094,2024-02-17,2024-02-17,-1.7,-10
7475,USC00111550,"CHICAGO NORTHERLY ISLAND, IL US",41.8558,-87.6094,2024-02-18,2024-02-18,7.2,-4.4
7476,USC00111550,"CHICAGO NORTHERLY ISLAND, IL US",41.8558,-87.6094,2024-02-19,2024-02-19,6.1,-2.2
7477,USC00111550,"CHICAGO NORTHERLY ISLAND, IL US",41.8558,-87.6094,2024-02-20,2024-02-20,13.9,0
7478,USC00111550,"CHICAGO NORTHERLY ISLAND, IL US",41.8558,-87.6094,2024-02-21,2024-02-21,18.3,5.6
7479,USC00111550,"CHICAGO NORTHERLY ISLAND, IL US",41.8558,-87.6094,2024-02-22,2024-02-22,10.6,3.9
7480,USC00111550,"CHICAGO NORTHERLY ISLAND, IL US",41.8558,-87.6094,2024-02-23,2024-02-23,10,-2.8
7481,USC00111550,"CHICAGO NORTHERLY ISLAND, IL US",41.8558,-87.6094,2024-02-24,2024-02-24,0.6,-4.4
7482,USC00111550,"CHICAGO NORTHERLY ISLAND, IL US",41.8558,-87.6094,2024-02-25,2024-02-25,15,0
7483,USC00111550,"CHICAGO NORTHERLY ISLAND, IL US",41.8558,-87.6094,2024-02-26,2024-02-26,21.1,4.4
7484,USC00111550,"CHICAGO NORTHERLY ISLAND, IL US",41.8558,-87.6094,2024-02-27,2024-02-27,21.7,9.4
7485,USC00111550,"CHICAGO NORTHERLY ISLAND, IL US",41.8558,-87.6094,2024-02-28,2024-02-28,12.2,-6.1
7486,USC00111550,"CHICAGO NORTHERLY ISLAND, IL US",41.8558,-87.6094,2024-02-29,2024-02-29,6.7,-5.6
7487,USC00111550,"CHICAGO NORTHERLY ISLAND, IL US",41.8558,-87.6094,2024-03-01,2024-03-01,7.8,0.6
7488,USC00111550,"CHICAGO NORTHERLY ISLAND, IL US",41.8558,-87.6094,2024-03-02,2024-03-02,15,2.8
7489,USC00111550,"CHICAGO NORTHERLY ISLAND, IL US",41.8558,-87.6094,2024-03-03,2024-03-03,22.2,5.6
7490,USC00111550,"CHICAGO NORTHERLY ISLAND, IL US",41.8558,-87.6094,2024-03-04,2024-03-04,21.1,4.4
7491,USC00111550,"CHICAGO NORTHERLY ISLAND, IL US",41.8558,-87.6094,2024-03-05,2024-03-05,5,3.3
7492,USC00111550,"CHICAGO NORTHERLY ISLAND, IL US",41.8558,-87.6094,2024-03-06,2024-03-06,6.1,3.3
7493,USC00111550,"CHICAGO NORTHERLY ISLAND, IL US",41.8558,-87.6094,2024-03-07,2024-03-07,6.1,2.8
7494,USC00111550,"CHICAGO NORTHERLY ISLAND, IL US",41.8558,-87.6094,2024-03-08,2024-03-08,5.6,3.9
7495,USC00111550,"CHICAGO NORTHERLY ISLAND, IL US",41.8558,-87.6094,2024-03-09,2024-03-09,7.2,2.2
7496,USC00111550,"CHICAGO NORTHERLY ISLAND, IL US",41.8558,-87.6094,2024-03-12,2024-03-12,21.1,10
7497,USC00111550,"CHICAGO NORTHERLY ISLAND, IL US",41.8558,-87.6094,2024-03-13,2024-03-13,15,7.2
7498,USC00111550,"CHICAGO NORTHERLY ISLAND, IL US",41.8558,-87.6094,2024-03-14,2024-03-14,17.2,4.4
7499,USC00111550,"CHICAGO NORTHERLY ISLAND, IL US",41.8558,-87.6094,2024-03-15,2024-03-15,6.7,2.8
7500,USC00111550,"CHICAGO NORTHERLY ISLAND, IL US",41.8558,-87.6094,2024-03-16,2024-03-16,13.9,5
7501,USC00111550,"CHICAGO NORTHERLY ISLAND, IL US",41.8558,-87.6094,2024-03-17,2024-03-17,6.1,-1.1
7502,USC00111550,"CHICAGO NORTHERLY ISLAND, IL US",41.8558,-87.6094,2024-03-18,2024-03-18,2.2,-3.3
7503,USC00111550,"CHICAGO NORTHERLY ISLAND, IL US",41.8558,-87.6094,2024-03-19,2024-03-19,13.9,-1.1
7504,USC00111550,"CHICAGO NORTHERLY ISLAND, IL US",41.8558,-87.6094,2024-03-20,2024-03-20,6.7,-1.1
7505,USC00111550,"CHICAGO NORTHERLY ISLAND, IL US",41.8558,-87.6094,2024-03-21,2024-03-21,2.2,-1.7
7506,USC00111550,"CHICAGO NORTHERLY ISLAND, IL US",41.8558,-87.6094,2024-03-22,2024-03-22,2.8,-1.1
7507,USC00111550,"CHICAGO NORTHERLY ISLAND, IL US",41.8558,-87.6094,2024-03-26,2024-03-26,14.4,0.6
7508,USC00111550,"CHICAGO NORTHERLY ISLAND, IL US",41.8558,-87.6094,2024-03-27,2024-03-27,5.6,-1.7
7509,USC00111550,"CHICAGO NORTHERLY ISLAND, IL US",41.8558,-87.6094,2024-03-28,2024-03-28,10,0
7510,USC00111550,"CHICAGO NORTHERLY ISLAND, IL US",41.8558,-87.6094,2024-03-29,2024-03-29,6.7,2.8
7511,USC00111550,"CHICAGO NORTHERLY ISLAND, IL US",41.8558,-87.6094,2024-03-30,2024-03-30,11.1,3.9
7512,USC00111550,"CHICAGO NORTHERLY ISLAND, IL US",41.8558,-87.6094,2024-03-31,2024-03-31,6.7,3.3
7513,USC00111550,"CHICAGO NORTHERLY ISLAND, IL US",41.8558,-87.6094,2024-04-01,2024-04-01,7.2,4.4
7514,USC00111550,"CHICAGO NORTHERLY ISLAND, IL US",41.8558,-87.6094,2024-04-02,2024-04-02,14.4,2.2
7515,USC00111550,"CHICAGO NORTHERLY ISLAND, IL US",41.8558,-87.6094,2024-04-03,2024-04-03,3.9,1.1
7516,USC00111550,"CHICAGO NORTHERLY ISLAND, IL US",41.8558,-87.6094,2024-04-04,2024-04-04,5.6,2.2
7517,USC00111550,"CHICAGO NORTHERLY ISLAND, IL US",41.8558,-87.6094,2024-04-05,2024-04-05,7.2,3.3
7518,USC00111550,"CHICAGO NORTHERLY ISLAND, IL US",41.8558,-87.6094,2024-04-06,2024-04-06,7.8,3.3
7519,USC00111550,"CHICAGO NORTHERLY ISLAND, IL US",41.8558,-87.6094,2024-04-07,2024-04-07,7.8,3.9
7520,USC00111550,"CHICAGO NORTHERLY ISLAND, IL US",41.8558,-87.6094,2024-04-08,2024-04-08,22.2,7.2
7521,USC00111550,"CHICAGO NORTHERLY ISLAND, IL US",41.8558,-87.6094,2024-04-09,2024-04-09,17.2,11.7
7522,USC00111550,"CHICAGO NORTHERLY ISLAND, IL US",41.8558,-87.6094,2024-04-10,2024-04-10,13.9,8.9
7523,USC00111550,"CHICAGO NORTHERLY ISLAND, IL US",41.8558,-87.6094,2024-04-11,2024-04-11,12.2,7.8
7524,USC00111550,"CHICAGO NORTHERLY ISLAND, IL US",41.8558,-87.6094,2024-04-12,2024-04-12,16.7,7.8
7525,USC00111550,"CHICAGO NORTHERLY ISLAND, IL US",41.8558,-87.6094,2024-04-13,2024-04-13,21.1,8.9
7526,USC00111550,"CHICAGO NORTHERLY ISLAND, IL US",41.8558,-87.6094,2024-04-14,2024-04-14,23.9,10
7527,USC00111550,"CHICAGO NORTHERLY ISLAND, IL US",41.8558,-87.6094,2024-04-15,2024-04-15,16.7,8.3
7528,USC00111550,"CHICAGO NORTHERLY ISLAND, IL US",41.8558,-87.6094,2024-04-16,2024-04-16,22.2,8.3
7529,USC00111550,"CHICAGO NORTHERLY ISLAND, IL US",41.8558,-87.6094,2024-04-17,2024-04-17,20,12.8
7530,USC00111550,"CHICAGO NORTHERLY ISLAND, IL US",41.8558,-87.6094,2024-04-18,2024-04-18,12.8,7.8
7531,USC00111550,"CHICAGO NORTHERLY ISLAND, IL US",41.8558,-87.6094,2024-04-19,2024-04-19,13.3,6.1
7532,USC00111550,"CHICAGO NORTHERLY ISLAND, IL US",41.8558,-87.6094,2024-04-20,2024-04-20,7.2,2.8
7533,USC00111550,"CHICAGO NORTHERLY ISLAND, IL US",41.8558,-87.6094,2024-04-21,2024-04-21,12.2,2.8
7534,USC00111550,"CHICAGO NORTHERLY ISLAND, IL US",41.8558,-87.6094,2024-04-22,2024-04-22,18.9,7.2
7535,USC00111550,"CHICAGO NORTHERLY ISLAND, IL US",41.8558,-87.6094,2024-04-23,2024-04-23,16.1,4.4
7536,USC00111550,"CHICAGO NORTHERLY ISLAND, IL US",41.8558,-87.6094,2024-04-24,2024-04-24,6.1,2.2
7537,USC00111550,"CHICAGO NORTHERLY ISLAND, IL US",41.8558,-87.6094,2024-04-25,2024-04-25,10,2.8
7538,USC00111550,"CHICAGO NORTHERLY ISLAND, IL US",41.8558,-87.6094,2024-04-26,2024-04-26,17.2,6.7
7539,USC00111550,"CHICAGO NORTHERLY ISLAND, IL US",41.8558,-87.6094,2024-04-27,2024-04-27,25,12.2
7540,USC00111550,"CHICAGO NORTHERLY ISLAND, IL US",41.8558,-87.6094,2024-04-28,2024-04-28,23.9,11.7
7541,USC00111550,"CHICAGO NORTHERLY ISLAND, IL US",41.8558,-87.6094,2024-04-29,2024-04-29,21.1,13.9
7542,USC00111550,"CHICAGO NORTHERLY ISLAND, IL US",41.8558,-87.6094,2024-04-30,2024-04-30,21.1,11.1
7543,USC00111550,"CHICAGO NORTHERLY ISLAND, IL US",41.8558,-87.6094,2024-05-01,2024-05-01,23.9,12.8
7544,USC00111550,"CHICAGO NORTHERLY ISLAND, IL US",41.8558,-87.6094,2024-05-02,2024-05-02,20,10.6
7545,USC00111550,"CHICAGO NORTHERLY ISLAND, IL US",41.8558,-87.6094,2024-05-03,2024-05-03,16.7,10
7546,USC00111550,"CHICAGO NORTHERLY ISLAND, IL US",41.8558,-87.6094,2024-05-04,2024-05-04,20,10.6
7547,USC00111550,"CHICAGO NORTHERLY ISLAND, IL US",41.8558,-87.6094,2024-05-05,2024-05-05,15.6,9.4
7548,USC00111550,"CHICAGO NORTHERLY ISLAND, IL US",41.8558,-87.6094,2024-05-06,2024-05-06,17.2,10
7549,USC00111550,"CHICAGO NORTHERLY ISLAND, IL US",41.8558,-87.6094,2024-05-07,2024-05-07,23.3,12.8
7550,USC00111550,"CHICAGO NORTHERLY ISLAND, IL US",41.8558,-87.6094,2024-05-08,2024-05-08,20.6,12.8
7551,USC00111550,"CHICAGO NORTHERLY ISLAND, IL US",41.8558,-87.6094,2024-05-09,2024-05-09,15,10.6
7552,USC00111550,"CHICAGO NORTHERLY ISLAND, IL US",41.8558,-87.6094,2024-05-10,2024-05-10,19.4,9.4
7553,USC00111550,"CHICAGO NORTHERLY ISLAND, IL US",41.8558,-87.6094,2024-05-11,2024-05-11,18.3,11.7
7554,USC00111550,"CHICAGO NORTHERLY ISLAND, IL US",41.8558,-87.6094,2024-05-12,2024-05-12,28.3,11.7
7555,USC00111550,"CHICAGO NORTHERLY ISLAND, IL US",41.8558,-87.6094,2024-05-13,2024-05-13,26.7,12.8
7556,USC00111550,"CHICAGO NORTHERLY ISLAND, IL US",41.8558,-87.6094,2024-05-14,2024-05-14,13.3,10.6
7557,USC00111550,"CHICAGO NORTHERLY ISLAND, IL US",41.8558,-87.6094,2024-05-15,2024-05-15,16.7,11.1
7558,USC00111550,"CHICAGO NORTHERLY ISLAND, IL US",41.8558,-87.6094,2024-05-16,2024-05-16,23.9,11.1
7559,USC00111550,"CHICAGO NORTHERLY ISLAND, IL US",41.8558,-87.6094,2024-05-17,2024-05-17,23.3,14.4
7560,USC00111550,"CHICAGO NORTHERLY ISLAND, IL US",41.8558,-87.6094,2024-05-18,2024-05-18,28.9,14.4
7561,USC00111550,"CHICAGO NORTHERLY ISLAND, IL US",41.8558,-87.6094,2024-05-19,2024-05-19,23.3,14.4
7562,USC00111550,"CHICAGO NORTHERLY ISLAND, IL US",41.8558,-87.6094,2024-05-20,2024-05-20,28.3,15
7563,USC00111550,"CHICAGO NORTHERLY ISLAND, IL US",41.8558,-87.6094,2024-05-21,2024-05-21,31.1,15
7564,USC00111550,"CHICAGO NORTHERLY ISLAND, IL US",41.8558,-87.6094,2024-05-22,2024-05-22,26.7,17.2
7565,USC00111550,"CHICAGO NORTHERLY ISLAND, IL US",41.8558,-87.6094,2024-05-23,2024-05-23,22.8,16.7
7566,USC00111550,"CHICAGO NORTHERLY ISLAND, IL US",41.8558,-87.6094,2024-05-24,2024-05-24,23.3,16.7
7567,USC00111550,"CHICAGO NORTHERLY ISLAND, IL US",41.8558,-87.6094,2024-05-25,2024-05-25,20,13.9
7568,USC00111550,"CHICAGO NORTHERLY ISLAND, IL US",41.8558,-87.6094,2024-05-26,2024-05-26,22.2,13.9
7569,USC00111550,"CHICAGO NORTHERLY ISLAND, IL US",41.8558,-87.6094,2024-05-27,2024-05-27,22.2,14.4
7570,USC00111550,"CHICAGO NORTHERLY ISLAND, IL US",41.8558,-87.6094,2024-05-28,2024-05-28,18.3,12.2
7571,USC00111550,"CHICAGO NORTHERLY ISLAND, IL US",41.8558,-87.6094,2024-05-29,2024-05-29,16.7,11.7
7572,USC00111550,"CHICAGO NORTHERLY ISLAND, IL US",41.8558,-87.6094,2024-05-30,2024-05-30,17.2,11.7
7573,USC00111550,"CHICAGO NORTHERLY ISLAND, IL US",41.8558,-87.6094,2024-05-31,2024-05-31,21.7,12.2
7574,USC00111550,"CHICAGO NORTHERLY ISLAND, IL US",41.8558,-87.6094,2024-06-01,2024-06-01,19.4,14.4
7575,USC00111550,"CHICAGO NORTHERLY ISLAND, IL US",41.8558,-87.6094,2024-06-02,2024-06-02,19.4,13.9
7576,USC00111550,"CHICAGO NORTHERLY ISLAND, IL US",41.8558,-87.6094,2024-06-03,2024-06-03,29.4,14.4
7577,USC00111550,"CHICAGO NORTHERLY ISLAND, IL US",41.8558,-87.6094,2024-06-04,2024-06-04,25,18.9
7578,USC00111550,"CHICAGO NORTHERLY ISLAND, IL US",41.8558,-87.6094,2024-06-05,2024-06-05,26.1,20
7579,USC00111550,"CHICAGO NORTHERLY ISLAND, IL US",41.8558,-87.6094,2024-06-06,2024-06-06,25,18.9
7580,USC00111550,"CHICAGO NORTHERLY ISLAND, IL US",41.8558,-87.6094,2024-06-07,2024-06-07,24.4,15.6
7581,USC00111550,"CHICAGO NORTHERLY ISLAND, IL US",41.8558,-87.6094,2024-06-08,2024-06-08,24.4,13.3
7582,USC00111550,"CHICAGO NORTHERLY ISLAND, IL US",41.8558,-87.6094,2024-06-09,2024-06-09,26.1,13.3
7583,USC00111550,"CHICAGO NORTHERLY ISLAND, IL US",41.8558,-87.6094,2024-06-10,2024-06-10,17.2,11.7
7584,USC00111550,"CHICAGO NORTHERLY ISLAND, IL US",41.8558,-87.6094,2024-06-11,2024-06-11,21.7,11.7
7585,USC00111550,"CHICAGO NORTHERLY ISLAND, IL US",41.8558,-87.6094,2024-06-12,2024-06-12,31.1,20
7586,USC00111550,"CHICAGO NORTHERLY ISLAND, IL US",41.8558,-87.6094,2024-06-13,2024-06-13,31.1,19.4
7587,USC00111550,"CHICAGO NORTHERLY ISLAND, IL US",41.8558,-87.6094,2024-06-14,2024-06-14,23.9,16.7
7588,USC00111550,"CHICAGO NORTHERLY ISLAND, IL US",41.8558,-87.6094,2024-06-15,2024-06-15,25,16.7
7589,USC00111550,"CHICAGO NORTHERLY ISLAND, IL US",41.8558,-87.6094,2024-06-16,2024-06-16,33.9,18.3
7590,USC00111550,"CHICAGO NORTHERLY ISLAND, IL US",41.8558,-87.6094,2024-06-17,2024-06-17,34.4,22.8
7591,USC00111550,"CHICAGO NORTHERLY ISLAND, IL US",41.8558,-87.6094,2024-06-18,2024-06-18,32.8,25
7592,USC00111550,"CHICAGO NORTHERLY ISLAND, IL US",41.8558,-87.6094,2024-06-19,2024-06-19,33.3,21.7
7593,USC00111550,"CHICAGO NORTHERLY ISLAND, IL US",41.8558,-87.6094,2024-06-20,2024-06-20,22.2,17.2
7594,USC00111550,"CHICAGO NORTHERLY ISLAND, IL US",41.8558,-87.6094,2024-06-21,2024-06-21,32.2,17.8
7595,USC00111550,"CHICAGO NORTHERLY ISLAND, IL US",41.8558,-87.6094,2024-06-22,2024-06-22,32.8,18.3
7596,USC00111550,"CHICAGO NORTHERLY ISLAND, IL US",41.8558,-87.6094,2024-06-23,2024-06-23,25.6,18.9
7597,USC00111550,"CHICAGO NORTHERLY ISLAND, IL US",41.8558,-87.6094,2024-06-24,2024-06-24,26.7,20
7598,USC00111550,"CHICAGO NORTHERLY ISLAND, IL US",41.8558,-87.6094,2024-06-25,2024-06-25,28.9,21.1
7599,USC00111550,"CHICAGO NORTHERLY ISLAND, IL US",41.8558,-87.6094,2024-06-26,2024-06-26,29.4,17.8
7600,USC00111550,"CHICAGO NORTHERLY ISLAND, IL US",41.8558,-87.6094,2024-06-27,2024-06-27,20,16.7
7601,USC00111550,"CHICAGO NORTHERLY ISLAND, IL US",41.8558,-87.6094,2024-06-28,2024-06-28,23.3,18.3
7602,USC00111550,"CHICAGO NORTHERLY ISLAND, IL US",41.8558,-87.6094,2024-06-29,2024-06-29,31.1,20.6
7603,USC00111550,"CHICAGO NORTHERLY ISLAND, IL US",41.8558,-87.6094,2024-06-30,2024-06-30,22.2,16.1
7604,USC00111550,"CHICAGO NORTHERLY ISLAND, IL US",41.8558,-87.6094,2024-07-01,2024-07-01,20.6,16.1
7605,USC00111550,"CHICAGO NORTHERLY ISLAND, IL US",41.8558,-87.6094,2024-07-02,2024-07-02,28.3,18.3
7606,USC00111550,"CHICAGO NORTHERLY ISLAND, IL US",41.8558,-87.6094,2024-07-03,2024-07-03,28.3,22.2
7607,USC00111550,"CHICAGO NORTHERLY ISLAND, IL US",41.8558,-87.6094,2024-07-04,2024-07-04,26.1,20.6
7608,USC00111550,"CHICAGO NORTHERLY ISLAND, IL US",41.8558,-87.6094,2024-07-05,2024-07-05,27.8,19.4
7609,USC00111550,"CHICAGO NORTHERLY ISLAND, IL US",41.8558,-87.6094,2024-07-06,2024-07-06,23.9,18.3
7610,USC00111550,"CHICAGO NORTHERLY ISLAND, IL US",41.8558,-87.6094,2024-07-07,2024-07-07,30,18.9
7611,USC00111550,"CHICAGO NORTHERLY ISLAND, IL US",41.8558,-87.6094,2024-07-08,2024-07-08,29.4,20
7612,USC00111550,"CHICAGO NORTHERLY ISLAND, IL US",41.8558,-87.6094,2024-07-09,2024-07-09,24.4,19.4
7613,USC00111550,"CHICAGO NORTHERLY ISLAND, IL US",41.8558,-87.6094,2024-07-10,2024-07-10,25,18.9
7614,USC00111550,"CHICAGO NORTHERLY ISLAND, IL US",41.8558,-87.6094,2024-07-11,2024-07-11,23.3,19.4
7615,USC00111550,"CHICAGO NORTHERLY ISLAND, IL US",41.8558,-87.6094,2024-07-12,2024-07-12,25,19.4
7616,USC00111550,"CHICAGO NORTHERLY ISLAND, IL US",41.8558,-87.6094,2024-07-13,2024-07-13,32.2,19.4
7617,USC00111550,"CHICAGO NORTHERLY ISLAND, IL US",41.8558,-87.6094,2024-07-14,2024-07-14,31.1,19.4
7618,USC00111550,"CHICAGO NORTHERLY ISLAND, IL US",41.8558,-87.6094,2024-07-15,2024-07-15,31.7,20.6
7619,USC00111550,"CHICAGO NORTHERLY ISLAND, IL US",41.8558,-87.6094,2024-07-16,2024-07-16,29.4,20.6
7620,USC00111550,"CHICAGO NORTHERLY ISLAND, IL US",41.8558,-87.6094,2024-07-17,2024-07-17,26.1,20
7621,USC00111550,"CHICAGO NORTHERLY ISLAND, IL US",41.8558,-87.6094,2024-07-18,2024-07-18,22.2,18.3
7622,USC00111550,"CHICAGO NORTHERLY ISLAND, IL US",41.8558,-87.6094,2024-07-19,2024-07-19,23.9,17.8
7623,USC00111550,"CHICAGO NORTHERLY ISLAND, IL US",41.8558,-87.6094,2024-07-20,2024-07-20,25,20
7624,USC00111550,"CHICAGO NORTHERLY ISLAND, IL US",41.8558,-87.6094,2024-07-21,2024-07-21,26.1,20
7625,USC00111550,"CHICAGO NORTHERLY ISLAND, IL US",41.8558,-87.6094,2024-07-22,2024-07-22,25,20
7626,USC00111550,"CHICAGO NORTHERLY ISLAND, IL US",41.8558,-87.6094,2024-07-23,2024-07-23,29.4,19.4
7627,USC00111550,"CHICAGO NORTHERLY ISLAND, IL US",41.8558,-87.6094,2024-07-24,2024-07-24,23.9,20
7628,USC00111550,"CHICAGO NORTHERLY ISLAND, IL US",41.8558,-87.6094,2024-07-25,2024-07-25,22.8,19.4
7629,USC00111550,"CHICAGO NORTHERLY ISLAND, IL US",41.8558,-87.6094,2024-07-26,2024-07-26,24.4,18.9
7630,USC00111550,"CHICAGO NORTHERLY ISLAND, IL US",41.8558,-87.6094,2024-07-27,2024-07-27,26.1,18.9
7631,USC00111550,"CHICAGO NORTHERLY ISLAND, IL US",41.8558,-87.6094,2024-07-28,2024-07-28,28.3,21.1
7632,USC00111550,"CHICAGO NORTHERLY ISLAND, IL US",41.8558,-87.6094,2024-07-29,2024-07-29,27.8,22.2
7633,USC00111550,"CHICAGO NORTHERLY ISLAND, IL US",41.8558,-87.6094,2024-07-30,2024-07-30,27.8,21.7
7634,USC00111550,"CHICAGO NORTHERLY ISLAND, IL US",41.8558,-87.6094,2024-07-31,2024-07-31,32.2,23.3
7635,USC00111550,"CHICAGO NORTHERLY ISLAND, IL US",41.8558,-87.6094,2024-08-01,2024-08-01,28.3,21.1
7636,USC00111550,"CHICAGO NORTHERLY ISLAND, IL US",41.8558,-87.6094,2024-08-02,2024-08-02,27.2,21.1
7637,USC00111550,"CHICAGO NORTHERLY ISLAND, IL US",41.8558,-87.6094,2024-08-03,2024-08-03,27.2,23.3
7638,USC00111550,"CHICAGO NORTHERLY ISLAND, IL US",41.8558,-87.6094,2024-08-04,2024-08-04,29.4,22.2
7639,USC00111550,"CHICAGO NORTHERLY ISLAND, IL US",41.8558,-87.6094,2024-08-05,2024-08-05,31.1,22.2
7640,USC00111550,"CHICAGO NORTHERLY ISLAND, IL US",41.8558,-87.6094,2024-08-06,2024-08-06,25.6,20.6
7641,USC00111550,"CHICAGO NORTHERLY ISLAND, IL US",41.8558,-87.6094,2024-08-07,2024-08-07,24.4,20
7642,USC00111550,"CHICAGO NORTHERLY ISLAND, IL US",41.8558,-87.6094,2024-08-08,2024-08-08,26.7,20
7643,USC00111550,"CHICAGO NORTHERLY ISLAND, IL US",41.8558,-87.6094,2024-08-09,2024-08-09,22.8,17.2
7644,USC00111550,"CHICAGO NORTHERLY ISLAND, IL US",41.8558,-87.6094,2024-08-10,2024-08-10,23.9,15.6
7645,USC00111550,"CHICAGO NORTHERLY ISLAND, IL US",41.8558,-87.6094,2024-08-11,2024-08-11,27.2,16.7
7646,USC00111550,"CHICAGO NORTHERLY ISLAND, IL US",41.8558,-87.6094,2024-08-12,2024-08-12,26.7,18.9
7647,USC00111550,"CHICAGO NORTHERLY ISLAND, IL US",41.8558,-87.6094,2024-08-13,2024-08-13,26.7,20
7648,USC00111550,"CHICAGO NORTHERLY ISLAND, IL US",41.8558,-87.6094,2024-08-14,2024-08-14,26.1,20.6
7649,USC00111550,"CHICAGO NORTHERLY ISLAND, IL US",41.8558,-87.6094,2024-08-15,2024-08-15,23.3,19.4
7650,USC00111550,"CHICAGO NORTHERLY ISLAND, IL US",41.8558,-87.6094,2024-08-16,2024-08-16,30,19.4
7651,USC00111550,"CHICAGO NORTHERLY ISLAND, IL US",41.8558,-87.6094,2024-08-17,2024-08-17,25,21.1
7652,USC00111550,"CHICAGO NORTHERLY ISLAND, IL US",41.8558,-87.6094,2024-08-18,2024-08-18,24.4,20.6
7653,USC00111550,"CHICAGO NORTHERLY ISLAND, IL US",41.8558,-87.6094,2024-08-19,2024-08-19,23.9,18.9
7654,USC00111550,"CHICAGO NORTHERLY ISLAND, IL US",41.8558,-87.6094,2024-08-20,2024-08-20,21.7,17.2
7655,USC00111550,"CHICAGO NORTHERLY ISLAND, IL US",41.8558,-87.6094,2024-08-21,2024-08-21,22.2,16.1
7656,USC00111550,"CHICAGO NORTHERLY ISLAND, IL US",41.8558,-87.6094,2024-08-22,2024-08-22,23.9,16.1
7657,USC00111550,"CHICAGO NORTHERLY ISLAND, IL US",41.8558,-87.6094,2024-08-23,2024-08-23,26.1,17.2
7658,USC00111550,"CHICAGO NORTHERLY ISLAND, IL US",41.8558,-87.6094,2024-08-24,2024-08-24,27.2,18.9
7659,USC00111550,"CHICAGO NORTHERLY ISLAND, IL US",41.8558,-87.6094,2024-08-25,2024-08-25,32.8,23.9
7660,USC00111550,"CHICAGO NORTHERLY ISLAND, IL US",41.8558,-87.6094,2024-08-26,2024-08-26,34.4,25
7661,USC00111550,"CHICAGO NORTHERLY ISLAND, IL US",41.8558,-87.6094,2024-08-27,2024-08-27,35,21.1
7662,USC00111550,"CHICAGO NORTHERLY ISLAND, IL US",41.8558,-87.6094,2024-08-28,2024-08-28,28.9,21.7
7663,USC00111550,"CHICAGO NORTHERLY ISLAND, IL US",41.8558,-87.6094,2024-08-29,2024-08-29,25,21.1
7664,USC00111550,"CHICAGO NORTHERLY ISLAND, IL US",41.8558,-87.6094,2024-08-30,2024-08-30,27.8,22.2
7665,USC00111550,"CHICAGO NORTHERLY ISLAND, IL US",41.8558,-87.6094,2024-08-31,2024-08-31,25.6,19.4
7666,USC00111550,"CHICAGO NORTHERLY ISLAND, IL US",41.8558,-87.6094,2024-09-01,2024-09-01,23.9,19.4
7667,USC00111550,"CHICAGO NORTHERLY ISLAND, IL US",41.8558,-87.6094,2024-09-02,2024-09-02,21.7,18.3
7668,USC00111550,"CHICAGO NORTHERLY ISLAND, IL US",41.8558,-87.6094,2024-09-03,2024-09-03,22.8,15.6
7669,USC00111550,"CHICAGO NORTHERLY ISLAND, IL US",41.8558,-87.6094,2024-09-04,2024-09-04,24.4,16.1
7670,USC00111550,"CHICAGO NORTHERLY ISLAND, IL US",41.8558,-87.6094,2024-09-05,2024-09-05,30,19.4
7671,USC00111550,"CHICAGO NORTHERLY ISLAND, IL US",41.8558,-87.6094,2024-09-06,2024-09-06,22.2,15
7672,USC00111550,"CHICAGO NORTHERLY ISLAND, IL US",41.8558,-87.6094,2024-09-07,2024-09-07,18.3,10.6
7673,USC00111550,"CHICAGO NORTHERLY ISLAND, IL US",41.8558,-87.6094,2024-09-08,2024-09-08,22.2,12.2
7674,USC00111550,"CHICAGO NORTHERLY ISLAND, IL US",41.8558,-87.6094,2024-09-09,2024-09-09,26.7,15
7675,USC00111550,"CHICAGO NORTHERLY ISLAND, IL US",41.8558,-87.6094,2024-09-10,2024-09-10,27.8,17.2
7676,USC00111550,"CHICAGO NORTHERLY ISLAND, IL US",41.8558,-87.6094,2024-09-11,2024-09-11,25.6,18.3
7677,USC00111550,"CHICAGO NORTHERLY ISLAND, IL US",41.8558,-87.6094,2024-09-12,2024-09-12,26.1,18.3
7678,USC00111550,"CHICAGO NORTHERLY ISLAND, IL US",41.8558,-87.6094,2024-09-13,2024-09-13,25.6,20
7679,USC00111550,"CHICAGO NORTHERLY ISLAND, IL US",41.8558,-87.6094,2024-09-14,2024-09-14,26.7,20.6
7680,USC00111550,"CHICAGO NORTHERLY ISLAND, IL US",41.8558,-87.6094,2024-09-15,2024-09-15,26.7,20.6
7681,USC00111550,"CHICAGO NORTHERLY ISLAND, IL US",41.8558,-87.6094,2024-09-16,2024-09-16,27.2,18.9
7682,USC00111550,"CHICAGO NORTHERLY ISLAND, IL US",41.8558,-87.6094,2024-09-17,2024-09-17,25.6,17.8
7683,USC00111550,"CHICAGO NORTHERLY ISLAND, IL US",41.8558,-87.6094,2024-09-18,2024-09-18,27.2,17.8
7684,USC00111550,"CHICAGO NORTHERLY ISLAND, IL US",41.8558,-87.6094,2024-09-19,2024-09-19,26.1,18.9
7685,USC00111550,"CHICAGO NORTHERLY ISLAND, IL US",41.8558,-87.6094,2024-09-20,2024-09-20,29.4,21.7
7686,USC00111550,"CHICAGO NORTHERLY ISLAND, IL US",41.8558,-87.6094,2024-09-21,2024-09-21,27.2,19.4
7687,USC00111550,"CHICAGO NORTHERLY ISLAND, IL US",41.8558,-87.6094,2024-09-22,2024-09-22,25.6,18.3
7688,USC00111550,"CHICAGO NORTHERLY ISLAND, IL US",41.8558,-87.6094,2024-09-23,2024-09-23,19.4,17.2
7689,USC00111550,"CHICAGO NORTHERLY ISLAND, IL US",41.8558,-87.6094,2024-09-24,2024-09-24,19.4,16.7
7690,USC00111550,"CHICAGO NORTHERLY ISLAND, IL US",41.8558,-87.6094,2024-09-25,2024-09-25,22.8,15.6
7691,USC00111550,"CHICAGO NORTHERLY ISLAND, IL US",41.8558,-87.6094,2024-09-26,2024-09-26,22.8,16.1
7692,USC00111550,"CHICAGO NORTHERLY ISLAND, IL US",41.8558,-87.6094,2024-09-27,2024-09-27,21.7,19.4
7693,USC00111550,"CHICAGO NORTHERLY ISLAND, IL US",41.8558,-87.6094,2024-09-28,2024-09-28,21.1,18.3
7694,USC00111550,"CHICAGO NORTHERLY ISLAND, IL US",41.8558,-87.6094,2024-09-29,2024-09-29,22.2,18.9
7695,USC00111550,"CHICAGO NORTHERLY ISLAND, IL US",41.8558,-87.6094,2024-09-30,2024-09-30,22.8,18.9
7696,USC00111550,"CHICAGO NORTHERLY ISLAND, IL US",41.8558,-87.6094,2024-10-01,2024-10-01,20.6,15.6
7697,USC00111550,"CHICAGO NORTHERLY ISLAND, IL US",41.8558,-87.6094,2024-10-02,2024-10-02,21.7,12.8
7698,USC00111550,"CHICAGO NORTHERLY ISLAND, IL US",41.8558,-87.6094,2024-10-03,2024-10-03,23.3,13.3
7699,USC00111550,"CHICAGO NORTHERLY ISLAND, IL US",41.8558,-87.6094,2024-10-04,2024-10-04,21.1,16.7
7700,USC00111550,"CHICAGO NORTHERLY ISLAND, IL US",41.8558,-87.6094,2024-10-05,2024-10-05,28.9,16.7
7701,USC00111550,"CHICAGO NORTHERLY ISLAND, IL US",41.8558,-87.6094,2024-10-06,2024-10-06,23.3,14.4
7702,USC00111550,"CHICAGO NORTHERLY ISLAND, IL US",41.8558,-87.6094,2024-10-07,2024-10-07,17.8,12.2
7703,USC00111550,"CHICAGO NORTHERLY ISLAND, IL US",41.8558,-87.6094,2024-10-08,2024-10-08,22.8,12.8
7704,USC00111550,"CHICAGO NORTHERLY ISLAND, IL US",41.8558,-87.6094,2024-10-09,2024-10-09,18.9,11.7
7705,USC00111550,"CHICAGO NORTHERLY ISLAND, IL US",41.8558,-87.6094,2024-10-10,2024-10-10,18.9,14.4
7706,USC00111550,"CHICAGO NORTHERLY ISLAND, IL US",41.8558,-87.6094,2024-10-11,2024-10-11,27.8,13.9
7707,USC00111550,"CHICAGO NORTHERLY ISLAND, IL US",41.8558,-87.6094,2024-10-12,2024-10-12,18.9,15
7708,USC00111550,"CHICAGO NORTHERLY ISLAND, IL US",41.8558,-87.6094,2024-10-13,2024-10-13,18.9,10
7709,USC00111550,"CHICAGO NORTHERLY ISLAND, IL US",41.8558,-87.6094,2024-10-14,2024-10-14,12.8,7.2
7710,USC00111550,"CHICAGO NORTHERLY ISLAND, IL US",41.8558,-87.6094,2024-10-15,2024-10-15,10,5.6
7711,USC00111550,"CHICAGO NORTHERLY ISLAND, IL US",41.8558,-87.6094,2024-10-16,2024-10-16,12.8,5
7712,USC00111550,"CHICAGO NORTHERLY ISLAND, IL US",41.8558,-87.6094,2024-10-17,2024-10-17,18.3,5.6
7713,USC00111550,"CHICAGO NORTHERLY ISLAND, IL US",41.8558,-87.6094,2024-10-18,2024-10-18,20.6,8.3
7714,USC00111550,"CHICAGO NORTHERLY ISLAND, IL US",41.8558,-87.6094,2024-10-19,2024-10-19,21.7,10
7715,USC00111550,"CHICAGO NORTHERLY ISLAND, IL US",41.8558,-87.6094,2024-10-20,2024-10-20,25,11.7
7716,USC00111550,"CHICAGO NORTHERLY ISLAND, IL US",41.8558,-87.6094,2024-10-21,2024-10-21,27.2,13.3
7717,USC00111550,"CHICAGO NORTHERLY ISLAND, IL US",41.8558,-87.6094,2024-10-22,2024-10-22,23.3,12.8
7718,USC00111550,"CHICAGO NORTHERLY ISLAND, IL US",41.8558,-87.6094,2024-10-23,2024-10-23,17.8,10.6
7719,USC00111550,"CHICAGO NORTHERLY ISLAND, IL US",41.8558,-87.6094,2024-10-24,2024-10-24,18.3,9.4
7720,USC00111550,"CHICAGO NORTHERLY ISLAND, IL US",41.8558,-87.6094,2024-10-25,2024-10-25,17.8,9.4
7721,USC00111550,"CHICAGO NORTHERLY ISLAND, IL US",41.8558,-87.6094,2024-10-26,2024-10-26,13.3,9.4
7722,USC00111550,"CHICAGO NORTHERLY ISLAND, IL US",41.8558,-87.6094,2024-10-27,2024-10-27,14.4,6.7
7723,USC00111550,"CHICAGO NORTHERLY ISLAND, IL US",41.8558,-87.6094,2024-10-28,2024-10-28,19.4,8.3
7724,USC00111550,"CHICAGO NORTHERLY ISLAND, IL US",41.8558,-87.6094,2024-10-29,2024-10-29,27.2,18.9
7725,USC00111550,"CHICAGO NORTHERLY ISLAND, IL US",41.8558,-87.6094,2024-10-30,2024-10-30,26.1,20
7726,USC00111550,"CHICAGO NORTHERLY ISLAND, IL US",41.8558,-87.6094,2024-10-31,2024-10-31,21.7,6.7
7727,USC00111550,"CHICAGO NORTHERLY ISLAND, IL US",41.8558,-87.6094,2024-11-01,2024-11-01,9.4,5
7728,USC00111550,"CHICAGO NORTHERLY ISLAND, IL US",41.8558,-87.6094,2024-11-02,2024-11-02,13.3,5
7729,USC00111550,"CHICAGO NORTHERLY ISLAND, IL US",41.8558,-87.6094,2024-11-03,2024-11-03,17.8,10.6
7730,USC00111550,"CHICAGO NORTHERLY ISLAND, IL US",41.8558,-87.6094,2024-11-04,2024-11-04,20,16.7
7731,USC00111550,"CHICAGO NORTHERLY ISLAND, IL US",41.8558,-87.6094,2024-11-05,2024-11-05,19.4,16.1
7732,USC00111550,"CHICAGO NORTHERLY ISLAND, IL US",41.8558,-87.6094,2024-11-06,2024-11-06,16.1,10
7733,USC00111550,"CHICAGO NORTHERLY ISLAND, IL US",41.8558,-87.6094,2024-11-07,2024-11-07,13.9,7.8
7734,USC00111550,"CHICAGO NORTHERLY ISLAND, IL US",41.8558,-87.6094,2024-11-08,2024-11-08,17.2,7.8
7735,USC00111550,"CHICAGO NORTHERLY ISLAND, IL US",41.8558,-87.6094,2024-11-09,2024-11-09,11.7,8.9
7736,USC00111550,"CHICAGO NORTHERLY ISLAND, IL US",41.8558,-87.6094,2024-11-10,2024-11-10,17.2,8.9
7737,USC00111550,"CHICAGO NORTHERLY ISLAND, IL US",41.8558,-87.6094,2024-11-11,2024-11-11,14.4,6.7
7738,USC00111550,"CHICAGO NORTHERLY ISLAND, IL US",41.8558,-87.6094,2024-11-12,2024-11-12,9.4,6.7
7739,USC00111550,"CHICAGO NORTHERLY ISLAND, IL US",41.8558,-87.6094,2024-11-13,2024-11-13,11.1,6.1
7740,USC00111550,"CHICAGO NORTHERLY ISLAND, IL US",41.8558,-87.6094,2024-11-14,2024-11-14,12.2,8.9
7741,USC00111550,"CHICAGO NORTHERLY ISLAND, IL US",41.8558,-87.6094,2024-11-15,2024-11-15,11.1,8.9
7742,USC00111550,"CHICAGO NORTHERLY ISLAND, IL US",41.8558,-87.6094,2024-11-16,2024-11-16,11.1,7.8
7743,USC00111550,"CHICAGO NORTHERLY ISLAND, IL US",41.8558,-87.6094,2024-11-17,2024-11-17,15,7.8
7744,USC00111550,"CHICAGO NORTHERLY ISLAND, IL US",41.8558,-87.6094,2024-11-18,2024-11-18,13.3,10
7745,USC00111550,"CHICAGO NORTHERLY ISLAND, IL US",41.8558,-87.6094,2024-11-19,2024-11-19,17.8,9.4
7746,USC00111550,"CHICAGO NORTHERLY ISLAND, IL US",41.8558,-87.6094,2024-11-20,2024-11-20,9.4,0.6
7747,USC00111550,"CHICAGO NORTHERLY ISLAND, IL US",41.8558,-87.6094,2024-11-21,2024-11-21,6.7,-1.7
7748,USC00111550,"CHICAGO NORTHERLY ISLAND, IL US",41.8558,-87.6094,2024-11-22,2024-11-22,8.3,3.3
7749,USC00111550,"CHICAGO NORTHERLY ISLAND, IL US",41.8558,-87.6094,2024-11-23,2024-11-23,6.1,2.8
7750,USC00111550,"CHICAGO NORTHERLY ISLAND, IL US",41.8558,-87.6094,2024-11-24,2024-11-24,11.7,2.8
7751,USC00111550,"CHICAGO NORTHERLY ISLAND, IL US",41.8558,-87.6094,2024-11-25,2024-11-25,11.7,2.8
7752,USC00111550,"CHICAGO NORTHERLY ISLAND, IL US",41.8558,-87.6094,2024-11-26,2024-11-26,4.4,-2.8
7753,USC00111550,"CHICAGO NORTHERLY ISLAND, IL US",41.8558,-87.6094,2024-11-27,2024-11-27,6.1,2.2
7754,USC00111550,"CHICAGO NORTHERLY ISLAND, IL US",41.8558,-87.6094,2024-11-28,2024-11-28,3.9,-2.2
7755,USC00111550,"CHICAGO NORTHERLY ISLAND, IL US",41.8558,-87.6094,2024-11-29,2024-11-29,-1.7,-6.7
7756,USC00111550,"CHICAGO NORTHERLY ISLAND, IL US",41.8558,-87.6094,2024-11-30,2024-11-30,-3.3,-9.4
7757,USC00111550,"CHICAGO NORTHERLY ISLAND, IL US",41.8558,-87.6094,2024-12-01,2024-12-01,-2.2,-9.4
7758,USC00111550,"CHICAGO NORTHERLY ISLAND, IL US",41.8558,-87.6094,2024-12-02,2024-12-02,-2.8,-8.3
7759,USC00111550,"CHICAGO NORTHERLY ISLAND, IL US",41.8558,-87.6094,2024-12-03,2024-12-03,-0.6,-6.1
7760,USC00111550,"CHICAGO NORTHERLY ISLAND, IL US",41.8558,-87.6094,2024-12-04,2024-12-04,3.9,-7.8
7761,USC00111550,"CHICAGO NORTHERLY ISLAND, IL US",41.8558,-87.6094,2024-12-05,2024-12-05,-1.7,-10.6
7762,USC00111550,"CHICAGO NORTHERLY ISLAND, IL US",41.8558,-87.6094,2024-12-06,2024-12-06,0,-8.9
7763,USC00111550,"CHICAGO NORTHERLY ISLAND, IL US",41.8558,-87.6094,2024-12-07,2024-12-07,9.4,-3.9
7764,USC00111550,"CHICAGO NORTHERLY ISLAND, IL US",41.8558,-87.6094,2024-12-08,2024-12-08,13.3,5
7765,USC00111550,"CHICAGO NORTHERLY ISLAND, IL US",41.8558,-87.6094,2024-12-09,2024-12-09,12.2,6.7
7766,USC00111550,"CHICAGO NORTHERLY ISLAND, IL US",41.8558,-87.6094,2024-12-10,2024-12-10,7.2,-1.1
7767,USC00111550,"CHICAGO NORTHERLY ISLAND, IL US",41.8558,-87.6094,2024-12-11,2024-12-11,0,-11.1
7768,USC00111550,"CHICAGO NORTHERLY ISLAND, IL US",41.8558,-87.6094,2024-12-12,2024-12-12,-8.9,-15
7769,USC00111550,"CHICAGO NORTHERLY ISLAND, IL US",41.8558,-87.6094,2024-12-13,2024-12-13,-2.8,-11.1
7770,USC00111550,"CHICAGO NORTHERLY ISLAND, IL US",41.8558,-87.6094,2024-12-14,2024-12-14,2.2,-3.3
7771,USC00111550,"CHICAGO NORTHERLY ISLAND, IL US",41.8558,-87.6094,2024-12-15,2024-12-15,7.2,1.7
7772,USC00111550,"CHICAGO NORTHERLY ISLAND, IL US",41.8558,-87.6094,2024-12-16,2024-12-16,11.7,2.8
7773,USC00111550,"CHICAGO NORTHERLY ISLAND, IL US",41.8558,-87.6094,2024-12-17,2024-12-17,3.3,1.1
7774,USC00111550,"CHICAGO NORTHERLY ISLAND, IL US",41.8558,-87.6094,2024-12-18,2024-12-18,2.8,-3.3
7775,USC00111550,"CHICAGO NORTHERLY ISLAND, IL US",41.8558,-87.6094,2024-12-19,2024-12-19,0.6,-3.3
7776,USC00111550,"CHICAGO NORTHERLY ISLAND, IL US",41.8558,-87.6094,2024-12-20,2024-12-20,1.7,-3.3
7777,USC00111550,"CHICAGO NORTHERLY ISLAND, IL US",41.8558,-87.6094,2024-12-21,2024-12-21,-2.8,-6.1
7778,USC00111550,"CHICAGO NORTHERLY ISLAND, IL US",41.8558,-87.6094,2024-12-22,2024-12-22,0.6,-5.6
7779,USC00111550,"CHICAGO NORTHERLY ISLAND, IL US",41.8558,-87.6094,2024-12-23,2024-12-23,5,0
7780,USC00111550,"CHICAGO NORTHERLY ISLAND, IL US",41.8558,-87.6094,2024-12-24,2024-12-24,2.8,0.6
7781,USC00111550,"CHICAGO NORTHERLY ISLAND, IL US",41.8558,-87.6094,2024-12-25,2024-12-25,2.2,0
7782,USC00111550,"CHICAGO NORTHERLY ISLAND, IL US",41.8558,-87.6094,2024-12-26,2024-12-26,7.8,1.7
7783,USC00111550,"CHICAGO NORTHERLY ISLAND, IL US",41.8558,-87.6094,2024-12-27,2024-12-27,11.1,3.3
7784,USC00111550,"CHICAGO NORTHERLY ISLAND, IL US",41.8558,-87.6094,2024-12-28,2024-12-28,11.1,3.3
7785,USC00111550,"CHICAGO NORTHERLY ISLAND, IL US",41.8558,-87.6094,2024-12-29,2024-12-29,6.1,2.2
7786,USC00111550,"CHICAGO NORTHERLY ISLAND, IL US",41.8558,-87.6094,2024-12-30,2024-12-30,5.6,0.6
7787,USC00111550,"CHICAGO NORTHERLY ISLAND, IL US",41.8558,-87.6094,2024-12-31,2024-12-31,3.9,1.1
7788,USW00094846,"CHICAGO OHARE INTERNATIONAL AIRPORT, IL US",41.96017,-87.93164,2024-01-01,2024-01-01,0,-2.7
7789,USW00094846,"CHICAGO OHARE INTERNATIONAL AIRPORT, IL US",41.96017,-87.93164,2024-01-02,2024-01-02,3.9,-3.2
7790,USW00094846,"CHICAGO OHARE INTERNATIONAL AIRPORT, IL US",41.96017,-87.93164,2024-01-03,2024-01-03,2.2,-0.5
7791,USW00094846,"CHICAGO OHARE INTERNATIONAL AIRPORT, IL US",41.96017,-87.93164,2024-01-04,2024-01-04,2.8,-4.3
7792,USW00094846,"CHICAGO OHARE INTERNATIONAL AIRPORT, IL US",41.96017,-87.93164,2024-01-05,2024-01-05,2.8,-3.2
7793,USW00094846,"CHICAGO OHARE INTERNATIONAL AIRPORT, IL US",41.96017,-87.93164,2024-01-06,2024-01-06,1.1,-0.5
7794,USW00094846,"CHICAGO OHARE INTERNATIONAL AIRPORT, IL US",41.96017,-87.93164,2024-01-07,2024-01-07,1.1,-0.5
7795,USW00094846,"CHICAGO OHARE INTERNATIONAL AIRPORT, IL US",41.96017,-87.93164,2024-01-08,2024-01-08,2.2,-1
7796,USW00094846,"CHICAGO OHARE INTERNATIONAL AIRPORT, IL US",41.96017,-87.93164,2024-01-09,2024-01-09,2.2,0.6
7797,USW00094846,"CHICAGO OHARE INTERNATIONAL AIRPORT, IL US",41.96017,-87.93164,2024-01-10,2024-01-10,1.1,-1
7798,USW00094846,"CHICAGO OHARE INTERNATIONAL AIRPORT, IL US",41.96017,-87.93164,2024-01-11,2024-01-11,1.1,-2.7
7799,USW00094846,"CHICAGO OHARE INTERNATIONAL AIRPORT, IL US",41.96017,-87.93164,2024-01-12,2024-01-12,2.2,-1
7800,USW00094846,"CHICAGO OHARE INTERNATIONAL AIRPORT, IL US",41.96017,-87.93164,2024-01-13,2024-01-13,0.6,-17.1
7801,USW00094846,"CHICAGO OHARE INTERNATIONAL AIRPORT, IL US",41.96017,-87.93164,2024-01-14,2024-01-14,-16,-23.2
7802,USW00094846,"CHICAGO OHARE INTERNATIONAL AIRPORT, IL US",41.96017,-87.93164,2024-01-15,2024-01-15,-16.6,-23.2
7803,USW00094846,"CHICAGO OHARE INTERNATIONAL AIRPORT, IL US",41.96017,-87.93164,2024-01-16,2024-01-16,-16,-21.6
7804,USW00094846,"CHICAGO OHARE INTERNATIONAL AIRPORT, IL US",41.96017,-87.93164,2024-01-17,2024-01-17,-6.6,-16.6
7805,USW00094846,"CHICAGO OHARE INTERNATIONAL AIRPORT, IL US",41.96017,-87.93164,2024-01-18,2024-01-18,-2.1,-11
7806,USW00094846,"CHICAGO OHARE INTERNATIONAL AIRPORT, IL US",41.96017,-87.93164,2024-01-19,2024-01-19,-9.9,-14.9
7807,USW00094846,"CHICAGO OHARE INTERNATIONAL AIRPORT, IL US",41.96017,-87.93164,2024-01-20,2024-01-20,-7.7,-15.5
7808,USW00094846,"CHICAGO OHARE INTERNATIONAL AIRPORT, IL US",41.96017,-87.93164,2024-01-21,2024-01-21,-6,-17.1
7809,USW00094846,"CHICAGO OHARE INTERNATIONAL AIRPORT, IL US",41.96017,-87.93164,2024-01-22,2024-01-22,1.1,-6
7810,USW00094846,"CHICAGO OHARE INTERNATIONAL AIRPORT, IL US",41.96017,-87.93164,2024-01-23,2024-01-23,2.8,0.6
7811,USW00094846,"CHICAGO OHARE INTERNATIONAL AIRPORT, IL US",41.96017,-87.93164,2024-01-24,2024-01-24,3.3,1.1
7812,USW00094846,"CHICAGO OHARE INTERNATIONAL AIRPORT, IL US",41.96017,-87.93164,2024-01-25,2024-01-25,3.3,1.7
7813,USW00094846,"CHICAGO OHARE INTERNATIONAL AIRPORT, IL US",41.96017,-87.93164,2024-01-26,2024-01-26,4.4,2.8
7814,USW00094846,"CHICAGO OHARE INTERNATIONAL AIRPORT, IL US",41.96017,-87.93164,2024-01-27,2024-01-27,5,2.2
7815,USW00094846,"CHICAGO OHARE INTERNATIONAL AIRPORT, IL US",41.96017,-87.93164,2024-01-28,2024-01-28,3.9,0.6
7816,USW00094846,"CHICAGO OHARE INTERNATIONAL AIRPORT, IL US",41.96017,-87.93164,2024-01-29,2024-01-29,3.9,-1
7817,USW00094846,"CHICAGO OHARE INTERNATIONAL AIRPORT, IL US",41.96017,-87.93164,2024-01-30,2024-01-30,5,2.8
7818,USW00094846,"CHICAGO OHARE INTERNATIONAL AIRPORT, IL US",41.96017,-87.93164,2024-01-31,2024-01-31,3.3,2.2
7819,USW00094846,"CHICAGO OHARE INTERNATIONAL AIRPORT, IL US",41.96017,-87.93164,2024-02-01,2024-02-01,12.8,1.7
7820,USW00094846,"CHICAGO OHARE INTERNATIONAL AIRPORT, IL US",41.96017,-87.93164,2024-02-02,2024-02-02,5.6,-0.5
7821,USW00094846,"CHICAGO OHARE INTERNATIONAL AIRPORT, IL US",41.96017,-87.93164,2024-02-03,2024-02-03,5.6,-1.6
7822,USW00094846,"CHICAGO OHARE INTERNATIONAL AIRPORT, IL US",41.96017,-87.93164,2024-02-04,2024-02-04,7.8,-1.6
7823,USW00094846,"CHICAGO OHARE INTERNATIONAL AIRPORT, IL US",41.96017,-87.93164,2024-02-05,2024-02-05,5,-1
7824,USW00094846,"CHICAGO OHARE INTERNATIONAL AIRPORT, IL US",41.96017,-87.93164,2024-02-06,2024-02-06,8.9,-1
7825,USW00094846,"CHICAGO OHARE INTERNATIONAL AIRPORT, IL US",41.96017,-87.93164,2024-02-07,2024-02-07,9.4,-1
7826,USW00094846,"CHICAGO OHARE INTERNATIONAL AIRPORT, IL US",41.96017,-87.93164,2024-02-08,2024-02-08,15,6.1
7827,USW00094846,"CHICAGO OHARE INTERNATIONAL AIRPORT, IL US",41.96017,-87.93164,2024-02-09,2024-02-09,13.3,2.2
7828,USW00094846,"CHICAGO OHARE INTERNATIONAL AIRPORT, IL US",41.96017,-87.93164,2024-02-10,2024-02-10,5.6,-1
7829,USW00094846,"CHICAGO OHARE INTERNATIONAL AIRPORT, IL US",41.96017,-87.93164,2024-02-11,2024-02-11,5,-3.8
7830,USW00094846,"CHICAGO OHARE INTERNATIONAL AIRPORT, IL US",41.96017,-87.93164,2024-02-12,2024-02-12,7.8,-3.8
7831,USW00094846,"CHICAGO OHARE INTERNATIONAL AIRPORT, IL US",41.96017,-87.93164,2024-02-13,2024-02-13,4.4,-1.6
7832,USW00094846,"CHICAGO OHARE INTERNATIONAL AIRPORT, IL US",41.96017,-87.93164,2024-02-14,2024-02-14,8.3,-3.2
7833,USW00094846,"CHICAGO OHARE INTERNATIONAL AIRPORT, IL US",41.96017,-87.93164,2024-02-15,2024-02-15,6.7,-1
7834,USW00094846,"CHICAGO OHARE INTERNATIONAL AIRPORT, IL US",41.96017,-87.93164,2024-02-16,2024-02-16,0.6,-7.7
7835,USW00094846,"CHICAGO OHARE INTERNATIONAL AIRPORT, IL US",41.96017,-87.93164,2024-02-17,2024-02-17,-1.6,-10.5
7836,USW00094846,"CHICAGO OHARE INTERNATIONAL AIRPORT, IL US",41.96017,-87.93164,2024-02-18,2024-02-18,7.8,-4.3
7837,USW00094846,"CHICAGO OHARE INTERNATIONAL AIRPORT, IL US",41.96017,-87.93164,2024-02-19,2024-02-19,10,-4.9
7838,USW00094846,"CHICAGO OHARE INTERNATIONAL AIRPORT, IL US",41.96017,-87.93164,2024-02-20,2024-02-20,13.9,-1.6
7839,USW00094846,"CHICAGO OHARE INTERNATIONAL AIRPORT, IL US",41.96017,-87.93164,2024-02-21,2024-02-21,17.2,7.2
7840,USW00094846,"CHICAGO OHARE INTERNATIONAL AIRPORT, IL US",41.96017,-87.93164,2024-02-22,2024-02-22,16.1,5.6
7841,USW00094846,"CHICAGO OHARE INTERNATIONAL AIRPORT, IL US",41.96017,-87.93164,2024-02-23,2024-02-23,11.1,-2.1
7842,USW00094846,"CHICAGO OHARE INTERNATIONAL AIRPORT, IL US",41.96017,-87.93164,2024-02-24,2024-02-24,1.7,-6.6
7843,USW00094846,"CHICAGO OHARE INTERNATIONAL AIRPORT, IL US",41.96017,-87.93164,2024-02-25,2024-02-25,16.1,0
7844,USW00094846,"CHICAGO OHARE INTERNATIONAL AIRPORT, IL US",41.96017,-87.93164,2024-02-26,2024-02-26,21.7,2.8
7845,USW00094846,"CHICAGO OHARE INTERNATIONAL AIRPORT, IL US",41.96017,-87.93164,2024-02-27,2024-02-27,23.3,11.1
7846,USW00094846,"CHICAGO OHARE INTERNATIONAL AIRPORT, IL US",41.96017,-87.93164,2024-02-28,2024-02-28,11.7,-6.6
7847,USW00094846,"CHICAGO OHARE INTERNATIONAL AIRPORT, IL US",41.96017,-87.93164,2024-02-29,2024-02-29,7.2,-6.6
7848,USW00094846,"CHICAGO OHARE INTERNATIONAL AIRPORT, IL US",41.96017,-87.93164,2024-03-01,2024-03-01,7.8,-0.5
7849,USW00094846,"CHICAGO OHARE INTERNATIONAL AIRPORT, IL US",41.96017,-87.93164,2024-03-02,2024-03-02,15.6,1.7
7850,USW00094846,"CHICAGO OHARE INTERNATIONAL AIRPORT, IL US",41.96017,-87.93164,2024-03-03,2024-03-03,22.8,6.1
7851,USW00094846,"CHICAGO OHARE INTERNATIONAL AIRPORT, IL US",41.96017,-87.93164,2024-03-04,2024-03-04,22.2,6.7
7852,USW00094846,"CHICAGO OHARE INTERNATIONAL AIRPORT, IL US",41.96017,-87.93164,2024-03-05,2024-03-05,7.2,4.4
7853,USW00094846,"CHICAGO OHARE INTERNATIONAL AIRPORT, IL US",41.96017,-87.93164,2024-03-06,2024-03-06,8.3,2.8
7854,USW00094846,"CHICAGO OHARE INTERNATIONAL AIRPORT, IL US",41.96017,-87.93164,2024-03-07,2024-03-07,10.6,2.2
7855,USW00094846,"CHICAGO OHARE INTERNATIONAL AIRPORT, IL US",41.96017,-87.93164,2024-03-08,2024-03-08,7.8,3.9
7856,USW00094846,"CHICAGO OHARE INTERNATIONAL AIRPORT, IL US",41.96017,-87.93164,2024-03-09,2024-03-09,7.2,0.6
7857,USW00094846,"CHICAGO OHARE INTERNATIONAL AIRPORT, IL US",41.96017,-87.93164,2024-03-10,2024-03-10,8.3,-1
7858,USW00094846,"CHICAGO OHARE INTERNATIONAL AIRPORT, IL US",41.96017,-87.93164,2024-03-11,2024-03-11,19.4,0.6
7859,USW00094846,"CHICAGO OHARE INTERNATIONAL AIRPORT, IL US",41.96017,-87.93164,2024-03-12,2024-03-12,21.7,8.3
7860,USW00094846,"CHICAGO OHARE INTERNATIONAL AIRPORT, IL US",41.96017,-87.93164,2024-03-13,2024-03-13,20.6,8.9
7861,USW00094846,"CHICAGO OHARE INTERNATIONAL AIRPORT, IL US",41.96017,-87.93164,2024-03-14,2024-03-14,17.8,4.4
7862,USW00094846,"CHICAGO OHARE INTERNATIONAL AIRPORT, IL US",41.96017,-87.93164,2024-03-15,2024-03-15,12.2,2.8
7863,USW00094846,"CHICAGO OHARE INTERNATIONAL AIRPORT, IL US",41.96017,-87.93164,2024-03-16,2024-03-16,14.4,4.4
7864,USW00094846,"CHICAGO OHARE INTERNATIONAL AIRPORT, IL US",41.96017,-87.93164,2024-03-17,2024-03-17,5,-1.6
7865,USW00094846,"CHICAGO OHARE INTERNATIONAL AIRPORT, IL US",41.96017,-87.93164,2024-03-18,2024-03-18,2.8,-4.3
7866,USW00094846,"CHICAGO OHARE INTERNATIONAL AIRPORT, IL US",41.96017,-87.93164,2024-03-19,2024-03-19,14.4,-1.6
7867,USW00094846,"CHICAGO OHARE INTERNATIONAL AIRPORT, IL US",41.96017,-87.93164,2024-03-20,2024-03-20,6.7,-1.6
7868,USW00094846,"CHICAGO OHARE INTERNATIONAL AIRPORT, IL US",41.96017,-87.93164,2024-03-21,2024-03-21,5,-2.7
7869,USW00094846,"CHICAGO OHARE INTERNATIONAL AIRPORT, IL US",41.96017,-87.93164,2024-03-22,2024-03-22,3.9,-0.5
7870,USW00094846,"CHICAGO OHARE INTERNATIONAL AIRPORT, IL US",41.96017,-87.93164,2024-03-23,2024-03-23,3.3,-2.1
7871,USW00094846,"CHICAGO OHARE INTERNATIONAL AIRPORT, IL US",41.96017,-87.93164,2024-03-24,2024-03-24,8.9,0.6
7872,USW00094846,"CHICAGO OHARE INTERNATIONAL AIRPORT, IL US",41.96017,-87.93164,2024-03-25,2024-03-25,17.2,7.8
7873,USW00094846,"CHICAGO OHARE INTERNATIONAL AIRPORT, IL US",41.96017,-87.93164,2024-03-26,2024-03-26,12.8,0
7874,USW00094846,"CHICAGO OHARE INTERNATIONAL AIRPORT, IL US",41.96017,-87.93164,2024-03-27,2024-03-27,5.6,-1.6
7875,USW00094846,"CHICAGO OHARE INTERNATIONAL AIRPORT, IL US",41.96017,-87.93164,2024-03-28,2024-03-28,10.6,-1.6
7876,USW00094846,"CHICAGO OHARE INTERNATIONAL AIRPORT, IL US",41.96017,-87.93164,2024-03-29,2024-03-29,12.2,0
7877,USW00094846,"CHICAGO OHARE INTERNATIONAL AIRPORT, IL US",41.96017,-87.93164,2024-03-30,2024-03-30,16.1,4.4
7878,USW00094846,"CHICAGO OHARE INTERNATIONAL AIRPORT, IL US",41.96017,-87.93164,2024-03-31,2024-03-31,12.2,3.3
7879,USW00094846,"CHICAGO OHARE INTERNATIONAL AIRPORT, IL US",41.96017,-87.93164,2024-04-01,2024-04-01,8.9,5.6
7880,USW00094846,"CHICAGO OHARE INTERNATIONAL AIRPORT, IL US",41.96017,-87.93164,2024-04-02,2024-04-02,7.2,2.2
7881,USW00094846,"CHICAGO OHARE INTERNATIONAL AIRPORT, IL US",41.96017,-87.93164,2024-04-03,2024-04-03,3.9,1.1
7882,USW00094846,"CHICAGO OHARE INTERNATIONAL AIRPORT, IL US",41.96017,-87.93164,2024-04-04,2024-04-04,7.2,2.2
7883,USW00094846,"CHICAGO OHARE INTERNATIONAL AIRPORT, IL US",41.96017,-87.93164,2024-04-05,2024-04-05,9.4,2.2
7884,USW00094846,"CHICAGO OHARE INTERNATIONAL AIRPORT, IL US",41.96017,-87.93164,2024-04-06,2024-04-06,11.7,0
7885,USW00094846,"CHICAGO OHARE INTERNATIONAL AIRPORT, IL US",41.96017,-87.93164,2024-04-07,2024-04-07,10,3.9
7886,USW00094846,"CHICAGO OHARE INTERNATIONAL AIRPORT, IL US",41.96017,-87.93164,2024-04-08,2024-04-08,21.7,8.3
7887,USW00094846,"CHICAGO OHARE INTERNATIONAL AIRPORT, IL US",41.96017,-87.93164,2024-04-09,2024-04-09,17.2,9.4
7888,USW00094846,"CHICAGO OHARE INTERNATIONAL AIRPORT, IL US",41.96017,-87.93164,2024-04-10,2024-04-10,20.6,7.2
7889,USW00094846,"CHICAGO OHARE INTERNATIONAL AIRPORT, IL US",41.96017,-87.93164,2024-04-11,2024-04-11,15.6,9.4
7890,USW00094846,"CHICAGO OHARE INTERNATIONAL AIRPORT, IL US",41.96017,-87.93164,2024-04-12,2024-04-12,17.8,9.4
7891,USW00094846,"CHICAGO OHARE INTERNATIONAL AIRPORT, IL US",41.96017,-87.93164,2024-04-13,2024-04-13,21.7,6.7
7892,USW00094846,"CHICAGO OHARE INTERNATIONAL AIRPORT, IL US",41.96017,-87.93164,2024-04-14,2024-04-14,27.2,11.7
7893,USW00094846,"CHICAGO OHARE INTERNATIONAL AIRPORT, IL US",41.96017,-87.93164,2024-04-15,2024-04-15,24.4,8.9
7894,USW00094846,"CHICAGO OHARE INTERNATIONAL AIRPORT, IL US",41.96017,-87.93164,2024-04-16,2024-04-16,27.2,10.6
7895,USW00094846,"CHICAGO OHARE INTERNATIONAL AIRPORT, IL US",41.96017,-87.93164,2024-04-17,2024-04-17,20,11.7
7896,USW00094846,"CHICAGO OHARE INTERNATIONAL AIRPORT, IL US",41.96017,-87.93164,2024-04-18,2024-04-18,14.4,8.3
7897,USW00094846,"CHICAGO OHARE INTERNATIONAL AIRPORT, IL US",41.96017,-87.93164,2024-04-19,2024-04-19,13.3,5
7898,USW00094846,"CHICAGO OHARE INTERNATIONAL AIRPORT, IL US",41.96017,-87.93164,2024-04-20,2024-04-20,7.2,1.7
7899,USW00094846,"CHICAGO OHARE INTERNATIONAL AIRPORT, IL US",41.96017,-87.93164,2024-04-21,2024-04-21,14.4,0.6
7900,USW00094846,"CHICAGO OHARE INTERNATIONAL AIRPORT, IL US",41.96017,-87.93164,2024-04-22,2024-04-22,19.4,5
7901,USW00094846,"CHICAGO OHARE INTERNATIONAL AIRPORT, IL US",41.96017,-87.93164,2024-04-23,2024-04-23,17.8,5
7902,USW00094846,"CHICAGO OHARE INTERNATIONAL AIRPORT, IL US",41.96017,-87.93164,2024-04-24,2024-04-24,8.3,1.7
7903,USW00094846,"CHICAGO OHARE INTERNATIONAL AIRPORT, IL US",41.96017,-87.93164,2024-04-25,2024-04-25,14.4,0.6
7904,USW00094846,"CHICAGO OHARE INTERNATIONAL AIRPORT, IL US",41.96017,-87.93164,2024-04-26,2024-04-26,17.2,6.1
7905,USW00094846,"CHICAGO OHARE INTERNATIONAL AIRPORT, IL US",41.96017,-87.93164,2024-04-27,2024-04-27,26.1,15
7906,USW00094846,"CHICAGO OHARE INTERNATIONAL AIRPORT, IL US",41.96017,-87.93164,2024-04-28,2024-04-28,23.9,15
7907,USW00094846,"CHICAGO OHARE INTERNATIONAL AIRPORT, IL US",41.96017,-87.93164,2024-04-29,2024-04-29,21.1,12.2
7908,USW00094846,"CHICAGO OHARE INTERNATIONAL AIRPORT, IL US",41.96017,-87.93164,2024-04-30,2024-04-30,23.3,10
7909,USW00094846,"CHICAGO OHARE INTERNATIONAL AIRPORT, IL US",41.96017,-87.93164,2024-05-01,2024-05-01,23.9,14.4
7910,USW00094846,"CHICAGO OHARE INTERNATIONAL AIRPORT, IL US",41.96017,-87.93164,2024-05-02,2024-05-02,27.2,12.2
7911,USW00094846,"CHICAGO OHARE INTERNATIONAL AIRPORT, IL US",41.96017,-87.93164,2024-05-03,2024-05-03,20.6,11.7
7912,USW00094846,"CHICAGO OHARE INTERNATIONAL AIRPORT, IL US",41.96017,-87.93164,2024-05-04,2024-05-04,27.2,8.3
7913,USW00094846,"CHICAGO OHARE INTERNATIONAL AIRPORT, IL US",41.96017,-87.93164,2024-05-05,2024-05-05,17.8,10
7914,USW00094846,"CHICAGO OHARE INTERNATIONAL AIRPORT, IL US",41.96017,-87.93164,2024-05-06,2024-05-06,21.1,8.9
7915,USW00094846,"CHICAGO OHARE INTERNATIONAL AIRPORT, IL US",41.96017,-87.93164,2024-05-07,2024-05-07,23.9,14.4
7916,USW00094846,"CHICAGO OHARE INTERNATIONAL AIRPORT, IL US",41.96017,-87.93164,2024-05-08,2024-05-08,26.1,11.7
7917,USW00094846,"CHICAGO OHARE INTERNATIONAL AIRPORT, IL US",41.96017,-87.93164,2024-05-09,2024-05-09,17.2,9.4
7918,USW00094846,"CHICAGO OHARE INTERNATIONAL AIRPORT, IL US",41.96017,-87.93164,2024-05-10,2024-05-10,19.4,7.8
7919,USW00094846,"CHICAGO OHARE INTERNATIONAL AIRPORT, IL US",41.96017,-87.93164,2024-05-11,2024-05-11,21.1,10.6
7920,USW00094846,"CHICAGO OHARE INTERNATIONAL AIRPORT, IL US",41.96017,-87.93164,2024-05-12,2024-05-12,28.3,9.4
7921,USW00094846,"CHICAGO OHARE INTERNATIONAL AIRPORT, IL US",41.96017,-87.93164,2024-05-13,2024-05-13,27.2,16.7
7922,USW00094846,"CHICAGO OHARE INTERNATIONAL AIRPORT, IL US",41.96017,-87.93164,2024-05-14,2024-05-14,16.7,10.6
7923,USW00094846,"CHICAGO OHARE INTERNATIONAL AIRPORT, IL US",41.96017,-87.93164,2024-05-15,2024-05-15,19.4,11.1
7924,USW00094846,"CHICAGO OHARE INTERNATIONAL AIRPORT, IL US",41.96017,-87.93164,2024-05-16,2024-05-16,23.9,11.1
7925,USW00094846,"CHICAGO OHARE INTERNATIONAL AIRPORT, IL US",41.96017,-87.93164,2024-05-17,2024-05-17,27.2,15
7926,USW00094846,"CHICAGO OHARE INTERNATIONAL AIRPORT, IL US",41.96017,-87.93164,2024-05-18,2024-05-18,29.4,15
7927,USW00094846,"CHICAGO OHARE INTERNATIONAL AIRPORT, IL US",41.96017,-87.93164,2024-05-19,2024-05-19,24.4,16.7
7928,USW00094846,"CHICAGO OHARE INTERNATIONAL AIRPORT, IL US",41.96017,-87.93164,2024-05-20,2024-05-20,30,16.1
7929,USW00094846,"CHICAGO OHARE INTERNATIONAL AIRPORT, IL US",41.96017,-87.93164,2024-05-21,2024-05-21,31.7,16.1
7930,USW00094846,"CHICAGO OHARE INTERNATIONAL AIRPORT, IL US",41.96017,-87.93164,2024-05-22,2024-05-22,26.7,16.1
7931,USW00094846,"CHICAGO OHARE INTERNATIONAL AIRPORT, IL US",41.96017,-87.93164,2024-05-23,2024-05-23,27.2,14.4
7932,USW00094846,"CHICAGO OHARE INTERNATIONAL AIRPORT, IL US",41.96017,-87.93164,2024-05-24,2024-05-24,25,17.8
7933,USW00094846,"CHICAGO OHARE INTERNATIONAL AIRPORT, IL US",41.96017,-87.93164,2024-05-25,2024-05-25,24.4,13.3
7934,USW00094846,"CHICAGO OHARE INTERNATIONAL AIRPORT, IL US",41.96017,-87.93164,2024-05-26,2024-05-26,22.8,14.4
7935,USW00094846,"CHICAGO OHARE INTERNATIONAL AIRPORT, IL US",41.96017,-87.93164,2024-05-27,2024-05-27,23.3,14.4
7936,USW00094846,"CHICAGO OHARE INTERNATIONAL AIRPORT, IL US",41.96017,-87.93164,2024-05-28,2024-05-28,22.2,12.2
7937,USW00094846,"CHICAGO OHARE INTERNATIONAL AIRPORT, IL US",41.96017,-87.93164,2024-05-29,2024-05-29,21.1,9.4
7938,USW00094846,"CHICAGO OHARE INTERNATIONAL AIRPORT, IL US",41.96017,-87.93164,2024-05-30,2024-05-30,21.1,7.2
7939,USW00094846,"CHICAGO OHARE INTERNATIONAL AIRPORT, IL US",41.96017,-87.93164,2024-05-31,2024-05-31,26.1,10
7940,USW00094846,"CHICAGO OHARE INTERNATIONAL AIRPORT, IL US",41.96017,-87.93164,2024-06-01,2024-06-01,20,15.6
7941,USW00094846,"CHICAGO OHARE INTERNATIONAL AIRPORT, IL US",41.96017,-87.93164,2024-06-02,2024-06-02,25,15
7942,USW00094846,"CHICAGO OHARE INTERNATIONAL AIRPORT, IL US",41.96017,-87.93164,2024-06-03,2024-06-03,30,14.4
7943,USW00094846,"CHICAGO OHARE INTERNATIONAL AIRPORT, IL US",41.96017,-87.93164,2024-06-04,2024-06-04,29.4,20.6
7944,USW00094846,"CHICAGO OHARE INTERNATIONAL AIRPORT, IL US",41.96017,-87.93164,2024-06-05,2024-06-05,26.1,20.6
7945,USW00094846,"CHICAGO OHARE INTERNATIONAL AIRPORT, IL US",41.96017,-87.93164,2024-06-06,2024-06-06,25.6,17.8
7946,USW00094846,"CHICAGO OHARE INTERNATIONAL AIRPORT, IL US",41.96017,-87.93164,2024-06-07,2024-06-07,25.6,15
7947,USW00094846,"CHICAGO OHARE INTERNATIONAL AIRPORT, IL US",41.96017,-87.93164,2024-06-08,2024-06-08,25,12.8
7948,USW00094846,"CHICAGO OHARE INTERNATIONAL AIRPORT, IL US",41.96017,-87.93164,2024-06-09,2024-06-09,26.7,12.8
7949,USW00094846,"CHICAGO OHARE INTERNATIONAL AIRPORT, IL US",41.96017,-87.93164,2024-06-10,2024-06-10,20.6,11.7
7950,USW00094846,"CHICAGO OHARE INTERNATIONAL AIRPORT, IL US",41.96017,-87.93164,2024-06-11,2024-06-11,25.6,10
7951,USW00094846,"CHICAGO OHARE INTERNATIONAL AIRPORT, IL US",41.96017,-87.93164,2024-06-12,2024-06-12,32.8,18.9
7952,USW00094846,"CHICAGO OHARE INTERNATIONAL AIRPORT, IL US",41.96017,-87.93164,2024-06-13,2024-06-13,32.8,21.7
7953,USW00094846,"CHICAGO OHARE INTERNATIONAL AIRPORT, IL US",41.96017,-87.93164,2024-06-14,2024-06-14,30,15.6
7954,USW00094846,"CHICAGO OHARE INTERNATIONAL AIRPORT, IL US",41.96017,-87.93164,2024-06-15,2024-06-15,30,14.4
7955,USW00094846,"CHICAGO OHARE INTERNATIONAL AIRPORT, IL US",41.96017,-87.93164,2024-06-16,2024-06-16,35,21.7
7956,USW00094846,"CHICAGO OHARE INTERNATIONAL AIRPORT, IL US",41.96017,-87.93164,2024-06-17,2024-06-17,36.1,25
7957,USW00094846,"CHICAGO OHARE INTERNATIONAL AIRPORT, IL US",41.96017,-87.93164,2024-06-18,2024-06-18,34.4,25.6
7958,USW00094846,"CHICAGO OHARE INTERNATIONAL AIRPORT, IL US",41.96017,-87.93164,2024-06-19,2024-06-19,33.9,22.8
7959,USW00094846,"CHICAGO OHARE INTERNATIONAL AIRPORT, IL US",41.96017,-87.93164,2024-06-20,2024-06-20,29.4,17.8
7960,USW00094846,"CHICAGO OHARE INTERNATIONAL AIRPORT, IL US",41.96017,-87.93164,2024-06-21,2024-06-21,34.4,18.9
7961,USW00094846,"CHICAGO OHARE INTERNATIONAL AIRPORT, IL US",41.96017,-87.93164,2024-06-22,2024-06-22,33.9,20.6
7962,USW00094846,"CHICAGO OHARE INTERNATIONAL AIRPORT, IL US",41.96017,-87.93164,2024-06-23,2024-06-23,26.7,20.6
7963,USW00094846,"CHICAGO OHARE INTERNATIONAL AIRPORT, IL US",41.96017,-87.93164,2024-06-24,2024-06-24,31.1,18.3
7964,USW00094846,"CHICAGO OHARE INTERNATIONAL AIRPORT, IL US",41.96017,-87.93164,2024-06-25,2024-06-25,29.4,21.7
7965,USW00094846,"CHICAGO OHARE INTERNATIONAL AIRPORT, IL US",41.96017,-87.93164,2024-06-26,2024-06-26,30.6,17.8
7966,USW00094846,"CHICAGO OHARE INTERNATIONAL AIRPORT, IL US",41.96017,-87.93164,2024-06-27,2024-06-27,23.3,16.1
7967,USW00094846,"CHICAGO OHARE INTERNATIONAL AIRPORT, IL US",41.96017,-87.93164,2024-06-28,2024-06-28,23.3,18.3
7968,USW00094846,"CHICAGO OHARE INTERNATIONAL AIRPORT, IL US",41.96017,-87.93164,2024-06-29,2024-06-29,31.1,21.1
7969,USW00094846,"CHICAGO OHARE INTERNATIONAL AIRPORT, IL US",41.96017,-87.93164,2024-06-30,2024-06-30,21.7,15
7970,USW00094846,"CHICAGO OHARE INTERNATIONAL AIRPORT, IL US",41.96017,-87.93164,2024-07-01,2024-07-01,23.9,12.2
7971,USW00094846,"CHICAGO OHARE INTERNATIONAL AIRPORT, IL US",41.96017,-87.93164,2024-07-02,2024-07-02,29.4,19.4
7972,USW00094846,"CHICAGO OHARE INTERNATIONAL AIRPORT, IL US",41.96017,-87.93164,2024-07-03,2024-07-03,31.1,22.8
7973,USW00094846,"CHICAGO OHARE INTERNATIONAL AIRPORT, IL US",41.96017,-87.93164,2024-07-04,2024-07-04,28.9,20.6
7974,USW00094846,"CHICAGO OHARE INTERNATIONAL AIRPORT, IL US",41.96017,-87.93164,2024-07-05,2024-07-05,27.8,20
7975,USW00094846,"CHICAGO OHARE INTERNATIONAL AIRPORT, IL US",41.96017,-87.93164,2024-07-06,2024-07-06,28.3,17.8
7976,USW00094846,"CHICAGO OHARE INTERNATIONAL AIRPORT, IL US",41.96017,-87.93164,2024-07-07,2024-07-07,30.6,18.9
7977,USW00094846,"CHICAGO OHARE INTERNATIONAL AIRPORT, IL US",41.96017,-87.93164,2024-07-08,2024-07-08,30,20.6
7978,USW00094846,"CHICAGO OHARE INTERNATIONAL AIRPORT, IL US",41.96017,-87.93164,2024-07-09,2024-07-09,27.2,20.6
7979,USW00094846,"CHICAGO OHARE INTERNATIONAL AIRPORT, IL US",41.96017,-87.93164,2024-07-10,2024-07-10,28.9,18.9
7980,USW00094846,"CHICAGO OHARE INTERNATIONAL AIRPORT, IL US",41.96017,-87.93164,2024-07-11,2024-07-11,27.2,18.9
7981,USW00094846,"CHICAGO OHARE INTERNATIONAL AIRPORT, IL US",41.96017,-87.93164,2024-07-12,2024-07-12,30,17.8
7982,USW00094846,"CHICAGO OHARE INTERNATIONAL AIRPORT, IL US",41.96017,-87.93164,2024-07-13,2024-07-13,32.8,19.4
7983,USW00094846,"CHICAGO OHARE INTERNATIONAL AIRPORT, IL US",41.96017,-87.93164,2024-07-14,2024-07-14,31.1,19.4
7984,USW00094846,"CHICAGO OHARE INTERNATIONAL AIRPORT, IL US",41.96017,-87.93164,2024-07-15,2024-07-15,32.2,20.6
7985,USW00094846,"CHICAGO OHARE INTERNATIONAL AIRPORT, IL US",41.96017,-87.93164,2024-07-16,2024-07-16,29.4,20.6
7986,USW00094846,"CHICAGO OHARE INTERNATIONAL AIRPORT, IL US",41.96017,-87.93164,2024-07-17,2024-07-17,27.8,17.8
7987,USW00094846,"CHICAGO OHARE INTERNATIONAL AIRPORT, IL US",41.96017,-87.93164,2024-07-18,2024-07-18,23.9,16.1
7988,USW00094846,"CHICAGO OHARE INTERNATIONAL AIRPORT, IL US",41.96017,-87.93164,2024-07-19,2024-07-19,26.7,15.6
7989,USW00094846,"CHICAGO OHARE INTERNATIONAL AIRPORT, IL US",41.96017,-87.93164,2024-07-20,2024-07-20,27.2,17.2
7990,USW00094846,"CHICAGO OHARE INTERNATIONAL AIRPORT, IL US",41.96017,-87.93164,2024-07-21,2024-07-21,28.9,18.9
7991,USW00094846,"CHICAGO OHARE INTERNATIONAL AIRPORT, IL US",41.96017,-87.93164,2024-07-22,2024-07-22,28.9,18.3
7992,USW00094846,"CHICAGO OHARE INTERNATIONAL AIRPORT, IL US",41.96017,-87.93164,2024-07-23,2024-07-23,29.4,19.4
7993,USW00094846,"CHICAGO OHARE INTERNATIONAL AIRPORT, IL US",41.96017,-87.93164,2024-07-24,2024-07-24,23.9,19.4
7994,USW00094846,"CHICAGO OHARE INTERNATIONAL AIRPORT, IL US",41.96017,-87.93164,2024-07-25,2024-07-25,25.6,16.7
7995,USW00094846,"CHICAGO OHARE INTERNATIONAL AIRPORT, IL US",41.96017,-87.93164,2024-07-26,2024-07-26,27.2,16.1
7996,USW00094846,"CHICAGO OHARE INTERNATIONAL AIRPORT, IL US",41.96017,-87.93164,2024-07-27,2024-07-27,29.4,18.9
7997,USW00094846,"CHICAGO OHARE INTERNATIONAL AIRPORT, IL US",41.96017,-87.93164,2024-07-28,2024-07-28,29.4,21.1
7998,USW00094846,"CHICAGO OHARE INTERNATIONAL AIRPORT, IL US",41.96017,-87.93164,2024-07-29,2024-07-29,28.9,21.7
7999,USW00094846,"CHICAGO OHARE INTERNATIONAL AIRPORT, IL US",41.96017,-87.93164,2024-07-30,2024-07-30,32.2,21.1
8000,USW00094846,"CHICAGO OHARE INTERNATIONAL AIRPORT, IL US",41.96017,-87.93164,2024-07-31,2024-07-31,33.3,22.2
8001,USW00094846,"CHICAGO OHARE INTERNATIONAL AIRPORT, IL US",41.96017,-87.93164,2024-08-01,2024-08-01,31.1,20.6
8002,USW00094846,"CHICAGO OHARE INTERNATIONAL AIRPORT, IL US",41.96017,-87.93164,2024-08-02,2024-08-02,30.6,20.6
8003,USW00094846,"CHICAGO OHARE INTERNATIONAL AIRPORT, IL US",41.96017,-87.93164,2024-08-03,2024-08-03,32.8,22.8
8004,USW00094846,"CHICAGO OHARE INTERNATIONAL AIRPORT, IL US",41.96017,-87.93164,2024-08-04,2024-08-04,32.8,21.7
8005,USW00094846,"CHICAGO OHARE INTERNATIONAL AIRPORT, IL US",41.96017,-87.93164,2024-08-05,2024-08-05,32.8,23.3
8006,USW00094846,"CHICAGO OHARE INTERNATIONAL AIRPORT, IL US",41.96017,-87.93164,2024-08-06,2024-08-06,23.9,19.4
8007,USW00094846,"CHICAGO OHARE INTERNATIONAL AIRPORT, IL US",41.96017,-87.93164,2024-08-07,2024-08-07,25.6,17.8
8008,USW00094846,"CHICAGO OHARE INTERNATIONAL AIRPORT, IL US",41.96017,-87.93164,2024-08-08,2024-08-08,28.3,17.8
8009,USW00094846,"CHICAGO OHARE INTERNATIONAL AIRPORT, IL US",41.96017,-87.93164,2024-08-09,2024-08-09,22.2,15.6
8010,USW00094846,"CHICAGO OHARE INTERNATIONAL AIRPORT, IL US",41.96017,-87.93164,2024-08-10,2024-08-10,23.9,13.3
8011,USW00094846,"CHICAGO OHARE INTERNATIONAL AIRPORT, IL US",41.96017,-87.93164,2024-08-11,2024-08-11,26.7,14.4
8012,USW00094846,"CHICAGO OHARE INTERNATIONAL AIRPORT, IL US",41.96017,-87.93164,2024-08-12,2024-08-12,27.8,16.1
8013,USW00094846,"CHICAGO OHARE INTERNATIONAL AIRPORT, IL US",41.96017,-87.93164,2024-08-13,2024-08-13,30,17.8
8014,USW00094846,"CHICAGO OHARE INTERNATIONAL AIRPORT, IL US",41.96017,-87.93164,2024-08-14,2024-08-14,30,18.9
8015,USW00094846,"CHICAGO OHARE INTERNATIONAL AIRPORT, IL US",41.96017,-87.93164,2024-08-15,2024-08-15,24.4,19.4
8016,USW00094846,"CHICAGO OHARE INTERNATIONAL AIRPORT, IL US",41.96017,-87.93164,2024-08-16,2024-08-16,30.6,19.4
8017,USW00094846,"CHICAGO OHARE INTERNATIONAL AIRPORT, IL US",41.96017,-87.93164,2024-08-17,2024-08-17,28.9,20.6
8018,USW00094846,"CHICAGO OHARE INTERNATIONAL AIRPORT, IL US",41.96017,-87.93164,2024-08-18,2024-08-18,26.7,20
8019,USW00094846,"CHICAGO OHARE INTERNATIONAL AIRPORT, IL US",41.96017,-87.93164,2024-08-19,2024-08-19,25,17.2
8020,USW00094846,"CHICAGO OHARE INTERNATIONAL AIRPORT, IL US",41.96017,-87.93164,2024-08-20,2024-08-20,22.2,14.4
8021,USW00094846,"CHICAGO OHARE INTERNATIONAL AIRPORT, IL US",41.96017,-87.93164,2024-08-21,2024-08-21,24.4,13.3
8022,USW00094846,"CHICAGO OHARE INTERNATIONAL AIRPORT, IL US",41.96017,-87.93164,2024-08-22,2024-08-22,26.7,12.8
8023,USW00094846,"CHICAGO OHARE INTERNATIONAL AIRPORT, IL US",41.96017,-87.93164,2024-08-23,2024-08-23,27.8,15
8024,USW00094846,"CHICAGO OHARE INTERNATIONAL AIRPORT, IL US",41.96017,-87.93164,2024-08-24,2024-08-24,32.8,17.8
8025,USW00094846,"CHICAGO OHARE INTERNATIONAL AIRPORT, IL US",41.96017,-87.93164,2024-08-25,2024-08-25,33.9,23.3
8026,USW00094846,"CHICAGO OHARE INTERNATIONAL AIRPORT, IL US",41.96017,-87.93164,2024-08-26,2024-08-26,35.6,26.1
8027,USW00094846,"CHICAGO OHARE INTERNATIONAL AIRPORT, IL US",41.96017,-87.93164,2024-08-27,2024-08-27,37.2,23.3
8028,USW00094846,"CHICAGO OHARE INTERNATIONAL AIRPORT, IL US",41.96017,-87.93164,2024-08-28,2024-08-28,28.9,21.7
8029,USW00094846,"CHICAGO OHARE INTERNATIONAL AIRPORT, IL US",41.96017,-87.93164,2024-08-29,2024-08-29,31.1,21.7
8030,USW00094846,"CHICAGO OHARE INTERNATIONAL AIRPORT, IL US",41.96017,-87.93164,2024-08-30,2024-08-30,28.3,20.6
8031,USW00094846,"CHICAGO OHARE INTERNATIONAL AIRPORT, IL US",41.96017,-87.93164,2024-08-31,2024-08-31,28.9,16.7
8032,USW00094846,"CHICAGO OHARE INTERNATIONAL AIRPORT, IL US",41.96017,-87.93164,2024-09-01,2024-09-01,24.4,15.6
8033,USW00094846,"CHICAGO OHARE INTERNATIONAL AIRPORT, IL US",41.96017,-87.93164,2024-09-02,2024-09-02,24.4,14.4
8034,USW00094846,"CHICAGO OHARE INTERNATIONAL AIRPORT, IL US",41.96017,-87.93164,2024-09-03,2024-09-03,25.6,14.4
8035,USW00094846,"CHICAGO OHARE INTERNATIONAL AIRPORT, IL US",41.96017,-87.93164,2024-09-04,2024-09-04,28.9,14.4
8036,USW00094846,"CHICAGO OHARE INTERNATIONAL AIRPORT, IL US",41.96017,-87.93164,2024-09-05,2024-09-05,30.6,17.8
8037,USW00094846,"CHICAGO OHARE INTERNATIONAL AIRPORT, IL US",41.96017,-87.93164,2024-09-06,2024-09-06,21.1,12.2
8038,USW00094846,"CHICAGO OHARE INTERNATIONAL AIRPORT, IL US",41.96017,-87.93164,2024-09-07,2024-09-07,19.4,8.9
8039,USW00094846,"CHICAGO OHARE INTERNATIONAL AIRPORT, IL US",41.96017,-87.93164,2024-09-08,2024-09-08,22.2,9.4
8040,USW00094846,"CHICAGO OHARE INTERNATIONAL AIRPORT, IL US",41.96017,-87.93164,2024-09-09,2024-09-09,27.2,13.9
8041,USW00094846,"CHICAGO OHARE INTERNATIONAL AIRPORT, IL US",41.96017,-87.93164,2024-09-10,2024-09-10,27.8,14.4
8042,USW00094846,"CHICAGO OHARE INTERNATIONAL AIRPORT, IL US",41.96017,-87.93164,2024-09-11,2024-09-11,30.6,15
8043,USW00094846,"CHICAGO OHARE INTERNATIONAL AIRPORT, IL US",41.96017,-87.93164,2024-09-12,2024-09-12,30.6,17.2
8044,USW00094846,"CHICAGO OHARE INTERNATIONAL AIRPORT, IL US",41.96017,-87.93164,2024-09-13,2024-09-13,29.4,18.9
8045,USW00094846,"CHICAGO OHARE INTERNATIONAL AIRPORT, IL US",41.96017,-87.93164,2024-09-14,2024-09-14,31.1,19.4
8046,USW00094846,"CHICAGO OHARE INTERNATIONAL AIRPORT, IL US",41.96017,-87.93164,2024-09-15,2024-09-15,32.2,19.4
8047,USW00094846,"CHICAGO OHARE INTERNATIONAL AIRPORT, IL US",41.96017,-87.93164,2024-09-16,2024-09-16,32.2,18.3
8048,USW00094846,"CHICAGO OHARE INTERNATIONAL AIRPORT, IL US",41.96017,-87.93164,2024-09-17,2024-09-17,29.4,16.7
8049,USW00094846,"CHICAGO OHARE INTERNATIONAL AIRPORT, IL US",41.96017,-87.93164,2024-09-18,2024-09-18,31.1,16.1
8050,USW00094846,"CHICAGO OHARE INTERNATIONAL AIRPORT, IL US",41.96017,-87.93164,2024-09-19,2024-09-19,31.7,16.7
8051,USW00094846,"CHICAGO OHARE INTERNATIONAL AIRPORT, IL US",41.96017,-87.93164,2024-09-20,2024-09-20,32.8,20.6
8052,USW00094846,"CHICAGO OHARE INTERNATIONAL AIRPORT, IL US",41.96017,-87.93164,2024-09-21,2024-09-21,33.3,17.2
8053,USW00094846,"CHICAGO OHARE INTERNATIONAL AIRPORT, IL US",41.96017,-87.93164,2024-09-22,2024-09-22,25.6,17.8
8054,USW00094846,"CHICAGO OHARE INTERNATIONAL AIRPORT, IL US",41.96017,-87.93164,2024-09-23,2024-09-23,19.4,15.6
8055,USW00094846,"CHICAGO OHARE INTERNATIONAL AIRPORT, IL US",41.96017,-87.93164,2024-09-24,2024-09-24,19.4,16.7
8056,USW00094846,"CHICAGO OHARE INTERNATIONAL AIRPORT, IL US",41.96017,-87.93164,2024-09-25,2024-09-25,25,13.9
8057,USW00094846,"CHICAGO OHARE INTERNATIONAL AIRPORT, IL US",41.96017,-87.93164,2024-09-26,2024-09-26,25,13.9
8058,USW00094846,"CHICAGO OHARE INTERNATIONAL AIRPORT, IL US",41.96017,-87.93164,2024-09-27,2024-09-27,22.2,18.3
8059,USW00094846,"CHICAGO OHARE INTERNATIONAL AIRPORT, IL US",41.96017,-87.93164,2024-09-28,2024-09-28,22.2,18.3
8060,USW00094846,"CHICAGO OHARE INTERNATIONAL AIRPORT, IL US",41.96017,-87.93164,2024-09-29,2024-09-29,23.3,18.9
8061,USW00094846,"CHICAGO OHARE INTERNATIONAL AIRPORT, IL US",41.96017,-87.93164,2024-09-30,2024-09-30,26.1,17.2
8062,USW00094846,"CHICAGO OHARE INTERNATIONAL AIRPORT, IL US",41.96017,-87.93164,2024-10-01,2024-10-01,21.1,12.8
8063,USW00094846,"CHICAGO OHARE INTERNATIONAL AIRPORT, IL US",41.96017,-87.93164,2024-10-02,2024-10-02,22.2,8.9
8064,USW00094846,"CHICAGO OHARE INTERNATIONAL AIRPORT, IL US",41.96017,-87.93164,2024-10-03,2024-10-03,26.7,12.2
8065,USW00094846,"CHICAGO OHARE INTERNATIONAL AIRPORT, IL US",41.96017,-87.93164,2024-10-04,2024-10-04,21.1,14.4
8066,USW00094846,"CHICAGO OHARE INTERNATIONAL AIRPORT, IL US",41.96017,-87.93164,2024-10-05,2024-10-05,29.4,14.4
8067,USW00094846,"CHICAGO OHARE INTERNATIONAL AIRPORT, IL US",41.96017,-87.93164,2024-10-06,2024-10-06,23.9,12.2
8068,USW00094846,"CHICAGO OHARE INTERNATIONAL AIRPORT, IL US",41.96017,-87.93164,2024-10-07,2024-10-07,20,8.9
8069,USW00094846,"CHICAGO OHARE INTERNATIONAL AIRPORT, IL US",41.96017,-87.93164,2024-10-08,2024-10-08,23.3,10
8070,USW00094846,"CHICAGO OHARE INTERNATIONAL AIRPORT, IL US",41.96017,-87.93164,2024-10-09,2024-10-09,21.1,10.6
8071,USW00094846,"CHICAGO OHARE INTERNATIONAL AIRPORT, IL US",41.96017,-87.93164,2024-10-10,2024-10-10,22.8,11.7
8072,USW00094846,"CHICAGO OHARE INTERNATIONAL AIRPORT, IL US",41.96017,-87.93164,2024-10-11,2024-10-11,28.3,12.8
8073,USW00094846,"CHICAGO OHARE INTERNATIONAL AIRPORT, IL US",41.96017,-87.93164,2024-10-12,2024-10-12,20,15.6
8074,USW00094846,"CHICAGO OHARE INTERNATIONAL AIRPORT, IL US",41.96017,-87.93164,2024-10-13,2024-10-13,19.4,9.4
8075,USW00094846,"CHICAGO OHARE INTERNATIONAL AIRPORT, IL US",41.96017,-87.93164,2024-10-14,2024-10-14,13.9,5
8076,USW00094846,"CHICAGO OHARE INTERNATIONAL AIRPORT, IL US",41.96017,-87.93164,2024-10-15,2024-10-15,10.6,5
8077,USW00094846,"CHICAGO OHARE INTERNATIONAL AIRPORT, IL US",41.96017,-87.93164,2024-10-16,2024-10-16,14.4,2.8
8078,USW00094846,"CHICAGO OHARE INTERNATIONAL AIRPORT, IL US",41.96017,-87.93164,2024-10-17,2024-10-17,17.8,3.3
8079,USW00094846,"CHICAGO OHARE INTERNATIONAL AIRPORT, IL US",41.96017,-87.93164,2024-10-18,2024-10-18,20.6,5.6
8080,USW00094846,"CHICAGO OHARE INTERNATIONAL AIRPORT, IL US",41.96017,-87.93164,2024-10-19,2024-10-19,21.7,6.7
8081,USW00094846,"CHICAGO OHARE INTERNATIONAL AIRPORT, IL US",41.96017,-87.93164,2024-10-20,2024-10-20,26.1,10.6
8082,USW00094846,"CHICAGO OHARE INTERNATIONAL AIRPORT, IL US",41.96017,-87.93164,2024-10-21,2024-10-21,27.2,12.2
8083,USW00094846,"CHICAGO OHARE INTERNATIONAL AIRPORT, IL US",41.96017,-87.93164,2024-10-22,2024-10-22,22.8,12.8
8084,USW00094846,"CHICAGO OHARE INTERNATIONAL AIRPORT, IL US",41.96017,-87.93164,2024-10-23,2024-10-23,18.3,6.7
8085,USW00094846,"CHICAGO OHARE INTERNATIONAL AIRPORT, IL US",41.96017,-87.93164,2024-10-24,2024-10-24,17.8,4.4
8086,USW00094846,"CHICAGO OHARE INTERNATIONAL AIRPORT, IL US",41.96017,-87.93164,2024-10-25,2024-10-25,19.4,8.9
8087,USW00094846,"CHICAGO OHARE INTERNATIONAL AIRPORT, IL US",41.96017,-87.93164,2024-10-26,2024-10-26,15,6.1
8088,USW00094846,"CHICAGO OHARE INTERNATIONAL AIRPORT, IL US",41.96017,-87.93164,2024-10-27,2024-10-27,15,2.8
8089,USW00094846,"CHICAGO OHARE INTERNATIONAL AIRPORT, IL US",41.96017,-87.93164,2024-10-28,2024-10-28,19.4,6.1
8090,USW00094846,"CHICAGO OHARE INTERNATIONAL AIRPORT, IL US",41.96017,-87.93164,2024-10-29,2024-10-29,27.8,19.4
8091,USW00094846,"CHICAGO OHARE INTERNATIONAL AIRPORT, IL US",41.96017,-87.93164,2024-10-30,2024-10-30,26.7,20
8092,USW00094846,"CHICAGO OHARE INTERNATIONAL AIRPORT, IL US",41.96017,-87.93164,2024-10-31,2024-10-31,21.7,6.1
8093,USW00094846,"CHICAGO OHARE INTERNATIONAL AIRPORT, IL US",41.96017,-87.93164,2024-11-01,2024-11-01,12.2,3.9
8094,USW00094846,"CHICAGO OHARE INTERNATIONAL AIRPORT, IL US",41.96017,-87.93164,2024-11-02,2024-11-02,15,3.3
8095,USW00094846,"CHICAGO OHARE INTERNATIONAL AIRPORT, IL US",41.96017,-87.93164,2024-11-03,2024-11-03,17.8,9.4
8096,USW00094846,"CHICAGO OHARE INTERNATIONAL AIRPORT, IL US",41.96017,-87.93164,2024-11-04,2024-11-04,20,17.2
8097,USW00094846,"CHICAGO OHARE INTERNATIONAL AIRPORT, IL US",41.96017,-87.93164,2024-11-05,2024-11-05,19.4,15.6
8098,USW00094846,"CHICAGO OHARE INTERNATIONAL AIRPORT, IL US",41.96017,-87.93164,2024-11-06,2024-11-06,15.6,9.4
8099,USW00094846,"CHICAGO OHARE INTERNATIONAL AIRPORT, IL US",41.96017,-87.93164,2024-11-07,2024-11-07,15,6.7
8100,USW00094846,"CHICAGO OHARE INTERNATIONAL AIRPORT, IL US",41.96017,-87.93164,2024-11-08,2024-11-08,16.7,6.7
8101,USW00094846,"CHICAGO OHARE INTERNATIONAL AIRPORT, IL US",41.96017,-87.93164,2024-11-09,2024-11-09,13.3,7.2
8102,USW00094846,"CHICAGO OHARE INTERNATIONAL AIRPORT, IL US",41.96017,-87.93164,2024-11-10,2024-11-10,17.2,9.4
8103,USW00094846,"CHICAGO OHARE INTERNATIONAL AIRPORT, IL US",41.96017,-87.93164,2024-11-11,2024-11-11,14.4,5.6
8104,USW00094846,"CHICAGO OHARE INTERNATIONAL AIRPORT, IL US",41.96017,-87.93164,2024-11-12,2024-11-12,10,4.4
8105,USW00094846,"CHICAGO OHARE INTERNATIONAL AIRPORT, IL US",41.96017,-87.93164,2024-11-13,2024-11-13,11.1,4.4
8106,USW00094846,"CHICAGO OHARE INTERNATIONAL AIRPORT, IL US",41.96017,-87.93164,2024-11-14,2024-11-14,12.2,8.9
8107,USW00094846,"CHICAGO OHARE INTERNATIONAL AIRPORT, IL US",41.96017,-87.93164,2024-11-15,2024-11-15,13.3,5.6
8108,USW00094846,"CHICAGO OHARE INTERNATIONAL AIRPORT, IL US",41.96017,-87.93164,2024-11-16,2024-11-16,11.1,5.6
8109,USW00094846,"CHICAGO OHARE INTERNATIONAL AIRPORT, IL US",41.96017,-87.93164,2024-11-17,2024-11-17,15,7.8
8110,USW00094846,"CHICAGO OHARE INTERNATIONAL AIRPORT, IL US",41.96017,-87.93164,2024-11-18,2024-11-18,15.6,9.4
8111,USW00094846,"CHICAGO OHARE INTERNATIONAL AIRPORT, IL US",41.96017,-87.93164,2024-11-19,2024-11-19,17.2,8.3
8112,USW00094846,"CHICAGO OHARE INTERNATIONAL AIRPORT, IL US",41.96017,-87.93164,2024-11-20,2024-11-20,8.9,0
8113,USW00094846,"CHICAGO OHARE INTERNATIONAL AIRPORT, IL US",41.96017,-87.93164,2024-11-21,2024-11-21,3.9,-1
8114,USW00094846,"CHICAGO OHARE INTERNATIONAL AIRPORT, IL US",41.96017,-87.93164,2024-11-22,2024-11-22,8.9,2.8
8115,USW00094846,"CHICAGO OHARE INTERNATIONAL AIRPORT, IL US",41.96017,-87.93164,2024-11-23,2024-11-23,6.1,2.8
8116,USW00094846,"CHICAGO OHARE INTERNATIONAL AIRPORT, IL US",41.96017,-87.93164,2024-11-24,2024-11-24,11.1,2.8
8117,USW00094846,"CHICAGO OHARE INTERNATIONAL AIRPORT, IL US",41.96017,-87.93164,2024-11-25,2024-11-25,11.1,1.7
8118,USW00094846,"CHICAGO OHARE INTERNATIONAL AIRPORT, IL US",41.96017,-87.93164,2024-11-26,2024-11-26,3.9,-3.8
8119,USW00094846,"CHICAGO OHARE INTERNATIONAL AIRPORT, IL US",41.96017,-87.93164,2024-11-27,2024-11-27,6.7,1.1
8120,USW00094846,"CHICAGO OHARE INTERNATIONAL AIRPORT, IL US",41.96017,-87.93164,2024-11-28,2024-11-28,1.7,-3.2
8121,USW00094846,"CHICAGO OHARE INTERNATIONAL AIRPORT, IL US",41.96017,-87.93164,2024-11-29,2024-11-29,-2.1,-7.7
8122,USW00094846,"CHICAGO OHARE INTERNATIONAL AIRPORT, IL US",41.96017,-87.93164,2024-11-30,2024-11-30,-3.8,-9.9
8123,USW00094846,"CHICAGO OHARE INTERNATIONAL AIRPORT, IL US",41.96017,-87.93164,2024-12-01,2024-12-01,-2.7,-9.9
8124,USW00094846,"CHICAGO OHARE INTERNATIONAL AIRPORT, IL US",41.96017,-87.93164,2024-12-02,2024-12-02,-3.8,-9.9
8125,USW00094846,"CHICAGO OHARE INTERNATIONAL AIRPORT, IL US",41.96017,-87.93164,2024-12-03,2024-12-03,-0.5,-7.1
8126,USW00094846,"CHICAGO OHARE INTERNATIONAL AIRPORT, IL US",41.96017,-87.93164,2024-12-04,2024-12-04,3.9,-8.8
8127,USW00094846,"CHICAGO OHARE INTERNATIONAL AIRPORT, IL US",41.96017,-87.93164,2024-12-05,2024-12-05,-1.6,-11
8128,USW00094846,"CHICAGO OHARE INTERNATIONAL AIRPORT, IL US",41.96017,-87.93164,2024-12-06,2024-12-06,0,-9.3
8129,USW00094846,"CHICAGO OHARE INTERNATIONAL AIRPORT, IL US",41.96017,-87.93164,2024-12-07,2024-12-07,10,-4.3
8130,USW00094846,"CHICAGO OHARE INTERNATIONAL AIRPORT, IL US",41.96017,-87.93164,2024-12-08,2024-12-08,12.8,3.3
8131,USW00094846,"CHICAGO OHARE INTERNATIONAL AIRPORT, IL US",41.96017,-87.93164,2024-12-09,2024-12-09,11.7,5.6
8132,USW00094846,"CHICAGO OHARE INTERNATIONAL AIRPORT, IL US",41.96017,-87.93164,2024-12-10,2024-12-10,5.6,-1
8133,USW00094846,"CHICAGO OHARE INTERNATIONAL AIRPORT, IL US",41.96017,-87.93164,2024-12-11,2024-12-11,0,-11.6
8134,USW00094846,"CHICAGO OHARE INTERNATIONAL AIRPORT, IL US",41.96017,-87.93164,2024-12-12,2024-12-12,-9.3,-15.5
8135,USW00094846,"CHICAGO OHARE INTERNATIONAL AIRPORT, IL US",41.96017,-87.93164,2024-12-13,2024-12-13,-2.7,-15.5
8136,USW00094846,"CHICAGO OHARE INTERNATIONAL AIRPORT, IL US",41.96017,-87.93164,2024-12-14,2024-12-14,3.9,-3.8
8137,USW00094846,"CHICAGO OHARE INTERNATIONAL AIRPORT, IL US",41.96017,-87.93164,2024-12-15,2024-12-15,7.2,3.3
8138,USW00094846,"CHICAGO OHARE INTERNATIONAL AIRPORT, IL US",41.96017,-87.93164,2024-12-16,2024-12-16,10.6,2.8
8139,USW00094846,"CHICAGO OHARE INTERNATIONAL AIRPORT, IL US",41.96017,-87.93164,2024-12-17,2024-12-17,3.9,0.6
8140,USW00094846,"CHICAGO OHARE INTERNATIONAL AIRPORT, IL US",41.96017,-87.93164,2024-12-18,2024-12-18,1.7,-3.8
8141,USW00094846,"CHICAGO OHARE INTERNATIONAL AIRPORT, IL US",41.96017,-87.93164,2024-12-19,2024-12-19,0.6,-3.8
8142,USW00094846,"CHICAGO OHARE INTERNATIONAL AIRPORT, IL US",41.96017,-87.93164,2024-12-20,2024-12-20,1.7,-6
8143,USW00094846,"CHICAGO OHARE INTERNATIONAL AIRPORT, IL US",41.96017,-87.93164,2024-12-21,2024-12-21,-2.7,-9.9
8144,USW00094846,"CHICAGO OHARE INTERNATIONAL AIRPORT, IL US",41.96017,-87.93164,2024-12-22,2024-12-22,0.6,-9.9
8145,USW00094846,"CHICAGO OHARE INTERNATIONAL AIRPORT, IL US",41.96017,-87.93164,2024-12-23,2024-12-23,3.9,0
8146,USW00094846,"CHICAGO OHARE INTERNATIONAL AIRPORT, IL US",41.96017,-87.93164,2024-12-24,2024-12-24,3.3,-1
8147,USW00094846,"CHICAGO OHARE INTERNATIONAL AIRPORT, IL US",41.96017,-87.93164,2024-12-25,2024-12-25,3.9,0
8148,USW00094846,"CHICAGO OHARE INTERNATIONAL AIRPORT, IL US",41.96017,-87.93164,2024-12-26,2024-12-26,8.9,3.3
8149,USW00094846,"CHICAGO OHARE INTERNATIONAL AIRPORT, IL US",41.96017,-87.93164,2024-12-27,2024-12-27,11.1,7.2
8150,USW00094846,"CHICAGO OHARE INTERNATIONAL AIRPORT, IL US",41.96017,-87.93164,2024-12-28,2024-12-28,10.6,5.6
8151,USW00094846,"CHICAGO OHARE INTERNATIONAL AIRPORT, IL US",41.96017,-87.93164,2024-12-29,2024-12-29,7.8,2.2
8152,USW00094846,"CHICAGO OHARE INTERNATIONAL AIRPORT, IL US",41.96017,-87.93164,2024-12-30,2024-12-30,5.6,0
8153,USW00094846,"CHICAGO OHARE INTERNATIONAL AIRPORT, IL US",41.96017,-87.93164,2024-12-31,2024-12-31,5.6,1.1
8154,USW00014819,"CHICAGO MIDWAY AIRPORT, IL US",41.78412,-87.75514,2024-01-01,2024-01-01,1.1,-1.6
8155,USW00014819,"CHICAGO MIDWAY AIRPORT, IL US",41.78412,-87.75514,2024-01-02,2024-01-02,5,-2.1
8156,USW00014819,"CHICAGO MIDWAY AIRPORT, IL US",41.78412,-87.75514,2024-01-03,2024-01-03,2.8,0
8157,USW00014819,"CHICAGO MIDWAY AIRPORT, IL US",41.78412,-87.75514,2024-01-04,2024-01-04,3.3,-2.1
8158,USW00014819,"CHICAGO MIDWAY AIRPORT, IL US",41.78412,-87.75514,2024-01-05,2024-01-05,2.8,-2.1
8159,USW00014819,"CHICAGO MIDWAY AIRPORT, IL US",41.78412,-87.75514,2024-01-06,2024-01-06,1.7,-0.5
8160,USW00014819,"CHICAGO MIDWAY AIRPORT, IL US",41.78412,-87.75514,2024-01-07,2024-01-07,1.7,0.6
8161,USW00014819,"CHICAGO MIDWAY AIRPORT, IL US",41.78412,-87.75514,2024-01-08,2024-01-08,3.3,0
8162,USW00014819,"CHICAGO MIDWAY AIRPORT, IL US",41.78412,-87.75514,2024-01-09,2024-01-09,2.8,1.1
8163,USW00014819,"CHICAGO MIDWAY AIRPORT, IL US",41.78412,-87.75514,2024-01-10,2024-01-10,1.7,-0.5
8164,USW00014819,"CHICAGO MIDWAY AIRPORT, IL US",41.78412,-87.75514,2024-01-11,2024-01-11,1.7,-2.1
8165,USW00014819,"CHICAGO MIDWAY AIRPORT, IL US",41.78412,-87.75514,2024-01-12,2024-01-12,3.3,-0.5
8166,USW00014819,"CHICAGO MIDWAY AIRPORT, IL US",41.78412,-87.75514,2024-01-13,2024-01-13,1.1,-16.6
8167,USW00014819,"CHICAGO MIDWAY AIRPORT, IL US",41.78412,-87.75514,2024-01-14,2024-01-14,-16.6,-22.7
8168,USW00014819,"CHICAGO MIDWAY AIRPORT, IL US",41.78412,-87.75514,2024-01-15,2024-01-15,-15.5,-22.7
8169,USW00014819,"CHICAGO MIDWAY AIRPORT, IL US",41.78412,-87.75514,2024-01-16,2024-01-16,-14.9,-20.5
8170,USW00014819,"CHICAGO MIDWAY AIRPORT, IL US",41.78412,-87.75514,2024-01-17,2024-01-17,-4.9,-15.5
8171,USW00014819,"CHICAGO MIDWAY AIRPORT, IL US",41.78412,-87.75514,2024-01-18,2024-01-18,-2.1,-10.5
8172,USW00014819,"CHICAGO MIDWAY AIRPORT, IL US",41.78412,-87.75514,2024-01-19,2024-01-19,-8.8,-14.3
8173,USW00014819,"CHICAGO MIDWAY AIRPORT, IL US",41.78412,-87.75514,2024-01-20,2024-01-20,-6.6,-14.9
8174,USW00014819,"CHICAGO MIDWAY AIRPORT, IL US",41.78412,-87.75514,2024-01-21,2024-01-21,-5.5,-16.6
8175,USW00014819,"CHICAGO MIDWAY AIRPORT, IL US",41.78412,-87.75514,2024-01-22,2024-01-22,1.7,-5.5
8176,USW00014819,"CHICAGO MIDWAY AIRPORT, IL US",41.78412,-87.75514,2024-01-23,2024-01-23,3.3,1.1
8177,USW00014819,"CHICAGO MIDWAY AIRPORT, IL US",41.78412,-87.75514,2024-01-24,2024-01-24,4.4,1.1
8178,USW00014819,"CHICAGO MIDWAY AIRPORT, IL US",41.78412,-87.75514,2024-01-25,2024-01-25,5.6,3.3
8179,USW00014819,"CHICAGO MIDWAY AIRPORT, IL US",41.78412,-87.75514,2024-01-26,2024-01-26,5.6,3.9
8180,USW00014819,"CHICAGO MIDWAY AIRPORT, IL US",41.78412,-87.75514,2024-01-27,2024-01-27,5.6,3.3
8181,USW00014819,"CHICAGO MIDWAY AIRPORT, IL US",41.78412,-87.75514,2024-01-28,2024-01-28,5,1.7
8182,USW00014819,"CHICAGO MIDWAY AIRPORT, IL US",41.78412,-87.75514,2024-01-29,2024-01-29,4.4,-0.5
8183,USW00014819,"CHICAGO MIDWAY AIRPORT, IL US",41.78412,-87.75514,2024-01-30,2024-01-30,5.6,2.8
8184,USW00014819,"CHICAGO MIDWAY AIRPORT, IL US",41.78412,-87.75514,2024-01-31,2024-01-31,4.4,2.8
8185,USW00014819,"CHICAGO MIDWAY AIRPORT, IL US",41.78412,-87.75514,2024-02-01,2024-02-01,13.3,2.2
8186,USW00014819,"CHICAGO MIDWAY AIRPORT, IL US",41.78412,-87.75514,2024-02-02,2024-02-02,6.1,0.6
8187,USW00014819,"CHICAGO MIDWAY AIRPORT, IL US",41.78412,-87.75514,2024-02-03,2024-02-03,4.4,-0.5
8188,USW00014819,"CHICAGO MIDWAY AIRPORT, IL US",41.78412,-87.75514,2024-02-04,2024-02-04,8.3,0
8189,USW00014819,"CHICAGO MIDWAY AIRPORT, IL US",41.78412,-87.75514,2024-02-05,2024-02-05,6.7,0.6
8190,USW00014819,"CHICAGO MIDWAY AIRPORT, IL US",41.78412,-87.75514,2024-02-06,2024-02-06,6.1,0.6
8191,USW00014819,"CHICAGO MIDWAY AIRPORT, IL US",41.78412,-87.75514,2024-02-07,2024-02-07,8.9,-1
8192,USW00014819,"CHICAGO MIDWAY AIRPORT, IL US",41.78412,-87.75514,2024-02-08,2024-02-08,15.6,8.3
8193,USW00014819,"CHICAGO MIDWAY AIRPORT, IL US",41.78412,-87.75514,2024-02-09,2024-02-09,14.4,3.3
8194,USW00014819,"CHICAGO MIDWAY AIRPORT, IL US",41.78412,-87.75514,2024-02-10,2024-02-10,6.1,0.6
8195,USW00014819,"CHICAGO MIDWAY AIRPORT, IL US",41.78412,-87.75514,2024-02-11,2024-02-11,6.1,-1.6
8196,USW00014819,"CHICAGO MIDWAY AIRPORT, IL US",41.78412,-87.75514,2024-02-12,2024-02-12,7.8,-3.8
8197,USW00014819,"CHICAGO MIDWAY AIRPORT, IL US",41.78412,-87.75514,2024-02-13,2024-02-13,5.6,-1
8198,USW00014819,"CHICAGO MIDWAY AIRPORT, IL US",41.78412,-87.75514,2024-02-14,2024-02-14,8.9,-2.7
8199,USW00014819,"CHICAGO MIDWAY AIRPORT, IL US",41.78412,-87.75514,2024-02-15,2024-02-15,7.8,0
8200,USW00014819,"CHICAGO MIDWAY AIRPORT, IL US",41.78412,-87.75514,2024-02-16,2024-02-16,0.6,-5.5
8201,USW00014819,"CHICAGO MIDWAY AIRPORT, IL US",41.78412,-87.75514,2024-02-17,2024-02-17,-1,-9.9
8202,USW00014819,"CHICAGO MIDWAY AIRPORT, IL US",41.78412,-87.75514,2024-02-18,2024-02-18,8.3,-4.3
8203,USW00014819,"CHICAGO MIDWAY AIRPORT, IL US",41.78412,-87.75514,2024-02-19,2024-02-19,11.1,-3.2
8204,USW00014819,"CHICAGO MIDWAY AIRPORT, IL US",41.78412,-87.75514,2024-02-20,2024-02-20,14.4,0
8205,USW00014819,"CHICAGO MIDWAY AIRPORT, IL US",41.78412,-87.75514,2024-02-21,2024-02-21,20,7.8
8206,USW00014819,"CHICAGO MIDWAY AIRPORT, IL US",41.78412,-87.75514,2024-02-22,2024-02-22,16.1,7.8
8207,USW00014819,"CHICAGO MIDWAY AIRPORT, IL US",41.78412,-87.75514,2024-02-23,2024-02-23,11.1,-1.6
8208,USW00014819,"CHICAGO MIDWAY AIRPORT, IL US",41.78412,-87.75514,2024-02-24,2024-02-24,2.2,-4.3
8209,USW00014819,"CHICAGO MIDWAY AIRPORT, IL US",41.78412,-87.75514,2024-02-25,2024-02-25,16.7,0
8210,USW00014819,"CHICAGO MIDWAY AIRPORT, IL US",41.78412,-87.75514,2024-02-26,2024-02-26,22.2,5.6
8211,USW00014819,"CHICAGO MIDWAY AIRPORT, IL US",41.78412,-87.75514,2024-02-27,2024-02-27,23.3,11.7
8212,USW00014819,"CHICAGO MIDWAY AIRPORT, IL US",41.78412,-87.75514,2024-02-28,2024-02-28,11.7,-4.9
8213,USW00014819,"CHICAGO MIDWAY AIRPORT, IL US",41.78412,-87.75514,2024-02-29,2024-02-29,7.8,-6.6
8214,USW00014819,"CHICAGO MIDWAY AIRPORT, IL US",41.78412,-87.75514,2024-03-01,2024-03-01,8.3,0
8215,USW00014819,"CHICAGO MIDWAY AIRPORT, IL US",41.78412,-87.75514,2024-03-02,2024-03-02,15.6,2.8
8216,USW00014819,"CHICAGO MIDWAY AIRPORT, IL US",41.78412,-87.75514,2024-03-03,2024-03-03,23.3,7.2
8217,USW00014819,"CHICAGO MIDWAY AIRPORT, IL US",41.78412,-87.75514,2024-03-04,2024-03-04,22.2,7.2
8218,USW00014819,"CHICAGO MIDWAY AIRPORT, IL US",41.78412,-87.75514,2024-03-05,2024-03-05,7.2,4.4
8219,USW00014819,"CHICAGO MIDWAY AIRPORT, IL US",41.78412,-87.75514,2024-03-06,2024-03-06,10,4.4
8220,USW00014819,"CHICAGO MIDWAY AIRPORT, IL US",41.78412,-87.75514,2024-03-07,2024-03-07,10,3.9
8221,USW00014819,"CHICAGO MIDWAY AIRPORT, IL US",41.78412,-87.75514,2024-03-08,2024-03-08,8.3,5
8222,USW00014819,"CHICAGO MIDWAY AIRPORT, IL US",41.78412,-87.75514,2024-03-09,2024-03-09,8.3,1.1
8223,USW00014819,"CHICAGO MIDWAY AIRPORT, IL US",41.78412,-87.75514,2024-03-10,2024-03-10,9.4,-0.5
8224,USW00014819,"CHICAGO MIDWAY AIRPORT, IL US",41.78412,-87.75514,2024-03-11,2024-03-11,20,0.6
8225,USW00014819,"CHICAGO MIDWAY AIRPORT, IL US",41.78412,-87.75514,2024-03-12,2024-03-12,22.2,8.9
8226,USW00014819,"CHICAGO MIDWAY AIRPORT, IL US",41.78412,-87.75514,2024-03-13,2024-03-13,20.6,8.9
8227,USW00014819,"CHICAGO MIDWAY AIRPORT, IL US",41.78412,-87.75514,2024-03-14,2024-03-14,19.4,5.6
8228,USW00014819,"CHICAGO MIDWAY AIRPORT, IL US",41.78412,-87.75514,2024-03-15,2024-03-15,11.1,3.3
8229,USW00014819,"CHICAGO MIDWAY AIRPORT, IL US",41.78412,-87.75514,2024-03-16,2024-03-16,15.6,4.4
8230,USW00014819,"CHICAGO MIDWAY AIRPORT, IL US",41.78412,-87.75514,2024-03-17,2024-03-17,6.1,-0.5
8231,USW00014819,"CHICAGO MIDWAY AIRPORT, IL US",41.78412,-87.75514,2024-03-18,2024-03-18,2.8,-3.2
8232,USW00014819,"CHICAGO MIDWAY AIRPORT, IL US",41.78412,-87.75514,2024-03-19,2024-03-19,15,-1
8233,USW00014819,"CHICAGO MIDWAY AIRPORT, IL US",41.78412,-87.75514,2024-03-20,2024-03-20,7.2,-0.5
8234,USW00014819,"CHICAGO MIDWAY AIRPORT, IL US",41.78412,-87.75514,2024-03-21,2024-03-21,5,-2.1
8235,USW00014819,"CHICAGO MIDWAY AIRPORT, IL US",41.78412,-87.75514,2024-03-22,2024-03-22,4.4,-0.5
8236,USW00014819,"CHICAGO MIDWAY AIRPORT, IL US",41.78412,-87.75514,2024-03-23,2024-03-23,4.4,0
8237,USW00014819,"CHICAGO MIDWAY AIRPORT, IL US",41.78412,-87.75514,2024-03-24,2024-03-24,10,0.6
8238,USW00014819,"CHICAGO MIDWAY AIRPORT, IL US",41.78412,-87.75514,2024-03-25,2024-03-25,18.9,8.3
8239,USW00014819,"CHICAGO MIDWAY AIRPORT, IL US",41.78412,-87.75514,2024-03-26,2024-03-26,14.4,1.1
8240,USW00014819,"CHICAGO MIDWAY AIRPORT, IL US",41.78412,-87.75514,2024-03-27,2024-03-27,6.7,-1
8241,USW00014819,"CHICAGO MIDWAY AIRPORT, IL US",41.78412,-87.75514,2024-03-28,2024-03-28,11.1,-0.5
8242,USW00014819,"CHICAGO MIDWAY AIRPORT, IL US",41.78412,-87.75514,2024-03-29,2024-03-29,11.7,2.2
8243,USW00014819,"CHICAGO MIDWAY AIRPORT, IL US",41.78412,-87.75514,2024-03-30,2024-03-30,17.8,5
8244,USW00014819,"CHICAGO MIDWAY AIRPORT, IL US",41.78412,-87.75514,2024-03-31,2024-03-31,10.6,4.4
8245,USW00014819,"CHICAGO MIDWAY AIRPORT, IL US",41.78412,-87.75514,2024-04-01,2024-04-01,10.6,6.7
8246,USW00014819,"CHICAGO MIDWAY AIRPORT, IL US",41.78412,-87.75514,2024-04-02,2024-04-02,16.7,2.8
8247,USW00014819,"CHICAGO MIDWAY AIRPORT, IL US",41.78412,-87.75514,2024-04-03,2024-04-03,4.4,1.7
8248,USW00014819,"CHICAGO MIDWAY AIRPORT, IL US",41.78412,-87.75514,2024-04-04,2024-04-04,6.1,3.3
8249,USW00014819,"CHICAGO MIDWAY AIRPORT, IL US",41.78412,-87.75514,2024-04-05,2024-04-05,10,2.8
8250,USW00014819,"CHICAGO MIDWAY AIRPORT, IL US",41.78412,-87.75514,2024-04-06,2024-04-06,11.7,0.6
8251,USW00014819,"CHICAGO MIDWAY AIRPORT, IL US",41.78412,-87.75514,2024-04-07,2024-04-07,11.1,4.4
8252,USW00014819,"CHICAGO MIDWAY AIRPORT, IL US",41.78412,-87.75514,2024-04-08,2024-04-08,22.8,8.9
8253,USW00014819,"CHICAGO MIDWAY AIRPORT, IL US",41.78412,-87.75514,2024-04-09,2024-04-09,17.8,10
8254,USW00014819,"CHICAGO MIDWAY AIRPORT, IL US",41.78412,-87.75514,2024-04-10,2024-04-10,20,6.7
8255,USW00014819,"CHICAGO MIDWAY AIRPORT, IL US",41.78412,-87.75514,2024-04-11,2024-04-11,14.4,10
8256,USW00014819,"CHICAGO MIDWAY AIRPORT, IL US",41.78412,-87.75514,2024-04-12,2024-04-12,18.3,7.8
8257,USW00014819,"CHICAGO MIDWAY AIRPORT, IL US",41.78412,-87.75514,2024-04-13,2024-04-13,21.7,6.1
8258,USW00014819,"CHICAGO MIDWAY AIRPORT, IL US",41.78412,-87.75514,2024-04-14,2024-04-14,27.2,14.4
8259,USW00014819,"CHICAGO MIDWAY AIRPORT, IL US",41.78412,-87.75514,2024-04-15,2024-04-15,23.3,10
8260,USW00014819,"CHICAGO MIDWAY AIRPORT, IL US",41.78412,-87.75514,2024-04-16,2024-04-16,27.2,11.7
8261,USW00014819,"CHICAGO MIDWAY AIRPORT, IL US",41.78412,-87.75514,2024-04-17,2024-04-17,21.1,12.2
8262,USW00014819,"CHICAGO MIDWAY AIRPORT, IL US",41.78412,-87.75514,2024-04-18,2024-04-18,15.6,8.3
8263,USW00014819,"CHICAGO MIDWAY AIRPORT, IL US",41.78412,-87.75514,2024-04-19,2024-04-19,14.4,6.1
8264,USW00014819,"CHICAGO MIDWAY AIRPORT, IL US",41.78412,-87.75514,2024-04-20,2024-04-20,9.4,2.2
8265,USW00014819,"CHICAGO MIDWAY AIRPORT, IL US",41.78412,-87.75514,2024-04-21,2024-04-21,15,1.7
8266,USW00014819,"CHICAGO MIDWAY AIRPORT, IL US",41.78412,-87.75514,2024-04-22,2024-04-22,20,5.6
8267,USW00014819,"CHICAGO MIDWAY AIRPORT, IL US",41.78412,-87.75514,2024-04-23,2024-04-23,17.8,6.1
8268,USW00014819,"CHICAGO MIDWAY AIRPORT, IL US",41.78412,-87.75514,2024-04-24,2024-04-24,8.3,2.8
8269,USW00014819,"CHICAGO MIDWAY AIRPORT, IL US",41.78412,-87.75514,2024-04-25,2024-04-25,13.9,1.1
8270,USW00014819,"CHICAGO MIDWAY AIRPORT, IL US",41.78412,-87.75514,2024-04-26,2024-04-26,17.8,7.2
8271,USW00014819,"CHICAGO MIDWAY AIRPORT, IL US",41.78412,-87.75514,2024-04-27,2024-04-27,26.1,15.6
8272,USW00014819,"CHICAGO MIDWAY AIRPORT, IL US",41.78412,-87.75514,2024-04-28,2024-04-28,25,16.7
8273,USW00014819,"CHICAGO MIDWAY AIRPORT, IL US",41.78412,-87.75514,2024-04-29,2024-04-29,21.1,12.2
8274,USW00014819,"CHICAGO MIDWAY AIRPORT, IL US",41.78412,-87.75514,2024-04-30,2024-04-30,23.9,10
8275,USW00014819,"CHICAGO MIDWAY AIRPORT, IL US",41.78412,-87.75514,2024-05-01,2024-05-01,25.6,15.6
8276,USW00014819,"CHICAGO MIDWAY AIRPORT, IL US",41.78412,-87.75514,2024-05-02,2024-05-02,27.8,13.9
8277,USW00014819,"CHICAGO MIDWAY AIRPORT, IL US",41.78412,-87.75514,2024-05-03,2024-05-03,20,11.7
8278,USW00014819,"CHICAGO MIDWAY AIRPORT, IL US",41.78412,-87.75514,2024-05-04,2024-05-04,27.8,10.6
8279,USW00014819,"CHICAGO MIDWAY AIRPORT, IL US",41.78412,-87.75514,2024-05-05,2024-05-05,18.3,11.1
8280,USW00014819,"CHICAGO MIDWAY AIRPORT, IL US",41.78412,-87.75514,2024-05-06,2024-05-06,21.7,10
8281,USW00014819,"CHICAGO MIDWAY AIRPORT, IL US",41.78412,-87.75514,2024-05-07,2024-05-07,25,15.6
8282,USW00014819,"CHICAGO MIDWAY AIRPORT, IL US",41.78412,-87.75514,2024-05-08,2024-05-08,25.6,12.2
8283,USW00014819,"CHICAGO MIDWAY AIRPORT, IL US",41.78412,-87.75514,2024-05-09,2024-05-09,18.3,10.6
8284,USW00014819,"CHICAGO MIDWAY AIRPORT, IL US",41.78412,-87.75514,2024-05-10,2024-05-10,20.6,8.9
8285,USW00014819,"CHICAGO MIDWAY AIRPORT, IL US",41.78412,-87.75514,2024-05-11,2024-05-11,21.7,11.1
8286,USW00014819,"CHICAGO MIDWAY AIRPORT, IL US",41.78412,-87.75514,2024-05-12,2024-05-12,28.9,10.6
8287,USW00014819,"CHICAGO MIDWAY AIRPORT, IL US",41.78412,-87.75514,2024-05-13,2024-05-13,27.8,16.7
8288,USW00014819,"CHICAGO MIDWAY AIRPORT, IL US",41.78412,-87.75514,2024-05-14,2024-05-14,17.8,11.7
8289,USW00014819,"CHICAGO MIDWAY AIRPORT, IL US",41.78412,-87.75514,2024-05-15,2024-05-15,21.1,12.2
8290,USW00014819,"CHICAGO MIDWAY AIRPORT, IL US",41.78412,-87.75514,2024-05-16,2024-05-16,24.4,11.1
8291,USW00014819,"CHICAGO MIDWAY AIRPORT, IL US",41.78412,-87.75514,2024-05-17,2024-05-17,27.2,15.6
8292,USW00014819,"CHICAGO MIDWAY AIRPORT, IL US",41.78412,-87.75514,2024-05-18,2024-05-18,30.6,16.1
8293,USW00014819,"CHICAGO MIDWAY AIRPORT, IL US",41.78412,-87.75514,2024-05-19,2024-05-19,25,17.2
8294,USW00014819,"CHICAGO MIDWAY AIRPORT, IL US",41.78412,-87.75514,2024-05-20,2024-05-20,29.4,17.2
8295,USW00014819,"CHICAGO MIDWAY AIRPORT, IL US",41.78412,-87.75514,2024-05-21,2024-05-21,32.8,17.2
8296,USW00014819,"CHICAGO MIDWAY AIRPORT, IL US",41.78412,-87.75514,2024-05-22,2024-05-22,27.2,17.8
8297,USW00014819,"CHICAGO MIDWAY AIRPORT, IL US",41.78412,-87.75514,2024-05-23,2024-05-23,26.7,13.9
8298,USW00014819,"CHICAGO MIDWAY AIRPORT, IL US",41.78412,-87.75514,2024-05-24,2024-05-24,26.1,18.9
8299,USW00014819,"CHICAGO MIDWAY AIRPORT, IL US",41.78412,-87.75514,2024-05-25,2024-05-25,23.3,15
8300,USW00014819,"CHICAGO MIDWAY AIRPORT, IL US",41.78412,-87.75514,2024-05-26,2024-05-26,23.9,15
8301,USW00014819,"CHICAGO MIDWAY AIRPORT, IL US",41.78412,-87.75514,2024-05-27,2024-05-27,23.9,15
8302,USW00014819,"CHICAGO MIDWAY AIRPORT, IL US",41.78412,-87.75514,2024-05-28,2024-05-28,22.8,13.3
8303,USW00014819,"CHICAGO MIDWAY AIRPORT, IL US",41.78412,-87.75514,2024-05-29,2024-05-29,21.7,11.7
8304,USW00014819,"CHICAGO MIDWAY AIRPORT, IL US",41.78412,-87.75514,2024-05-30,2024-05-30,21.7,9.4
8305,USW00014819,"CHICAGO MIDWAY AIRPORT, IL US",41.78412,-87.75514,2024-05-31,2024-05-31,27.2,12.2
8306,USW00014819,"CHICAGO MIDWAY AIRPORT, IL US",41.78412,-87.75514,2024-06-01,2024-06-01,20.6,16.1
8307,USW00014819,"CHICAGO MIDWAY AIRPORT, IL US",41.78412,-87.75514,2024-06-02,2024-06-02,24.4,15.6
8308,USW00014819,"CHICAGO MIDWAY AIRPORT, IL US",41.78412,-87.75514,2024-06-03,2024-06-03,31.7,16.1
8309,USW00014819,"CHICAGO MIDWAY AIRPORT, IL US",41.78412,-87.75514,2024-06-04,2024-06-04,30.6,21.7
8310,USW00014819,"CHICAGO MIDWAY AIRPORT, IL US",41.78412,-87.75514,2024-06-05,2024-06-05,27.2,20.6
8311,USW00014819,"CHICAGO MIDWAY AIRPORT, IL US",41.78412,-87.75514,2024-06-06,2024-06-06,26.7,18.3
8312,USW00014819,"CHICAGO MIDWAY AIRPORT, IL US",41.78412,-87.75514,2024-06-07,2024-06-07,26.7,15.6
8313,USW00014819,"CHICAGO MIDWAY AIRPORT, IL US",41.78412,-87.75514,2024-06-08,2024-06-08,26.7,13.3
8314,USW00014819,"CHICAGO MIDWAY AIRPORT, IL US",41.78412,-87.75514,2024-06-09,2024-06-09,27.8,12.8
8315,USW00014819,"CHICAGO MIDWAY AIRPORT, IL US",41.78412,-87.75514,2024-06-10,2024-06-10,20.6,12.8
8316,USW00014819,"CHICAGO MIDWAY AIRPORT, IL US",41.78412,-87.75514,2024-06-11,2024-06-11,26.1,10
8317,USW00014819,"CHICAGO MIDWAY AIRPORT, IL US",41.78412,-87.75514,2024-06-12,2024-06-12,33.3,20
8318,USW00014819,"CHICAGO MIDWAY AIRPORT, IL US",41.78412,-87.75514,2024-06-13,2024-06-13,32.8,22.8
8319,USW00014819,"CHICAGO MIDWAY AIRPORT, IL US",41.78412,-87.75514,2024-06-14,2024-06-14,30.6,18.3
8320,USW00014819,"CHICAGO MIDWAY AIRPORT, IL US",41.78412,-87.75514,2024-06-15,2024-06-15,30,16.7
8321,USW00014819,"CHICAGO MIDWAY AIRPORT, IL US",41.78412,-87.75514,2024-06-16,2024-06-16,35.6,21.7
8322,USW00014819,"CHICAGO MIDWAY AIRPORT, IL US",41.78412,-87.75514,2024-06-17,2024-06-17,36.1,26.1
8323,USW00014819,"CHICAGO MIDWAY AIRPORT, IL US",41.78412,-87.75514,2024-06-18,2024-06-18,35,26.1
8324,USW00014819,"CHICAGO MIDWAY AIRPORT, IL US",41.78412,-87.75514,2024-06-19,2024-06-19,35,25.6
8325,USW00014819,"CHICAGO MIDWAY AIRPORT, IL US",41.78412,-87.75514,2024-06-20,2024-06-20,30,19.4
8326,USW00014819,"CHICAGO MIDWAY AIRPORT, IL US",41.78412,-87.75514,2024-06-21,2024-06-21,35,20
8327,USW00014819,"CHICAGO MIDWAY AIRPORT, IL US",41.78412,-87.75514,2024-06-22,2024-06-22,35,22.8
8328,USW00014819,"CHICAGO MIDWAY AIRPORT, IL US",41.78412,-87.75514,2024-06-23,2024-06-23,28.3,21.7
8329,USW00014819,"CHICAGO MIDWAY AIRPORT, IL US",41.78412,-87.75514,2024-06-24,2024-06-24,31.1,19.4
8330,USW00014819,"CHICAGO MIDWAY AIRPORT, IL US",41.78412,-87.75514,2024-06-25,2024-06-25,29.4,22.8
8331,USW00014819,"CHICAGO MIDWAY AIRPORT, IL US",41.78412,-87.75514,2024-06-26,2024-06-26,30.6,18.9
8332,USW00014819,"CHICAGO MIDWAY AIRPORT, IL US",41.78412,-87.75514,2024-06-27,2024-06-27,22.8,17.2
8333,USW00014819,"CHICAGO MIDWAY AIRPORT, IL US",41.78412,-87.75514,2024-06-28,2024-06-28,24.4,19.4
8334,USW00014819,"CHICAGO MIDWAY AIRPORT, IL US",41.78412,-87.75514,2024-06-29,2024-06-29,31.7,22.8
8335,USW00014819,"CHICAGO MIDWAY AIRPORT, IL US",41.78412,-87.75514,2024-06-30,2024-06-30,22.8,16.1
8336,USW00014819,"CHICAGO MIDWAY AIRPORT, IL US",41.78412,-87.75514,2024-07-01,2024-07-01,23.3,15.6
8337,USW00014819,"CHICAGO MIDWAY AIRPORT, IL US",41.78412,-87.75514,2024-07-02,2024-07-02,30,19.4
8338,USW00014819,"CHICAGO MIDWAY AIRPORT, IL US",41.78412,-87.75514,2024-07-03,2024-07-03,32.2,23.9
8339,USW00014819,"CHICAGO MIDWAY AIRPORT, IL US",41.78412,-87.75514,2024-07-04,2024-07-04,28.9,22.2
8340,USW00014819,"CHICAGO MIDWAY AIRPORT, IL US",41.78412,-87.75514,2024-07-05,2024-07-05,29.4,21.1
8341,USW00014819,"CHICAGO MIDWAY AIRPORT, IL US",41.78412,-87.75514,2024-07-06,2024-07-06,27.2,18.3
8342,USW00014819,"CHICAGO MIDWAY AIRPORT, IL US",41.78412,-87.75514,2024-07-07,2024-07-07,31.7,19.4
8343,USW00014819,"CHICAGO MIDWAY AIRPORT, IL US",41.78412,-87.75514,2024-07-08,2024-07-08,30.6,21.7
8344,USW00014819,"CHICAGO MIDWAY AIRPORT, IL US",41.78412,-87.75514,2024-07-09,2024-07-09,26.7,20.6
8345,USW00014819,"CHICAGO MIDWAY AIRPORT, IL US",41.78412,-87.75514,2024-07-10,2024-07-10,28.9,19.4
8346,USW00014819,"CHICAGO MIDWAY AIRPORT, IL US",41.78412,-87.75514,2024-07-11,2024-07-11,27.2,20.6
8347,USW00014819,"CHICAGO MIDWAY AIRPORT, IL US",41.78412,-87.75514,2024-07-12,2024-07-12,29.4,19.4
8348,USW00014819,"CHICAGO MIDWAY AIRPORT, IL US",41.78412,-87.75514,2024-07-13,2024-07-13,33.3,20
8349,USW00014819,"CHICAGO MIDWAY AIRPORT, IL US",41.78412,-87.75514,2024-07-14,2024-07-14,31.7,20.6
8350,USW00014819,"CHICAGO MIDWAY AIRPORT, IL US",41.78412,-87.75514,2024-07-15,2024-07-15,32.8,21.1
8351,USW00014819,"CHICAGO MIDWAY AIRPORT, IL US",41.78412,-87.75514,2024-07-16,2024-07-16,30.6,21.1
8352,USW00014819,"CHICAGO MIDWAY AIRPORT, IL US",41.78412,-87.75514,2024-07-17,2024-07-17,28.9,20.6
8353,USW00014819,"CHICAGO MIDWAY AIRPORT, IL US",41.78412,-87.75514,2024-07-18,2024-07-18,23.9,18.3
8354,USW00014819,"CHICAGO MIDWAY AIRPORT, IL US",41.78412,-87.75514,2024-07-19,2024-07-19,26.7,16.1
8355,USW00014819,"CHICAGO MIDWAY AIRPORT, IL US",41.78412,-87.75514,2024-07-20,2024-07-20,27.2,17.8
8356,USW00014819,"CHICAGO MIDWAY AIRPORT, IL US",41.78412,-87.75514,2024-07-21,2024-07-21,28.9,19.4
8357,USW00014819,"CHICAGO MIDWAY AIRPORT, IL US",41.78412,-87.75514,2024-07-22,2024-07-22,28.9,19.4
8358,USW00014819,"CHICAGO MIDWAY AIRPORT, IL US",41.78412,-87.75514,2024-07-23,2024-07-23,30,19.4
8359,USW00014819,"CHICAGO MIDWAY AIRPORT, IL US",41.78412,-87.75514,2024-07-24,2024-07-24,25,19.4
8360,USW00014819,"CHICAGO MIDWAY AIRPORT, IL US",41.78412,-87.75514,2024-07-25,2024-07-25,25.6,18.9
8361,USW00014819,"CHICAGO MIDWAY AIRPORT, IL US",41.78412,-87.75514,2024-07-26,2024-07-26,27.2,16.1
8362,USW00014819,"CHICAGO MIDWAY AIRPORT, IL US",41.78412,-87.75514,2024-07-27,2024-07-27,30,19.4
8363,USW00014819,"CHICAGO MIDWAY AIRPORT, IL US",41.78412,-87.75514,2024-07-28,2024-07-28,28.3,21.1
8364,USW00014819,"CHICAGO MIDWAY AIRPORT, IL US",41.78412,-87.75514,2024-07-29,2024-07-29,29.4,22.8
8365,USW00014819,"CHICAGO MIDWAY AIRPORT, IL US",41.78412,-87.75514,2024-07-30,2024-07-30,33.3,21.7
8366,USW00014819,"CHICAGO MIDWAY AIRPORT, IL US",41.78412,-87.75514,2024-07-31,2024-07-31,33.3,22.8
8367,USW00014819,"CHICAGO MIDWAY AIRPORT, IL US",41.78412,-87.75514,2024-08-01,2024-08-01,31.7,21.1
8368,USW00014819,"CHICAGO MIDWAY AIRPORT, IL US",41.78412,-87.75514,2024-08-02,2024-08-02,30.6,21.1
8369,USW00014819,"CHICAGO MIDWAY AIRPORT, IL US",41.78412,-87.75514,2024-08-03,2024-08-03,32.8,22.2
8370,USW00014819,"CHICAGO MIDWAY AIRPORT, IL US",41.78412,-87.75514,2024-08-04,2024-08-04,32.2,22.2
8371,USW00014819,"CHICAGO MIDWAY AIRPORT, IL US",41.78412,-87.75514,2024-08-05,2024-08-05,33.3,23.9
8372,USW00014819,"CHICAGO MIDWAY AIRPORT, IL US",41.78412,-87.75514,2024-08-06,2024-08-06,26.1,21.1
8373,USW00014819,"CHICAGO MIDWAY AIRPORT, IL US",41.78412,-87.75514,2024-08-07,2024-08-07,25.6,20.6
8374,USW00014819,"CHICAGO MIDWAY AIRPORT, IL US",41.78412,-87.75514,2024-08-08,2024-08-08,29.4,17.8
8375,USW00014819,"CHICAGO MIDWAY AIRPORT, IL US",41.78412,-87.75514,2024-08-09,2024-08-09,23.3,16.1
8376,USW00014819,"CHICAGO MIDWAY AIRPORT, IL US",41.78412,-87.75514,2024-08-10,2024-08-10,24.4,13.9
8377,USW00014819,"CHICAGO MIDWAY AIRPORT, IL US",41.78412,-87.75514,2024-08-11,2024-08-11,26.7,15
8378,USW00014819,"CHICAGO MIDWAY AIRPORT, IL US",41.78412,-87.75514,2024-08-12,2024-08-12,27.2,16.1
8379,USW00014819,"CHICAGO MIDWAY AIRPORT, IL US",41.78412,-87.75514,2024-08-13,2024-08-13,30,17.8
8380,USW00014819,"CHICAGO MIDWAY AIRPORT, IL US",41.78412,-87.75514,2024-08-14,2024-08-14,30,18.9
8381,USW00014819,"CHICAGO MIDWAY AIRPORT, IL US",41.78412,-87.75514,2024-08-15,2024-08-15,25,20.6
8382,USW00014819,"CHICAGO MIDWAY AIRPORT, IL US",41.78412,-87.75514,2024-08-16,2024-08-16,31.1,20
8383,USW00014819,"CHICAGO MIDWAY AIRPORT, IL US",41.78412,-87.75514,2024-08-17,2024-08-17,28.3,21.1
8384,USW00014819,"CHICAGO MIDWAY AIRPORT, IL US",41.78412,-87.75514,2024-08-18,2024-08-18,26.1,20
8385,USW00014819,"CHICAGO MIDWAY AIRPORT, IL US",41.78412,-87.75514,2024-08-19,2024-08-19,25,17.8
8386,USW00014819,"CHICAGO MIDWAY AIRPORT, IL US",41.78412,-87.75514,2024-08-20,2024-08-20,22.8,15.6
8387,USW00014819,"CHICAGO MIDWAY AIRPORT, IL US",41.78412,-87.75514,2024-08-21,2024-08-21,24.4,13.9
8388,USW00014819,"CHICAGO MIDWAY AIRPORT, IL US",41.78412,-87.75514,2024-08-22,2024-08-22,26.7,13.3
8389,USW00014819,"CHICAGO MIDWAY AIRPORT, IL US",41.78412,-87.75514,2024-08-23,2024-08-23,27.8,16.1
8390,USW00014819,"CHICAGO MIDWAY AIRPORT, IL US",41.78412,-87.75514,2024-08-24,2024-08-24,32.8,17.8
8391,USW00014819,"CHICAGO MIDWAY AIRPORT, IL US",41.78412,-87.75514,2024-08-25,2024-08-25,33.3,23.3
8392,USW00014819,"CHICAGO MIDWAY AIRPORT, IL US",41.78412,-87.75514,2024-08-26,2024-08-26,35,25
8393,USW00014819,"CHICAGO MIDWAY AIRPORT, IL US",41.78412,-87.75514,2024-08-27,2024-08-27,37.2,23.9
8394,USW00014819,"CHICAGO MIDWAY AIRPORT, IL US",41.78412,-87.75514,2024-08-28,2024-08-28,30.6,22.8
8395,USW00014819,"CHICAGO MIDWAY AIRPORT, IL US",41.78412,-87.75514,2024-08-29,2024-08-29,29.4,22.8
8396,USW00014819,"CHICAGO MIDWAY AIRPORT, IL US",41.78412,-87.75514,2024-08-30,2024-08-30,30.6,22.2
8397,USW00014819,"CHICAGO MIDWAY AIRPORT, IL US",41.78412,-87.75514,2024-08-31,2024-08-31,29.4,17.2
8398,USW00014819,"CHICAGO MIDWAY AIRPORT, IL US",41.78412,-87.75514,2024-09-01,2024-09-01,25,17.8
8399,USW00014819,"CHICAGO MIDWAY AIRPORT, IL US",41.78412,-87.75514,2024-09-02,2024-09-02,23.9,16.1
8400,USW00014819,"CHICAGO MIDWAY AIRPORT, IL US",41.78412,-87.75514,2024-09-03,2024-09-03,25.6,15.6
8401,USW00014819,"CHICAGO MIDWAY AIRPORT, IL US",41.78412,-87.75514,2024-09-04,2024-09-04,28.9,15.6
8402,USW00014819,"CHICAGO MIDWAY AIRPORT, IL US",41.78412,-87.75514,2024-09-05,2024-09-05,30.6,18.9
8403,USW00014819,"CHICAGO MIDWAY AIRPORT, IL US",41.78412,-87.75514,2024-09-06,2024-09-06,22.8,15.6
8404,USW00014819,"CHICAGO MIDWAY AIRPORT, IL US",41.78412,-87.75514,2024-09-07,2024-09-07,19.4,10.6
8405,USW00014819,"CHICAGO MIDWAY AIRPORT, IL US",41.78412,-87.75514,2024-09-08,2024-09-08,22.8,9.4
8406,USW00014819,"CHICAGO MIDWAY AIRPORT, IL US",41.78412,-87.75514,2024-09-09,2024-09-09,27.8,13.9
8407,USW00014819,"CHICAGO MIDWAY AIRPORT, IL US",41.78412,-87.75514,2024-09-10,2024-09-10,28.3,14.4
8408,USW00014819,"CHICAGO MIDWAY AIRPORT, IL US",41.78412,-87.75514,2024-09-11,2024-09-11,31.1,15
8409,USW00014819,"CHICAGO MIDWAY AIRPORT, IL US",41.78412,-87.75514,2024-09-12,2024-09-12,30.6,18.3
8410,USW00014819,"CHICAGO MIDWAY AIRPORT, IL US",41.78412,-87.75514,2024-09-13,2024-09-13,29.4,20
8411,USW00014819,"CHICAGO MIDWAY AIRPORT, IL US",41.78412,-87.75514,2024-09-14,2024-09-14,30.6,20.6
8412,USW00014819,"CHICAGO MIDWAY AIRPORT, IL US",41.78412,-87.75514,2024-09-15,2024-09-15,31.7,20.6
8413,USW00014819,"CHICAGO MIDWAY AIRPORT, IL US",41.78412,-87.75514,2024-09-16,2024-09-16,32.2,19.4
8414,USW00014819,"CHICAGO MIDWAY AIRPORT, IL US",41.78412,-87.75514,2024-09-17,2024-09-17,29.4,16.7
8415,USW00014819,"CHICAGO MIDWAY AIRPORT, IL US",41.78412,-87.75514,2024-09-18,2024-09-18,31.7,17.8
8416,USW00014819,"CHICAGO MIDWAY AIRPORT, IL US",41.78412,-87.75514,2024-09-19,2024-09-19,32.2,17.2
8417,USW00014819,"CHICAGO MIDWAY AIRPORT, IL US",41.78412,-87.75514,2024-09-20,2024-09-20,33.3,21.7
8418,USW00014819,"CHICAGO MIDWAY AIRPORT, IL US",41.78412,-87.75514,2024-09-21,2024-09-21,33.9,18.3
8419,USW00014819,"CHICAGO MIDWAY AIRPORT, IL US",41.78412,-87.75514,2024-09-22,2024-09-22,25,18.3
8420,USW00014819,"CHICAGO MIDWAY AIRPORT, IL US",41.78412,-87.75514,2024-09-23,2024-09-23,20,17.2
8421,USW00014819,"CHICAGO MIDWAY AIRPORT, IL US",41.78412,-87.75514,2024-09-24,2024-09-24,20,17.2
8422,USW00014819,"CHICAGO MIDWAY AIRPORT, IL US",41.78412,-87.75514,2024-09-25,2024-09-25,25.6,14.4
8423,USW00014819,"CHICAGO MIDWAY AIRPORT, IL US",41.78412,-87.75514,2024-09-26,2024-09-26,25,13.9
8424,USW00014819,"CHICAGO MIDWAY AIRPORT, IL US",41.78412,-87.75514,2024-09-27,2024-09-27,22.8,20
8425,USW00014819,"CHICAGO MIDWAY AIRPORT, IL US",41.78412,-87.75514,2024-09-28,2024-09-28,22.8,18.9
8426,USW00014819,"CHICAGO MIDWAY AIRPORT, IL US",41.78412,-87.75514,2024-09-29,2024-09-29,23.3,20.6
8427,USW00014819,"CHICAGO MIDWAY AIRPORT, IL US",41.78412,-87.75514,2024-09-30,2024-09-30,25.6,17.8
8428,USW00014819,"CHICAGO MIDWAY AIRPORT, IL US",41.78412,-87.75514,2024-10-01,2024-10-01,21.7,13.3
8429,USW00014819,"CHICAGO MIDWAY AIRPORT, IL US",41.78412,-87.75514,2024-10-02,2024-10-02,22.2,9.4
8430,USW00014819,"CHICAGO MIDWAY AIRPORT, IL US",41.78412,-87.75514,2024-10-03,2024-10-03,26.7,11.7
8431,USW00014819,"CHICAGO MIDWAY AIRPORT, IL US",41.78412,-87.75514,2024-10-04,2024-10-04,22.2,16.1
8432,USW00014819,"CHICAGO MIDWAY AIRPORT, IL US",41.78412,-87.75514,2024-10-05,2024-10-05,30,15.6
8433,USW00014819,"CHICAGO MIDWAY AIRPORT, IL US",41.78412,-87.75514,2024-10-06,2024-10-06,23.9,12.8
8434,USW00014819,"CHICAGO MIDWAY AIRPORT, IL US",41.78412,-87.75514,2024-10-07,2024-10-07,20.6,10
8435,USW00014819,"CHICAGO MIDWAY AIRPORT, IL US",41.78412,-87.75514,2024-10-08,2024-10-08,23.3,10
8436,USW00014819,"CHICAGO MIDWAY AIRPORT, IL US",41.78412,-87.75514,2024-10-09,2024-10-09,21.1,11.7
8437,USW00014819,"CHICAGO MIDWAY AIRPORT, IL US",41.78412,-87.75514,2024-10-10,2024-10-10,22.2,12.8
8438,USW00014819,"CHICAGO MIDWAY AIRPORT, IL US",41.78412,-87.75514,2024-10-11,2024-10-11,28.9,12.2
8439,USW00014819,"CHICAGO MIDWAY AIRPORT, IL US",41.78412,-87.75514,2024-10-12,2024-10-12,21.1,15
8440,USW00014819,"CHICAGO MIDWAY AIRPORT, IL US",41.78412,-87.75514,2024-10-13,2024-10-13,20,10
8441,USW00014819,"CHICAGO MIDWAY AIRPORT, IL US",41.78412,-87.75514,2024-10-14,2024-10-14,14.4,6.7
8442,USW00014819,"CHICAGO MIDWAY AIRPORT, IL US",41.78412,-87.75514,2024-10-15,2024-10-15,9.4,6.1
8443,USW00014819,"CHICAGO MIDWAY AIRPORT, IL US",41.78412,-87.75514,2024-10-16,2024-10-16,14.4,3.3
8444,USW00014819,"CHICAGO MIDWAY AIRPORT, IL US",41.78412,-87.75514,2024-10-17,2024-10-17,18.3,3.3
8445,USW00014819,"CHICAGO MIDWAY AIRPORT, IL US",41.78412,-87.75514,2024-10-18,2024-10-18,20.6,7.2
8446,USW00014819,"CHICAGO MIDWAY AIRPORT, IL US",41.78412,-87.75514,2024-10-19,2024-10-19,22.2,6.7
8447,USW00014819,"CHICAGO MIDWAY AIRPORT, IL US",41.78412,-87.75514,2024-10-20,2024-10-20,26.1,9.4
8448,USW00014819,"CHICAGO MIDWAY AIRPORT, IL US",41.78412,-87.75514,2024-10-21,2024-10-21,27.8,11.7
8449,USW00014819,"CHICAGO MIDWAY AIRPORT, IL US",41.78412,-87.75514,2024-10-22,2024-10-22,23.9,12.8
8450,USW00014819,"CHICAGO MIDWAY AIRPORT, IL US",41.78412,-87.75514,2024-10-23,2024-10-23,18.3,7.8
8451,USW00014819,"CHICAGO MIDWAY AIRPORT, IL US",41.78412,-87.75514,2024-10-24,2024-10-24,18.3,5.6
8452,USW00014819,"CHICAGO MIDWAY AIRPORT, IL US",41.78412,-87.75514,2024-10-25,2024-10-25,20,8.9
8453,USW00014819,"CHICAGO MIDWAY AIRPORT, IL US",41.78412,-87.75514,2024-10-26,2024-10-26,15,7.2
8454,USW00014819,"CHICAGO MIDWAY AIRPORT, IL US",41.78412,-87.75514,2024-10-27,2024-10-27,15,4.4
8455,USW00014819,"CHICAGO MIDWAY AIRPORT, IL US",41.78412,-87.75514,2024-10-28,2024-10-28,20,7.2
8456,USW00014819,"CHICAGO MIDWAY AIRPORT, IL US",41.78412,-87.75514,2024-10-29,2024-10-29,28.3,20
8457,USW00014819,"CHICAGO MIDWAY AIRPORT, IL US",41.78412,-87.75514,2024-10-30,2024-10-30,27.2,20.6
8458,USW00014819,"CHICAGO MIDWAY AIRPORT, IL US",41.78412,-87.75514,2024-10-31,2024-10-31,22.2,6.7
8459,USW00014819,"CHICAGO MIDWAY AIRPORT, IL US",41.78412,-87.75514,2024-11-01,2024-11-01,12.2,3.9
8460,USW00014819,"CHICAGO MIDWAY AIRPORT, IL US",41.78412,-87.75514,2024-11-02,2024-11-02,15,5
8461,USW00014819,"CHICAGO MIDWAY AIRPORT, IL US",41.78412,-87.75514,2024-11-03,2024-11-03,18.3,10
8462,USW00014819,"CHICAGO MIDWAY AIRPORT, IL US",41.78412,-87.75514,2024-11-04,2024-11-04,20.6,17.8
8463,USW00014819,"CHICAGO MIDWAY AIRPORT, IL US",41.78412,-87.75514,2024-11-05,2024-11-05,20,16.1
8464,USW00014819,"CHICAGO MIDWAY AIRPORT, IL US",41.78412,-87.75514,2024-11-06,2024-11-06,16.1,10.6
8465,USW00014819,"CHICAGO MIDWAY AIRPORT, IL US",41.78412,-87.75514,2024-11-07,2024-11-07,15.6,7.2
8466,USW00014819,"CHICAGO MIDWAY AIRPORT, IL US",41.78412,-87.75514,2024-11-08,2024-11-08,17.8,6.1
8467,USW00014819,"CHICAGO MIDWAY AIRPORT, IL US",41.78412,-87.75514,2024-11-09,2024-11-09,13.3,8.9
8468,USW00014819,"CHICAGO MIDWAY AIRPORT, IL US",41.78412,-87.75514,2024-11-10,2024-11-10,17.8,10
8469,USW00014819,"CHICAGO MIDWAY AIRPORT, IL US",41.78412,-87.75514,2024-11-11,2024-11-11,15,7.2
8470,USW00014819,"CHICAGO MIDWAY AIRPORT, IL US",41.78412,-87.75514,2024-11-12,2024-11-12,10,5.6
8471,USW00014819,"CHICAGO MIDWAY AIRPORT, IL US",41.78412,-87.75514,2024-11-13,2024-11-13,11.7,3.9
8472,USW00014819,"CHICAGO MIDWAY AIRPORT, IL US",41.78412,-87.75514,2024-11-14,2024-11-14,12.8,9.4
8473,USW00014819,"CHICAGO MIDWAY AIRPORT, IL US",41.78412,-87.75514,2024-11-15,2024-11-15,12.8,7.2
8474,USW00014819,"CHICAGO MIDWAY AIRPORT, IL US",41.78412,-87.75514,2024-11-16,2024-11-16,11.7,6.7
8475,USW00014819,"CHICAGO MIDWAY AIRPORT, IL US",41.78412,-87.75514,2024-11-17,2024-11-17,15.6,8.3
8476,USW00014819,"CHICAGO MIDWAY AIRPORT, IL US",41.78412,-87.75514,2024-11-18,2024-11-18,16.7,10.6
8477,USW00014819,"CHICAGO MIDWAY AIRPORT, IL US",41.78412,-87.75514,2024-11-19,2024-11-19,18.3,8.3
8478,USW00014819,"CHICAGO MIDWAY AIRPORT, IL US",41.78412,-87.75514,2024-11-20,2024-11-20,10,1.1
8479,USW00014819,"CHICAGO MIDWAY AIRPORT, IL US",41.78412,-87.75514,2024-11-21,2024-11-21,4.4,-0.5
8480,USW00014819,"CHICAGO MIDWAY AIRPORT, IL US",41.78412,-87.75514,2024-11-22,2024-11-22,8.9,2.2
8481,USW00014819,"CHICAGO MIDWAY AIRPORT, IL US",41.78412,-87.75514,2024-11-23,2024-11-23,7.2,3.3
8482,USW00014819,"CHICAGO MIDWAY AIRPORT, IL US",41.78412,-87.75514,2024-11-24,2024-11-24,12.2,3.3
8483,USW00014819,"CHICAGO MIDWAY AIRPORT, IL US",41.78412,-87.75514,2024-11-25,2024-11-25,12.8,2.8
8484,USW00014819,"CHICAGO MIDWAY AIRPORT, IL US",41.78412,-87.75514,2024-11-26,2024-11-26,4.4,-2.7
8485,USW00014819,"CHICAGO MIDWAY AIRPORT, IL US",41.78412,-87.75514,2024-11-27,2024-11-27,6.7,2.2
8486,USW00014819,"CHICAGO MIDWAY AIRPORT, IL US",41.78412,-87.75514,2024-11-28,2024-11-28,3.9,-2.1
8487,USW00014819,"CHICAGO MIDWAY AIRPORT, IL US",41.78412,-87.75514,2024-11-29,2024-11-29,-1.6,-7.1
8488,USW00014819,"CHICAGO MIDWAY AIRPORT, IL US",41.78412,-87.75514,2024-11-30,2024-11-30,-3.2,-9.3
8489,USW00014819,"CHICAGO MIDWAY AIRPORT, IL US",41.78412,-87.75514,2024-12-01,2024-12-01,-2.1,-9.9
8490,USW00014819,"CHICAGO MIDWAY AIRPORT, IL US",41.78412,-87.75514,2024-12-02,2024-12-02,-2.1,-9.9
8491,USW00014819,"CHICAGO MIDWAY AIRPORT, IL US",41.78412,-87.75514,2024-12-03,2024-12-03,0,-7.7
8492,USW00014819,"CHICAGO MIDWAY AIRPORT, IL US",41.78412,-87.75514,2024-12-04,2024-12-04,4.4,-7.7
8493,USW00014819,"CHICAGO MIDWAY AIRPORT, IL US",41.78412,-87.75514,2024-12-05,2024-12-05,-1.6,-10.5
8494,USW00014819,"CHICAGO MIDWAY AIRPORT, IL US",41.78412,-87.75514,2024-12-06,2024-12-06,0.6,-9.3
8495,USW00014819,"CHICAGO MIDWAY AIRPORT, IL US",41.78412,-87.75514,2024-12-07,2024-12-07,10.6,-3.8
8496,USW00014819,"CHICAGO MIDWAY AIRPORT, IL US",41.78412,-87.75514,2024-12-08,2024-12-08,13.9,4.4
8497,USW00014819,"CHICAGO MIDWAY AIRPORT, IL US",41.78412,-87.75514,2024-12-09,2024-12-09,12.8,7.2
8498,USW00014819,"CHICAGO MIDWAY AIRPORT, IL US",41.78412,-87.75514,2024-12-10,2024-12-10,7.2,-0.5
8499,USW00014819,"CHICAGO MIDWAY AIRPORT, IL US",41.78412,-87.75514,2024-12-11,2024-12-11,0.6,-10.5
8500,USW00014819,"CHICAGO MIDWAY AIRPORT, IL US",41.78412,-87.75514,2024-12-12,2024-12-12,-8.8,-14.9
8501,USW00014819,"CHICAGO MIDWAY AIRPORT, IL US",41.78412,-87.75514,2024-12-13,2024-12-13,-2.1,-12.7
8502,USW00014819,"CHICAGO MIDWAY AIRPORT, IL US",41.78412,-87.75514,2024-12-14,2024-12-14,5,-3.2
8503,USW00014819,"CHICAGO MIDWAY AIRPORT, IL US",41.78412,-87.75514,2024-12-15,2024-12-15,7.8,4.4
8504,USW00014819,"CHICAGO MIDWAY AIRPORT, IL US",41.78412,-87.75514,2024-12-16,2024-12-16,12.2,2.8
8505,USW00014819,"CHICAGO MIDWAY AIRPORT, IL US",41.78412,-87.75514,2024-12-17,2024-12-17,3.9,0.6
8506,USW00014819,"CHICAGO MIDWAY AIRPORT, IL US",41.78412,-87.75514,2024-12-18,2024-12-18,2.8,-2.7
8507,USW00014819,"CHICAGO MIDWAY AIRPORT, IL US",41.78412,-87.75514,2024-12-19,2024-12-19,1.1,-2.7
8508,USW00014819,"CHICAGO MIDWAY AIRPORT, IL US",41.78412,-87.75514,2024-12-20,2024-12-20,2.2,-4.3
8509,USW00014819,"CHICAGO MIDWAY AIRPORT, IL US",41.78412,-87.75514,2024-12-21,2024-12-21,-1.6,-8.2
8510,USW00014819,"CHICAGO MIDWAY AIRPORT, IL US",41.78412,-87.75514,2024-12-22,2024-12-22,1.1,-8.2
8511,USW00014819,"CHICAGO MIDWAY AIRPORT, IL US",41.78412,-87.75514,2024-12-23,2024-12-23,5.6,0.6
8512,USW00014819,"CHICAGO MIDWAY AIRPORT, IL US",41.78412,-87.75514,2024-12-24,2024-12-24,3.9,1.7
8513,USW00014819,"CHICAGO MIDWAY AIRPORT, IL US",41.78412,-87.75514,2024-12-25,2024-12-25,3.9,1.1
8514,USW00014819,"CHICAGO MIDWAY AIRPORT, IL US",41.78412,-87.75514,2024-12-26,2024-12-26,9.4,3.9
8515,USW00014819,"CHICAGO MIDWAY AIRPORT, IL US",41.78412,-87.75514,2024-12-27,2024-12-27,12.2,8.3
8516,USW00014819,"CHICAGO MIDWAY AIRPORT, IL US",41.78412,-87.75514,2024-12-28,2024-12-28,11.7,7.2
8517,USW00014819,"CHICAGO MIDWAY AIRPORT, IL US",41.78412,-87.75514,2024-12-29,2024-12-29,9.4,3.3
8518,USW00014819,"CHICAGO MIDWAY AIRPORT, IL US",41.78412,-87.75514,2024-12-30,2024-12-30,5.6,1.1
8519,USW00014819,"CHICAGO MIDWAY AIRPORT, IL US",41.78412,-87.75514,2024-12-31,2024-12-31,6.1,1.7
